family,split,train_blocks,test_blocks,selected_trial,is_sharpe,oos_sharpe,oos_percentile,logit,below_oos_median
sma-price,1,0;1;2;3,4;5;6;7,sma-price__period-250,-0.633697194956479,,0.125,-1.9459101490553135,True
sma-price,2,0;1;2;4,3;5;6;7,sma-price__period-50,0.2678782696060202,0.654917748187278,0.375,-0.5108256237659907,True
sma-price,3,0;1;2;5,3;4;6;7,sma-price__period-50,-0.4065333244533673,0.9095415805551994,0.375,-0.5108256237659907,True
sma-price,4,0;1;2;6,3;4;5;7,sma-price__period-200,0.6661085804730125,0.3852084318203121,0.375,-0.5108256237659907,True
sma-price,5,0;1;2;7,3;4;5;6,sma-price__period-50,0.08604856639070696,0.7467458047184181,0.125,-1.9459101490553135,True
sma-price,6,0;1;3;4,2;5;6;7,sma-price__period-200,0.37059872866501825,0.5399640526651927,0.7,0.8472978603872034,False
sma-price,7,0;1;3;5,2;4;6;7,sma-price__period-200,-0.33851153494175584,0.8299582158831723,0.7,0.8472978603872034,False
sma-price,8,0;1;3;6,2;4;5;7,sma-price__period-200,1.0292760024986252,0.23638921229311263,0.7,0.8472978603872034,False
sma-price,9,0;1;3;7,2;4;5;6,sma-price__period-100,-0.024712781057643983,0.6812898611807445,0.3,-0.8472978603872036,True
sma-price,10,0;1;4;5,2;3;6;7,sma-price__period-50,0.3757948805869735,0.5460591798918868,0.3,-0.8472978603872036,True
sma-price,11,0;1;4;6,2;3;5;7,sma-price__period-200,1.0993786143505788,-0.11826150516187767,0.9,2.1972245773362196,False
sma-price,12,0;1;4;7,2;3;5;6,sma-price__period-50,0.5911526395203804,0.2731547587807787,0.3,-0.8472978603872036,True
sma-price,13,0;1;5;6,2;3;4;7,sma-price__period-200,0.7727685927940123,0.2750395494657341,0.5,0.0,True
sma-price,14,0;1;5;7,2;3;4;6,sma-price__period-50,0.21749746120738786,0.6523230457807395,0.3,-0.8472978603872036,True
sma-price,15,0;1;6;7,2;3;4;5,sma-price__period-50,0.8937953615224593,0.03435183942876737,0.5,0.0,True
sma-price,16,0;2;3;4,1;5;6;7,sma-price__period-150,0.31213094653575796,0.3621250550572337,0.125,-1.9459101490553135,True
sma-price,17,0;2;3;5,1;4;6;7,sma-price__period-200,-0.498461629504996,0.9385517126866924,0.625,0.5108256237659907,False
sma-price,18,0;2;3;6,1;4;5;7,sma-price__period-150,0.8306767198863714,0.09372961515657444,0.125,-1.9459101490553135,True
sma-price,19,0;2;3;7,1;4;5;6,sma-price__period-100,-0.17219745250667912,0.8147022163632555,0.375,-0.5108256237659907,True
sma-price,20,0;2;4;5,1;3;6;7,sma-price__period-50,0.2318885494684005,0.7000208046634873,0.625,0.5108256237659907,False
sma-price,21,0;2;4;6,1;3;5;7,sma-price__period-150,0.9842094405264098,-0.31503840413914785,0.125,-1.9459101490553135,True
sma-price,22,0;2;4;7,1;3;5;6,sma-price__period-50,0.4671555416673781,0.47139877282850856,0.125,-1.9459101490553135,True
sma-price,23,0;2;5;6,1;3;4;7,sma-price__period-200,0.5876628170471458,0.38353959381058983,0.375,-0.5108256237659907,True
sma-price,24,0;2;5;7,1;3;4;6,sma-price__period-50,0.04596378062958097,0.7855205661862539,0.125,-1.9459101490553135,True
sma-price,25,0;2;6;7,1;3;4;5,sma-price__period-50,0.7438813744944521,0.18197496258303053,0.625,0.5108256237659907,False
sma-price,26,0;3;4;5,1;2;6;7,sma-price__period-200,0.35555766137787326,0.5538658717103139,0.7,0.8472978603872034,False
sma-price,27,0;3;4;6,1;2;5;7,sma-price__period-200,1.1677742539600848,-0.17718433611740006,0.7,0.8472978603872034,False
sma-price,28,0;3;4;7,1;2;5;6,sma-price__period-100,0.5024338610791506,0.17912379846919846,0.3,-0.8472978603872036,True
sma-price,29,0;3;5;6,1;2;4;7,sma-price__period-200,0.8557927748246416,0.22219187922708508,0.7,0.8472978603872034,False
sma-price,30,0;3;5;7,1;2;4;6,sma-price__period-100,0.0328307294795617,0.6635765981790885,0.3,-0.8472978603872036,True
sma-price,31,0;3;6;7,1;2;4;5,sma-price__period-100,0.8155457921767594,-0.13341068709747095,0.3,-0.8472978603872036,True
sma-price,32,0;4;5;6,1;2;3;7,sma-price__period-200,1.018253537548836,-0.17534549787393028,0.7,0.8472978603872034,False
sma-price,33,0;4;5;7,1;2;3;6,sma-price__period-50,0.5577965244606142,0.3270162891371894,0.5,0.0,True
sma-price,34,0;4;6;7,1;2;3;5,sma-price__period-50,1.0572042123837297,-0.7924651678586285,0.3,-0.8472978603872036,True
sma-price,35,0;5;6;7,1;2;3;4,sma-price__period-50,0.8469464015437075,0.06828696300908009,0.5,0.0,True
sma-price,36,1;2;3;4,0;5;6;7,sma-price__period-200,0.23453466025315056,0.6314625688978207,0.5,0.0,True
sma-price,37,1;2;3;5,0;4;6;7,sma-price__period-250,-0.37898003465858227,-0.7357627514043484,0.1,-2.197224577336219,True
sma-price,38,1;2;3;6,0;4;5;7,sma-price__period-200,0.8073001792597965,0.31483299138107734,0.5,0.0,True
sma-price,39,1;2;3;7,0;4;5;6,sma-price__period-50,-0.15882380904504811,0.9144233727662225,0.3,-0.8472978603872036,True
sma-price,40,1;2;4;5,0;3;6;7,sma-price__period-50,0.2840300929263725,0.6472322632220004,0.5,0.0,True
sma-price,41,1;2;4;6,0;3;5;7,sma-price__period-200,0.9680770018979834,-0.0309993145874166,0.7,0.8472978603872034,False
sma-price,42,1;2;4;7,0;3;5;6,sma-price__period-50,0.511231142951885,0.40240697599390973,0.3,-0.8472978603872036,True
sma-price,43,1;2;5;6,0;3;4;7,sma-price__period-200,0.6210605784314253,0.36155914742014417,0.5,0.0,True
sma-price,44,1;2;5;7,0;3;4;6,sma-price__period-50,0.10928550552342936,0.7397615626948075,0.3,-0.8472978603872036,True
sma-price,45,1;2;6;7,0;3;4;5,sma-price__period-50,0.7946961880260355,0.12785099886474527,0.3,-0.8472978603872036,True
sma-price,46,1;3;4;5,0;2;6;7,sma-price__period-200,0.3845739004903021,0.5300778585726071,0.5,0.0,True
sma-price,47,1;3;4;6,0;2;5;7,sma-price__period-200,1.199561759891492,-0.19886982084630325,0.7,0.8472978603872034,False
sma-price,48,1;3;4;7,0;2;5;6,sma-price__period-50,0.4265460211458835,0.5293263791724218,0.5,0.0,True
sma-price,49,1;3;5;6,0;2;4;7,sma-price__period-200,0.8940964938154908,0.2014934755477158,0.3,-0.8472978603872036,True
sma-price,50,1;3;5;7,0;2;4;6,sma-price__period-200,-0.007656710395122297,0.9391649234057922,0.7,0.8472978603872034,False
sma-price,51,1;3;6;7,0;2;4;5,sma-price__period-200,0.7412812657787652,0.1489283615888306,0.5,0.0,True
sma-price,52,1;4;5;6,0;2;3;7,sma-price__period-200,1.0451681601444571,-0.19970309361950037,0.5,0.0,True
sma-price,53,1;4;5;7,0;2;3;6,sma-price__period-50,0.6008727297435917,0.25342911831952963,0.3,-0.8472978603872036,True
sma-price,54,1;4;6;7,0;2;3;5,sma-price__period-50,1.0956023373112407,-0.914829520229881,0.1,-2.197224577336219,True
sma-price,55,1;5;6;7,0;2;3;4,sma-price__period-50,0.896130317227839,0.012207610588432673,0.3,-0.8472978603872036,True
sma-price,56,2;3;4;5,0;1;6;7,sma-price__period-200,0.2424515052889444,0.6559426645933715,0.5,0.0,True
sma-price,57,2;3;4;6,0;1;5;7,sma-price__period-150,1.0478596723630933,-0.37171860201768164,0.3,-0.8472978603872036,True
sma-price,58,2;3;4;7,0;1;5;6,sma-price__period-50,0.30022858843004574,0.7190080512811264,0.7,0.8472978603872034,False
sma-price,59,2;3;5;6,0;1;4;7,sma-price__period-200,0.6991907854554047,0.30722264162789226,0.5,0.0,True
sma-price,60,2;3;5;7,0;1;4;6,sma-price__period-200,-0.11826150516187767,1.0993786143505788,0.9,2.1972245773362196,False
sma-price,61,2;3;6;7,0;1;4;5,sma-price__period-200,0.6116757697743808,0.2852397290659399,0.7,0.8472978603872034,False
sma-price,62,2;4;5;6,0;1;3;7,sma-price__period-200,0.9060423116740747,-0.07902484670839581,0.5,0.0,True
sma-price,63,2;4;5;7,0;1;3;6,sma-price__period-50,0.4787553719572138,0.46039519709016513,0.3,-0.8472978603872036,True
sma-price,64,2;4;6;7,0;1;3;5,sma-price__period-50,0.9817540757813079,-0.6328654956362265,0.7,0.8472978603872034,False
sma-price,65,2;5;6;7,0;1;3;4,sma-price__period-50,0.749551616069248,0.1632728298851271,0.3,-0.8472978603872036,True
sma-price,66,3;4;5;6,0;1;2;7,sma-price__period-200,1.106258763307463,-0.2654630681211079,0.7,0.8472978603872034,False
sma-price,67,3;4;5;7,0;1;2;6,sma-price__period-100,0.43224151868653204,0.2742268869437927,0.3,-0.8472978603872036,True
sma-price,68,3;4;6;7,0;1;2;5,sma-price__period-100,1.0479344595729068,-1.0560526408173445,0.1,-2.197224577336219,True
sma-price,69,3;5;6;7,0;1;2;4,sma-price__period-100,0.7149108526708151,-0.0903765487873909,0.3,-0.8472978603872036,True
sma-price,70,4;5;6;7,0;1;2;3,sma-price__period-50,1.0609079237221384,-0.900175964502847,0.7,0.8472978603872034,False
ema-price,1,0;1;2;3,4;5;6;7,ema-price__period-250,-0.5767043987392856,0.9333905993895071,0.9,2.1972245773362196,False
ema-price,2,0;1;2;4,3;5;6;7,ema-price__period-150,0.19027588148103605,0.5912568230561245,0.5,0.0,True
ema-price,3,0;1;2;5,3;4;6;7,ema-price__period-250,-0.06663373080807909,0.8405203973216887,0.5,0.0,True
ema-price,4,0;1;2;6,3;4;5;7,ema-price__period-250,0.9893897808713992,0.2628872696192219,0.7,0.8472978603872034,False
ema-price,5,0;1;2;7,3;4;5;6,ema-price__period-250,-0.019094295305977175,1.4202820441077935,0.9,2.1972245773362196,False
ema-price,6,0;1;3;4,2;5;6;7,ema-price__period-150,0.33635414360288746,0.4879833203948239,0.5,0.0,True
ema-price,7,0;1;3;5,2;4;6;7,ema-price__period-250,0.1429926401996481,0.7722380828001171,0.3,-0.8472978603872036,True
ema-price,8,0;1;3;6,2;4;5;7,ema-price__period-250,1.142865999649493,0.19642483649303616,0.7,0.8472978603872034,False
ema-price,9,0;1;3;7,2;4;5;6,ema-price__period-250,0.042389724577264865,1.259232278248505,0.9,2.1972245773362196,False
ema-price,10,0;1;4;5,2;3;6;7,ema-price__period-50,0.2030441910852704,0.4130348646124705,0.1,-2.197224577336219,True
ema-price,11,0;1;4;6,2;3;5;7,ema-price__period-250,1.142865999649493,0.19642483649303616,0.9,2.1972245773362196,False
ema-price,12,0;1;4;7,2;3;5;6,ema-price__period-150,0.2886462128679359,0.6187238218755011,0.5,0.0,True
ema-price,13,0;1;5;6,2;3;4;7,ema-price__period-250,1.264141651933485,0.07245641014981449,0.3,-0.8472978603872036,True
ema-price,14,0;1;5;7,2;3;4;6,ema-price__period-250,0.16943080260597282,1.1398043408716216,0.9,2.1972245773362196,False
ema-price,15,0;1;6;7,2;3;4;5,ema-price__period-250,0.7563464383502735,0.20750875855743192,0.9,2.1972245773362196,False
ema-price,16,0;2;3;4,1;5;6;7,ema-price__period-150,0.3482540033198166,0.47932800576031637,0.3,-0.8472978603872036,True
ema-price,17,0;2;3;5,1;4;6;7,ema-price__period-250,-0.06669124873968589,0.8397909494840673,0.3,-0.8472978603872036,True
ema-price,18,0;2;3;6,1;4;5;7,ema-price__period-250,0.9902471357629958,0.2626596988819108,0.7,0.8472978603872034,False
ema-price,19,0;2;3;7,1;4;5;6,ema-price__period-250,-0.019110777146512655,1.4190430416275892,0.9,2.1972245773362196,False
ema-price,20,0;2;4;5,1;3;6;7,ema-price__period-150,0.1356670450683025,0.6708549284652333,0.5,0.0,True
ema-price,21,0;2;4;6,1;3;5;7,ema-price__period-150,1.0368839641949052,-0.2046183602241679,0.5,0.0,True
ema-price,22,0;2;4;7,1;3;5;6,ema-price__period-150,0.30178079169602345,0.6211823235275646,0.5,0.0,True
ema-price,23,0;2;5;6,1;3;4;7,ema-price__period-250,1.1159678023600248,0.13711740349347318,0.3,-0.8472978603872036,True
ema-price,24,0;2;5;7,1;3;4;6,ema-price__period-250,0.10620112534550738,1.3058936586463876,0.9,2.1972245773362196,False
ema-price,25,0;2;6;7,1;3;4;5,ema-price__period-250,0.6909309504867597,0.5591146760346113,0.9,2.1972245773362196,False
ema-price,26,0;3;4;5,1;2;6;7,ema-price__period-150,0.2567846542942556,0.5546094658518579,0.7,0.8472978603872034,False
ema-price,27,0;3;4;6,1;2;5;7,ema-price__period-150,1.187629700041188,-0.2955637981352691,0.5,0.0,True
ema-price,28,0;3;4;7,1;2;5;6,ema-price__period-150,0.3998103694225801,0.4590819634156042,0.5,0.0,True
ema-price,29,0;3;5;6,1;2;4;7,ema-price__period-250,1.265241685778038,0.07239381187650158,0.3,-0.8472978603872036,True
ema-price,30,0;3;5;7,1;2;4;6,ema-price__period-250,0.16957732159339062,1.1388145468898931,0.9,2.1972245773362196,False
ema-price,31,0;3;6;7,1;2;4;5,ema-price__period-250,0.7570019223084025,0.20732945567558936,0.9,2.1972245773362196,False
ema-price,32,0;4;5;6,1;2;3;7,ema-price__period-250,1.265241685778038,0.07239381187650158,0.9,2.1972245773362196,False
ema-price,33,0;4;5;7,1;2;3;6,ema-price__period-150,0.2456829065663322,0.7917296667448502,0.5,0.0,True
ema-price,34,0;4;6;7,1;2;3;5,ema-price__period-150,0.9418970519113855,-0.6783426839082531,0.7,0.8472978603872034,False
ema-price,35,0;5;6;7,1;2;3;4,ema-price__period-250,0.8508683454962012,-0.2594066166037033,0.3,-0.8472978603872036,True
ema-price,36,1;2;3;4,0;5;6;7,ema-price__period-150,0.25189548878485196,0.5465643715794916,0.5,0.0,True
ema-price,37,1;2;3;5,0;4;6;7,ema-price__period-250,0.20732945567558936,0.7570019223084025,0.3,-0.8472978603872036,True
ema-price,38,1;2;3;6,0;4;5;7,ema-price__period-250,1.1388145468898931,0.16957732159339062,0.5,0.0,True
ema-price,39,1;2;3;7,0;4;5;6,ema-price__period-250,0.07239381187650158,1.265241685778038,0.9,2.1972245773362196,False
ema-price,40,1;2;4;5,0;3;6;7,ema-price__period-250,0.20732945567558936,0.7570019223084025,0.9,2.1972245773362196,False
ema-price,41,1;2;4;6,0;3;5;7,ema-price__period-250,1.1388145468898931,0.16957732159339062,0.9,2.1972245773362196,False
ema-price,42,1;2;4;7,0;3;5;6,ema-price__period-150,0.23624576508936543,0.7230351197049736,0.5,0.0,True
ema-price,43,1;2;5;6,0;3;4;7,ema-price__period-250,1.2581375347710697,0.04242637808478058,0.3,-0.8472978603872036,True
ema-price,44,1;2;5;7,0;3;4;6,ema-price__period-250,0.19625511395934475,1.1438593513516295,0.5,0.0,True
ema-price,45,1;2;6;7,0;3;4;5,ema-price__period-250,0.7715693441126238,0.14311629213661953,0.7,0.8472978603872034,False
ema-price,46,1;3;4;5,0;2;6;7,ema-price__period-250,0.5591146760346113,0.6909309504867597,0.9,2.1972245773362196,False
ema-price,47,1;3;4;6,0;2;5;7,ema-price__period-250,1.3058936586463876,0.10620112534550738,0.9,2.1972245773362196,False
ema-price,48,1;3;4;7,0;2;5;6,ema-price__period-150,0.3321687673097968,0.5542224318868392,0.5,0.0,True
ema-price,49,1;3;5;6,0;2;4;7,ema-price__period-250,1.4190430416275892,-0.019110777146512655,0.3,-0.8472978603872036,True
ema-price,50,1;3;5;7,0;2;4;6,ema-price__period-250,0.2626596988819108,0.9902471357629958,0.7,0.8472978603872034,False
ema-price,51,1;3;6;7,0;2;4;5,ema-price__period-250,0.8397909494840673,-0.06669124873968589,0.5,0.0,True
ema-price,52,1;4;5;6,0;2;3;7,ema-price__period-250,1.4190430416275892,-0.019110777146512655,0.9,2.1972245773362196,False
ema-price,53,1;4;5;7,0;2;3;6,ema-price__period-50,0.29843038195899346,0.3460112046595106,0.1,-2.197224577336219,True
ema-price,54,1;4;6;7,0;2;3;5,ema-price__period-150,0.8812856295110838,-0.5429950317682334,0.7,0.8472978603872034,False
ema-price,55,1;5;6;7,0;2;3;4,ema-price__period-250,0.9325800246777144,-0.5772028586525131,0.3,-0.8472978603872036,True
ema-price,56,2;3;4;5,0;1;6;7,ema-price__period-250,0.20750875855743192,0.7563464383502735,0.9,2.1972245773362196,False
ema-price,57,2;3;4;6,0;1;5;7,ema-price__period-250,1.1398043408716216,0.16943080260597282,0.9,2.1972245773362196,False
ema-price,58,2;3;4;7,0;1;5;6,ema-price__period-150,0.34430643177201353,0.5530236459233081,0.5,0.0,True
ema-price,59,2;3;5;6,0;1;4;7,ema-price__period-250,1.259232278248505,0.042389724577264865,0.3,-0.8472978603872036,True
ema-price,60,2;3;5;7,0;1;4;6,ema-price__period-250,0.19642483649303616,1.142865999649493,0.9,2.1972245773362196,False
ema-price,61,2;3;6;7,0;1;4;5,ema-price__period-250,0.7722380828001171,0.1429926401996481,0.7,0.8472978603872034,False
ema-price,62,2;4;5;6,0;1;3;7,ema-price__period-250,1.259232278248505,0.042389724577264865,0.9,2.1972245773362196,False
ema-price,63,2;4;5;7,0;1;3;6,ema-price__period-150,0.19818597885674932,0.9465085269548136,0.5,0.0,True
ema-price,64,2;4;6;7,0;1;3;5,ema-price__period-150,0.8825171961111168,-0.6579771211090176,0.7,0.8472978603872034,False
ema-price,65,2;5;6;7,0;1;3;4,ema-price__period-250,0.8647552778315327,-0.7513609570065234,0.3,-0.8472978603872036,True
ema-price,66,3;4;5;6,0;1;2;7,ema-price__period-250,1.4202820441077935,-0.019094295305977175,0.9,2.1972245773362196,False
ema-price,67,3;4;5;7,0;1;2;6,ema-price__period-150,0.2858768720791951,0.7105156259493021,0.5,0.0,True
ema-price,68,3;4;6;7,0;1;2;5,ema-price__period-100,0.9988965627674743,-1.1168315962447104,0.1,-2.197224577336219,True
ema-price,69,3;5;6;7,0;1;2;4,ema-price__period-250,0.9333905993895071,-0.5767043987392856,0.3,-0.8472978603872036,True
ema-price,70,4;5;6;7,0;1;2;3,ema-price__period-250,0.9333905993895071,-0.5767043987392856,0.9,2.1972245773362196,False
dual-ma,1,0;1;2;3,4;5;6;7,dual-ma__fast-20-slow-100,-0.494665313586228,0.5031484198513809,0.25,-1.0986122886681098,True
dual-ma,2,0;1;2;4,3;5;6;7,dual-ma__fast-50-slow-100,-0.043623251254116396,0.44521539528138265,0.4166666666666667,-0.33647223662121273,True
dual-ma,3,0;1;2;5,3;4;6;7,dual-ma__fast-20-slow-100,-0.2897137772889349,0.5310908204771738,0.25,-1.0986122886681098,True
dual-ma,4,0;1;2;6,3;4;5;7,dual-ma__fast-20-slow-100,0.6766930768094371,-0.06593722972943654,0.4166666666666667,-0.33647223662121273,True
dual-ma,5,0;1;2;7,3;4;5;6,dual-ma__fast-10-slow-50,0.04863945741631697,0.19606445084072793,0.08333333333333333,-2.3978952727983707,True
dual-ma,6,0;1;3;4,2;5;6;7,dual-ma__fast-20-slow-100,0.005276404809699541,0.3514834230400861,0.25,-1.0986122886681098,True
dual-ma,7,0;1;3;5,2;4;6;7,dual-ma__fast-20-slow-100,-0.19044089221560523,0.44864842578481035,0.25,-1.0986122886681098,True
dual-ma,8,0;1;3;6,2;4;5;7,dual-ma__fast-20-slow-100,0.855852926794197,-0.13200315530932485,0.25,-1.0986122886681098,True
dual-ma,9,0;1;3;7,2;4;5;6,dual-ma__fast-50-slow-200,0.07246141679458572,0.5439131881118279,0.5833333333333334,0.336472236621213,False
dual-ma,10,0;1;4;5,2;3;6;7,dual-ma__fast-20-slow-100,0.02847561555562193,0.368382938762593,0.25,-1.0986122886681098,True
dual-ma,11,0;1;4;6,2;3;5;7,dual-ma__fast-20-slow-100,0.8694529545677631,-0.2672270216490845,0.25,-1.0986122886681098,True
dual-ma,12,0;1;4;7,2;3;5;6,dual-ma__fast-50-slow-200,0.1265115582590217,0.5043385012890702,0.5833333333333334,0.336472236621213,False
dual-ma,13,0;1;5;6,2;3;4;7,dual-ma__fast-20-slow-100,0.7136544034827551,-0.16373666505940213,0.25,-1.0986122886681098,True
dual-ma,14,0;1;5;7,2;3;4;6,dual-ma__fast-50-slow-200,0.061600332843459726,0.6711931381988395,0.5833333333333334,0.336472236621213,False
dual-ma,15,0;1;6;7,2;3;4;5,dual-ma__fast-10-slow-50,0.7506730616371532,-0.8018127746934257,0.08333333333333333,-2.3978952727983707,True
dual-ma,16,0;2;3;4,1;5;6;7,dual-ma__fast-50-slow-100,0.4432727171298958,0.22035670405367366,0.25,-1.0986122886681098,True
dual-ma,17,0;2;3;5,1;4;6;7,dual-ma__fast-50-slow-100,-0.05867251838949056,0.4532867515762101,0.4166666666666667,-0.33647223662121273,True
dual-ma,18,0;2;3;6,1;4;5;7,dual-ma__fast-20-slow-100,0.9152422472908334,-0.1744620645928478,0.25,-1.0986122886681098,True
dual-ma,19,0;2;3;7,1;4;5;6,dual-ma__fast-10-slow-50,0.02455959159525288,0.21468740750960355,0.25,-1.0986122886681098,True
dual-ma,20,0;2;4;5,1;3;6;7,dual-ma__fast-50-slow-100,0.30111519938371556,0.2551000275665272,0.25,-1.0986122886681098,True
dual-ma,21,0;2;4;6,1;3;5;7,dual-ma__fast-50-slow-100,1.0618958377263945,-0.3252467746116202,0.25,-1.0986122886681098,True
dual-ma,22,0;2;4;7,1;3;5;6,dual-ma__fast-50-slow-100,0.15800862847405472,0.40967401633291417,0.4166666666666667,-0.33647223662121273,True
dual-ma,23,0;2;5;6,1;3;4;7,dual-ma__fast-20-slow-100,0.7645186106920481,-0.21109189778753198,0.4166666666666667,-0.33647223662121273,True
dual-ma,24,0;2;5;7,1;3;4;6,dual-ma__fast-10-slow-50,0.11355044488106189,0.12753518778068135,0.08333333333333333,-2.3978952727983707,True
dual-ma,25,0;2;6;7,1;3;4;5,dual-ma__fast-10-slow-50,0.8737088623844849,-0.9721736801001986,0.08333333333333333,-2.3978952727983707,True
dual-ma,26,0;3;4;5,1;2;6;7,dual-ma__fast-50-slow-100,0.3665308759148522,0.227318753408823,0.25,-1.0986122886681098,True
dual-ma,27,0;3;4;6,1;2;5;7,dual-ma__fast-50-slow-100,1.188487555080045,-0.3294016606846343,0.4166666666666667,-0.33647223662121273,True
dual-ma,28,0;3;4;7,1;2;5;6,dual-ma__fast-50-slow-100,0.18676525322586796,0.3587195976984263,0.4166666666666667,-0.33647223662121273,True
dual-ma,29,0;3;5;6,1;2;4;7,dual-ma__fast-20-slow-100,0.9176682070100529,-0.2755867713202866,0.25,-1.0986122886681098,True
dual-ma,30,0;3;5;7,1;2;4;6,dual-ma__fast-50-slow-200,0.061653597786080476,0.6706122382204939,0.5833333333333334,0.336472236621213,False
dual-ma,31,0;3;6;7,1;2;4;5,dual-ma__fast-10-slow-50,0.7484507045220803,-0.7298796150664493,0.08333333333333333,-2.3978952727983707,True
dual-ma,32,0;4;5;6,1;2;3;7,dual-ma__fast-50-slow-100,0.9626290462988334,-0.3547233410202778,0.4166666666666667,-0.33647223662121273,True
dual-ma,33,0;4;5;7,1;2;3;6,dual-ma__fast-50-slow-100,0.15328673057327416,0.45556214999378986,0.4166666666666667,-0.33647223662121273,True
dual-ma,34,0;4;6;7,1;2;3;5,dual-ma__fast-10-slow-50,0.7499161595035307,-1.0966369948099766,0.08333333333333333,-2.3978952727983707,True
dual-ma,35,0;5;6;7,1;2;3;4,dual-ma__fast-10-slow-50,0.7952377089435781,-0.9314365601757733,0.08333333333333333,-2.3978952727983707,True
dual-ma,36,1;2;3;4,0;5;6;7,dual-ma__fast-50-slow-100,-0.04366090626413229,0.44482979272689727,0.5833333333333334,0.336472236621213,False
dual-ma,37,1;2;3;5,0;4;6;7,dual-ma__fast-100-slow-200,-0.18716912568917318,0.4756121988468733,0.25,-1.0986122886681098,True
dual-ma,38,1;2;3;6,0;4;5;7,dual-ma__fast-20-slow-100,0.6793328474547905,-0.0663483945391209,0.25,-1.0986122886681098,True
dual-ma,39,1;2;3;7,0;4;5;6,dual-ma__fast-100-slow-200,0.11024526508643567,0.39883532503009006,0.25,-1.0986122886681098,True
dual-ma,40,1;2;4;5,0;3;6;7,dual-ma__fast-50-slow-100,-0.05218226362076913,0.5044574052513673,0.5833333333333334,0.336472236621213,False
dual-ma,41,1;2;4;6,0;3;5;7,dual-ma__fast-20-slow-100,0.7277754543943569,-0.20138206093050964,0.25,-1.0986122886681098,True
dual-ma,42,1;2;4;7,0;3;5;6,dual-ma__fast-100-slow-200,0.12863163475251355,0.387271559097046,0.25,-1.0986122886681098,True
dual-ma,43,1;2;5;6,0;3;4;7,dual-ma__fast-20-slow-100,0.5855765572284266,-0.09233240051109408,0.25,-1.0986122886681098,True
dual-ma,44,1;2;5;7,0;3;4;6,dual-ma__fast-100-slow-200,0.09552335202358386,0.5198591523314919,0.4166666666666667,-0.33647223662121273,True
dual-ma,45,1;2;6;7,0;3;4;5,dual-ma__fast-10-slow-50,0.6535427539483284,-0.6698421405026282,0.08333333333333333,-2.3978952727983707,True
dual-ma,46,1;3;4;5,0;2;6;7,dual-ma__fast-50-slow-200,0.09324533504807415,0.4247921951530332,0.5833333333333334,0.336472236621213,False
dual-ma,47,1;3;4;6,0;2;5;7,dual-ma__fast-50-slow-200,1.0466924439006056,-0.13219237049740332,0.4166666666666667,-0.33647223662121273,True
dual-ma,48,1;3;4;7,0;2;5;6,dual-ma__fast-50-slow-200,0.2753015852713205,0.32667562504464565,0.4166666666666667,-0.33647223662121273,True
dual-ma,49,1;3;5;6,0;2;4;7,dual-ma__fast-50-slow-200,0.8027165681531077,-0.08617998431909477,0.4166666666666667,-0.33647223662121273,True
dual-ma,50,1;3;5;7,0;2;4;6,dual-ma__fast-50-slow-200,0.1970354407603351,0.4600773194161147,0.4166666666666667,-0.33647223662121273,True
dual-ma,51,1;3;6;7,0;2;4;5,dual-ma__fast-50-slow-200,0.760719371277151,-0.46704970579247934,0.08333333333333333,-2.3978952727983707,True
dual-ma,52,1;4;5;6,0;2;3;7,dual-ma__fast-50-slow-200,0.8269499262484166,-0.14622491951199848,0.4166666666666667,-0.33647223662121273,True
dual-ma,53,1;4;5;7,0;2;3;6,dual-ma__fast-50-slow-200,0.2419937471868749,0.4124049209274223,0.4166666666666667,-0.33647223662121273,True
dual-ma,54,1;4;6;7,0;2;3;5,dual-ma__fast-50-slow-200,0.7883793563688082,-0.6087012591924926,0.4166666666666667,-0.33647223662121273,True
dual-ma,55,1;5;6;7,0;2;3;4,dual-ma__fast-50-slow-200,0.690285406046953,-0.7445375804487362,0.08333333333333333,-2.3978952727983707,True
dual-ma,56,2;3;4;5,0;1;6;7,dual-ma__fast-50-slow-100,0.30137565965618907,0.2548795830197914,0.25,-1.0986122886681098,True
dual-ma,57,2;3;4;6,0;1;5;7,dual-ma__fast-50-slow-100,1.0628181585322791,-0.32496566730130116,0.25,-1.0986122886681098,True
dual-ma,58,2;3;4;7,0;1;5;6,dual-ma__fast-50-slow-100,0.15814526784947294,0.40931985212669225,0.4166666666666667,-0.33647223662121273,True
dual-ma,59,2;3;5;6,0;1;4;7,dual-ma__fast-20-slow-100,0.7669755651810389,-0.21126595670041656,0.25,-1.0986122886681098,True
dual-ma,60,2;3;5;7,0;1;4;6,dual-ma__fast-100-slow-200,0.0956059514797964,0.5194095498680378,0.4166666666666667,-0.33647223662121273,True
dual-ma,61,2;3;6;7,0;1;4;5,dual-ma__fast-10-slow-50,0.6486330244717676,-0.6038533806315993,0.25,-1.0986122886681098,True
dual-ma,62,2;4;5;6,0;1;3;7,dual-ma__fast-50-slow-100,0.8837182184453247,-0.3532794103767385,0.4166666666666667,-0.33647223662121273,True
dual-ma,63,2;4;5;7,0;1;3;6,dual-ma__fast-50-slow-100,0.12968217970651738,0.5379734345138873,0.5833333333333334,0.336472236621213,False
dual-ma,64,2;4;6;7,0;1;3;5,dual-ma__fast-10-slow-50,0.6598775602292111,-0.9388662205206114,0.25,-1.0986122886681098,True
dual-ma,65,2;5;6;7,0;1;3;4,dual-ma__fast-10-slow-50,0.6997742126770227,-0.7948543831274898,0.08333333333333333,-2.3978952727983707,True
dual-ma,66,3;4;5;6,0;1;2;7,dual-ma__fast-50-slow-100,0.9634659281850825,-0.354417261858314,0.4166666666666667,-0.33647223662121273,True
dual-ma,67,3;4;5;7,0;1;2;6,dual-ma__fast-50-slow-200,0.24220340404059207,0.4120490076291118,0.4166666666666667,-0.33647223662121273,True
dual-ma,68,3;4;6;7,0;1;2;5,dual-ma__fast-50-slow-200,0.7890639198485798,-0.608175519956739,0.4166666666666667,-0.33647223662121273,True
dual-ma,69,3;5;6;7,0;1;2;4,dual-ma__fast-50-slow-200,0.6908844470513794,-0.7438940490989588,0.08333333333333333,-2.3978952727983707,True
dual-ma,70,4;5;6;7,0;1;2;3,dual-ma__fast-50-slow-200,0.7195445593624109,-1.1877180779805239,0.08333333333333333,-2.3978952727983707,True
macd-cross,1,0;1;2;3,4;5;6;7,macd-cross__fast-12-signal-9-slow-26,0.2065194724900835,1.2996239960852773,0.9,2.1972245773362196,False
macd-cross,2,0;1;2;4,3;5;6;7,macd-cross__fast-12-signal-9-slow-26,0.7028149485092721,1.1136357646178636,0.7,0.8472978603872034,False
macd-cross,3,0;1;2;5,3;4;6;7,macd-cross__fast-12-signal-9-slow-26,0.4731203825048419,1.1720825467686127,0.9,2.1972245773362196,False
macd-cross,4,0;1;2;6,3;4;5;7,macd-cross__fast-12-signal-9-slow-26,1.1457009753592886,0.7516537929569791,0.9,2.1972245773362196,False
macd-cross,5,0;1;2;7,3;4;5;6,macd-cross__fast-12-signal-9-slow-26,0.5853085896162095,1.128094577980759,0.9,2.1972245773362196,False
macd-cross,6,0;1;3;4,2;5;6;7,macd-cross__fast-12-signal-9-slow-26,0.747794547636841,1.0545855077036812,0.7,0.8472978603872034,False
macd-cross,7,0;1;3;5,2;4;6;7,macd-cross__fast-12-signal-9-slow-26,0.5514828187816916,1.1311466720811112,0.9,2.1972245773362196,False
macd-cross,8,0;1;3;6,2;4;5;7,macd-cross__fast-12-signal-9-slow-26,1.222627443748432,0.7116519064365535,0.9,2.1972245773362196,False
macd-cross,9,0;1;3;7,2;4;5;6,macd-cross__fast-12-signal-9-slow-26,0.6454737529160068,1.08301456045106,0.9,2.1972245773362196,False
macd-cross,10,0;1;4;5,2;3;6;7,macd-cross__fast-12-signal-9-slow-26,0.900879648441558,0.8816029445922263,0.5,0.0,True
macd-cross,11,0;1;4;6,2;3;5;7,macd-cross__fast-12-signal-9-slow-26,1.340068022649983,0.2725275581888101,0.5,0.0,True
macd-cross,12,0;1;4;7,2;3;5;6,macd-cross__fast-12-signal-9-slow-26,0.9624622032263928,0.8297253332292762,0.9,2.1972245773362196,False
macd-cross,13,0;1;5;6,2;3;4;7,macd-cross__fast-12-signal-9-slow-26,1.416414266542061,0.5702593315898106,0.7,0.8472978603872034,False
macd-cross,14,0;1;5;7,2;3;4;6,macd-cross__fast-12-signal-9-slow-26,0.8439047658396258,0.9423660373297158,0.9,2.1972245773362196,False
macd-cross,15,0;1;6;7,2;3;4;5,macd-cross__fast-12-signal-9-slow-26,1.3748848723152645,0.4661274269981201,0.9,2.1972245773362196,False
macd-cross,16,0;2;3;4,1;5;6;7,macd-cross__fast-12-signal-9-slow-26,0.33783325333531167,1.5399955696698202,0.9,2.1972245773362196,False
macd-cross,17,0;2;3;5,1;4;6;7,macd-cross__fast-12-signal-9-slow-26,-0.14297481105303464,1.483552354510643,0.9,2.1972245773362196,False
macd-cross,18,0;2;3;6,1;4;5;7,macd-cross__fast-12-signal-9-slow-26,0.6415781251329609,1.0835324780472442,0.9,2.1972245773362196,False
macd-cross,19,0;2;3;7,1;4;5;6,macd-cross__fast-8-signal-5-slow-21,0.26499711040066937,0.8767290392491417,0.1,-2.197224577336219,True
macd-cross,20,0;2;4;5,1;3;6;7,macd-cross__fast-12-signal-9-slow-26,0.49500146917652155,1.3736201062525517,0.9,2.1972245773362196,False
macd-cross,21,0;2;4;6,1;3;5;7,macd-cross__fast-12-signal-9-slow-26,0.9597594619534326,0.8259833185405997,0.9,2.1972245773362196,False
macd-cross,22,0;2;4;7,1;3;5;6,macd-cross__fast-12-signal-9-slow-26,0.5952166412928847,1.4282518874670302,0.9,2.1972245773362196,False
macd-cross,23,0;2;5;6,1;3;4;7,macd-cross__fast-16-signal-9-slow-34,0.8887152430710211,0.6428649024031375,0.3,-0.8472978603872036,True
macd-cross,24,0;2;5;7,1;3;4;6,macd-cross__fast-16-signal-9-slow-34,0.3235341239070002,1.034989433933623,0.5,0.0,True
macd-cross,25,0;2;6;7,1;3;4;5,macd-cross__fast-16-signal-9-slow-34,0.940213831229169,0.5255889218314368,0.5,0.0,True
macd-cross,26,0;3;4;5,1;2;6;7,macd-cross__fast-12-signal-9-slow-26,0.5369439188941367,1.3091262694899581,0.7,0.8472978603872034,False
macd-cross,27,0;3;4;6,1;2;5;7,macd-cross__fast-12-signal-9-slow-26,1.0030364315995044,0.7607347238855579,0.7,0.8472978603872034,False
macd-cross,28,0;3;4;7,1;2;5;6,macd-cross__fast-12-signal-9-slow-26,0.6336579314656059,1.3443671043188645,0.9,2.1972245773362196,False
macd-cross,29,0;3;5;6,1;2;4;7,macd-cross__fast-16-signal-9-slow-34,0.9437430433823979,0.6137251545479576,0.3,-0.8472978603872036,True
macd-cross,30,0;3;5;7,1;2;4;6,macd-cross__fast-12-signal-9-slow-26,0.3672507101503091,1.2832353835076626,0.9,2.1972245773362196,False
macd-cross,31,0;3;6;7,1;2;4;5,macd-cross__fast-16-signal-9-slow-34,0.9824481789059487,0.4930782082742127,0.3,-0.8472978603872036,True
macd-cross,32,0;4;5;6,1;2;3;7,macd-cross__fast-16-signal-9-slow-34,1.1453578730958252,0.15085038165201328,0.3,-0.8472978603872036,True
macd-cross,33,0;4;5;7,1;2;3;6,macd-cross__fast-12-signal-9-slow-26,0.7729476264007331,1.1443717658249302,0.9,2.1972245773362196,False
macd-cross,34,0;4;6;7,1;2;3;5,macd-cross__fast-16-signal-9-slow-34,1.1958671493400526,-0.1577025846332483,0.3,-0.8472978603872036,True
macd-cross,35,0;5;6;7,1;2;3;4,macd-cross__fast-16-signal-9-slow-34,1.203854537584655,0.2888943968466977,0.1,-2.197224577336219,True
macd-cross,36,1;2;3;4,0;5;6;7,macd-cross__fast-12-signal-9-slow-26,0.6791441179898241,1.1239983148619896,0.7,0.8472978603872034,False
macd-cross,37,1;2;3;5,0;4;6;7,macd-cross__fast-12-signal-9-slow-26,0.43572754361812205,1.1854011628079368,0.7,0.8472978603872034,False
macd-cross,38,1;2;3;6,0;4;5;7,macd-cross__fast-12-signal-9-slow-26,1.1443717658249302,0.7729476264007331,0.9,2.1972245773362196,False
macd-cross,39,1;2;3;7,0;4;5;6,macd-cross__fast-8-signal-5-slow-21,0.8017690538643362,0.4964717648580728,0.1,-2.197224577336219,True
macd-cross,40,1;2;4;5,0;3;6;7,macd-cross__fast-12-signal-9-slow-26,0.8350739511061427,0.9549408392896713,0.7,0.8472978603872034,False
macd-cross,41,1;2;4;6,0;3;5;7,macd-cross__fast-12-signal-9-slow-26,1.2832353835076626,0.3672507101503091,0.9,2.1972245773362196,False
macd-cross,42,1;2;4;7,0;3;5;6,macd-cross__fast-12-signal-9-slow-26,0.9027173320590635,0.9149333129312595,0.7,0.8472978603872034,False
macd-cross,43,1;2;5;6,0;3;4;7,macd-cross__fast-12-signal-9-slow-26,1.3443671043188645,0.6336579314656059,0.9,2.1972245773362196,False
macd-cross,44,1;2;5;7,0;3;4;6,macd-cross__fast-8-signal-9-slow-21,0.7855330335816941,0.6134046169232326,0.3,-0.8472978603872036,True
macd-cross,45,1;2;6;7,0;3;4;5,macd-cross__fast-8-signal-9-slow-21,1.3674632680156706,0.08953380314597863,0.1,-2.197224577336219,True
macd-cross,46,1;3;4;5,0;2;6;7,macd-cross__fast-12-signal-9-slow-26,0.8822849853569396,0.8993713087682413,0.7,0.8472978603872034,False
macd-cross,47,1;3;4;6,0;2;5;7,macd-cross__fast-12-signal-9-slow-26,1.3310467642638095,0.3137544320256839,0.7,0.8472978603872034,False
macd-cross,48,1;3;4;7,0;2;5;6,macd-cross__fast-12-signal-9-slow-26,0.9451037582092814,0.8467684701512702,0.7,0.8472978603872034,False
macd-cross,49,1;3;5;6,0;2;4;7,macd-cross__fast-12-signal-9-slow-26,1.4282518874670302,0.5952166412928847,0.9,2.1972245773362196,False
macd-cross,50,1;3;5;7,0;2;4;6,macd-cross__fast-12-signal-9-slow-26,0.8259833185405997,0.9597594619534326,0.9,2.1972245773362196,False
macd-cross,51,1;3;6;7,0;2;4;5,macd-cross__fast-12-signal-9-slow-26,1.3736201062525517,0.49500146917652155,0.9,2.1972245773362196,False
macd-cross,52,1;4;5;6,0;2;3;7,macd-cross__fast-12-signal-9-slow-26,1.468602815179225,0.1056569538121372,0.7,0.8472978603872034,False
macd-cross,53,1;4;5;7,0;2;3;6,macd-cross__fast-12-signal-9-slow-26,1.0835324780472442,0.6415781251329609,0.9,2.1972245773362196,False
macd-cross,54,1;4;6;7,0;2;3;5,macd-cross__fast-12-signal-9-slow-26,1.483552354510643,-0.14297481105303464,0.9,2.1972245773362196,False
macd-cross,55,1;5;6;7,0;2;3;4,macd-cross__fast-12-signal-9-slow-26,1.5399955696698202,0.33783325333531167,0.9,2.1972245773362196,False
macd-cross,56,2;3;4;5,0;1;6;7,macd-cross__fast-12-signal-9-slow-26,0.4661274269981201,1.3748848723152645,0.9,2.1972245773362196,False
macd-cross,57,2;3;4;6,0;1;5;7,macd-cross__fast-12-signal-9-slow-26,0.9423660373297158,0.8439047658396258,0.9,2.1972245773362196,False
macd-cross,58,2;3;4;7,0;1;5;6,macd-cross__fast-8-signal-5-slow-21,0.6863973393880909,0.5291096976671473,0.1,-2.197224577336219,True
macd-cross,59,2;3;5;6,0;1;4;7,macd-cross__fast-12-signal-9-slow-26,0.8297253332292762,0.9624622032263928,0.9,2.1972245773362196,False
macd-cross,60,2;3;5;7,0;1;4;6,macd-cross__fast-8-signal-5-slow-21,0.5026929061896473,0.7032959241935044,0.1,-2.197224577336219,True
macd-cross,61,2;3;6;7,0;1;4;5,macd-cross__fast-8-signal-9-slow-21,1.0074266375968182,0.39662428449643417,0.3,-0.8472978603872036,True
macd-cross,62,2;4;5;6,0;1;3;7,macd-cross__fast-12-signal-9-slow-26,1.08301456045106,0.6454737529160068,0.9,2.1972245773362196,False
macd-cross,63,2;4;5;7,0;1;3;6,macd-cross__fast-12-signal-9-slow-26,0.7116519064365535,1.222627443748432,0.9,2.1972245773362196,False
macd-cross,64,2;4;6;7,0;1;3;5,macd-cross__fast-12-signal-9-slow-26,1.1311466720811112,0.5514828187816916,0.9,2.1972245773362196,False
macd-cross,65,2;5;6;7,0;1;3;4,macd-cross__fast-8-signal-9-slow-21,1.1641965000141061,0.23346852692655928,0.1,-2.197224577336219,True
macd-cross,66,3;4;5;6,0;1;2;7,macd-cross__fast-12-signal-9-slow-26,1.128094577980759,0.5853085896162095,0.9,2.1972245773362196,False
macd-cross,67,3;4;5;7,0;1;2;6,macd-cross__fast-12-signal-9-slow-26,0.7516537929569791,1.1457009753592886,0.9,2.1972245773362196,False
macd-cross,68,3;4;6;7,0;1;2;5,macd-cross__fast-12-signal-9-slow-26,1.1720825467686127,0.4731203825048419,0.9,2.1972245773362196,False
macd-cross,69,3;5;6;7,0;1;2;4,macd-cross__fast-8-signal-9-slow-21,1.1388057759001344,0.26113012665300483,0.1,-2.197224577336219,True
macd-cross,70,4;5;6;7,0;1;2;3,macd-cross__fast-12-signal-9-slow-26,1.2996239960852773,0.2065194724900835,0.9,2.1972245773362196,False
trix,1,0;1;2;3,4;5;6;7,trix__period-9-signal-9,0.14663843821597425,1.2514664358556773,0.9166666666666666,2.3978952727983702,False
trix,2,0;1;2;4,3;5;6;7,trix__period-9-signal-9,0.7827175888382408,0.9212500747811869,0.75,1.0986122886681098,False
trix,3,0;1;2;5,3;4;6;7,trix__period-30-signal-5,0.2110190131577957,0.23381147412077197,0.08333333333333333,-2.3978952727983707,True
trix,4,0;1;2;6,3;4;5;7,trix__period-9-signal-9,1.0597360079748641,0.73024051773703,0.9166666666666666,2.3978952727983702,False
trix,5,0;1;2;7,3;4;5;6,trix__period-9-signal-9,1.008516772408257,0.7637754120146867,0.5833333333333334,0.336472236621213,False
trix,6,0;1;3;4,2;5;6;7,trix__period-9-signal-9,0.596569575978247,1.140719479533154,0.9166666666666666,2.3978952727983702,False
trix,7,0;1;3;5,2;4;6;7,trix__period-15-signal-5,0.322372716718911,0.9010082673869206,0.5833333333333334,0.336472236621213,False
trix,8,0;1;3;6,2;4;5;7,trix__period-15-signal-5,1.1582174434132744,0.4073509897336775,0.5833333333333334,0.336472236621213,False
trix,9,0;1;3;7,2;4;5;6,trix__period-9-signal-9,0.7495022343036499,0.9335802823486136,0.9166666666666666,2.3978952727983702,False
trix,10,0;1;4;5,2;3;6;7,trix__period-15-signal-5,0.5863479928450023,0.7710647696225396,0.5833333333333334,0.336472236621213,False
trix,11,0;1;4;6,2;3;5;7,trix__period-9-signal-9,1.1639038052888406,0.3956272581427679,0.9166666666666666,2.3978952727983702,False
trix,12,0;1;4;7,2;3;5;6,trix__period-9-signal-9,1.130288775948778,0.4467126476248959,0.4166666666666667,-0.33647223662121273,True
trix,13,0;1;5;6,2;3;4;7,trix__period-30-signal-5,1.1511371162089024,-0.610803441577149,0.08333333333333333,-2.3978952727983707,True
trix,14,0;1;5;7,2;3;4;6,trix__period-9-signal-9,0.6945285269457709,0.9663509216848198,0.9166666666666666,2.3978952727983702,False
trix,15,0;1;6;7,2;3;4;5,trix__period-9-signal-9,1.4573913560241238,0.3535309078221393,0.9166666666666666,2.3978952727983702,False
trix,16,0;2;3;4,1;5;6;7,trix__period-9-signal-9,0.42544145866281896,1.3579935198389992,0.9166666666666666,2.3978952727983702,False
trix,17,0;2;3;5,1;4;6;7,trix__period-30-signal-5,-0.22208444857564577,0.4922477377209119,0.25,-1.0986122886681098,True
trix,18,0;2;3;6,1;4;5;7,trix__period-30-signal-5,0.7188871386068088,-0.23167681024444997,0.25,-1.0986122886681098,True
trix,19,0;2;3;7,1;4;5;6,trix__period-9-signal-9,0.5002214067529295,1.093551185547746,0.75,1.0986122886681098,False
trix,20,0;2;4;5,1;3;6;7,trix__period-9-signal-9,0.4016443817465473,1.4277951151031072,0.9166666666666666,2.3978952727983702,False
trix,21,0;2;4;6,1;3;5;7,trix__period-9-signal-9,1.0025258975489617,0.6397677437605614,0.9166666666666666,2.3978952727983702,False
trix,22,0;2;4;7,1;3;5;6,trix__period-9-signal-9,0.9691326053537649,0.6914946623467276,0.4166666666666667,-0.33647223662121273,True
trix,23,0;2;5;6,1;3;4;7,trix__period-30-signal-5,1.1646552726682506,-0.5958941893880584,0.25,-1.0986122886681098,True
trix,24,0;2;5;7,1;3;4;6,trix__period-9-signal-9,0.4580179577645283,1.1301053951505509,0.9166666666666666,2.3978952727983702,False
trix,25,0;2;6;7,1;3;4;5,trix__period-9-signal-9,1.2365379342773868,0.5230054726550794,0.75,1.0986122886681098,False
trix,26,0;3;4;5,1;2;6;7,trix__period-15-signal-5,0.30910471473036527,1.0814989914366602,0.5833333333333334,0.336472236621213,False
trix,27,0;3;4;6,1;2;5;7,trix__period-15-signal-9,0.875309640525421,0.1583200078591835,0.4166666666666667,-0.33647223662121273,True
trix,28,0;3;4;7,1;2;5;6,trix__period-9-signal-9,0.7987335414248988,0.9482418130669227,0.75,1.0986122886681098,False
trix,29,0;3;5;6,1;2;4;7,trix__period-15-signal-9,0.8849138368954294,0.38513409217603245,0.4166666666666667,-0.33647223662121273,True
trix,30,0;3;5;7,1;2;4;6,trix__period-15-signal-5,0.29628675253587644,0.9707037181222644,0.75,1.0986122886681098,False
trix,31,0;3;6;7,1;2;4;5,trix__period-9-signal-9,1.0163620018925819,0.7087552999463903,0.9166666666666666,2.3978952727983702,False
trix,32,0;4;5;6,1;2;3;7,trix__period-15-signal-9,0.9989096416907002,-0.023516143407965474,0.4166666666666667,-0.33647223662121273,True
trix,33,0;4;5;7,1;2;3;6,trix__period-9-signal-9,0.7697108455346194,1.0177445244298737,0.9166666666666666,2.3978952727983702,False
trix,34,0;4;6;7,1;2;3;5,trix__period-9-signal-9,1.3173132592885306,0.021272532810572196,0.75,1.0986122886681098,False
trix,35,0;5;6;7,1;2;3;4,trix__period-15-signal-9,1.041419731612941,0.1369480319140304,0.4166666666666667,-0.33647223662121273,True
trix,36,1;2;3;4,0;5;6;7,trix__period-9-signal-9,0.7407043611361626,0.9639362572029071,0.75,1.0986122886681098,False
trix,37,1;2;3;5,0;4;6;7,trix__period-15-signal-5,0.024954466083514676,1.0405451680145223,0.75,1.0986122886681098,False
trix,38,1;2;3;6,0;4;5;7,trix__period-9-signal-9,1.0177445244298737,0.7697108455346194,0.9166666666666666,2.3978952727983702,False
trix,39,1;2;3;7,0;4;5;6,trix__period-9-signal-9,0.9646037612408741,0.8027340761463917,0.4166666666666667,-0.33647223662121273,True
trix,40,1;2;4;5,0;3;6;7,trix__period-9-signal-9,0.7087552999463903,1.0163620018925819,0.9166666666666666,2.3978952727983702,False
trix,41,1;2;4;6,0;3;5;7,trix__period-9-signal-9,1.3003782465860736,0.2000864310351273,0.75,1.0986122886681098,False
trix,42,1;2;4;7,0;3;5;6,trix__period-9-signal-9,1.2665199876527689,0.2505174144359105,0.25,-1.0986122886681098,True
trix,43,1;2;5;6,0;3;4;7,trix__period-30-signal-5,1.038438732881442,-0.48928419040606685,0.08333333333333333,-2.3978952727983707,True
trix,44,1;2;5;7,0;3;4;6,trix__period-9-signal-9,0.8976129736369365,0.832425118277305,0.5833333333333334,0.336472236621213,False
trix,45,1;2;6;7,0;3;4;5,trix__period-9-signal-9,1.6479839542031003,0.2159152530158313,0.5833333333333334,0.336472236621213,False
trix,46,1;3;4;5,0;2;6;7,trix__period-15-signal-5,0.5270012930508673,0.8284506742134147,0.5833333333333334,0.336472236621213,False
trix,47,1;3;4;6,0;2;5;7,trix__period-9-signal-9,1.1301053951505509,0.4580179577645283,0.9166666666666666,2.3978952727983702,False
trix,48,1;3;4;7,0;2;5;6,trix__period-9-signal-9,1.0959576954708201,0.5073668488741908,0.25,-1.0986122886681098,True
trix,49,1;3;5;6,0;2;4;7,trix__period-15-signal-9,1.1227154239104526,0.25633513422358767,0.4166666666666667,-0.33647223662121273,True
trix,50,1;3;5;7,0;2;4;6,trix__period-9-signal-9,0.6397677437605614,1.0025258975489617,0.9166666666666666,2.3978952727983702,False
trix,51,1;3;6;7,0;2;4;5,trix__period-9-signal-9,1.4277951151031072,0.4016443817465473,0.9166666666666666,2.3978952727983702,False
trix,52,1;4;5;6,0;2;3;7,trix__period-15-signal-9,1.1470394917355229,-0.19953875694214146,0.25,-1.0986122886681098,True
trix,53,1;4;5;7,0;2;3;6,trix__period-9-signal-9,1.06010019893533,0.5518834750219134,0.4166666666666667,-0.33647223662121273,True
trix,54,1;4;6;7,0;2;3;5,trix__period-9-signal-9,1.600323989419764,-0.48738529259465846,0.5833333333333334,0.336472236621213,False
trix,55,1;5;6;7,0;2;3;4,trix__period-9-signal-9,1.3579935198389992,0.42544145866281896,0.9166666666666666,2.3978952727983702,False
trix,56,2;3;4;5,0;1;6;7,trix__period-9-signal-9,0.3535309078221393,1.4573913560241238,0.9166666666666666,2.3978952727983702,False
trix,57,2;3;4;6,0;1;5;7,trix__period-9-signal-9,0.9663509216848198,0.6945285269457709,0.9166666666666666,2.3978952727983702,False
trix,58,2;3;4;7,0;1;5;6,trix__period-9-signal-9,0.932432041656344,0.7444661432090784,0.4166666666666667,-0.33647223662121273,True
trix,59,2;3;5;6,0;1;4;7,trix__period-30-signal-5,0.7010516002573784,-0.19372581035513822,0.25,-1.0986122886681098,True
trix,60,2;3;5;7,0;1;4;6,trix__period-9-signal-9,0.3956272581427679,1.1639038052888406,0.9166666666666666,2.3978952727983702,False
trix,61,2;3;6;7,0;1;4;5,trix__period-9-signal-9,1.2008673555707818,0.5684505941797722,0.75,1.0986122886681098,False
trix,62,2;4;5;6,0;1;3;7,trix__period-9-signal-9,0.9335802823486136,0.7495022343036499,0.9166666666666666,2.3978952727983702,False
trix,63,2;4;5;7,0;1;3;6,trix__period-9-signal-9,0.9003437169236117,0.8018433981546887,0.5833333333333334,0.336472236621213,False
trix,64,2;4;6;7,0;1;3;5,trix__period-9-signal-9,1.4449945699949451,-0.21323606625681896,0.4166666666666667,-0.33647223662121273,True
trix,65,2;5;6;7,0;1;3;4,trix__period-9-signal-9,1.140719479533154,0.596569575978247,0.9166666666666666,2.3978952727983702,False
trix,66,3;4;5;6,0;1;2;7,trix__period-15-signal-9,0.972639523171133,0.0366117274862412,0.25,-1.0986122886681098,True
trix,67,3;4;5;7,0;1;2;6,trix__period-9-signal-9,0.73024051773703,1.0597360079748641,0.9166666666666666,2.3978952727983702,False
trix,68,3;4;6;7,0;1;2;5,trix__period-9-signal-9,1.2868704029215856,0.11279430845016981,0.5833333333333334,0.336472236621213,False
trix,69,3;5;6;7,0;1;2;4,trix__period-15-signal-9,1.0146991026178969,0.18091623787145525,0.4166666666666667,-0.33647223662121273,True
trix,70,4;5;6;7,0;1;2;3,trix__period-9-signal-9,1.2514664358556773,0.14663843821597425,0.9166666666666666,2.3978952727983702,False
adx-dmi,1,0;1;2;3,4;5;6;7,adx-dmi__period-10-threshold-30,0.842626965666352,1.158151127426132,0.5,0.0,True
adx-dmi,2,0;1;2;4,3;5;6;7,adx-dmi__period-20-threshold-20,0.8512447580137845,0.6979666461972713,0.2777777777777778,-0.9555114450274363,True
adx-dmi,3,0;1;2;5,3;4;6;7,adx-dmi__period-10-threshold-30,0.38124615958108876,1.3285228274897538,0.5,0.0,True
adx-dmi,4,0;1;2;6,3;4;5;7,adx-dmi__period-10-threshold-30,1.4399366654479635,0.7265906414124318,0.3888888888888889,-0.45198512374305727,True
adx-dmi,5,0;1;2;7,3;4;5;6,adx-dmi__period-10-threshold-30,0.8104474453513488,1.112164971019414,0.6111111111111112,0.4519851237430575,False
adx-dmi,6,0;1;3;4,2;5;6;7,adx-dmi__period-20-threshold-20,0.9996731598207445,0.5583955985209897,0.2777777777777778,-0.9555114450274363,True
adx-dmi,7,0;1;3;5,2;4;6;7,adx-dmi__period-10-threshold-30,0.280360424243182,1.3576729653124198,0.6111111111111112,0.4519851237430575,False
adx-dmi,8,0;1;3;6,2;4;5;7,adx-dmi__period-10-threshold-30,1.4176630103347583,0.7668472568495298,0.6111111111111112,0.4519851237430575,False
adx-dmi,9,0;1;3;7,2;4;5;6,adx-dmi__period-10-threshold-30,0.7615682958317641,1.1469617620935504,0.8333333333333334,1.6094379124341007,False
adx-dmi,10,0;1;4;5,2;3;6;7,adx-dmi__period-20-threshold-20,0.842097348086242,0.7004757543988557,0.2777777777777778,-0.9555114450274363,True
adx-dmi,11,0;1;4;6,2;3;5;7,adx-dmi__period-14-threshold-20,1.340313828192927,0.4309975934746879,0.5,0.0,True
adx-dmi,12,0;1;4;7,2;3;5;6,adx-dmi__period-14-threshold-20,1.0054138474876064,0.8971235252879352,0.6111111111111112,0.4519851237430575,False
adx-dmi,13,0;1;5;6,2;3;4;7,adx-dmi__period-10-threshold-30,1.0978165881447859,0.9504867610703889,0.7222222222222222,0.9555114450274362,False
adx-dmi,14,0;1;5;7,2;3;4;6,adx-dmi__period-10-threshold-20,0.5670789877502398,1.1654143366071172,0.6111111111111112,0.4519851237430575,False
adx-dmi,15,0;1;6;7,2;3;4;5,adx-dmi__period-10-threshold-20,1.340202900776576,0.5201738756493465,0.5,0.0,True
adx-dmi,16,0;2;3;4,1;5;6;7,adx-dmi__period-20-threshold-20,0.862640381442666,0.685927240277441,0.2777777777777778,-0.9555114450274363,True
adx-dmi,17,0;2;3;5,1;4;6;7,adx-dmi__period-10-threshold-30,0.38173669161198426,1.3282292121207775,0.5,0.0,True
adx-dmi,18,0;2;3;6,1;4;5;7,adx-dmi__period-10-threshold-30,1.433112236615296,0.7251592206024327,0.3888888888888889,-0.45198512374305727,True
adx-dmi,19,0;2;3;7,1;4;5;6,adx-dmi__period-10-threshold-30,0.8101956848469271,1.112168736209989,0.7222222222222222,0.9555114450274362,False
adx-dmi,20,0;2;4;5,1;3;6;7,adx-dmi__period-20-threshold-20,0.7150353054825159,0.8381761179625714,0.2777777777777778,-0.9555114450274363,True
adx-dmi,21,0;2;4;6,1;3;5;7,adx-dmi__period-10-threshold-30,1.2316085719113357,0.6473115734812641,0.9444444444444444,2.8332133440562157,False
adx-dmi,22,0;2;4;7,1;3;5;6,adx-dmi__period-10-threshold-25,0.9804364017775892,0.9045550390290051,0.5,0.0,True
adx-dmi,23,0;2;5;6,1;3;4;7,adx-dmi__period-10-threshold-30,1.130450460925969,0.9124219305810164,0.3888888888888889,-0.45198512374305727,True
adx-dmi,24,0;2;5;7,1;3;4;6,adx-dmi__period-10-threshold-30,0.5519155708832153,1.3147128903913676,0.7222222222222222,0.9555114450274362,False
adx-dmi,25,0;2;6;7,1;3;4;5,adx-dmi__period-10-threshold-30,1.3211878044659329,0.600991635196013,0.7222222222222222,0.9555114450274362,False
adx-dmi,26,0;3;4;5,1;2;6;7,adx-dmi__period-20-threshold-20,0.8532808439326627,0.6880888228294613,0.2777777777777778,-0.9555114450274363,True
adx-dmi,27,0;3;4;6,1;2;5;7,adx-dmi__period-14-threshold-20,1.320153880161249,0.4579361714803318,0.7222222222222222,0.9555114450274362,False
adx-dmi,28,0;3;4;7,1;2;5;6,adx-dmi__period-10-threshold-25,1.025815580938857,0.8188464353537522,0.5,0.0,True
adx-dmi,29,0;3;5;6,1;2;4;7,adx-dmi__period-10-threshold-30,1.0933243118279525,0.9496370146112709,0.6111111111111112,0.4519851237430575,False
adx-dmi,30,0;3;5;7,1;2;4;6,adx-dmi__period-10-threshold-30,0.494404930553453,1.3456537030179931,0.9444444444444444,2.8332133440562157,False
adx-dmi,31,0;3;6;7,1;2;4;5,adx-dmi__period-10-threshold-25,1.373831566456554,0.5177358576808488,0.5,0.0,True
adx-dmi,32,0;4;5;6,1;2;3;7,adx-dmi__period-14-threshold-20,1.2427279645579297,0.5420801843637285,0.5,0.0,True
adx-dmi,33,0;4;5;7,1;2;3;6,adx-dmi__period-14-threshold-20,0.9233306694450455,1.0618105157142832,0.5,0.0,True
adx-dmi,34,0;4;6;7,1;2;3;5,adx-dmi__period-10-threshold-25,1.4647729366780902,-0.1454136279378261,0.5,0.0,True
adx-dmi,35,0;5;6;7,1;2;3;4,adx-dmi__period-10-threshold-20,1.1864666363268617,0.6391105218297106,0.3888888888888889,-0.45198512374305727,True
adx-dmi,36,1;2;3;4,0;5;6;7,adx-dmi__period-10-threshold-30,0.8771108398634356,1.0653880980470416,0.6111111111111112,0.4519851237430575,False
adx-dmi,37,1;2;3;5,0;4;6;7,adx-dmi__period-10-threshold-30,0.6388183220989382,1.2301826005213161,0.3888888888888889,-0.45198512374305727,True
adx-dmi,38,1;2;3;6,0;4;5;7,adx-dmi__period-10-threshold-30,1.6078409864289875,0.6180419075001872,0.3888888888888889,-0.45198512374305727,True
adx-dmi,39,1;2;3;7,0;4;5;6,adx-dmi__period-10-threshold-30,0.9593913724256276,0.9966629700134387,0.5,0.0,True
adx-dmi,40,1;2;4;5,0;3;6;7,adx-dmi__period-14-threshold-20,0.7034639314517113,1.2042192598624633,0.3888888888888889,-0.45198512374305727,True
adx-dmi,41,1;2;4;6,0;3;5;7,adx-dmi__period-10-threshold-30,1.3456537030179931,0.494404930553453,0.9444444444444444,2.8332133440562157,False
adx-dmi,42,1;2;4;7,0;3;5;6,adx-dmi__period-10-threshold-25,1.0166987148209443,0.8450176652047073,0.3888888888888889,-0.45198512374305727,True
adx-dmi,43,1;2;5;6,0;3;4;7,adx-dmi__period-10-threshold-30,1.3028419665936093,0.8047614643538643,0.3888888888888889,-0.45198512374305727,True
adx-dmi,44,1;2;5;7,0;3;4;6,adx-dmi__period-10-threshold-30,0.6998123275040153,1.1984388814769165,0.5,0.0,True
adx-dmi,45,1;2;6;7,0;3;4;5,adx-dmi__period-10-threshold-30,1.447212724250964,0.4682210128917446,0.6111111111111112,0.4519851237430575,False
adx-dmi,46,1;3;4;5,0;2;6;7,adx-dmi__period-14-threshold-20,0.8458244138171948,1.0429056683176932,0.5,0.0,True
adx-dmi,47,1;3;4;6,0;2;5;7,adx-dmi__period-14-threshold-20,1.4453386365024037,0.2957736455072274,0.6111111111111112,0.4519851237430575,False
adx-dmi,48,1;3;4;7,0;2;5;6,adx-dmi__period-14-threshold-20,1.1036218038813848,0.7431578052073943,0.6111111111111112,0.4519851237430575,False
adx-dmi,49,1;3;5;6,0;2;4;7,adx-dmi__period-10-threshold-30,1.2736424175444423,0.8437846884668547,0.6111111111111112,0.4519851237430575,False
adx-dmi,50,1;3;5;7,0;2;4;6,adx-dmi__period-10-threshold-30,0.6473115734812641,1.2316085719113357,0.9444444444444444,2.8332133440562157,False
adx-dmi,51,1;3;6;7,0;2;4;5,adx-dmi__period-10-threshold-30,1.4182838130378517,0.5210349362280645,0.7222222222222222,0.9555114450274362,False
adx-dmi,52,1;4;5;6,0;2;3;7,adx-dmi__period-14-threshold-20,1.3640506232680347,0.3704401424775909,0.3888888888888889,-0.45198512374305727,True
adx-dmi,53,1;4;5;7,0;2;3;6,adx-dmi__period-14-threshold-20,1.0372742566697706,0.8624030168770068,0.3888888888888889,-0.45198512374305727,True
adx-dmi,54,1;4;6;7,0;2;3;5,adx-dmi__period-14-threshold-20,1.554755910521105,-0.254317045961503,0.5,0.0,True
adx-dmi,55,1;5;6;7,0;2;3;4,adx-dmi__period-10-threshold-20,1.3565479186538218,0.4794651584623144,0.3888888888888889,-0.45198512374305727,True
adx-dmi,56,2;3;4;5,0;1;6;7,adx-dmi__period-14-threshold-20,0.6817663707073977,1.2286476554512265,0.5,0.0,True
adx-dmi,57,2;3;4;6,0;1;5;7,adx-dmi__period-10-threshold-25,1.3530214982803368,0.3410495559627211,0.5,0.0,True
adx-dmi,58,2;3;4;7,0;1;5;6,adx-dmi__period-10-threshold-25,1.0963087163232998,0.7076046897389044,0.3888888888888889,-0.45198512374305727,True
adx-dmi,59,2;3;5;6,0;1;4;7,adx-dmi__period-10-threshold-30,1.2974465435153653,0.8035656272543581,0.3888888888888889,-0.45198512374305727,True
adx-dmi,60,2;3;5;7,0;1;4;6,adx-dmi__period-10-threshold-30,0.7003040973569956,1.1987739947753318,0.7222222222222222,0.9555114450274362,False
adx-dmi,61,2;3;6;7,0;1;4;5,adx-dmi__period-10-threshold-25,1.4482520327978818,0.42615264934478225,0.3888888888888889,-0.45198512374305727,True
adx-dmi,62,2;4;5;6,0;1;3;7,adx-dmi__period-14-threshold-20,1.212461659524733,0.5817567048158098,0.3888888888888889,-0.45198512374305727,True
adx-dmi,63,2;4;5;7,0;1;3;6,adx-dmi__period-14-threshold-20,0.8972575751209466,1.1198762639361692,0.6111111111111112,0.4519851237430575,False
adx-dmi,64,2;4;6;7,0;1;3;5,adx-dmi__period-10-threshold-25,1.5251441091484326,-0.38369121667731415,0.16666666666666666,-1.6094379124341005,True
adx-dmi,65,2;5;6;7,0;1;3;4,adx-dmi__period-10-threshold-20,1.2559470294323287,0.5583832542460463,0.3888888888888889,-0.45198512374305727,True
adx-dmi,66,3;4;5;6,0;1;2;7,adx-dmi__period-14-threshold-20,1.3444591131277606,0.39876929597411886,0.5,0.0,True
adx-dmi,67,3;4;5;7,0;1;2;6,adx-dmi__period-14-threshold-20,1.0188313604067116,0.8955696019559387,0.5,0.0,True
adx-dmi,68,3;4;6;7,0;1;2;5,adx-dmi__period-10-threshold-25,1.5734340629672057,-0.41777306354109417,0.3888888888888889,-0.45198512374305727,True
adx-dmi,69,3;5;6;7,0;1;2;4,adx-dmi__period-10-threshold-20,1.2544419971202783,0.5767430466139157,0.5,0.0,True
adx-dmi,70,4;5;6;7,0;1;2;3,adx-dmi__period-14-threshold-20,1.469176812506127,-0.14710497711388681,0.2777777777777778,-0.9555114450274363,True
aroon,1,0;1;2;3,4;5;6;7,aroon__period-25-threshold-70,0.8329462258740457,1.1130202690120583,0.8333333333333334,1.6094379124341007,False
aroon,2,0;1;2;4,3;5;6;7,aroon__period-14-threshold-80,0.8326676972158735,0.3944196813807716,0.05555555555555555,-2.833213344056216,True
aroon,3,0;1;2;5,3;4;6;7,aroon__period-25-threshold-70,0.9748399980734247,1.0369829247573747,0.8333333333333334,1.6094379124341007,False
aroon,4,0;1;2;6,3;4;5;7,aroon__period-25-threshold-70,1.7849715450238632,0.42827092131430994,0.7222222222222222,0.9555114450274362,False
aroon,5,0;1;2;7,3;4;5;6,aroon__period-25-threshold-80,1.2125658110956192,0.8321353338287034,0.5,0.0,True
aroon,6,0;1;3;4,2;5;6;7,aroon__period-14-threshold-80,0.7319756264310349,0.5074695926368987,0.05555555555555555,-2.833213344056216,True
aroon,7,0;1;3;5,2;4;6;7,aroon__period-25-threshold-70,0.3652399075365536,1.3080345990190352,0.8333333333333334,1.6094379124341007,False
aroon,8,0;1;3;6,2;4;5;7,aroon__period-25-threshold-60,1.3733221670015068,0.4249474339208511,0.3888888888888889,-0.45198512374305727,True
aroon,9,0;1;3;7,2;4;5;6,aroon__period-25-threshold-80,0.9548068888448896,1.0286189973548125,0.6111111111111112,0.4519851237430575,False
aroon,10,0;1;4;5,2;3;6;7,aroon__period-25-threshold-70,0.5558154056606096,1.3448430368556121,0.8333333333333334,1.6094379124341007,False
aroon,11,0;1;4;6,2;3;5;7,aroon__period-25-threshold-60,1.3298776819487463,0.1076226789878345,0.6111111111111112,0.4519851237430575,False
aroon,12,0;1;4;7,2;3;5;6,aroon__period-25-threshold-80,0.8024680916863262,1.3019748773077218,0.7222222222222222,0.9555114450274362,False
aroon,13,0;1;5;6,2;3;4;7,aroon__period-25-threshold-60,1.5863677179617088,0.24195519363774232,0.05555555555555555,-2.833213344056216,True
aroon,14,0;1;5;7,2;3;4;6,aroon__period-25-threshold-80,0.9268879408106911,1.0490879878325798,0.6111111111111112,0.4519851237430575,False
aroon,15,0;1;6;7,2;3;4;5,aroon__period-25-threshold-80,1.5610904937529042,0.36043052538004694,0.6111111111111112,0.4519851237430575,False
aroon,16,0;2;3;4,1;5;6;7,aroon__period-14-threshold-80,0.6425723618440911,0.6070186758844348,0.16666666666666666,-1.6094379124341005,True
aroon,17,0;2;3;5,1;4;6;7,aroon__period-25-threshold-70,0.5944353853803745,1.207383450727967,0.8333333333333334,1.6094379124341007,False
aroon,18,0;2;3;6,1;4;5;7,aroon__period-25-threshold-70,1.513313113500815,0.6178296728075171,0.7222222222222222,0.9555114450274362,False
aroon,19,0;2;3;7,1;4;5;6,aroon__period-25-threshold-80,1.0521362893640047,0.9565708137906966,0.5,0.0,True
aroon,20,0;2;4;5,1;3;6;7,aroon__period-25-threshold-70,0.6844274854341197,1.2134265727892288,0.8333333333333334,1.6094379124341007,False
aroon,21,0;2;4;6,1;3;5;7,aroon__period-25-threshold-60,1.3758237656984535,0.05198269955354859,0.3888888888888889,-0.45198512374305727,True
aroon,22,0;2;4;7,1;3;5;6,aroon__period-25-threshold-80,0.8716210517486571,1.1963587961568198,0.7222222222222222,0.9555114450274362,False
aroon,23,0;2;5;6,1;3;4;7,aroon__period-25-threshold-60,1.651053617912065,0.1997429692541429,0.05555555555555555,-2.833213344056216,True
aroon,24,0;2;5;7,1;3;4;6,aroon__period-25-threshold-80,1.023418299004326,0.976703048337027,0.3888888888888889,-0.45198512374305727,True
aroon,25,0;2;6;7,1;3;4;5,aroon__period-25-threshold-80,1.6421054068489096,0.2774594236251795,0.5,0.0,True
aroon,26,0;3;4;5,1;2;6;7,aroon__period-50-threshold-80,0.3794253509979052,0.7101933004528823,0.2777777777777778,-0.9555114450274363,True
aroon,27,0;3;4;6,1;2;5;7,aroon__period-25-threshold-60,1.1219333168653398,0.38077904523424827,0.6111111111111112,0.4519851237430575,False
aroon,28,0;3;4;7,1;2;5;6,aroon__period-25-threshold-80,0.6809795147075561,1.4690733536073404,0.7222222222222222,0.9555114450274362,False
aroon,29,0;3;5;6,1;2;4;7,aroon__period-25-threshold-60,1.3114311735946202,0.4486736688430435,0.3888888888888889,-0.45198512374305727,True
aroon,30,0;3;5;7,1;2;4;6,aroon__period-25-threshold-80,0.7636324288908163,1.172270566538864,0.6111111111111112,0.4519851237430575,False
aroon,31,0;3;6;7,1;2;4;5,aroon__period-25-threshold-80,1.430665441171028,0.5103167658488701,0.5,0.0,True
aroon,32,0;4;5;6,1;2;3;7,aroon__period-25-threshold-60,1.2940786213373048,0.13591811221136935,0.3888888888888889,-0.45198512374305727,True
aroon,33,0;4;5;7,1;2;3;6,aroon__period-25-threshold-80,0.6625105759373209,1.5030411076835755,0.8333333333333334,1.6094379124341007,False
aroon,34,0;4;6;7,1;2;3;5,aroon__period-25-threshold-80,1.2283685980106784,0.6907432943939981,0.8333333333333334,1.6094379124341007,False
aroon,35,0;5;6;7,1;2;3;4,aroon__period-25-threshold-80,1.406542984619086,0.5326110947082564,0.5,0.0,True
aroon,36,1;2;3;4,0;5;6;7,aroon__period-14-threshold-80,0.8827669460849829,0.33804004014335703,0.05555555555555555,-2.833213344056216,True
aroon,37,1;2;3;5,0;4;6;7,aroon__period-25-threshold-70,0.7358778350754581,1.1496923422785104,0.7222222222222222,0.9555114450274362,False
aroon,38,1;2;3;6,0;4;5;7,aroon__period-25-threshold-70,1.627632395375781,0.5585708965249843,0.8333333333333334,1.6094379124341007,False
aroon,39,1;2;3;7,0;4;5;6,aroon__period-25-threshold-80,1.2313293775276173,0.8237577566854711,0.3888888888888889,-0.45198512374305727,True
aroon,40,1;2;4;5,0;3;6;7,aroon__period-25-threshold-70,0.7579893110358245,1.1362688734899293,0.8333333333333334,1.6094379124341007,False
aroon,41,1;2;4;6,0;3;5;7,aroon__period-25-threshold-70,1.4139192023504992,0.3676277740204993,0.8333333333333334,1.6094379124341007,False
aroon,42,1;2;4;7,0;3;5;6,aroon__period-25-threshold-80,1.0008592304566695,1.0073817239419258,0.6111111111111112,0.4519851237430575,False
aroon,43,1;2;5;6,0;3;4;7,aroon__period-25-threshold-70,1.7136449883913192,0.467283000767944,0.5,0.0,True
aroon,44,1;2;5;7,0;3;4;6,aroon__period-25-threshold-80,1.2013927261793529,0.8433844115500816,0.2777777777777778,-0.9555114450274363,True
aroon,45,1;2;6;7,0;3;4;5,aroon__period-25-threshold-80,1.7891468037157718,0.12125042957313284,0.05555555555555555,-2.833213344056216,True
aroon,46,1;3;4;5,0;2;6;7,aroon__period-14-threshold-80,0.5628879902844257,0.6989497930700622,0.2777777777777778,-0.9555114450274363,True
aroon,47,1;3;4;6,0;2;5;7,aroon__period-14-threshold-80,1.1194042623583669,-0.07981192706104516,0.2777777777777778,-0.9555114450274363,True
aroon,48,1;3;4;7,0;2;5;6,aroon__period-25-threshold-80,0.8102844871769236,1.2801368017908632,0.7222222222222222,0.9555114450274362,False
aroon,49,1;3;5;6,0;2;4;7,aroon__period-25-threshold-70,1.2726389677037577,0.7661382237078739,0.8333333333333334,1.6094379124341007,False
aroon,50,1;3;5;7,0;2;4;6,aroon__period-25-threshold-80,0.9417505463915121,1.0389759658918785,0.6111111111111112,0.4519851237430575,False
aroon,51,1;3;6;7,0;2;4;5,aroon__period-25-threshold-80,1.5775375566487686,0.35445951013931354,0.5,0.0,True
aroon,52,1;4;5;6,0;2;3;7,aroon__period-25-threshold-60,1.2462664061665683,0.20219647053410156,0.6111111111111112,0.4519851237430575,False
aroon,53,1;4;5;7,0;2;3;6,aroon__period-25-threshold-80,0.7913573137650974,1.3126362528729962,0.7222222222222222,0.9555114450274362,False
aroon,54,1;4;6;7,0;2;3;5,aroon__period-25-threshold-80,1.343877323706328,0.4060892954272898,0.8333333333333334,1.6094379124341007,False
aroon,55,1;5;6;7,0;2;3;4,aroon__period-25-threshold-80,1.5527257115427442,0.37595564503338574,0.6111111111111112,0.4519851237430575,False
aroon,56,2;3;4;5,0;1;6;7,aroon__period-25-threshold-70,0.5317834871667364,1.3502928559900602,0.8333333333333334,1.6094379124341007,False
aroon,57,2;3;4;6,0;1;5;7,aroon__period-25-threshold-70,1.2182808429795087,0.6240972616396981,0.8333333333333334,1.6094379124341007,False
aroon,58,2;3;4;7,0;1;5;6,aroon__period-25-threshold-80,0.8800017779629159,1.1763173690318254,0.7222222222222222,0.9555114450274362,False
aroon,59,2;3;5;6,0;1;4;7,aroon__period-25-threshold-70,1.4433067409088407,0.6571940994564315,0.6111111111111112,0.4519851237430575,False
aroon,60,2;3;5;7,0;1;4;6,aroon__period-25-threshold-80,1.0397414342109172,0.9672163719958243,0.5,0.0,True
aroon,61,2;3;6;7,0;1;4;5,aroon__period-25-threshold-80,1.659426963848658,0.27240709303220145,0.2777777777777778,-0.9555114450274363,True
aroon,62,2;4;5;6,0;1;3;7,aroon__period-25-threshold-70,1.3000075750421094,0.50486731119174,0.8333333333333334,1.6094379124341007,False
aroon,63,2;4;5;7,0;1;3;6,aroon__period-25-threshold-80,0.8607734488877858,1.207830411648371,0.7222222222222222,0.9555114450274362,False
aroon,64,2;4;6;7,0;1;3;5,aroon__period-25-threshold-80,1.4069265515639207,0.255857074818548,0.8333333333333334,1.6094379124341007,False
aroon,65,2;5;6;7,0;1;3;4,aroon__period-25-threshold-80,1.6341331382444195,0.29341002507711966,0.5,0.0,True
aroon,66,3;4;5;6,0;1;2;7,aroon__period-50-threshold-80,1.093995899419609,-0.09841466804392107,0.16666666666666666,-1.6094379124341005,True
aroon,67,3;4;5;7,0;1;2;6,aroon__period-25-threshold-80,0.6692937709737394,1.4784004087516118,0.7222222222222222,0.9555114450274362,False
aroon,68,3;4;6;7,0;1;2;5,aroon__period-25-threshold-80,1.23752436805663,0.6650189938153883,0.8333333333333334,1.6094379124341007,False
aroon,69,3;5;6;7,0;1;2;4,aroon__period-25-threshold-80,1.4216133065612184,0.5248446373378542,0.3888888888888889,-0.45198512374305727,True
aroon,70,4;5;6;7,0;1;2;3,aroon__period-25-threshold-80,1.2197519566906698,0.7104631297115013,0.8333333333333334,1.6094379124341007,False
supertrend,1,0;1;2;3,4;5;6;7,supertrend__multiplier-2-period-7,0.2574041924862449,0.531954396937351,0.25,-1.0986122886681098,True
supertrend,2,0;1;2;4,3;5;6;7,supertrend__multiplier-3-period-7,0.4293137356232589,0.9444854596017659,0.9166666666666666,2.3978952727983702,False
supertrend,3,0;1;2;5,3;4;6;7,supertrend__multiplier-2-period-14,0.1526128279388148,0.7224346266073235,0.5833333333333334,0.336472236621213,False
supertrend,4,0;1;2;6,3;4;5;7,supertrend__multiplier-2-period-10,0.9836140632798304,0.050665710075426446,0.4166666666666667,-0.33647223662121273,True
supertrend,5,0;1;2;7,3;4;5;6,supertrend__multiplier-2-period-10,0.5090137326040682,0.36417852004607426,0.08333333333333333,-2.3978952727983707,True
supertrend,6,0;1;3;4,2;5;6;7,supertrend__multiplier-2-period-14,0.512211989981549,0.4991279368373246,0.4166666666666667,-0.33647223662121273,True
supertrend,7,0;1;3;5,2;4;6;7,supertrend__multiplier-2-period-14,0.6323679940014021,0.48605028960145874,0.08333333333333333,-2.3978952727983707,True
supertrend,8,0;1;3;6,2;4;5;7,supertrend__multiplier-2-period-7,1.0951991913199033,-0.01913302543233895,0.4166666666666667,-0.33647223662121273,True
supertrend,9,0;1;3;7,2;4;5;6,supertrend__multiplier-2-period-7,0.6255476541574785,0.2732334522482435,0.08333333333333333,-2.3978952727983707,True
supertrend,10,0;1;4;5,2;3;6;7,supertrend__multiplier-2-period-14,0.5642332034629732,0.4401645797616686,0.08333333333333333,-2.3978952727983707,True
supertrend,11,0;1;4;6,2;3;5;7,supertrend__multiplier-3-period-7,1.1678460749160395,0.03366397545951723,0.9166666666666666,2.3978952727983702,False
supertrend,12,0;1;4;7,2;3;5;6,supertrend__multiplier-3-period-7,0.7867663815603265,0.5438438505507014,0.9166666666666666,2.3978952727983702,False
supertrend,13,0;1;5;6,2;3;4;7,supertrend__multiplier-2-period-14,1.1289215523640221,0.10666283649615822,0.4166666666666667,-0.33647223662121273,True
supertrend,14,0;1;5;7,2;3;4;6,supertrend__multiplier-2-period-14,0.6627352754087201,0.398558907096399,0.08333333333333333,-2.3978952727983707,True
supertrend,15,0;1;6;7,2;3;4;5,supertrend__multiplier-3-period-7,1.2406597720350894,0.15135600463452778,0.9166666666666666,2.3978952727983702,False
supertrend,16,0;2;3;4,1;5;6;7,supertrend__multiplier-3-period-7,0.2294749293821841,1.1401750612937538,0.9166666666666666,2.3978952727983702,False
supertrend,17,0;2;3;5,1;4;6;7,supertrend__multiplier-2-period-14,-0.059478784666640125,0.8187198237363288,0.5833333333333334,0.336472236621213,False
supertrend,18,0;2;3;6,1;4;5;7,supertrend__multiplier-2-period-10,0.7480923073468095,0.21869785380512471,0.4166666666666667,-0.33647223662121273,True
supertrend,19,0;2;3;7,1;4;5;6,supertrend__multiplier-2-period-7,0.27956241006138877,0.5268423223317372,0.08333333333333333,-2.3978952727983707,True
supertrend,20,0;2;4;5,1;3;6;7,supertrend__multiplier-3-period-7,0.23518188760808187,1.1692535242134183,0.9166666666666666,2.3978952727983702,False
supertrend,21,0;2;4;6,1;3;5;7,supertrend__multiplier-3-period-7,0.9780805498643623,0.29544868615631475,0.75,1.0986122886681098,False
supertrend,22,0;2;4;7,1;3;5;6,supertrend__multiplier-3-period-7,0.6048637214150845,0.8298407488045454,0.75,1.0986122886681098,False
supertrend,23,0;2;5;6,1;3;4;7,supertrend__multiplier-3-period-7,0.6460578663318891,0.7206831166541371,0.9166666666666666,2.3978952727983702,False
supertrend,24,0;2;5;7,1;3;4;6,supertrend__multiplier-2-period-14,0.154851890160253,0.7696244705460972,0.5833333333333334,0.336472236621213,False
supertrend,25,0;2;6;7,1;3;4;5,supertrend__multiplier-3-period-7,1.0203014366589755,0.3652439249424371,0.75,1.0986122886681098,False
supertrend,26,0;3;4;5,1;2;6;7,supertrend__multiplier-2-period-14,0.4461286901856647,0.5713011450008626,0.08333333333333333,-2.3978952727983707,True
supertrend,27,0;3;4;6,1;2;5;7,supertrend__multiplier-3-period-7,0.9969591279466398,0.2771167812151148,0.9166666666666666,2.3978952727983702,False
supertrend,28,0;3;4;7,1;2;5;6,supertrend__multiplier-3-period-7,0.6197922956393846,0.8008213374341264,0.9166666666666666,2.3978952727983702,False
supertrend,29,0;3;5;6,1;2;4;7,supertrend__multiplier-2-period-14,0.9841101053038873,0.2161074137940039,0.08333333333333333,-2.3978952727983707,True
supertrend,30,0;3;5;7,1;2;4;6,supertrend__multiplier-2-period-14,0.5169226378473274,0.5083800710618012,0.08333333333333333,-2.3978952727983707,True
supertrend,31,0;3;6;7,1;2;4;5,supertrend__multiplier-3-period-7,1.0442714593624027,0.34996135249922417,0.9166666666666666,2.3978952727983702,False
supertrend,32,0;4;5;6,1;2;3;7,supertrend__multiplier-3-period-7,0.982124154085523,0.2742324035117241,0.9166666666666666,2.3978952727983702,False
supertrend,33,0;4;5;7,1;2;3;6,supertrend__multiplier-3-period-7,0.6163573966134707,0.8337481394548057,0.9166666666666666,2.3978952727983702,False
supertrend,34,0;4;6;7,1;2;3;5,supertrend__multiplier-3-period-7,1.254517616428331,-0.40660156986280277,0.4166666666666667,-0.33647223662121273,True
supertrend,35,0;5;6;7,1;2;3;4,supertrend__multiplier-3-period-7,1.019519619757944,0.3479933339800187,0.9166666666666666,2.3978952727983702,False
supertrend,36,1;2;3;4,0;5;6;7,supertrend__multiplier-3-period-7,0.3479933339800187,1.019519619757944,0.9166666666666666,2.3978952727983702,False
supertrend,37,1;2;3;5,0;4;6;7,supertrend__multiplier-2-period-14,-0.09611775630140142,0.8331320788377831,0.5833333333333334,0.336472236621213,False
supertrend,38,1;2;3;6,0;4;5;7,supertrend__multiplier-3-period-7,0.8337481394548057,0.6163573966134707,0.9166666666666666,2.3978952727983702,False
supertrend,39,1;2;3;7,0;4;5;6,supertrend__multiplier-3-period-7,0.2742324035117241,0.982124154085523,0.9166666666666666,2.3978952727983702,False
supertrend,40,1;2;4;5,0;3;6;7,supertrend__multiplier-3-period-7,0.34996135249922417,1.0442714593624027,0.9166666666666666,2.3978952727983702,False
supertrend,41,1;2;4;6,0;3;5;7,supertrend__multiplier-3-period-7,1.083868823957914,0.15456459245875265,0.4166666666666667,-0.33647223662121273,True
supertrend,42,1;2;4;7,0;3;5;6,supertrend__multiplier-3-period-7,0.7051568070753497,0.6730668827549465,0.5833333333333334,0.336472236621213,False
supertrend,43,1;2;5;6,0;3;4;7,supertrend__multiplier-3-period-7,0.8008213374341264,0.6197922956393846,0.9166666666666666,2.3978952727983702,False
supertrend,44,1;2;5;7,0;3;4;6,supertrend__multiplier-3-period-7,0.2771167812151148,0.9969591279466398,0.9166666666666666,2.3978952727983702,False
supertrend,45,1;2;6;7,0;3;4;5,supertrend__multiplier-3-period-7,1.144209923250691,0.249604043925529,0.75,1.0986122886681098,False
supertrend,46,1;3;4;5,0;2;6;7,supertrend__multiplier-2-period-14,0.427508732380926,0.5907823382319085,0.25,-1.0986122886681098,True
supertrend,47,1;3;4;6,0;2;5;7,supertrend__multiplier-3-period-7,1.1034423503006883,0.13771967708690613,0.75,1.0986122886681098,False
supertrend,48,1;3;4;7,0;2;5;6,supertrend__multiplier-3-period-7,0.7206831166541371,0.6460578663318891,0.9166666666666666,2.3978952727983702,False
supertrend,49,1;3;5;6,0;2;4;7,supertrend__multiplier-2-period-14,0.9637177060683819,0.2333114004073743,0.4166666666666667,-0.33647223662121273,True
supertrend,50,1;3;5;7,0;2;4;6,supertrend__multiplier-2-period-14,0.49432320069143354,0.5251401773836873,0.08333333333333333,-2.3978952727983707,True
supertrend,51,1;3;6;7,0;2;4;5,supertrend__multiplier-3-period-7,1.1692535242134183,0.23518188760808187,0.9166666666666666,2.3978952727983702,False
supertrend,52,1;4;5;6,0;2;3;7,supertrend__multiplier-3-period-7,1.0858912840212276,0.12797165641056862,0.5833333333333334,0.336472236621213,False
supertrend,53,1;4;5;7,0;2;3;6,supertrend__multiplier-3-period-7,0.7149218904566309,0.6694697271500194,0.5833333333333334,0.336472236621213,False
supertrend,54,1;4;6;7,0;2;3;5,supertrend__multiplier-3-period-7,1.3474883416258734,-0.6155403658838191,0.4166666666666667,-0.33647223662121273,True
supertrend,55,1;5;6;7,0;2;3;4,supertrend__multiplier-3-period-7,1.1401750612937538,0.2294749293821841,0.9166666666666666,2.3978952727983702,False
supertrend,56,2;3;4;5,0;1;6;7,supertrend__multiplier-3-period-7,0.15135600463452778,1.2406597720350894,0.9166666666666666,2.3978952727983702,False
supertrend,57,2;3;4;6,0;1;5;7,supertrend__multiplier-3-period-7,0.9103582651833487,0.39139568068942726,0.4166666666666667,-0.33647223662121273,True
supertrend,58,2;3;4;7,0;1;5;6,supertrend__multiplier-3-period-7,0.535830371889067,0.921531795201097,0.75,1.0986122886681098,False
supertrend,59,2;3;5;6,0;1;4;7,supertrend__multiplier-3-period-7,0.5438438505507014,0.7867663815603265,0.9166666666666666,2.3978952727983702,False
supertrend,60,2;3;5;7,0;1;4;6,supertrend__multiplier-3-period-7,0.03366397545951723,1.1678460749160395,0.9166666666666666,2.3978952727983702,False
supertrend,61,2;3;6;7,0;1;4;5,supertrend__multiplier-3-period-7,0.9436524287112688,0.44454080654560607,0.75,1.0986122886681098,False
supertrend,62,2;4;5;6,0;1;3;7,supertrend__multiplier-3-period-7,0.8975737809789907,0.39383116463114365,0.4166666666666667,-0.33647223662121273,True
supertrend,63,2;4;5;7,0;1;3;6,supertrend__multiplier-3-period-7,0.5342906062303063,0.9605513675001529,0.4166666666666667,-0.33647223662121273,True
supertrend,64,2;4;6;7,0;1;3;5,supertrend__multiplier-3-period-7,1.1795454666044722,-0.2294069825380507,0.4166666666666667,-0.33647223662121273,True
supertrend,65,2;5;6;7,0;1;3;4,supertrend__multiplier-3-period-7,0.922049277296029,0.445521030655671,0.75,1.0986122886681098,False
supertrend,66,3;4;5;6,0;1;2;7,supertrend__multiplier-3-period-7,0.9155573097889746,0.37385540949113905,0.5833333333333334,0.336472236621213,False
supertrend,67,3;4;5;7,0;1;2;6,supertrend__multiplier-3-period-7,0.5485679603116957,0.9283185906348316,0.5833333333333334,0.336472236621213,False
supertrend,68,3;4;6;7,0;1;2;5,supertrend__multiplier-3-period-7,1.196870123543265,-0.24522461566596582,0.4166666666666667,-0.33647223662121273,True
supertrend,69,3;5;6;7,0;1;2;4,supertrend__multiplier-3-period-7,0.9444854596017659,0.4293137356232589,0.9166666666666666,2.3978952727983702,False
supertrend,70,4;5;6;7,0;1;2;3,supertrend__multiplier-3-period-7,1.18222991319642,-0.2930747807301689,0.25,-1.0986122886681098,True
tsmom-monthly,1,0;1;2;3,4;5;6;7,tsmom-monthly__lookback-126,-0.779293627633253,0.5412637332805504,0.75,1.0986122886681098,False
tsmom-monthly,2,0;1;2;4,3;5;6;7,tsmom-monthly__lookback-126,-0.779293627633253,0.5412637332805504,0.75,1.0986122886681098,False
tsmom-monthly,3,0;1;2;5,3;4;6;7,tsmom-monthly__lookback-126,-0.779293627633253,0.5412637332805504,0.75,1.0986122886681098,False
tsmom-monthly,4,0;1;2;6,3;4;5;7,tsmom-monthly__lookback-126,0.6419302528108006,-0.2250520983876786,0.75,1.0986122886681098,False
tsmom-monthly,5,0;1;2;7,3;4;5;6,tsmom-monthly__lookback-126,-0.5241236029083514,1.271331850938286,0.75,1.0986122886681098,False
tsmom-monthly,6,0;1;3;4,2;5;6;7,tsmom-monthly__lookback-126,-0.5741911546978046,0.37205997283044046,0.875,1.9459101490553132,False
tsmom-monthly,7,0;1;3;5,2;4;6;7,tsmom-monthly__lookback-126,-0.5741911546978046,0.37205997283044046,0.875,1.9459101490553132,False
tsmom-monthly,8,0;1;3;6,2;4;5;7,tsmom-monthly__lookback-126,0.9573665191416177,-0.3893811298465796,0.875,1.9459101490553132,False
tsmom-monthly,9,0;1;3;7,2;4;5;6,tsmom-monthly__lookback-126,-0.3729619842305494,0.8941952663964939,0.875,1.9459101490553132,False
tsmom-monthly,10,0;1;4;5,2;3;6;7,tsmom-monthly__lookback-126,-0.5741911546978046,0.37205997283044046,0.875,1.9459101490553132,False
tsmom-monthly,11,0;1;4;6,2;3;5;7,tsmom-monthly__lookback-126,0.9573665191416177,-0.3893811298465796,0.875,1.9459101490553132,False
tsmom-monthly,12,0;1;4;7,2;3;5;6,tsmom-monthly__lookback-126,-0.3729619842305494,0.8941952663964939,0.875,1.9459101490553132,False
tsmom-monthly,13,0;1;5;6,2;3;4;7,tsmom-monthly__lookback-126,0.9573665191416177,-0.3893811298465796,0.875,1.9459101490553132,False
tsmom-monthly,14,0;1;5;7,2;3;4;6,tsmom-monthly__lookback-126,-0.3729619842305494,0.8941952663964939,0.875,1.9459101490553132,False
tsmom-monthly,15,0;1;6;7,2;3;4;5,tsmom-monthly__lookback-126,0.3959282783205466,-0.5380906977077502,0.875,1.9459101490553132,False
tsmom-monthly,16,0;2;3;4,1;5;6;7,tsmom-monthly__lookback-126,-0.6432457571444271,0.45107452340178794,0.5,0.0,True
tsmom-monthly,17,0;2;3;5,1;4;6;7,tsmom-monthly__lookback-126,-0.6432457571444271,0.45107452340178794,0.5,0.0,True
tsmom-monthly,18,0;2;3;6,1;4;5;7,tsmom-monthly__lookback-126,0.7928089798520905,-0.31701524377300816,0.5,0.0,True
tsmom-monthly,19,0;2;3;7,1;4;5;6,tsmom-monthly__lookback-126,-0.44270568245156444,1.0713964213754157,0.8333333333333334,1.6094379124341007,False
tsmom-monthly,20,0;2;4;5,1;3;6;7,tsmom-monthly__lookback-126,-0.6432457571444271,0.45107452340178794,0.5,0.0,True
tsmom-monthly,21,0;2;4;6,1;3;5;7,tsmom-monthly__lookback-126,0.7928089798520905,-0.31701524377300816,0.16666666666666666,-1.6094379124341005,True
tsmom-monthly,22,0;2;4;7,1;3;5;6,tsmom-monthly__lookback-126,-0.44270568245156444,1.0713964213754157,0.8333333333333334,1.6094379124341007,False
tsmom-monthly,23,0;2;5;6,1;3;4;7,tsmom-monthly__lookback-126,0.7928089798520905,-0.31701524377300816,0.16666666666666666,-1.6094379124341005,True
tsmom-monthly,24,0;2;5;7,1;3;4;6,tsmom-monthly__lookback-126,-0.44270568245156444,1.0713964213754157,0.8333333333333334,1.6094379124341007,False
tsmom-monthly,25,0;2;6;7,1;3;4;5,tsmom-monthly__lookback-126,0.31902433752775144,-0.4454398796830848,0.5,0.0,True
tsmom-monthly,26,0;3;4;5,1;2;6;7,tsmom-monthly__lookback-126,-0.3631211316086028,0.28841500575413365,0.875,1.9459101490553132,False
tsmom-monthly,27,0;3;4;6,1;2;5;7,tsmom-monthly__lookback-126,1.143953641867903,-0.4729833302737831,0.875,1.9459101490553132,False
tsmom-monthly,28,0;3;4;7,1;2;5;6,tsmom-monthly__lookback-126,-0.2837180812715041,0.7349174645312241,0.875,1.9459101490553132,False
tsmom-monthly,29,0;3;5;6,1;2;4;7,tsmom-monthly__lookback-126,1.143953641867903,-0.4729833302737831,0.625,0.5108256237659907,False
tsmom-monthly,30,0;3;5;7,1;2;4;6,tsmom-monthly__lookback-126,-0.2837180812715041,0.7349174645312241,0.875,1.9459101490553132,False
tsmom-monthly,31,0;3;6;7,1;2;4;5,tsmom-monthly__lookback-126,0.4840886861456559,-0.6933180978438986,0.625,0.5108256237659907,False
tsmom-monthly,32,0;4;5;6,1;2;3;7,tsmom-monthly__lookback-126,1.143953641867903,-0.4729833302737831,0.625,0.5108256237659907,False
tsmom-monthly,33,0;4;5;7,1;2;3;6,tsmom-monthly__lookback-126,-0.2837180812715041,0.7349174645312241,0.875,1.9459101490553132,False
tsmom-monthly,34,0;4;6;7,1;2;3;5,tsmom-monthly__lookback-126,0.4840886861456559,-0.6933180978438986,0.625,0.5108256237659907,False
tsmom-monthly,35,0;5;6;7,1;2;3;4,tsmom-monthly__lookback-126,0.4840886861456559,-0.6933180978438986,0.625,0.5108256237659907,False
tsmom-monthly,36,1;2;3;4,0;5;6;7,tsmom-monthly__lookback-252,-0.5749527782123538,-1.1411500358602111,0.125,-1.9459101490553135,True
tsmom-monthly,37,1;2;3;5,0;4;6;7,tsmom-monthly__lookback-252,-0.5749527782123538,-1.1411500358602111,0.125,-1.9459101490553135,True
tsmom-monthly,38,1;2;3;6,0;4;5;7,tsmom-monthly__lookback-126,0.7349174645312241,-0.2837180812715041,0.875,1.9459101490553132,False
tsmom-monthly,39,1;2;3;7,0;4;5;6,tsmom-monthly__lookback-63,-0.34856060131970956,0.06648328726214539,0.625,0.5108256237659907,False
tsmom-monthly,40,1;2;4;5,0;3;6;7,tsmom-monthly__lookback-252,-0.5749527782123538,-1.1411500358602111,0.125,-1.9459101490553135,True
tsmom-monthly,41,1;2;4;6,0;3;5;7,tsmom-monthly__lookback-126,0.7349174645312241,-0.2837180812715041,0.875,1.9459101490553132,False
tsmom-monthly,42,1;2;4;7,0;3;5;6,tsmom-monthly__lookback-63,-0.42869179712006245,0.18565809149084744,0.625,0.5108256237659907,False
tsmom-monthly,43,1;2;5;6,0;3;4;7,tsmom-monthly__lookback-126,0.7349174645312241,-0.2837180812715041,0.875,1.9459101490553132,False
tsmom-monthly,44,1;2;5;7,0;3;4;6,tsmom-monthly__lookback-126,-0.4729833302737831,1.143953641867903,0.875,1.9459101490553132,False
tsmom-monthly,45,1;2;6;7,0;3;4;5,tsmom-monthly__lookback-126,0.28841500575413365,-0.3631211316086028,0.875,1.9459101490553132,False
tsmom-monthly,46,1;3;4;5,0;2;6;7,tsmom-monthly__lookback-189,0.4584507243993163,-1.412859769203571,0.125,-1.9459101490553135,True
tsmom-monthly,47,1;3;4;6,0;2;5;7,tsmom-monthly__lookback-126,1.0713964213754157,-0.44270568245156444,0.875,1.9459101490553132,False
tsmom-monthly,48,1;3;4;7,0;2;5;6,tsmom-monthly__lookback-189,0.4584507243993163,-1.412859769203571,0.125,-1.9459101490553135,True
tsmom-monthly,49,1;3;5;6,0;2;4;7,tsmom-monthly__lookback-126,1.0713964213754157,-0.44270568245156444,0.875,1.9459101490553132,False
tsmom-monthly,50,1;3;5;7,0;2;4;6,tsmom-monthly__lookback-189,0.4584507243993163,-1.412859769203571,0.125,-1.9459101490553135,True
tsmom-monthly,51,1;3;6;7,0;2;4;5,tsmom-monthly__lookback-189,0.4584507243993163,-1.412859769203571,0.125,-1.9459101490553135,True
tsmom-monthly,52,1;4;5;6,0;2;3;7,tsmom-monthly__lookback-126,1.0713964213754157,-0.44270568245156444,0.875,1.9459101490553132,False
tsmom-monthly,53,1;4;5;7,0;2;3;6,tsmom-monthly__lookback-189,0.4584507243993163,-1.412859769203571,0.125,-1.9459101490553135,True
tsmom-monthly,54,1;4;6;7,0;2;3;5,tsmom-monthly__lookback-189,0.4584507243993163,-1.412859769203571,0.125,-1.9459101490553135,True
tsmom-monthly,55,1;5;6;7,0;2;3;4,tsmom-monthly__lookback-189,0.4584507243993163,-1.412859769203571,0.125,-1.9459101490553135,True
tsmom-monthly,56,2;3;4;5,0;1;6;7,tsmom-monthly__lookback-126,-0.5380906977077502,0.3959282783205466,0.875,1.9459101490553132,False
tsmom-monthly,57,2;3;4;6,0;1;5;7,tsmom-monthly__lookback-126,0.8941952663964939,-0.3729619842305494,0.875,1.9459101490553132,False
tsmom-monthly,58,2;3;4;7,0;1;5;6,tsmom-monthly__lookback-126,-0.3893811298465796,0.9573665191416177,0.875,1.9459101490553132,False
tsmom-monthly,59,2;3;5;6,0;1;4;7,tsmom-monthly__lookback-126,0.8941952663964939,-0.3729619842305494,0.875,1.9459101490553132,False
tsmom-monthly,60,2;3;5;7,0;1;4;6,tsmom-monthly__lookback-126,-0.3893811298465796,0.9573665191416177,0.875,1.9459101490553132,False
tsmom-monthly,61,2;3;6;7,0;1;4;5,tsmom-monthly__lookback-126,0.37205997283044046,-0.5741911546978046,0.875,1.9459101490553132,False
tsmom-monthly,62,2;4;5;6,0;1;3;7,tsmom-monthly__lookback-126,0.8941952663964939,-0.3729619842305494,0.875,1.9459101490553132,False
tsmom-monthly,63,2;4;5;7,0;1;3;6,tsmom-monthly__lookback-126,-0.3893811298465796,0.9573665191416177,0.875,1.9459101490553132,False
tsmom-monthly,64,2;4;6;7,0;1;3;5,tsmom-monthly__lookback-126,0.37205997283044046,-0.5741911546978046,0.875,1.9459101490553132,False
tsmom-monthly,65,2;5;6;7,0;1;3;4,tsmom-monthly__lookback-126,0.37205997283044046,-0.5741911546978046,0.875,1.9459101490553132,False
tsmom-monthly,66,3;4;5;6,0;1;2;7,tsmom-monthly__lookback-126,1.271331850938286,-0.5241236029083514,0.875,1.9459101490553132,False
tsmom-monthly,67,3;4;5;7,0;1;2;6,tsmom-monthly__lookback-126,-0.2250520983876786,0.6419302528108006,0.875,1.9459101490553132,False
tsmom-monthly,68,3;4;6;7,0;1;2;5,tsmom-monthly__lookback-126,0.5412637332805504,-0.779293627633253,0.875,1.9459101490553132,False
tsmom-monthly,69,3;5;6;7,0;1;2;4,tsmom-monthly__lookback-126,0.5412637332805504,-0.779293627633253,0.875,1.9459101490553132,False
tsmom-monthly,70,4;5;6;7,0;1;2;3,tsmom-monthly__lookback-126,0.5412637332805504,-0.779293627633253,0.875,1.9459101490553132,False
donchian,1,0;1;2;3,4;5;6;7,donchian__entry-20-exit-10,-0.29251943837478256,1.0949506441160286,0.9,2.1972245773362196,False
donchian,2,0;1;2;4,3;5;6;7,donchian__entry-20-exit-10,0.3717178235163809,0.8925620060393472,0.9,2.1972245773362196,False
donchian,3,0;1;2;5,3;4;6;7,donchian__entry-20-exit-10,-0.26324807870449846,1.1129009898245774,0.9,2.1972245773362196,False
donchian,4,0;1;2;6,3;4;5;7,donchian__entry-200-exit-80,0.9301796255462597,-0.2788043113650509,0.3,-0.8472978603872036,True
donchian,5,0;1;2;7,3;4;5;6,donchian__entry-20-exit-10,0.03274425510163346,1.1022075404287954,0.9,2.1972245773362196,False
donchian,6,0;1;3;4,2;5;6;7,donchian__entry-20-exit-10,0.35386679075809424,0.9004851101194978,0.9,2.1972245773362196,False
donchian,7,0;1;3;5,2;4;6;7,donchian__entry-20-exit-10,-0.32067647668837695,1.1190865369097924,0.9,2.1972245773362196,False
donchian,8,0;1;3;6,2;4;5;7,donchian__entry-200-exit-80,0.930985308063894,-0.27856295362347744,0.3,-0.8472978603872036,True
donchian,9,0;1;3;7,2;4;5;6,donchian__entry-20-exit-10,0.004324847611737957,1.107646751208796,0.9,2.1972245773362196,False
donchian,10,0;1;4;5,2;3;6;7,donchian__entry-20-exit-10,0.345772553020419,0.9252976740384179,0.9,2.1972245773362196,False
donchian,11,0;1;4;6,2;3;5;7,donchian__entry-20-exit-10,1.0498630381189862,0.09074886854773904,0.9,2.1972245773362196,False
donchian,12,0;1;4;7,2;3;5;6,donchian__entry-20-exit-10,0.4528682140611276,0.9411377165366497,0.9,2.1972245773362196,False
donchian,13,0;1;5;6,2;3;4;7,donchian__entry-200-exit-80,0.930985308063894,-0.27856295362347744,0.3,-0.8472978603872036,True
donchian,14,0;1;5;7,2;3;4;6,donchian__entry-20-exit-10,0.006874613469155044,1.1319888955727198,0.9,2.1972245773362196,False
donchian,15,0;1;6;7,2;3;4;5,donchian__entry-20-exit-10,0.8352365924383145,0.42468071667092877,0.875,1.9459101490553132,False
donchian,16,0;2;3;4,1;5;6;7,donchian__entry-20-exit-10,0.5138880796956676,0.7464042655498357,0.9,2.1972245773362196,False
donchian,17,0;2;3;5,1;4;6;7,donchian__entry-20-exit-10,-0.038958965278332015,0.9978900291480927,0.9,2.1972245773362196,False
donchian,18,0;2;3;6,1;4;5;7,donchian__entry-20-exit-10,1.0608393824858635,0.3788699449972909,0.9,2.1972245773362196,False
donchian,19,0;2;3;7,1;4;5;6,donchian__entry-20-exit-10,0.19372690129090778,0.9703542916452992,0.9,2.1972245773362196,False
donchian,20,0;2;4;5,1;3;6;7,donchian__entry-20-exit-10,0.5012206506804944,0.7667838687050913,0.9,2.1972245773362196,False
donchian,21,0;2;4;6,1;3;5;7,donchian__entry-20-exit-10,1.1872628374634029,-0.09849041745416966,0.7,0.8472978603872034,False
donchian,22,0;2;4;7,1;3;5;6,donchian__entry-20-exit-10,0.5858122905118939,0.7398459790216622,0.7,0.8472978603872034,False
donchian,23,0;2;5;6,1;3;4;7,donchian__entry-20-exit-10,1.0135572709942764,0.3850859465905672,0.9,2.1972245773362196,False
donchian,24,0;2;5;7,1;3;4;6,donchian__entry-20-exit-10,0.18881429045483067,0.9915904817676713,0.9,2.1972245773362196,False
donchian,25,0;2;6;7,1;3;4;5,donchian__entry-20-exit-10,0.9894532153281872,0.2647587906766488,0.8333333333333334,1.6094379124341007,False
donchian,26,0;3;4;5,1;2;6;7,donchian__entry-20-exit-10,0.48594423194454234,0.7769194195242204,0.9,2.1972245773362196,False
donchian,27,0;3;4;6,1;2;5;7,donchian__entry-20-exit-10,1.18306168508716,-0.06763605883567575,0.9,2.1972245773362196,False
donchian,28,0;3;4;7,1;2;5;6,donchian__entry-20-exit-10,0.5729119803654869,0.7488457681633717,0.7,0.8472978603872034,False
donchian,29,0;3;5;6,1;2;4;7,donchian__entry-20-exit-10,1.0121289423219628,0.40061652375793116,0.9,2.1972245773362196,False
donchian,30,0;3;5;7,1;2;4;6,donchian__entry-20-exit-10,0.16490027684443873,0.9985427568662415,0.9,2.1972245773362196,False
donchian,31,0;3;6;7,1;2;4;5,donchian__entry-20-exit-10,0.9832410728367158,0.2842372255489176,0.875,1.9459101490553132,False
donchian,32,0;4;5;6,1;2;3;7,donchian__entry-20-exit-10,1.1578311303177937,-0.07337588369540916,0.9,2.1972245773362196,False
donchian,33,0;4;5;7,1;2;3;6,donchian__entry-20-exit-10,0.5628915234806136,0.7845538135770362,0.7,0.8472978603872034,False
donchian,34,0;4;6;7,1;2;3;5,donchian__entry-20-exit-10,1.1639469706630936,-0.44461058260045705,0.875,1.9459101490553132,False
donchian,35,0;5;6;7,1;2;3;4,donchian__entry-20-exit-10,0.9571296761774085,0.2905778955575245,0.875,1.9459101490553132,False
donchian,36,1;2;3;4,0;5;6;7,donchian__entry-20-exit-10,0.2905778955575245,0.9571296761774085,0.9,2.1972245773362196,False
donchian,37,1;2;3;5,0;4;6;7,donchian__entry-20-exit-10,-0.44461058260045705,1.1639469706630936,0.9,2.1972245773362196,False
donchian,38,1;2;3;6,0;4;5;7,donchian__entry-200-exit-80,0.930985308063894,-0.27856295362347744,0.3,-0.8472978603872036,True
donchian,39,1;2;3;7,0;4;5;6,donchian__entry-20-exit-10,-0.07337588369540916,1.1578311303177937,0.9,2.1972245773362196,False
donchian,40,1;2;4;5,0;3;6;7,donchian__entry-20-exit-10,0.2842372255489176,0.9832410728367158,0.9,2.1972245773362196,False
donchian,41,1;2;4;6,0;3;5;7,donchian__entry-20-exit-10,0.9985427568662415,0.16490027684443873,0.9,2.1972245773362196,False
donchian,42,1;2;4;7,0;3;5;6,donchian__entry-20-exit-10,0.40061652375793116,1.0121289423219628,0.9,2.1972245773362196,False
donchian,43,1;2;5;6,0;3;4;7,donchian__entry-200-exit-80,0.930985308063894,-0.27856295362347744,0.3,-0.8472978603872036,True
donchian,44,1;2;5;7,0;3;4;6,donchian__entry-20-exit-10,-0.06763605883567575,1.18306168508716,0.9,2.1972245773362196,False
donchian,45,1;2;6;7,0;3;4;5,donchian__entry-20-exit-10,0.7769194195242204,0.48594423194454234,0.75,1.0986122886681098,False
donchian,46,1;3;4;5,0;2;6;7,donchian__entry-20-exit-10,0.2647587906766488,0.9894532153281872,0.9,2.1972245773362196,False
donchian,47,1;3;4;6,0;2;5;7,donchian__entry-20-exit-10,0.9915904817676713,0.18881429045483067,0.9,2.1972245773362196,False
donchian,48,1;3;4;7,0;2;5;6,donchian__entry-20-exit-10,0.3850859465905672,1.0135572709942764,0.9,2.1972245773362196,False
donchian,49,1;3;5;6,0;2;4;7,donchian__entry-200-exit-80,0.9317930877681153,-0.2783222216185316,0.3,-0.8472978603872036,True
donchian,50,1;3;5;7,0;2;4;6,donchian__entry-120-exit-40,-0.032638226602458346,0.09363858085643524,0.1,-2.197224577336219,True
donchian,51,1;3;6;7,0;2;4;5,donchian__entry-20-exit-10,0.7667838687050913,0.5012206506804944,0.875,1.9459101490553132,False
donchian,52,1;4;5;6,0;2;3;7,donchian__entry-20-exit-10,0.9703542916452992,0.19372690129090778,0.9,2.1972245773362196,False
donchian,53,1;4;5;7,0;2;3;6,donchian__entry-20-exit-10,0.3788699449972909,1.0608393824858635,0.9,2.1972245773362196,False
donchian,54,1;4;6;7,0;2;3;5,donchian__entry-20-exit-10,0.9978900291480927,-0.038958965278332015,0.875,1.9459101490553132,False
donchian,55,1;5;6;7,0;2;3;4,donchian__entry-20-exit-10,0.7464042655498357,0.5138880796956676,0.875,1.9459101490553132,False
donchian,56,2;3;4;5,0;1;6;7,donchian__entry-20-exit-10,0.42468071667092877,0.8352365924383145,0.9,2.1972245773362196,False
donchian,57,2;3;4;6,0;1;5;7,donchian__entry-20-exit-10,1.1319888955727198,0.006874613469155044,0.9,2.1972245773362196,False
donchian,58,2;3;4;7,0;1;5;6,donchian__entry-20-exit-10,0.5208098488585858,0.820826233235777,0.7,0.8472978603872034,False
donchian,59,2;3;5;6,0;1;4;7,donchian__entry-20-exit-10,0.9411377165366497,0.4528682140611276,0.9,2.1972245773362196,False
donchian,60,2;3;5;7,0;1;4;6,donchian__entry-20-exit-10,0.09074886854773904,1.0498630381189862,0.9,2.1972245773362196,False
donchian,61,2;3;6;7,0;1;4;5,donchian__entry-20-exit-10,0.9252976740384179,0.345772553020419,0.8333333333333334,1.6094379124341007,False
donchian,62,2;4;5;6,0;1;3;7,donchian__entry-20-exit-10,1.107646751208796,0.004324847611737957,0.9,2.1972245773362196,False
donchian,63,2;4;5;7,0;1;3;6,donchian__entry-20-exit-10,0.5117744800722234,0.8592209040592252,0.7,0.8472978603872034,False
donchian,64,2;4;6;7,0;1;3;5,donchian__entry-20-exit-10,1.1190865369097924,-0.32067647668837695,0.8333333333333334,1.6094379124341007,False
donchian,65,2;5;6;7,0;1;3;4,donchian__entry-20-exit-10,0.9004851101194978,0.35386679075809424,0.8333333333333334,1.6094379124341007,False
donchian,66,3;4;5;6,0;1;2;7,donchian__entry-20-exit-10,1.1022075404287954,0.03274425510163346,0.9,2.1972245773362196,False
donchian,67,3;4;5;7,0;1;2;6,donchian__entry-20-exit-10,0.4978717571126477,0.8644817549660258,0.7,0.8472978603872034,False
donchian,68,3;4;6;7,0;1;2;5,donchian__entry-20-exit-10,1.1129009898245774,-0.26324807870449846,0.875,1.9459101490553132,False
donchian,69,3;5;6;7,0;1;2;4,donchian__entry-20-exit-10,0.8925620060393472,0.3717178235163809,0.875,1.9459101490553132,False
donchian,70,4;5;6;7,0;1;2;3,donchian__entry-20-exit-10,1.0949506441160286,-0.29251943837478256,0.875,1.9459101490553132,False
bollinger-breakout,1,0;1;2;3,4;5;6;7,bollinger-breakout__period-20-width-1p5,0.023300950737556475,1.1156889094637747,0.75,1.0986122886681098,False
bollinger-breakout,2,0;1;2;4,3;5;6;7,bollinger-breakout__period-20-width-1p5,0.3487269657129651,1.184896182440762,0.75,1.0986122886681098,False
bollinger-breakout,3,0;1;2;5,3;4;6;7,bollinger-breakout__period-20-width-1p5,0.20682927952898666,1.0490585445485672,0.5833333333333334,0.336472236621213,False
bollinger-breakout,4,0;1;2;6,3;4;5;7,bollinger-breakout__period-20-width-1p5,1.2332487670381505,0.46507385481876984,0.5833333333333334,0.336472236621213,False
bollinger-breakout,5,0;1;2;7,3;4;5;6,bollinger-breakout__period-20-width-1,0.5570327379607423,0.9809925504043512,0.4166666666666667,-0.33647223662121273,True
bollinger-breakout,6,0;1;3;4,2;5;6;7,bollinger-breakout__period-50-width-1p5,0.39749627591002246,0.7551991373426011,0.4166666666666667,-0.33647223662121273,True
bollinger-breakout,7,0;1;3;5,2;4;6;7,bollinger-breakout__period-20-width-1,0.17107557592015127,1.1511741664225659,0.9166666666666666,2.3978952727983702,False
bollinger-breakout,8,0;1;3;6,2;4;5;7,bollinger-breakout__period-20-width-1p5,1.184358991932359,0.510912689804078,0.75,1.0986122886681098,False
bollinger-breakout,9,0;1;3;7,2;4;5;6,bollinger-breakout__period-20-width-1,0.6266552712867286,0.9320829252881239,0.08333333333333333,-2.3978952727983707,True
bollinger-breakout,10,0;1;4;5,2;3;6;7,bollinger-breakout__period-20-width-1,0.43021862736000394,1.2132344670163209,0.9166666666666666,2.3978952727983702,False
bollinger-breakout,11,0;1;4;6,2;3;5;7,bollinger-breakout__period-20-width-1p5,1.0344141808256586,0.33291748004697175,0.75,1.0986122886681098,False
bollinger-breakout,12,0;1;4;7,2;3;5;6,bollinger-breakout__period-20-width-1,0.7142214208000717,0.9757758433045005,0.5833333333333334,0.336472236621213,False
bollinger-breakout,13,0;1;5;6,2;3;4;7,bollinger-breakout__period-20-width-1p5,1.2795737227357007,0.43195461873998775,0.4166666666666667,-0.33647223662121273,True
bollinger-breakout,14,0;1;5;7,2;3;4;6,bollinger-breakout__period-20-width-1,0.6691665609126844,0.902405236363744,0.08333333333333333,-2.3978952727983707,True
bollinger-breakout,15,0;1;6;7,2;3;4;5,bollinger-breakout__period-20-width-1,1.3228109889930233,0.3235085287681747,0.4166666666666667,-0.33647223662121273,True
bollinger-breakout,16,0;2;3;4,1;5;6;7,bollinger-breakout__period-50-width-2,0.47084613599823116,0.5323088031508324,0.08333333333333333,-2.3978952727983707,True
bollinger-breakout,17,0;2;3;5,1;4;6;7,bollinger-breakout__period-20-width-2,0.29155506497781425,0.7888941041991571,0.08333333333333333,-2.3978952727983707,True
bollinger-breakout,18,0;2;3;6,1;4;5;7,bollinger-breakout__period-20-width-2,1.2604066854203555,0.2533233097095141,0.08333333333333333,-2.3978952727983707,True
bollinger-breakout,19,0;2;3;7,1;4;5;6,bollinger-breakout__period-20-width-1,0.47545167221002266,1.0347848432253532,0.5833333333333334,0.336472236621213,False
bollinger-breakout,20,0;2;4;5,1;3;6;7,bollinger-breakout__period-20-width-2,0.471906001941435,0.7572117445893667,0.4166666666666667,-0.33647223662121273,True
bollinger-breakout,21,0;2;4;6,1;3;5;7,bollinger-breakout__period-50-width-2,1.0568833705435294,-0.2149815316865058,0.08333333333333333,-2.3978952727983707,True
bollinger-breakout,22,0;2;4;7,1;3;5;6,bollinger-breakout__period-20-width-1,0.6146420260181295,1.1379416726015357,0.5833333333333334,0.336472236621213,False
bollinger-breakout,23,0;2;5;6,1;3;4;7,bollinger-breakout__period-20-width-2,1.3012431413252112,0.1677589512493947,0.08333333333333333,-2.3978952727983707,True
bollinger-breakout,24,0;2;5;7,1;3;4;6,bollinger-breakout__period-20-width-1,0.521988703708818,1.0064145854406887,0.5833333333333334,0.336472236621213,False
bollinger-breakout,25,0;2;6;7,1;3;4;5,bollinger-breakout__period-20-width-1p5,1.2215366150270373,0.30809996995860056,0.4166666666666667,-0.33647223662121273,True
bollinger-breakout,26,0;3;4;5,1;2;6;7,bollinger-breakout__period-20-width-2,0.40652706998017807,0.8146531349174538,0.5833333333333334,0.336472236621213,False
bollinger-breakout,27,0;3;4;6,1;2;5;7,bollinger-breakout__period-50-width-2,1.0930145871780699,-0.20308356450633078,0.08333333333333333,-2.3978952727983707,True
bollinger-breakout,28,0;3;4;7,1;2;5;6,bollinger-breakout__period-20-width-1,0.6593635489056118,1.053271308426211,0.5833333333333334,0.336472236621213,False
bollinger-breakout,29,0;3;5;6,1;2;4;7,bollinger-breakout__period-20-width-2,1.2807568829563685,0.23484004970124728,0.08333333333333333,-2.3978952727983707,True
bollinger-breakout,30,0;3;5;7,1;2;4;6,bollinger-breakout__period-20-width-1,0.5899755174969813,0.9569511992719398,0.25,-1.0986122886681098,True
bollinger-breakout,31,0;3;6;7,1;2;4;5,bollinger-breakout__period-20-width-1,1.2609395594994581,0.38788459176906337,0.75,1.0986122886681098,False
bollinger-breakout,32,0;4;5;6,1;2;3;7,bollinger-breakout__period-20-width-2,1.0500992711629409,-0.14389697768287688,0.25,-1.0986122886681098,True
bollinger-breakout,33,0;4;5;7,1;2;3;6,bollinger-breakout__period-20-width-1,0.6914792464775463,1.0213950560686287,0.5833333333333334,0.336472236621213,False
bollinger-breakout,34,0;4;6;7,1;2;3;5,bollinger-breakout__period-20-width-1,1.1857344282365094,0.0906843369438196,0.75,1.0986122886681098,False
bollinger-breakout,35,0;5;6;7,1;2;3;4,bollinger-breakout__period-20-width-1,1.2870587203085788,0.3478091983369803,0.4166666666666667,-0.33647223662121273,True
bollinger-breakout,36,1;2;3;4,0;5;6;7,bollinger-breakout__period-50-width-1p5,0.40283199625681143,0.7554704541963632,0.4166666666666667,-0.33647223662121273,True
bollinger-breakout,37,1;2;3;5,0;4;6;7,bollinger-breakout__period-20-width-2,0.2633925157656903,0.7985909563908165,0.08333333333333333,-2.3978952727983707,True
bollinger-breakout,38,1;2;3;6,0;4;5;7,bollinger-breakout__period-20-width-2,1.245570767753304,0.2645189432501884,0.08333333333333333,-2.3978952727983707,True
bollinger-breakout,39,1;2;3;7,0;4;5;6,bollinger-breakout__period-20-width-1,0.570047634847447,0.9702883833205339,0.5833333333333334,0.336472236621213,False
bollinger-breakout,40,1;2;4;5,0;3;6;7,bollinger-breakout__period-20-width-2,0.45987432670915346,0.7712449699926979,0.4166666666666667,-0.33647223662121273,True
bollinger-breakout,41,1;2;4;6,0;3;5;7,bollinger-breakout__period-20-width-2,1.0236342908294807,-0.08844695939484967,0.4166666666666667,-0.33647223662121273,True
bollinger-breakout,42,1;2;4;7,0;3;5;6,bollinger-breakout__period-20-width-1,0.6767867873719646,1.034952269831874,0.5833333333333334,0.336472236621213,False
bollinger-breakout,43,1;2;5;6,0;3;4;7,bollinger-breakout__period-20-width-2,1.2873648093982155,0.17943687314172616,0.08333333333333333,-2.3978952727983707,True
bollinger-breakout,44,1;2;5;7,0;3;4;6,bollinger-breakout__period-20-width-1,0.6141311843795654,0.9411142919346415,0.4166666666666667,-0.33647223662121273,True
bollinger-breakout,45,1;2;6;7,0;3;4;5,bollinger-breakout__period-20-width-1,1.2756566234715647,0.36627174704056487,0.5833333333333334,0.336472236621213,False
bollinger-breakout,46,1;3;4;5,0;2;6;7,bollinger-breakout__period-20-width-1,0.4366936013643152,1.1942540398014652,0.75,1.0986122886681098,False
bollinger-breakout,47,1;3;4;6,0;2;5;7,bollinger-breakout__period-50-width-1p5,1.1329196016329415,-0.048353674325312145,0.25,-1.0986122886681098,True
bollinger-breakout,48,1;3;4;7,0;2;5;6,bollinger-breakout__period-20-width-1,0.7221504700724014,0.9528653396576361,0.5833333333333334,0.336472236621213,False
bollinger-breakout,49,1;3;5;6,0;2;4;7,bollinger-breakout__period-20-width-2,1.266095346914719,0.2460929350783602,0.08333333333333333,-2.3978952727983707,True
bollinger-breakout,50,1;3;5;7,0;2;4;6,bollinger-breakout__period-20-width-1,0.6841165026304702,0.8923728020175156,0.08333333333333333,-2.3978952727983707,True
bollinger-breakout,51,1;3;6;7,0;2;4;5,bollinger-breakout__period-20-width-1,1.3437473545036223,0.3183392704268315,0.4166666666666667,-0.33647223662121273,True
bollinger-breakout,52,1;4;5;6,0;2;3;7,bollinger-breakout__period-20-width-1p5,1.0431751502353592,0.3161503891269395,0.75,1.0986122886681098,False
bollinger-breakout,53,1;4;5;7,0;2;3;6,bollinger-breakout__period-20-width-1,0.7535445265141554,0.9178168824596791,0.4166666666666667,-0.33647223662121273,True
bollinger-breakout,54,1;4;6;7,0;2;3;5,bollinger-breakout__period-20-width-1,1.2443255135900826,-0.03953920969471376,0.5833333333333334,0.336472236621213,False
bollinger-breakout,55,1;5;6;7,0;2;3;4,bollinger-breakout__period-20-width-1,1.3682469173710947,0.27722651647054963,0.4166666666666667,-0.33647223662121273,True
bollinger-breakout,56,2;3;4;5,0;1;6;7,bollinger-breakout__period-20-width-2,0.5395596799190711,0.6665517432835683,0.25,-1.0986122886681098,True
bollinger-breakout,57,2;3;4;6,0;1;5;7,bollinger-breakout__period-50-width-2,1.1241608032534987,-0.29128334738444045,0.08333333333333333,-2.3978952727983707,True
bollinger-breakout,58,2;3;4;7,0;1;5;6,bollinger-breakout__period-20-width-1,0.6216346561597179,1.1113988002113726,0.5833333333333334,0.336472236621213,False
bollinger-breakout,59,2;3;5;6,0;1;4;7,bollinger-breakout__period-20-width-2,1.434376184327165,0.11113853130546401,0.08333333333333333,-2.3978952727983707,True
bollinger-breakout,60,2;3;5;7,0;1;4;6,bollinger-breakout__period-20-width-1,0.5340263568635804,0.9953513451730777,0.5833333333333334,0.336472236621213,False
bollinger-breakout,61,2;3;6;7,0;1;4;5,bollinger-breakout__period-20-width-1,1.2132344670163209,0.43021862736000394,0.9166666666666666,2.3978952727983702,False
bollinger-breakout,62,2;4;5;6,0;1;3;7,bollinger-breakout__period-20-width-2,1.1581347401570794,-0.3832515445269988,0.08333333333333333,-2.3978952727983707,True
bollinger-breakout,63,2;4;5;7,0;1;3;6,bollinger-breakout__period-20-width-1,0.6542215792936561,1.0813652733186476,0.75,1.0986122886681098,False
bollinger-breakout,64,2;4;6;7,0;1;3;5,bollinger-breakout__period-20-width-1,1.1511741664225659,0.17107557592015127,0.9166666666666666,2.3978952727983702,False
bollinger-breakout,65,2;5;6;7,0;1;3;4,bollinger-breakout__period-20-width-1,1.240284221714087,0.3908480884820515,0.75,1.0986122886681098,False
bollinger-breakout,66,3;4;5;6,0;1;2;7,bollinger-breakout__period-20-width-2,1.1180650879957423,-0.22957890422696758,0.08333333333333333,-2.3978952727983707,True
bollinger-breakout,67,3;4;5;7,0;1;2;6,bollinger-breakout__period-20-width-1,0.699123464434757,0.9968459686561577,0.5833333333333334,0.336472236621213,False
bollinger-breakout,68,3;4;6;7,0;1;2;5,bollinger-breakout__period-20-width-1,1.1964758710794294,0.08463892458304555,0.5833333333333334,0.336472236621213,False
bollinger-breakout,69,3;5;6;7,0;1;2;4,bollinger-breakout__period-20-width-1,1.3071210562036557,0.3422977495128541,0.75,1.0986122886681098,False
bollinger-breakout,70,4;5;6;7,0;1;2;3,bollinger-breakout__period-20-width-1,1.221281754922996,0.0013780972859558744,0.75,1.0986122886681098,False
keltner-breakout,1,0;1;2;3,4;5;6;7,keltner-breakout__multiplier-2p5-period-20,-0.3601192031658348,1.0132749003132475,0.4166666666666667,-0.33647223662121273,True
keltner-breakout,2,0;1;2;4,3;5;6;7,keltner-breakout__multiplier-1p5-period-20,0.38143674092982743,1.2873905312248681,0.9166666666666666,2.3978952727983702,False
keltner-breakout,3,0;1;2;5,3;4;6;7,keltner-breakout__multiplier-1p5-period-20,-0.31848363877740754,1.3440722906414475,0.9166666666666666,2.3978952727983702,False
keltner-breakout,4,0;1;2;6,3;4;5;7,keltner-breakout__multiplier-2p5-period-20,0.8505736434131304,0.5197727058889144,0.5833333333333334,0.336472236621213,False
keltner-breakout,5,0;1;2;7,3;4;5;6,keltner-breakout__multiplier-1p5-period-20,0.21303341235610052,1.2314078013063392,0.9166666666666666,2.3978952727983702,False
keltner-breakout,6,0;1;3;4,2;5;6;7,keltner-breakout__multiplier-1p5-period-20,0.36892338580783984,1.2873967849902523,0.9166666666666666,2.3978952727983702,False
keltner-breakout,7,0;1;3;5,2;4;6;7,keltner-breakout__multiplier-1p5-period-20,-0.3748372410881677,1.346918433077129,0.9166666666666666,2.3978952727983702,False
keltner-breakout,8,0;1;3;6,2;4;5;7,keltner-breakout__multiplier-2p5-period-20,0.8042447191386815,0.5710384332977336,0.5833333333333334,0.336472236621213,False
keltner-breakout,9,0;1;3;7,2;4;5;6,keltner-breakout__multiplier-1p5-period-20,0.19423258986958838,1.2345391604542346,0.9166666666666666,2.3978952727983702,False
keltner-breakout,10,0;1;4;5,2;3;6;7,keltner-breakout__multiplier-1p5-period-20,0.42788209704008606,1.240618160320031,0.9166666666666666,2.3978952727983702,False
keltner-breakout,11,0;1;4;6,2;3;5;7,keltner-breakout__multiplier-1p5-period-20,0.9981481967766733,0.5657283391594683,0.9166666666666666,2.3978952727983702,False
keltner-breakout,12,0;1;4;7,2;3;5;6,keltner-breakout__multiplier-1p5-period-20,0.6385536548332167,1.1613320436531869,0.9166666666666666,2.3978952727983702,False
keltner-breakout,13,0;1;5;6,2;3;4;7,keltner-breakout__multiplier-1p5-period-20,0.8511281219331887,0.8267531919200889,0.9166666666666666,2.3978952727983702,False
keltner-breakout,14,0;1;5;7,2;3;4;6,keltner-breakout__multiplier-1p5-period-20,0.27597866084643663,1.192188471666496,0.9166666666666666,2.3978952727983702,False
keltner-breakout,15,0;1;6;7,2;3;4;5,keltner-breakout__multiplier-1p5-period-20,0.9997730259310198,0.6441635079417383,0.9166666666666666,2.3978952727983702,False
keltner-breakout,16,0;2;3;4,1;5;6;7,keltner-breakout__multiplier-2p5-period-40,0.529780665055718,0.27086789507009584,0.08333333333333333,-2.3978952727983707,True
keltner-breakout,17,0;2;3;5,1;4;6;7,keltner-breakout__multiplier-1p5-period-20,-0.16907774828620797,1.2829280307121471,0.9166666666666666,2.3978952727983702,False
keltner-breakout,18,0;2;3;6,1;4;5;7,keltner-breakout__multiplier-2p5-period-20,1.0174588328656073,0.42590979453540406,0.5833333333333334,0.336472236621213,False
keltner-breakout,19,0;2;3;7,1;4;5;6,keltner-breakout__multiplier-1p5-period-20,0.31192729982109363,1.163175683737156,0.9166666666666666,2.3978952727983702,False
keltner-breakout,20,0;2;4;5,1;3;6;7,keltner-breakout__multiplier-1p5-period-20,0.5120247928461561,1.1525740608536719,0.9166666666666666,2.3978952727983702,False
keltner-breakout,21,0;2;4;6,1;3;5;7,keltner-breakout__multiplier-1p5-period-40,1.1029659064035098,-0.12646463961040852,0.4166666666666667,-0.33647223662121273,True
keltner-breakout,22,0;2;4;7,1;3;5;6,keltner-breakout__multiplier-1p5-period-20,0.7111030519813025,1.0501647029646315,0.9166666666666666,2.3978952727983702,False
keltner-breakout,23,0;2;5;6,1;3;4;7,keltner-breakout__multiplier-1p5-period-20,0.9650512786738569,0.7546971901830204,0.9166666666666666,2.3978952727983702,False
keltner-breakout,24,0;2;5;7,1;3;4;6,keltner-breakout__multiplier-1p5-period-20,0.3890973945294944,1.1197312352667914,0.9166666666666666,2.3978952727983702,False
keltner-breakout,25,0;2;6;7,1;3;4;5,keltner-breakout__multiplier-1p5-period-20,1.0889727284838846,0.56082638392666,0.9166666666666666,2.3978952727983702,False
keltner-breakout,26,0;3;4;5,1;2;6;7,keltner-breakout__multiplier-1p5-period-20,0.5011903486932187,1.1542985073375778,0.9166666666666666,2.3978952727983702,False
keltner-breakout,27,0;3;4;6,1;2;5;7,keltner-breakout__multiplier-1p5-period-40,1.0955494910847885,-0.08138430931715925,0.4166666666666667,-0.33647223662121273,True
keltner-breakout,28,0;3;4;7,1;2;5;6,keltner-breakout__multiplier-1p5-period-20,0.7029490487294996,1.0488788159986544,0.9166666666666666,2.3978952727983702,False
keltner-breakout,29,0;3;5;6,1;2;4;7,keltner-breakout__multiplier-1p5-period-20,0.9643148314369814,0.7623707792001787,0.9166666666666666,2.3978952727983702,False
keltner-breakout,30,0;3;5;7,1;2;4;6,keltner-breakout__multiplier-1p5-period-20,0.3743856605670893,1.1238759279788983,0.9166666666666666,2.3978952727983702,False
keltner-breakout,31,0;3;6;7,1;2;4;5,keltner-breakout__multiplier-1p5-period-20,1.0862854794145556,0.57094187561976,0.9166666666666666,2.3978952727983702,False
keltner-breakout,32,0;4;5;6,1;2;3;7,keltner-breakout__multiplier-1p5-period-20,1.1106500440303175,0.393192427140485,0.9166666666666666,2.3978952727983702,False
keltner-breakout,33,0;4;5;7,1;2;3;6,keltner-breakout__multiplier-1p5-period-20,0.7504493062785678,0.9896099423085093,0.75,1.0986122886681098,False
keltner-breakout,34,0;4;6;7,1;2;3;5,keltner-breakout__multiplier-1p5-period-20,1.2359523501782885,-0.037678733391623996,0.9166666666666666,2.3978952727983702,False
keltner-breakout,35,0;5;6;7,1;2;3;4,keltner-breakout__multiplier-1p5-period-20,1.1364477961741655,0.5148740727978985,0.9166666666666666,2.3978952727983702,False
keltner-breakout,36,1;2;3;4,0;5;6;7,keltner-breakout__multiplier-1p5-period-20,0.5148740727978985,1.1364477961741655,0.9166666666666666,2.3978952727983702,False
keltner-breakout,37,1;2;3;5,0;4;6;7,keltner-breakout__multiplier-1p5-period-20,-0.037678733391623996,1.2359523501782885,0.9166666666666666,2.3978952727983702,False
keltner-breakout,38,1;2;3;6,0;4;5;7,keltner-breakout__multiplier-2p5-period-20,1.0080641509975585,0.4326072926624421,0.4166666666666667,-0.33647223662121273,True
keltner-breakout,39,1;2;3;7,0;4;5;6,keltner-breakout__multiplier-1p5-period-20,0.393192427140485,1.1106500440303175,0.9166666666666666,2.3978952727983702,False
keltner-breakout,40,1;2;4;5,0;3;6;7,keltner-breakout__multiplier-1p5-period-20,0.57094187561976,1.0862854794145556,0.9166666666666666,2.3978952727983702,False
keltner-breakout,41,1;2;4;6,0;3;5;7,keltner-breakout__multiplier-1p5-period-20,1.1238759279788983,0.3743856605670893,0.9166666666666666,2.3978952727983702,False
keltner-breakout,42,1;2;4;7,0;3;5;6,keltner-breakout__multiplier-1p5-period-20,0.7623707792001787,0.9643148314369814,0.9166666666666666,2.3978952727983702,False
keltner-breakout,43,1;2;5;6,0;3;4;7,keltner-breakout__multiplier-1p5-period-20,1.0488788159986544,0.7029490487294996,0.9166666666666666,2.3978952727983702,False
keltner-breakout,44,1;2;5;7,0;3;4;6,keltner-breakout__multiplier-1p5-period-20,0.4677389931622029,1.0664769595451757,0.75,1.0986122886681098,False
keltner-breakout,45,1;2;6;7,0;3;4;5,keltner-breakout__multiplier-1p5-period-20,1.1542985073375778,0.5011903486932187,0.9166666666666666,2.3978952727983702,False
keltner-breakout,46,1;3;4;5,0;2;6;7,keltner-breakout__multiplier-1p5-period-20,0.56082638392666,1.0889727284838846,0.9166666666666666,2.3978952727983702,False
keltner-breakout,47,1;3;4;6,0;2;5;7,keltner-breakout__multiplier-1p5-period-20,1.1197312352667914,0.3890973945294944,0.9166666666666666,2.3978952727983702,False
keltner-breakout,48,1;3;4;7,0;2;5;6,keltner-breakout__multiplier-1p5-period-20,0.7546971901830204,0.9650512786738569,0.9166666666666666,2.3978952727983702,False
keltner-breakout,49,1;3;5;6,0;2;4;7,keltner-breakout__multiplier-1p5-period-20,1.0501647029646315,0.7111030519813025,0.9166666666666666,2.3978952727983702,False
keltner-breakout,50,1;3;5;7,0;2;4;6,keltner-breakout__multiplier-1p5-period-20,0.4547117715071272,1.0711392404027469,0.75,1.0986122886681098,False
keltner-breakout,51,1;3;6;7,0;2;4;5,keltner-breakout__multiplier-1p5-period-20,1.1525740608536719,0.5120247928461561,0.9166666666666666,2.3978952727983702,False
keltner-breakout,52,1;4;5;6,0;2;3;7,keltner-breakout__multiplier-1p5-period-20,1.163175683737156,0.31192729982109363,0.9166666666666666,2.3978952727983702,False
keltner-breakout,53,1;4;5;7,0;2;3;6,keltner-breakout__multiplier-1p5-period-20,0.8015179130359675,0.9026243428070199,0.4166666666666667,-0.33647223662121273,True
keltner-breakout,54,1;4;6;7,0;2;3;5,keltner-breakout__multiplier-1p5-period-20,1.2829280307121471,-0.16907774828620797,0.9166666666666666,2.3978952727983702,False
keltner-breakout,55,1;5;6;7,0;2;3;4,keltner-breakout__multiplier-1p5-period-20,1.201331789201103,0.45488849743994003,0.75,1.0986122886681098,False
keltner-breakout,56,2;3;4;5,0;1;6;7,keltner-breakout__multiplier-1p5-period-20,0.6441635079417383,0.9997730259310198,0.9166666666666666,2.3978952727983702,False
keltner-breakout,57,2;3;4;6,0;1;5;7,keltner-breakout__multiplier-1p5-period-20,1.192188471666496,0.27597866084643663,0.9166666666666666,2.3978952727983702,False
keltner-breakout,58,2;3;4;7,0;1;5;6,keltner-breakout__multiplier-1p5-period-20,0.8267531919200889,0.8511281219331887,0.9166666666666666,2.3978952727983702,False
keltner-breakout,59,2;3;5;6,0;1;4;7,keltner-breakout__multiplier-1p5-period-20,1.1613320436531869,0.6385536548332167,0.9166666666666666,2.3978952727983702,False
keltner-breakout,60,2;3;5;7,0;1;4;6,keltner-breakout__multiplier-1p5-period-20,0.5657283391594683,0.9981481967766733,0.9166666666666666,2.3978952727983702,False
keltner-breakout,61,2;3;6;7,0;1;4;5,keltner-breakout__multiplier-1p5-period-20,1.240618160320031,0.42788209704008606,0.9166666666666666,2.3978952727983702,False
keltner-breakout,62,2;4;5;6,0;1;3;7,keltner-breakout__multiplier-1p5-period-20,1.2345391604542346,0.19423258986958838,0.9166666666666666,2.3978952727983702,False
keltner-breakout,63,2;4;5;7,0;1;3;6,keltner-breakout__multiplier-1p5-period-20,0.8724980020767564,0.7838739305313857,0.75,1.0986122886681098,False
keltner-breakout,64,2;4;6;7,0;1;3;5,keltner-breakout__multiplier-1p5-period-20,1.346918433077129,-0.3748372410881677,0.9166666666666666,2.3978952727983702,False
keltner-breakout,65,2;5;6;7,0;1;3;4,keltner-breakout__multiplier-1p5-period-20,1.2873967849902523,0.36892338580783984,0.9166666666666666,2.3978952727983702,False
keltner-breakout,66,3;4;5;6,0;1;2;7,keltner-breakout__multiplier-1p5-period-20,1.2314078013063392,0.21303341235610052,0.9166666666666666,2.3978952727983702,False
keltner-breakout,67,3;4;5;7,0;1;2;6,keltner-breakout__multiplier-1p5-period-20,0.865837328328333,0.78864156203521,0.75,1.0986122886681098,False
keltner-breakout,68,3;4;6;7,0;1;2;5,keltner-breakout__multiplier-1p5-period-20,1.3440722906414475,-0.31848363877740754,0.9166666666666666,2.3978952727983702,False
keltner-breakout,69,3;5;6;7,0;1;2;4,keltner-breakout__multiplier-1p5-period-20,1.2873905312248681,0.38143674092982743,0.9166666666666666,2.3978952727983702,False
keltner-breakout,70,4;5;6;7,0;1;2;3,keltner-breakout__multiplier-1p5-period-20,1.3818947728891313,-0.49754138518049523,0.75,1.0986122886681098,False
rsi-reversion,1,0;1;2;3,4;5;6;7,rsi-reversion__entry-10-exit-70-period-2,-0.20972279430252708,0.7045963724336076,0.5833333333333334,0.336472236621213,False
rsi-reversion,2,0;1;2;4,3;5;6;7,rsi-reversion__entry-10-exit-70-period-2,0.13737383372578363,0.41889886284129557,0.4166666666666667,-0.33647223662121273,True
rsi-reversion,3,0;1;2;5,3;4;6;7,rsi-reversion__entry-30-exit-50-period-14,0.19877535659447898,0.30960981521304065,0.25,-1.0986122886681098,True
rsi-reversion,4,0;1;2;6,3;4;5;7,rsi-reversion__entry-10-exit-70-period-2,0.344237775429411,0.2715273916319118,0.25,-1.0986122886681098,True
rsi-reversion,5,0;1;2;7,3;4;5;6,rsi-reversion__entry-10-exit-70-period-2,0.1694073658520126,0.46193590247879046,0.4166666666666667,-0.33647223662121273,True
rsi-reversion,6,0;1;3;4,2;5;6;7,rsi-reversion__entry-30-exit-50-period-14,-0.036618450030001984,0.7183918717419124,0.9166666666666666,2.3978952727983702,False
rsi-reversion,7,0;1;3;5,2;4;6;7,rsi-reversion__entry-30-exit-50-period-14,0.13403869193303525,0.4577582628934969,0.25,-1.0986122886681098,True
rsi-reversion,8,0;1;3;6,2;4;5;7,rsi-reversion__entry-10-exit-70-period-2,0.10033844055748126,0.453421442413591,0.25,-1.0986122886681098,True
rsi-reversion,9,0;1;3;7,2;4;5;6,rsi-reversion__entry-10-exit-70-period-2,-0.0014623394237306834,0.7327033811007538,0.4166666666666667,-0.33647223662121273,True
rsi-reversion,10,0;1;4;5,2;3;6;7,rsi-reversion__entry-30-exit-50-period-14,0.4617424298653533,-0.02066116697747076,0.08333333333333333,-2.3978952727983707,True
rsi-reversion,11,0;1;4;6,2;3;5;7,rsi-reversion__entry-10-exit-70-period-2,0.4715226145608965,0.1786648733278231,0.4166666666666667,-0.33647223662121273,True
rsi-reversion,12,0;1;4;7,2;3;5;6,rsi-reversion__entry-10-exit-70-period-2,0.2655846188526262,0.3421575827915204,0.5833333333333334,0.336472236621213,False
rsi-reversion,13,0;1;5;6,2;3;4;7,rsi-reversion__entry-10-exit-70-period-2,0.3453386536861352,0.2590229379615641,0.75,1.0986122886681098,False
rsi-reversion,14,0;1;5;7,2;3;4;6,rsi-reversion__entry-30-exit-50-period-14,0.40354352056806514,0.012233262618275216,0.08333333333333333,-2.3978952727983707,True
rsi-reversion,15,0;1;6;7,2;3;4;5,rsi-reversion__entry-10-exit-70-period-2,0.41849210660957276,0.14870440507810093,0.4166666666666667,-0.33647223662121273,True
rsi-reversion,16,0;2;3;4,1;5;6;7,rsi-reversion__entry-15-exit-70-period-2,-0.019606233574804118,0.13203653391790318,0.08333333333333333,-2.3978952727983707,True
rsi-reversion,17,0;2;3;5,1;4;6;7,rsi-reversion__entry-20-exit-60-period-5,0.12682108218789592,-0.22918933928688234,0.08333333333333333,-2.3978952727983707,True
rsi-reversion,18,0;2;3;6,1;4;5;7,rsi-reversion__entry-15-exit-70-period-2,0.07987491342923152,0.0505286592414614,0.08333333333333333,-2.3978952727983707,True
rsi-reversion,19,0;2;3;7,1;4;5;6,rsi-reversion__entry-10-exit-70-period-2,-0.0838129264505971,0.8392376428319765,0.75,1.0986122886681098,False
rsi-reversion,20,0;2;4;5,1;3;6;7,rsi-reversion__entry-30-exit-50-period-14,0.2096182396152242,0.2764984517018286,0.5833333333333334,0.336472236621213,False
rsi-reversion,21,0;2;4;6,1;3;5;7,rsi-reversion__entry-15-exit-70-period-2,0.6680181317820273,-0.39582955292425387,0.08333333333333333,-2.3978952727983707,True
rsi-reversion,22,0;2;4;7,1;3;5;6,rsi-reversion__entry-15-exit-70-period-2,0.23974803641368747,-0.16428528058832165,0.08333333333333333,-2.3978952727983707,True
rsi-reversion,23,0;2;5;6,1;3;4;7,rsi-reversion__entry-15-exit-70-period-2,0.2944293787182196,-0.12450608208810018,0.25,-1.0986122886681098,True
rsi-reversion,24,0;2;5;7,1;3;4;6,rsi-reversion__entry-30-exit-50-period-14,0.16796753946794224,0.3451794990278157,0.75,1.0986122886681098,False
rsi-reversion,25,0;2;6;7,1;3;4;5,rsi-reversion__entry-10-exit-70-period-2,0.3346549796551801,0.25277422462114196,0.5833333333333334,0.336472236621213,False
rsi-reversion,26,0;3;4;5,1;2;6;7,rsi-reversion__entry-30-exit-50-period-14,0.13673167278207293,0.38575344569358894,0.75,1.0986122886681098,False
rsi-reversion,27,0;3;4;6,1;2;5;7,rsi-reversion__entry-15-exit-70-period-2,0.30263114347303105,-0.13754620533605225,0.08333333333333333,-2.3978952727983707,True
rsi-reversion,28,0;3;4;7,1;2;5;6,rsi-reversion__entry-10-exit-70-period-2,0.011389350662792622,0.7188244127667355,0.75,1.0986122886681098,False
rsi-reversion,29,0;3;5;6,1;2;4;7,rsi-reversion__entry-20-exit-60-period-5,0.11566006256606894,-0.20470863802502443,0.08333333333333333,-2.3978952727983707,True
rsi-reversion,30,0;3;5;7,1;2;4;6,rsi-reversion__entry-30-exit-50-period-14,0.10394203613499911,0.4901345434311548,0.5833333333333334,0.336472236621213,False
rsi-reversion,31,0;3;6;7,1;2;4;5,rsi-reversion__entry-10-exit-70-period-2,0.15412489027392193,0.49919067178789855,0.75,1.0986122886681098,False
rsi-reversion,32,0;4;5;6,1;2;3;7,rsi-reversion__entry-15-exit-70-period-2,0.5063923939173652,-0.3191778860759159,0.08333333333333333,-2.3978952727983707,True
rsi-reversion,33,0;4;5;7,1;2;3;6,rsi-reversion__entry-30-exit-50-period-14,0.434878624079311,0.022019211346558338,0.75,1.0986122886681098,False
rsi-reversion,34,0;4;6;7,1;2;3;5,rsi-reversion__entry-15-exit-70-period-2,0.49925714897625806,-0.5073309181404986,0.08333333333333333,-2.3978952727983707,True
rsi-reversion,35,0;5;6;7,1;2;3;4,rsi-reversion__entry-10-exit-70-period-2,0.3427523767888976,0.24126950716017764,0.9166666666666666,2.3978952727983702,False
rsi-reversion,36,1;2;3;4,0;5;6;7,rsi-reversion__entry-10-exit-70-period-2,0.24126950716017764,0.3427523767888976,0.9166666666666666,2.3978952727983702,False
rsi-reversion,37,1;2;3;5,0;4;6;7,rsi-reversion__entry-30-exit-50-period-14,0.44207817705784125,0.04610850012489259,0.5833333333333334,0.336472236621213,False
rsi-reversion,38,1;2;3;6,0;4;5;7,rsi-reversion__entry-10-exit-70-period-2,0.4593674355200755,0.19911508387051366,0.75,1.0986122886681098,False
rsi-reversion,39,1;2;3;7,0;4;5;6,rsi-reversion__entry-10-exit-70-period-2,0.2461483732923734,0.3602133125373592,0.75,1.0986122886681098,False
rsi-reversion,40,1;2;4;5,0;3;6;7,rsi-reversion__entry-30-exit-50-period-14,0.9715718653979846,-0.24775601014396478,0.4166666666666667,-0.33647223662121273,True
rsi-reversion,41,1;2;4;6,0;3;5;7,rsi-reversion__entry-10-exit-70-period-2,0.9098076253803361,-0.053179707180261375,0.5833333333333334,0.336472236621213,False
rsi-reversion,42,1;2;4;7,0;3;5;6,rsi-reversion__entry-30-exit-50-period-14,0.6090034230485523,-0.046534803365174515,0.4166666666666667,-0.33647223662121273,True
rsi-reversion,43,1;2;5;6,0;3;4;7,rsi-reversion__entry-30-exit-50-period-14,0.739151559746305,-0.07030193700323538,0.5833333333333334,0.336472236621213,False
rsi-reversion,44,1;2;5;7,0;3;4;6,rsi-reversion__entry-30-exit-50-period-14,0.8181354138290095,-0.24128629861822562,0.5833333333333334,0.336472236621213,False
rsi-reversion,45,1;2;6;7,0;3;4;5,rsi-reversion__entry-10-exit-70-period-2,0.7100547152896087,-0.14270260630539208,0.4166666666666667,-0.33647223662121273,True
rsi-reversion,46,1;3;4;5,0;2;6;7,rsi-reversion__entry-30-exit-50-period-14,0.7817406644989142,-0.20756169252200787,0.4166666666666667,-0.33647223662121273,True
rsi-reversion,47,1;3;4;6,0;2;5;7,rsi-reversion__entry-10-exit-70-period-2,0.5883678228150985,0.10708179404414264,0.75,1.0986122886681098,False
rsi-reversion,48,1;3;4;7,0;2;5;6,rsi-reversion__entry-30-exit-50-period-14,0.48032350798718454,0.012353770212675719,0.4166666666666667,-0.33647223662121273,True
rsi-reversion,49,1;3;5;6,0;2;4;7,rsi-reversion__entry-30-exit-50-period-14,0.570141739654877,-0.01746505606281176,0.4166666666666667,-0.33647223662121273,True
rsi-reversion,50,1;3;5;7,0;2;4;6,rsi-reversion__entry-30-exit-50-period-14,0.6746538464120054,-0.19854701842983827,0.25,-1.0986122886681098,True
rsi-reversion,51,1;3;6;7,0;2;4;5,rsi-reversion__entry-10-exit-70-period-2,0.5006168647743364,0.0566474247060599,0.4166666666666667,-0.33647223662121273,True
rsi-reversion,52,1;4;5;6,0;2;3;7,rsi-reversion__entry-30-exit-50-period-14,1.271225967899247,-0.28436672321895773,0.25,-1.0986122886681098,True
rsi-reversion,53,1;4;5;7,0;2;3;6,rsi-reversion__entry-30-exit-50-period-14,1.237595743008381,-0.4636795369710017,0.25,-1.0986122886681098,True
rsi-reversion,54,1;4;6;7,0;2;3;5,rsi-reversion__entry-10-exit-70-period-2,0.8076552000657744,-0.25936631453528836,0.4166666666666667,-0.33647223662121273,True
rsi-reversion,55,1;5;6;7,0;2;3;4,rsi-reversion__entry-30-exit-50-period-14,1.0208514580861412,-0.2796459695010032,0.25,-1.0986122886681098,True
rsi-reversion,56,2;3;4;5,0;1;6;7,rsi-reversion__entry-20-exit-60-period-5,0.7719788415901621,-0.5905111890913213,0.08333333333333333,-2.3978952727983707,True
rsi-reversion,57,2;3;4;6,0;1;5;7,rsi-reversion__entry-15-exit-70-period-2,0.4923989921587817,-0.22752854104998205,0.25,-1.0986122886681098,True
rsi-reversion,58,2;3;4;7,0;1;5;6,rsi-reversion__entry-25-exit-60-period-5,0.38664619730418465,-0.4231325887111528,0.08333333333333333,-2.3978952727983707,True
rsi-reversion,59,2;3;5;6,0;1;4;7,rsi-reversion__entry-20-exit-60-period-5,0.8902873022129755,-0.6276529915292454,0.08333333333333333,-2.3978952727983707,True
rsi-reversion,60,2;3;5;7,0;1;4;6,rsi-reversion__entry-20-exit-60-period-5,0.4340667870967745,-0.7176458570506218,0.08333333333333333,-2.3978952727983707,True
rsi-reversion,61,2;3;6;7,0;1;4;5,rsi-reversion__entry-10-exit-70-period-2,0.41583756460207405,0.1590131529821892,0.75,1.0986122886681098,False
rsi-reversion,62,2;4;5;6,0;1;3;7,rsi-reversion__entry-20-exit-60-period-5,1.2708855502681802,-0.6203140847308439,0.08333333333333333,-2.3978952727983707,True
rsi-reversion,63,2;4;5;7,0;1;3;6,rsi-reversion__entry-30-exit-50-period-14,0.9599728789118185,-0.21031907698925548,0.5833333333333334,0.336472236621213,False
rsi-reversion,64,2;4;6;7,0;1;3;5,rsi-reversion__entry-10-exit-70-period-2,0.7219947135561858,-0.15876736689718451,0.75,1.0986122886681098,False
rsi-reversion,65,2;5;6;7,0;1;3;4,rsi-reversion__entry-30-exit-50-period-14,0.7183918717419124,-0.036618450030001984,0.9166666666666666,2.3978952727983702,False
rsi-reversion,66,3;4;5;6,0;1;2;7,rsi-reversion__entry-20-exit-60-period-5,0.8167890085684338,-0.5587680098950444,0.25,-1.0986122886681098,True
rsi-reversion,67,3;4;5;7,0;1;2;6,rsi-reversion__entry-30-exit-50-period-14,0.7615065514914297,-0.1678680861829803,0.5833333333333334,0.336472236621213,False
rsi-reversion,68,3;4;6;7,0;1;2;5,rsi-reversion__entry-10-exit-70-period-2,0.5128173177157287,0.04047717703073973,0.75,1.0986122886681098,False
rsi-reversion,69,3;5;6;7,0;1;2;4,rsi-reversion__entry-30-exit-50-period-14,0.5430072044410776,0.01764716542966992,0.5833333333333334,0.336472236621213,False
rsi-reversion,70,4;5;6;7,0;1;2;3,rsi-reversion__entry-30-exit-50-period-14,1.2851925840245553,-0.24895872616081377,0.75,1.0986122886681098,False
stochastic-reversion,1,0;1;2;3,4;5;6;7,stochastic-reversion__entry-30-exit-70-period-5,-1.0235698155181385,0.553648549147408,0.9166666666666666,2.3978952727983702,False
stochastic-reversion,2,0;1;2;4,3;5;6;7,stochastic-reversion__entry-20-exit-80-period-5,-0.554696543080246,0.14295447463293243,0.5833333333333334,0.336472236621213,False
stochastic-reversion,3,0;1;2;5,3;4;6;7,stochastic-reversion__entry-20-exit-80-period-5,-0.4563266444407427,0.0486689118516361,0.4166666666666667,-0.33647223662121273,True
stochastic-reversion,4,0;1;2;6,3;4;5;7,stochastic-reversion__entry-30-exit-70-period-5,-0.2440838932680263,-0.005098419164890539,0.75,1.0986122886681098,False
stochastic-reversion,5,0;1;2;7,3;4;5;6,stochastic-reversion__entry-20-exit-80-period-5,-0.592848438632763,0.3065391134362931,0.5833333333333334,0.336472236621213,False
stochastic-reversion,6,0;1;3;4,2;5;6;7,stochastic-reversion__entry-30-exit-70-period-5,-0.6169755323894776,0.3350731218114197,0.75,1.0986122886681098,False
stochastic-reversion,7,0;1;3;5,2;4;6;7,stochastic-reversion__entry-20-exit-80-period-5,-0.7490182855676966,0.30278571205960786,0.4166666666666667,-0.33647223662121273,True
stochastic-reversion,8,0;1;3;6,2;4;5;7,stochastic-reversion__entry-30-exit-70-period-5,-0.2734163914192658,0.025331309338408783,0.25,-1.0986122886681098,True
stochastic-reversion,9,0;1;3;7,2;4;5;6,stochastic-reversion__entry-30-exit-70-period-5,-0.654545325707218,0.5539404243743438,0.75,1.0986122886681098,False
stochastic-reversion,10,0;1;4;5,2;3;6;7,stochastic-reversion__entry-20-exit-80-period-5,-0.2836469032953887,-0.06011386227640122,0.75,1.0986122886681098,False
stochastic-reversion,11,0;1;4;6,2;3;5;7,stochastic-reversion__entry-30-exit-70-period-5,0.07216437443624966,-0.2675593301176532,0.4166666666666667,-0.33647223662121273,True
stochastic-reversion,12,0;1;4;7,2;3;5;6,stochastic-reversion__entry-30-exit-70-period-5,-0.3533721049199382,0.2272068973010962,0.9166666666666666,2.3978952727983702,False
stochastic-reversion,13,0;1;5;6,2;3;4;7,stochastic-reversion__entry-20-exit-80-period-5,-0.02588395133761685,-0.28571384142290857,0.25,-1.0986122886681098,True
stochastic-reversion,14,0;1;5;7,2;3;4;6,stochastic-reversion__entry-20-exit-80-period-5,-0.36248173868785705,0.08045172757281138,0.75,1.0986122886681098,False
stochastic-reversion,15,0;1;6;7,2;3;4;5,stochastic-reversion__entry-30-exit-70-period-5,-0.06618000730935893,-0.15874020419423143,0.75,1.0986122886681098,False
stochastic-reversion,16,0;2;3;4,1;5;6;7,stochastic-reversion__entry-30-exit-70-period-5,-0.4643949289092894,0.19560442033992237,0.75,1.0986122886681098,False
stochastic-reversion,17,0;2;3;5,1;4;6;7,stochastic-reversion__entry-20-exit-80-period-5,-0.536916110732004,0.11537795457962563,0.5833333333333334,0.336472236621213,False
stochastic-reversion,18,0;2;3;6,1;4;5;7,stochastic-reversion__entry-30-exit-70-period-5,-0.10851533869746606,-0.106582992199973,0.25,-1.0986122886681098,True
stochastic-reversion,19,0;2;3;7,1;4;5;6,stochastic-reversion__entry-30-exit-70-period-5,-0.5245406554019625,0.38549808312906947,0.5833333333333334,0.336472236621213,False
stochastic-reversion,20,0;2;4;5,1;3;6;7,stochastic-reversion__entry-20-exit-80-period-5,-0.07499340191795471,-0.2511146279674438,0.5833333333333334,0.336472236621213,False
stochastic-reversion,21,0;2;4;6,1;3;5;7,stochastic-reversion__entry-30-exit-70-period-5,0.23055000311649068,-0.40313882132902307,0.5833333333333334,0.336472236621213,False
stochastic-reversion,22,0;2;4;7,1;3;5;6,stochastic-reversion__entry-30-exit-70-period-9,-0.2247285611159083,-0.44416408531923485,0.08333333333333333,-2.3978952727983707,True
stochastic-reversion,23,0;2;5;6,1;3;4;7,stochastic-reversion__entry-20-exit-80-period-5,0.2069080107602647,-0.4625628059159267,0.25,-1.0986122886681098,True
stochastic-reversion,24,0;2;5;7,1;3;4;6,stochastic-reversion__entry-20-exit-80-period-5,-0.18432908842637713,-0.14959841529189533,0.4166666666666667,-0.33647223662121273,True
stochastic-reversion,25,0;2;6;7,1;3;4;5,stochastic-reversion__entry-30-exit-70-period-5,0.06731243092664906,-0.32060621050986127,0.75,1.0986122886681098,False
stochastic-reversion,26,0;3;4;5,1;2;6;7,stochastic-reversion__entry-20-exit-80-period-5,-0.3574329888247374,0.01174881277966516,0.75,1.0986122886681098,False
stochastic-reversion,27,0;3;4;6,1;2;5;7,stochastic-reversion__entry-30-exit-70-period-5,0.18843704507381823,-0.38078556345264897,0.4166666666666667,-0.33647223662121273,True
stochastic-reversion,28,0;3;4;7,1;2;5;6,stochastic-reversion__entry-30-exit-70-period-5,-0.25110655664043213,0.09411309250047858,0.75,1.0986122886681098,False
stochastic-reversion,29,0;3;5;6,1;2;4;7,stochastic-reversion__entry-30-exit-70-period-5,-0.08779749498531002,-0.12298705127150257,0.75,1.0986122886681098,False
stochastic-reversion,30,0;3;5;7,1;2;4;6,stochastic-reversion__entry-20-exit-80-period-5,-0.426145278483747,0.16813418977460828,0.75,1.0986122886681098,False
stochastic-reversion,31,0;3;6;7,1;2;4;5,stochastic-reversion__entry-30-exit-70-period-5,0.035679955576702914,-0.29328073651149256,0.08333333333333333,-2.3978952727983707,True
stochastic-reversion,32,0;4;5;6,1;2;3;7,stochastic-reversion__entry-20-exit-80-period-5,0.3040476425212328,-0.6186936880239493,0.4166666666666667,-0.33647223662121273,True
stochastic-reversion,33,0;4;5;7,1;2;3;6,stochastic-reversion__entry-20-exit-80-period-5,-0.07213284854815569,-0.3237761722461219,0.75,1.0986122886681098,False
stochastic-reversion,34,0;4;6;7,1;2;3;5,stochastic-reversion__entry-30-exit-70-period-5,0.29864096177799826,-0.7092315534651723,0.4166666666666667,-0.33647223662121273,True
stochastic-reversion,35,0;5;6;7,1;2;3;4,stochastic-reversion__entry-20-exit-80-period-5,0.14622666294861536,-0.5880515782753337,0.5833333333333334,0.336472236621213,False
stochastic-reversion,36,1;2;3;4,0;5;6;7,stochastic-reversion__entry-30-exit-70-period-5,-0.3497551739238537,0.07955672879681609,0.75,1.0986122886681098,False
stochastic-reversion,37,1;2;3;5,0;4;6;7,stochastic-reversion__entry-20-exit-80-period-5,-0.48741620487053205,0.05428040999087934,0.5833333333333334,0.336472236621213,False
stochastic-reversion,38,1;2;3;6,0;4;5;7,stochastic-reversion__entry-30-exit-70-period-5,0.033911648430201946,-0.20873565943067293,0.5833333333333334,0.336472236621213,False
stochastic-reversion,39,1;2;3;7,0;4;5;6,stochastic-reversion__entry-30-exit-70-period-5,-0.42784111771212197,0.23967206038965227,0.4166666666666667,-0.33647223662121273,True
stochastic-reversion,40,1;2;4;5,0;3;6;7,stochastic-reversion__entry-20-exit-80-period-5,-0.004635101793565006,-0.303111746921788,0.75,1.0986122886681098,False
stochastic-reversion,41,1;2;4;6,0;3;5;7,stochastic-reversion__entry-30-exit-70-period-5,0.3812558841149391,-0.4989929442619052,0.75,1.0986122886681098,False
stochastic-reversion,42,1;2;4;7,0;3;5;6,stochastic-reversion__entry-30-exit-70-period-14,-0.10173747388776831,-0.8153673920390448,0.08333333333333333,-2.3978952727983707,True
stochastic-reversion,43,1;2;5;6,0;3;4;7,stochastic-reversion__entry-20-exit-80-period-5,0.2998596766952202,-0.5058669601918508,0.5833333333333334,0.336472236621213,False
stochastic-reversion,44,1;2;5;7,0;3;4;6,stochastic-reversion__entry-20-exit-80-period-5,-0.12827544734974855,-0.21336770948635775,0.4166666666666667,-0.33647223662121273,True
stochastic-reversion,45,1;2;6;7,0;3;4;5,stochastic-reversion__entry-30-exit-70-period-5,0.18571499742086575,-0.433810718331306,0.75,1.0986122886681098,False
stochastic-reversion,46,1;3;4;5,0;2;6;7,stochastic-reversion__entry-20-exit-80-period-5,-0.3024841580422026,-0.050984550761355774,0.75,1.0986122886681098,False
stochastic-reversion,47,1;3;4;6,0;2;5;7,stochastic-reversion__entry-30-exit-70-period-5,0.33144865924307276,-0.47934171881342796,0.4166666666666667,-0.33647223662121273,True
stochastic-reversion,48,1;3;4;7,0;2;5;6,stochastic-reversion__entry-30-exit-70-period-5,-0.15048266998543294,-0.05211198907880468,0.5833333333333334,0.336472236621213,False
stochastic-reversion,49,1;3;5;6,0;2;4;7,stochastic-reversion__entry-30-exit-70-period-5,0.05065235064953073,-0.22658443893378447,0.75,1.0986122886681098,False
stochastic-reversion,50,1;3;5;7,0;2;4;6,stochastic-reversion__entry-20-exit-80-period-14,-0.22036554033650982,-0.635846698975405,0.08333333333333333,-2.3978952727983707,True
stochastic-reversion,51,1;3;6;7,0;2;4;5,stochastic-reversion__entry-30-exit-70-period-5,0.15000545911223542,-0.41106296993691444,0.4166666666666667,-0.33647223662121273,True
stochastic-reversion,52,1;4;5;6,0;2;3;7,stochastic-reversion__entry-20-exit-80-period-9,0.4072988091886791,-0.9791851328288511,0.08333333333333333,-2.3978952727983707,True
stochastic-reversion,53,1;4;5;7,0;2;3;6,stochastic-reversion__entry-30-exit-70-period-14,-0.0009751925295215705,-0.9856758588217858,0.08333333333333333,-2.3978952727983707,True
stochastic-reversion,54,1;4;6;7,0;2;3;5,stochastic-reversion__entry-30-exit-70-period-5,0.41664377297127514,-0.8085906254835316,0.75,1.0986122886681098,False
stochastic-reversion,55,1;5;6;7,0;2;3;4,stochastic-reversion__entry-20-exit-80-period-5,0.21191057148147244,-0.6315837551674379,0.75,1.0986122886681098,False
stochastic-reversion,56,2;3;4;5,0;1;6;7,stochastic-reversion__entry-20-exit-80-period-5,-0.08657479342181573,-0.23686801897951776,0.75,1.0986122886681098,False
stochastic-reversion,57,2;3;4;6,0;1;5;7,stochastic-reversion__entry-30-exit-70-period-5,0.4989065005018106,-0.6098363925415198,0.4166666666666667,-0.33647223662121273,True
stochastic-reversion,58,2;3;4;7,0;1;5;6,stochastic-reversion__entry-30-exit-70-period-5,-0.01906440157375374,-0.2180136677785765,0.5833333333333334,0.336472236621213,False
stochastic-reversion,59,2;3;5;6,0;1;4;7,stochastic-reversion__entry-30-exit-70-period-5,0.2272068973010962,-0.3533721049199382,0.9166666666666666,2.3978952727983702,False
stochastic-reversion,60,2;3;5;7,0;1;4;6,stochastic-reversion__entry-20-exit-80-period-14,-0.14622883295705758,-0.7278867126357635,0.08333333333333333,-2.3978952727983707,True
stochastic-reversion,61,2;3;6;7,0;1;4;5,stochastic-reversion__entry-30-exit-70-period-5,0.28889570921216773,-0.5644588886556099,0.4166666666666667,-0.33647223662121273,True
stochastic-reversion,62,2;4;5;6,0;1;3;7,stochastic-reversion__entry-20-exit-80-period-5,0.6237135457657368,-0.8332779673047822,0.75,1.0986122886681098,False
stochastic-reversion,63,2;4;5;7,0;1;3;6,stochastic-reversion__entry-30-exit-70-period-14,0.1896561165158551,-1.2073252883259051,0.08333333333333333,-2.3978952727983707,True
stochastic-reversion,64,2;4;6;7,0;1;3;5,stochastic-reversion__entry-30-exit-70-period-5,0.5515410484234953,-0.9673410525019576,0.4166666666666667,-0.33647223662121273,True
stochastic-reversion,65,2;5;6;7,0;1;3;4,stochastic-reversion__entry-20-exit-80-period-5,0.40601458832400716,-0.8344915703401431,0.5833333333333334,0.336472236621213,False
stochastic-reversion,66,3;4;5;6,0;1;2;7,stochastic-reversion__entry-30-exit-70-period-5,0.4996411199115382,-0.6385519869334558,0.75,1.0986122886681098,False
stochastic-reversion,67,3;4;5;7,0;1;2;6,stochastic-reversion__entry-20-exit-80-period-14,-0.0008121106406923696,-0.9431894105910432,0.25,-1.0986122886681098,True
stochastic-reversion,68,3;4;6;7,0;1;2;5,stochastic-reversion__entry-30-exit-70-period-5,0.5103813449347586,-0.965242445218483,0.25,-1.0986122886681098,True
stochastic-reversion,69,3;5;6;7,0;1;2;4,stochastic-reversion__entry-30-exit-70-period-5,0.2964005818892115,-0.6003424782624256,0.75,1.0986122886681098,False
stochastic-reversion,70,4;5;6;7,0;1;2;3,stochastic-reversion__entry-30-exit-70-period-5,0.553648549147408,-1.0235698155181385,0.9166666666666666,2.3978952727983702,False
cci-reversion,1,0;1;2;3,4;5;6;7,cci-reversion__entry-m150-exit-0-period-40,-0.7742478602176234,1.4320278361260745,0.9166666666666666,2.3978952727983702,False
cci-reversion,2,0;1;2;4,3;5;6;7,cci-reversion__entry-m150-exit-0-period-40,-0.11700381494661598,0.6177350919365061,0.9166666666666666,2.3978952727983702,False
cci-reversion,3,0;1;2;5,3;4;6;7,cci-reversion__entry-m150-exit-0-period-40,-0.2088980654835321,0.6265894465699706,0.9166666666666666,2.3978952727983702,False
cci-reversion,4,0;1;2;6,3;4;5;7,cci-reversion__entry-m100-exit-0-period-10,-0.5759391415715057,-0.21546472995643373,0.08333333333333333,-2.3978952727983707,True
cci-reversion,5,0;1;2;7,3;4;5;6,cci-reversion__entry-m150-exit-0-period-20,-0.5435905879859405,0.0337607481350149,0.08333333333333333,-2.3978952727983707,True
cci-reversion,6,0;1;3;4,2;5;6;7,cci-reversion__entry-m150-exit-0-period-40,-0.0051017210076128765,0.5528221553007048,0.9166666666666666,2.3978952727983702,False
cci-reversion,7,0;1;3;5,2;4;6;7,cci-reversion__entry-m150-exit-0-period-40,-0.0786724944383064,0.5610178329032756,0.9166666666666666,2.3978952727983702,False
cci-reversion,8,0;1;3;6,2;4;5;7,cci-reversion__entry-m150-exit-0-period-40,-0.44559590810704297,0.9506657088061474,0.9166666666666666,2.3978952727983702,False
cci-reversion,9,0;1;3;7,2;4;5;6,cci-reversion__entry-m150-exit-0-period-40,-0.5211119386871186,1.1787503468182283,0.75,1.0986122886681098,False
cci-reversion,10,0;1;4;5,2;3;6;7,cci-reversion__entry-m150-exit-0-period-40,0.5728568845551811,-0.25898720321717966,0.4166666666666667,-0.33647223662121273,True
cci-reversion,11,0;1;4;6,2;3;5;7,cci-reversion__entry-m150-exit-0-period-40,0.2319890416183054,0.17460460273103284,0.75,1.0986122886681098,False
cci-reversion,12,0;1;4;7,2;3;5;6,cci-reversion__entry-m150-exit-0-period-40,0.1177070423172537,0.3289510839939909,0.9166666666666666,2.3978952727983702,False
cci-reversion,13,0;1;5;6,2;3;4;7,cci-reversion__entry-m150-exit-0-period-40,0.17418375691580526,0.23388847977774946,0.75,1.0986122886681098,False
cci-reversion,14,0;1;5;7,2;3;4;6,cci-reversion__entry-m150-exit-0-period-40,0.05143356699945424,0.3715353905433922,0.75,1.0986122886681098,False
cci-reversion,15,0;1;6;7,2;3;4;5,cci-reversion__entry-m150-exit-0-period-40,-0.33452227690917313,0.7431636177294954,0.75,1.0986122886681098,False
cci-reversion,16,0;2;3;4,1;5;6;7,cci-reversion__entry-m100-exit-0-period-40,-0.13257489554974625,0.4180818528506656,0.75,1.0986122886681098,False
cci-reversion,17,0;2;3;5,1;4;6;7,cci-reversion__entry-m100-exit-0-period-40,-0.3575346668296529,0.5894376882841236,0.75,1.0986122886681098,False
cci-reversion,18,0;2;3;6,1;4;5;7,cci-reversion__entry-m150-exit-0-period-10,-0.6572507409400486,-0.11218608996337999,0.25,-1.0986122886681098,True
cci-reversion,19,0;2;3;7,1;4;5;6,cci-reversion__entry-m150-exit-0-period-20,-0.5159753656312874,0.012935772017565437,0.08333333333333333,-2.3978952727983707,True
cci-reversion,20,0;2;4;5,1;3;6;7,cci-reversion__entry-m100-exit-0-period-40,0.36253842047814755,-0.14489499051934324,0.5833333333333334,0.336472236621213,False
cci-reversion,21,0;2;4;6,1;3;5;7,cci-reversion__entry-m100-exit-0-period-10,0.04879174078178721,-0.6748267739962465,0.08333333333333333,-2.3978952727983707,True
cci-reversion,22,0;2;4;7,1;3;5;6,cci-reversion__entry-m100-exit-0-period-40,-0.1061878731435374,0.42539233642638025,0.75,1.0986122886681098,False
cci-reversion,23,0;2;5;6,1;3;4;7,cci-reversion__entry-m150-exit-0-period-40,-0.2861393676396749,0.6542610088826697,0.9166666666666666,2.3978952727983702,False
cci-reversion,24,0;2;5;7,1;3;4;6,cci-reversion__entry-m100-exit-0-period-40,-0.31606773263947097,0.6037657453358141,0.75,1.0986122886681098,False
cci-reversion,25,0;2;6;7,1;3;4;5,cci-reversion__entry-m150-exit-0-period-20,-0.3520872852048298,-0.25517898658315935,0.08333333333333333,-2.3978952727983707,True
cci-reversion,26,0;3;4;5,1;2;6;7,cci-reversion__entry-m100-exit-0-period-40,0.44631599784560577,-0.2868484855976605,0.4166666666666667,-0.33647223662121273,True
cci-reversion,27,0;3;4;6,1;2;5;7,cci-reversion__entry-m100-exit-0-period-40,0.03404950165673544,0.2025621428492507,0.75,1.0986122886681098,False
cci-reversion,28,0;3;4;7,1;2;5;6,cci-reversion__entry-m100-exit-0-period-40,-0.004657169353741179,0.32100030000496677,0.75,1.0986122886681098,False
cci-reversion,29,0;3;5;6,1;2;4;7,cci-reversion__entry-m150-exit-0-period-40,-0.1414489834383117,0.591792631916686,0.9166666666666666,2.3978952727983702,False
cci-reversion,30,0;3;5;7,1;2;4;6,cci-reversion__entry-m100-exit-0-period-40,-0.1938553880765178,0.5259227014563103,0.75,1.0986122886681098,False
cci-reversion,31,0;3;6;7,1;2;4;5,cci-reversion__entry-m150-exit-0-period-10,-0.5154448378320953,-0.08846621365018843,0.08333333333333333,-2.3978952727983707,True
cci-reversion,32,0;4;5;6,1;2;3;7,cci-reversion__entry-m100-exit-0-period-40,0.5660038316603617,-0.3161037931761243,0.4166666666666667,-0.33647223662121273,True
cci-reversion,33,0;4;5;7,1;2;3;6,cci-reversion__entry-m100-exit-0-period-40,0.445753437673425,-0.3385609609392475,0.4166666666666667,-0.33647223662121273,True
cci-reversion,34,0;4;6;7,1;2;3;5,cci-reversion__entry-m150-exit-0-period-40,0.06602184673719658,0.3752971139715923,0.9166666666666666,2.3978952727983702,False
cci-reversion,35,0;5;6;7,1;2;3;4,cci-reversion__entry-m150-exit-0-period-40,-0.008776584162749835,0.41271647309890064,0.9166666666666666,2.3978952727983702,False
cci-reversion,36,1;2;3;4,0;5;6;7,cci-reversion__entry-m150-exit-0-period-40,0.41271647309890064,-0.008776584162749835,0.9166666666666666,2.3978952727983702,False
cci-reversion,37,1;2;3;5,0;4;6;7,cci-reversion__entry-m150-exit-0-period-40,0.3752971139715923,0.06602184673719658,0.9166666666666666,2.3978952727983702,False
cci-reversion,38,1;2;3;6,0;4;5;7,cci-reversion__entry-m150-exit-0-period-40,-0.05808802260065458,0.4073291554249607,0.75,1.0986122886681098,False
cci-reversion,39,1;2;3;7,0;4;5;6,cci-reversion__entry-m150-exit-0-period-20,-0.12276359671991453,-0.5451492566000883,0.08333333333333333,-2.3978952727983707,True
cci-reversion,40,1;2;4;5,0;3;6;7,cci-reversion__entry-m150-exit-0-period-40,1.167744039796184,-0.6023243919155815,0.5833333333333334,0.336472236621213,False
cci-reversion,41,1;2;4;6,0;3;5;7,cci-reversion__entry-m150-exit-0-period-40,0.7805055977784745,-0.2356150269512778,0.75,1.0986122886681098,False
cci-reversion,42,1;2;4;7,0;3;5;6,cci-reversion__entry-m150-exit-0-period-40,0.591792631916686,-0.1414489834383117,0.9166666666666666,2.3978952727983702,False
cci-reversion,43,1;2;5;6,0;3;4;7,cci-reversion__entry-m150-exit-0-period-40,0.81668927076194,-0.15096858405403277,0.75,1.0986122886681098,False
cci-reversion,44,1;2;5;7,0;3;4;6,cci-reversion__entry-m150-exit-0-period-40,0.5824940965451754,-0.059250726474373475,0.75,1.0986122886681098,False
cci-reversion,45,1;2;6;7,0;3;4;5,cci-reversion__entry-m150-exit-0-period-40,0.11794915436861879,0.2689305678127235,0.75,1.0986122886681098,False
cci-reversion,46,1;3;4;5,0;2;6;7,cci-reversion__entry-m150-exit-0-period-40,1.1717818900950974,-0.7870575656899673,0.08333333333333333,-2.3978952727983707,True
cci-reversion,47,1;3;4;6,0;2;5;7,cci-reversion__entry-m150-exit-0-period-40,0.8215718600509481,-0.37751300823319445,0.5833333333333334,0.336472236621213,False
cci-reversion,48,1;3;4;7,0;2;5;6,cci-reversion__entry-m150-exit-0-period-40,0.6542610088826697,-0.2861393676396749,0.9166666666666666,2.3978952727983702,False
cci-reversion,49,1;3;5;6,0;2;4;7,cci-reversion__entry-m150-exit-0-period-40,0.8418597310879938,-0.2721519670514831,0.75,1.0986122886681098,False
cci-reversion,50,1;3;5;7,0;2;4;6,cci-reversion__entry-m150-exit-0-period-40,0.644897772409315,-0.18100723453851883,0.5833333333333334,0.336472236621213,False
cci-reversion,51,1;3;6;7,0;2;4;5,cci-reversion__entry-m150-exit-0-period-40,0.24159644980754055,0.1773365339689108,0.75,1.0986122886681098,False
cci-reversion,52,1;4;5;6,0;2;3;7,cci-reversion__entry-m150-exit-0-period-40,1.6760585790628517,-0.9213655118382451,0.25,-1.0986122886681098,True
cci-reversion,53,1;4;5;7,0;2;3;6,cci-reversion__entry-m150-exit-0-period-40,1.4085199310235779,-0.8706723260225391,0.08333333333333333,-2.3978952727983707,True
cci-reversion,54,1;4;6;7,0;2;3;5,cci-reversion__entry-m150-exit-0-period-40,1.0449498737698621,-0.4838368237704964,0.75,1.0986122886681098,False
cci-reversion,55,1;5;6;7,0;2;3;4,cci-reversion__entry-m150-exit-0-period-40,1.1175271124894053,-0.376820405259636,0.75,1.0986122886681098,False
cci-reversion,56,2;3;4;5,0;1;6;7,cci-reversion__entry-m100-exit-0-period-40,0.9695700316657986,-0.6634296590757817,0.08333333333333333,-2.3978952727983707,True
cci-reversion,57,2;3;4;6,0;1;5;7,cci-reversion__entry-m100-exit-0-period-40,0.5124837688400884,-0.22821228524298434,0.75,1.0986122886681098,False
cci-reversion,58,2;3;4;7,0;1;5;6,cci-reversion__entry-m100-exit-0-period-40,0.39170537168999864,-0.22772541613239325,0.75,1.0986122886681098,False
cci-reversion,59,2;3;5;6,0;1;4;7,cci-reversion__entry-m150-exit-0-period-40,0.3289510839939909,0.1177070423172537,0.9166666666666666,2.3978952727983702,False
cci-reversion,60,2;3;5;7,0;1;4;6,cci-reversion__entry-m100-exit-0-period-40,0.2149399786857315,0.01037090917240112,0.75,1.0986122886681098,False
cci-reversion,61,2;3;6;7,0;1;4;5,cci-reversion__entry-m150-exit-0-period-20,0.11158187626693475,-0.7547754534619523,0.08333333333333333,-2.3978952727983707,True
cci-reversion,62,2;4;5;6,0;1;3;7,cci-reversion__entry-m100-exit-0-period-40,1.2091081208984653,-0.6581947003456681,0.75,1.0986122886681098,False
cci-reversion,63,2;4;5;7,0;1;3;6,cci-reversion__entry-m150-exit-0-period-40,0.9506657088061474,-0.44559590810704297,0.9166666666666666,2.3978952727983702,False
cci-reversion,64,2;4;6;7,0;1;3;5,cci-reversion__entry-m150-exit-0-period-40,0.5610178329032756,-0.0786724944383064,0.9166666666666666,2.3978952727983702,False
cci-reversion,65,2;5;6;7,0;1;3;4,cci-reversion__entry-m150-exit-0-period-40,0.5528221553007048,-0.0051017210076128765,0.9166666666666666,2.3978952727983702,False
cci-reversion,66,3;4;5;6,0;1;2;7,cci-reversion__entry-m100-exit-0-period-40,1.2220765509471883,-0.8064379349887301,0.25,-1.0986122886681098,True
cci-reversion,67,3;4;5;7,0;1;2;6,cci-reversion__entry-m100-exit-0-period-40,0.9806556158428652,-0.9194515189151763,0.08333333333333333,-2.3978952727983707,True
cci-reversion,68,3;4;6;7,0;1;2;5,cci-reversion__entry-m150-exit-0-period-40,0.6265894465699706,-0.2088980654835321,0.9166666666666666,2.3978952727983702,False
cci-reversion,69,3;5;6;7,0;1;2;4,cci-reversion__entry-m150-exit-0-period-40,0.6177350919365061,-0.11700381494661598,0.9166666666666666,2.3978952727983702,False
cci-reversion,70,4;5;6;7,0;1;2;3,cci-reversion__entry-m150-exit-0-period-40,1.4320278361260745,-0.7742478602176234,0.9166666666666666,2.3978952727983702,False
bollinger-reversion,1,0;1;2;3,4;5;6;7,bollinger-reversion__period-20-width-2p5,0.06586815506193792,0.43258717677207775,0.6111111111111112,0.4519851237430575,False
bollinger-reversion,2,0;1;2;4,3;5;6;7,bollinger-reversion__period-20-width-2p5,0.3888623447083469,0.24400978657153127,0.6111111111111112,0.4519851237430575,False
bollinger-reversion,3,0;1;2;5,3;4;6;7,bollinger-reversion__period-10-width-2p5,1.2109431234617367,-0.6709318291097734,0.05555555555555555,-2.833213344056216,True
bollinger-reversion,4,0;1;2;6,3;4;5;7,bollinger-reversion__period-20-width-2p5,0.2648079889655626,0.31390747448082945,0.5,0.0,True
bollinger-reversion,5,0;1;2;7,3;4;5;6,bollinger-reversion__period-20-width-2p5,0.16869623935576453,0.416391778488596,0.5,0.0,True
bollinger-reversion,6,0;1;3;4,2;5;6;7,bollinger-reversion__period-20-width-2p5,0.17284208400302148,0.3495103308178935,0.6111111111111112,0.4519851237430575,False
bollinger-reversion,7,0;1;3;5,2;4;6;7,bollinger-reversion__period-10-width-2p5,1.2119944969339915,-0.6703501510445113,0.05555555555555555,-2.833213344056216,True
bollinger-reversion,8,0;1;3;6,2;4;5;7,bollinger-reversion__period-20-width-2p5,0.052311677655826054,0.42144936342988554,0.6111111111111112,0.4519851237430575,False
bollinger-reversion,9,0;1;3;7,2;4;5;6,bollinger-reversion__period-20-width-2p5,0.08263164046359045,0.7208647936282124,0.7222222222222222,0.9555114450274362,False
bollinger-reversion,10,0;1;4;5,2;3;6;7,bollinger-reversion__period-20-width-2p5,1.0130357533743788,0.010543984189154657,0.7222222222222222,0.9555114450274362,False
bollinger-reversion,11,0;1;4;6,2;3;5;7,bollinger-reversion__period-20-width-2p5,0.48961724631018805,0.24531301395504534,0.7222222222222222,0.9555114450274362,False
bollinger-reversion,12,0;1;4;7,2;3;5;6,bollinger-reversion__period-20-width-2p5,0.24969244970381324,0.30489737238265485,0.6111111111111112,0.4519851237430575,False
bollinger-reversion,13,0;1;5;6,2;3;4;7,bollinger-reversion__period-10-width-2p5,1.2119944969339949,-0.6703501510445118,0.05555555555555555,-2.833213344056216,True
bollinger-reversion,14,0;1;5;7,2;3;4;6,bollinger-reversion__period-20-width-2p5,0.44623530113927395,0.05904351069528206,0.5,0.0,True
bollinger-reversion,15,0;1;6;7,2;3;4;5,bollinger-reversion__period-20-width-2p5,0.16456833593647777,0.39417406762650775,0.5,0.0,True
bollinger-reversion,16,0;2;3;4,1;5;6;7,bollinger-reversion__period-20-width-2p5,0.058992500772387255,0.4466214550456135,0.7222222222222222,0.9555114450274362,False
bollinger-reversion,17,0;2;3;5,1;4;6;7,bollinger-reversion__period-10-width-2p5,1.2119944969339915,-0.6703501510445113,0.05555555555555555,-2.833213344056216,True
bollinger-reversion,18,0;2;3;6,1;4;5;7,bollinger-reversion__period-20-width-2p5,-0.06396302571719897,0.5158388983573965,0.7222222222222222,0.9555114450274362,False
bollinger-reversion,19,0;2;3;7,1;4;5;6,bollinger-reversion__period-20-width-2p5,0.010534874964527608,1.0139152821538522,0.7222222222222222,0.9555114450274362,False
bollinger-reversion,20,0;2;4;5,1;3;6;7,bollinger-reversion__period-20-width-2p5,0.7202407328881121,0.08270309174668393,0.6111111111111112,0.4519851237430575,False
bollinger-reversion,21,0;2;4;6,1;3;5;7,bollinger-reversion__period-20-width-2p5,0.22741592238286243,0.3221685921559658,0.7222222222222222,0.9555114450274362,False
bollinger-reversion,22,0;2;4;7,1;3;5;6,bollinger-reversion__period-20-width-2p5,0.16161840752838635,0.440000486922347,0.7222222222222222,0.9555114450274362,False
bollinger-reversion,23,0;2;5;6,1;3;4;7,bollinger-reversion__period-10-width-2p5,1.2119944969339949,-0.6703501510445118,0.05555555555555555,-2.833213344056216,True
bollinger-reversion,24,0;2;5;7,1;3;4;6,bollinger-reversion__period-20-width-2p5,0.34920823311544164,0.1729915536663021,0.5,0.0,True
bollinger-reversion,25,0;2;6;7,1;3;4;5,bollinger-reversion__period-20-width-2p5,0.07499163215961444,0.5217143939603308,0.8333333333333334,1.6094379124341007,False
bollinger-reversion,26,0;3;4;5,1;2;6;7,bollinger-reversion__period-10-width-2p5,0.43465576917021465,-0.458638377771848,0.05555555555555555,-2.833213344056216,True
bollinger-reversion,27,0;3;4;6,1;2;5;7,bollinger-reversion__period-20-width-2p5,0.044906316152689495,0.4337721138798135,0.7222222222222222,0.9555114450274362,False
bollinger-reversion,28,0;3;4;7,1;2;5;6,bollinger-reversion__period-20-width-2p5,0.07823200018387912,0.7963365862820023,0.6111111111111112,0.4519851237430575,False
bollinger-reversion,29,0;3;5;6,1;2;4;7,bollinger-reversion__period-10-width-2p5,1.2130486136884127,-0.6697699832539652,0.05555555555555555,-2.833213344056216,True
bollinger-reversion,30,0;3;5;7,1;2;4;6,bollinger-reversion__period-20-width-2p5,0.2437985653338346,0.38919820533730387,0.5,0.0,True
bollinger-reversion,31,0;3;6;7,1;2;4;5,bollinger-reversion__period-20-width-2p5,-0.0023796041661378136,0.8302201978529323,0.7222222222222222,0.9555114450274362,False
bollinger-reversion,32,0;4;5;6,1;2;3;7,bollinger-reversion__period-20-width-2p5,0.9203050795157275,0.0914308800830912,0.6111111111111112,0.4519851237430575,False
bollinger-reversion,33,0;4;5;7,1;2;3;6,bollinger-reversion__period-20-width-2p5,0.4322125280640095,0.06592501212906743,0.6875,0.7884573603642703,False
bollinger-reversion,34,0;4;6;7,1;2;3;5,bollinger-reversion__period-20-width-2p5,0.15684330838544933,0.41277407400001453,0.6111111111111112,0.4519851237430575,False
bollinger-reversion,35,0;5;6;7,1;2;3;4,bollinger-reversion__period-20-width-2p5,0.3573528175697284,0.17406464556998402,0.7222222222222222,0.9555114450274362,False
bollinger-reversion,36,1;2;3;4,0;5;6;7,bollinger-reversion__period-30-width-2,0.4814244512214488,-0.299480552995468,0.3888888888888889,-0.45198512374305727,True
bollinger-reversion,37,1;2;3;5,0;4;6;7,bollinger-reversion__period-10-width-2p5,1.2119944969339915,-0.6703501510445113,0.16666666666666666,-1.6094379124341005,True
bollinger-reversion,38,1;2;3;6,0;4;5;7,bollinger-reversion__period-30-width-2,0.41670721038063113,-0.248941094893819,0.5,0.0,True
bollinger-reversion,39,1;2;3;7,0;4;5;6,bollinger-reversion__period-30-width-2p5,0.229125645419441,-0.5565520905146151,0.16666666666666666,-1.6094379124341005,True
bollinger-reversion,40,1;2;4;5,0;3;6;7,bollinger-reversion__period-30-width-2,1.4478364399091723,-0.7657465548136547,0.2777777777777778,-0.9555114450274363,True
bollinger-reversion,41,1;2;4;6,0;3;5;7,bollinger-reversion__period-30-width-2,0.9818703992765646,-0.45488904789753454,0.5,0.0,True
bollinger-reversion,42,1;2;4;7,0;3;5;6,bollinger-reversion__period-30-width-2p5,0.675869620646092,-0.7268501783222425,0.16666666666666666,-1.6094379124341005,True
bollinger-reversion,43,1;2;5;6,0;3;4;7,bollinger-reversion__period-30-width-2,1.39754587647406,-0.7145425879543068,0.16666666666666666,-1.6094379124341005,True
bollinger-reversion,44,1;2;5;7,0;3;4;6,bollinger-reversion__period-30-width-2p5,1.1257239700483295,-1.019484651388092,0.05555555555555555,-2.833213344056216,True
bollinger-reversion,45,1;2;6;7,0;3;4;5,bollinger-reversion__period-30-width-2p5,0.6323741548902444,-0.6527001167268325,0.16666666666666666,-1.6094379124341005,True
bollinger-reversion,46,1;3;4;5,0;2;6;7,bollinger-reversion__period-30-width-2,1.1390829083903864,-0.7639833988336932,0.16666666666666666,-1.6094379124341005,True
bollinger-reversion,47,1;3;4;6,0;2;5;7,bollinger-reversion__period-30-width-2,0.7201277887827642,-0.43206360827772256,0.3888888888888889,-0.45198512374305727,True
bollinger-reversion,48,1;3;4;7,0;2;5;6,bollinger-reversion__period-30-width-2,0.3415054494274837,-0.3441595970586469,0.3888888888888889,-0.45198512374305727,True
bollinger-reversion,49,1;3;5;6,0;2;4;7,bollinger-reversion__period-10-width-2p5,1.2130486136884127,-0.6697699832539652,0.16666666666666666,-1.6094379124341005,True
bollinger-reversion,50,1;3;5;7,0;2;4;6,bollinger-reversion__period-30-width-2,0.6274087974344372,-0.6949266846562165,0.2777777777777778,-0.9555114450274363,True
bollinger-reversion,51,1;3;6;7,0;2;4;5,bollinger-reversion__period-30-width-2,0.2899115593320092,-0.2810286560406435,0.5,0.0,True
bollinger-reversion,52,1;4;5;6,0;2;3;7,bollinger-reversion__period-30-width-2,1.7946391637052188,-0.8844512293283535,0.05555555555555555,-2.833213344056216,True
bollinger-reversion,53,1;4;5;7,0;2;3;6,bollinger-reversion__period-30-width-2p5,1.1762380686424831,-0.9792716308138586,0.1875,-1.466337068793427,True
bollinger-reversion,54,1;4;6;7,0;2;3;5,bollinger-reversion__period-30-width-2p5,0.6560555326083234,-0.6228285717533082,0.3888888888888889,-0.45198512374305727,True
bollinger-reversion,55,1;5;6;7,0;2;3;4,bollinger-reversion__period-30-width-2p5,1.1806798989074705,-0.8999269132232678,0.05555555555555555,-2.833213344056216,True
bollinger-reversion,56,2;3;4;5,0;1;6;7,bollinger-reversion__period-30-width-2,0.5392936419155548,-0.3524417400324332,0.6111111111111112,0.4519851237430575,False
bollinger-reversion,57,2;3;4;6,0;1;5;7,bollinger-reversion__period-20-width-2,0.519246307981059,-0.2430449419542534,0.6111111111111112,0.4519851237430575,False
bollinger-reversion,58,2;3;4;7,0;1;5;6,bollinger-reversion__period-20-width-2,0.37637172029525284,-0.3991195786716828,0.3888888888888889,-0.45198512374305727,True
bollinger-reversion,59,2;3;5;6,0;1;4;7,bollinger-reversion__period-10-width-2p5,1.2130486136884127,-0.6697699832539652,0.05555555555555555,-2.833213344056216,True
bollinger-reversion,60,2;3;5;7,0;1;4;6,bollinger-reversion__period-30-width-2p5,0.5430846394794668,-0.8514330166507287,0.05555555555555555,-2.833213344056216,True
bollinger-reversion,61,2;3;6;7,0;1;4;5,bollinger-reversion__period-20-width-2,0.3228130981157088,-0.31742729485004684,0.3888888888888889,-0.45198512374305727,True
bollinger-reversion,62,2;4;5;6,0;1;3;7,bollinger-reversion__period-30-width-2,1.0289374039544756,-0.5050147366050238,0.5,0.0,True
bollinger-reversion,63,2;4;5;7,0;1;3;6,bollinger-reversion__period-30-width-2p5,1.0516295292279711,-0.9884837626128158,0.1875,-1.466337068793427,True
bollinger-reversion,64,2;4;6;7,0;1;3;5,bollinger-reversion__period-30-width-2p5,0.5578297678688711,-0.620835650001627,0.2777777777777778,-0.9555114450274363,True
bollinger-reversion,65,2;5;6;7,0;1;3;4,bollinger-reversion__period-30-width-2p5,1.0372160882891954,-0.9058844371432629,0.16666666666666666,-1.6094379124341005,True
bollinger-reversion,66,3;4;5;6,0;1;2;7,bollinger-reversion__period-30-width-2,0.7730011158542796,-0.48557467951697475,0.5,0.0,True
bollinger-reversion,67,3;4;5;7,0;1;2;6,bollinger-reversion__period-30-width-2p5,0.5445412129024727,-0.8075820860673572,0.3125,-0.7884573603642702,True
bollinger-reversion,68,3;4;6;7,0;1;2;5,bollinger-reversion__period-20-width-2,0.3941625435022575,-0.3869487500775227,0.5,0.0,True
bollinger-reversion,69,3;5;6;7,0;1;2;4,bollinger-reversion__period-30-width-2p5,0.49416927591320386,-0.7204960920051332,0.16666666666666666,-1.6094379124341005,True
bollinger-reversion,70,4;5;6;7,0;1;2;3,bollinger-reversion__period-30-width-2p5,1.0897333372904343,-0.86960941467111,0.4375,-0.25131442828090605,True
mfi-reversion,1,0;1;2;3,4;5;6;7,mfi-reversion__entry-20-exit-60-period-14,0.3968682521583864,1.11346068654517,0.5833333333333334,0.336472236621213,False
mfi-reversion,2,0;1;2;4,3;5;6;7,mfi-reversion__entry-20-exit-60-period-14,0.59921818867633,0.8077904212246707,0.9166666666666666,2.3978952727983702,False
mfi-reversion,3,0;1;2;5,3;4;6;7,mfi-reversion__entry-20-exit-60-period-14,0.740225438259749,0.674251995777407,0.4166666666666667,-0.33647223662121273,True
mfi-reversion,4,0;1;2;6,3;4;5;7,mfi-reversion__entry-20-exit-60-period-14,0.4822147922320445,0.907288363283833,0.9166666666666666,2.3978952727983702,False
mfi-reversion,5,0;1;2;7,3;4;5;6,mfi-reversion__entry-20-exit-60-period-14,0.83376803171726,0.5525370695648187,0.4166666666666667,-0.33647223662121273,True
mfi-reversion,6,0;1;3;4,2;5;6;7,mfi-reversion__entry-20-exit-60-period-14,0.323216927704809,1.1605943490882176,0.9,2.1972245773362196,False
mfi-reversion,7,0;1;3;5,2;4;6;7,mfi-reversion__entry-20-exit-60-period-14,0.45150362055749294,1.012450770346224,0.75,1.0986122886681098,False
mfi-reversion,8,0;1;3;6,2;4;5;7,mfi-reversion__entry-20-exit-60-period-14,0.20855388682754994,1.255943048945945,0.9166666666666666,2.3978952727983702,False
mfi-reversion,9,0;1;3;7,2;4;5;6,mfi-reversion__entry-20-exit-60-period-14,0.6015686352135637,1.1777963648349186,0.9166666666666666,2.3978952727983702,False
mfi-reversion,10,0;1;4;5,2;3;6;7,mfi-reversion__entry-20-exit-60-period-14,0.6734124246247467,0.7378064593666005,0.75,1.0986122886681098,False
mfi-reversion,11,0;1;4;6,2;3;5;7,mfi-reversion__entry-30-exit-70-period-21,0.7594818434746798,-0.1924617399791883,0.25,-1.0986122886681098,True
mfi-reversion,12,0;1;4;7,2;3;5;6,mfi-reversion__entry-20-exit-60-period-14,0.7787721805931274,0.6359283049231194,0.75,1.0986122886681098,False
mfi-reversion,13,0;1;5;6,2;3;4;7,mfi-reversion__entry-20-exit-60-period-14,0.5548337054882715,0.8366436364280093,0.75,1.0986122886681098,False
mfi-reversion,14,0;1;5;7,2;3;4;6,mfi-reversion__entry-20-exit-60-period-14,0.8937161618265682,0.4552533914813717,0.4166666666666667,-0.33647223662121273,True
mfi-reversion,15,0;1;6;7,2;3;4;5,mfi-reversion__entry-20-exit-60-period-14,0.6854403530088938,0.7655777838599991,0.9166666666666666,2.3978952727983702,False
mfi-reversion,16,0;2;3;4,1;5;6;7,mfi-reversion__entry-20-exit-60-period-14,0.5978713566029632,0.8157647122988503,0.75,1.0986122886681098,False
mfi-reversion,17,0;2;3;5,1;4;6;7,mfi-reversion__entry-20-exit-60-period-14,0.7340630662993252,0.677722012925752,0.5833333333333334,0.336472236621213,False
mfi-reversion,18,0;2;3;6,1;4;5;7,mfi-reversion__entry-20-exit-60-period-14,0.4844300266837937,0.9173993450591001,0.5833333333333334,0.336472236621213,False
mfi-reversion,19,0;2;3;7,1;4;5;6,mfi-reversion__entry-20-exit-60-period-14,0.8311449421968813,0.5661684672442076,0.5833333333333334,0.336472236621213,False
mfi-reversion,20,0;2;4;5,1;3;6;7,mfi-reversion__entry-20-exit-60-period-14,1.0377106834237415,0.47013839154100306,0.75,1.0986122886681098,False
mfi-reversion,21,0;2;4;6,1;3;5;7,mfi-reversion__entry-20-exit-60-period-14,0.7583637018746171,0.6894928340356369,0.75,1.0986122886681098,False
mfi-reversion,22,0;2;4;7,1;3;5;6,mfi-reversion__entry-20-exit-60-period-14,1.0471300926929232,0.2702609382158081,0.5833333333333334,0.336472236621213,False
mfi-reversion,23,0;2;5;6,1;3;4;7,mfi-reversion__entry-20-exit-60-period-14,0.9265094871762454,0.5708163712802724,0.4166666666666667,-0.33647223662121273,True
mfi-reversion,24,0;2;5;7,1;3;4;6,mfi-reversion__entry-20-exit-60-period-14,1.1678048044279155,0.10672558904582435,0.4166666666666667,-0.33647223662121273,True
mfi-reversion,25,0;2;6;7,1;3;4;5,mfi-reversion__entry-20-exit-60-period-14,0.9561845900093288,0.4052309476310295,0.4166666666666667,-0.33647223662121273,True
mfi-reversion,26,0;3;4;5,1;2;6;7,mfi-reversion__entry-20-exit-60-period-14,0.6682964927398993,0.7423007021940058,0.9166666666666666,2.3978952727983702,False
mfi-reversion,27,0;3;4;6,1;2;5;7,mfi-reversion__entry-30-exit-70-period-21,0.500038014904073,0.1570718503635558,0.75,1.0986122886681098,False
mfi-reversion,28,0;3;4;7,1;2;5;6,mfi-reversion__entry-20-exit-60-period-14,0.7768145604656999,0.6508033217255347,0.9166666666666666,2.3978952727983702,False
mfi-reversion,29,0;3;5;6,1;2;4;7,mfi-reversion__entry-20-exit-60-period-14,0.5533437796490801,0.8433246128118702,0.75,1.0986122886681098,False
mfi-reversion,30,0;3;5;7,1;2;4;6,mfi-reversion__entry-20-exit-60-period-14,0.8891471823120537,0.45826299578663104,0.5833333333333334,0.336472236621213,False
mfi-reversion,31,0;3;6;7,1;2;4;5,mfi-reversion__entry-20-exit-60-period-14,0.6852663822337572,0.7851059638307539,0.9166666666666666,2.3978952727983702,False
mfi-reversion,32,0;4;5;6,1;2;3;7,mfi-reversion__entry-20-exit-60-period-14,0.8660595818402466,0.6328938527970768,0.75,1.0986122886681098,False
mfi-reversion,33,0;4;5;7,1;2;3;6,mfi-reversion__entry-20-exit-60-period-14,1.121285526793231,0.2066592206091634,0.75,1.0986122886681098,False
mfi-reversion,34,0;4;6;7,1;2;3;5,mfi-reversion__entry-20-exit-60-period-14,0.901852100837005,0.4866670068854705,0.75,1.0986122886681098,False
mfi-reversion,35,0;5;6;7,1;2;3;4,mfi-reversion__entry-20-exit-60-period-14,1.0301775010365903,0.3384629369890648,0.4166666666666667,-0.33647223662121273,True
mfi-reversion,36,1;2;3;4,0;5;6;7,mfi-reversion__entry-20-exit-60-period-21,0.6932683169666913,-0.8457467072799506,0.08333333333333333,-2.3978952727983707,True
mfi-reversion,37,1;2;3;5,0;4;6;7,mfi-reversion__entry-20-exit-60-period-21,0.7119368261385668,-0.7624246134346555,0.08333333333333333,-2.3978952727983707,True
mfi-reversion,38,1;2;3;6,0;4;5;7,mfi-reversion__entry-20-exit-60-period-21,0.7119368261385668,-0.7624246134346555,0.08333333333333333,-2.3978952727983707,True
mfi-reversion,39,1;2;3;7,0;4;5;6,mfi-reversion__entry-20-exit-60-period-21,0.7119368261385668,-0.7624246134346555,0.08333333333333333,-2.3978952727983707,True
mfi-reversion,40,1;2;4;5,0;3;6;7,mfi-reversion__entry-20-exit-60-period-14,0.7851059638307539,0.6852663822337572,0.9166666666666666,2.3978952727983702,False
mfi-reversion,41,1;2;4;6,0;3;5;7,mfi-reversion__entry-30-exit-70-period-21,0.9402310795210018,-0.3104869138151913,0.5833333333333334,0.336472236621213,False
mfi-reversion,42,1;2;4;7,0;3;5;6,mfi-reversion__entry-30-exit-70-period-14,0.9023238607311226,-0.6907741167743336,0.25,-1.0986122886681098,True
mfi-reversion,43,1;2;5;6,0;3;4;7,mfi-reversion__entry-20-exit-60-period-14,0.6508033217255347,0.7768145604656999,0.9166666666666666,2.3978952727983702,False
mfi-reversion,44,1;2;5;7,0;3;4;6,mfi-reversion__entry-20-exit-60-period-14,0.9719025666183387,0.40563776280439634,0.75,1.0986122886681098,False
mfi-reversion,45,1;2;6;7,0;3;4;5,mfi-reversion__entry-20-exit-60-period-14,0.7423007021940058,0.6682964927398993,0.9166666666666666,2.3978952727983702,False
mfi-reversion,46,1;3;4;5,0;2;6;7,mfi-reversion__entry-30-exit-70-period-21,0.7444153977424114,-0.13825006153487512,0.75,1.0986122886681098,False
mfi-reversion,47,1;3;4;6,0;2;5;7,mfi-reversion__entry-30-exit-70-period-21,0.9070433461160439,-0.3629171970481406,0.5833333333333334,0.336472236621213,False
mfi-reversion,48,1;3;4;7,0;2;5;6,mfi-reversion__entry-30-exit-70-period-14,0.7859670456816786,-0.6340959609512077,0.5833333333333334,0.336472236621213,False
mfi-reversion,49,1;3;5;6,0;2;4;7,mfi-reversion__entry-20-exit-60-period-21,0.7125536626739521,-0.7617644124141454,0.08333333333333333,-2.3978952727983707,True
mfi-reversion,50,1;3;5;7,0;2;4;6,mfi-reversion__entry-20-exit-60-period-21,0.7125536626739521,-0.7617644124141454,0.08333333333333333,-2.3978952727983707,True
mfi-reversion,51,1;3;6;7,0;2;4;5,mfi-reversion__entry-20-exit-60-period-21,0.7125536626739521,-0.7617644124141454,0.08333333333333333,-2.3978952727983707,True
mfi-reversion,52,1;4;5;6,0;2;3;7,mfi-reversion__entry-30-exit-70-period-21,1.2681979856102144,-0.632758155229473,0.25,-1.0986122886681098,True
mfi-reversion,53,1;4;5;7,0;2;3;6,mfi-reversion__entry-30-exit-70-period-21,0.9674039456256737,-0.46490171383443074,0.5833333333333334,0.336472236621213,False
mfi-reversion,54,1;4;6;7,0;2;3;5,mfi-reversion__entry-30-exit-70-period-21,1.1265849454471624,-0.7006728258873366,0.5833333333333334,0.336472236621213,False
mfi-reversion,55,1;5;6;7,0;2;3;4,mfi-reversion__entry-30-exit-70-period-21,0.8760850355359227,0.08100013784516916,0.5833333333333334,0.336472236621213,False
mfi-reversion,56,2;3;4;5,0;1;6;7,mfi-reversion__entry-20-exit-60-period-14,0.7655777838599991,0.6854403530088938,0.9166666666666666,2.3978952727983702,False
mfi-reversion,57,2;3;4;6,0;1;5;7,mfi-reversion__entry-30-exit-70-period-14,0.8605508333956586,-0.40384304011725825,0.5833333333333334,0.336472236621213,False
mfi-reversion,58,2;3;4;7,0;1;5;6,mfi-reversion__entry-30-exit-70-period-14,0.8599301086490573,-0.7463791777758875,0.4166666666666667,-0.33647223662121273,True
mfi-reversion,59,2;3;5;6,0;1;4;7,mfi-reversion__entry-20-exit-60-period-21,0.7821024277965659,-0.6279831630701506,0.25,-1.0986122886681098,True
mfi-reversion,60,2;3;5;7,0;1;4;6,mfi-reversion__entry-20-exit-60-period-14,0.9615717851436414,0.40090036493286374,0.75,1.0986122886681098,False
mfi-reversion,61,2;3;6;7,0;1;4;5,mfi-reversion__entry-20-exit-60-period-21,0.7821024277965659,-0.6279831630701506,0.25,-1.0986122886681098,True
mfi-reversion,62,2;4;5;6,0;1;3;7,mfi-reversion__entry-20-exit-60-period-14,1.1777963648349186,0.6015686352135637,0.9166666666666666,2.3978952727983702,False
mfi-reversion,63,2;4;5;7,0;1;3;6,mfi-reversion__entry-20-exit-60-period-14,1.255943048945945,0.20855388682754994,0.9166666666666666,2.3978952727983702,False
mfi-reversion,64,2;4;6;7,0;1;3;5,mfi-reversion__entry-30-exit-70-period-14,1.1694897283424532,-1.0332931801097345,0.4166666666666667,-0.33647223662121273,True
mfi-reversion,65,2;5;6;7,0;1;3;4,mfi-reversion__entry-20-exit-60-period-14,1.1605943490882176,0.323216927704809,0.9166666666666666,2.3978952727983702,False
mfi-reversion,66,3;4;5;6,0;1;2;7,mfi-reversion__entry-30-exit-70-period-21,0.9523175375980346,-0.37288528147812966,0.75,1.0986122886681098,False
mfi-reversion,67,3;4;5;7,0;1;2;6,mfi-reversion__entry-20-exit-60-period-14,0.907288363283833,0.4822147922320445,0.9166666666666666,2.3978952727983702,False
mfi-reversion,68,3;4;6;7,0;1;2;5,mfi-reversion__entry-30-exit-70-period-14,1.0393005676265068,-1.0142359623188493,0.4166666666666667,-0.33647223662121273,True
mfi-reversion,69,3;5;6;7,0;1;2;4,mfi-reversion__entry-20-exit-60-period-14,0.8077904212246707,0.59921818867633,0.9166666666666666,2.3978952727983702,False
mfi-reversion,70,4;5;6;7,0;1;2;3,mfi-reversion__entry-30-exit-70-period-14,1.200022873435877,-1.0895464453803576,0.4166666666666667,-0.33647223662121273,True
obv-trend,1,0;1;2;3,4;5;6;7,obv-trend__obv_period-20-price_period-50,-0.5737090772352895,0.8768159835316741,0.75,1.0986122886681098,False
obv-trend,2,0;1;2;4,3;5;6;7,obv-trend__obv_period-10-price_period-50,0.1995199075819139,0.3770777600669881,0.08333333333333333,-2.3978952727983707,True
obv-trend,3,0;1;2;5,3;4;6;7,obv-trend__obv_period-20-price_period-50,-0.33668774654873723,0.8269969242999058,0.75,1.0986122886681098,False
obv-trend,4,0;1;2;6,3;4;5;7,obv-trend__obv_period-20-price_period-50,0.9107496911180576,0.15104130859773346,0.25,-1.0986122886681098,True
obv-trend,5,0;1;2;7,3;4;5;6,obv-trend__obv_period-20-price_period-50,0.23401430742513538,0.5949751734865462,0.5833333333333334,0.336472236621213,False
obv-trend,6,0;1;3;4,2;5;6;7,obv-trend__obv_period-10-price_period-100,0.17028436869677094,0.4072466539473227,0.25,-1.0986122886681098,True
obv-trend,7,0;1;3;5,2;4;6;7,obv-trend__obv_period-20-price_period-50,-0.5760096648302205,0.8987412541120771,0.9166666666666666,2.3978952727983702,False
obv-trend,8,0;1;3;6,2;4;5;7,obv-trend__obv_period-20-price_period-100,0.8999902032832261,0.052424894083955474,0.25,-1.0986122886681098,True
obv-trend,9,0;1;3;7,2;4;5;6,obv-trend__obv_period-20-price_period-100,0.1913143642217706,0.4637493086038843,0.4166666666666667,-0.33647223662121273,True
obv-trend,10,0;1;4;5,2;3;6;7,obv-trend__obv_period-10-price_period-50,0.11137413777395073,0.469730083896501,0.25,-1.0986122886681098,True
obv-trend,11,0;1;4;6,2;3;5;7,obv-trend__obv_period-20-price_period-50,0.7841438950565154,-0.018802050456855953,0.9166666666666666,2.3978952727983702,False
obv-trend,12,0;1;4;7,2;3;5;6,obv-trend__obv_period-10-price_period-100,0.3850418727535563,0.20530665655478195,0.08333333333333333,-2.3978952727983707,True
obv-trend,13,0;1;5;6,2;3;4;7,obv-trend__obv_period-20-price_period-50,0.8628457126590493,0.16874243780387418,0.5833333333333334,0.336472236621213,False
obv-trend,14,0;1;5;7,2;3;4;6,obv-trend__obv_period-20-price_period-50,0.20692553187167814,0.6188672974430037,0.9166666666666666,2.3978952727983702,False
obv-trend,15,0;1;6;7,2;3;4;5,obv-trend__obv_period-20-price_period-50,1.0739439646643778,-0.18969398809609764,0.5833333333333334,0.336472236621213,False
obv-trend,16,0;2;3;4,1;5;6;7,obv-trend__obv_period-10-price_period-100,0.08067382138762559,0.47386494396520973,0.25,-1.0986122886681098,True
obv-trend,17,0;2;3;5,1;4;6;7,obv-trend__obv_period-10-price_period-50,-0.6706032060509213,0.7136085933459211,0.25,-1.0986122886681098,True
obv-trend,18,0;2;3;6,1;4;5;7,obv-trend__obv_period-20-price_period-50,0.6612487139236831,0.32296141526265576,0.75,1.0986122886681098,False
obv-trend,19,0;2;3;7,1;4;5;6,obv-trend__obv_period-10-price_period-100,0.08296832013102137,0.5050414946427605,0.08333333333333333,-2.3978952727983707,True
obv-trend,20,0;2;4;5,1;3;6;7,obv-trend__obv_period-10-price_period-50,0.15064013421133954,0.43211921425364525,0.08333333333333333,-2.3978952727983707,True
obv-trend,21,0;2;4;6,1;3;5;7,obv-trend__obv_period-20-price_period-50,0.6944648487849954,0.10072476687381421,0.75,1.0986122886681098,False
obv-trend,22,0;2;4;7,1;3;5;6,obv-trend__obv_period-10-price_period-50,0.3549294332292936,0.20292332297328292,0.08333333333333333,-2.3978952727983707,True
obv-trend,23,0;2;5;6,1;3;4;7,obv-trend__obv_period-20-price_period-50,0.732300295074908,0.25454110067294566,0.5833333333333334,0.336472236621213,False
obv-trend,24,0;2;5;7,1;3;4;6,obv-trend__obv_period-20-price_period-50,0.08921922978043878,0.7093225697995634,0.5833333333333334,0.336472236621213,False
obv-trend,25,0;2;6;7,1;3;4;5,obv-trend__obv_period-20-price_period-50,0.9707893505100625,-0.08966220393876055,0.5833333333333334,0.336472236621213,False
obv-trend,26,0;3;4;5,1;2;6;7,obv-trend__obv_period-10-price_period-100,0.09370972876312368,0.47134969323172693,0.25,-1.0986122886681098,True
obv-trend,27,0;3;4;6,1;2;5;7,obv-trend__obv_period-50-price_period-100,0.8261805106477689,-0.519878390560985,0.08333333333333333,-2.3978952727983707,True
obv-trend,28,0;3;4;7,1;2;5;6,obv-trend__obv_period-10-price_period-100,0.44595851746680554,0.12374049918251867,0.08333333333333333,-2.3978952727983707,True
obv-trend,29,0;3;5;6,1;2;4;7,obv-trend__obv_period-20-price_period-100,0.7380933497777245,0.10842821447443782,0.25,-1.0986122886681098,True
obv-trend,30,0;3;5;7,1;2;4;6,obv-trend__obv_period-20-price_period-100,0.10992142940492455,0.5418890565283974,0.4166666666666667,-0.33647223662121273,True
obv-trend,31,0;3;6;7,1;2;4;5,obv-trend__obv_period-20-price_period-100,0.9807250798928555,-0.3684370730037864,0.25,-1.0986122886681098,True
obv-trend,32,0;4;5;6,1;2;3;7,obv-trend__obv_period-50-price_period-50,0.7672689215675147,-0.26177271532129553,0.25,-1.0986122886681098,True
obv-trend,33,0;4;5;7,1;2;3;6,obv-trend__obv_period-50-price_period-50,0.35727142709259585,0.2888035100832251,0.08333333333333333,-2.3978952727983707,True
obv-trend,34,0;4;6;7,1;2;3;5,obv-trend__obv_period-50-price_period-50,0.9070520702068433,-0.9079028130451976,0.25,-1.0986122886681098,True
obv-trend,35,0;5;6;7,1;2;3;4,obv-trend__obv_period-20-price_period-50,0.9372445130558448,-0.07191013812884971,0.5833333333333334,0.336472236621213,False
obv-trend,36,1;2;3;4,0;5;6;7,obv-trend__obv_period-10-price_period-50,0.06577986598536228,0.5017192691376018,0.08333333333333333,-2.3978952727983707,True
obv-trend,37,1;2;3;5,0;4;6;7,obv-trend__obv_period-20-price_period-50,-0.5165667682089208,0.8920694454910321,0.75,1.0986122886681098,False
obv-trend,38,1;2;3;6,0;4;5;7,obv-trend__obv_period-20-price_period-50,0.8056717385061992,0.22673505339035097,0.4166666666666667,-0.33647223662121273,True
obv-trend,39,1;2;3;7,0;4;5;6,obv-trend__obv_period-20-price_period-50,0.12597316059926428,0.6699916660349926,0.75,1.0986122886681098,False
obv-trend,40,1;2;4;5,0;3;6;7,obv-trend__obv_period-10-price_period-50,0.17638996448902064,0.40647965181010554,0.08333333333333333,-2.3978952727983707,True
obv-trend,41,1;2;4;6,0;3;5;7,obv-trend__obv_period-20-price_period-50,0.7916945097542983,-0.04107287686630867,0.5833333333333334,0.336472236621213,False
obv-trend,42,1;2;4;7,0;3;5;6,obv-trend__obv_period-10-price_period-50,0.37611859529760855,0.1675531095962725,0.08333333333333333,-2.3978952727983707,True
obv-trend,43,1;2;5;6,0;3;4;7,obv-trend__obv_period-20-price_period-50,0.8666826064512763,0.15489922538042322,0.25,-1.0986122886681098,True
obv-trend,44,1;2;5;7,0;3;4;6,obv-trend__obv_period-20-price_period-50,0.22389658465682913,0.6094141762538545,0.4166666666666667,-0.33647223662121273,True
obv-trend,45,1;2;6;7,0;3;4;5,obv-trend__obv_period-20-price_period-50,1.077240530251637,-0.21058704470522288,0.08333333333333333,-2.3978952727983707,True
obv-trend,46,1;3;4;5,0;2;6;7,obv-trend__obv_period-10-price_period-100,0.02805563591624295,0.5277600245367147,0.25,-1.0986122886681098,True
obv-trend,47,1;3;4;6,0;2;5;7,obv-trend__obv_period-20-price_period-100,0.7799767079019082,-0.11734611601052239,0.25,-1.0986122886681098,True
obv-trend,48,1;3;4;7,0;2;5;6,obv-trend__obv_period-10-price_period-100,0.3923215237019561,0.1954905472618959,0.08333333333333333,-2.3978952727983707,True
obv-trend,49,1;3;5;6,0;2;4;7,obv-trend__obv_period-20-price_period-50,0.7591871761055671,0.2450573098214912,0.4166666666666667,-0.33647223662121273,True
obv-trend,50,1;3;5;7,0;2;4;6,obv-trend__obv_period-20-price_period-100,0.1184703455483522,0.5439998892112666,0.25,-1.0986122886681098,True
obv-trend,51,1;3;6;7,0;2;4;5,obv-trend__obv_period-20-price_period-50,0.9927010589004269,-0.0966828118594416,0.4166666666666667,-0.33647223662121273,True
obv-trend,52,1;4;5;6,0;2;3;7,obv-trend__obv_period-20-price_period-50,0.7664387636554983,-0.01860358405590924,0.5833333333333334,0.336472236621213,False
obv-trend,53,1;4;5;7,0;2;3;6,obv-trend__obv_period-50-price_period-50,0.3395049426832315,0.318785811833503,0.25,-1.0986122886681098,True
obv-trend,54,1;4;6;7,0;2;3;5,obv-trend__obv_period-20-price_period-50,0.9765807044570559,-0.7647439833546557,0.5833333333333334,0.336472236621213,False
obv-trend,55,1;5;6;7,0;2;3;4,obv-trend__obv_period-20-price_period-50,1.0427120718121983,-0.1945249327812733,0.5833333333333334,0.336472236621213,False
obv-trend,56,2;3;4;5,0;1;6;7,obv-trend__obv_period-10-price_period-50,0.019410948575816444,0.5588100119517881,0.25,-1.0986122886681098,True
obv-trend,57,2;3;4;6,0;1;5;7,obv-trend__obv_period-20-price_period-50,0.6188672974430037,0.20692553187167814,0.9166666666666666,2.3978952727983702,False
obv-trend,58,2;3;4;7,0;1;5;6,obv-trend__obv_period-10-price_period-100,0.3278269355337835,0.2918087373059484,0.08333333333333333,-2.3978952727983707,True
obv-trend,59,2;3;5;6,0;1;4;7,obv-trend__obv_period-20-price_period-50,0.6262893751502181,0.3301540557332152,0.5833333333333334,0.336472236621213,False
obv-trend,60,2;3;5;7,0;1;4;6,obv-trend__obv_period-20-price_period-50,-0.018802050456855953,0.7841438950565154,0.9166666666666666,2.3978952727983702,False
obv-trend,61,2;3;6;7,0;1;4;5,obv-trend__obv_period-20-price_period-50,0.8884083212921532,0.002231532518610574,0.4166666666666667,-0.33647223662121273,True
obv-trend,62,2;4;5;6,0;1;3;7,obv-trend__obv_period-20-price_period-50,0.6787343883764017,0.10617408737733373,0.5833333333333334,0.336472236621213,False
obv-trend,63,2;4;5;7,0;1;3;6,obv-trend__obv_period-10-price_period-50,0.33373168603515474,0.24076248709684991,0.08333333333333333,-2.3978952727983707,True
obv-trend,64,2;4;6;7,0;1;3;5,obv-trend__obv_period-20-price_period-50,0.8987412541120771,-0.5760096648302205,0.9166666666666666,2.3978952727983702,False
obv-trend,65,2;5;6;7,0;1;3;4,obv-trend__obv_period-20-price_period-50,0.9425564605863941,-0.09150415378578236,0.5833333333333334,0.336472236621213,False
obv-trend,66,3;4;5;6,0;1;2;7,obv-trend__obv_period-20-price_period-100,0.6876679958466658,-0.05296779398909999,0.25,-1.0986122886681098,True
obv-trend,67,3;4;5;7,0;1;2;6,obv-trend__obv_period-10-price_period-100,0.33323864308515955,0.2873980140968178,0.08333333333333333,-2.3978952727983707,True
obv-trend,68,3;4;6;7,0;1;2;5,obv-trend__obv_period-20-price_period-100,0.9347176517384157,-0.9409853230444049,0.25,-1.0986122886681098,True
obv-trend,69,3;5;6;7,0;1;2;4,obv-trend__obv_period-20-price_period-100,0.8751671606002133,-0.3392550957677456,0.25,-1.0986122886681098,True
obv-trend,70,4;5;6;7,0;1;2;3,obv-trend__obv_period-50-price_period-50,0.902907204250882,-1.019034079317339,0.25,-1.0986122886681098,True
vol-target-trend,1,0;1;2;3,4;5;6;7,vol-target-trend__target_vol-0p15-trend_period-200-vol_period-20,-0.47806624517263635,1.1707064230376059,0.4375,-0.25131442828090605,True
vol-target-trend,2,0;1;2;4,3;5;6;7,vol-target-trend__target_vol-0p15-trend_period-200-vol_period-60,0.23297749638100998,1.1371045136863633,0.9375,2.70805020110221,False
vol-target-trend,3,0;1;2;5,3;4;6;7,vol-target-trend__target_vol-0p15-trend_period-200-vol_period-60,-0.4208008754661382,1.4602702759107256,0.8125,1.466337068793427,False
vol-target-trend,4,0;1;2;6,3;4;5;7,vol-target-trend__target_vol-0p15-trend_period-200-vol_period-20,1.0808988736797331,0.23659434751586939,0.0625,-2.70805020110221,True
vol-target-trend,5,0;1;2;7,3;4;5;6,vol-target-trend__target_vol-0p15-trend_period-200-vol_period-60,-0.26646413805259117,1.5402101028778474,0.9375,2.70805020110221,False
vol-target-trend,6,0;1;3;4,2;5;6;7,vol-target-trend__target_vol-0p2-trend_period-200-vol_period-60,0.48645631922090676,0.7936720051342756,0.6875,0.7884573603642703,False
vol-target-trend,7,0;1;3;5,2;4;6;7,vol-target-trend__target_vol-0p2-trend_period-200-vol_period-60,-0.2749040395444079,1.131641460247423,0.5625,0.25131442828090617,False
vol-target-trend,8,0;1;3;6,2;4;5;7,vol-target-trend__target_vol-0p15-trend_period-200-vol_period-60,1.3958230717925244,0.2949980102367655,0.9375,2.70805020110221,False
vol-target-trend,9,0;1;3;7,2;4;5;6,vol-target-trend__target_vol-0p2-trend_period-200-vol_period-60,-0.11007412518446606,1.1787818822248506,0.8125,1.466337068793427,False
vol-target-trend,10,0;1;4;5,2;3;6;7,vol-target-trend__target_vol-0p2-trend_period-200-vol_period-60,0.3737062128006331,0.8898878931472601,0.5625,0.25131442828090617,False
vol-target-trend,11,0;1;4;6,2;3;5;7,vol-target-trend__target_vol-0p15-trend_period-200-vol_period-20,1.5607853392220947,-0.23822376350105862,0.3125,-0.7884573603642702,True
vol-target-trend,12,0;1;4;7,2;3;5;6,vol-target-trend__target_vol-0p2-trend_period-200-vol_period-60,0.3878440716034408,0.9386627002140434,0.8125,1.466337068793427,False
vol-target-trend,13,0;1;5;6,2;3;4;7,vol-target-trend__target_vol-0p15-trend_period-200-vol_period-60,1.1871661994164129,0.34716952616741703,0.9375,2.70805020110221,False
vol-target-trend,14,0;1;5;7,2;3;4;6,vol-target-trend__target_vol-0p2-trend_period-200-vol_period-60,-0.11865693850285577,1.318306673113776,0.5625,0.25131442828090617,False
vol-target-trend,15,0;1;6;7,2;3;4;5,vol-target-trend__target_vol-0p15-trend_period-200-vol_period-60,1.1121209135680408,0.32414558471615107,0.9375,2.70805020110221,False
vol-target-trend,16,0;2;3;4,1;5;6;7,vol-target-trend__target_vol-0p15-trend_period-100-vol_period-60,0.32275173099310556,0.8102726595514624,0.4375,-0.25131442828090605,True
vol-target-trend,17,0;2;3;5,1;4;6;7,vol-target-trend__target_vol-0p15-trend_period-100-vol_period-60,-0.3424732621870206,1.116202912059006,0.3125,-0.7884573603642702,True
vol-target-trend,18,0;2;3;6,1;4;5;7,vol-target-trend__target_vol-0p15-trend_period-200-vol_period-20,1.1233838718413574,0.21558071205014462,0.3125,-0.7884573603642702,True
vol-target-trend,19,0;2;3;7,1;4;5;6,vol-target-trend__target_vol-0p15-trend_period-100-vol_period-60,-0.2049116483175461,1.1837871330343852,0.4375,-0.25131442828090605,True
vol-target-trend,20,0;2;4;5,1;3;6;7,vol-target-trend__target_vol-0p15-trend_period-100-vol_period-60,0.2847324903113484,0.8678847245642699,0.3125,-0.7884573603642702,True
vol-target-trend,21,0;2;4;6,1;3;5;7,vol-target-trend__target_vol-0p15-trend_period-200-vol_period-20,1.3373550578026359,-0.14330744807709478,0.5625,0.25131442828090617,False
vol-target-trend,22,0;2;4;7,1;3;5;6,vol-target-trend__target_vol-0p15-trend_period-100-vol_period-60,0.29305355546018585,0.9416968585858632,0.4375,-0.25131442828090605,True
vol-target-trend,23,0;2;5;6,1;3;4;7,vol-target-trend__target_vol-0p15-trend_period-200-vol_period-60,0.9705852142215986,0.504623650789485,0.9375,2.70805020110221,False
vol-target-trend,24,0;2;5;7,1;3;4;6,vol-target-trend__target_vol-0p15-trend_period-100-vol_period-60,-0.19375665876300824,1.2633739482967545,0.3125,-0.7884573603642702,True
vol-target-trend,25,0;2;6;7,1;3;4;5,vol-target-trend__target_vol-0p15-trend_period-200-vol_period-20,0.935170386761864,0.26061716230252124,0.3125,-0.7884573603642702,True
vol-target-trend,26,0;3;4;5,1;2;6;7,vol-target-trend__target_vol-0p15-trend_period-100-vol_period-60,0.573239816181101,0.6337685998822477,0.3125,-0.7884573603642702,True
vol-target-trend,27,0;3;4;6,1;2;5;7,vol-target-trend__target_vol-0p15-trend_period-200-vol_period-20,1.6111673690854302,-0.2518124902999466,0.5625,0.25131442828090617,False
vol-target-trend,28,0;3;4;7,1;2;5;6,vol-target-trend__target_vol-0p15-trend_period-100-vol_period-60,0.5268575159651179,0.6609797688643966,0.4375,-0.25131442828090605,True
vol-target-trend,29,0;3;5;6,1;2;4;7,vol-target-trend__target_vol-0p15-trend_period-200-vol_period-60,1.2279696790729304,0.32309155480512,0.9375,2.70805020110221,False
vol-target-trend,30,0;3;5;7,1;2;4;6,vol-target-trend__target_vol-0p2-trend_period-100-vol_period-60,0.012635547206491606,0.8914361423679271,0.0625,-2.70805020110221,True
vol-target-trend,31,0;3;6;7,1;2;4;5,vol-target-trend__target_vol-0p15-trend_period-200-vol_period-60,1.145550574356107,0.2966100477764159,0.9375,2.70805020110221,False
vol-target-trend,32,0;4;5;6,1;2;3;7,vol-target-trend__target_vol-0p15-trend_period-200-vol_period-60,1.4195121043547185,-0.1450092682844796,0.9375,2.70805020110221,False
vol-target-trend,33,0;4;5;7,1;2;3;6,vol-target-trend__target_vol-0p15-trend_period-100-vol_period-60,0.4795417897752434,0.7170744133440993,0.3125,-0.7884573603642702,True
vol-target-trend,34,0;4;6;7,1;2;3;5,vol-target-trend__target_vol-0p15-trend_period-200-vol_period-60,1.3526289471218274,-0.27815323319826607,0.9375,2.70805020110221,False
vol-target-trend,35,0;5;6;7,1;2;3;4,vol-target-trend__target_vol-0p15-trend_period-200-vol_period-60,1.0260587850265885,0.3743191270331115,0.9375,2.70805020110221,False
vol-target-trend,36,1;2;3;4,0;5;6;7,vol-target-trend__target_vol-0p15-trend_period-200-vol_period-60,0.3743191270331115,1.0260587850265885,0.9375,2.70805020110221,False
vol-target-trend,37,1;2;3;5,0;4;6;7,vol-target-trend__target_vol-0p15-trend_period-200-vol_period-60,-0.27815323319826607,1.3526289471218274,0.9375,2.70805020110221,False
vol-target-trend,38,1;2;3;6,0;4;5;7,vol-target-trend__target_vol-0p15-trend_period-200-vol_period-20,1.2400443904843932,0.12777872538135998,0.0625,-2.70805020110221,True
vol-target-trend,39,1;2;3;7,0;4;5;6,vol-target-trend__target_vol-0p15-trend_period-200-vol_period-60,-0.1450092682844796,1.4195121043547185,0.9375,2.70805020110221,False
vol-target-trend,40,1;2;4;5,0;3;6;7,vol-target-trend__target_vol-0p15-trend_period-200-vol_period-60,0.2966100477764159,1.145550574356107,0.9375,2.70805020110221,False
vol-target-trend,41,1;2;4;6,0;3;5;7,vol-target-trend__target_vol-0p15-trend_period-200-vol_period-20,1.440632276106139,-0.23832740485429668,0.0625,-2.70805020110221,True
vol-target-trend,42,1;2;4;7,0;3;5;6,vol-target-trend__target_vol-0p15-trend_period-200-vol_period-60,0.32309155480512,1.2279696790729304,0.9375,2.70805020110221,False
vol-target-trend,43,1;2;5;6,0;3;4;7,vol-target-trend__target_vol-0p15-trend_period-200-vol_period-60,1.06118076011522,0.4105332621725146,0.3125,-0.7884573603642702,True
vol-target-trend,44,1;2;5;7,0;3;4;6,vol-target-trend__target_vol-0p15-trend_period-200-vol_period-60,-0.1520780541817655,1.5832094354061719,0.8125,1.466337068793427,False
vol-target-trend,45,1;2;6;7,0;3;4;5,vol-target-trend__target_vol-0p15-trend_period-200-vol_period-20,1.0274850520535237,0.15169127067080146,0.0625,-2.70805020110221,True
vol-target-trend,46,1;3;4;5,0;2;6;7,vol-target-trend__target_vol-0p2-trend_period-200-vol_period-60,0.5117627790308912,0.7791532650807659,0.3125,-0.7884573603642702,True
vol-target-trend,47,1;3;4;6,0;2;5;7,vol-target-trend__target_vol-0p15-trend_period-200-vol_period-20,1.7308705186925206,-0.33702961865152425,0.0625,-2.70805020110221,True
vol-target-trend,48,1;3;4;7,0;2;5;6,vol-target-trend__target_vol-0p15-trend_period-200-vol_period-60,0.504623650789485,0.9705852142215986,0.9375,2.70805020110221,False
vol-target-trend,49,1;3;5;6,0;2;4;7,vol-target-trend__target_vol-0p15-trend_period-200-vol_period-60,1.331662422897575,0.23932485170053505,0.6875,0.7884573603642703,False
vol-target-trend,50,1;3;5;7,0;2;4;6,vol-target-trend__target_vol-0p2-trend_period-200-vol_period-60,-8.557601301412619e-05,1.1960112496370996,0.4375,-0.25131442828090605,True
vol-target-trend,51,1;3;6;7,0;2;4;5,vol-target-trend__target_vol-0p15-trend_period-200-vol_period-20,1.248726392497059,0.006049221548042282,0.0625,-2.70805020110221,True
vol-target-trend,52,1;4;5;6,0;2;3;7,vol-target-trend__target_vol-0p15-trend_period-200-vol_period-60,1.5045641486179755,-0.2467954229232731,0.4375,-0.25131442828090605,True
vol-target-trend,53,1;4;5;7,0;2;3;6,vol-target-trend__target_vol-0p2-trend_period-200-vol_period-60,0.4305466598973369,0.9590131492097829,0.4375,-0.25131442828090605,True
vol-target-trend,54,1;4;6;7,0;2;3;5,vol-target-trend__target_vol-0p15-trend_period-200-vol_period-20,1.4453853584351213,-0.42380607366804973,0.5625,0.25131442828090617,False
vol-target-trend,55,1;5;6;7,0;2;3;4,vol-target-trend__target_vol-0p15-trend_period-200-vol_period-60,1.1068827315057252,0.2633714277631925,0.6875,0.7884573603642703,False
vol-target-trend,56,2;3;4;5,0;1;6;7,vol-target-trend__target_vol-0p15-trend_period-200-vol_period-60,0.32414558471615107,1.1121209135680408,0.9375,2.70805020110221,False
vol-target-trend,57,2;3;4;6,0;1;5;7,vol-target-trend__target_vol-0p15-trend_period-200-vol_period-20,1.4836579510951018,-0.2525971716516479,0.3125,-0.7884573603642702,True
vol-target-trend,58,2;3;4;7,0;1;5;6,vol-target-trend__target_vol-0p15-trend_period-200-vol_period-60,0.34716952616741703,1.1871661994164129,0.9375,2.70805020110221,False
vol-target-trend,59,2;3;5;6,0;1;4;7,vol-target-trend__target_vol-0p15-trend_period-200-vol_period-60,1.0957728712564097,0.38322611949220314,0.8125,1.466337068793427,False
vol-target-trend,60,2;3;5;7,0;1;4;6,vol-target-trend__target_vol-0p15-trend_period-200-vol_period-60,-0.13233290041384557,1.5429512555523475,0.8125,1.466337068793427,False
vol-target-trend,61,2;3;6;7,0;1;4;5,vol-target-trend__target_vol-0p15-trend_period-200-vol_period-20,1.0601502900069804,0.12786524064484053,0.3125,-0.7884573603642702,True
vol-target-trend,62,2;4;5;6,0;1;3;7,vol-target-trend__target_vol-0p15-trend_period-200-vol_period-60,1.3105324809878107,-0.12046275860630097,0.8125,1.466337068793427,False
vol-target-trend,63,2;4;5;7,0;1;3;6,vol-target-trend__target_vol-0p15-trend_period-200-vol_period-60,0.2949980102367655,1.3958230717925244,0.9375,2.70805020110221,False
vol-target-trend,64,2;4;6;7,0;1;3;5,vol-target-trend__target_vol-0p15-trend_period-200-vol_period-20,1.26986559057011,-0.3352124320753606,0.6875,0.7884573603642703,False
vol-target-trend,65,2;5;6;7,0;1;3;4,vol-target-trend__target_vol-0p15-trend_period-200-vol_period-60,0.9424969557864799,0.47991372365561824,0.8125,1.466337068793427,False
vol-target-trend,66,3;4;5;6,0;1;2;7,vol-target-trend__target_vol-0p15-trend_period-200-vol_period-60,1.5402101028778474,-0.26646413805259117,0.9375,2.70805020110221,False
vol-target-trend,67,3;4;5;7,0;1;2;6,vol-target-trend__target_vol-0p15-trend_period-100-vol_period-60,0.507409107730887,0.6878831238884232,0.3125,-0.7884573603642702,True
vol-target-trend,68,3;4;6;7,0;1;2;5,vol-target-trend__target_vol-0p15-trend_period-200-vol_period-20,1.4833829230298714,-0.43475295912364736,0.8125,1.466337068793427,False
vol-target-trend,69,3;5;6;7,0;1;2;4,vol-target-trend__target_vol-0p15-trend_period-200-vol_period-60,1.1371045136863633,0.23297749638100998,0.9375,2.70805020110221,False
vol-target-trend,70,4;5;6;7,0;1;2;3,vol-target-trend__target_vol-0p15-trend_period-200-vol_period-60,1.344279808365845,-0.5215210590040359,0.6875,0.7884573603642703,False
indicator-vote,1,0;1;2;3,4;5;6;7,indicator-vote__threshold-4,-0.37078189186258176,1.2062721543440116,0.8333333333333334,1.6094379124341007,False
indicator-vote,2,0;1;2;4,3;5;6;7,indicator-vote__threshold-3,0.33484416659434757,0.7794704843335799,0.5,0.0,True
indicator-vote,3,0;1;2;5,3;4;6;7,indicator-vote__threshold-4,-0.2829245263439009,1.2249043976937628,0.8333333333333334,1.6094379124341007,False
indicator-vote,4,0;1;2;6,3;4;5;7,indicator-vote__threshold-3,0.9026115549453974,0.4424102544366352,0.16666666666666666,-1.6094379124341005,True
indicator-vote,5,0;1;2;7,3;4;5;6,indicator-vote__threshold-4,0.5471484348950422,1.0530214963131619,0.16666666666666666,-1.6094379124341005,True
indicator-vote,6,0;1;3;4,2;5;6;7,indicator-vote__threshold-3,0.5408205076788958,0.6312657784177844,0.5,0.0,True
indicator-vote,7,0;1;3;5,2;4;6;7,indicator-vote__threshold-4,0.010762877822314023,1.107497947255822,0.8333333333333334,1.6094379124341007,False
indicator-vote,8,0;1;3;6,2;4;5;7,indicator-vote__threshold-3,1.2275255838371049,0.3160826280646172,0.5,0.0,True
indicator-vote,9,0;1;3;7,2;4;5;6,indicator-vote__threshold-4,0.6833681050368207,0.8691135909063578,0.5,0.0,True
indicator-vote,10,0;1;4;5,2;3;6;7,indicator-vote__threshold-3,0.49972589265047135,0.6574069933644523,0.5,0.0,True
indicator-vote,11,0;1;4;6,2;3;5;7,indicator-vote__threshold-3,1.2165752025767036,-0.051578042619955855,0.5,0.0,True
indicator-vote,12,0;1;4;7,2;3;5;6,indicator-vote__threshold-4,0.6833681050368207,0.8691135909063578,0.8333333333333334,1.6094379124341007,False
indicator-vote,13,0;1;5;6,2;3;4;7,indicator-vote__threshold-3,1.055132317794353,0.3204107496940392,0.5,0.0,True
indicator-vote,14,0;1;5;7,2;3;4;6,indicator-vote__threshold-4,0.6670161437360191,0.8983106139362848,0.16666666666666666,-1.6094379124341005,True
indicator-vote,15,0;1;6;7,2;3;4;5,indicator-vote__threshold-4,1.2227744111828065,-0.2834137457981074,0.16666666666666666,-1.6094379124341005,True
indicator-vote,16,0;2;3;4,1;5;6;7,indicator-vote__threshold-3,0.3351333266401813,0.7787942841414672,0.5,0.0,True
indicator-vote,17,0;2;3;5,1;4;6;7,indicator-vote__threshold-4,-0.2831688191206951,1.2238380142790322,0.8333333333333334,1.6094379124341007,False
indicator-vote,18,0;2;3;6,1;4;5;7,indicator-vote__threshold-3,0.9033932021975731,0.4420270852153292,0.5,0.0,True
indicator-vote,19,0;2;3;7,1;4;5;6,indicator-vote__threshold-4,0.5476212863056533,1.0521061705557564,0.16666666666666666,-1.6094379124341005,True
indicator-vote,20,0;2;4;5,1;3;6;7,indicator-vote__threshold-3,0.3189414705719327,0.8172079739689194,0.16666666666666666,-1.6094379124341005,True
indicator-vote,21,0;2;4;6,1;3;5;7,indicator-vote__threshold-3,1.0296410258951678,0.098212987392236,0.16666666666666666,-1.6094379124341005,True
indicator-vote,22,0;2;4;7,1;3;5;6,indicator-vote__threshold-4,0.5476212863056533,1.0521061705557564,0.16666666666666666,-1.6094379124341005,True
indicator-vote,23,0;2;5;6,1;3;4;7,indicator-vote__threshold-4,0.8683604856762481,0.683960095135996,0.8333333333333334,1.6094379124341007,False
indicator-vote,24,0;2;5;7,1;3;4;6,indicator-vote__threshold-4,0.5361250795589243,1.0930325847840625,0.16666666666666666,-1.6094379124341005,True
indicator-vote,25,0;2;6;7,1;3;4;5,indicator-vote__threshold-4,1.1065364840560206,0.010772184195094408,0.16666666666666666,-1.6094379124341005,True
indicator-vote,26,0;3;4;5,1;2;6;7,indicator-vote__threshold-3,0.5001584223197952,0.6568380663015965,0.5,0.0,True
indicator-vote,27,0;3;4;6,1;2;5;7,indicator-vote__threshold-3,1.2176333500019418,-0.05153348254374531,0.5,0.0,True
indicator-vote,28,0;3;4;7,1;2;5;6,indicator-vote__threshold-4,0.683960095135996,0.8683604856762481,0.8333333333333334,1.6094379124341007,False
indicator-vote,29,0;3;5;6,1;2;4;7,indicator-vote__threshold-3,1.0560487119864472,0.32013382554565417,0.5,0.0,True
indicator-vote,30,0;3;5;7,1;2;4;6,indicator-vote__threshold-4,0.6675939176315577,0.8975320496052227,0.16666666666666666,-1.6094379124341005,True
indicator-vote,31,0;3;6;7,1;2;4;5,indicator-vote__threshold-4,1.2238380142790322,-0.2831688191206951,0.16666666666666666,-1.6094379124341005,True
indicator-vote,32,0;4;5;6,1;2;3;7,indicator-vote__threshold-3,1.1454460761758476,-0.07266429725927148,0.16666666666666666,-1.6094379124341005,True
indicator-vote,33,0;4;5;7,1;2;3;6,indicator-vote__threshold-4,0.6675939176315577,0.8975320496052227,0.5,0.0,True
indicator-vote,34,0;4;6;7,1;2;3;5,indicator-vote__threshold-4,1.2238380142790322,-0.2831688191206951,0.16666666666666666,-1.6094379124341005,True
indicator-vote,35,0;5;6;7,1;2;3;4,indicator-vote__threshold-4,1.2052221799394955,-0.3711021188671744,0.16666666666666666,-1.6094379124341005,True
indicator-vote,36,1;2;3;4,0;5;6;7,indicator-vote__threshold-3,0.3673556684824484,0.7544828909229082,0.5,0.0,True
indicator-vote,37,1;2;3;5,0;4;6;7,indicator-vote__threshold-2,-0.2407127523043419,0.8782156024251868,0.16666666666666666,-1.6094379124341005,True
indicator-vote,38,1;2;3;6,0;4;5;7,indicator-vote__threshold-3,0.9463302605619509,0.4203372334300307,0.5,0.0,True
indicator-vote,39,1;2;3;7,0;4;5;6,indicator-vote__threshold-4,0.5476212863056533,1.0521061705557564,0.5,0.0,True
indicator-vote,40,1;2;4;5,0;3;6;7,indicator-vote__threshold-3,0.3478740483863522,0.7910624929562157,0.5,0.0,True
indicator-vote,41,1;2;4;6,0;3;5;7,indicator-vote__threshold-3,1.0570874888026955,0.07087020513046532,0.5,0.0,True
indicator-vote,42,1;2;4;7,0;3;5;6,indicator-vote__threshold-4,0.5476212863056533,1.0521061705557564,0.5,0.0,True
indicator-vote,43,1;2;5;6,0;3;4;7,indicator-vote__threshold-4,0.8683604856762481,0.683960095135996,0.8333333333333334,1.6094379124341007,False
indicator-vote,44,1;2;5;7,0;3;4;6,indicator-vote__threshold-4,0.5361250795589243,1.0930325847840625,0.16666666666666666,-1.6094379124341005,True
indicator-vote,45,1;2;6;7,0;3;4;5,indicator-vote__threshold-4,1.1065364840560206,0.010772184195094408,0.16666666666666666,-1.6094379124341005,True
indicator-vote,46,1;3;4;5,0;2;6;7,indicator-vote__threshold-2,0.5542079590330334,0.4311566632749054,0.16666666666666666,-1.6094379124341005,True
indicator-vote,47,1;3;4;6,0;2;5;7,indicator-vote__threshold-2,1.333266644124296,-0.29025245233958036,0.16666666666666666,-1.6094379124341005,True
indicator-vote,48,1;3;4;7,0;2;5;6,indicator-vote__threshold-4,0.683960095135996,0.8683604856762481,0.8333333333333334,1.6094379124341007,False
indicator-vote,49,1;3;5;6,0;2;4;7,indicator-vote__threshold-3,1.0963486759122598,0.2981071500985538,0.5,0.0,True
indicator-vote,50,1;3;5;7,0;2;4;6,indicator-vote__threshold-4,0.6675939176315577,0.8975320496052227,0.5,0.0,True
indicator-vote,51,1;3;6;7,0;2;4;5,indicator-vote__threshold-4,1.2238380142790322,-0.2831688191206951,0.16666666666666666,-1.6094379124341005,True
indicator-vote,52,1;4;5;6,0;2;3;7,indicator-vote__threshold-3,1.1722116063534473,-0.10069155765378664,0.5,0.0,True
indicator-vote,53,1;4;5;7,0;2;3;6,indicator-vote__threshold-4,0.6675939176315577,0.8975320496052227,0.5,0.0,True
indicator-vote,54,1;4;6;7,0;2;3;5,indicator-vote__threshold-4,1.2238380142790322,-0.2831688191206951,0.8333333333333334,1.6094379124341007,False
indicator-vote,55,1;5;6;7,0;2;3;4,indicator-vote__threshold-4,1.2052221799394955,-0.3711021188671744,0.16666666666666666,-1.6094379124341005,True
indicator-vote,56,2;3;4;5,0;1;6;7,indicator-vote__threshold-3,0.3481749907791011,0.790377372822815,0.5,0.0,True
indicator-vote,57,2;3;4;6,0;1;5;7,indicator-vote__threshold-3,1.0580055961334722,0.07080897730465414,0.5,0.0,True
indicator-vote,58,2;3;4;7,0;1;5;6,indicator-vote__threshold-4,0.5480953657668979,1.0511932275772327,0.5,0.0,True
indicator-vote,59,2;3;5;6,0;1;4;7,indicator-vote__threshold-4,0.8691135909063578,0.6833681050368207,0.8333333333333334,1.6094379124341007,False
indicator-vote,60,2;3;5;7,0;1;4;6,indicator-vote__threshold-4,0.536589183647259,1.0920837990806016,0.16666666666666666,-1.6094379124341005,True
indicator-vote,61,2;3;6;7,0;1;4;5,indicator-vote__threshold-4,1.107497947255822,0.010762877822314023,0.16666666666666666,-1.6094379124341005,True
indicator-vote,62,2;4;5;6,0;1;3;7,indicator-vote__threshold-3,1.0015510862023098,0.060596983393536974,0.16666666666666666,-1.6094379124341005,True
indicator-vote,63,2;4;5;7,0;1;3;6,indicator-vote__threshold-4,0.536589183647259,1.0920837990806016,0.16666666666666666,-1.6094379124341005,True
indicator-vote,64,2;4;6;7,0;1;3;5,indicator-vote__threshold-4,1.107497947255822,0.010762877822314023,0.8333333333333334,1.6094379124341007,False
indicator-vote,65,2;5;6;7,0;1;3;4,indicator-vote__threshold-4,1.0917340854966398,,0.25,-1.0986122886681098,True
indicator-vote,66,3;4;5;6,0;1;2;7,indicator-vote__threshold-3,1.1732325046373207,-0.10060471415764304,0.5,0.0,True
indicator-vote,67,3;4;5;7,0;1;2;6,indicator-vote__threshold-4,0.6681731955479645,0.8967555061195973,0.5,0.0,True
indicator-vote,68,3;4;6;7,0;1;2;5,indicator-vote__threshold-4,1.2249043976937628,-0.2829245263439009,0.8333333333333334,1.6094379124341007,False
indicator-vote,69,3;5;6;7,0;1;2;4,indicator-vote__threshold-4,1.2062721543440116,-0.37078189186258176,0.16666666666666666,-1.6094379124341005,True
indicator-vote,70,4;5;6;7,0;1;2;3,indicator-vote__threshold-4,1.2062721543440116,-0.37078189186258176,0.8333333333333334,1.6094379124341007,False
