trade_date,symbol,side,requested_shares,filled_shares,price,gross_value,commission,tax,reason
2022-01-04,SH600702,buy,1400,1400,214.8432754974365,300780.5856964111,90.23417570892332,0.0,filled
2022-01-04,SH601919,buy,30000,30000,10.548299449920654,316448.9834976196,94.93469504928588,0.0,filled
2022-01-04,SH603185,buy,3900,3900,79.76430070495604,311080.7727493286,93.32423182479856,0.0,filled
2022-01-04,SH603260,buy,2500,2500,125.64186614227293,314104.6653556823,94.23139960670468,0.0,filled
2022-01-04,SH603392,buy,2900,2900,107.24746014404296,311017.63441772456,93.30529032531736,0.0,filled
2022-01-04,SH603486,buy,2100,2100,144.53437411499021,303522.18564147945,91.05665569244383,0.0,filled
2022-01-04,SH603606,buy,7800,7800,40.373547019958494,314913.66675567627,94.47410002670287,0.0,filled
2022-01-04,SH605376,buy,3900,3900,81.01202239990234,315946.8873596191,94.78406620788572,0.0,filled
2022-01-04,SH605399,buy,14000,14000,22.57078699302673,315991.0179023742,94.79730537071225,0.0,filled
2022-01-04,SH688068,buy,4200,4200,75.03212574768065,315134.92814025877,94.54047844207763,0.0,filled
2022-01-04,SH688301,buy,2500,2500,123.3958250427246,308489.56260681147,92.54686878204343,0.0,filled
2022-01-04,SH688356,buy,900,900,327.12645175170894,294413.8065765381,88.32414197296141,0.0,filled
2022-01-04,SH688357,buy,2800,2800,111.02551879119872,310871.4526153564,93.26143578460692,0.0,filled
2022-01-04,SH688516,buy,4300,4300,72.73769646453857,312772.09479751583,93.83162843925474,0.0,filled
2022-01-04,SH688536,buy,600,600,516.4030331420898,309841.8198852539,92.95254596557616,0.0,filled
2022-01-04,SH688598,buy,1900,1900,162.28999652099608,308350.99338989257,92.50529801696776,0.0,filled
2022-01-04,SH688699,buy,2600,2600,118.79877958679198,308876.82692565914,92.66304807769774,0.0,filled
2022-01-04,SZ000422,buy,15800,15800,20.004376558303832,316069.1496212006,94.82074488636016,0.0,filled
2022-01-04,SZ002049,buy,2000,2000,156.99517146301267,313990.34292602533,94.1971028778076,0.0,filled
2022-01-04,SZ002487,buy,8400,8400,37.6874338722229,316574.44452667236,94.9723333580017,0.0,filled
2022-01-04,SZ002648,buy,17000,17000,18.541485532760618,315205.2540569305,94.56157621707914,0.0,filled
2022-01-04,SZ002709,buy,5600,5600,56.176069290161124,314585.9880249023,94.37579640747069,0.0,filled
2022-01-04,SZ002932,buy,11500,11500,27.46335663604736,315828.6013145447,94.7485803943634,0.0,filled
2022-01-04,SZ003026,buy,8200,8200,38.25218797302246,313667.94137878413,94.10038241363523,0.0,filled
2022-01-04,SZ300316,buy,4700,4700,66.16323458862304,310967.2025665283,93.29016076995848,0.0,filled
2022-01-04,SZ300327,buy,5300,5300,59.22755293655395,313906.0305637359,94.17180916912076,0.0,filled
2022-01-04,SZ300390,buy,5600,5600,56.034868354797354,313795.2627868652,94.13857883605955,0.0,filled
2022-01-04,SZ300593,buy,10600,10600,29.745518949508664,315302.50086479186,94.59075025943756,0.0,filled
2022-01-04,SZ300751,buy,1300,1300,242.41073240661618,315133.952128601,94.5401856385803,0.0,filled
2022-01-04,SZ300763,buy,2000,2000,151.4956283416748,302991.2566833496,90.89737700500487,0.0,filled
2022-02-07,SH603185,sell,3900,3900,61.419937191009524,239537.75504493713,71.86132651348113,239.53775504493714,filled
2022-02-07,SH603392,sell,2900,2900,109.49177039337158,317526.1341407776,95.25784024223327,317.5261341407776,filled
2022-02-07,SH603486,sell,2100,2100,129.55733995056153,272070.41389617923,81.62112416885377,272.0704138961792,filled
2022-02-07,SH603606,sell,2000,2000,48.13656866455078,96273.13732910156,28.881941198730466,96.27313732910156,filled
2022-02-07,SH605399,sell,2700,2700,24.914469846725463,67269.06858615876,20.180720575847626,67.26906858615875,filled
2022-02-07,SH688068,sell,1100,1100,90.53352136230468,99586.87349853515,29.87606204956054,99.58687349853516,filled
2022-02-07,SZ002049,sell,2000,2000,151.77245306396483,303544.9061279297,91.0634718383789,303.5449061279297,filled
2022-02-07,SZ002487,sell,1600,1600,41.33402514266968,66134.44022827149,19.840332068481445,66.13444022827149,filled
2022-02-07,SZ002648,sell,2600,2600,19.671257537841797,51145.26959838867,15.343580879516601,51.14526959838867,filled
2022-02-07,SZ002932,sell,11500,11500,29.064311365127562,334239.580698967,100.27187420969008,334.23958069896696,filled
2022-02-07,SZ003026,sell,8200,8200,31.460560026168825,257976.59221458435,77.3929776643753,257.97659221458434,filled
2022-02-07,SZ300763,sell,300,300,158.0364769592285,47410.94308776855,14.223282926330564,47.41094308776855,filled
2022-02-07,SH600702,buy,200,200,176.31904145812987,35263.808291625974,10.579142487487792,0.0,filled
2022-02-07,SH601919,buy,1700,1700,8.947728157043455,15211.137866973873,5.0,0.0,filled
2022-02-07,SH603260,buy,200,200,102.01813020324705,20403.62604064941,6.121087812194823,0.0,filled
2022-02-07,SH605376,buy,200,200,67.95785120391845,13591.57024078369,5.0,0.0,filled
2022-02-07,SH688298,buy,2300,2300,122.6039038467407,281988.9788475036,84.59669365425107,0.0,filled
2022-02-07,SH688301,buy,300,300,99.65871748352049,29897.615245056146,8.969284573516843,0.0,filled
2022-02-07,SH688356,buy,400,400,209.53282508850094,83813.13003540038,25.143939010620112,0.0,filled
2022-02-07,SH688357,buy,500,500,83.50706866455077,41753.53433227538,12.526060299682614,0.0,filled
2022-02-07,SH688516,buy,400,400,59.78211924743652,23912.84769897461,7.173854309692382,0.0,filled
2022-02-07,SH688595,buy,3800,3800,74.2069453125,281986.39218749997,84.59591765624998,0.0,filled
2022-02-07,SH688598,buy,300,300,128.2713163909912,38481.39491729736,11.544418475189207,0.0,filled
2022-02-07,SH688668,buy,6700,6700,42.01408667755126,281494.3807395935,84.44831422187804,0.0,filled
2022-02-07,SH688699,buy,700,700,85.23008818054198,59661.06172637939,17.898318517913815,0.0,filled
2022-02-07,SZ000422,buy,2400,2400,15.564124931335447,37353.89983520508,11.206169950561522,0.0,filled
2022-02-07,SZ000737,buy,38000,38000,7.458071271896362,283406.70833206177,85.02201249961853,0.0,filled
2022-02-07,SZ002709,buy,500,500,46.36671681976318,23183.358409881588,6.955007522964475,0.0,filled
2022-02-07,SZ300316,buy,300,300,55.78669562530517,16736.00868759155,5.020802606277465,0.0,filled
2022-02-07,SZ300327,buy,600,600,47.6483507194519,28589.01043167114,8.576703129501341,0.0,filled
2022-02-07,SZ300390,buy,500,500,45.90644102478027,22953.220512390137,6.885966153717041,0.0,filled
2022-02-07,SZ300587,buy,25800,25800,10.989400587081908,283526.53514671326,85.05796054401397,0.0,filled
2022-02-07,SZ300593,buy,100,100,26.398136901855466,2639.8136901855464,5.0,0.0,filled
2022-02-07,SZ300751,buy,100,100,190.08945094299315,19008.945094299313,5.702683528289794,0.0,filled
2022-02-07,SZ300911,buy,7200,7200,39.179788536071776,282094.4774597168,84.62834323791503,0.0,filled
2022-03-01,SH603260,sell,600,600,144.27704154968262,86566.22492980957,25.96986747894287,86.56622492980958,filled
2022-03-01,SH605376,sell,4100,4100,60.576123950958255,248362.10819892885,74.50863245967865,248.36210819892887,filled
2022-03-01,SH605399,sell,300,300,27.61589398384094,8284.768195152283,5.0,8.284768195152283,filled
2022-03-01,SH688068,sell,400,400,111.7996789855957,44719.871594238284,13.415961478271484,44.719871594238285,filled
2022-03-01,SH688298,sell,100,100,137.7940595855713,13779.405958557129,5.0,13.77940595855713,filled
2022-03-01,SH688536,sell,600,600,447.1487476501465,268289.2485900879,80.48677457702637,268.28924859008794,filled
2022-03-01,SH688598,sell,2200,2200,133.3283911743164,293322.4605834961,87.99673817504882,293.3224605834961,filled
2022-03-01,SZ000422,sell,3000,3000,19.91726525115967,59751.79575347901,17.9255387260437,59.751795753479016,filled
2022-03-01,SZ000737,sell,1000,1000,8.228197548866271,8228.197548866272,5.0,8.228197548866271,filled
2022-03-01,SZ002648,sell,14400,14400,20.7090637550354,298210.5180725098,89.46315542175293,298.2105180725098,filled
2022-03-01,SZ002709,sell,200,200,51.28337826919556,10256.675653839111,5.0,10.25667565383911,filled
2022-03-01,SZ300316,sell,5000,5000,61.91745553207397,309587.2776603699,92.87618329811096,309.58727766036986,filled
2022-03-01,SZ300327,sell,5900,5900,49.432939453125,291654.3427734375,87.49630283203125,291.6543427734375,filled
2022-03-01,SZ300390,sell,1100,1100,60.0463274345398,66050.96017799378,19.81528805339813,66.05096017799379,filled
2022-03-01,SZ300763,sell,1700,1700,168.8055890350342,286969.50135955814,86.09085040786744,286.96950135955814,filled
2022-03-01,SZ300911,sell,7200,7200,37.63450037384033,270968.4026916504,81.29052080749511,270.9684026916504,filled
2022-03-01,SH600389,buy,10700,10700,28.47013022613525,304630.3934196472,91.38911802589415,0.0,filled
2022-03-01,SH603606,buy,400,400,48.81190477371215,19524.76190948486,5.857428572845458,0.0,filled
2022-03-01,SH603659,buy,6200,6200,48.93430717468261,303392.70448303217,91.01781134490965,0.0,filled
2022-03-01,SH605186,buy,9200,9200,32.86188484191894,302329.3405456543,90.69880216369629,0.0,filled
2022-03-01,SH688595,buy,400,400,71.38703532409667,28554.814129638668,8.566444238891599,0.0,filled
2022-03-01,SH688668,buy,1500,1500,36.98140246582031,55472.10369873046,16.641631109619137,0.0,filled
2022-03-01,SZ002049,buy,1900,1900,154.02340689086913,292644.47309265134,87.7933419277954,0.0,filled
2022-03-01,SZ002455,buy,23100,23100,13.166587233543394,304148.1650948524,91.2444495284557,0.0,filled
2022-03-01,SZ002487,buy,200,200,43.41065015029907,8682.130030059814,5.0,0.0,filled
2022-03-01,SZ002812,buy,1200,1200,251.5082149658203,301809.8579589843,90.5429573876953,0.0,filled
2022-03-01,SZ002932,buy,10400,10400,29.320556753158566,304933.7902328491,91.48013706985472,0.0,filled
2022-03-01,SZ300587,buy,200,200,11.722405007362365,2344.481001472473,5.0,0.0,filled
2022-03-01,SZ300593,buy,1500,1500,24.887126897811886,37330.69034671783,11.199207104015347,0.0,filled
2022-03-01,SZ300919,buy,3200,3200,92.7105760269165,296673.8432861328,89.00215298583983,0.0,filled
2022-04-01,SH600389,sell,10700,10700,27.890024105072023,298423.25792427064,89.52697737728118,298.4232579242707,filled
2022-04-01,SH600702,sell,1600,1600,147.26523078918456,235624.36926269528,70.68731077880858,235.6243692626953,filled
2022-04-01,SH601919,sell,100,100,8.718087455749512,871.8087455749512,5.0,0.8718087455749512,filled
2022-04-01,SH603606,sell,6200,6200,40.292484260559085,249813.40241546632,74.94402072463988,249.81340241546633,filled
2022-04-01,SH603659,sell,6200,6200,46.270912994384766,286879.66056518554,86.06389816955566,286.87966056518553,filled
2022-04-01,SH605186,sell,9200,9200,29.634529912948608,272637.6751991272,81.79130255973814,272.63767519912716,filled
2022-04-01,SH605399,sell,600,600,26.41463710784912,15848.782264709473,5.0,15.848782264709474,filled
2022-04-01,SH688068,sell,400,400,119.20930753326417,47683.723013305666,14.3051169039917,47.683723013305666,filled
2022-04-01,SH688298,sell,500,500,155.7319143218994,77865.9571609497,23.35978714828491,77.8659571609497,filled
2022-04-01,SH688301,sell,2800,2800,92.27773944854736,258377.67045593262,77.51330113677977,258.3776704559326,filled
2022-04-01,SH688356,sell,1300,1300,190.14131813049318,247183.71356964114,74.15511407089234,247.18371356964116,filled
2022-04-01,SH688516,sell,600,600,67.11371967315674,40268.23180389404,12.080469541168211,40.26823180389405,filled
2022-04-01,SH688595,sell,4200,4200,57.72413565444946,242441.36974868775,72.73241092460631,242.44136974868775,filled
2022-04-01,SH688668,sell,8200,8200,36.70710304641724,300998.2449806213,90.29947349418639,300.99824498062134,filled
2022-04-01,SH688699,sell,300,300,90.47780625915527,27143.34187774658,8.143002563323973,27.143341877746582,filled
2022-04-01,SZ000422,sell,400,400,18.657860023498536,7463.144009399414,5.0,7.463144009399414,filled
2022-04-01,SZ000737,sell,37000,37000,6.329269062995911,234182.9553308487,70.2548865992546,234.1829553308487,filled
2022-04-01,SZ002049,sell,1900,1900,142.43423593139647,270625.0482696533,81.18751448089598,270.6250482696533,filled
2022-04-01,SZ002455,sell,23100,23100,10.591357269287109,244660.3529205322,73.39810587615965,244.6603529205322,filled
2022-04-01,SZ002487,sell,7000,7000,30.42508225822449,212975.5758075714,63.892672742271415,212.9755758075714,filled
2022-04-01,SZ002812,sell,1200,1200,209.88690312194825,251864.2837463379,75.55928512390136,251.8642837463379,filled
2022-04-01,SZ002932,sell,2600,2600,35.3767811050415,91979.6308731079,27.593889261932368,91.97963087310791,filled
2022-04-01,SZ300587,sell,26000,26000,10.207489926338196,265394.7380847931,79.61842142543792,265.3947380847931,filled
2022-04-01,SZ300593,sell,12200,12200,24.709570123672485,301456.75550880434,90.4370266526413,301.45675550880435,filled
2022-04-01,SZ300751,sell,1400,1400,195.54668920898436,273765.3648925781,82.12960946777342,273.76536489257813,filled
2022-04-01,SZ300919,sell,3200,3200,78.70922925567626,251869.53361816405,75.5608600854492,251.86953361816404,filled
2022-04-01,SH600039,buy,46700,46700,5.924069530010223,276654.0470514774,82.99621411544322,0.0,filled
2022-04-01,SH600096,buy,13500,13500,20.42183919715881,275694.8291616439,82.70844874849317,0.0,filled
2022-04-01,SH600141,buy,9600,9600,28.740368227005003,275907.534979248,82.7722604937744,0.0,filled
2022-04-01,SH600460,buy,5700,5700,47.90892979431152,273080.89982757566,81.9242699482727,0.0,filled
2022-04-01,SH600596,buy,16800,16800,16.428951066970825,276006.3779251099,82.80191337753295,0.0,filled
2022-04-01,SH601666,buy,22100,22100,12.504940300941465,276359.1806508064,82.9077541952419,0.0,filled
2022-04-01,SH603077,buy,81100,81100,3.4122979443073267,276737.3632833242,83.02120898499724,0.0,filled
2022-04-01,SH603260,buy,600,600,98.88687402343749,59332.12441406249,17.799637324218747,0.0,filled
2022-04-01,SH603392,buy,2000,2000,134.42443601989746,268848.8720397949,80.65466161193847,0.0,filled
2022-04-01,SH603938,buy,10800,10800,25.444828207015988,274804.1446357727,82.4412433907318,0.0,filled
2022-04-01,SH688005,buy,3200,3200,83.92458476257323,268558.67124023434,80.5676013720703,0.0,filled
2022-04-01,SH688357,buy,600,600,70.02092448425292,42012.55469055175,12.603766407165523,0.0,filled
2022-04-01,SH688598,buy,2500,2500,108.08411902618407,270210.29756546015,81.06308926963804,0.0,filled
2022-04-01,SH688665,buy,3100,3100,87.33622663879393,270742.3025802612,81.22269077407834,0.0,filled
2022-04-01,SZ000408,buy,11300,11300,24.404997758865353,275776.47467517847,82.73294240255353,0.0,filled
2022-04-01,SZ000683,buy,34200,34200,8.07504161453247,276166.42321701045,82.84992696510312,0.0,filled
2022-04-01,SZ002407,buy,10600,10600,26.11743999671936,276844.8639652252,83.05345918956755,0.0,filled
2022-04-01,SZ002709,buy,300,300,44.50748334503173,13352.245003509519,5.0,0.0,filled
2022-04-01,SZ002759,buy,10600,10600,26.05240882873535,276155.53358459467,82.8466600753784,0.0,filled
2022-04-01,SZ300390,buy,600,600,48.671429355621335,29202.857613372802,8.76085728401184,0.0,filled
2022-04-01,SZ300772,buy,15100,15100,18.216238048553464,275065.1945331573,82.51955835994718,0.0,filled
2022-04-01,SZ300821,buy,17800,17800,15.528762646675109,276411.97511081694,82.92359253324507,0.0,filled
2022-05-05,SH600039,sell,46700,46700,5.934681231021881,277149.61348872184,83.14488404661654,277.14961348872185,filled
2022-05-05,SH600096,sell,13500,13500,19.43501330566406,262372.67962646484,78.71180388793945,262.37267962646484,filled
2022-05-05,SH600141,sell,1100,1100,27.403542079925536,30143.89628791809,9.043168886375426,30.143896287918093,filled
2022-05-05,SH600596,sell,1600,1600,15.444530510902405,24711.248817443848,7.413374645233153,24.71124881744385,filled
2022-05-05,SH601666,sell,22100,22100,10.824058333396911,239211.68916807172,71.76350675042151,239.21168916807173,filled
2022-05-05,SH601919,sell,31600,31600,8.152189496040345,257609.1880748749,77.28275642246246,257.6091880748749,filled
2022-05-05,SH603077,sell,5300,5300,3.1049037108421325,16455.989667463302,5.0,16.455989667463303,filled
2022-05-05,SH603392,sell,2000,2000,113.8495527191162,227699.10543823242,68.30973163146972,227.69910543823244,filled
2022-05-05,SH605399,sell,200,200,22.912950496673584,4582.590099334717,5.0,4.582590099334717,filled
2022-05-05,SH688068,sell,2300,2300,85.91935047912598,197614.50610198977,59.284351830596925,197.61450610198978,filled
2022-05-05,SH688357,sell,3900,3900,50.11634121322632,195453.73073158265,58.636119219474786,195.45373073158265,filled
2022-05-05,SH688516,sell,400,400,62.69317973327637,25077.271893310546,7.523181567993163,25.077271893310545,filled
2022-05-05,SH688598,sell,2500,2500,95.56671402740479,238916.78506851196,71.67503552055358,238.91678506851196,filled
2022-05-05,SH688665,sell,3100,3100,64.53992580413818,200073.76999282834,60.0221309978485,200.07376999282835,filled
2022-05-05,SH688699,sell,3000,3000,55.183565059661866,165550.6951789856,49.66520855369568,165.5506951789856,filled
2022-05-05,SZ000408,sell,100,100,20.952474351882934,2095.2474351882934,5.0,2.0952474351882935,filled
2022-05-05,SZ000422,sell,400,400,16.344454233169557,6537.781693267823,5.0,6.537781693267823,filled
2022-05-05,SZ000683,sell,34200,34200,7.07857336807251,242087.20918807984,72.62616275642395,242.08720918807984,filled
2022-05-05,SZ002932,sell,2200,2200,42.03670615768433,92480.75354690553,27.744226064071658,92.48075354690553,filled
2022-05-05,SZ300772,sell,15100,15100,12.757530564308167,192638.71152105334,57.79161345631599,192.63871152105335,filled
2022-05-05,SZ300821,sell,17800,17800,13.319626215934754,237089.34664363862,71.12680399309158,237.08934664363863,filled
2022-05-05,SH600256,buy,37400,37400,6.299715167045592,235609.34724750515,70.68280417425154,0.0,filled
2022-05-05,SH600301,buy,17500,17500,13.417456787109373,234805.49377441403,70.4416481323242,0.0,filled
2022-05-05,SH600389,buy,7000,7000,33.34889785766601,233442.28500366208,70.03268550109861,0.0,filled
2022-05-05,SH600460,buy,100,100,40.68788310623169,4068.788310623169,5.0,0.0,filled
2022-05-05,SH603260,buy,400,400,74.81430255126952,29925.721020507808,8.977716306152342,0.0,filled
2022-05-05,SH603290,buy,900,900,237.35619866943358,213620.57880249023,64.08617364074706,0.0,filled
2022-05-05,SH603938,buy,200,200,21.367854534149167,4273.570906829834,5.0,0.0,filled
2022-05-05,SH688005,buy,800,800,58.45276158523559,46762.209268188475,14.028662780456541,0.0,filled
2022-05-05,SH688298,buy,600,600,100.8027360305786,60481.64161834716,18.144492485504145,0.0,filled
2022-05-05,SZ000893,buy,6600,6600,35.35237562179565,233325.6791038513,69.99770373115538,0.0,filled
2022-05-05,SZ000983,buy,22900,22900,10.265466087341307,235079.17340011595,70.52375202003478,0.0,filled
2022-05-05,SZ002176,buy,11600,11600,20.299570444107054,235475.01715164183,70.64250514549255,0.0,filled
2022-05-05,SZ002240,buy,5600,5600,41.88911441802978,234579.04074096674,70.37371222229001,0.0,filled
2022-05-05,SZ002407,buy,400,400,21.434709041595458,8573.883616638183,5.0,0.0,filled
2022-05-05,SZ002709,buy,500,500,35.12903467559814,17564.517337799072,5.269355201339721,0.0,filled
2022-05-05,SZ002738,buy,5900,5900,39.381890918731685,232353.15642051693,69.70594692615508,0.0,filled
2022-05-05,SZ002756,buy,3500,3500,67.13027274322509,234955.9546012878,70.48678638038633,0.0,filled
2022-05-05,SZ300343,buy,20500,20500,11.470994179725645,235155.38068437573,70.54661420531271,0.0,filled
2022-05-05,SZ300390,buy,100,100,40.79232704544067,4079.232704544067,5.0,0.0,filled
2022-05-05,SZ300661,buy,2100,2100,108.8500743408203,228585.15611572264,68.57554683471679,0.0,filled
2022-05-05,SZ300769,buy,1500,1500,150.2021914215088,225303.28713226318,67.59098613967895,0.0,filled
2022-06-01,SH600141,sell,500,500,32.065394725799564,16032.697362899782,5.0,16.032697362899782,filled
2022-06-01,SH600256,sell,1800,1800,7.22664854478836,13007.967380619048,5.0,13.007967380619048,filled
2022-06-01,SH600301,sell,1100,1100,15.703760081291199,17274.136089420317,5.182240826826095,17.274136089420317,filled
2022-06-01,SH600389,sell,200,200,37.67746807479858,7535.493614959716,5.0,7.535493614959716,filled
2022-06-01,SH600460,sell,5800,5800,44.34877623367309,257222.90215530395,77.16687064659118,257.2229021553039,filled
2022-06-01,SH600596,sell,100,100,16.986161127090455,1698.6161127090454,5.0,1.6986161127090456,filled
2022-06-01,SH603260,sell,200,200,87.3959760131836,17479.19520263672,5.243758560791016,17.47919520263672,filled
2022-06-01,SH603290,sell,900,900,262.3534118041992,236118.0706237793,70.83542118713378,236.1180706237793,filled
2022-06-01,SH603938,sell,2900,2900,31.53762940979004,91459.12528839111,27.43773758651733,91.4591252883911,filled
2022-06-01,SH605399,sell,1500,1500,29.50502850151062,44257.54275226593,13.277262825679777,44.257542752265934,filled
2022-06-01,SH688005,sell,4000,4000,59.483021827697755,237932.08731079102,71.3796261932373,237.93208731079102,filled
2022-06-01,SH688516,sell,100,100,71.56723136901856,7156.7231369018555,5.0,7.156723136901856,filled
2022-06-01,SZ000408,sell,11200,11200,24.12734729576111,270226.2897125244,81.0678869137573,270.2262897125244,filled
2022-06-01,SZ000422,sell,300,300,18.266143215179444,5479.842964553833,5.0,5.479842964553833,filled
2022-06-01,SZ002240,sell,100,100,46.57483850097656,4657.483850097656,5.0,4.657483850097655,filled
2022-06-01,SZ002407,sell,1000,1000,25.707392560958862,25707.392560958862,7.712217768287658,25.707392560958862,filled
2022-06-01,SZ002709,sell,6700,6700,36.537869373321534,244803.72480125428,73.44111744037627,244.80372480125428,filled
2022-06-01,SZ002756,sell,200,200,76.32693985748291,15265.387971496582,5.0,15.265387971496583,filled
2022-06-01,SZ002759,sell,10600,10600,21.441677347183226,227281.7798801422,68.18453396404266,227.28177988014218,filled
2022-06-01,SZ300769,sell,100,100,181.86237391662598,18186.2373916626,5.455871217498779,18.186237391662598,filled
2022-06-01,SH600188,buy,18200,18200,14.186941361427305,258202.33277797696,77.46069983339308,0.0,filled
2022-06-01,SH600361,buy,46200,46200,5.5894075045585625,258230.62671060557,77.46918801318166,0.0,filled
2022-06-01,SH603077,buy,2000,2000,3.316019176959991,6632.038353919982,5.0,0.0,filled
2022-06-01,SH603227,buy,34700,34700,7.438088044166564,258101.6551325798,77.43049653977393,0.0,filled
2022-06-01,SH688298,buy,400,400,94.15975477600097,37663.90191040039,11.299170573120115,0.0,filled
2022-06-01,SZ000893,buy,700,700,34.932778434753416,24452.944904327393,7.335883471298217,0.0,filled
2022-06-01,SZ000983,buy,2700,2700,10.062703102111815,27169.2983757019,8.150789512710569,0.0,filled
2022-06-01,SZ002176,buy,300,300,21.550398498535152,6465.119549560545,5.0,0.0,filled
2022-06-01,SZ002432,buy,4800,4800,53.71059740066528,257810.86752319333,77.34326025695799,0.0,filled
2022-06-01,SZ002539,buy,18900,18900,13.663088296890257,258232.36881122584,77.46971064336775,0.0,filled
2022-06-01,SZ002932,buy,1800,1800,34.71231664657592,62482.169963836655,18.744650989150994,0.0,filled
2022-06-01,SZ300073,buy,3800,3800,66.40202141571044,252327.68137969967,75.6983044139099,0.0,filled
2022-06-01,SZ300343,buy,1500,1500,11.701103438377379,17551.655157566067,5.265496547269819,0.0,filled
2022-06-01,SZ300390,buy,600,600,40.459272613525386,24275.56356811523,7.282669070434569,0.0,filled
2022-06-01,SZ300661,buy,200,200,111.19901670074462,22239.803340148923,6.671941002044676,0.0,filled
2022-07-01,SH600141,sell,400,400,38.32159106826782,15328.636427307129,5.0,15.32863642730713,filled
2022-07-01,SH600596,sell,800,800,20.40534594154358,16324.276753234864,5.0,16.324276753234866,filled
2022-07-01,SH603077,sell,7200,7200,4.136683017253875,29784.1177242279,8.93523531726837,29.7841177242279,filled
2022-07-01,SH603260,sell,400,400,112.81287071228027,45125.14828491211,13.537544485473632,45.12514828491211,filled
2022-07-01,SH688298,sell,2700,2700,91.86954057312012,248047.75954742433,74.41432786422729,248.04775954742433,filled
2022-07-01,SZ002176,sell,200,200,24.944390991210938,4988.878198242188,5.0,4.988878198242188,filled
2022-07-01,SZ002240,sell,500,500,58.19473773193359,29097.368865966797,8.729210659790038,29.097368865966796,filled
2022-07-01,SZ002407,sell,10000,10000,32.84073783874512,328407.37838745123,98.52221351623535,328.4073783874512,filled
2022-07-01,SZ002738,sell,1200,1200,62.19778786468506,74637.34543762208,22.391203631286622,74.63734543762207,filled
2022-07-01,SZ002756,sell,400,400,98.58542081451417,39434.168325805666,11.830250497741698,39.434168325805665,filled
2022-07-01,SZ300073,sell,3800,3800,86.29242063903808,327911.19842834474,98.37335952850341,327.91119842834473,filled
2022-07-01,SZ300343,sell,3200,3200,15.483768310546875,49548.05859375,14.864417578124998,49.54805859375,filled
2022-07-01,SZ300390,sell,1500,1500,59.70834407043457,89562.51610565186,26.868754831695554,89.56251610565185,filled
2022-07-01,SZ300769,sell,300,300,256.0885037841797,76826.5511352539,23.04796534057617,76.82655113525391,filled
2022-07-01,SH600111,buy,8400,8400,34.65568047714233,291107.7160079956,87.33231480239867,0.0,filled
2022-07-01,SH600188,buy,2100,2100,14.398050659179686,30235.906384277343,9.070771915283203,0.0,filled
2022-07-01,SH600256,buy,3500,3500,7.474730962276458,26161.558367967602,7.84846751039028,0.0,filled
2022-07-01,SH600301,buy,3900,3900,14.415020126342771,56218.57849273681,16.86557354782104,0.0,filled
2022-07-01,SH600361,buy,3700,3700,5.859988694190978,21681.95816850662,6.504587450551985,0.0,filled
2022-07-01,SH600389,buy,900,900,37.7772949142456,33999.56542282104,10.199869626846311,0.0,filled
2022-07-01,SH600438,buy,5500,5500,53.14061957550048,292273.4076652526,87.68202229957578,0.0,filled
2022-07-01,SH603227,buy,800,800,8.229698986053466,6583.759188842772,5.0,0.0,filled
2022-07-01,SH603938,buy,200,200,34.96355182266235,6992.7103645324705,5.0,0.0,filled
2022-07-01,SH605399,buy,500,500,31.534020217895506,15767.010108947754,5.0,0.0,filled
2022-07-01,SH688516,buy,100,100,78.95662432861327,7895.662432861327,5.0,0.0,filled
2022-07-01,SZ000422,buy,1300,1300,19.00394360733032,24705.126689529417,7.411538006858825,0.0,filled
2022-07-01,SZ000733,buy,2200,2200,129.00773933410642,283817.0265350341,85.14510796051023,0.0,filled
2022-07-01,SZ000893,buy,1200,1200,34.40422382736206,41285.06859283447,12.38552057785034,0.0,filled
2022-07-01,SZ000983,buy,5200,5200,9.50549819946289,49428.59063720703,14.828577191162108,0.0,filled
2022-07-01,SZ002432,buy,500,500,54.920870948791496,27460.43547439575,8.238130642318724,0.0,filled
2022-07-01,SZ002539,buy,1100,1100,14.644127980232238,16108.540778255461,5.0,0.0,filled
2022-07-01,SZ002932,buy,100,100,39.0567293510437,3905.67293510437,5.0,0.0,filled
2022-07-01,SZ300661,buy,400,400,107.26055764007567,42904.22305603027,12.87126691680908,0.0,filled
2022-08-01,SH600111,sell,8400,8400,30.532497699737547,256472.9806777954,76.9418942033386,256.4729806777954,filled
2022-08-01,SH600188,sell,1000,1000,14.29134506034851,14291.34506034851,5.0,14.291345060348512,filled
2022-08-01,SH600361,sell,7400,7400,6.487793679714203,48009.673229885106,14.40290196896553,48.00967322988511,filled
2022-08-01,SH603227,sell,4900,4900,8.999217215538025,44096.16435613632,13.228849306840896,44.09616435613633,filled
2022-08-01,SH603260,sell,2500,2500,93.32391817474365,233309.79543685913,69.99293863105774,233.30979543685913,filled
2022-08-01,SH603938,sell,8300,8300,32.60291590118408,270604.2019798279,81.18126059394837,270.6042019798279,filled
2022-08-01,SH605399,sell,100,100,30.283953844070435,3028.3953844070434,5.0,3.0283953844070433,filled
2022-08-01,SH688516,sell,900,900,96.11368238067627,86502.31414260864,25.95069424278259,86.50231414260864,filled
2022-08-01,SZ000422,sell,200,200,18.088902877807616,3617.780575561523,5.0,3.617780575561523,filled
2022-08-01,SZ000893,sell,600,600,34.78491293334961,20870.947760009767,6.2612843280029296,20.870947760009766,filled
2022-08-01,SZ000983,sell,300,300,9.02969093799591,2708.907281398773,5.0,2.708907281398773,filled
2022-08-01,SZ002176,sell,400,400,24.31448640060425,9725.7945602417,5.0,9.7257945602417,filled
2022-08-01,SZ002240,sell,5000,5000,54.70456760787964,273522.8380393982,82.05685141181945,273.5228380393982,filled
2022-08-01,SZ002738,sell,100,100,58.817477863311765,5881.747786331177,5.0,5.881747786331177,filled
2022-08-01,SZ002932,sell,300,300,38.086817836761476,11426.045351028442,5.0,11.426045351028442,filled
2022-08-01,SZ300343,sell,1200,1200,15.633793230056762,18760.551876068115,5.628165562820434,18.760551876068117,filled
2022-08-01,SZ300661,sell,2700,2700,93.37518978881836,252113.01242980958,75.63390372894287,252.11301242980957,filled
2022-08-01,SH600123,buy,29900,29900,9.234432536125182,276109.53283014294,82.83285984904288,0.0,filled
2022-08-01,SH600141,buy,900,900,32.3702896118164,29133.260650634762,8.739978195190428,0.0,filled
2022-08-01,SH600256,buy,400,400,6.983635957241058,2793.454382896423,5.0,0.0,filled
2022-08-01,SH600301,buy,2100,2100,12.316289581298827,25864.208120727537,7.75926243621826,0.0,filled
2022-08-01,SH600367,buy,10900,10900,25.18328495788574,274497.80604095454,82.34934181228635,0.0,filled
2022-08-01,SH600389,buy,200,200,34.98645907592773,6997.2918151855465,5.0,0.0,filled
2022-08-01,SH600438,buy,300,300,47.206415237426754,14161.924571228026,5.0,0.0,filled
2022-08-01,SH600596,buy,1300,1300,17.637828948974608,22929.17763366699,6.8787532901000965,0.0,filled
2022-08-01,SH601615,buy,10200,10200,26.88391271972656,274215.9097412109,82.26477292236326,0.0,filled
2022-08-01,SH603077,buy,2200,2200,3.793548679590225,8345.807095098495,5.0,0.0,filled
2022-08-01,SH688556,buy,11500,11500,23.926528663635253,275155.0796318054,82.54652388954162,0.0,filled
2022-08-01,SZ000733,buy,200,200,112.2010171508789,22440.20343017578,6.732061029052733,0.0,filled
2022-08-01,SZ002432,buy,400,400,47.901949554443355,19160.77982177734,5.748233946533202,0.0,filled
2022-08-01,SZ002539,buy,900,900,13.184509419441222,11866.0584774971,5.0,0.0,filled
2022-08-01,SZ002748,buy,19300,19300,14.2776472492218,275558.59190998075,82.66757757299422,0.0,filled
2022-08-01,SZ300390,buy,400,400,52.68316184234619,21073.264736938476,6.321979421081542,0.0,filled
2022-08-01,SZ300769,buy,100,100,222.9476700134277,22294.76700134277,6.68843010040283,0.0,filled
2022-09-01,SH600123,sell,29900,29900,9.628202430725098,287883.2526786804,86.36497580360411,287.88325267868044,filled
2022-09-01,SH600141,sell,8500,8500,33.185744659423825,282078.82960510254,84.62364888153076,282.07882960510256,filled
2022-09-01,SH600188,sell,4600,4600,18.727366710662842,86145.88686904908,25.84376606071472,86.14588686904908,filled
2022-09-01,SH600256,sell,9600,9600,9.189647970199585,88220.62051391602,26.466186154174803,88.22062051391602,filled
2022-09-01,SH600301,sell,22400,22400,11.686894546508789,261786.43784179687,78.53593135253905,261.7864378417969,filled
2022-09-01,SH600361,sell,42500,42500,7.0538736090660095,299789.6283853054,89.93688851559162,299.78962838530543,filled
2022-09-01,SH600367,sell,10900,10900,20.7387047996521,226051.8823162079,67.81556469486236,226.0518823162079,filled
2022-09-01,SH600438,sell,5800,5800,47.226800479888915,273915.4427833557,82.1746328350067,273.91544278335573,filled
2022-09-01,SH600596,sell,15600,15600,17.031642105102538,265693.6168395996,79.70808505187988,265.6936168395996,filled
2022-09-01,SH601615,sell,10200,10200,24.51028001976013,250004.85620155334,75.00145686046599,250.00485620155334,filled
2022-09-01,SH603227,sell,1000,1000,9.27931803703308,9279.318037033081,5.0,9.27931803703308,filled
2022-09-01,SH688516,sell,400,400,114.13889778900146,45655.55911560058,13.696667734680174,45.65555911560058,filled
2022-09-01,SH688556,sell,1000,1000,26.208944721221926,26208.944721221924,7.862683416366576,26.208944721221926,filled
2022-09-01,SZ000422,sell,15200,15200,17.165548896789552,260916.3432312012,78.27490296936035,260.9163432312012,filled
2022-09-01,SZ000733,sell,2400,2400,106.00935541534423,254422.45299682615,76.32673589904783,254.42245299682617,filled
2022-09-01,SZ000983,sell,30500,30500,9.70836053466797,296104.99630737305,88.83149889221191,296.104996307373,filled
2022-09-01,SZ002176,sell,11300,11300,22.07731350517273,249473.64260845183,74.84209278253554,249.47364260845183,filled
2022-09-01,SZ002738,sell,300,300,63.42674032974243,19028.022098922727,5.7084066296768174,19.028022098922726,filled
2022-09-01,SZ300343,sell,17600,17600,13.136471388816833,231201.89644317626,69.36056893295287,231.20189644317625,filled
2022-09-01,SZ300390,sell,5200,5200,52.31951913070679,272061.4994796753,81.61844984390258,272.0614994796753,filled
2022-09-01,SH600039,buy,43700,43700,6.305809512138366,275563.8756804466,82.66916270413398,0.0,filled
2022-09-01,SH600089,buy,15900,15900,17.286577398300167,274856.58063297265,82.45697418989178,0.0,filled
2022-09-01,SH600389,buy,300,300,33.33053463363647,9999.16039009094,5.0,0.0,filled
2022-09-01,SH600546,buy,21000,21000,13.13865481853485,275911.7511892318,82.77352535676954,0.0,filled
2022-09-01,SH600873,buy,31700,31700,8.704758150100707,275940.8333581924,82.78225000745772,0.0,filled
2022-09-01,SH603077,buy,2200,2200,3.6764100973606104,8088.102214193343,5.0,0.0,filled
2022-09-01,SH603908,buy,4700,4700,58.61432664489745,275487.335231018,82.64620056930539,0.0,filled
2022-09-01,SH605117,buy,4000,4000,68.14925029754637,272597.0011901855,81.77910035705564,0.0,filled
2022-09-01,SH605399,buy,1100,1100,26.905905439376827,29596.49598331451,8.878948794994352,0.0,filled
2022-09-01,SH688639,buy,4300,4300,62.77879579162597,269948.8219039917,80.9846465711975,0.0,filled
2022-09-01,SH688778,buy,4200,4200,64.95460681915283,272809.3486404419,81.84280459213257,0.0,filled
2022-09-01,SZ000707,buy,26700,26700,10.318934801101683,275515.55918941495,82.65466775682448,0.0,filled
2022-09-01,SZ000893,buy,300,300,33.64689834976196,10094.069504928588,5.0,0.0,filled
2022-09-01,SZ002060,buy,42900,42900,6.425964241504668,275673.86596055026,82.70215978816508,0.0,filled
2022-09-01,SZ002096,buy,21100,21100,13.078994387626647,275966.78157892224,82.79003447367667,0.0,filled
2022-09-01,SZ002240,buy,5400,5400,51.00357026290893,275419.27941970824,82.62578382591246,0.0,filled
2022-09-01,SZ002432,buy,300,300,45.36504858016967,13609.514574050902,5.0,0.0,filled
2022-09-01,SZ002517,buy,36900,36900,7.473971078395842,275789.53279280657,82.73685983784196,0.0,filled
2022-09-01,SZ002539,buy,400,400,12.937290363311766,5174.916145324706,5.0,0.0,filled
2022-09-01,SZ002748,buy,1900,1900,12.96586810684204,24635.149402999876,7.3905448208999625,0.0,filled
2022-09-01,SZ002756,buy,200,200,87.99201788330078,17598.403576660156,5.279521072998047,0.0,filled
2022-09-01,SZ002932,buy,400,400,36.072184219360345,14428.873687744139,5.0,0.0,filled
2022-09-01,SZ300769,buy,100,100,200.9203393707275,20092.03393707275,6.027610181121824,0.0,filled
2022-09-01,SZ301035,buy,3800,3800,70.99831844329833,269793.61008453363,80.93808302536009,0.0,filled
2022-10-10,SH600039,sell,43700,43700,6.055841096878051,264640.25593357085,79.39207678007125,264.64025593357087,filled
2022-10-10,SH600089,sell,15900,15900,15.210999627113342,241854.89407110214,72.55646822133063,241.85489407110214,filled
2022-10-10,SH600188,sell,1900,1900,19.885351015090944,37782.16692867279,11.334650078601836,37.782166928672794,filled
2022-10-10,SH600256,sell,2200,2200,9.168097429275512,20169.814344406128,6.050944303321838,20.169814344406127,filled
2022-10-10,SH600389,sell,8200,8200,28.822840507507323,236347.29216156004,70.90418764846801,236.34729216156003,filled
2022-10-10,SH600546,sell,3100,3100,14.225536834716797,44099.16418762207,13.229749256286619,44.099164187622065,filled
2022-10-10,SH600873,sell,1400,1400,8.405436933517455,11767.611706924437,5.0,11.767611706924438,filled
2022-10-10,SH603077,sell,75000,75000,3.095133798837662,232135.03491282463,69.64051047384739,232.13503491282464,filled
2022-10-10,SH603908,sell,400,400,58.69210363769531,23476.841455078124,7.043052436523436,23.476841455078123,filled
2022-10-10,SH605117,sell,700,700,75.74238095855713,53019.666670989995,15.905900001296997,53.01966667099,filled
2022-10-10,SH605399,sell,10200,10200,25.47213344192505,259815.7611076355,77.94472833229065,259.8157611076355,filled
2022-10-10,SH688639,sell,300,300,63.58817693710327,19076.45308113098,5.722935924339294,19.076453081130982,filled
2022-10-10,SH688778,sell,4200,4200,53.24447749328613,223626.80547180175,67.08804164154051,223.62680547180176,filled
2022-10-10,SZ002240,sell,5400,5400,45.33236121368408,244794.75055389403,73.4384251661682,244.79475055389403,filled
2022-10-10,SZ002539,sell,21300,21300,10.99977241230011,234295.15238199235,70.2885457145977,234.29515238199235,filled
2022-10-10,SZ002738,sell,200,200,61.34163879776001,12268.327759552003,5.0,12.268327759552003,filled
2022-10-10,SZ002748,sell,21200,21200,10.656413798332215,225915.97252464297,67.77479175739289,225.91597252464297,filled
2022-10-10,SZ002756,sell,3100,3100,81.02318190765381,251171.8639137268,75.35155917411802,251.17186391372678,filled
2022-10-10,SZ301035,sell,300,300,71.24355024719239,21373.065074157716,6.411919522247314,21.373065074157715,filled
2022-10-10,SH603227,buy,200,200,8.552048219680785,1710.409643936157,5.0,0.0,filled
2022-10-10,SH603327,buy,32000,32000,7.9739765810966485,255167.25059509274,76.55017517852782,0.0,filled
2022-10-10,SH603329,buy,20100,20100,12.646764608383178,254199.96862850187,76.25999058855055,0.0,filled
2022-10-10,SH688122,buy,3500,3500,71.14418560028075,249004.64960098264,74.70139488029479,0.0,filled
2022-10-10,SH688385,buy,3400,3400,74.76331777954101,254195.28045043943,76.25858413513183,0.0,filled
2022-10-10,SH688556,buy,100,100,23.92594252204895,2392.594252204895,5.0,0.0,filled
2022-10-10,SH688707,buy,5400,5400,47.09575094223022,254317.05508804318,76.29511652641295,0.0,filled
2022-10-10,SH688800,buy,5000,5000,50.20237390136718,251011.8695068359,75.30356085205077,0.0,filled
2022-10-10,SZ000707,buy,3200,3200,8.51715274810791,27254.88879394531,8.176466638183593,0.0,filled
2022-10-10,SZ000893,buy,500,500,29.231425046920773,14615.712523460386,5.0,0.0,filled
2022-10-10,SZ002060,buy,2000,2000,5.676135457515716,11352.270915031433,5.0,0.0,filled
2022-10-10,SZ002096,buy,3100,3100,10.53874362373352,32670.10523357391,9.801031570072173,0.0,filled
2022-10-10,SZ002432,buy,300,300,39.970491626739495,11991.147488021848,5.0,0.0,filled
2022-10-10,SZ002517,buy,3300,3300,6.350102341651916,20955.337727451322,6.286601318235396,0.0,filled
2022-10-10,SZ002881,buy,7600,7600,33.56310492324829,255079.597416687,76.5238792250061,0.0,filled
2022-10-10,SZ002932,buy,100,100,33.06371992874145,3306.371992874145,5.0,0.0,filled
2022-10-10,SZ300763,buy,1100,1100,213.75654226684568,235132.19649353027,70.53965894805907,0.0,filled
2022-10-10,SZ300769,buy,100,100,174.17786433410643,17417.78643341064,5.225335930023192,0.0,filled
2022-10-10,SZ300787,buy,19400,19400,13.12967272377014,254715.6508411407,76.41469525234221,0.0,filled
2022-10-10,SZ301004,buy,13400,13400,19.042270011901852,255166.4181594848,76.54992544784544,0.0,filled
2022-11-01,SH600546,sell,17900,17900,12.22569236755371,218839.89337921143,65.65196801376342,218.83989337921142,filled
2022-11-01,SH603327,sell,32000,32000,7.414911859989166,237277.17951965332,71.183153855896,237.27717951965332,filled
2022-11-01,SH603329,sell,20100,20100,13.057535625457763,262456.466071701,78.7369398215103,262.456466071701,filled
2022-11-01,SH603908,sell,4300,4300,36.68525144577026,157746.58121681213,47.32397436504364,157.74658121681213,filled
2022-11-01,SH688122,sell,3500,3500,79.31602084350585,277606.0729522705,83.28182188568114,277.6060729522705,filled
2022-11-01,SH688385,sell,800,800,93.02574710083007,74420.59768066405,22.326179304199215,74.42059768066406,filled
2022-11-01,SH688556,sell,1000,1000,25.170827917099,25170.827917099,7.551248375129699,25.170827917099,filled
2022-11-01,SH688639,sell,400,400,66.3267876663208,26530.71506652832,7.959214519958495,26.53071506652832,filled
2022-11-01,SH688707,sell,600,600,49.754029174804685,29852.41750488281,8.955725251464843,29.852417504882812,filled
2022-11-01,SH688800,sell,5000,5000,41.93714303970337,209685.71519851685,62.90571455955505,209.68571519851685,filled
2022-11-01,SZ000707,sell,29900,29900,8.472589447975158,253330.42449445723,75.99912734833717,253.33042449445722,filled
2022-11-01,SZ002060,sell,2000,2000,5.665171804904937,11330.343609809875,5.0,11.330343609809876,filled
2022-11-01,SZ002096,sell,300,300,10.142172351837159,3042.6517055511476,5.0,3.0426517055511475,filled
2022-11-01,SZ002432,sell,6300,6300,45.145288799285886,284415.31943550106,85.32459583065031,284.4153194355011,filled
2022-11-01,SZ002517,sell,40200,40200,5.7041156902313235,229305.4507472992,68.79163522418976,229.3054507472992,filled
2022-11-01,SZ002738,sell,100,100,60.154038219451905,6015.40382194519,5.0,6.01540382194519,filled
2022-11-01,SZ002881,sell,7600,7600,28.370349649429322,215614.65733566284,64.68439720069884,215.61465733566283,filled
2022-11-01,SZ002932,sell,1300,1300,37.50742649459839,48759.65444297791,14.627896332893371,48.75965444297791,filled
2022-11-01,SZ300787,sell,19400,19400,13.69694455718994,265720.7244094848,79.71621732284544,265.72072440948483,filled
2022-11-01,SZ301004,sell,2400,2400,22.044530387878417,52906.872930908205,15.87206187927246,52.90687293090821,filled
2022-11-01,SH600188,buy,2400,2400,15.942385771751402,38261.725852203366,11.47851775566101,0.0,filled
2022-11-01,SH600256,buy,5300,5300,7.373766164779663,39080.960673332214,11.724288201999663,0.0,filled
2022-11-01,SH600873,buy,1800,1800,7.568422926425933,13623.16126756668,5.0,0.0,filled
2022-11-01,SH603227,buy,3600,3600,7.27733059978485,26198.390159225462,7.859517047767638,0.0,filled
2022-11-01,SH603529,buy,6800,6800,35.36252140808105,240465.14557495114,72.13954367248533,0.0,filled
2022-11-01,SH603688,buy,3000,3000,78.6281788406372,235884.53652191162,70.76536095657347,0.0,filled
2022-11-01,SH605117,buy,600,600,61.016189762115474,36609.713857269286,10.982914157180785,0.0,filled
2022-11-01,SH605123,buy,1500,1500,156.58455923461912,234876.83885192868,70.4630516555786,0.0,filled
2022-11-01,SH688071,buy,3700,3700,65.065,240740.5,72.22215,0.0,filled
2022-11-01,SH688516,buy,100,100,94.29974142456054,9429.974142456054,5.0,0.0,filled
2022-11-01,SZ000893,buy,900,900,25.166529327392574,22649.876394653318,6.794962918395995,0.0,filled
2022-11-01,SZ000983,buy,27400,27400,8.877689965248107,243248.70504779814,72.97461151433943,0.0,filled
2022-11-01,SZ002244,buy,28400,28400,8.562908067703246,243186.5891227722,72.95597673683164,0.0,filled
2022-11-01,SZ002756,buy,3100,3100,76.47485121154784,237072.0387557983,71.12161162673948,0.0,filled
2022-11-01,SZ002847,buy,6300,6300,38.22144131469726,240795.08028259274,72.23852408477782,0.0,filled
2022-11-01,SZ003031,buy,3300,3300,73.46014365386962,242418.47405776975,72.72554221733093,0.0,filled
2022-11-01,SZ300269,buy,56500,56500,4.305558867931365,243264.07603812215,72.97922281143664,0.0,filled
2022-11-01,SZ300446,buy,26800,26800,9.085129673004149,243481.47523651118,73.04444257095335,0.0,filled
2022-11-01,SZ300763,buy,200,200,184.75173635864255,36950.34727172851,11.085104181518552,0.0,filled
2022-11-01,SZ300769,buy,100,100,161.73675523376463,16173.675523376463,5.0,0.0,filled
2022-11-01,SZ301035,buy,300,300,63.73411111450195,19120.233334350585,5.736070000305175,0.0,filled
2022-12-01,SH600256,sell,1400,1400,7.791400857925415,10907.96120109558,5.0,10.907961201095581,filled
2022-12-01,SH600873,sell,1700,1700,8.116393876075744,13797.869589328764,5.0,13.797869589328764,filled
2022-12-01,SH603227,sell,2900,2900,8.087727464675904,23454.40964756012,7.036322894268036,23.454409647560123,filled
2022-12-01,SH605117,sell,200,200,65.54140287780761,13108.280575561523,5.0,13.108280575561523,filled
2022-12-01,SH605123,sell,1500,1500,129.59944258117676,194399.16387176514,58.319749161529536,194.39916387176515,filled
2022-12-01,SH688071,sell,3700,3700,60.19973832321167,222739.03179588317,66.82170953876495,222.73903179588316,filled
2022-12-01,SH688639,sell,100,100,69.84987238311767,6984.987238311767,5.0,6.984987238311767,filled
2022-12-01,SZ000893,sell,800,800,28.004064765930174,22403.25181274414,6.720975543823242,22.40325181274414,filled
2022-12-01,SZ000983,sell,3300,3300,10.225643065452577,33744.6221159935,10.123386634798049,33.7446221159935,filled
2022-12-01,SZ002060,sell,4400,4400,6.395640822887421,28140.81962070465,8.442245886211394,28.14081962070465,filled
2022-12-01,SZ002096,sell,23900,23900,10.8556819896698,259450.7995531082,77.83523986593245,259.4507995531082,filled
2022-12-01,SZ002244,sell,5200,5200,10.625627583503723,55253.26343421936,16.575979030265806,55.25326343421936,filled
2022-12-01,SZ002756,sell,3100,3100,67.84174305725098,210309.40347747804,63.09282104324341,210.30940347747804,filled
2022-12-01,SZ002847,sell,6300,6300,47.45407389450073,298960.6655353546,89.68819966060637,298.96066553535456,filled
2022-12-01,SZ002932,sell,400,400,40.74330404663086,16297.321618652344,5.0,16.297321618652344,filled
2022-12-01,SZ300269,sell,56500,56500,4.476523233890534,252923.56271481517,75.87706881444454,252.92356271481518,filled
2022-12-01,SZ300446,sell,26800,26800,10.242605303764343,274501.8221408844,82.35054664226531,274.5018221408844,filled
2022-12-01,SZ300763,sell,100,100,199.2260048675537,19922.60048675537,5.976780146026611,19.92260048675537,filled
2022-12-01,SZ300769,sell,1500,1500,143.13682548522948,214705.2382278442,64.41157146835326,214.7052382278442,filled
2022-12-01,SZ301035,sell,200,200,66.90719270324708,13381.438540649415,5.0,13.381438540649414,filled
2022-12-01,SH600188,buy,100,100,16.110460439682004,1611.0460439682004,5.0,0.0,filled
2022-12-01,SH600546,buy,19100,19100,12.884472705841063,246093.42868156428,73.82802860446928,0.0,filled
2022-12-01,SH603360,buy,44300,44300,5.575112905025482,246977.50169262884,74.09325050778864,0.0,filled
2022-12-01,SH603529,buy,1500,1500,29.73731296730041,44605.969450950615,13.381790835285184,0.0,filled
2022-12-01,SH603612,buy,8600,8600,28.51997135353088,245271.75364036558,73.58152609210967,0.0,filled
2022-12-01,SH603688,buy,300,300,74.45289566802978,22335.868700408933,6.700760610122679,0.0,filled
2022-12-01,SH603868,buy,3600,3600,68.16472290802001,245393.00246887203,73.6179007406616,0.0,filled
2022-12-01,SH603938,buy,8400,8400,29.366739746093746,246680.61386718747,74.00418416015623,0.0,filled
2022-12-01,SH688385,buy,700,700,74.50863066864012,52156.04146804808,15.646812440414424,0.0,filled
2022-12-01,SH688390,buy,1400,1400,176.55869126892088,247182.16777648922,74.15465033294676,0.0,filled
2022-12-01,SH688516,buy,400,400,85.1358625793457,34054.34503173828,10.216303509521483,0.0,filled
2022-12-01,SH688556,buy,900,900,23.374398563385007,21036.958707046506,6.311087612113951,0.0,filled
2022-12-01,SZ000933,buy,17200,17200,14.31962796974182,246297.6010795593,73.88928032386778,0.0,filled
2022-12-01,SZ002738,buy,700,700,52.24575893402099,36572.03125381469,10.971609376144405,0.0,filled
2022-12-01,SZ300633,buy,5100,5100,48.334766429901116,246507.3087924957,73.9521926377487,0.0,filled
2022-12-01,SZ301004,buy,1100,1100,20.42974924468994,22472.724169158933,6.74181725074768,0.0,filled
2023-01-03,SH600873,sell,3400,3400,8.430979373931885,28665.32987136841,8.599598961410521,28.66532987136841,filled
2023-01-03,SH603227,sell,500,500,7.599416215896606,3799.708107948303,5.0,3.7997081079483035,filled
2023-01-03,SH603360,sell,4800,4800,5.770671801567078,27699.224647521973,8.30976739425659,27.699224647521973,filled
2023-01-03,SH603529,sell,600,600,29.555745632171632,17733.44737930298,5.320034213790893,17.73344737930298,filled
2023-01-03,SH603688,sell,400,400,77.74828472900391,31099.313891601567,9.32979416748047,31.099313891601568,filled
2023-01-03,SH688385,sell,100,100,69.36451075744628,6936.451075744628,5.0,6.936451075744628,filled
2023-01-03,SH688390,sell,1400,1400,158.78693119812013,222301.70367736818,66.69051110321044,222.30170367736818,filled
2023-01-03,SH688516,sell,300,300,87.13782682800293,26141.34804840088,7.842404414520264,26.14134804840088,filled
2023-01-03,SH688556,sell,100,100,21.915429119110108,2191.542911911011,5.0,2.191542911911011,filled
2023-01-03,SH688639,sell,400,400,71.59569104003906,28638.276416015622,8.591482924804685,28.63827641601562,filled
2023-01-03,SH688707,sell,4800,4800,43.462277297973635,208618.93103027344,62.585679309082025,208.61893103027344,filled
2023-01-03,SZ000893,sell,8800,8800,27.539788753509523,242350.1410308838,72.70504230926514,242.3501410308838,filled
2023-01-03,SZ002060,sell,38500,38500,5.995571036338806,230829.484899044,69.2488454697132,230.82948489904402,filled
2023-01-03,SZ300633,sell,900,900,53.89263621139526,48503.372590255734,14.551011777076718,48.503372590255736,filled
2023-01-03,SZ301004,sell,200,200,19.065228126525877,3813.0456253051752,5.0,3.8130456253051754,filled
2023-01-03,SH600188,buy,2000,2000,13.158091044425962,26316.182088851925,7.894854626655577,0.0,filled
2023-01-03,SH600256,buy,3300,3300,6.535923543930053,21568.547694969177,6.4705643084907525,0.0,filled
2023-01-03,SH600546,buy,1800,1800,10.911038993835447,19639.870188903806,5.891961056671141,0.0,filled
2023-01-03,SH603612,buy,700,700,24.394170368194576,17075.919257736205,5.122775777320861,0.0,filled
2023-01-03,SH603868,buy,100,100,61.51910306167602,6151.910306167602,5.0,0.0,filled
2023-01-03,SH603938,buy,900,900,24.3915336856842,21952.38031711578,6.585714095134734,0.0,filled
2023-01-03,SH688068,buy,3800,3800,59.93184310150146,227741.00378570554,68.32230113571165,0.0,filled
2023-01-03,SH688700,buy,3100,3100,73.21985997009277,226981.5659072876,68.09446977218627,0.0,filled
2023-01-03,SZ000933,buy,1000,1000,12.502336075782775,12502.336075782776,5.0,0.0,filled
2023-01-03,SZ000983,buy,1500,1500,8.908709647178648,13363.064470767973,5.0,0.0,filled
2023-01-03,SZ002244,buy,3800,3800,8.468058139801025,32178.620931243895,9.653586279373167,0.0,filled
2023-01-03,SZ002552,buy,15500,15500,14.746697984695434,228573.81876277924,68.57214562883377,0.0,filled
2023-01-03,SZ002738,buy,400,400,44.2874377746582,17714.97510986328,5.314492532958984,0.0,filled
2023-01-03,SZ002932,buy,900,900,33.1038143043518,29793.43287391662,8.938029862174986,0.0,filled
2023-01-03,SZ003031,buy,100,100,67.21258458709715,6721.258458709715,5.0,0.0,filled
2023-01-03,SZ300269,buy,56100,56100,4.075871554851531,228656.3942271709,68.59691826815127,0.0,filled
2023-01-03,SZ301035,buy,100,100,61.668147220611566,6166.814722061156,5.0,0.0,filled
2023-02-01,SH600256,sell,2200,2200,7.366098741531372,16205.41723136902,5.0,16.20541723136902,filled
2023-02-01,SH600546,sell,800,800,11.94707588481903,9557.660707855224,5.0,9.557660707855224,filled
2023-02-01,SH603227,sell,30000,30000,8.280728659629823,248421.85978889468,74.5265579366684,248.4218597888947,filled
2023-02-01,SH603529,sell,700,700,34.24332554626465,23970.327882385256,7.191098364715576,23.970327882385256,filled
2023-02-01,SH603612,sell,9300,9300,26.95612350654602,250691.948610878,75.2075845832634,250.691948610878,filled
2023-02-01,SH603938,sell,400,400,27.055936237335207,10822.374494934083,5.0,10.822374494934083,filled
2023-02-01,SH688068,sell,3800,3800,58.526273082733155,222399.837714386,66.7199513143158,222.399837714386,filled
2023-02-01,SH688516,sell,100,100,93.51466046905517,9351.466046905518,5.0,9.351466046905518,filled
2023-02-01,SH688556,sell,500,500,24.134469835281372,12067.234917640686,5.0,12.067234917640686,filled
2023-02-01,SZ000933,sell,18200,18200,14.867599093437194,270590.3035005569,81.17709105016706,270.5903035005569,filled
2023-02-01,SZ002244,sell,3200,3200,10.093718885421753,32299.90043334961,9.689970130004882,32.299900433349606,filled
2023-02-01,SZ002552,sell,15500,15500,15.654036638259887,242637.56789302826,72.79127036790847,242.63756789302826,filled
2023-02-01,SZ002738,sell,1100,1100,59.759070728302,65734.9778011322,19.720493340339658,65.7349778011322,filled
2023-02-01,SZ002932,sell,100,100,35.0409508895874,3504.09508895874,5.0,3.50409508895874,filled
2023-02-01,SZ003031,sell,100,100,72.28575803375244,7228.5758033752445,5.0,7.228575803375245,filled
2023-02-01,SZ300269,sell,56100,56100,4.056510622501373,227570.24592232704,68.2710737766981,227.57024592232705,filled
2023-02-01,SZ301004,sell,800,800,21.703637414932253,17362.909931945804,5.208872979583741,17.362909931945804,filled
2023-02-01,SH600188,buy,700,700,13.420676747322082,9394.473723125457,5.0,0.0,filled
2023-02-01,SH600301,buy,15600,15600,15.408145400047301,240367.0682407379,72.11012047222137,0.0,filled
2023-02-01,SH600873,buy,500,500,8.779200995445251,4389.600497722626,5.0,0.0,filled
2023-02-01,SH603360,buy,3600,3600,5.607440427303313,20186.785538291926,6.056035661487577,0.0,filled
2023-02-01,SH603688,buy,200,200,77.61841917419433,15523.683834838866,5.0,0.0,filled
2023-02-01,SH603868,buy,300,300,59.89064135742187,17967.19240722656,5.3901577221679675,0.0,filled
2023-02-01,SH688032,buy,500,500,418.3157555236816,209157.87776184082,62.74736332855224,0.0,filled
2023-02-01,SH688385,buy,300,300,67.56227627563476,20268.682882690428,6.080604864807127,0.0,filled
2023-02-01,SH688700,buy,500,500,65.7759381942749,32887.96909713745,9.866390729141234,0.0,filled
2023-02-01,SZ000893,buy,8300,8300,28.963313957214353,240395.50584487914,72.11865175346374,0.0,filled
2023-02-01,SZ000983,buy,1000,1000,9.06315127277374,9063.15127277374,5.0,0.0,filled
2023-02-01,SZ002060,buy,38900,38900,6.199324100971221,241153.70752778053,72.34611225833414,0.0,filled
2023-02-01,SZ002096,buy,19300,19300,12.504460123062133,241336.08037509918,72.40082411252975,0.0,filled
2023-02-01,SZ002847,buy,4700,4700,51.03770775985717,239877.2264713287,71.96316794139861,0.0,filled
2023-02-01,SZ300633,buy,600,600,49.751980415344235,29851.18824920654,8.955356474761961,0.0,filled
2023-02-01,SZ300763,buy,100,100,180.5516175842285,18055.161758422848,5.416548527526854,0.0,filled
2023-02-01,SZ301035,buy,400,400,58.4774253540039,23390.97014160156,7.017291042480467,0.0,filled
2023-03-01,SH600188,sell,600,600,13.842637455940247,8305.582473564149,5.0,8.305582473564149,filled
2023-03-01,SH600256,sell,1600,1600,7.784189715385437,12454.7035446167,5.0,12.454703544616699,filled
2023-03-01,SH600301,sell,15600,15600,19.68877807044983,307144.9378990173,92.14348136970519,307.1449378990173,filled
2023-03-01,SH600546,sell,2100,2100,13.376626539230347,28090.915732383728,8.427274719715118,28.090915732383728,filled
2023-03-01,SH603360,sell,2800,2800,6.007230907917022,16820.24654216766,5.046073962650298,16.82024654216766,filled
2023-03-01,SH603688,sell,300,300,83.52978229522705,25058.934688568115,7.517680406570434,25.058934688568115,filled
2023-03-01,SH603868,sell,4000,4000,77.08834657287598,308353.3862915039,92.50601588745117,308.3533862915039,filled
2023-03-01,SH688385,sell,200,200,71.81685179901123,14363.370359802246,5.0,14.363370359802246,filled
2023-03-01,SH688700,sell,3600,3600,59.32116602325439,213556.1976837158,64.06685930511473,213.55619768371582,filled
2023-03-01,SZ000893,sell,8300,8300,28.313859031677246,235005.02996292114,70.50150898887634,235.00502996292113,filled
2023-03-01,SZ000983,sell,2700,2700,10.094317193984985,27254.656423759458,8.176396927127836,27.254656423759457,filled
2023-03-01,SZ002060,sell,500,500,6.29119358253479,3145.596791267395,5.0,3.145596791267395,filled
2023-03-01,SZ002096,sell,19300,19300,12.095176308631897,233436.9027565956,70.03107082697868,233.4369027565956,filled
2023-03-01,SZ002847,sell,300,300,54.59439880371094,16378.319641113281,5.0,16.378319641113283,filled
2023-03-01,SZ300633,sell,4800,4800,47.67632456588745,228846.35791625976,68.65390737487792,228.84635791625976,filled
2023-03-01,SZ301004,sell,200,200,22.061311609268188,4412.262321853637,5.0,4.412262321853637,filled
2023-03-01,SZ301035,sell,4100,4100,55.21934162521362,226399.30066337585,67.91979019901275,226.39930066337584,filled
2023-03-01,SH600873,buy,700,700,8.5966532125473,6017.65724878311,5.0,0.0,filled
2023-03-01,SH603185,buy,3200,3200,75.17100502777099,240547.21608886716,72.16416482666014,0.0,filled
2023-03-01,SH603227,buy,29400,29400,8.241502961158751,242300.1870580673,72.69005611742018,0.0,filled
2023-03-01,SH603529,buy,200,200,33.681776638031,6736.3553276062,5.0,0.0,filled
2023-03-01,SH603612,buy,9800,9800,24.58992065620422,240981.22243080137,72.29436672924041,0.0,filled
2023-03-01,SH603938,buy,400,400,25.905783697128292,10362.313478851316,5.0,0.0,filled
2023-03-01,SH605117,buy,300,300,60.48632158660888,18145.896475982663,5.443768942794798,0.0,filled
2023-03-01,SH688032,buy,100,100,356.0975020141601,35609.75020141601,10.682925060424802,0.0,filled
2023-03-01,SH688261,buy,1800,1800,132.28046374511717,238104.8347412109,71.43145042236327,0.0,filled
2023-03-01,SH688270,buy,6800,6800,35.47774500656128,241248.6660446167,72.374599813385,0.0,filled
2023-03-01,SH688283,buy,5600,5600,42.77738812637329,239553.3735076904,71.86601205230711,0.0,filled
2023-03-01,SH688390,buy,1200,1200,193.3861708831787,232063.40505981442,69.61902151794432,0.0,filled
2023-03-01,SH688516,buy,300,300,85.52813067626953,25658.439202880858,7.697531760864257,0.0,filled
2023-03-01,SH688556,buy,1300,1300,21.50434533500671,27955.648935508725,8.386694680652617,0.0,filled
2023-03-01,SZ002244,buy,1000,1000,9.752556878089903,9752.556878089903,5.0,0.0,filled
2023-03-01,SZ002738,buy,800,800,50.14674581909179,40117.396655273435,12.03521899658203,0.0,filled
2023-03-01,SZ002932,buy,300,300,34.1585484046936,10247.56452140808,5.0,0.0,filled
2023-03-01,SZ300763,buy,200,200,156.4386309814453,31287.72619628906,9.386317858886716,0.0,filled
2023-04-03,SH600188,sell,17400,17400,13.889394126892089,241675.45780792236,72.5026373423767,241.67545780792236,filled
2023-04-03,SH600546,sell,18000,18000,12.356978224754334,222425.608045578,66.72768241367339,222.425608045578,filled
2023-04-03,SH600873,sell,28200,28200,8.100073771476746,228422.08035564423,68.52662410669326,228.42208035564423,filled
2023-04-03,SH603185,sell,3200,3200,68.78139237213135,220100.45559082032,66.03013667724609,220.10045559082033,filled
2023-04-03,SH603227,sell,700,700,7.763948688983917,5434.7640822887415,5.0,5.4347640822887415,filled
2023-04-03,SH603360,sell,500,500,5.6157618069648745,2807.880903482437,5.0,2.8078809034824372,filled
2023-04-03,SH603529,sell,1900,1900,41.85966398620605,79533.3615737915,23.860008472137448,79.5333615737915,filled
2023-04-03,SH603612,sell,9800,9800,21.440257793426515,210114.52637557985,63.03435791267395,210.11452637557986,filled
2023-04-03,SH603938,sell,9300,9300,23.392473850250244,217550.00680732727,65.26500204219818,217.55000680732726,filled
2023-04-03,SH688283,sell,300,300,41.61433460998535,12484.300382995605,5.0,12.484300382995606,filled
2023-04-03,SH688385,sell,3300,3300,65.55727901458741,216339.02074813846,64.90170622444153,216.33902074813847,filled
2023-04-03,SH688390,sell,1200,1200,145.71026875305176,174852.32250366212,52.45569675109863,174.85232250366212,filled
2023-04-03,SH688556,sell,400,400,20.620310205459596,8248.124082183838,5.0,8.248124082183839,filled
2023-04-03,SH688639,sell,300,300,77.90152793884278,23370.458381652832,7.011137514495849,23.37045838165283,filled
2023-04-03,SZ000983,sell,23900,23900,8.527627166748047,203810.28928527833,61.14308678558349,203.81028928527834,filled
2023-04-03,SZ002060,sell,38400,38400,5.934727914333344,227893.5519104004,68.3680655731201,227.8935519104004,filled
2023-04-03,SZ002738,sell,4800,4800,46.74223151779175,224362.7112854004,67.30881338562011,224.36271128540042,filled
2023-04-03,SZ002847,sell,700,700,59.11547744750977,41380.834213256836,12.41425026397705,41.38083421325684,filled
2023-04-03,SZ002932,sell,7100,7100,32.23420539093018,228862.85827560426,68.65885748268127,228.86285827560425,filled
2023-04-03,SZ300763,sell,1500,1500,131.35182357788085,197027.7353668213,59.108320610046384,197.0277353668213,filled
2023-04-03,SH600256,buy,1900,1900,6.774321837425231,12871.211491107939,5.0,0.0,filled
2023-04-03,SH600313,buy,22600,22600,9.89109917449951,223538.84134368892,67.06165240310668,0.0,filled
2023-04-03,SH601975,buy,61300,61300,3.653595204353332,223965.38602685925,67.18961580805777,0.0,filled
2023-04-03,SH603283,buy,8900,8900,24.985591047286984,222371.76032085417,66.71152809625625,0.0,filled
2023-04-03,SH603688,buy,200,200,73.65358946990966,14730.717893981931,5.0,0.0,filled
2023-04-03,SH603871,buy,26100,26100,8.561323385238646,223450.54035472867,67.0351621064186,0.0,filled
2023-04-03,SH605117,buy,700,700,47.290357585906975,33103.250310134885,9.930975093040464,0.0,filled
2023-04-03,SH688032,buy,100,100,280.7409402160644,28074.09402160644,8.42222820648193,0.0,filled
2023-04-03,SH688261,buy,200,200,108.1663010406494,21633.26020812988,6.489978062438963,0.0,filled
2023-04-03,SH688281,buy,3600,3600,61.55076616287231,221582.7581863403,66.47482745590209,0.0,filled
2023-04-03,SH688722,buy,11300,11300,19.737504575729368,223033.80170574185,66.91014051172255,0.0,filled
2023-04-03,SZ002056,buy,12200,12200,18.223726150512693,222329.45903625485,66.69883771087645,0.0,filled
2023-04-03,SZ002096,buy,18800,18800,11.864147216796873,223045.9676757812,66.91379030273436,0.0,filled
2023-04-03,SZ002244,buy,800,800,8.733853302001952,6987.082641601562,5.0,0.0,filled
2023-04-03,SZ002668,buy,36600,36600,6.107543302059173,223536.08485536574,67.06082545660972,0.0,filled
2023-04-03,SZ003031,buy,200,200,62.712189487457266,12542.437897491453,5.0,0.0,filled
2023-04-03,SZ300354,buy,5100,5100,43.706130424499506,222901.2651649475,66.87037954948424,0.0,filled
2023-04-03,SZ300633,buy,4100,4100,53.95675395584106,221222.69121894834,66.3668073656845,0.0,filled
2023-04-03,SZ300693,buy,5900,5900,37.65333074188232,222154.6513771057,66.6463954131317,0.0,filled
2023-04-03,SZ301004,buy,300,300,19.978464136123655,5993.539240837096,5.0,0.0,filled
2023-04-03,SZ301181,buy,10000,10000,22.25004726219177,222500.4726219177,66.7501417865753,0.0,filled
2023-05-04,SH600256,sell,33000,33000,6.566050153255462,216679.65505743027,65.00389651722908,216.67965505743027,filled
2023-05-04,SH600313,sell,22600,22600,8.873130354881287,200532.74602031708,60.15982380609512,200.5327460203171,filled
2023-05-04,SH603227,sell,28700,28700,7.5974536113739015,218046.91864643098,65.41407559392928,218.04691864643098,filled
2023-05-04,SH603283,sell,700,700,26.465674352645873,18525.97204685211,5.557791614055633,18.52597204685211,filled
2023-05-04,SH603360,sell,39800,39800,4.946291680812836,196862.40889635085,59.058722668905254,196.86240889635087,filled
2023-05-04,SH603871,sell,2100,2100,9.072458567619323,19052.16299200058,5.715648897600174,19.05216299200058,filled
2023-05-04,SH688032,sell,700,700,233.8330258026123,163683.1180618286,49.10493541854858,163.6831180618286,filled
2023-05-04,SH688261,sell,2000,2000,109.52460495758056,219049.20991516113,65.71476297454834,219.04920991516113,filled
2023-05-04,SH688270,sell,6800,6800,30.015682954788208,204106.6440925598,61.23199322776794,204.10664409255983,filled
2023-05-04,SH688281,sell,3600,3600,69.88882722473144,251599.7780090332,75.47993340270996,251.5997780090332,filled
2023-05-04,SH688283,sell,5300,5300,38.989974140167234,206646.86294288634,61.99405888286589,206.64686294288634,filled
2023-05-04,SH688516,sell,2800,2800,72.731158744812,203647.2444854736,61.094173345642076,203.6472444854736,filled
2023-05-04,SH688556,sell,200,200,20.370396337509156,4074.079267501831,5.0,4.074079267501832,filled
2023-05-04,SZ002056,sell,12200,12200,16.807615562438965,205052.90986175538,61.51587295852661,205.05290986175538,filled
2023-05-04,SZ002096,sell,18800,18800,11.456019847869873,215373.1731399536,64.61195194198608,215.37317313995362,filled
2023-05-04,SZ002244,sell,25600,25600,8.8875516872406,227521.32319335936,68.2563969580078,227.52132319335936,filled
2023-05-04,SZ002668,sell,6900,6900,7.316744477748871,50485.53689646721,15.14566106894016,50.48553689646721,filled
2023-05-04,SZ003031,sell,1000,1000,85.13401904296875,85134.01904296875,25.54020571289062,85.13401904296875,filled
2023-05-04,SZ300633,sell,4100,4100,53.65329373168945,219978.50429992675,65.99355128997802,219.97850429992675,filled
2023-05-04,SZ301181,sell,10000,10000,20.087348751068117,200873.48751068115,60.26204625320434,200.87348751068114,filled
2023-05-04,SH600228,buy,15300,15300,14.211616585731505,217437.73376169204,65.2313201285076,0.0,filled
2023-05-04,SH601975,buy,2000,2000,3.4445338222980495,6889.067644596099,5.0,0.0,filled
2023-05-04,SH603529,buy,1200,1200,33.26610106277465,39919.32127532958,11.975796382598872,0.0,filled
2023-05-04,SH603688,buy,100,100,70.26205587768554,7026.205587768554,5.0,0.0,filled
2023-05-04,SH603757,buy,7600,7600,28.508830844879146,216667.1144210815,65.00013432632444,0.0,filled
2023-05-04,SH605117,buy,100,100,45.456532489776606,4545.653248977661,5.0,0.0,filled
2023-05-04,SH605266,buy,4900,4900,44.12974850463867,216235.76767272947,64.87073030181884,0.0,filled
2023-05-04,SH688063,buy,1300,1300,166.3288671722412,216227.52732391356,64.86825819717406,0.0,filled
2023-05-04,SH688390,buy,1600,1600,131.39971632385252,210239.54611816403,63.0718638354492,0.0,filled
2023-05-04,SH688639,buy,200,200,70.67220224761962,14134.440449523925,5.0,0.0,filled
2023-05-04,SH688722,buy,1200,1200,17.423320220947264,20907.984265136718,6.272395279541015,0.0,filled
2023-05-04,SZ002011,buy,15400,15400,14.133886001586912,217661.84442443846,65.29855332733153,0.0,filled
2023-05-04,SZ002518,buy,4800,4800,44.58425834655761,214004.44006347653,64.20133201904295,0.0,filled
2023-05-04,SZ002843,buy,13300,13300,16.350736486434936,217464.79526958466,65.23943858087539,0.0,filled
2023-05-04,SZ002847,buy,200,200,55.00957880020141,11001.915760040281,5.0,0.0,filled
2023-05-04,SZ002865,buy,2200,2200,96.67108317565916,212676.38298645016,63.80291489593504,0.0,filled
2023-05-04,SZ002871,buy,20000,20000,10.902546623229979,218050.93246459958,65.41527973937987,0.0,filled
2023-05-04,SZ002885,buy,9900,9900,21.940026094436643,217206.25833492278,65.16187750047683,0.0,filled
2023-05-04,SZ300354,buy,200,200,41.16028649520874,8232.057299041748,5.0,0.0,filled
2023-05-04,SZ300487,buy,3800,3800,57.41036127853393,218159.37285842892,65.44781185752868,0.0,filled
2023-05-04,SZ300856,buy,9700,9700,22.475961885452268,218016.830288887,65.4050490866661,0.0,filled
2023-05-04,SZ300910,buy,5500,5500,39.249724582672116,215873.48520469663,64.76204556140898,0.0,filled
2023-05-04,SZ301004,buy,500,500,18.565433330535885,9282.716665267943,5.0,0.0,filled
2023-05-04,SZ301268,buy,5800,5800,37.3209903717041,216461.74415588376,64.93852324676513,0.0,filled
2023-06-01,SH600228,sell,15300,15300,11.585063000679016,177251.46391038893,53.17543917311668,177.25146391038894,filled
2023-06-01,SH601975,sell,63300,63300,2.881268736362457,182384.31101174353,54.715293303523055,182.38431101174353,filled
2023-06-01,SH603529,sell,6500,6500,33.78186958694458,219582.15231513977,65.87464569454193,219.58215231513978,filled
2023-06-01,SH605117,sell,100,100,44.19288827133179,4419.2888271331785,5.0,4.419288827133179,filled
2023-06-01,SH605266,sell,100,100,43.22352931594849,4322.352931594849,5.0,4.322352931594849,filled
2023-06-01,SH688556,sell,10600,10600,19.26180488204956,204175.13174972535,61.2525395249176,204.17513174972535,filled
2023-06-01,SH688639,sell,200,200,74.79318157196045,14958.63631439209,5.0,14.95863631439209,filled
2023-06-01,SH688722,sell,12500,12500,16.701368156433105,208767.10195541382,62.63013058662414,208.76710195541384,filled
2023-06-01,SZ002668,sell,900,900,7.327870825767517,6595.083743190766,5.0,6.595083743190766,filled
2023-06-01,SZ002843,sell,1300,1300,17.613704875946045,22897.81633872986,6.869344901618957,22.89781633872986,filled
2023-06-01,SZ002865,sell,400,400,111.69095450592042,44676.38180236817,13.40291454071045,44.67638180236817,filled
2023-06-01,SZ002871,sell,20000,20000,11.080439269065858,221608.78538131717,66.48263561439515,221.60878538131718,filled
2023-06-01,SZ300354,sell,5300,5300,44.23667531204224,234454.37915382386,70.33631374614716,234.45437915382385,filled
2023-06-01,SZ300487,sell,200,200,58.1258560295105,11625.171205902101,5.0,11.6251712059021,filled
2023-06-01,SZ300693,sell,300,300,37.58222268676758,11274.666806030275,5.0,11.274666806030275,filled
2023-06-01,SZ300856,sell,1400,1400,25.42040071105957,35588.5609954834,10.67656829864502,35.5885609954834,filled
2023-06-01,SZ300910,sell,400,400,41.30797394943237,16523.18957977295,5.0,16.52318957977295,filled
2023-06-01,SZ301004,sell,11700,11700,21.346426242828368,249753.1870410919,74.92595611232757,249.7531870410919,filled
2023-06-01,SZ301268,sell,500,500,39.53566584777832,19767.83292388916,5.930349877166748,19.76783292388916,filled
2023-06-01,SH603027,buy,14700,14700,14.359731891632078,211088.05880699155,63.32641764209746,0.0,filled
2023-06-01,SH603283,buy,100,100,25.44691884231567,2544.691884231567,5.0,0.0,filled
2023-06-01,SH603439,buy,12100,12100,17.45826915168762,211245.0567354202,63.37351702062605,0.0,filled
2023-06-01,SH603757,buy,800,800,25.116052417755125,20092.841934204098,6.027852580261229,0.0,filled
2023-06-01,SH603871,buy,6600,6600,6.921691101551055,45683.16127023696,13.704948381071087,0.0,filled
2023-06-01,SH688063,buy,200,200,135.821950302124,27164.3900604248,8.149317018127439,0.0,filled
2023-06-01,SH688390,buy,200,200,117.42290863037108,23484.581726074215,7.045374517822264,0.0,filled
2023-06-01,SH688617,buy,1200,1200,175.7745063781738,210929.40765380856,63.278822296142565,0.0,filled
2023-06-01,SZ002011,buy,1700,1700,12.362245372772215,21015.817133712764,6.304745140113829,0.0,filled
2023-06-01,SZ002022,buy,19300,19300,10.98215114212036,211955.51704292293,63.586655112876876,0.0,filled
2023-06-01,SZ002334,buy,17700,17700,11.922443484306335,211027.24967222213,63.30817490166663,0.0,filled
2023-06-01,SZ002518,buy,800,800,37.224080356597895,29779.264285278317,8.933779285583494,0.0,filled
2023-06-01,SZ002737,buy,8900,8900,23.59914472198486,210032.38802566525,63.00971640769957,0.0,filled
2023-06-01,SZ002885,buy,800,800,19.671406133651733,15737.124906921386,5.0,0.0,filled
2023-06-01,SZ003031,buy,100,100,78.84631515502929,7884.631515502929,5.0,0.0,filled
2023-06-01,SZ300274,buy,2700,2700,75.76587573242186,204567.86447753903,61.370359343261704,0.0,filled
2023-06-01,SZ300389,buy,11000,11000,19.175820558547972,210934.02614402768,63.2802078432083,0.0,filled
2023-07-03,SH603027,sell,14700,14700,14.665886220932007,215588.5274477005,64.67655823431015,215.5885274477005,filled
2023-07-03,SH603688,sell,3100,3100,67.84601886749267,210322.6584892273,63.09679754676818,210.3226584892273,filled
2023-07-03,SH603757,sell,300,300,26.961727409362794,8088.518222808838,5.0,8.088518222808839,filled
2023-07-03,SH603871,sell,30600,30600,7.27848655128479,222721.68846931457,66.81650654079436,222.72168846931459,filled
2023-07-03,SH605117,sell,4700,4700,50.53915482330322,237534.02766952515,71.26020830085754,237.53402766952516,filled
2023-07-03,SH688063,sell,1500,1500,136.22449424743652,204336.74137115479,61.30102241134643,204.3367413711548,filled
2023-07-03,SH688390,sell,1800,1800,119.05944076538086,214306.99337768555,64.29209801330566,214.30699337768556,filled
2023-07-03,SH688639,sell,2800,2800,60.368891967773436,169032.8975097656,50.70986925292968,169.0328975097656,filled
2023-07-03,SZ002011,sell,17100,17100,13.915542497634888,237955.77670955658,71.38673301286697,237.95577670955657,filled
2023-07-03,SZ002334,sell,300,300,12.543475195884705,3763.0425587654113,5.0,3.7630425587654113,filled
2023-07-03,SZ002668,sell,2900,2900,8.452491806030274,24512.226237487794,7.353667871246337,24.512226237487795,filled
2023-07-03,SZ002843,sell,1500,1500,20.848665910720825,31272.998866081238,9.38189965982437,31.272998866081238,filled
2023-07-03,SZ002865,sell,400,400,146.78989178466796,58715.956713867185,17.614787014160154,58.715956713867186,filled
2023-07-03,SZ002885,sell,10700,10700,21.76540419960022,232889.82493572234,69.86694748071669,232.88982493572234,filled
2023-07-03,SZ003031,sell,300,300,93.61300410461426,28083.90123138428,8.425170369415284,28.08390123138428,filled
2023-07-03,SZ300274,sell,2700,2700,81.1395433959961,219076.76716918946,65.72303015075683,219.07676716918948,filled
2023-07-03,SZ301268,sell,5300,5300,40.89567456436157,216747.0751911163,65.02412255733489,216.74707519111632,filled
2023-07-03,SH600612,buy,3500,3500,61.56650225067138,215482.75787734982,64.64482736320494,0.0,filled
2023-07-03,SH603283,buy,800,800,23.98017302894592,19184.138423156735,5.75524152694702,0.0,filled
2023-07-03,SH603383,buy,5100,5100,42.9945545387268,219272.22814750668,65.781668444252,0.0,filled
2023-07-03,SH603439,buy,1500,1500,16.131752462387084,24197.628693580627,7.259288608074187,0.0,filled
2023-07-03,SH688037,buy,1800,1800,119.0717573699951,214329.16326599117,64.29874897979735,0.0,filled
2023-07-03,SH688120,buy,2700,2700,80.68533342742919,217850.4002540588,65.35512007621763,0.0,filled
2023-07-03,SH688290,buy,3300,3300,65.63521839141845,216596.22069168088,64.97886620750425,0.0,filled
2023-07-03,SZ000663,buy,18000,18000,12.173093473434447,219115.68252182004,65.73470475654601,0.0,filled
2023-07-03,SZ002022,buy,1300,1300,10.621295079231261,13807.68360300064,5.0,0.0,filled
2023-07-03,SZ002518,buy,100,100,38.14770966720581,3814.770966720581,5.0,0.0,filled
2023-07-03,SZ002728,buy,21400,21400,10.26793952846527,219733.90590915678,65.92017177274703,0.0,filled
2023-07-03,SZ002737,buy,1000,1000,22.00361577415466,22003.61577415466,6.601084732246397,0.0,filled
2023-07-03,SZ300354,buy,4900,4900,44.493522865295404,218018.26203994747,65.40547861198424,0.0,filled
2023-07-03,SZ300389,buy,200,200,19.461202777862546,3892.240555572509,5.0,0.0,filled
2023-07-03,SZ300633,buy,4100,4100,53.42435410690307,219039.85183830257,65.71195555149076,0.0,filled
2023-07-03,SZ300693,buy,300,300,37.02894675827026,11108.684027481078,5.0,0.0,filled
2023-07-03,SZ300882,buy,11200,11200,19.607606435775754,219605.19208068843,65.88155762420652,0.0,filled
2023-07-03,SZ300910,buy,1000,1000,35.89629210281372,35896.29210281372,10.768887630844116,0.0,filled
2023-07-03,SZ301004,buy,8500,8500,25.772286609649655,219064.43618202207,65.71933085460661,0.0,filled
2023-08-01,SH603383,sell,1000,1000,48.336399913787844,48336.39991378784,14.500919974136352,48.336399913787844,filled
2023-08-01,SH603439,sell,1800,1800,16.74968824195862,30149.438835525514,9.044831650657654,30.149438835525515,filled
2023-08-01,SH688037,sell,1800,1800,102.1011505279541,183782.0709503174,55.134621285095214,183.7820709503174,filled
2023-08-01,SH688120,sell,2700,2700,64.08699478912354,173034.88593063355,51.91046577919006,173.03488593063355,filled
2023-08-01,SH688290,sell,3300,3300,59.64718702697754,196835.7171890259,59.05071515670776,196.8357171890259,filled
2023-08-01,SZ002022,sell,500,500,9.860899683952331,4930.449841976166,5.0,4.9304498419761655,filled
2023-08-01,SZ002518,sell,5700,5700,32.355193290710446,184424.60175704953,55.327380527114855,184.42460175704954,filled
2023-08-01,SZ002668,sell,800,800,7.894054601669311,6315.243681335449,5.0,6.315243681335449,filled
2023-08-01,SZ002728,sell,21400,21400,10.832310799598694,231811.45111141205,69.54343533342362,231.81145111141205,filled
2023-08-01,SZ002737,sell,200,200,20.3306088180542,4066.1217636108395,5.0,4.066121763610839,filled
2023-08-01,SZ002843,sell,10500,10500,17.890788431167604,187853.27852725983,56.35598355817794,187.85327852725982,filled
2023-08-01,SZ002847,sell,400,400,56.42048989105225,22568.1959564209,6.77045878692627,22.5681959564209,filled
2023-08-01,SZ300354,sell,4900,4900,39.76055746078491,194826.73155784607,58.44801946735382,194.82673155784607,filled
2023-08-01,SZ300487,sell,100,100,55.8500312576294,5585.00312576294,5.0,5.58500312576294,filled
2023-08-01,SZ300633,sell,4100,4100,44.54235382461548,182623.65068092349,54.787095204277044,182.62365068092348,filled
2023-08-01,SZ300693,sell,400,400,35.94254473114014,14377.017892456055,5.0,14.377017892456056,filled
2023-08-01,SZ300856,sell,300,300,24.70775804901123,7412.327414703369,5.0,7.412327414703369,filled
2023-08-01,SZ300910,sell,500,500,35.467853576660154,17733.926788330078,5.320178036499023,17.733926788330077,filled
2023-08-01,SH600129,buy,4100,4100,48.10563661956787,197233.11014022827,59.16993304206847,0.0,filled
2023-08-01,SH603283,buy,1800,1800,18.244032997131345,32839.25939483642,9.851777818450927,0.0,filled
2023-08-01,SH605266,buy,200,200,39.08497106552124,7816.994213104247,5.0,0.0,filled
2023-08-01,SH688278,buy,5900,5900,33.552615470886224,197960.43127822873,59.388129383468616,0.0,filled
2023-08-01,SZ000014,buy,13800,13800,14.411220706939696,198874.8457557678,59.662453726730334,0.0,filled
2023-08-01,SZ000663,buy,500,500,10.761486018180847,5380.743009090424,5.0,0.0,filled
2023-08-01,SZ002334,buy,500,500,11.072079962730406,5536.039981365203,5.0,0.0,filled
2023-08-01,SZ002832,buy,6300,6300,31.30704022979736,197234.35344772335,59.170306034317,0.0,filled
2023-08-01,SZ002835,buy,11900,11900,16.647236303329468,198102.11200962067,59.430633602886196,0.0,filled
2023-08-01,SZ002865,buy,400,400,106.54049320220946,42616.19728088378,12.784859184265134,0.0,filled
2023-08-01,SZ003031,buy,200,200,79.60356426239012,15920.712852478024,5.0,0.0,filled
2023-08-01,SZ300389,buy,1900,1900,15.17621757507324,28834.813392639157,8.650444017791747,0.0,filled
2023-08-01,SZ300494,buy,11900,11900,16.681383346557617,198508.46182403565,59.55253854721069,0.0,filled
2023-08-01,SZ300532,buy,24900,24900,7.993022841453551,199026.26875219343,59.70788062565802,0.0,filled
2023-08-01,SZ300882,buy,500,500,16.89329357719421,8446.646788597105,5.0,0.0,filled
2023-08-01,SZ300926,buy,12200,12200,16.272957216262817,198530.07803840638,59.55902341152191,0.0,filled
2023-09-01,SH600129,sell,4100,4100,42.62936699295044,174780.4046710968,52.43412140132904,87.3902023355484,filled
2023-09-01,SH600612,sell,3500,3500,56.793842056274414,198778.44719696045,59.63353415908813,99.38922359848023,filled
2023-09-01,SH603283,sell,10900,10900,23.150044555664063,252335.48565673828,75.70064569702147,126.16774282836914,filled
2023-09-01,SH603383,sell,4100,4100,49.65369625854492,203580.15466003417,61.074046398010246,101.79007733001708,filled
2023-09-01,SH603439,sell,11800,11800,14.645149303436279,172812.76178054808,51.84382853416442,86.40638089027405,filled
2023-09-01,SH603757,sell,8100,8100,23.63682382965088,191458.2730201721,57.43748190605163,95.72913651008606,filled
2023-09-01,SH605266,sell,5000,5000,37.457907886505126,187289.53943252563,56.18686182975769,93.64476971626281,filled
2023-09-01,SH688278,sell,5900,5900,32.99436213684082,194666.73660736083,58.40002098220825,97.33336830368042,filled
2023-09-01,SH688617,sell,100,100,168.95398480224608,16895.39848022461,5.068619544067382,8.447699240112305,filled
2023-09-01,SZ000663,sell,18500,18500,9.989157794952392,184799.41920661926,55.43982576198577,92.39970960330963,filled
2023-09-01,SZ002022,sell,20100,20100,8.82146717262268,177311.4901697159,53.19344705091476,88.65574508485795,filled
2023-09-01,SZ002334,sell,17900,17900,9.722104482650757,174025.67023944855,52.207701071834556,87.01283511972427,filled
2023-09-01,SZ002737,sell,9700,9700,21.317568334579466,206780.41284542083,62.03412385362624,103.39020642271042,filled
2023-09-01,SZ002832,sell,6300,6300,30.57013969230652,192591.88006153106,57.777564018459316,96.29594003076554,filled
2023-09-01,SZ002835,sell,11900,11900,16.42786301994324,195491.56993732453,58.64747098119735,97.74578496866226,filled
2023-09-01,SZ002865,sell,1800,1800,99.6107692565918,179299.38466186522,53.78981539855956,89.64969233093261,filled
2023-09-01,SZ003031,sell,2500,2500,70.77130567932129,176928.26419830322,53.07847925949096,88.46413209915161,filled
2023-09-01,SZ300389,sell,13100,13100,14.850418682098388,194540.4847354889,58.36214542064666,97.27024236774444,filled
2023-09-01,SZ300487,sell,3500,3500,58.68641399002075,205402.44896507263,61.62073468952178,102.70122448253632,filled
2023-09-01,SZ300494,sell,11900,11900,15.460403789520264,183978.80509529114,55.193641528587335,91.98940254764557,filled
2023-09-01,SZ300532,sell,24900,24900,8.669756890296936,215876.9465683937,64.76308397051811,107.93847328419686,filled
2023-09-01,SZ300910,sell,5600,5600,38.02617526245117,212946.58146972655,63.88397444091796,106.47329073486327,filled
2023-09-01,SZ300926,sell,300,300,16.383578659057616,4915.073597717284,5.0,2.457536798858642,filled
2023-09-01,SZ301004,sell,1800,1800,28.99053458404541,52182.96225128174,15.65488867538452,26.09148112564087,filled
2023-09-01,SH600225,buy,37600,37600,5.215107415676116,196088.03882942197,58.826411648826586,0.0,filled
2023-09-01,SH600845,buy,5100,5100,37.802149608612055,192790.96300392147,57.837288901176436,0.0,filled
2023-09-01,SH600976,buy,3100,3100,61.91725548553466,191943.49200515746,57.583047601547236,0.0,filled
2023-09-01,SH603198,buy,2800,2800,69.94357670593261,195842.01477661132,58.75260443298339,0.0,filled
2023-09-01,SH603699,buy,14800,14800,13.234404960632324,195869.1934173584,58.76075802520751,0.0,filled
2023-09-01,SH605598,buy,6500,6500,29.82400846290588,193856.05500888822,58.15681650266646,0.0,filled
2023-09-01,SH605599,buy,16700,16700,11.750106402397154,196226.77692003248,58.86803307600974,0.0,filled
2023-09-01,SH688016,buy,1800,1800,106.78052486419676,192204.94475555417,57.661483426666244,0.0,filled
2023-09-01,SH688036,buy,2100,2100,93.17712181854247,195671.9558189392,58.70158674568175,0.0,filled
2023-09-01,SZ000014,buy,100,100,14.06760808944702,1406.7608089447021,5.0,0.0,filled
2023-09-01,SZ002027,buy,29900,29900,6.5647752656936635,196286.78044424055,58.88603413327216,0.0,filled
2023-09-01,SZ002568,buy,6200,6200,31.47978780174255,195174.68437080382,58.55240531124114,0.0,filled
2023-09-01,SZ002605,buy,6900,6900,28.33082900047302,195482.72010326383,58.64481603097914,0.0,filled
2023-09-01,SZ002668,buy,500,500,7.665482818126677,3832.741409063339,5.0,0.0,filled
2023-09-01,SZ002728,buy,18200,18200,10.773870407104491,196084.44140930174,58.82533242279052,0.0,filled
2023-09-01,SZ002847,buy,300,300,50.84635066986083,15253.90520095825,5.0,0.0,filled
2023-09-01,SZ003006,buy,15000,15000,13.065906437873839,195988.59656810758,58.796578970432265,0.0,filled
2023-09-01,SZ300039,buy,30800,30800,6.360476284027099,195902.66954803464,58.77080086441039,0.0,filled
2023-09-01,SZ300394,buy,6500,6500,29.870857786178586,194160.5756101608,58.24817268304823,0.0,filled
2023-09-01,SZ300573,buy,4500,4500,43.258467174530026,194663.1022853851,58.398930685615525,0.0,filled
2023-09-01,SZ300693,buy,800,800,31.04686973571777,24837.495788574215,7.451248736572264,0.0,filled
2023-09-01,SZ300795,buy,11100,11100,17.62039171409607,195586.34802646638,58.67590440793991,0.0,filled
2023-09-01,SZ300820,buy,3200,3200,60.87923501205444,194813.55203857418,58.44406561157225,0.0,filled
2023-09-01,SZ300832,buy,3400,3400,57.39359801101684,195138.23323745726,58.54146997123717,0.0,filled
2023-09-01,SZ300856,buy,200,200,23.863173822402953,4772.63476448059,5.0,0.0,filled
2023-09-01,SZ300882,buy,700,700,15.813446078300474,11069.412254810331,5.0,0.0,filled
2023-09-01,SZ301153,buy,5400,5400,36.29965297698974,196018.1260757446,58.80543782272338,0.0,filled
2023-10-09,SH600225,sell,37600,37600,4.878751409053803,183441.05298042297,55.03231589412689,91.72052649021148,filled
2023-10-09,SH600845,sell,5100,5100,35.211602210998535,179579.17127609253,53.873751382827756,89.78958563804626,filled
2023-10-09,SH603699,sell,500,500,13.64877976512909,6824.389882564545,5.0,3.4121949412822725,filled
2023-10-09,SH605598,sell,100,100,30.321864503860475,3032.1864503860475,5.0,1.5160932251930237,filled
2023-10-09,SH605599,sell,900,900,12.319796396255493,11087.816756629943,5.0,5.543908378314972,filled
2023-10-09,SH688016,sell,1800,1800,118.26879695892335,212883.834526062,63.8651503578186,106.441917263031,filled
2023-10-09,SH688036,sell,100,100,93.14739047241211,9314.739047241212,5.0,4.657369523620606,filled
2023-10-09,SH688617,sell,100,100,179.58602705383302,17958.602705383302,5.38758081161499,8.979301352691651,filled
2023-10-09,SZ003006,sell,15000,15000,13.648793103218079,204731.89654827118,61.41956896448135,102.36594827413559,filled
2023-10-09,SZ300039,sell,900,900,6.536348610877991,5882.713749790192,5.0,2.9413568748950962,filled
2023-10-09,SZ300394,sell,500,500,32.372532806396485,16186.266403198242,5.0,8.093133201599121,filled
2023-10-09,SZ300573,sell,4500,4500,50.281192371368405,226265.36567115784,67.87960970134735,113.13268283557892,filled
2023-10-09,SZ300795,sell,11100,11100,16.37698392677307,181784.5215871811,54.53535647615433,90.89226079359055,filled
2023-10-09,SZ300820,sell,3200,3200,55.60729709243775,177943.3506958008,53.38300520874024,88.9716753479004,filled
2023-10-09,SZ300832,sell,200,200,59.49702682113647,11899.405364227294,5.0,5.949702682113647,filled
2023-10-09,SZ300856,sell,8200,8200,23.052973754882814,189034.38479003907,56.710315437011715,94.51719239501953,filled
2023-10-09,SZ300926,sell,3400,3400,22.950461013793944,78031.56744689941,23.409470234069822,39.01578372344971,filled
2023-10-09,SZ301004,sell,200,200,29.89911377334595,5979.82275466919,5.0,2.989911377334595,filled
2023-10-09,SH603198,buy,100,100,66.52248019409178,6652.248019409179,5.0,0.0,filled
2023-10-09,SH603283,buy,7700,7700,25.305582349777218,194852.98409328458,58.45589522798537,0.0,filled
2023-10-09,SH605499,buy,1900,1900,103.0051009902954,195709.69188156127,58.712907564468374,0.0,filled
2023-10-09,SH688697,buy,18800,18800,10.371311420440673,194980.65470428465,58.49419641128539,0.0,filled
2023-10-09,SZ000014,buy,2500,2500,11.87484191417694,29687.104785442352,8.906131435632705,0.0,filled
2023-10-09,SZ000090,buy,35600,35600,5.4921967816352835,195522.2054262161,58.65666162786482,0.0,filled
2023-10-09,SZ002027,buy,2100,2100,6.111676841259002,12834.521366643905,5.0,0.0,filled
2023-10-09,SZ002568,buy,700,700,28.068947813034054,19648.263469123838,5.894479040737151,0.0,filled
2023-10-09,SZ002605,buy,1100,1100,24.37727918052673,26815.007098579405,8.044502129573821,0.0,filled
2023-10-09,SZ002668,buy,1000,1000,7.352112815380096,7352.1128153800955,5.0,0.0,filled
2023-10-09,SZ002728,buy,600,600,10.368967808723449,6221.3806852340695,5.0,0.0,filled
2023-10-09,SZ002847,buy,100,100,49.52324773025512,4952.3247730255125,5.0,0.0,filled
2023-10-09,SZ300092,buy,15200,15200,12.804234313964843,194624.3615722656,58.387308471679674,0.0,filled
2023-10-09,SZ300514,buy,14400,14400,13.581085752487182,195567.6348358154,58.670290450744616,0.0,filled
2023-10-09,SZ300532,buy,23300,23300,8.373991961479186,195114.01270246503,58.534203810739506,0.0,filled
2023-10-09,SZ300693,buy,200,200,29.954803953170774,5990.960790634155,5.0,0.0,filled
2023-10-09,SZ300882,buy,300,300,15.31959792613983,4595.879377841949,5.0,0.0,filled
2023-10-09,SZ301153,buy,400,400,33.23382318115234,13293.529272460935,5.0,0.0,filled
2023-10-09,SZ301289,buy,3900,3900,50.1629515838623,195635.511177063,58.69065335311889,0.0,filled
2023-11-01,SH600976,sell,3100,3100,58.09987343215943,180109.60763969424,54.032882291908265,90.05480381984712,filled
2023-11-01,SH603198,sell,300,300,72.25726787567139,21677.180362701416,6.503154108810424,10.838590181350709,filled
2023-11-01,SH603283,sell,1200,1200,28.903913223266603,34684.69586791992,10.405408760375977,17.342347933959964,filled
2023-11-01,SH605499,sell,200,200,110.57043308258056,22114.086616516113,6.634225984954833,11.057043308258057,filled
2023-11-01,SH605598,sell,6400,6400,26.466247890472413,169383.98649902345,50.81519594970703,84.69199324951173,filled
2023-11-01,SH605599,sell,100,100,11.980533528327943,1198.0533528327942,5.0,0.5990266764163971,filled
2023-11-01,SH688617,sell,1000,1000,167.1536781463623,167153.6781463623,50.146103443908686,83.57683907318115,filled
2023-11-01,SH688697,sell,18800,18800,9.425581615447998,177200.93437042236,53.160280311126705,88.60046718521119,filled
2023-11-01,SZ000014,sell,16400,16400,10.895033163070678,178678.54387435914,53.603563162307736,89.33927193717957,filled
2023-11-01,SZ000090,sell,35600,35600,4.581449216365814,163099.592102623,48.92987763078689,81.5497960513115,filled
2023-11-01,SZ002027,sell,32000,32000,5.911793070316315,189177.37825012207,56.75321347503662,94.58868912506104,filled
2023-11-01,SZ002568,sell,6900,6900,26.11682806777954,180206.11366767882,54.06183410030364,90.1030568338394,filled
2023-11-01,SZ002728,sell,18800,18800,11.623589118003846,218523.4754184723,65.55704262554168,109.26173770923616,filled
2023-11-01,SZ002847,sell,400,400,52.47911127090454,20991.644508361816,6.297493352508544,10.495822254180908,filled
2023-11-01,SZ300039,sell,29900,29900,6.602371675014496,197410.91308293343,59.223273924880026,98.70545654146672,filled
2023-11-01,SZ300092,sell,15200,15200,12.372176977157594,188057.09005279542,56.41712701583862,94.02854502639771,filled
2023-11-01,SZ300514,sell,14400,14400,14.318805327415467,206190.79671478271,61.85723901443481,103.09539835739136,filled
2023-11-01,SZ300693,sell,6500,6500,25.770706563949584,167509.5926656723,50.252877799701686,83.75479633283615,filled
2023-11-01,SZ300832,sell,3200,3200,63.7207804069519,203906.49730224608,61.171949190673814,101.95324865112305,filled
2023-11-01,SZ300882,sell,500,500,15.367923196792603,7683.961598396301,5.0,3.8419807991981507,filled
2023-11-01,SZ301153,sell,100,100,32.69662931442261,3269.6629314422607,5.0,1.6348314657211305,filled
2023-11-01,SZ301289,sell,3900,3900,45.500577381134036,177452.25178642274,53.235675535926816,88.72612589321137,filled
2023-11-01,SH600845,buy,5600,5600,33.6756746559143,188583.77807312008,56.575133421936016,0.0,filled
2023-11-01,SH601899,buy,16200,16200,11.623054008483885,188293.47493743894,56.48804248123167,0.0,filled
2023-11-01,SH603298,buy,12800,12800,14.701486803054808,188179.03107910155,56.45370932373046,0.0,filled
2023-11-01,SH603338,buy,3600,3600,51.39185947036743,185010.69409332273,55.503208227996815,0.0,filled
2023-11-01,SH603369,buy,3300,3300,55.73102553939819,183912.38428001403,55.1737152840042,0.0,filled
2023-11-01,SH603979,buy,5300,5300,35.163550205230706,186366.81608772275,55.91004482631682,0.0,filled
2023-11-01,SH688036,buy,200,200,85.35934481048584,17071.868962097167,5.12156068862915,0.0,filled
2023-11-01,SH688169,buy,1200,1200,156.17782661437985,187413.39193725583,56.224017581176746,0.0,filled
2023-11-01,SH688698,buy,5600,5600,33.68761896133422,188650.66618347165,56.59519985504149,0.0,filled
2023-11-01,SZ000921,buy,8600,8600,21.721085983276364,186801.33945617673,56.040401836853015,0.0,filled
2023-11-01,SZ001269,buy,4600,4600,40.833364593505856,187833.47713012694,56.35004313903808,0.0,filled
2023-11-01,SZ002517,buy,18200,18200,10.359706962585449,188546.66671905518,56.56400001571655,0.0,filled
2023-11-01,SZ002555,buy,10600,10600,17.68883472251892,187501.64805870055,56.25049441761016,0.0,filled
2023-11-01,SZ002605,buy,1000,1000,20.90973810768127,20909.73810768127,6.272921432304381,0.0,filled
2023-11-01,SZ002668,buy,300,300,7.009229056358337,2102.768716907501,5.0,0.0,filled
2023-11-01,SZ300389,buy,12800,12800,14.688647056579589,188014.68232421874,56.40440469726562,0.0,filled
2023-11-01,SZ300394,buy,1500,1500,25.132962697982784,37699.444046974175,11.30983321409225,0.0,filled
2023-11-01,SZ300532,buy,2600,2600,7.281906131744384,18932.9559425354,5.679886782760619,0.0,filled
2023-11-01,SZ300782,buy,1200,1200,150.8077768707275,180969.33224487302,54.2907996734619,0.0,filled
2023-11-01,SZ300866,buy,2800,2800,67.02659250640869,187674.45901794432,56.30233770538329,0.0,filled
2023-11-01,SZ300926,buy,300,300,21.27009108161926,6381.027324485778,5.0,0.0,filled
2023-11-01,SZ301004,buy,100,100,28.441888511657712,2844.188851165771,5.0,0.0,filled
2023-12-01,SH600845,sell,5600,5600,32.854262660980226,183983.87090148925,55.19516127044677,91.99193545074463,filled
2023-12-01,SH601899,sell,16200,16200,11.44118884563446,185347.25929927826,55.60417778978347,92.67362964963912,filled
2023-12-01,SH603283,sell,2000,2000,41.848814403533936,83697.62880706787,25.109288642120358,41.848814403533936,filled
2023-12-01,SH603298,sell,12800,12800,14.85072069454193,190089.2248901367,57.02676746704101,95.04461244506835,filled
2023-12-01,SH603338,sell,3600,3600,45.21418955612182,162771.08240203856,48.83132472061156,81.38554120101928,filled
2023-12-01,SH603979,sell,5300,5300,34.16206990814209,181058.97051315306,54.317691153945916,90.52948525657654,filled
2023-12-01,SH605499,sell,1700,1700,110.76882000732422,188306.99401245118,56.492098203735345,94.15349700622559,filled
2023-12-01,SH605599,sell,15700,15700,11.708886197090148,183829.51329431531,55.14885398829459,91.91475664715766,filled
2023-12-01,SH688698,sell,700,700,37.78982813644409,26452.879695510866,7.93586390865326,13.226439847755433,filled
2023-12-01,SZ001269,sell,4600,4600,39.33282781219482,180931.00793609617,54.279302380828845,90.46550396804808,filled
2023-12-01,SZ002517,sell,1300,1300,11.1601010055542,14508.13130722046,5.0,7.25406565361023,filled
2023-12-01,SZ002555,sell,10600,10600,19.008108713150026,201485.95235939027,60.44578570781707,100.74297617969513,filled
2023-12-01,SZ002605,sell,300,300,21.51797502708435,6455.3925081253055,5.0,3.227696254062653,filled
2023-12-01,SZ002668,sell,100,100,7.033555412292481,703.355541229248,5.0,0.351677770614624,filled
2023-12-01,SZ300394,sell,300,300,26.071350900650025,7821.405270195008,5.0,3.910702635097504,filled
2023-12-01,SZ300532,sell,25900,25900,7.213040835857392,186817.75764870644,56.04532729461192,93.40887882435322,filled
2023-12-01,SZ300782,sell,1200,1200,138.30837629699707,165970.05155639647,49.791015466918935,82.98502577819824,filled
2023-12-01,SZ300882,sell,600,600,16.204537679672242,9722.722607803345,5.0,4.861361303901673,filled
2023-12-01,SZ301004,sell,400,400,30.358727170944213,12143.490868377685,5.0,6.071745434188842,filled
2023-12-01,SZ301153,sell,5700,5700,34.8756195602417,198791.0314933777,59.637309448013305,99.39551574668884,filled
2023-12-01,SH600769,buy,20800,20800,9.05803637599945,188407.15662078856,56.522146986236564,0.0,filled
2023-12-01,SH603163,buy,5700,5700,32.85481295776367,187272.43385925292,56.181730157775874,0.0,filled
2023-12-01,SH603198,buy,100,100,67.69720721435546,6769.720721435546,5.0,0.0,filled
2023-12-01,SH603369,buy,500,500,49.053376014709464,24526.688007354733,7.358006402206419,0.0,filled
2023-12-01,SH603699,buy,1100,1100,12.220982386589048,13443.080625247952,5.0,0.0,filled
2023-12-01,SH688036,buy,300,300,72.76032496643066,21828.097489929198,6.548429246978759,0.0,filled
2023-12-01,SH688300,buy,4500,4500,41.99070211029052,188958.15949630734,56.6874478488922,0.0,filled
2023-12-01,SH688310,buy,7400,7400,25.462773303985593,188424.52244949338,56.527356734848006,0.0,filled
2023-12-01,SZ000568,buy,1000,1000,186.70602023315428,186706.02023315427,56.011806069946275,0.0,filled
2023-12-01,SZ000625,buy,9800,9800,19.1297807598114,187471.8514461517,56.241555433845505,0.0,filled
2023-12-01,SZ000921,buy,700,700,20.240377780914304,14168.264446640012,5.0,0.0,filled
2023-12-01,SZ002615,buy,27200,27200,6.947467966556548,188971.1286903381,56.69133860710143,0.0,filled
2023-12-01,SZ002832,buy,6300,6300,29.997275352478024,188982.83472061154,56.694850416183456,0.0,filled
2023-12-01,SZ002920,buy,1500,1500,125.49153896331785,188237.30844497678,56.47119253349303,0.0,filled
2023-12-01,SZ300832,buy,2800,2800,66.13684867095947,185183.1762786865,55.55495288360594,0.0,filled
2023-12-01,SZ300856,buy,8700,8700,21.668039215087887,188511.94117126463,56.55358235137938,0.0,filled
2023-12-01,SZ300866,buy,100,100,63.87493401718139,6387.493401718139,5.0,0.0,filled
2023-12-01,SZ300926,buy,200,200,20.95549724578857,4191.099449157714,5.0,0.0,filled
2023-12-01,SZ301015,buy,5200,5200,36.32672240829467,188898.95652313228,56.66968695693968,0.0,filled
2024-01-02,SH600769,sell,20800,20800,10.309351006507873,214434.50093536376,64.33035028060912,107.21725046768188,filled
2024-01-02,SH603163,sell,5700,5700,30.825034383773804,175702.6959875107,52.710808796253204,87.85134799375535,filled
2024-01-02,SH603198,sell,2700,2700,59.70234574127197,161196.3335014343,48.358900050430286,80.59816675071716,filled
2024-01-02,SH603369,sell,3800,3800,44.524842819213866,169194.40271301268,50.7583208139038,84.59720135650635,filled
2024-01-02,SH603699,sell,15400,15400,12.407422877311706,191074.31231060027,57.32229369318008,95.53715615530014,filled
2024-01-02,SH688036,sell,500,500,90.46709005737304,45233.54502868652,13.570063508605957,22.61677251434326,filled
2024-01-02,SZ000568,sell,1000,1000,161.43590615844727,161435.90615844727,48.430771847534174,80.71795307922363,filled
2024-01-02,SZ000921,sell,9300,9300,18.671358169555663,173643.63097686766,52.093089293060295,86.82181548843383,filled
2024-01-02,SZ002517,sell,100,100,10.918521537780762,1091.8521537780762,5.0,0.545926076889038,filled
2024-01-02,SZ002615,sell,27200,27200,6.943438995838165,188861.5406867981,56.658462206039424,94.43077034339906,filled
2024-01-02,SZ002832,sell,6300,6300,28.04470020675659,176681.6113025665,53.00448339076995,88.34080565128326,filled
2024-01-02,SZ002920,sell,1500,1500,125.34681774902344,188020.22662353516,56.406067987060545,94.01011331176758,filled
2024-01-02,SZ300389,sell,1700,1700,16.449857528686522,27964.75779876709,8.389427339630126,13.982378899383544,filled
2024-01-02,SZ300394,sell,1600,1600,32.31814770126343,51709.036322021486,15.512710896606444,25.854518161010745,filled
2024-01-02,SZ300832,sell,300,300,73.63782106018067,22091.346318054202,6.62740389541626,11.045673159027102,filled
2024-01-02,SZ300866,sell,100,100,64.11421211242676,6411.421211242676,5.0,3.205710605621338,filled
2024-01-02,SZ300882,sell,700,700,16.782747648239134,11747.923353767394,5.0,5.873961676883697,filled
2024-01-02,SZ301004,sell,200,200,30.231291257858278,6046.258251571656,5.0,3.023129125785828,filled
2024-01-02,SH600215,buy,21900,21900,8.409924159049988,184177.33908319473,55.253201724958416,0.0,filled
2024-01-02,SH603283,buy,200,200,39.10212382125854,7820.4247642517075,5.0,0.0,filled
2024-01-02,SH688169,buy,100,100,140.4227226257324,14042.27226257324,5.0,0.0,filled
2024-01-02,SH688278,buy,3500,3500,51.68134086227416,180884.69301795957,54.26540790538787,0.0,filled
2024-01-02,SH688300,buy,100,100,39.65156950759887,3965.156950759887,5.0,0.0,filled
2024-01-02,SH688310,buy,1500,1500,20.613087459564206,30919.63118934631,9.275889356803892,0.0,filled
2024-01-02,SH688617,buy,1000,1000,182.28416810607908,182284.16810607907,54.68525043182372,0.0,filled
2024-01-02,SH688698,buy,300,300,35.11618156433105,10534.854469299315,5.0,0.0,filled
2024-01-02,SZ000625,buy,1900,1900,15.666509737968443,29766.36850214004,8.929910550642012,0.0,filled
2024-01-02,SZ002555,buy,11100,11100,16.486958082199095,183005.23471240996,54.901570413722986,0.0,filled
2024-01-02,SZ002605,buy,200,200,20.58759889221191,4117.519778442383,5.0,0.0,filled
2024-01-02,SZ002668,buy,1600,1600,6.479327946186065,10366.924713897704,5.0,0.0,filled
2024-01-02,SZ002833,buy,11700,11700,15.67584504508972,183407.3870275497,55.02221610826491,0.0,filled
2024-01-02,SZ002847,buy,500,500,45.81633559799194,22908.167798995968,6.87245033969879,0.0,filled
2024-01-02,SZ300354,buy,3700,3700,49.30442026519775,182426.35498123168,54.7279064943695,0.0,filled
2024-01-02,SZ300638,buy,10200,10200,18.02443992042541,183849.2871883392,55.15478615650175,0.0,filled
2024-01-02,SZ300856,buy,100,100,20.93455652618408,2093.455652618408,5.0,0.0,filled
2024-01-02,SZ300857,buy,6900,6900,26.65761051750183,183937.51257076263,55.18125377122878,0.0,filled
2024-01-02,SZ300926,buy,200,200,20.02136320877075,4004.2726417541503,5.0,0.0,filled
2024-01-02,SZ300969,buy,4000,4000,45.40932422637939,181637.29690551755,54.49118907165526,0.0,filled
2024-01-02,SZ301015,buy,500,500,32.223662570953366,16111.831285476683,5.0,0.0,filled
2024-01-02,SZ301153,buy,4300,4300,42.36387001037597,182164.64104461667,54.64939231338499,0.0,filled
2024-02-01,SH600215,sell,700,700,7.3700453867912294,5159.031770753861,5.0,2.57951588537693,filled
2024-02-01,SH688036,sell,300,300,89.65388582611084,26896.165747833253,8.068849724349976,13.448082873916627,filled
2024-02-01,SH688169,sell,200,200,142.07339108276366,28414.678216552733,8.524403464965818,14.207339108276367,filled
2024-02-01,SH688278,sell,300,300,48.13050936126709,14439.152808380126,5.0,7.219576404190063,filled
2024-02-01,SH688617,sell,1000,1000,181.21053007507325,181210.53007507324,54.36315902252197,90.60526503753663,filled
2024-02-01,SH688698,sell,5200,5200,24.787676067352294,128895.91555023193,38.66877466506958,64.44795777511597,filled
2024-02-01,SZ000625,sell,11700,11700,11.955479833602904,139879.114053154,41.96373421594619,69.93955702657699,filled
2024-02-01,SZ002555,sell,11100,11100,14.028960079193116,155721.45687904357,46.716437063713066,77.8607284395218,filled
2024-02-01,SZ002605,sell,400,400,18.345179014205932,7338.071605682373,5.0,3.6690358028411865,filled
2024-02-01,SZ002668,sell,28400,28400,5.9279640741348265,168354.17970542907,50.50625391162872,84.17708985271453,filled
2024-02-01,SZ002833,sell,11700,11700,14.143710516929627,165481.41304807662,49.64442391442298,82.74070652403832,filled
2024-02-01,SZ002847,sell,4000,4000,40.76538048934937,163061.52195739746,48.91845658721923,81.53076097869874,filled
2024-02-01,SZ300354,sell,3700,3700,34.93390700912476,129255.45593376161,38.77663678012848,64.62772796688081,filled
2024-02-01,SZ300394,sell,500,500,30.165826011657714,15082.913005828857,5.0,7.5414565029144285,filled
2024-02-01,SZ300638,sell,10200,10200,13.167787316322327,134311.43062648774,40.293429187946316,67.15571531324387,filled
2024-02-01,SZ300832,sell,100,100,64.73748957824706,6473.748957824707,5.0,3.2368744789123536,filled
2024-02-01,SZ300856,sell,8800,8800,19.94788188171387,175541.36055908204,52.66240816772461,87.77068027954103,filled
2024-02-01,SZ300969,sell,4000,4000,36.19397151947022,144775.88607788086,43.43276582336426,72.38794303894043,filled
2024-02-01,SZ301004,sell,1700,1700,35.63722063064575,60583.27507209778,18.17498252162933,30.29163753604889,filled
2024-02-01,SH600769,buy,22200,22200,7.036633084774016,156213.25448198317,46.863976344594946,0.0,filled
2024-02-01,SH603163,buy,6000,6000,26.140538175582883,156843.22905349729,47.05296871604918,0.0,filled
2024-02-01,SH603283,buy,100,100,32.40621799087524,3240.6217990875243,5.0,0.0,filled
2024-02-01,SH603300,buy,28000,28000,5.5889220762252805,156489.81813430786,46.94694544029235,0.0,filled
2024-02-01,SH603699,buy,14500,14500,10.808132005691528,156717.91408252716,47.01537422475814,0.0,filled
2024-02-01,SH605577,buy,7300,7300,21.316132789611814,155607.76936416625,46.68233080924987,0.0,filled
2024-02-01,SH688300,buy,1200,1200,26.704543848037716,32045.45261764526,9.613635785293576,0.0,filled
2024-02-01,SH688310,buy,1500,1500,14.967476709365844,22451.215064048767,6.735364519214629,0.0,filled
2024-02-01,SH688410,buy,14000,14000,11.151752260208129,156124.53164291382,46.83735949287414,0.0,filled
2024-02-01,SH688475,buy,5900,5900,26.39227739524841,155714.43663196563,46.71433098958968,0.0,filled
2024-02-01,SZ002517,buy,300,300,9.14972743988037,2744.9182319641113,5.0,0.0,filled
2024-02-01,SZ002878,buy,11200,11200,13.94725336551666,156209.2376937866,46.862771308135976,0.0,filled
2024-02-01,SZ300280,buy,4900,4900,31.382440567016598,153773.95877838132,46.13218763351439,0.0,filled
2024-02-01,SZ300389,buy,1400,1400,12.504534584045409,17506.348417663572,5.2519045252990715,0.0,filled
2024-02-01,SZ300857,buy,900,900,20.0671891708374,18060.470253753658,5.418141076126097,0.0,filled
2024-02-01,SZ300866,buy,300,300,49.43247024536132,14829.741073608397,5.0,0.0,filled
2024-02-01,SZ300882,buy,2300,2300,11.865298498153685,27290.186545753473,8.187055963726042,0.0,filled
2024-02-01,SZ300926,buy,1300,1300,14.934599321365354,19414.97911777496,5.824493735332488,0.0,filled
2024-02-01,SZ301015,buy,200,200,26.538597045898435,5307.719409179687,5.0,0.0,filled
2024-02-01,SZ301061,buy,7400,7400,21.041986541748045,155710.70040893555,46.71321012268066,0.0,filled
2024-02-01,SZ301153,buy,900,900,30.041843114852902,27037.658803367613,8.111297641010283,0.0,filled
2024-02-01,SZ301280,buy,11100,11100,14.039614578247068,155839.72181854246,46.751916545562736,0.0,filled
2024-03-01,SH600769,sell,22200,22200,7.431755008220673,164984.96118249893,49.495488354749675,82.49248059124946,filled
2024-03-01,SH603300,sell,28000,28000,6.183543295383453,173139.2122707367,51.941763681221005,86.56960613536835,filled
2024-03-01,SH603699,sell,2000,2000,14.632705819129944,29265.411638259888,8.779623491477965,14.632705819129944,filled
2024-03-01,SH688278,sell,100,100,57.26923060226441,5726.923060226441,5.0,2.8634615301132205,filled
2024-03-01,SH688300,sell,5800,5800,33.320165920257566,193256.96233749387,57.97708870124816,96.62848116874693,filled
2024-03-01,SH688310,sell,10400,10400,17.694276460647583,184020.47519073487,55.20614255722045,92.01023759536744,filled
2024-03-01,SH688475,sell,300,300,32.310019088745115,9693.005726623534,5.0,4.846502863311767,filled
2024-03-01,SZ002517,sell,1900,1900,12.029548147201538,22856.141479682923,6.856842443904877,11.428070739841461,filled
2024-03-01,SZ002605,sell,1400,1400,25.499230722427367,35698.923011398314,10.709676903419494,17.849461505699157,filled
2024-03-01,SZ002878,sell,11200,11200,13.688252886772156,153308.43233184816,45.992529699554446,76.65421616592408,filled
2024-03-01,SZ300280,sell,4900,4900,40.17397724533081,196852.48850212098,59.055746550636286,98.4262442510605,filled
2024-03-01,SZ300389,sell,1200,1200,16.069117967605592,19282.94156112671,5.7848824683380125,9.641470780563356,filled
2024-03-01,SZ300394,sell,1300,1300,48.023663646698,62430.762740707396,18.729228822212217,31.2153813703537,filled
2024-03-01,SZ300857,sell,7800,7800,23.942245107650756,186749.5118396759,56.024853551902766,93.37475591983795,filled
2024-03-01,SZ300866,sell,100,100,59.40379357910156,5940.379357910156,5.0,2.970189678955078,filled
2024-03-01,SZ300882,sell,13200,13200,13.180727168083191,173985.59861869813,52.19567958560943,86.99279930934907,filled
2024-03-01,SZ300926,sell,1200,1200,19.555458154678345,23466.549785614014,7.039964935684203,11.733274892807007,filled
2024-03-01,SZ301061,sell,7400,7400,22.033343542099,163046.7422115326,48.914022663459775,81.5233711057663,filled
2024-03-01,SZ301153,sell,5200,5200,34.885806049346925,181406.19145660402,54.4218574369812,90.70309572830202,filled
2024-03-01,SZ301280,sell,11100,11100,16.448203605651855,182575.0600227356,54.772518006820675,91.28753001136779,filled
2024-03-01,SH600215,buy,1800,1800,7.95828536081314,14324.913649463653,5.0,0.0,filled
2024-03-01,SH600612,buy,2900,2900,61.56790364456176,178546.9205692291,53.56407617076873,0.0,filled
2024-03-01,SH603163,buy,400,400,28.489274335861204,11395.709734344482,5.0,0.0,filled
2024-03-01,SH603283,buy,300,300,35.82056719207763,10746.17015762329,5.0,0.0,filled
2024-03-01,SH605577,buy,1900,1900,19.910760009765625,37830.444018554685,11.349133205566405,0.0,filled
2024-03-01,SH605599,buy,16900,16900,10.837230976104735,183149.20349617003,54.94476104885101,0.0,filled
2024-03-01,SH688410,buy,1300,1300,11.983839428901671,15578.991257572172,5.0,0.0,filled
2024-03-01,SH688617,buy,800,800,214.70334994506834,171762.67995605466,51.52880398681639,0.0,filled
2024-03-01,SH688698,buy,5800,5800,31.125051858901973,180525.30078163143,54.157590234489426,0.0,filled
2024-03-01,SZ000921,buy,6700,6700,27.093388648986814,181525.70394821165,54.45771118446349,0.0,filled
2024-03-01,SZ002318,buy,9100,9100,20.09031598854065,182821.8754957199,54.84656264871597,0.0,filled
2024-03-01,SZ002668,buy,28000,28000,6.528814906597137,182806.81738471982,54.84204521541594,0.0,filled
2024-03-01,SZ002737,buy,7500,7500,24.199642004013057,181497.31503009793,54.449194509029375,0.0,filled
2024-03-01,SZ002833,buy,11000,11000,16.558958034515378,182148.53837966916,54.64456151390074,0.0,filled
2024-03-01,SZ300729,buy,10900,10900,16.788040113449096,182989.63723659515,54.89689117097854,0.0,filled
2024-03-01,SZ300856,buy,8300,8300,21.979580150604246,182430.51525001525,54.72915457500457,0.0,filled
2024-03-01,SZ301004,buy,500,500,37.654590850830076,18827.29542541504,5.648188627624511,0.0,filled
2024-04-01,SH600215,sell,23000,23000,8.965400396347047,206204.20911598208,61.86126273479462,103.10210455799104,filled
2024-04-01,SH600612,sell,2900,2900,76.01388347625732,220440.26208114624,66.13207862434386,110.22013104057312,filled
2024-04-01,SH603163,sell,6400,6400,25.920272272109987,165889.74254150392,49.76692276245117,82.94487127075196,filled
2024-04-01,SH603283,sell,600,600,40.7935962638855,24476.157758331297,7.342847327499388,12.238078879165649,filled
2024-04-01,SH603699,sell,12500,12500,15.063473693847657,188293.4211730957,56.4880263519287,94.14671058654785,filled
2024-04-01,SH605577,sell,9200,9200,20.036235288619995,184333.36465530394,55.30000939659118,92.16668232765197,filled
2024-04-01,SH605599,sell,16900,16900,12.733682061195374,215199.2268342018,64.55976805026053,107.59961341710091,filled
2024-04-01,SH688036,sell,100,100,110.20882605743408,11020.882605743409,5.0,5.510441302871705,filled
2024-04-01,SH688169,sell,100,100,171.22488972473144,17122.488972473144,5.136746691741942,8.561244486236571,filled
2024-04-01,SH688278,sell,100,100,60.4710922164917,6047.10922164917,5.0,3.023554610824585,filled
2024-04-01,SH688410,sell,15300,15300,11.659693419456483,178393.30931768418,53.51799279530525,89.19665465884209,filled
2024-04-01,SZ000921,sell,6700,6700,28.058036390304565,187988.8438150406,56.39665314451217,93.9944219075203,filled
2024-04-01,SZ002605,sell,7100,7100,21.316112577438354,151344.3992998123,45.40331978994369,75.67219964990615,filled
2024-04-01,SZ002668,sell,28000,28000,7.7374816331863405,216649.48572921753,64.99484571876525,108.32474286460877,filled
2024-04-01,SZ002737,sell,7500,7500,24.757916885375977,185684.37664031982,55.70531299209594,92.84218832015992,filled
2024-04-01,SZ002833,sell,11000,11000,17.152416595458984,188676.58255004883,56.60297476501464,94.33829127502442,filled
2024-04-01,SZ300394,sell,400,400,54.44118608093262,21776.47443237305,6.532942329711914,10.888237216186525,filled
2024-04-01,SZ300729,sell,10900,10900,17.12625107574463,186676.13672561647,56.002841017684936,93.33806836280823,filled
2024-04-01,SZ300832,sell,2400,2400,62.170056072235106,149208.13457336425,44.76244037200927,74.60406728668212,filled
2024-04-01,SZ300856,sell,1200,1200,26.328453998565674,31594.14479827881,9.478243439483641,15.797072399139404,filled
2024-04-01,SZ301004,sell,700,700,44.956032749176025,31469.22292442322,9.440766877326965,15.73461146221161,filled
2024-04-01,SH600660,buy,4700,4700,39.50546178436279,185675.6703865051,55.70270111595153,0.0,filled
2024-04-01,SH600750,buy,8700,8700,21.49688205337524,187022.8738643646,56.10686215930938,0.0,filled
2024-04-01,SH603179,buy,6200,6200,30.089076198577878,186552.27243118285,55.96568172935485,0.0,filled
2024-04-01,SH603505,buy,8800,8800,21.230537025451657,186828.7258239746,56.048617747192374,0.0,filled
2024-04-01,SH603993,buy,23400,23400,7.995335427761077,187090.8490096092,56.12725470288275,0.0,filled
2024-04-01,SH688188,buy,1900,1900,97.12871656036376,184544.56146469113,55.36336843940733,0.0,filled
2024-04-01,SH688475,buy,400,400,30.880854200363157,12352.341680145262,5.0,0.0,filled
2024-04-01,SH688617,buy,100,100,201.5002796936035,20150.027969360348,6.045008390808104,0.0,filled
2024-04-01,SH688698,buy,1200,1200,26.584121345520018,31900.945614624023,9.570283684387206,0.0,filled
2024-04-01,SZ000429,buy,20400,20400,9.167383284568785,187014.61900520322,56.10438570156096,0.0,filled
2024-04-01,SZ000625,buy,11900,11900,15.741428942680358,187323.00441789627,56.19690132536888,0.0,filled
2024-04-01,SZ002318,buy,100,100,20.227469301223753,2022.7469301223753,5.0,0.0,filled
2024-04-01,SZ002517,buy,2300,2300,10.70774046230316,24627.80306329727,7.38834091898918,0.0,filled
2024-04-01,SZ300389,buy,400,400,15.900720078468321,6360.288031387328,5.0,0.0,filled
2024-04-01,SZ300514,buy,13000,13000,14.420528329849242,187466.86828804016,56.24006048641204,0.0,filled
2024-04-01,SZ300795,buy,9800,9800,19.085022071838377,187033.2163040161,56.109964891204825,0.0,filled
2024-04-01,SZ300857,buy,6000,6000,31.125137775421138,186750.82665252683,56.02524799575804,0.0,filled
2024-04-01,SZ300866,buy,300,300,56.30646383666991,16891.939151000974,5.067581745300291,0.0,filled
2024-04-01,SZ300926,buy,900,900,18.263673513412474,16437.306162071225,5.0,0.0,filled
2024-04-01,SZ300969,buy,4500,4500,40.80362602233886,183616.31710052487,55.084895130157456,0.0,filled
2024-04-01,SZ301015,buy,200,200,30.570153337478633,6114.030667495726,5.0,0.0,filled
2024-04-01,SZ301061,buy,7200,7200,25.965759155273435,186953.46591796874,56.08603977539062,0.0,filled
2024-04-01,SZ301391,buy,2200,2200,84.76611606597899,186485.45534515378,55.94563660354613,0.0,filled
2024-05-06,SH600660,sell,4700,4700,45.52019580459595,213944.92028160096,64.18347608448029,106.97246014080048,filled
2024-05-06,SH600750,sell,8700,8700,23.095571800231934,200931.47466201783,60.27944239860535,100.46573733100892,filled
2024-05-06,SH603179,sell,6200,6200,33.23705438232422,206069.73717041014,61.82092115112304,103.03486858520507,filled
2024-05-06,SH603283,sell,4500,4500,36.87921012496948,165956.44556236267,49.7869336687088,82.97822278118134,filled
2024-05-06,SH603505,sell,400,400,23.206624729156495,9282.649891662599,5.0,4.6413249458312995,filled
2024-05-06,SH603993,sell,23400,23400,8.243093336105346,192888.3840648651,57.86651521945952,96.44419203243255,filled
2024-05-06,SH688169,sell,100,100,216.38802488708495,21638.802488708494,6.491640746612547,10.819401244354248,filled
2024-05-06,SH688188,sell,1900,1900,114.55654765319824,217657.44054107665,65.29723216232298,108.82872027053833,filled
2024-05-06,SH688475,sell,6000,6000,35.236533004760744,211419.19802856445,63.42575940856933,105.70959901428223,filled
2024-05-06,SH688617,sell,900,900,238.68437077331544,214815.9336959839,64.44478010879516,107.40796684799196,filled
2024-05-06,SH688698,sell,7000,7000,28.256486194610595,197795.40336227417,59.338621008682246,98.8977016811371,filled
2024-05-06,SZ000429,sell,20400,20400,9.303671482086182,189794.89823455812,56.93846947036743,94.89744911727907,filled
2024-05-06,SZ000625,sell,11900,11900,13.748900224685668,163611.91267375945,49.08357380212783,81.80595633687973,filled
2024-05-06,SZ002318,sell,700,700,22.927626205444337,16049.338343811036,5.0,8.024669171905519,filled
2024-05-06,SZ002517,sell,17500,17500,11.585526975631714,202746.722073555,60.824016622066495,101.3733610367775,filled
2024-05-06,SZ300389,sell,11700,11700,13.62118992805481,159367.92215824127,47.810376647472374,79.68396107912064,filled
2024-05-06,SZ300394,sell,100,100,58.400559688568116,5840.055968856812,5.0,2.920027984428406,filled
2024-05-06,SZ300514,sell,13000,13000,13.649070344924926,177437.91448402405,53.23137434520721,88.71895724201202,filled
2024-05-06,SZ300795,sell,9800,9800,15.974181261062622,156546.9763584137,46.964092907524105,78.27348817920685,filled
2024-05-06,SZ300866,sell,3300,3300,62.80377154541016,207252.44609985352,62.17573382995605,103.62622304992676,filled
2024-05-06,SZ300926,sell,1500,1500,22.26938579750061,33404.078696250916,10.021223608875275,16.702039348125457,filled
2024-05-06,SZ300969,sell,200,200,45.014708908081055,9002.941781616211,5.0,4.501470890808106,filled
2024-05-06,SZ301004,sell,500,500,53.080922035217284,26540.461017608643,7.9621383052825925,13.270230508804321,filled
2024-05-06,SZ301015,sell,6100,6100,29.68004137802124,181048.25240592955,54.31447572177886,90.52412620296478,filled
2024-05-06,SZ301061,sell,7200,7200,29.941683237075807,215580.11930694582,64.67403579208374,107.79005965347291,filled
2024-05-06,SZ301391,sell,2200,2200,61.43741770935058,135162.31896057128,40.54869568817138,67.58115948028565,filled
2024-05-06,SH600066,buy,9100,9100,21.282713172912594,193672.6898735046,58.10180696205138,0.0,filled
2024-05-06,SH601058,buy,12600,12600,15.529462388992307,195671.22610130307,58.701367830390915,0.0,filled
2024-05-06,SH601567,buy,6200,6200,31.235254114150997,193658.57550773618,58.09757265232085,0.0,filled
2024-05-06,SH603050,buy,12800,12800,15.249073828697203,195188.1450073242,58.556443502197254,0.0,filled
2024-05-06,SH603699,buy,11600,11600,16.791644788742065,194783.07954940796,58.43492386482239,0.0,filled
2024-05-06,SH603929,buy,7900,7900,24.714883369445797,195247.5786186218,58.57427358558654,0.0,filled
2024-05-06,SH688036,buy,400,400,95.60018149566649,38240.0725982666,11.472021779479979,0.0,filled
2024-05-06,SH688278,buy,200,200,59.351009246826166,11870.201849365234,5.0,0.0,filled
2024-05-06,SH688578,buy,3100,3100,61.81102448272704,191614.17589645382,57.48425276893614,0.0,filled
2024-05-06,SZ000426,buy,15400,15400,12.702806999206542,195623.22778778075,58.68696833633422,0.0,filled
2024-05-06,SZ000526,buy,3000,3000,64.6618720550537,193985.61616516113,58.195684849548336,0.0,filled
2024-05-06,SZ000680,buy,24900,24900,7.837068607807159,195143.00833439824,58.542902500319464,0.0,filled
2024-05-06,SZ000921,buy,5400,5400,35.749813983917235,193048.99551315306,57.91469865394591,0.0,filled
2024-05-06,SZ002021,buy,97200,97200,2.012337905168533,195599.2443823814,58.67977331471442,0.0,filled
2024-05-06,SZ002463,buy,5900,5900,33.015094997406,194789.06048469542,58.43671814540862,0.0,filled
2024-05-06,SZ300308,buy,1400,1400,136.15799462890624,190621.19248046874,57.186357744140615,0.0,filled
2024-05-06,SZ300446,buy,12000,12000,16.288914777755735,195466.97733306882,58.64009319992064,0.0,filled
2024-05-06,SZ300842,buy,3500,3500,55.14602568817138,193011.08990859982,57.90332697257994,0.0,filled
2024-05-06,SZ300893,buy,12700,12700,15.340303807258604,194821.85835218427,58.44655750565528,0.0,filled
2024-05-06,SZ300979,buy,3200,3200,60.61194681167602,193958.22979736325,58.18746893920897,0.0,filled
2024-05-06,SZ301030,buy,5400,5400,35.61078578186035,192298.2432220459,57.689472966613764,0.0,filled
2024-06-03,SH600066,sell,200,200,21.019907918930052,4203.981583786011,5.0,2.101990791893005,filled
2024-06-03,SH601567,sell,300,300,31.438596004486083,9431.578801345824,5.0,4.715789400672912,filled
2024-06-03,SH603050,sell,1900,1900,17.25141951370239,32777.69707603454,9.833309122810363,16.38884853801727,filled
2024-06-03,SH603505,sell,100,100,22.547439222335814,2254.7439222335815,5.0,1.1273719611167907,filled
2024-06-03,SH603699,sell,1000,1000,17.68899648284912,17688.99648284912,5.306698944854736,8.84449824142456,filled
2024-06-03,SZ000426,sell,2000,2000,13.975450524330139,27950.90104866028,8.385270314598083,13.975450524330139,filled
2024-06-03,SZ000680,sell,24900,24900,7.840113940715789,195218.83712382315,58.565651137146936,97.60941856191158,filled
2024-06-03,SZ000921,sell,300,300,36.781236145019534,11034.37084350586,5.0,5.51718542175293,filled
2024-06-03,SZ002021,sell,15400,15400,2.297695903301239,35384.516910839084,10.615355073251724,17.69225845541954,filled
2024-06-03,SZ002318,sell,100,100,22.226713439941406,2222.6713439941404,5.0,1.1113356719970702,filled
2024-06-03,SZ300856,sell,7100,7100,24.50367385482788,173976.08436927796,52.192825310783384,86.98804218463899,filled
2024-06-03,SZ300893,sell,400,400,15.244915529251099,6097.966211700439,5.0,3.0489831058502195,filled
2024-06-03,SZ300979,sell,200,200,61.6988251991272,12339.765039825439,5.0,6.169882519912719,filled
2024-06-03,SZ301004,sell,200,200,54.44207020568847,10888.414041137694,5.0,5.444207020568847,filled
2024-06-03,SZ301030,sell,5400,5400,35.325052185058595,190755.2817993164,57.226584539794914,95.3776408996582,filled
2024-06-03,SH601058,buy,900,900,13.907670670509336,12516.903603458402,5.0,0.0,filled
2024-06-03,SH603871,buy,15000,15000,12.557266324996947,188358.9948749542,56.50769846248625,0.0,filled
2024-06-03,SH603929,buy,300,300,22.919537418365476,6875.861225509642,5.0,0.0,filled
2024-06-03,SH688036,buy,100,100,86.10678034210204,8610.678034210205,5.0,0.0,filled
2024-06-03,SH688278,buy,200,200,55.2123112373352,11042.46224746704,5.0,0.0,filled
2024-06-03,SH688408,buy,2900,2900,64.82700742340087,187998.3215278625,56.39949645835875,0.0,filled
2024-06-03,SH688578,buy,200,200,56.96926205062866,11393.852410125732,5.0,0.0,filled
2024-06-03,SZ000526,buy,100,100,60.638481651306144,6063.848165130615,5.0,0.0,filled
2024-06-03,SZ002463,buy,200,200,30.69078394889831,6138.156789779662,5.0,0.0,filled
2024-06-03,SZ002615,buy,28200,28200,6.671446352005004,188134.7871265411,56.44043613796233,0.0,filled
2024-06-03,SZ300308,buy,200,200,114.77177687072752,22954.355374145503,6.886306612243651,0.0,filled
2024-06-03,SZ300394,buy,900,900,44.61956812667846,40157.61131401061,12.047283394203182,0.0,filled
2024-06-03,SZ300446,buy,900,900,14.574656837463378,13117.19115371704,5.0,0.0,filled
2024-06-03,SZ300842,buy,400,400,47.66931435012817,19067.725740051268,5.72031772201538,0.0,filled
2024-06-03,SZ300857,buy,500,500,28.661746974945064,14330.873487472532,5.0,0.0,filled
2024-06-03,SZ300926,buy,500,500,20.424330776214596,10212.165388107298,5.0,0.0,filled
2024-07-01,SH600066,sell,1000,1000,22.450486558914186,22450.486558914185,6.735145967674255,11.225243279457093,filled
2024-07-01,SH601058,sell,100,100,13.237045343399048,1323.7045343399047,5.0,0.6618522671699524,filled
2024-07-01,SH601567,sell,500,500,32.68656858444214,16343.284292221071,5.0,8.171642146110536,filled
2024-07-01,SH603929,sell,300,300,22.429726776123047,6728.918032836914,5.0,3.364459016418457,filled
2024-07-01,SH688036,sell,2100,2100,71.52384828186035,150200.08139190674,45.060024417572016,75.10004069595337,filled
2024-07-01,SH688278,sell,100,100,52.88054582977295,5288.054582977295,5.0,2.6440272914886473,filled
2024-07-01,SH688578,sell,500,500,61.84541079711914,30922.70539855957,9.276811619567871,15.461352699279786,filled
2024-07-01,SZ000426,sell,200,200,13.46013631439209,2692.027262878418,5.0,1.3460136314392088,filled
2024-07-01,SZ000526,sell,200,200,61.52680195999145,12305.36039199829,5.0,6.152680195999145,filled
2024-07-01,SZ002318,sell,100,100,21.248400815963745,2124.8400815963746,5.0,1.0624200407981874,filled
2024-07-01,SZ002463,sell,1100,1100,35.34224688720703,38876.47157592774,11.662941472778321,19.43823578796387,filled
2024-07-01,SZ300308,sell,300,300,136.36296647644042,40908.889942932125,12.272666982879636,20.454444971466064,filled
2024-07-01,SZ300394,sell,300,300,44.617687351226806,13385.306205368042,5.0,6.692653102684021,filled
2024-07-01,SZ300842,sell,3900,3900,38.419222068786624,149834.96606826782,44.95048982048034,74.91748303413391,filled
2024-07-01,SZ300857,sell,400,400,28.939939401626585,11575.975760650634,5.0,5.787987880325317,filled
2024-07-01,SZ300926,sell,300,300,19.877201442718505,5963.160432815552,5.0,2.981580216407776,filled
2024-07-01,SZ300969,sell,4300,4300,34.98087994766235,150417.78377494813,45.12533513248443,75.20889188747407,filled
2024-07-01,SZ301004,sell,500,500,61.44845783615112,30724.22891807556,9.217268675422668,15.36211445903778,filled
2024-07-01,SH600737,buy,21200,21200,8.414791807174682,178393.58631210326,53.51807589363097,0.0,filled
2024-07-01,SH603025,buy,13400,13400,13.308227297782896,178330.2457902908,53.49907373708723,0.0,filled
2024-07-01,SH603050,buy,900,900,15.08262393760681,13574.36154384613,5.0,0.0,filled
2024-07-01,SH603360,buy,21800,21800,8.18525150680542,178438.48284835817,53.531544854507445,0.0,filled
2024-07-01,SH603505,buy,800,800,19.611157651901244,15688.926121520995,5.0,0.0,filled
2024-07-01,SH603699,buy,1200,1200,15.135100792884826,18162.12095146179,5.448636285438537,0.0,filled
2024-07-01,SH603871,buy,300,300,11.680211404800414,3504.063421440124,5.0,0.0,filled
2024-07-01,SZ000921,buy,900,900,29.387726287841794,26448.953659057614,7.934686097717283,0.0,filled
2024-07-01,SZ002021,buy,22600,22600,1.7118399869203567,38687.58370440006,11.606275111320016,0.0,filled
2024-07-01,SZ002615,buy,1500,1500,6.004621994495391,9006.932991743086,5.0,0.0,filled
2024-07-01,SZ300446,buy,2600,2600,11.531469862937927,29981.82164363861,8.994546493091581,0.0,filled
2024-07-01,SZ300893,buy,100,100,14.408354913711547,1440.8354913711546,5.0,0.0,filled
2024-07-01,SZ300979,buy,300,300,54.1364111251831,16240.92333755493,5.0,0.0,filled
2024-08-01,SH600737,sell,100,100,8.276086051940919,827.6086051940919,5.0,0.4138043025970459,filled
2024-08-01,SH603050,sell,1500,1500,16.85212095451355,25278.18143177032,7.583454429531096,12.63909071588516,filled
2024-08-01,SH603699,sell,11800,11800,16.368710500717164,193150.78390846253,57.94523517253875,96.57539195423126,filled
2024-08-01,SH603871,sell,1000,1000,12.192138499259949,12192.138499259949,5.0,6.096069249629974,filled
2024-08-01,SH603929,sell,400,400,23.03636021232605,9214.54408493042,5.0,4.60727204246521,filled
2024-08-01,SH688408,sell,200,200,63.63259658432007,12726.519316864014,5.0,6.363259658432007,filled
2024-08-01,SZ000921,sell,6000,6000,27.116150087356566,162696.9005241394,48.80907015724182,81.3484502620697,filled
2024-08-01,SZ002021,sell,104400,104400,1.7185818028450013,179419.94021701813,53.825982065105435,89.70997010850907,filled
2024-08-01,SZ002615,sell,29700,29700,6.379955230236053,189484.67033801076,56.845401101403226,94.74233516900539,filled
2024-08-01,SZ300394,sell,600,600,52.50967835998535,31505.80701599121,9.451742104797361,15.752903507995605,filled
2024-08-01,SZ300446,sell,15500,15500,13.018279724121093,201783.33572387695,60.53500071716308,100.89166786193847,filled
2024-08-01,SZ300857,sell,1000,1000,33.84091921234131,33840.91921234131,10.152275763702391,16.920459606170656,filled
2024-08-01,SH600066,buy,1000,1000,19.585239501953122,19585.23950195312,5.875571850585936,0.0,filled
2024-08-01,SH601058,buy,600,600,12.476111490249632,7485.666894149779,5.0,0.0,filled
2024-08-01,SH601567,buy,900,900,27.424833578109737,24682.350220298762,7.404705066089628,0.0,filled
2024-08-01,SH603025,buy,800,800,12.254536605834959,9803.629284667968,5.0,0.0,filled
2024-08-01,SH603505,buy,100,100,18.94358438873291,1894.3584388732909,5.0,0.0,filled
2024-08-01,SH605499,buy,1300,1300,133.2178473358154,173183.20153656002,51.954960460968,0.0,filled
2024-08-01,SH688169,buy,200,200,156.1517996368408,31230.359927368158,9.369107978210446,0.0,filled
2024-08-01,SH688278,buy,200,200,48.96167444992065,9792.33488998413,5.0,0.0,filled
2024-08-01,SH688578,buy,500,500,52.452447349548336,26226.22367477417,7.867867102432251,0.0,filled
2024-08-01,SZ000426,buy,300,300,12.977042027473448,3893.1126082420346,5.0,0.0,filled
2024-08-01,SZ000526,buy,200,200,55.51315270233154,11102.630540466307,5.0,0.0,filled
2024-08-01,SZ000680,buy,25000,25000,6.99551534795761,174887.88369894025,52.46636510968207,0.0,filled
2024-08-01,SZ002318,buy,500,500,19.785466995239254,9892.733497619627,5.0,0.0,filled
2024-08-01,SZ002371,buy,600,600,254.21045368957516,152526.2722137451,45.75788166412353,0.0,filled
2024-08-01,SZ002463,buy,100,100,34.31543960571289,3431.543960571289,5.0,0.0,filled
2024-08-01,SZ003006,buy,8500,8500,20.41775911712646,173550.95249557492,52.06528574867247,0.0,filled
2024-08-01,SZ300705,buy,7500,7500,23.17681920814514,173826.14406108856,52.147843218326564,0.0,filled
2024-08-01,SZ300893,buy,300,300,13.697061597824096,4109.1184793472285,5.0,0.0,filled
2024-08-01,SZ300926,buy,500,500,18.49779030036926,9248.89515018463,5.0,0.0,filled
2024-08-01,SZ301004,buy,200,200,55.67365621566772,11134.731243133543,5.0,0.0,filled
2024-09-02,SH601058,sell,14000,14000,12.147073860168456,170059.0340423584,51.01771021270751,85.0295170211792,filled
2024-09-02,SH601567,sell,6300,6300,30.401470029830932,191529.26118793487,57.458778356380456,95.76463059396744,filled
2024-09-02,SH603025,sell,14200,14200,10.669164058685302,151502.1296333313,45.45063888999938,75.75106481666565,filled
2024-09-02,SH603050,sell,10300,10300,16.752832220077515,172554.1718667984,51.766251560039514,86.2770859333992,filled
2024-09-02,SH603360,sell,21800,21800,8.434497771263123,183872.05141353607,55.16161542406082,91.93602570676804,filled
2024-09-02,SH603505,sell,9200,9200,16.798901979446413,154549.898210907,46.3649694632721,77.2749491054535,filled
2024-09-02,SH605499,sell,100,100,135.24848149108885,13524.848149108886,5.0,6.762424074554443,filled
2024-09-02,SH688169,sell,1100,1100,161.32632041931151,177458.95246124268,53.2376857383728,88.72947623062134,filled
2024-09-02,SH688278,sell,500,500,54.70813459396362,27354.06729698181,8.206220189094543,13.677033648490905,filled
2024-09-02,SH688408,sell,2700,2700,58.651818798065186,158359.910754776,47.507973226432796,79.17995537738801,filled
2024-09-02,SZ000526,sell,100,100,54.81477833175659,5481.477833175659,5.0,2.7407389165878295,filled
2024-09-02,SZ002318,sell,8800,8800,17.762445528030394,156309.52064666746,46.89285619400023,78.15476032333373,filled
2024-09-02,SZ002463,sell,100,100,33.36586221313477,3336.586221313477,5.0,1.6682931106567385,filled
2024-09-02,SZ003006,sell,800,800,21.625971628189088,17300.77730255127,5.1902331907653805,8.650388651275634,filled
2024-09-02,SZ300705,sell,7500,7500,20.62966211128235,154722.46583461761,46.41673975038528,77.36123291730881,filled
2024-09-02,SZ300893,sell,12700,12700,13.355298934936524,169612.29647369386,50.88368894210815,84.80614823684694,filled
2024-09-02,SZ300926,sell,100,100,17.991588180541992,1799.1588180541992,5.0,0.8995794090270997,filled
2024-09-02,SZ300979,sell,3300,3300,59.154577102661136,195210.10443878174,58.56303133163452,97.60505221939087,filled
2024-09-02,SZ301004,sell,300,300,59.315838409423826,17794.751522827148,5.338425456848144,8.897375761413574,filled
2024-09-02,SH600066,buy,100,100,18.641375896453855,1864.1375896453856,5.0,0.0,filled
2024-09-02,SH600737,buy,300,300,7.829126102924346,2348.7378308773036,5.0,0.0,filled
2024-09-02,SH603283,buy,4900,4900,34.24797413635253,167815.0732681274,50.344521980438216,0.0,filled
2024-09-02,SH603871,buy,500,500,11.328964627265929,5664.482313632964,5.0,0.0,filled
2024-09-02,SH603929,buy,600,600,20.70148983001709,12420.893898010254,5.0,0.0,filled
2024-09-02,SH603993,buy,23700,23700,7.079019522190094,167772.76267590522,50.33182880277156,0.0,filled
2024-09-02,SH605116,buy,7700,7700,21.590385955810543,166245.97185974117,49.873791557922345,0.0,filled
2024-09-02,SH688100,buy,4900,4900,34.228656284332274,167720.41579322814,50.31612473796844,0.0,filled
2024-09-02,SH688578,buy,100,100,48.07765074539184,4807.765074539184,5.0,0.0,filled
2024-09-02,SH688617,buy,700,700,236.47658152770993,165533.60706939694,49.66008212081908,0.0,filled
2024-09-02,SZ000426,buy,1100,1100,11.421116776466368,12563.228454113005,5.0,0.0,filled
2024-09-02,SZ000680,buy,200,200,6.643131608486175,1328.626321697235,5.0,0.0,filled
2024-09-02,SZ000737,buy,20200,20200,8.307478256225584,167811.0607757568,50.343318232727036,0.0,filled
2024-09-02,SZ002371,buy,100,100,236.48760939025877,23648.760939025877,7.094628281707762,0.0,filled
2024-09-02,SZ002947,buy,4700,4700,35.33772017288208,166087.28481254578,49.82618544376373,0.0,filled
2024-09-02,SZ300114,buy,4000,4000,41.76217562484741,167048.70249938965,50.11461074981689,0.0,filled
2024-09-02,SZ300308,buy,200,200,107.98625056457519,21597.250112915037,6.479175033874511,0.0,filled
2024-09-02,SZ300394,buy,1000,1000,38.580755653381345,38580.75565338135,11.574226696014403,0.0,filled
2024-09-02,SZ300529,buy,7100,7100,23.62771864700317,167756.80239372252,50.327040718116756,0.0,filled
2024-09-02,SZ300573,buy,4100,4100,40.54143935394287,166219.90135116575,49.86597040534972,0.0,filled
2024-09-02,SZ300811,buy,5800,5800,28.720345859527583,166578.00598525998,49.97340179557799,0.0,filled
2024-09-02,SZ300857,buy,1100,1100,26.696337865829467,29365.971652412412,8.809791495723722,0.0,filled
2024-09-02,SZ301301,buy,15400,15400,10.892869559288023,167750.19121303555,50.32505736391066,0.0,filled
2024-10-08,SH600737,sell,21400,21400,10.66333150291443,228195.29416236878,68.45858824871063,114.09764708118439,filled
2024-10-08,SH603871,sell,1100,1100,16.502960271835327,18153.25629901886,5.4459768897056575,9.07662814950943,filled
2024-10-08,SH688100,sell,4900,4900,51.314726589202884,251442.16028709413,75.43264808612822,125.72108014354707,filled
2024-10-08,SH688278,sell,300,300,81.01391384124756,24304.174152374268,7.29125224571228,12.152087076187135,filled
2024-10-08,SH688617,sell,100,100,327.9185793457031,32791.85793457031,9.837557380371093,16.395928967285155,filled
2024-10-08,SZ000680,sell,100,100,9.006790391921998,900.6790391921998,5.0,0.4503395195960999,filled
2024-10-08,SZ300114,sell,400,400,61.936940574645995,24774.7762298584,7.432432868957519,12.3873881149292,filled
2024-10-08,SZ300308,sell,300,300,184.46423112487793,55339.269337463375,16.601780801239013,27.66963466873169,filled
2024-10-08,SZ300394,sell,600,600,60.240369953155515,36144.22197189331,10.843266591567993,18.072110985946658,filled
2024-10-08,SZ300529,sell,1000,1000,36.79005452728271,36790.054527282715,11.037016358184813,18.395027263641357,filled
2024-10-08,SZ300573,sell,4100,4100,60.12271657562256,246503.1379600525,73.95094138801574,123.25156898002625,filled
2024-10-08,SZ300857,sell,700,700,40.98138131332397,28686.96691932678,8.606090075798033,14.343483459663391,filled
2024-10-08,SZ300926,sell,1100,1100,27.488071266174316,30236.878392791747,9.071063517837523,15.118439196395874,filled
2024-10-08,SZ301004,sell,200,200,84.96761304473877,16993.522608947755,5.098056782684326,8.496761304473878,filled
2024-10-08,SZ301301,sell,900,900,15.564331320762633,14007.89818868637,5.0,7.003949094343185,filled
2024-10-08,SH600066,buy,100,100,24.90748720359802,2490.748720359802,5.0,0.0,filled
2024-10-08,SH603283,buy,400,400,42.14963621520996,16859.854486083983,5.057956345825194,0.0,filled
2024-10-08,SH603993,buy,1300,1300,9.068874267578124,11789.536547851561,5.0,0.0,filled
2024-10-08,SH605499,buy,100,100,169.71688009643552,16971.688009643553,5.091506402893065,0.0,filled
2024-10-08,SZ000422,buy,14800,14800,15.281663873672484,226168.62533035275,67.85058759910582,0.0,filled
2024-10-08,SZ000526,buy,300,300,68.26349253845214,20479.047761535643,6.1437143284606925,0.0,filled
2024-10-08,SZ000737,buy,100,100,11.152127429008482,1115.2127429008483,5.0,0.0,filled
2024-10-08,SZ300181,buy,13100,13100,17.231705381393432,225735.34049625395,67.72060214887618,0.0,filled
2024-10-08,SZ300893,buy,12100,12100,18.713127645492552,226428.84451045986,67.92865335313796,0.0,filled
2024-11-01,SH600066,sell,9100,9100,21.011280080795288,191202.64873523713,57.360794620571134,95.60132436761857,filled
2024-11-01,SH603283,sell,5300,5300,37.853115463256835,200621.51195526123,60.18645358657837,100.31075597763062,filled
2024-11-01,SH603871,sell,13700,13700,13.131275250434875,179898.4709309578,53.969541279287334,89.94923546547889,filled
2024-11-01,SH603929,sell,600,600,26.748573314666746,16049.143988800048,5.0,8.024571994400024,filled
2024-11-01,SH603993,sell,25000,25000,7.255849432468414,181396.23581171036,54.418870743513104,90.69811790585518,filled
2024-11-01,SH605116,sell,7700,7700,21.371772422790528,164562.64765548706,49.368794296646115,82.28132382774353,filled
2024-11-01,SH605499,sell,100,100,156.5776558685303,15657.76558685303,5.0,7.828882793426515,filled
2024-11-01,SH688278,sell,100,100,75.98241320800781,7598.241320800781,5.0,3.7991206604003906,filled
2024-11-01,SZ000426,sell,14600,14600,13.289548825263976,194027.41284885406,58.20822385465621,97.01370642442703,filled
2024-11-01,SZ000526,sell,3300,3300,47.05929694747925,155295.6799266815,46.588703978004446,77.64783996334076,filled
2024-11-01,SZ000680,sell,25100,25100,8.800745498657227,220898.7120162964,66.26961360488892,110.4493560081482,filled
2024-11-01,SZ000737,sell,20300,20300,8.908485817909241,180842.2621035576,54.25267863106727,90.4211310517788,filled
2024-11-01,SZ002947,sell,4700,4700,36.19147539138794,170099.93433952332,51.02998030185699,85.04996716976166,filled
2024-11-01,SZ300114,sell,3600,3600,76.5036428604126,275413.1142974853,82.6239342892456,137.70655714874266,filled
2024-11-01,SZ300181,sell,13100,13100,15.308979323387145,200547.6291363716,60.16428874091147,100.2738145681858,filled
2024-11-01,SZ300394,sell,600,600,63.60568413162231,38163.41047897339,11.449023143692017,19.081705239486695,filled
2024-11-01,SZ300529,sell,6100,6100,29.177098245620726,177980.29929828644,53.394089789485925,88.99014964914322,filled
2024-11-01,SZ300857,sell,100,100,36.965865783691406,3696.5865783691406,5.0,1.8482932891845703,filled
2024-11-01,SZ300893,sell,12100,12100,15.648112621307373,189342.1627178192,56.80264881534576,94.6710813589096,filled
2024-11-01,SZ300926,sell,8200,8200,22.896533214569093,187751.57235946658,56.32547170783997,93.8757861797333,filled
2024-11-01,SZ301004,sell,200,200,81.39902639007569,16279.805278015137,5.0,8.13990263900757,filled
2024-11-01,SZ301301,sell,14500,14500,13.262780233383179,192310.3133840561,57.69309401521682,96.15515669202804,filled
2024-11-01,SH600088,buy,11300,11300,17.939002624511716,202710.72965698238,60.81321889709471,0.0,filled
2024-11-01,SH601156,buy,12700,12700,15.971775903701781,202841.5539770126,60.85246619310377,0.0,filled
2024-11-01,SH601168,buy,12300,12300,16.492214263916015,202854.23544616697,60.85627063385009,0.0,filled
2024-11-01,SH601225,buy,9100,9100,22.327081922531125,203176.44549503323,60.95293364850996,0.0,filled
2024-11-01,SH601628,buy,5000,5000,40.42527258300781,202126.36291503906,60.637908874511716,0.0,filled
2024-11-01,SH601919,buy,15800,15800,12.827438456535338,202673.52761325834,60.802058283977495,0.0,filled
2024-11-01,SH603129,buy,1300,1300,150.37176390075683,195483.29307098387,58.644987921295154,0.0,filled
2024-11-01,SH603393,buy,6200,6200,32.4909698638916,201444.0131561279,60.43320394683837,0.0,filled
2024-11-01,SH605117,buy,4500,4500,44.76496178817749,201442.3280467987,60.432698414039606,0.0,filled
2024-11-01,SH688253,buy,4900,4900,40.74383576202392,199644.79523391722,59.893438570175164,0.0,filled
2024-11-01,SH688408,buy,2400,2400,83.4370829772949,200248.99914550778,60.07469974365233,0.0,filled
2024-11-01,SH688578,buy,500,500,51.00164191436767,25500.820957183834,7.6502462871551495,0.0,filled
2024-11-01,SH688617,buy,200,200,253.94832048034664,50789.664096069326,15.236899228820796,0.0,filled
2024-11-01,SZ000422,buy,200,200,13.531878498077392,2706.3756996154784,5.0,0.0,filled
2024-11-01,SZ000975,buy,11800,11800,17.175052028656005,202665.61393814086,60.79968418144225,0.0,filled
2024-11-01,SZ002028,buy,2600,2600,75.61994747924804,196611.8634460449,58.98355903381347,0.0,filled
2024-11-01,SZ002463,buy,100,100,39.511082633972165,3951.1082633972164,5.0,0.0,filled
2024-11-01,SZ002668,buy,17700,17700,11.45874057483673,202819.70817461013,60.84591245238303,0.0,filled
2024-11-01,SZ003006,buy,500,500,24.657363214492793,12328.681607246397,5.0,0.0,filled
2024-11-01,SZ300308,buy,200,200,140.7444551696777,28148.891033935543,8.444667310180662,0.0,filled
2024-11-01,SZ300415,buy,9200,9200,22.008614206314085,202479.2506980896,60.74377520942687,0.0,filled
2024-11-01,SZ300729,buy,13300,13300,15.207079743385313,202254.16058702467,60.67624817610739,0.0,filled
2024-11-01,SZ300811,buy,200,200,33.37442079162597,6674.884158325194,5.0,0.0,filled
2024-12-02,SH600088,sell,500,500,18.33995810508728,9169.97905254364,5.0,4.58498952627182,filled
2024-12-02,SH601225,sell,9100,9100,21.014629846572877,191233.13160381318,57.369939481143945,95.61656580190659,filled
2024-12-02,SH601628,sell,200,200,40.70047734832764,8140.095469665528,5.0,4.070047734832764,filled
2024-12-02,SH603393,sell,6200,6200,31.958295587539673,198141.432642746,59.442429792823795,99.070716321373,filled
2024-12-02,SH603929,sell,7500,7500,24.487138435363768,183653.53826522827,55.096061479568476,91.82676913261413,filled
2024-12-02,SH688253,sell,300,300,43.13260165786743,12939.78049736023,5.0,6.469890248680115,filled
2024-12-02,SH688578,sell,700,700,60.41859730911255,42293.018116378786,12.687905434913635,21.146509058189395,filled
2024-12-02,SZ000975,sell,11800,11800,15.983527450561523,188605.62391662598,56.581687174987785,94.30281195831299,filled
2024-12-02,SZ002028,sell,100,100,78.54178669738769,7854.178669738769,5.0,3.9270893348693843,filled
2024-12-02,SZ002371,sell,100,100,303.869654296875,30386.9654296875,9.11608962890625,15.193482714843752,filled
2024-12-02,SZ003006,sell,300,300,24.874768072128298,7462.430421638489,5.0,3.7312152108192445,filled
2024-12-02,SZ300415,sell,9200,9200,19.84913429260254,182612.03549194336,54.783610647583004,91.30601774597169,filled
2024-12-02,SZ300729,sell,13300,13300,16.542010385513304,220008.73812732694,66.00262143819808,110.00436906366348,filled
2024-12-02,SZ300811,sell,6000,6000,35.44240069198609,212654.40415191653,63.79632124557495,106.32720207595827,filled
2024-12-02,SZ300857,sell,1100,1100,46.20050312805176,50820.55344085693,15.246166032257078,25.410276720428467,filled
2024-12-02,SH600415,buy,14900,14900,13.377830179214476,199329.6696702957,59.79890090108871,0.0,filled
2024-12-02,SH600660,buy,3700,3700,52.80792408370971,195389.3191097259,58.616795732917765,0.0,filled
2024-12-02,SH601156,buy,900,900,14.640451707839965,13176.40653705597,5.0,0.0,filled
2024-12-02,SH601168,buy,400,400,15.679828707695005,6271.931483078002,5.0,0.0,filled
2024-12-02,SH601601,buy,6200,6200,31.75509487724304,196881.58823890684,59.064476471672045,0.0,filled
2024-12-02,SH601919,buy,800,800,11.950991634368895,9560.793307495116,5.0,0.0,filled
2024-12-02,SH603129,buy,100,100,140.25791564941406,14025.791564941406,5.0,0.0,filled
2024-12-02,SH605117,buy,400,400,40.52737959289551,16210.951837158203,5.0,0.0,filled
2024-12-02,SH688278,buy,100,100,73.46328247070312,7346.3282470703125,5.0,0.0,filled
2024-12-02,SH688408,buy,100,100,77.23864524841308,7723.864524841308,5.0,0.0,filled
2024-12-02,SZ000422,buy,400,400,12.942311706542966,5176.924682617187,5.0,0.0,filled
2024-12-02,SZ000897,buy,79800,79800,2.4957634289264674,199161.9216283321,59.74857648849962,0.0,filled
2024-12-02,SZ002463,buy,200,200,37.245731319427485,7449.146263885497,5.0,0.0,filled
2024-12-02,SZ002668,buy,1000,1000,10.645869112968443,10645.869112968443,5.0,0.0,filled
2024-12-02,SZ002837,buy,9100,9100,21.758007175445556,197997.86529655455,59.39935958896636,0.0,filled
2024-12-02,SZ300308,buy,100,100,127.32492874908446,12732.492874908447,5.0,0.0,filled
2024-12-02,SZ300394,buy,600,600,52.99889168548584,31799.335011291503,9.53980050338745,0.0,filled
2024-12-02,SZ300570,buy,2800,2800,69.02183374023437,193261.13447265624,57.978340341796866,0.0,filled
2024-12-02,SZ301004,buy,400,400,69.54622998809813,27818.491995239252,8.345547598571775,0.0,filled
2024-12-02,SZ301297,buy,4200,4200,47.33502272033691,198807.09542541503,59.6421286276245,0.0,filled
2025-01-02,SH600088,sell,10800,10800,17.641741539001465,190530.80862121584,57.15924258636475,95.26540431060792,filled
2025-01-02,SH600660,sell,300,300,58.44275378036499,17532.826134109495,5.259847840232848,8.766413067054748,filled
2025-01-02,SH601156,sell,13600,13600,15.825947456359863,215232.88540649414,64.56986562194824,107.61644270324707,filled
2025-01-02,SH601168,sell,12700,12700,15.039918628692627,191006.96658439637,57.30208997531891,95.50348329219818,filled
2025-01-02,SH601601,sell,6200,6200,31.85687466430664,197512.62291870118,59.253786875610345,98.75631145935058,filled
2025-01-02,SH601919,sell,1900,1900,13.558321798324585,25760.811416816712,7.728243425045013,12.880405708408356,filled
2025-01-02,SH603129,sell,100,100,150.3628685760498,15036.28685760498,5.0,7.518143428802491,filled
2025-01-02,SH605117,sell,100,100,41.00699806594849,4100.699806594848,5.0,2.050349903297424,filled
2025-01-02,SH605499,sell,200,200,184.49651692199706,36899.30338439941,11.069791015319822,18.44965169219971,filled
2025-01-02,SH688253,sell,4600,4600,35.44001507949829,163024.06936569212,48.90722080970763,81.51203468284606,filled
2025-01-02,SH688617,sell,800,800,254.58142167663576,203665.1373413086,61.09954120239258,101.83256867065431,filled
2025-01-02,SZ000897,sell,79800,79800,2.2795351424217225,181906.90436525346,54.57207130957603,90.95345218262673,filled
2025-01-02,SZ002463,sell,100,100,38.288809856414794,3828.8809856414796,5.0,1.91444049282074,filled
2025-01-02,SZ002668,sell,3400,3400,13.011342965126037,44238.56608142852,13.271569824428555,22.11928304071426,filled
2025-01-02,SZ002837,sell,500,500,23.05149894332886,11525.749471664429,5.0,5.762874735832215,filled
2025-01-02,SZ300857,sell,700,700,54.11222688674927,37878.55882072449,11.363567646217346,18.939279410362243,filled
2025-01-02,SZ301004,sell,300,300,78.61007009124756,23583.02102737427,7.074906308212281,11.791510513687136,filled
2025-01-02,SH600415,buy,900,900,12.61637307167053,11354.735764503477,5.0,0.0,filled
2025-01-02,SH600563,buy,1700,1700,114.98477346801756,195474.11489562987,58.642234468688955,0.0,filled
2025-01-02,SH601628,buy,100,100,40.471293289184565,4047.1293289184564,5.0,0.0,filled
2025-01-02,SH603606,buy,4600,4600,43.03270147323608,197950.426776886,59.38512803306579,0.0,filled
2025-01-02,SH688408,buy,300,300,70.39741448974608,21119.224346923824,6.335767304077146,0.0,filled
2025-01-02,SH688578,buy,100,100,59.01086001968383,5901.086001968383,5.0,0.0,filled
2025-01-02,SZ000422,buy,900,900,12.227375530242918,11004.637977218626,5.0,0.0,filled
2025-01-02,SZ002028,buy,200,200,71.63032035827636,14326.064071655273,5.0,0.0,filled
2025-01-02,SZ002131,buy,66000,66000,3.0310092625617977,200046.61132907865,60.01398339872359,0.0,filled
2025-01-02,SZ002595,buy,5900,5900,33.87905242156982,199886.40928726192,59.965922786178574,0.0,filled
2025-01-02,SZ003006,buy,700,700,23.015716188430783,16111.001331901549,5.0,0.0,filled
2025-01-02,SZ300308,buy,100,100,122.16190345001219,12216.19034500122,5.0,0.0,filled
2025-01-02,SZ300394,buy,600,600,46.01130118179321,27606.780709075923,8.282034212722776,0.0,filled
2025-01-02,SZ300699,buy,6000,6000,33.25566125106811,199533.96750640866,59.860190251922596,0.0,filled
2025-01-02,SZ300866,buy,2100,2100,94.60325966644287,198666.84529953002,59.600053589859,0.0,filled
2025-01-02,SZ301297,buy,500,500,42.22994334030151,21114.971670150757,6.3344915010452265,0.0,filled
2025-01-02,SZ301498,buy,2500,2500,77.68139407348632,194203.4851837158,58.261045555114734,0.0,filled
2025-02-05,SH600563,sell,1700,1700,117.78700994110108,200237.91689987184,60.07137506996155,100.11895844993592,filled
2025-02-05,SH600660,sell,3400,3400,55.95182755279541,190236.21367950438,57.07086410385131,95.11810683975219,filled
2025-02-05,SH603129,sell,300,300,198.30389323425294,59491.167970275885,17.847350391082763,29.745583985137944,filled
2025-02-05,SH603606,sell,4600,4600,42.74194046401978,196612.92613449096,58.98387784034728,98.30646306724549,filled
2025-02-05,SH688278,sell,100,100,79.20129041290284,7920.129041290284,5.0,3.9600645206451417,filled
2025-02-05,SH688578,sell,300,300,67.28961476898193,20186.88443069458,6.056065329208374,10.09344221534729,filled
2025-02-05,SZ000422,sell,16300,16300,11.749184374809266,191511.70530939102,57.4535115928173,95.75585265469552,filled
2025-02-05,SZ002028,sell,2700,2700,78.61112951660157,212250.04969482424,63.67501490844727,106.12502484741212,filled
2025-02-05,SZ002131,sell,10300,10300,3.694982911348343,38058.32398688793,11.417497196066378,19.029161993443967,filled
2025-02-05,SZ002463,sell,100,100,39.873180473327636,3987.318047332764,5.0,1.993659023666382,filled
2025-02-05,SZ002595,sell,100,100,34.953071937561035,3495.3071937561035,5.0,1.7476535968780518,filled
2025-02-05,SZ300570,sell,900,900,107.63024571990967,96867.2211479187,29.060166344375606,48.43361057395935,filled
2025-02-05,SZ300699,sell,6000,6000,29.505998371124267,177035.9902267456,53.11079706802368,88.5179951133728,filled
2025-02-05,SZ300866,sell,200,200,105.62765741729736,21125.531483459472,6.337659445037841,10.562765741729736,filled
2025-02-05,SZ301004,sell,100,100,83.11548600769044,8311.548600769043,5.0,4.155774300384522,filled
2025-02-05,SZ301498,sell,400,400,96.88479922485351,38753.9196899414,11.62617590698242,19.376959844970703,filled
2025-02-05,SH600088,buy,11800,11800,17.36935319137573,204958.36765823362,61.48751029747008,0.0,filled
2025-02-05,SH600415,buy,1100,1100,12.146210194587706,13360.831214046477,5.0,0.0,filled
2025-02-05,SH601628,buy,300,300,39.48860305404663,11846.580916213989,5.0,0.0,filled
2025-02-05,SH601919,buy,1800,1800,12.466448745727538,22439.60774230957,6.73188232269287,0.0,filled
2025-02-05,SH603025,buy,14200,14200,14.521523198127746,206205.629413414,61.86168882402419,0.0,filled
2025-02-05,SH605117,buy,200,200,41.12837900924682,8225.675801849364,5.0,0.0,filled
2025-02-05,SH605499,buy,100,100,183.2844654998779,18328.44654998779,5.498533964996337,0.0,filled
2025-02-05,SH688019,buy,2300,2300,87.23961828613281,200651.12205810545,60.19533661743163,0.0,filled
2025-02-05,SH688408,buy,700,700,58.56511366271972,40995.579563903804,12.29867386917114,0.0,filled
2025-02-05,SZ002371,buy,100,100,283.04713815307616,28304.713815307616,8.491414144592284,0.0,filled
2025-02-05,SZ002668,buy,1200,1200,12.469333631515502,14963.200357818603,5.0,0.0,filled
2025-02-05,SZ002837,buy,400,400,22.780579858779905,9112.231943511963,5.0,0.0,filled
2025-02-05,SZ003006,buy,600,600,22.25435645294189,13352.613871765136,5.0,0.0,filled
2025-02-05,SZ300308,buy,300,300,108.43281790161132,32529.845370483396,9.758953611145017,0.0,filled
2025-02-05,SZ300394,buy,100,100,46.51687216567993,4651.687216567992,5.0,0.0,filled
2025-02-05,SZ300442,buy,3300,3300,61.26210956954955,202164.96157951353,60.649488473854056,0.0,filled
2025-02-05,SZ300811,buy,5500,5500,37.51820124053955,206350.1068229675,61.90503204689024,0.0,filled
2025-02-05,SZ300857,buy,800,800,46.295432838439936,37036.34627075195,11.110903881225584,0.0,filled
2025-02-05,SZ300870,buy,2400,2400,84.37325228118895,202495.8054748535,60.74874164245604,0.0,filled
2025-02-05,SZ301297,buy,300,300,40.57621454238891,12172.864362716673,5.0,0.0,filled
2025-03-03,SH600088,sell,11800,11800,16.556806137084962,195370.31241760254,58.61109372528076,97.68515620880127,filled
2025-03-03,SH601628,sell,5200,5200,37.788315216064454,196499.23912353517,58.949771737060544,98.24961956176759,filled
2025-03-03,SH601919,sell,16500,16500,11.874748191833497,195933.3451652527,58.7800035495758,97.96667258262634,filled
2025-03-03,SH605117,sell,400,400,44.63105973815918,17852.423895263673,5.355727168579102,8.926211947631836,filled
2025-03-03,SH688019,sell,2300,2300,94.08841932678223,216403.36445159913,64.92100933547974,108.20168222579957,filled
2025-03-03,SH688278,sell,2600,2600,81.38022349548339,211588.58108825682,63.47657432647704,105.79429054412842,filled
2025-03-03,SH688408,sell,3500,3500,59.154577102661136,207041.01985931396,62.112305957794185,103.52050992965698,filled
2025-03-03,SH688578,sell,400,400,77.193321144104,30877.3284576416,9.26319853729248,15.438664228820802,filled
2025-03-03,SZ002131,sell,2900,2900,3.901850955247879,11315.367770218849,5.0,5.657683885109424,filled
2025-03-03,SZ002371,sell,700,700,329.18998123168944,230432.98686218262,69.12989605865478,115.21649343109131,filled
2025-03-03,SZ002595,sell,5800,5800,34.48652082824707,200021.82080383302,60.0065462411499,100.01091040191652,filled
2025-03-03,SZ002837,sell,1200,1200,26.124164016723633,31348.996820068358,9.404699046020507,15.674498410034179,filled
2025-03-03,SZ003006,sell,9200,9200,23.51324834060669,216321.88473358154,64.89656542007445,108.16094236679078,filled
2025-03-03,SZ300308,sell,1900,1900,101.70382028961181,193237.25855026246,57.97117756507873,96.61862927513123,filled
2025-03-03,SZ300394,sell,4400,4400,44.80893649291992,197159.32056884764,59.14779617065429,98.57966028442382,filled
2025-03-03,SZ300857,sell,900,900,57.37456339645386,51637.107056808476,15.491132117042541,25.818553528404237,filled
2025-03-03,SZ300870,sell,400,400,101.90062188720704,40760.248754882814,12.228074626464844,20.38012437744141,filled
2025-03-03,SH600415,buy,100,100,12.108776367187499,1210.87763671875,5.0,0.0,filled
2025-03-03,SH601689,buy,3300,3300,62.11832305145263,204990.46606979368,61.497139820938095,0.0,filled
2025-03-03,SH603025,buy,1000,1000,13.601984468460081,13601.984468460081,5.0,0.0,filled
2025-03-03,SH603129,buy,100,100,174.23314111328122,17423.314111328124,5.226994233398437,0.0,filled
2025-03-03,SH603193,buy,7200,7200,28.621152374267574,206072.29709472653,61.82168912841795,0.0,filled
2025-03-03,SH603929,buy,6300,6300,32.539999557495115,205001.99721221923,61.50059916366576,0.0,filled
2025-03-03,SH605499,buy,100,100,166.23326690673827,16623.326690673828,5.0,0.0,filled
2025-03-03,SZ002112,buy,13700,13700,15.034892538070677,205978.02777156828,61.793408331470474,0.0,filled
2025-03-03,SZ002130,buy,9100,9100,22.630934284210202,205941.50198631283,61.78245059589384,0.0,filled
2025-03-03,SZ002463,buy,900,900,34.12057330322265,30708.515972900383,9.212554791870113,0.0,filled
2025-03-03,SZ002668,buy,1200,1200,11.655706104278563,13986.847325134275,5.0,0.0,filled
2025-03-03,SZ300033,buy,900,900,207.6570956420898,186891.38607788083,56.06741582336424,0.0,filled
2025-03-03,SZ300570,buy,400,400,87.26610348510741,34906.441394042966,10.471932418212889,0.0,filled
2025-03-03,SZ300638,buy,6300,6300,32.58125857925415,205261.92904930114,61.57857871479033,0.0,filled
2025-03-03,SZ300811,buy,300,300,35.521478424072264,10656.44352722168,5.0,0.0,filled
2025-03-03,SZ300881,buy,6400,6400,31.982594182968135,204688.60277099608,61.40658083129882,0.0,filled
2025-03-03,SZ300926,buy,7400,7400,27.77960388755798,205569.06876792904,61.67072063037871,0.0,filled
2025-03-03,SZ301004,buy,400,400,72.40711260986328,28962.84504394531,8.688853513183593,0.0,filled
2025-03-03,SZ301202,buy,4400,4400,46.955691741943355,206605.04366455076,61.98151309936522,0.0,filled
2025-03-03,SZ301413,buy,2900,2900,70.93021910095214,205697.6353927612,61.70929061782836,0.0,filled
2025-03-03,SZ301498,buy,200,200,88.4101449432373,17682.02898864746,5.304608696594237,0.0,filled
2025-04-01,SH600415,sell,2900,2900,14.261198121070862,41357.4745511055,12.40724236533165,20.678737275552752,filled
2025-04-01,SH601689,sell,3300,3300,57.00853193664551,188128.1553909302,56.43844661727905,94.0640776954651,filled
2025-04-01,SH603025,sell,15200,15200,13.195672496795654,200574.22195129393,60.17226658538817,100.28711097564697,filled
2025-04-01,SH603193,sell,1200,1200,33.09522095489502,39714.26514587402,11.914279543762206,19.85713257293701,filled
2025-04-01,SH603929,sell,6300,6300,30.36044778442383,191270.82104187013,57.38124631256103,95.63541052093507,filled
2025-04-01,SH605117,sell,100,100,43.93759343719483,4393.759343719483,5.0,2.1968796718597416,filled
2025-04-01,SH605499,sell,200,200,186.2969607696533,37259.39215393066,11.177817646179196,18.62969607696533,filled
2025-04-01,SH688578,sell,200,200,83.71583720397949,16743.167440795896,5.0229502322387685,8.371583720397949,filled
2025-04-01,SZ002130,sell,9100,9100,19.890131767272948,181000.19908218383,54.30005972465514,90.50009954109191,filled
2025-04-01,SZ002463,sell,6000,6000,32.25963159942627,193557.78959655762,58.06733687896728,96.77889479827881,filled
2025-04-01,SZ002668,sell,17700,17700,11.288840240478516,199812.47225646971,59.94374167694091,99.90623612823487,filled
2025-04-01,SZ300638,sell,6300,6300,31.511532485961915,198522.65466156005,59.55679639846801,99.26132733078003,filled
2025-04-01,SZ300811,sell,5800,5800,33.33002848434448,193314.165209198,57.99424956275939,96.657082604599,filled
2025-04-01,SZ300857,sell,100,100,58.39084955978394,5839.084955978394,5.0,2.919542477989197,filled
2025-04-01,SZ300881,sell,6400,6400,31.79336440086365,203477.53216552734,61.0432596496582,101.73876608276368,filled
2025-04-01,SZ300926,sell,400,400,28.784131467819215,11513.652587127686,5.0,5.756826293563844,filled
2025-04-01,SZ301202,sell,4400,4400,42.939351802825925,188933.14793243408,56.679944379730216,94.46657396621704,filled
2025-04-01,SZ301413,sell,2900,2900,67.17867997741699,194818.17193450927,58.445451580352774,97.40908596725464,filled
2025-04-01,SZ301498,sell,100,100,87.87662738800049,8787.662738800049,5.0,4.393831369400025,filled
2025-04-01,SH600210,buy,31600,31600,6.386063178062439,201799.59642677306,60.53987892803191,0.0,filled
2025-04-01,SH601919,buy,15900,15900,12.711332781791686,202110.1912304878,60.633057369146336,0.0,filled
2025-04-01,SH605488,buy,6200,6200,32.25072818374633,199954.51473922725,59.98635442176817,0.0,filled
2025-04-01,SH688018,buy,1700,1700,117.54685752868652,199829.6577987671,59.94889733963012,0.0,filled
2025-04-01,SH688019,buy,2000,2000,99.41088078308104,198821.76156616208,59.64652846984862,0.0,filled
2025-04-01,SH688093,buy,8800,8800,22.968729398727415,202124.81870880126,60.63744561264038,0.0,filled
2025-04-01,SH688252,buy,7800,7800,25.784251916885374,201117.16495170593,60.33514948551177,0.0,filled
2025-04-01,SZ001301,buy,5100,5100,39.569272937774656,201803.29198265076,60.54098759479522,0.0,filled
2025-04-01,SZ002112,buy,200,200,14.446486574172972,2889.2973148345945,5.0,0.0,filled
2025-04-01,SZ002131,buy,3900,3900,3.56407138466835,13899.878400206564,5.0,0.0,filled
2025-04-01,SZ002594,buy,1600,1600,124.56325106811522,199301.20170898436,59.7903605126953,0.0,filled
2025-04-01,SZ002837,buy,900,900,23.045113002777097,20740.601702499385,6.222180510749815,0.0,filled
2025-04-01,SZ300033,buy,100,100,201.74257191467282,20174.25719146728,6.052277157440184,0.0,filled
2025-04-01,SZ300059,buy,8900,8900,22.523752471923824,200461.39700012203,60.1384191000366,0.0,filled
2025-04-01,SZ300442,buy,200,200,56.758484008789054,11351.696801757811,5.0,0.0,filled
2025-04-01,SZ300476,buy,2400,2400,81.12615772247314,194702.77853393552,58.41083356018065,0.0,filled
2025-04-01,SZ300570,buy,100,100,83.05510195159911,8305.510195159912,5.0,0.0,filled
2025-04-01,SZ300866,buy,100,100,99.87106493377685,9987.106493377685,5.0,0.0,filled
2025-04-01,SZ300870,buy,200,200,89.66163932800292,17932.327865600582,5.379698359680174,0.0,filled
2025-04-01,SZ301297,buy,100,100,39.13750997161865,3913.7509971618647,5.0,0.0,filled
2025-05-06,SH600210,sell,31600,31600,5.686707102298737,179699.94443264007,53.90998332979201,89.84997221632004,filled
2025-05-06,SH600415,sell,14100,14100,14.495752226829529,204390.10639829637,61.317031919488905,102.19505319914819,filled
2025-05-06,SH601919,sell,15900,15900,12.609582575798035,200492.36295518876,60.14770888655662,100.24618147759438,filled
2025-05-06,SH603129,sell,1100,1100,160.32628385925292,176358.91224517822,52.90767367355346,88.17945612258912,filled
2025-05-06,SH603193,sell,6000,6000,36.54861225128174,219291.67350769043,65.78750205230712,109.64583675384522,filled
2025-05-06,SH605117,sell,4500,4500,41.92265406417847,188651.9432888031,56.59558298664093,94.32597164440155,filled
2025-05-06,SH605488,sell,6200,6200,34.65213416290283,214843.23180999755,64.45296954299926,107.42161590499877,filled
2025-05-06,SH605499,sell,100,100,213.657054977417,21365.7054977417,6.409711649322509,10.68285274887085,filled
2025-05-06,SH688019,sell,2000,2000,109.27275135040283,218545.50270080566,65.5636508102417,109.27275135040283,filled
2025-05-06,SH688093,sell,1400,1400,26.137105773925782,36591.94808349609,10.977584425048827,18.295974041748046,filled
2025-05-06,SH688578,sell,200,200,86.25455570983887,17250.911141967772,5.175273342590331,8.625455570983886,filled
2025-05-06,SZ001301,sell,5100,5100,34.769985706329344,177326.92710227965,53.19807813068389,88.66346355113983,filled
2025-05-06,SZ002112,sell,13900,13900,13.06599959564209,181617.39437942504,54.48521831382751,90.80869718971252,filled
2025-05-06,SZ002131,sell,56700,56700,3.7344500784873964,211743.31945023537,63.5229958350706,105.8716597251177,filled
2025-05-06,SZ002837,sell,8700,8700,19.222276502609255,167233.8055727005,50.17014167181015,83.61690278635025,filled
2025-05-06,SZ300033,sell,1000,1000,183.23912384033204,183239.12384033203,54.97173715209961,91.61956192016602,filled
2025-05-06,SZ300059,sell,8900,8900,20.576664167404175,183132.31108989715,54.93969332696914,91.56615554494857,filled
2025-05-06,SZ300442,sell,3500,3500,48.820271484375,170870.9501953125,51.26128505859374,85.43547509765625,filled
2025-05-06,SZ300857,sell,3400,3400,54.175415130615235,184196.4114440918,55.25892343322753,92.0982057220459,filled
2025-05-06,SZ300926,sell,7000,7000,25.820629125595094,180744.40387916565,54.22332116374969,90.37220193958282,filled
2025-05-06,SZ301004,sell,2800,2800,69.14114730834962,193595.21246337894,58.078563739013674,96.79760623168947,filled
2025-05-06,SZ301297,sell,5100,5100,38.139476612091066,194511.33072166445,58.35339921649933,97.25566536083223,filled
2025-05-06,SZ301498,sell,2200,2200,106.70215100097656,234744.7322021484,70.42341966064451,117.3723661010742,filled
2025-05-06,SH600550,buy,25900,25900,7.547619673252105,195483.34953722951,58.64500486116885,0.0,filled
2025-05-06,SH603236,buy,3600,3600,53.94436288452148,194199.70638427732,58.25991191528319,0.0,filled
2025-05-06,SH603893,buy,1100,1100,173.68972103881833,191058.69314270015,57.31760794281004,0.0,filled
2025-05-06,SH688183,buy,7400,7400,26.32043972969055,194771.25399971005,58.43137619991301,0.0,filled
2025-05-06,SH688208,buy,7100,7100,27.353456043243405,194209.53790702816,58.262861372108446,0.0,filled
2025-05-06,SH688213,buy,1900,1900,99.55461721038817,189153.77269973754,56.74613180992126,0.0,filled
2025-05-06,SH688252,buy,400,400,23.786920047760006,9514.768019104002,5.0,0.0,filled
2025-05-06,SZ000007,buy,29000,29000,6.757359052658081,195963.41252708435,58.7890237581253,0.0,filled
2025-05-06,SZ002170,buy,21700,21700,8.998154471397399,195259.95202932355,58.577985608797064,0.0,filled
2025-05-06,SZ002881,buy,3900,3900,49.29013903045654,192231.5422187805,57.66946266563414,0.0,filled
2025-05-06,SZ003010,buy,7900,7900,24.64759355163574,194715.98905792236,58.4147967173767,0.0,filled
2025-05-06,SZ300100,buy,3500,3500,55.760279159545895,195160.97705841064,58.54829311752319,0.0,filled
2025-05-06,SZ300432,buy,13700,13700,14.289050280570983,195759.98884382247,58.72799665314674,0.0,filled
2025-05-06,SZ300476,buy,200,200,74.36488660430908,14872.977320861815,5.0,0.0,filled
2025-05-06,SZ300570,buy,400,400,70.00255744171142,28001.022976684566,8.40030689300537,0.0,filled
2025-05-06,SZ300611,buy,6800,6800,28.4188609752655,193248.25463180538,57.97447638954161,0.0,filled
2025-05-06,SZ300641,buy,8100,8100,24.18075373458862,195864.10525016784,58.75923157505034,0.0,filled
2025-05-06,SZ300703,buy,12900,12900,15.084120794296263,194585.15824642178,58.37554747392653,0.0,filled
2025-05-06,SZ300866,buy,200,200,86.68479613494873,17336.959226989744,5.201087768096922,0.0,filled
2025-05-06,SZ300870,buy,100,100,82.71862995147704,8271.862995147703,5.0,0.0,filled
2025-05-06,SZ300972,buy,1100,1100,165.97921366882323,182577.13503570555,54.77314051071166,0.0,filled
2025-05-06,SZ301127,buy,11900,11900,16.372769300460813,194835.9546754837,58.4507864026451,0.0,filled
2025-05-06,SZ301128,buy,5300,5300,36.38094527816772,192819.00997428893,57.845702992286675,0.0,filled
2025-05-06,SZ301165,buy,5200,5200,37.40463869476318,194504.12121276854,58.35123636383056,0.0,filled
2025-05-06,SZ301187,buy,8600,8600,22.76926751708984,195815.70064697263,58.74471019409179,0.0,filled
2025-06-03,SH600550,sell,3900,3900,8.740942271232605,34089.67485780716,10.226902457342145,17.044837428903577,filled
2025-06-03,SH603236,sell,3600,3600,49.64434816360474,178719.65338897705,53.615896016693114,89.35982669448853,filled
2025-06-03,SH605499,sell,200,200,241.39849658203124,48279.69931640625,14.483909794921875,24.139849658203126,filled
2025-06-03,SH688183,sell,7400,7400,28.811748933792114,213206.94211006165,63.96208263301849,106.60347105503082,filled
2025-06-03,SH688208,sell,7100,7100,26.588689641952513,188779.69645786285,56.633908937358854,94.38984822893143,filled
2025-06-03,SH688578,sell,2200,2200,96.92578145599366,213236.71920318605,63.97101576095581,106.61835960159303,filled
2025-06-03,SZ000007,sell,4400,4400,7.822223276138305,34417.78241500854,10.325334724502563,17.208891207504273,filled
2025-06-03,SZ002170,sell,100,100,8.907132001876832,890.7132001876832,5.0,0.44535660009384165,filled
2025-06-03,SZ003010,sell,2100,2100,33.10811317062378,69527.03765830994,20.858111297492982,34.763518829154975,filled
2025-06-03,SZ300476,sell,400,400,84.76564389038086,33906.25755615234,10.171877266845701,16.95312877807617,filled
2025-06-03,SZ300641,sell,8100,8100,22.404028089523315,181472.62752513884,54.441788257541646,90.73631376256942,filled
2025-06-03,SZ300703,sell,3500,3500,20.338175325393678,71183.61363887787,21.355084091663358,35.591806819438936,filled
2025-06-03,SZ300866,sell,2200,2200,97.5080080947876,214517.61780853273,64.35528534255981,107.25880890426636,filled
2025-06-03,SZ301187,sell,8600,8600,23.89482057952881,205495.45698394775,61.64863709518432,102.74772849197387,filled
2025-06-03,SH600988,buy,7100,7100,26.90854975891113,191050.70328826903,57.3152109864807,0.0,filled
2025-06-03,SH603893,buy,200,200,142.19723095703122,28439.446191406245,8.531833857421873,0.0,filled
2025-06-03,SH688018,buy,300,300,94.61735761260985,28385.207283782955,8.515562185134886,0.0,filled
2025-06-03,SH688093,buy,300,300,24.994031867980954,7498.209560394286,5.0,0.0,filled
2025-06-03,SH688213,buy,200,200,89.46351201629638,17892.702403259274,5.367810720977782,0.0,filled
2025-06-03,SH688252,buy,300,300,22.6644073600769,6799.32220802307,5.0,0.0,filled
2025-06-03,SH688501,buy,6700,6700,28.677700717926022,192140.59481010435,57.6421784430313,0.0,filled
2025-06-03,SZ002251,buy,36400,36400,5.303819085597992,193059.01471576688,57.91770441473006,0.0,filled
2025-06-03,SZ002881,buy,500,500,43.06380325317382,21531.90162658691,6.459570487976072,0.0,filled
2025-06-03,SZ002891,buy,3100,3100,61.86602632904052,191784.68162002563,57.535404486007685,0.0,filled
2025-06-03,SZ300100,buy,1100,1100,41.713268123626705,45884.59493598938,13.765378480796812,0.0,filled
2025-06-03,SZ300432,buy,2100,2100,12.179301419258117,25576.532980442047,7.672959894132614,0.0,filled
2025-06-03,SZ300604,buy,4700,4700,40.67137567901611,191155.46569137572,57.34663970741271,0.0,filled
2025-06-03,SZ300611,buy,2100,2100,21.595552402496335,45350.6600452423,13.60519801357269,0.0,filled
2025-06-03,SZ300870,buy,300,300,72.1507988128662,21645.23964385986,6.493571893157957,0.0,filled
2025-06-03,SZ301031,buy,3700,3700,52.09108628845214,192737.0192672729,57.82110578018187,0.0,filled
2025-06-03,SZ301127,buy,1900,1900,13.957128992080687,26518.545084953304,7.95556352548599,0.0,filled
2025-06-03,SZ301128,buy,700,700,31.959421543121334,22371.595080184932,6.711478524055479,0.0,filled
2025-06-03,SZ301165,buy,500,500,33.56207774353027,16781.038871765133,5.034311661529539,0.0,filled
2025-06-03,SZ301498,buy,1800,1800,106.64836616516112,191967.05909729,57.590117729187,0.0,filled
2025-07-01,SH688093,sell,7700,7700,30.639373901367186,235923.17904052732,70.77695371215819,117.96158952026366,filled
2025-07-01,SH688213,sell,100,100,100.86092928314208,10086.092928314209,5.0,5.043046464157104,filled
2025-07-01,SH688252,sell,8500,8500,24.316033618927,206686.28576087952,62.00588572826385,103.34314288043976,filled
2025-07-01,SZ000007,sell,24600,24600,7.622124312400818,187504.2580850601,56.251277425518026,93.75212904253006,filled
2025-07-01,SZ002594,sell,1600,1600,108.69435845947265,173910.97353515626,52.17329206054687,86.95548676757814,filled
2025-07-01,SZ003010,sell,900,900,42.832532764434816,38549.279487991334,11.564783846397399,19.274639743995667,filled
2025-07-01,SZ300100,sell,100,100,46.6487734336853,4664.87734336853,5.0,2.332438671684265,filled
2025-07-01,SZ300476,sell,700,700,132.22251878356934,92555.76314849853,27.766728944549556,46.277881574249264,filled
2025-07-01,SZ300570,sell,600,600,94.47053652191163,56682.321913146974,17.00469657394409,28.34116095657349,filled
2025-07-01,SZ300604,sell,4700,4700,44.635137382507324,209785.14569778444,62.93554370933533,104.89257284889221,filled
2025-07-01,SZ300870,sell,300,300,89.64880210876464,26894.64063262939,8.068392189788817,13.447320316314697,filled
2025-07-01,SZ301031,sell,3700,3700,53.6260078125,198416.22890625,59.524868671875,99.208114453125,filled
2025-07-01,SZ301127,sell,13800,13800,16.987268188476563,234424.30100097656,70.32729030029296,117.21215050048828,filled
2025-07-01,SZ301128,sell,6000,6000,36.00218885421753,216013.13312530518,64.80393993759155,108.0065665626526,filled
2025-07-01,SZ301165,sell,900,900,43.62454086685181,39262.08678016663,11.778626034049989,19.631043390083317,filled
2025-07-01,SH600550,buy,2500,2500,8.628492919921873,21571.232299804684,6.471369689941405,0.0,filled
2025-07-01,SH600988,buy,1300,1300,24.935316518783566,32415.911474418637,9.72477344232559,0.0,filled
2025-07-01,SH603040,buy,7600,7600,27.868554214477538,211801.0120300293,63.54030360900878,0.0,filled
2025-07-01,SH603109,buy,7600,7600,27.67538714981079,210332.942338562,63.09988270156859,0.0,filled
2025-07-01,SH603193,buy,6800,6800,30.849257923126217,209774.9538772583,62.93248616317748,0.0,filled
2025-07-01,SH603766,buy,17500,17500,12.046569943428038,210814.97400999066,63.24449220299719,0.0,filled
2025-07-01,SH603893,buy,100,100,150.30529124450683,15030.529124450683,5.0,0.0,filled
2025-07-01,SH605499,buy,100,100,236.60063734436034,23660.063734436033,7.098019120330809,0.0,filled
2025-07-01,SH688208,buy,7000,7000,29.890525032043453,209233.67522430417,62.77010256729125,0.0,filled
2025-07-01,SH688379,buy,6100,6100,34.35356744766235,209556.76143074033,62.867028429222096,0.0,filled
2025-07-01,SH688501,buy,900,900,27.661436216354367,24895.292594718932,7.468587778415679,0.0,filled
2025-07-01,SZ002170,buy,900,900,9.375096015930175,8437.586414337158,5.0,0.0,filled
2025-07-01,SZ002251,buy,7100,7100,4.863643937587738,34531.871956872936,10.35956158706188,0.0,filled
2025-07-01,SZ002881,buy,100,100,46.34009033584594,4634.009033584594,5.0,0.0,filled
2025-07-01,SZ002891,buy,300,300,61.391305103301995,18417.391530990597,5.525217459297179,0.0,filled
2025-07-01,SZ300432,buy,500,500,12.987912376403807,6493.956188201903,5.0,0.0,filled
2025-07-01,SZ300611,buy,200,200,23.13732242965698,4627.464485931396,5.0,0.0,filled
2025-07-01,SZ300703,buy,600,600,21.09439943695068,12656.639662170408,5.0,0.0,filled
2025-07-01,SZ301061,buy,3500,3500,59.47582112884521,208165.37395095825,62.44961218528747,0.0,filled
2025-07-01,SZ301187,buy,7700,7700,27.277547843933103,210037.1183982849,63.011135519485464,0.0,filled
2025-07-01,SZ301498,buy,100,100,108.21528491210937,10821.528491210936,5.0,0.0,filled
2025-08-01,SH600988,sell,8400,8400,22.58569476699829,189719.83604278564,56.91595081283569,94.85991802139282,filled
2025-08-01,SH603040,sell,1000,1000,32.880782592773436,32880.78259277344,9.86423477783203,16.440391296386718,filled
2025-08-01,SH603109,sell,1400,1400,34.72318044662475,48612.45262527465,14.583735787582395,24.306226312637325,filled
2025-08-01,SH603193,sell,6800,6800,31.890640989303588,216856.3587272644,65.05690761817931,108.4281793636322,filled
2025-08-01,SH603893,sell,100,100,160.64746504211425,16064.746504211425,5.0,8.032373252105712,filled
2025-08-01,SH605499,sell,800,800,210.52504302978517,168420.03442382812,50.526010327148434,84.21001721191406,filled
2025-08-01,SH688018,sell,2000,2000,115.0746981124878,230149.3962249756,69.04481886749267,115.0746981124878,filled
2025-08-01,SH688208,sell,7000,7000,34.13440671157837,238940.8469810486,71.68225409431457,119.47042349052431,filled
2025-08-01,SH688213,sell,2000,2000,95.03448616790772,190068.97233581543,57.02069170074462,95.03448616790772,filled
2025-08-01,SH688379,sell,400,400,37.70420141601563,15081.680566406252,5.0,7.540840283203126,filled
2025-08-01,SH688501,sell,7600,7600,26.228900407791137,199339.64309921264,59.80189292976379,99.66982154960633,filled
2025-08-01,SZ002251,sell,43500,43500,5.063834066390991,220276.78188800812,66.08303456640243,110.13839094400406,filled
2025-08-01,SZ300476,sell,400,400,184.6602781677246,73864.11126708984,22.159233380126953,36.93205563354492,filled
2025-08-01,SZ300570,sell,300,300,113.3532462387085,34005.97387161255,10.201792161483764,17.002986935806277,filled
2025-08-01,SZ300611,sell,100,100,23.90784427070618,2390.7844270706178,5.0,1.195392213535309,filled
2025-08-01,SZ301061,sell,500,500,70.0669554977417,35033.47774887085,10.510043324661254,17.516738874435426,filled
2025-08-01,SZ301165,sell,100,100,45.898521171569826,4589.852117156983,5.0,2.2949260585784916,filled
2025-08-01,SZ301187,sell,7700,7700,29.430161808013917,226612.24592170716,67.98367377651215,113.30612296085359,filled
2025-08-01,SH600550,buy,500,500,8.678664348602293,4339.332174301147,5.0,0.0,filled
2025-08-01,SH603063,buy,5700,5700,37.84743334197998,215730.37004928588,64.71911101478575,0.0,filled
2025-08-01,SH603173,buy,4900,4900,44.37865438842773,217455.40650329585,65.23662195098875,0.0,filled
2025-08-01,SH603766,buy,1500,1500,11.435145034790038,17152.71755218506,5.145815265655517,0.0,filled
2025-08-01,SH688093,buy,6900,6900,31.486995243072506,217260.2671772003,65.17808015316008,0.0,filled
2025-08-01,SH688386,buy,3700,3700,58.69429774093627,217168.9016414642,65.15067049243926,0.0,filled
2025-08-01,SZ002170,buy,200,200,9.558282444953917,1911.6564889907836,5.0,0.0,filled
2025-08-01,SZ002881,buy,300,300,44.76211699676513,13428.63509902954,5.0,0.0,filled
2025-08-01,SZ002891,buy,400,400,56.4382788696289,22575.31154785156,6.7725934643554675,0.0,filled
2025-08-01,SZ003010,buy,1100,1100,36.147305805206294,39762.036385726926,11.928610915718076,0.0,filled
2025-08-01,SZ300033,buy,1000,1000,199.39415650939938,199394.15650939938,59.81824695281981,0.0,filled
2025-08-01,SZ300100,buy,400,400,44.02739329147338,17610.957316589353,5.283287194976805,0.0,filled
2025-08-01,SZ300432,buy,1100,1100,12.43921129989624,13683.132429885864,5.0,0.0,filled
2025-08-01,SZ300502,buy,1600,1600,132.20332980346677,211525.32768554683,63.45759830566404,0.0,filled
2025-08-01,SZ300515,buy,9000,9000,24.13117799377441,217180.6019439697,65.15418058319091,0.0,filled
2025-08-01,SZ300866,buy,1700,1700,121.71667259216308,206918.34340667725,62.07550302200317,0.0,filled
2025-08-01,SZ300972,buy,400,400,143.78137882995603,57512.55153198241,17.25376545959472,0.0,filled
2025-08-01,SZ301345,buy,1400,1400,154.75616406249998,216658.62968749995,64.99758890624999,0.0,filled
2025-08-01,SZ301498,buy,500,500,89.3541269226074,44677.063461303704,13.40311903839111,0.0,filled
2025-09-01,SH600550,sell,25000,25000,8.710691485404968,217767.2871351242,65.33018614053725,108.8836435675621,filled
2025-09-01,SH603040,sell,6600,6600,44.79169606018066,295625.1939971924,88.6875581991577,147.81259699859618,filled
2025-09-01,SH603063,sell,5700,5700,36.68612032699585,209110.88586387632,62.73326575916289,104.55544293193816,filled
2025-09-01,SH603109,sell,6200,6200,32.749749206542965,203048.4450805664,60.91453352416991,101.5242225402832,filled
2025-09-01,SH603766,sell,19000,19000,12.041415235519409,228786.88947486877,68.63606684246062,114.3934447374344,filled
2025-09-01,SH603893,sell,300,300,248.34561355590822,74503.68406677246,22.351105220031737,37.25184203338623,filled
2025-09-01,SH688093,sell,200,200,40.399631034851076,8079.926206970215,5.0,4.039963103485108,filled
2025-09-01,SH688379,sell,1300,1300,60.5610747756958,78729.39720840454,23.61881916252136,39.36469860420227,filled
2025-09-01,SH688386,sell,3700,3700,69.62617357635499,257616.84223251345,77.28505266975402,128.80842111625674,filled
2025-09-01,SZ002881,sell,4800,4800,56.70281912612915,272173.53180541995,81.65205954162597,136.08676590270997,filled
2025-09-01,SZ003010,sell,100,100,45.21440677642822,4521.440677642822,5.0,2.260720338821411,filled
2025-09-01,SZ300033,sell,100,100,285.5330592956543,28553.30592956543,8.565991778869629,14.276652964782716,filled
2025-09-01,SZ300100,sell,4900,4900,46.87683570098877,229696.494934845,68.90894848045349,114.8482474674225,filled
2025-09-01,SZ300432,sell,17400,17400,15.209967830657959,264653.4402534485,79.39603207603454,132.32672012672424,filled
2025-09-01,SZ300476,sell,100,100,270.9447264404297,27094.47264404297,8.12834179321289,13.547236322021485,filled
2025-09-01,SZ300502,sell,600,600,257.9775430297852,154786.52581787112,46.435957745361335,77.39326290893557,filled
2025-09-01,SZ300611,sell,9000,9000,25.365588787078856,228290.29908370972,68.48708972511291,114.14514954185486,filled
2025-09-01,SZ300703,sell,10000,10000,32.24580190658569,322458.0190658569,96.73740571975705,161.22900953292844,filled
2025-09-01,SZ300870,sell,1000,1000,196.38578457641603,196385.78457641602,58.9157353729248,98.19289228820801,filled
2025-09-01,SZ300972,sell,1500,1500,204.8556692504883,307283.5038757324,92.18505116271972,153.64175193786622,filled
2025-09-01,SZ301165,sell,700,700,66.21062434387207,46347.43704071045,13.904231112213134,23.173718520355227,filled
2025-09-01,SZ301498,sell,2400,2400,96.85905290222168,232461.72696533203,69.7385180895996,116.23086348266601,filled
2025-09-01,SH601336,buy,4000,4000,66.59755213928221,266390.20855712885,79.91706256713864,0.0,filled
2025-09-01,SH603173,buy,200,200,52.62206565093994,10524.413130187988,5.0,0.0,filled
2025-09-01,SH603259,buy,2600,2600,102.3384498977661,266079.96973419184,79.82399092025754,0.0,filled
2025-09-01,SH603268,buy,5000,5000,53.5854800376892,267927.400188446,80.37822005653379,0.0,filled
2025-09-01,SH688002,buy,3500,3500,76.76514212799071,268677.9974479675,80.60339923439024,0.0,filled
2025-09-01,SH688018,buy,1700,1700,156.87430792236327,266686.32346801757,80.00589704040526,0.0,filled
2025-09-01,SH688578,buy,2400,2400,112.463295463562,269911.9091125488,80.97357273376464,0.0,filled
2025-09-01,SH688665,buy,4500,4500,59.875920993804925,269441.6444721222,80.83249334163665,0.0,filled
2025-09-01,SH688800,buy,4900,4900,54.81462085342407,268591.6421817779,80.57749265453337,0.0,filled
2025-09-01,SZ002170,buy,3500,3500,10.340520849227904,36191.82297229766,10.857546891689298,0.0,filled
2025-09-01,SZ002837,buy,4300,4300,62.73068254089355,269741.9349258423,80.92258047775267,0.0,filled
2025-09-01,SZ002891,buy,800,800,58.73604171371459,46988.833370971675,14.096650011291501,0.0,filled
2025-09-01,SZ300010,buy,32600,32600,8.32497563266754,271394.2056249618,81.41826168748854,0.0,filled
2025-09-01,SZ300308,buy,700,700,372.29740155029293,260608.18108520505,78.18245432556151,0.0,filled
2025-09-01,SZ300515,buy,3800,3800,21.136483257293698,80318.63637771604,24.095590913314812,0.0,filled
2025-09-01,SZ300652,buy,4500,4500,59.314095691680905,266913.4306125641,80.07402918376921,0.0,filled
2025-09-01,SZ300857,buy,3700,3700,72.44910096740722,268061.6735794067,80.418502073822,0.0,filled
2025-09-01,SZ300866,buy,200,200,139.21081857299802,27842.163714599603,8.35264911437988,0.0,filled
2025-09-01,SZ301061,buy,400,400,78.89910990142822,31559.643960571288,9.467893188171386,0.0,filled
2025-09-01,SZ301345,buy,100,100,177.0429091339111,17704.290913391113,5.311287274017333,0.0,filled
2025-10-09,SH601336,sell,4000,4000,59.54096629714966,238163.86518859863,71.44915955657959,119.08193259429932,filled
2025-10-09,SH603259,sell,200,200,110.1647646331787,22032.952926635742,6.609885877990722,11.016476463317872,filled
2025-10-09,SH688002,sell,3500,3500,88.52007966613769,309820.27883148193,92.94608364944457,154.91013941574096,filled
2025-10-09,SH688379,sell,4400,4400,54.735611057281496,240836.68865203857,72.25100659561157,120.4183443260193,filled
2025-10-09,SH688665,sell,4500,4500,63.38556755447388,285235.05399513245,85.57051619853972,142.61752699756622,filled
2025-10-09,SZ002170,sell,26200,26200,10.24472891807556,268411.8976535797,80.5235692960739,134.20594882678986,filled
2025-10-09,SZ002891,sell,4600,4600,52.87649486160279,243231.8763633728,72.96956290901184,121.6159381816864,filled
2025-10-09,SZ300010,sell,32600,32600,8.10981819820404,264380.07326145173,79.31402197843552,132.19003663072587,filled
2025-10-09,SZ300308,sell,100,100,417.6550165100098,41765.501651000974,12.529650495300292,20.882750825500487,filled
2025-10-09,SZ300476,sell,100,100,286.9563172302246,28695.63172302246,8.608689516906738,14.34781586151123,filled
2025-10-09,SZ300857,sell,1700,1700,129.7267108154297,220535.4083862305,66.16062251586915,110.26770419311525,filled
2025-10-09,SZ300866,sell,1900,1900,120.64963059997558,229234.2981399536,68.77028944198608,114.6171490699768,filled
2025-10-09,SZ301345,sell,300,300,209.58409039306642,62875.22711791992,18.862568135375977,31.437613558959963,filled
2025-10-09,SH600183,buy,4900,4900,54.25093593597411,265829.58608627314,79.74887582588194,0.0,filled
2025-10-09,SH601138,buy,4000,4000,66.81203795623779,267248.1518249512,80.17444554748535,0.0,filled
2025-10-09,SH603173,buy,300,300,49.31903371047973,14795.71011314392,5.0,0.0,filled
2025-10-09,SH603236,buy,3600,3600,75.16308543395995,270587.1075622558,81.17613226867674,0.0,filled
2025-10-09,SH603268,buy,600,600,48.034108253479,28820.464952087397,8.646139485626218,0.0,filled
2025-10-09,SH603893,buy,100,100,225.8582162017822,22585.82162017822,6.775746486053466,0.0,filled
2025-10-09,SH688019,buy,1500,1500,177.7584982757568,266637.7474136352,79.99132422409055,0.0,filled
2025-10-09,SH688093,buy,200,200,39.11842123031616,7823.6842460632315,5.0,0.0,filled
2025-10-09,SH688183,buy,3400,3400,78.20987612915039,265913.5788391113,79.77407365173339,0.0,filled
2025-10-09,SZ003010,buy,400,400,42.52199077224731,17008.796308898924,5.102638892669677,0.0,filled
2025-10-09,SZ300033,buy,100,100,260.1714105224609,26017.14105224609,7.805142315673827,0.0,filled
2025-10-09,SZ300394,buy,2200,2200,119.82333980560301,263611.3475723266,79.08340427169797,0.0,filled
2025-10-09,SZ300515,buy,900,900,19.71912034988403,17747.208314895626,5.324162494468688,0.0,filled
2025-10-09,SZ300570,buy,600,600,105.1175018081665,63070.50108489989,18.921150325469966,0.0,filled
2025-10-09,SZ300870,buy,300,300,164.43587805175778,49330.76341552733,14.7992290246582,0.0,filled
2025-10-09,SZ300950,buy,8500,8500,31.738919660568232,269780.81711482996,80.93424513444899,0.0,filled
2025-10-09,SZ301031,buy,3200,3200,82.28273917388915,263304.7653564453,78.99142960693358,0.0,filled
2025-10-09,SZ301061,buy,400,400,70.44729953002928,28178.919812011714,8.453675943603514,0.0,filled
2025-10-09,SZ301165,buy,200,200,64.15532353210449,12831.064706420897,5.0,0.0,filled
2025-11-03,SH600183,sell,800,800,62.92458414459229,50339.66731567383,15.101900194702148,25.169833657836918,filled
2025-11-03,SH601138,sell,300,300,69.90187568664551,20970.562705993652,6.291168811798095,10.485281352996827,filled
2025-11-03,SH603173,sell,5400,5400,40.88158192062378,220760.5423713684,66.22816271141052,110.38027118568421,filled
2025-11-03,SH603236,sell,3600,3600,66.77077072906494,240374.77462463378,72.11243238739013,120.18738731231689,filled
2025-11-03,SH603259,sell,2400,2400,97.77485371398926,234659.64891357423,70.39789467407226,117.32982445678712,filled
2025-11-03,SH603268,sell,1100,1100,57.750346904754636,63525.3815952301,19.05761447856903,31.76269079761505,filled
2025-11-03,SH688018,sell,1700,1700,118.46283947753906,201386.8271118164,60.41604813354492,100.69341355590821,filled
2025-11-03,SH688019,sell,1500,1500,151.49979203796386,227249.68805694577,68.17490641708372,113.62484402847289,filled
2025-11-03,SH688093,sell,6900,6900,38.373914485931394,264780.0099529266,79.43400298587797,132.3900049764633,filled
2025-11-03,SH688183,sell,1000,1000,106.40381224822998,106403.81224822998,31.92114367446899,53.20190612411499,filled
2025-11-03,SH688800,sell,4900,4900,54.29845709609985,266062.4397708893,79.81873193126678,133.03121988544464,filled
2025-11-03,SZ002837,sell,4300,4300,53.75398487091064,231142.13494491577,69.34264048347472,115.57106747245788,filled
2025-11-03,SZ300308,sell,100,100,469.64353381347655,46964.35338134765,14.089306014404295,23.48217669067383,filled
2025-11-03,SZ300515,sell,13700,13700,20.701510585784913,283610.6950252533,85.08320850757597,141.80534751262664,filled
2025-11-03,SZ300570,sell,2500,2500,100.35482883453369,250887.07208633423,75.26612162590027,125.44353604316711,filled
2025-11-03,SZ300652,sell,4500,4500,59.93272121429443,269697.24546432495,80.90917363929748,134.84862273216248,filled
2025-11-03,SZ300870,sell,1600,1600,139.05305323791504,222484.88518066407,66.74546555419921,111.24244259033203,filled
2025-11-03,SZ300950,sell,8500,8500,32.6148858833313,277226.53000831604,83.16795900249481,138.61326500415802,filled
2025-11-03,SZ301031,sell,3200,3200,79.4092502746582,254109.60087890626,76.23288026367187,127.05480043945313,filled
2025-11-03,SZ301061,sell,200,200,71.60902912902831,14321.805825805663,5.0,7.160902912902832,filled
2025-11-03,SZ301165,sell,4200,4200,52.38388112640381,220012.30073089598,66.00369021926879,110.006150365448,filled
2025-11-03,SZ301345,sell,100,100,233.4580044708252,23345.800447082518,7.0037401341247545,11.672900223541259,filled
2025-11-03,SH603444,buy,500,500,461.41111495971677,230705.5574798584,69.2116672439575,0.0,filled
2025-11-03,SH603486,buy,3000,3000,87.90261124420165,263707.833732605,79.11235011978148,0.0,filled
2025-11-03,SH603699,buy,5100,5100,51.464285186767576,262467.8544525146,78.74035633575437,0.0,filled
2025-11-03,SH603800,buy,5000,5000,52.45314231872558,262265.71159362793,78.67971347808837,0.0,filled
2025-11-03,SH603893,buy,300,300,181.3876273193359,54416.28819580077,16.32488645874023,0.0,filled
2025-11-03,SH688336,buy,4800,4800,54.68148461532592,262471.12615356443,78.74133784606933,0.0,filled
2025-11-03,SH688386,buy,3300,3300,78.62287874603271,259455.49986190794,77.83664995857238,0.0,filled
2025-11-03,SZ000408,buy,4500,4500,57.67799696350097,259550.9863357544,77.86529590072631,0.0,filled
2025-11-03,SZ000426,buy,8700,8700,30.120200889587398,262045.74773941038,78.6137243218231,0.0,filled
2025-11-03,SZ001309,buy,1200,1200,219.9889800262451,263986.7760314941,79.19603280944821,0.0,filled
2025-11-03,SZ002558,buy,7500,7500,35.19559515762329,263966.9636821747,79.1900891046524,0.0,filled
2025-11-03,SZ002916,buy,1200,1200,208.9423456726074,250730.81480712886,75.21924444213865,0.0,filled
2025-11-03,SZ003010,buy,200,200,40.43349002075195,8086.698004150389,5.0,0.0,filled
2025-11-03,SZ300394,buy,200,200,109.9661872024536,21993.23744049072,6.5979712321472155,0.0,filled
2025-11-03,SZ300604,buy,3100,3100,82.693527053833,256349.9338668823,76.90498016006468,0.0,filled
2025-11-03,SZ300857,buy,200,200,116.12813523101805,23225.62704620361,6.967688113861082,0.0,filled
2025-11-03,SZ300953,buy,2200,2200,118.35977290344238,260391.50038757324,78.11745011627197,0.0,filled
2025-11-03,SZ300972,buy,1500,1500,175.5476867675781,263321.5301513672,78.99645904541015,0.0,filled
2025-11-03,SZ301606,buy,3700,3700,70.7377813720703,261729.79107666013,78.51893732299803,0.0,filled
2025-12-01,SH603268,sell,4500,4500,75.4239817199707,339407.91773986816,101.82237532196044,169.7039588699341,filled
2025-12-01,SH603486,sell,3000,3000,75.5658151473999,226697.4454421997,68.0092336326599,113.34872272109986,filled
2025-12-01,SH603893,sell,1400,1400,184.4134549255371,258178.83689575194,77.45365106872558,129.08941844787597,filled
2025-12-01,SZ000408,sell,400,400,62.363606986999514,24945.442794799805,7.483632838439941,12.472721397399903,filled
2025-12-01,SZ000426,sell,1900,1900,37.142728843688964,70571.18480300903,21.17135544090271,35.285592401504516,filled
2025-12-01,SZ001309,sell,100,100,220.16492962646484,22016.492962646484,6.604947888793944,11.008246481323242,filled
2025-12-01,SZ002558,sell,1300,1300,40.6682868232727,52868.772870254514,15.860631861076353,26.43438643512726,filled
2025-12-01,SZ003010,sell,6500,6500,36.16117506408691,235047.63791656494,70.51429137496947,117.52381895828248,filled
2025-12-01,SZ300033,sell,1000,1000,224.72641886901854,224726.41886901855,67.41792566070556,112.36320943450929,filled
2025-12-01,SZ300308,sell,100,100,522.8584541015625,52285.84541015625,15.685753623046875,26.142922705078128,filled
2025-12-01,SZ300394,sell,200,200,112.56700019073486,22513.40003814697,6.754020011444091,11.256700019073486,filled
2025-12-01,SZ300953,sell,2200,2200,107.74535723876953,237039.78592529296,71.11193577758789,118.51989296264648,filled
2025-12-01,SZ300972,sell,100,100,181.218990234375,18121.8990234375,5.43656970703125,9.060949511718752,filled
2025-12-01,SZ301061,sell,500,500,80.1784083251953,40089.204162597656,12.026761248779296,20.04460208129883,filled
2025-12-01,SH600183,buy,300,300,57.47667737579345,17243.003212738036,5.1729009638214105,0.0,filled
2025-12-01,SH600988,buy,7900,7900,32.37903782272338,255794.39879951472,76.73831963985441,0.0,filled
2025-12-01,SH601138,buy,500,500,59.757516574859615,29878.758287429806,8.96362748622894,0.0,filled
2025-12-01,SH603444,buy,100,100,423.60598309326167,42360.59830932617,12.70817949279785,0.0,filled
2025-12-01,SH603699,buy,100,100,48.616561157226556,4861.656115722655,5.0,0.0,filled
2025-12-01,SH603800,buy,500,500,46.062236312866204,23031.118156433102,6.90933544692993,0.0,filled
2025-12-01,SH688072,buy,800,800,296.1654068908691,236932.3255126953,71.07969765380858,0.0,filled
2025-12-01,SH688123,buy,1900,1900,131.36841979980468,249599.9976196289,74.87999928588866,0.0,filled
2025-12-01,SH688183,buy,300,300,93.14436662292479,27943.309986877437,8.38299299606323,0.0,filled
2025-12-01,SH688336,buy,800,800,45.51442494964599,36411.53995971679,10.923461987915037,0.0,filled
2025-12-01,SH688386,buy,200,200,71.57776999664306,14315.553999328611,5.0,0.0,filled
2025-12-01,SH688578,buy,200,200,97.589473487854,19517.8946975708,5.8553684092712395,0.0,filled
2025-12-01,SZ002463,buy,3600,3600,69.39743785095214,249830.77626342772,74.94923287902832,0.0,filled
2025-12-01,SZ002916,buy,100,100,196.30551492309567,19630.55149230957,5.8891654476928705,0.0,filled
2025-12-01,SZ300274,buy,1400,1400,182.30468115234373,255226.55361328123,76.56796608398436,0.0,filled
2025-12-01,SZ300604,buy,300,300,75.03923581695555,22511.770745086666,6.753531223525999,0.0,filled
2025-12-01,SZ300857,buy,300,300,100.13047936248778,30039.143808746332,9.0117431426239,0.0,filled
2025-12-01,SZ301128,buy,4100,4100,61.13163483428954,250639.70282058712,75.19191084617613,0.0,filled
2025-12-01,SZ301345,buy,100,100,205.65136877441404,20565.136877441404,6.169541063232421,0.0,filled
2025-12-01,SZ301606,buy,400,400,62.00668885421752,24802.675541687007,7.440802662506101,0.0,filled
2026-01-05,SH600183,sell,600,600,73.01822490692139,43810.93494415283,13.143280483245848,21.905467472076417,filled
2026-01-05,SH688183,sell,2700,2700,96.1487043914795,259601.50185699464,77.88045055709838,129.80075092849734,filled
2026-01-05,SH688386,sell,400,400,87.87309088897705,35149.236355590816,10.544770906677243,17.574618177795408,filled
2026-01-05,SH688578,sell,2600,2600,103.57815715026855,269303.20859069825,80.79096257720947,134.65160429534913,filled
2026-01-05,SZ000408,sell,800,800,83.4757820892334,66780.62567138672,20.034187701416013,33.39031283569336,filled
2026-01-05,SZ002916,sell,100,100,231.60372047424318,23160.372047424316,6.948111614227295,11.580186023712159,filled
2026-01-05,SZ300394,sell,300,300,147.44476908874512,44233.430726623534,13.270029217987059,22.116715363311766,filled
2026-01-05,SZ300502,sell,100,100,311.433067199707,31143.3067199707,9.342992015991209,15.571653359985351,filled
2026-01-05,SZ300604,sell,700,700,101.87028726196289,71309.20108337402,21.392760325012205,35.65460054168701,filled
2026-01-05,SZ300857,sell,300,300,122.88475895690918,36865.427687072755,11.059628306121825,18.432713843536376,filled
2026-01-05,SZ301128,sell,200,200,71.69577243804932,14339.154487609863,5.0,7.169577243804932,filled
2026-01-05,SZ301345,sell,100,100,251.10970765686037,25110.970765686037,7.53329122970581,12.555485382843019,filled
2026-01-05,SH600988,buy,1000,1000,31.554600088119503,31554.600088119503,9.46638002643585,0.0,filled
2026-01-05,SH601138,buy,200,200,63.0017128829956,12600.34257659912,5.0,0.0,filled
2026-01-05,SH603268,buy,3300,3300,83.40231160736083,275227.62830429076,82.56828849128722,0.0,filled
2026-01-05,SH603699,buy,300,300,51.04799864959716,15314.399594879149,5.0,0.0,filled
2026-01-05,SH603800,buy,200,200,48.5492407913208,9709.84815826416,5.0,0.0,filled
2026-01-05,SH688123,buy,200,200,127.90537311553953,25581.074623107907,7.674322386932372,0.0,filled
2026-01-05,SH688336,buy,1300,1300,40.41666183853149,52541.66039009093,15.762498117027278,0.0,filled
2026-01-05,SZ000426,buy,800,800,36.75643101501464,29405.144812011713,8.821543443603513,0.0,filled
2026-01-05,SZ000603,buy,8600,8600,32.40214363861084,278658.4352920532,83.59753058761595,0.0,filled
2026-01-05,SZ002463,buy,200,200,73.53066393280028,14706.132786560056,5.0,0.0,filled
2026-01-05,SZ002558,buy,300,300,42.836857631683344,12851.057289505003,5.0,0.0,filled
2026-01-05,SZ300274,buy,200,200,172.9607365570068,34592.147311401364,10.377644193420409,0.0,filled
2026-01-05,SZ301061,buy,700,700,73.7077206954956,51595.404486846914,15.478621346054073,0.0,filled
2026-01-05,SZ301606,buy,700,700,58.16455939483642,40715.19157638549,12.214557472915647,0.0,filled
2026-02-02,SH603699,sell,400,400,58.692583808898924,23477.03352355957,7.043110057067871,11.738516761779785,filled
2026-02-02,SH603800,sell,5700,5700,40.79203380203247,232514.5926715851,69.75437780147553,116.25729633579255,filled
2026-02-02,SH688123,sell,2100,2100,175.79861952209473,369177.10099639895,110.75313029891967,184.58855049819948,filled
2026-02-02,SZ000408,sell,3300,3300,80.11767810058593,264388.33773193357,79.31650131958007,132.1941688659668,filled
2026-02-02,SZ300394,sell,300,300,177.9337350769043,53380.12052307129,16.014036156921385,26.690060261535645,filled
2026-02-02,SZ300604,sell,300,300,124.34705557250976,37304.11667175293,11.191235001525877,18.652058335876465,filled
2026-02-02,SZ300857,sell,400,400,162.87992578125,65151.970312499994,19.545591093749998,32.57598515625,filled
2026-02-02,SZ301061,sell,3800,3800,68.16700950622558,259034.63612365723,77.71039083709717,129.5173180618286,filled
2026-02-02,SZ301606,sell,4800,4800,73.98801830291748,355142.4878540039,106.54274635620116,177.57124392700194,filled
2026-02-02,SH600183,buy,600,600,67.94848057556152,40769.08834533691,12.230726503601073,0.0,filled
2026-02-02,SH600549,buy,5600,5600,53.44612344360351,299298.29128417966,89.78948738525389,0.0,filled
2026-02-02,SH601138,buy,900,900,56.851693885803215,51166.52449722289,15.349957349166866,0.0,filled
2026-02-02,SH603163,buy,2800,2800,107.95637452697753,302277.8486755371,90.68335460266113,0.0,filled
2026-02-02,SH603268,buy,200,200,84.94588397216796,16989.17679443359,5.096753038330077,0.0,filled
2026-02-02,SH688183,buy,3400,3400,86.56639935302734,294325.7578002929,88.29772734008787,0.0,filled
2026-02-02,SH688336,buy,400,400,41.25601277160644,16502.40510864258,5.0,0.0,filled
2026-02-02,SH688386,buy,100,100,93.67139000701903,9367.139000701904,5.0,0.0,filled
2026-02-02,SZ002028,buy,1600,1600,187.88264123535154,300612.2259765625,90.18366779296873,0.0,filled
2026-02-02,SZ002463,buy,500,500,69.21633346557617,34608.166732788086,10.382450019836424,0.0,filled
2026-02-02,SZ002558,buy,300,300,44.376783317565916,13313.034995269774,5.0,0.0,filled
2026-02-02,SZ002916,buy,100,100,229.6464397277832,22964.643972778318,6.889393191833495,0.0,filled
2026-02-02,SZ300274,buy,300,300,152.5780390167236,45773.41170501708,13.732023511505124,0.0,filled
2026-02-02,SZ300476,buy,200,200,266.554832244873,53310.9664489746,15.993289934692378,0.0,filled
2026-02-02,SZ300972,buy,100,100,201.2971959533691,20129.719595336912,6.038915878601073,0.0,filled
2026-02-02,SZ301128,buy,100,100,74.72784380340575,7472.784380340575,5.0,0.0,filled
2026-02-02,SZ301345,buy,300,300,206.9186870727539,62075.60612182617,18.622681836547848,0.0,filled
2026-02-02,SZ301603,buy,4200,4200,70.66572605133055,296796.0494155883,89.03881482467649,0.0,filled
2026-03-02,SH600549,sell,1300,1300,73.46150676727295,95499.95879745483,28.649987639236446,47.74997939872742,filled
2026-03-02,SH600988,sell,1200,1200,41.11167538833618,49334.01046600342,14.800203139801024,24.66700523300171,filled
2026-03-02,SH603163,sell,600,600,138.04455651855469,82826.73391113282,24.848020173339844,41.41336695556641,filled
2026-03-02,SH603268,sell,800,800,115.471410987854,92377.1287902832,27.713138637084956,46.1885643951416,filled
2026-03-02,SH688183,sell,3400,3400,83.53119232177734,284006.05389404297,85.20181616821289,142.00302694702148,filled
2026-03-02,SZ000426,sell,2000,2000,56.11349662399292,112226.99324798584,33.66809797439575,56.11349662399292,filled
2026-03-02,SZ000603,sell,2700,2700,53.51382686233521,144487.33252830507,43.346199758491515,72.24366626415254,filled
2026-03-02,SZ002028,sell,1600,1600,212.45667269897461,339930.6763183594,101.97920289550781,169.9653381591797,filled
2026-03-02,SZ002463,sell,4300,4300,81.53768916320801,350612.06340179447,105.18361902053833,175.30603170089725,filled
2026-03-02,SZ002916,sell,1300,1300,276.6250450744629,359612.55859680177,107.88376757904052,179.80627929840088,filled
2026-03-02,SZ300394,sell,400,400,261.3368512573242,104534.74050292968,31.3604221508789,52.26737025146484,filled
2026-03-02,SZ300476,sell,100,100,297.77498602294924,29777.498602294923,8.933249580688477,14.888749301147461,filled
2026-03-02,SZ300604,sell,200,200,140.39314247131347,28078.628494262695,8.423588548278808,14.039314247131347,filled
2026-03-02,SZ300857,sell,200,200,186.95237159729004,37390.47431945801,11.217142295837402,18.695237159729004,filled
2026-03-02,SZ301603,sell,4200,4200,73.71551733398438,309605.1728027344,92.88155184082032,154.80258640136722,filled
2026-03-02,SH600183,buy,300,300,66.71397093200683,20014.191279602048,6.0042573838806135,0.0,filled
2026-03-02,SH601138,buy,500,500,54.05618418884277,27028.092094421387,8.108427628326416,0.0,filled
2026-03-02,SH603444,buy,100,100,406.90268148803705,40690.268148803705,12.207080444641111,0.0,filled
2026-03-02,SH603699,buy,700,700,54.41067956542968,38087.47569580078,11.426242708740233,0.0,filled
2026-03-02,SH688019,buy,1500,1500,201.05527030944822,301582.9054641723,90.47487163925169,0.0,filled
2026-03-02,SH688336,buy,500,500,40.29631379699707,20148.156898498535,6.04444706954956,0.0,filled
2026-03-02,SH688386,buy,100,100,94.67553646087646,9467.553646087646,5.0,0.0,filled
2026-03-02,SH688411,buy,1400,1400,217.08866744995115,303924.1344299316,91.17724032897947,0.0,filled
2026-03-02,SZ000408,buy,3700,3700,85.08938365173339,314830.71951141354,94.44921585342405,0.0,filled
2026-03-02,SZ001309,buy,100,100,249.07420379638668,24907.42037963867,7.4722261138916,0.0,filled
2026-03-02,SZ001337,buy,6000,6000,52.29907681655883,313794.46089935297,94.13833826980589,0.0,filled
2026-03-02,SZ002558,buy,2100,2100,35.64394573974609,74852.28605346679,22.455685816040035,0.0,filled
2026-03-02,SZ300274,buy,300,300,141.5498251647949,42464.94754943847,12.739484264831539,0.0,filled
2026-03-02,SZ300308,buy,200,200,519.9049446411133,103980.98892822265,31.19429667846679,0.0,filled
2026-03-02,SZ300502,buy,300,300,248.31149421691893,74493.44826507568,22.348034479522703,0.0,filled
2026-03-02,SZ301128,buy,100,100,77.2484893722534,7724.848937225341,5.0,0.0,filled
2026-03-02,SZ301345,buy,100,100,208.1532578125,20815.325781249998,6.244597734374999,0.0,filled
2026-03-02,SZ301607,buy,9100,9100,34.71780766677856,315932.0497676849,94.77961493030546,0.0,filled
2026-04-01,SH600183,sell,4700,4700,55.18622124481201,259375.23985061646,77.81257195518494,129.68761992530824,filled
2026-04-01,SH600988,sell,600,600,44.0831386642456,26449.883198547363,7.934964959564208,13.22494159927368,filled
2026-04-01,SH688019,sell,1500,1500,198.28493028259277,297427.39542388916,89.22821862716674,148.71369771194458,filled
2026-04-01,SH688336,sell,1900,1900,52.44278974914551,99641.30052337647,29.89239015701294,49.820650261688236,filled
2026-04-01,SH688386,sell,3300,3300,79.85287511444092,263514.487877655,79.0543463632965,131.75724393882751,filled
2026-04-01,SH688411,sell,100,100,232.3144500732422,23231.44500732422,6.969433502197265,11.61572250366211,filled
2026-04-01,SZ000408,sell,3700,3700,80.32442610168457,297200.3765762329,89.16011297286987,148.60018828811644,filled
2026-04-01,SZ000603,sell,5900,5900,39.98712586212158,235924.04258651732,70.77721277595519,117.96202129325866,filled
2026-04-01,SZ001309,sell,1200,1200,417.2512153930664,500701.45847167965,150.2104375415039,250.35072923583982,filled
2026-04-01,SZ002558,sell,8900,8900,32.03057850265503,285072.1486736298,85.52164460208893,142.5360743368149,filled
2026-04-01,SZ300274,sell,2200,2200,140.084049407959,308184.9086975098,92.45547260925292,154.0924543487549,filled
2026-04-01,SZ300308,sell,100,100,589.7118218994141,58971.182189941406,17.69135465698242,29.485591094970705,filled
2026-04-01,SZ300502,sell,300,300,328.9070308227539,98672.10924682616,29.601632774047847,49.336054623413084,filled
2026-04-01,SZ301128,sell,4100,4100,107.28673276519775,439875.60433731077,131.96268130119321,219.9378021686554,filled
2026-04-01,SZ301345,sell,100,100,216.10861097717284,21610.861097717283,6.483258329315184,10.805430548858642,filled
2026-04-01,SZ301607,sell,9100,9100,32.1010645866394,292119.6877384186,87.63590632152557,146.0598438692093,filled
2026-04-01,SH600549,buy,1200,1200,56.70838513183593,68050.06215820312,20.415018647460933,0.0,filled
2026-04-01,SH601138,buy,100,100,53.04834141540527,5304.834141540527,5.0,0.0,filled
2026-04-01,SH601899,buy,9300,9300,33.39612139511108,310583.92897453305,93.1751786923599,0.0,filled
2026-04-01,SH603163,buy,700,700,107.60084815216064,75320.59370651245,22.59617811195373,0.0,filled
2026-04-01,SH603444,buy,100,100,361.6855124206543,36168.55124206543,10.850565372619627,0.0,filled
2026-04-01,SH603699,buy,600,600,48.68605043792724,29211.630262756345,8.763489078826902,0.0,filled
2026-04-01,SH603929,buy,1600,1600,185.57540466308592,296920.6474609375,89.07619423828125,0.0,filled
2026-04-01,SH688025,buy,1400,1400,223.74786210632323,313247.0069488525,93.97410208465574,0.0,filled
2026-04-01,SH688127,buy,5300,5300,58.16368877410888,308267.55050277704,92.4802651508331,0.0,filled
2026-04-01,SH688630,buy,1500,1500,200.64960687255856,300974.41030883783,90.29232309265134,0.0,filled
2026-04-01,SZ000426,buy,1800,1800,41.941855705261226,75495.34026947021,22.648602080841062,0.0,filled
2026-04-01,SZ001337,buy,100,100,51.091934448242185,5109.193444824218,5.0,0.0,filled
2026-04-01,SZ001389,buy,2600,2600,119.19816539001464,309915.23001403804,92.9745690042114,0.0,filled
2026-04-01,SZ002916,buy,1300,1300,224.66201387023924,292060.618031311,87.6181854093933,0.0,filled
2026-04-01,SZ300394,buy,100,100,226.03513549804686,22603.513549804684,6.781054064941404,0.0,filled
2026-04-01,SZ300476,buy,200,200,258.58715573120116,51717.43114624023,15.515229343872068,0.0,filled
2026-04-01,SZ300548,buy,1900,1900,158.7599960479736,301643.99249114987,90.49319774734495,0.0,filled
2026-04-01,SZ300604,buy,300,300,124.06463741302488,37219.39122390746,11.165817367172238,0.0,filled
2026-04-01,SZ300857,buy,400,400,154.28039274597165,61712.15709838866,18.5136471295166,0.0,filled
2026-04-01,SZ300972,buy,100,100,184.5619257659912,18456.19257659912,5.536857772979735,0.0,filled
2026-04-01,SZ301200,buy,1800,1800,165.21184550476073,297381.3219085693,89.21439657257079,0.0,filled
2026-04-01,SZ301377,buy,1500,1500,198.07014094543456,297105.21141815186,89.13156342544555,0.0,filled
2026-05-06,SH600988,sell,7100,7100,38.198263286590574,271207.66933479306,81.36230080043791,135.60383466739654,filled
2026-05-06,SH601899,sell,9300,9300,32.974774200439455,306665.40006408695,91.99962001922607,153.33270003204348,filled
2026-05-06,SH603163,sell,2900,2900,98.69766654968262,286223.2329940796,85.86696989822387,143.1116164970398,filled
2026-05-06,SH603268,sell,200,200,149.8458080291748,29969.16160583496,8.990748481750488,14.984580802917481,filled
2026-05-06,SH603444,sell,800,800,397.2599046936035,317807.9237548828,95.34237712646484,158.90396187744142,filled
2026-05-06,SH603699,sell,6400,6400,62.11050722122192,397507.2462158203,119.25217386474608,198.75362310791016,filled
2026-05-06,SH688025,sell,400,400,354.90103033447264,141960.41213378907,42.588123640136715,70.98020606689454,filled
2026-05-06,SH688072,sell,800,800,466.5180003662109,373214.4002929687,111.96432008789061,186.60720014648436,filled
2026-05-06,SH688127,sell,400,400,76.46556452178955,30586.22580871582,9.175867742614745,15.29311290435791,filled
2026-05-06,SH688630,sell,1500,1500,262.73541467285156,394103.12200927734,118.23093660278319,197.05156100463867,filled
2026-05-06,SZ001337,sell,6100,6100,53.390133235931394,325679.8127391815,97.70394382175445,162.83990636959075,filled
2026-05-06,SZ001389,sell,400,400,168.7344779663086,67493.79118652343,20.248137355957027,33.74689559326172,filled
2026-05-06,SZ002916,sell,1300,1300,323.12333056640625,420060.3297363281,126.01809892089842,210.03016486816406,filled
2026-05-06,SZ300308,sell,100,100,887.6118658447266,88761.18658447266,26.628355975341794,44.38059329223633,filled
2026-05-06,SZ300476,sell,1200,1200,333.6754509887695,400410.5411865234,120.123162355957,200.2052705932617,filled
2026-05-06,SZ300548,sell,1900,1900,260.3790087890625,494720.1166992187,148.4160350097656,247.36005834960935,filled
2026-05-06,SZ300604,sell,400,400,177.4385794830322,70975.43179321289,21.292629537963865,35.487715896606446,filled
2026-05-06,SZ300857,sell,600,600,265.9317085876465,159559.02515258788,47.86770754577636,79.77951257629394,filled
2026-05-06,SZ300972,sell,1600,1600,222.78346325683594,356453.5412109375,106.93606236328124,178.22677060546874,filled
2026-05-06,SZ301345,sell,100,100,272.2503652954102,27225.03652954102,8.167510958862305,13.61251826477051,filled
2026-05-06,SH600549,buy,1000,1000,57.29558826446532,57295.588264465325,17.188676479339595,0.0,filled
2026-05-06,SH603256,buy,3000,3000,122.57861766052245,367735.8529815674,110.32075589447021,0.0,filled
2026-05-06,SH603629,buy,3500,3500,107.13344701385496,374967.0645484924,112.4901193645477,0.0,filled
2026-05-06,SH603929,buy,300,300,190.42193641662595,57126.580924987786,17.137974277496333,0.0,filled
2026-05-06,SH603993,buy,20200,20200,18.64998473167419,376729.69157981867,113.01890747394559,0.0,filled
2026-05-06,SH688059,buy,3700,3700,101.30603881835937,374832.3436279297,112.4497030883789,0.0,filled
2026-05-06,SH688183,buy,3300,3300,111.58077625274657,368216.5616340637,110.4649684902191,0.0,filled
2026-05-06,SH688336,buy,1600,1600,49.9158709487915,79865.3935180664,23.959618055419917,0.0,filled
2026-05-06,SH688411,buy,100,100,260.87676605224607,26087.676605224606,7.826302981567381,0.0,filled
2026-05-06,SZ000426,buy,1300,1300,43.223252857208244,56190.228714370714,16.857068614311213,0.0,filled
2026-05-06,SZ000657,buy,6400,6400,58.37800275802611,373619.21765136713,112.08576529541013,0.0,filled
2026-05-06,SZ000792,buy,9400,9400,40.10961529159545,377030.38374099723,113.10911512229916,0.0,filled
2026-05-06,SZ002378,buy,11200,11200,33.72952331161498,377770.6610900878,113.33119832702633,0.0,filled
2026-05-06,SZ002463,buy,3600,3600,104.5187744064331,376267.58786315913,112.88027635894773,0.0,filled
2026-05-06,SZ002842,buy,9700,9700,38.94197161102294,377737.12462692254,113.32113738807675,0.0,filled
2026-05-06,SZ300139,buy,7100,7100,52.92049763488769,375735.53320770257,112.72065996231076,0.0,filled
2026-05-06,SZ300394,buy,300,300,223.30792370605465,66992.3771118164,20.097713133544918,0.0,filled
2026-05-06,SZ300475,buy,1900,1900,189.11209516906737,359312.980821228,107.7938942463684,0.0,filled
2026-05-06,SZ301200,buy,200,200,183.69669677734373,36739.33935546875,11.021801806640624,0.0,filled
2026-05-06,SZ301377,buy,100,100,235.23147169494626,23523.147169494627,7.056944150848388,0.0,filled
2026-06-01,SH600549,sell,6500,6500,55.15561985778809,358511.52907562256,107.55345872268676,179.25576453781127,filled
2026-06-01,SH601138,sell,500,500,75.12100893402099,37560.5044670105,11.268151340103149,18.780252233505248,filled
2026-06-01,SH603256,sell,800,800,181.69585359191893,145356.68287353514,43.60700486206054,72.67834143676757,filled
2026-06-01,SH603993,sell,20200,20200,18.533171756744384,374370.06948623655,112.31102084587096,187.18503474311828,filled
2026-06-01,SH688059,sell,3700,3700,101.6276178817749,376022.1861625671,112.80665584877012,188.01109308128355,filled
2026-06-01,SH688127,sell,100,100,84.37655278015137,8437.655278015138,5.0,4.218827639007569,filled
2026-06-01,SH688183,sell,400,400,139.21798823547363,55687.19529418945,16.706158588256834,27.843597647094725,filled
2026-06-01,SH688336,sell,7500,7500,45.15037251663208,338627.7938747406,101.58833816242218,169.31389693737032,filled
2026-06-01,SZ000657,sell,400,400,67.77745346832275,27110.9813873291,8.133294416198728,13.555490693664549,filled
2026-06-01,SZ001389,sell,100,100,194.61386137390136,19461.386137390135,5.8384158412170395,9.730693068695068,filled
2026-06-01,SZ002463,sell,500,500,131.9094319152832,65954.7159576416,19.78641478729248,32.9773579788208,filled
2026-06-01,SZ300308,sell,100,100,1159.839,115983.9,34.79516999999999,57.991949999999996,filled
2026-06-01,SZ300394,sell,400,400,327.50776620483396,131003.10648193359,39.30093194458007,65.5015532409668,filled
2026-06-01,SZ300502,sell,100,100,505.3649482727051,50536.49482727051,15.16094844818115,25.268247413635255,filled
2026-06-01,SZ300604,sell,200,200,208.6918865661621,41738.37731323242,12.521513193969724,20.86918865661621,filled
2026-06-01,SZ301200,sell,600,600,279.72359747314454,167834.1584838867,50.350247545166006,83.91707924194336,filled
2026-06-01,SZ301377,sell,500,500,344.06760580444336,172033.80290222168,51.6101408706665,86.01690145111084,filled
2026-06-01,SH600961,buy,16400,16400,25.025326482772826,410415.35431747435,123.1246062952423,0.0,filled
2026-06-01,SH603061,buy,1400,1400,288.7117937316894,404196.51122436515,121.25895336730953,0.0,filled
2026-06-01,SH603268,buy,400,400,137.05734584045408,54822.93833618163,16.446881500854488,0.0,filled
2026-06-01,SH603929,buy,800,800,150.10737013244628,120085.89610595703,36.025768831787104,0.0,filled
2026-06-01,SH688002,buy,3200,3200,127.52826451110839,408090.44643554685,122.42713393066404,0.0,filled
2026-06-01,SH688629,buy,2900,2900,140.13890026855466,406402.81077880855,121.92084323364256,0.0,filled
2026-06-01,SZ000426,buy,1800,1800,38.94879529190063,70107.83152542113,21.03234945762634,0.0,filled
2026-06-01,SZ000792,buy,4000,4000,30.530576370239256,122122.30548095703,36.636691644287104,0.0,filled
2026-06-01,SZ002378,buy,2700,2700,29.347551723480223,79238.3896533966,23.77151689601898,0.0,filled
2026-06-01,SZ002842,buy,3100,3100,31.926670166015622,98972.67751464843,29.691803254394525,0.0,filled
2026-06-01,SZ300139,buy,2200,2200,43.81559188842773,96394.30215454102,28.9182906463623,0.0,filled
2026-06-01,SZ300475,buy,300,300,180.59899768066404,54179.69930419921,16.253909791259762,0.0,filled
2026-06-01,SZ300857,buy,300,300,239.86709939575192,71960.12981872557,21.58803894561767,0.0,filled
2026-06-01,SZ301345,buy,600,600,207.4098851776123,124445.93110656738,37.33377933197021,0.0,filled
2026-07-01,SH600961,sell,900,900,32.027430713653565,28824.68764228821,8.647406292686462,14.412343821144106,filled
2026-07-01,SH603061,sell,500,500,504.5014022827148,252250.70114135742,75.67521034240723,126.12535057067872,filled
2026-07-01,SH603256,sell,400,400,268.28817544555665,107315.27017822266,32.1945810534668,53.65763508911133,filled
2026-07-01,SH603929,sell,900,900,269.03507794189454,242131.5701477051,72.63947104431152,121.06578507385255,filled
2026-07-01,SH688002,sell,3200,3200,154.23888674926758,493564.4375976563,148.06933127929688,246.78221879882815,filled
2026-07-01,SH688629,sell,300,300,188.8113506011963,56643.40518035889,16.993021554107663,28.321702590179445,filled
2026-07-01,SZ000657,sell,1000,1000,98.25863001251221,98258.6300125122,29.47758900375366,49.12931500625611,filled
2026-07-01,SZ000792,sell,13400,13400,30.289694938659668,405881.91217803955,121.76457365341186,202.94095608901978,filled
2026-07-01,SZ002842,sell,2600,2600,48.66773709869385,126536.11645660401,37.9608349369812,63.268058228302,filled
2026-07-01,SZ300139,sell,9300,9300,36.067476894378665,335427.5351177216,100.62826053531647,167.7137675588608,filled
2026-07-01,SZ300475,sell,600,600,299.5941794128418,179756.5076477051,53.92695229431152,89.87825382385255,filled
2026-07-01,SZ300604,sell,500,500,349.5607033996582,174780.3516998291,52.43410550994873,87.39017584991456,filled
2026-07-01,SZ300857,sell,300,300,338.6604817199707,101598.1445159912,30.479443354797358,50.7990722579956,filled
2026-07-01,SZ301200,sell,100,100,360.286508605957,36028.6508605957,10.808595258178709,18.01432543029785,filled
2026-07-01,SZ301345,sell,1900,1900,226.77470727539063,430871.9438232422,129.26158314697264,215.43597191162112,filled
2026-07-01,SZ301377,sell,200,200,551.1320930786133,110226.41861572265,33.06792558471679,55.113209307861325,filled
2026-07-01,SH600183,buy,2800,2800,173.57310368347166,486004.69031372067,145.8014070941162,0.0,filled
2026-07-01,SH601138,buy,1400,1400,73.07406918334961,102303.69685668945,30.691109057006834,0.0,filled
2026-07-01,SH603268,buy,600,600,139.4340182342529,83660.41094055174,25.09812328216552,0.0,filled
2026-07-01,SH603629,buy,300,300,130.74888914489745,39224.666743469235,11.76740002304077,0.0,filled
2026-07-01,SH605117,buy,4700,4700,104.60423270416258,491639.8937095641,147.49196811286922,0.0,filled
2026-07-01,SH688059,buy,3300,3300,148.0822757720947,488671.51004791254,146.60145301437376,0.0,filled
2026-07-01,SH688127,buy,300,300,96.72308367156981,29016.925101470944,8.705077530441283,0.0,filled
2026-07-01,SH688183,buy,800,800,132.70346322631835,106162.77058105468,31.8488311743164,0.0,filled
2026-07-01,SH688256,buy,300,300,1561.5560898437498,468466.82695312495,140.54004808593749,0.0,filled
2026-07-01,SH688411,buy,300,300,290.03577874755854,87010.73362426757,26.103220087280267,0.0,filled
2026-07-01,SZ000426,buy,4600,4600,32.93282897567749,151491.01328811643,45.447303986434925,0.0,filled
2026-07-01,SZ002378,buy,800,800,33.992943359375,27194.3546875,8.158306406249999,0.0,filled
2026-07-01,SZ002463,buy,100,100,152.95268086242675,15295.268086242675,5.0,0.0,filled
2026-07-01,SZ300394,buy,400,400,301.3011832885742,120520.47331542967,36.156141994628896,0.0,filled
