scenario,trade_date,cash,shares,close,total_value,daily_return,target_weight,actual_open_weight,absolute_target_gap,decision_required,rebalance_incomplete
risk-friction__threshold-0p05__capital-1e+06__volume-0p01__slippage-0p002,2023-12-25,1000000.0,0,0.883,1000000.0,0.0,0.0,0.0,0.0,False,False
risk-friction__threshold-0p05__capital-1e+06__volume-0p01__slippage-0p002,2023-12-26,1000000.0,0,0.868,1000000.0,0.0,0.0,0.0,0.0,False,False
risk-friction__threshold-0p05__capital-1e+06__volume-0p01__slippage-0p002,2023-12-27,1000000.0,0,0.873,1000000.0,0.0,0.0,0.0,0.0,False,False
risk-friction__threshold-0p05__capital-1e+06__volume-0p01__slippage-0p002,2023-12-28,1000000.0,0,0.894,1000000.0,0.0,0.0,0.0,0.0,False,False
risk-friction__threshold-0p05__capital-1e+06__volume-0p01__slippage-0p002,2023-12-29,1000000.0,0,0.897,1000000.0,0.0,0.0,0.0,0.0,False,False
risk-friction__threshold-0p05__capital-1e+06__volume-0p01__slippage-0p002,2024-01-02,1000000.0,0,0.886,1000000.0,0.0,0.0,0.0,0.0,False,False
risk-friction__threshold-0p05__capital-1e+06__volume-0p01__slippage-0p002,2024-01-03,1000000.0,0,0.874,1000000.0,0.0,0.0,0.0,0.0,False,False
risk-friction__threshold-0p05__capital-1e+06__volume-0p01__slippage-0p002,2024-01-04,1000000.0,0,0.866,1000000.0,0.0,0.0,0.0,0.0,False,False
risk-friction__threshold-0p05__capital-1e+06__volume-0p01__slippage-0p002,2024-01-05,1000000.0,0,0.849,1000000.0,0.0,0.0,0.0,0.0,False,False
risk-friction__threshold-0p05__capital-1e+06__volume-0p01__slippage-0p002,2024-01-08,1000000.0,0,0.824,1000000.0,0.0,0.0,0.0,0.0,False,False
risk-friction__threshold-0p05__capital-1e+06__volume-0p01__slippage-0p002,2024-01-09,1000000.0,0,0.824,1000000.0,0.0,0.0,0.0,0.0,False,False
risk-friction__threshold-0p05__capital-1e+06__volume-0p01__slippage-0p002,2024-01-10,1000000.0,0,0.818,1000000.0,0.0,0.0,0.0,0.0,False,False
risk-friction__threshold-0p05__capital-1e+06__volume-0p01__slippage-0p002,2024-01-11,1000000.0,0,0.829,1000000.0,0.0,0.0,0.0,0.0,False,False
risk-friction__threshold-0p05__capital-1e+06__volume-0p01__slippage-0p002,2024-01-12,1000000.0,0,0.818,1000000.0,0.0,0.0,0.0,0.0,False,False
risk-friction__threshold-0p05__capital-1e+06__volume-0p01__slippage-0p002,2024-01-15,1000000.0,0,0.813,1000000.0,0.0,0.0,0.0,0.0,False,False
risk-friction__threshold-0p05__capital-1e+06__volume-0p01__slippage-0p002,2024-01-16,1000000.0,0,0.817,1000000.0,0.0,0.0,0.0,0.0,False,False
risk-friction__threshold-0p05__capital-1e+06__volume-0p01__slippage-0p002,2024-01-17,1000000.0,0,0.795,1000000.0,0.0,0.0,0.0,0.0,False,False
risk-friction__threshold-0p05__capital-1e+06__volume-0p01__slippage-0p002,2024-01-18,1000000.0,0,0.806,1000000.0,0.0,0.0,0.0,0.0,False,False
risk-friction__threshold-0p05__capital-1e+06__volume-0p01__slippage-0p002,2024-01-19,1000000.0,0,0.803,1000000.0,0.0,0.0,0.0,0.0,False,False
risk-friction__threshold-0p05__capital-1e+06__volume-0p01__slippage-0p002,2024-01-22,1000000.0,0,0.776,1000000.0,0.0,0.0,0.0,0.0,False,False
risk-friction__threshold-0p05__capital-1e+06__volume-0p01__slippage-0p002,2024-01-23,1000000.0,0,0.786,1000000.0,0.0,0.0,0.0,0.0,False,False
risk-friction__threshold-0p05__capital-1e+06__volume-0p01__slippage-0p002,2024-01-24,1000000.0,0,0.788,1000000.0,0.0,0.0,0.0,0.0,False,False
risk-friction__threshold-0p05__capital-1e+06__volume-0p01__slippage-0p002,2024-01-25,1000000.0,0,0.804,1000000.0,0.0,0.0,0.0,0.0,False,False
risk-friction__threshold-0p05__capital-1e+06__volume-0p01__slippage-0p002,2024-01-26,1000000.0,0,0.785,1000000.0,0.0,0.0,0.0,0.0,False,False
risk-friction__threshold-0p05__capital-1e+06__volume-0p01__slippage-0p002,2024-01-29,1000000.0,0,0.764,1000000.0,0.0,0.0,0.0,0.0,False,False
risk-friction__threshold-0p05__capital-1e+06__volume-0p01__slippage-0p002,2024-01-30,1000000.0,0,0.735,1000000.0,0.0,0.0,0.0,0.0,False,False
risk-friction__threshold-0p05__capital-1e+06__volume-0p01__slippage-0p002,2024-01-31,1000000.0,0,0.722,1000000.0,0.0,0.0,0.0,0.0,False,False
risk-friction__threshold-0p05__capital-1e+06__volume-0p01__slippage-0p002,2024-02-01,1000000.0,0,0.726,1000000.0,0.0,0.0,0.0,0.0,False,False
risk-friction__threshold-0p05__capital-1e+06__volume-0p01__slippage-0p002,2024-02-02,1000000.0,0,0.707,1000000.0,0.0,0.0,0.0,0.0,False,False
risk-friction__threshold-0p05__capital-1e+06__volume-0p01__slippage-0p002,2024-02-05,1000000.0,0,0.709,1000000.0,0.0,0.0,0.0,0.0,False,False
risk-friction__threshold-0p05__capital-1e+06__volume-0p01__slippage-0p002,2024-02-06,1000000.0,0,0.757,1000000.0,0.0,0.0,0.0,0.0,False,False
risk-friction__threshold-0p05__capital-1e+06__volume-0p01__slippage-0p002,2024-02-07,1000000.0,0,0.777,1000000.0,0.0,0.0,0.0,0.0,False,False
risk-friction__threshold-0p05__capital-1e+06__volume-0p01__slippage-0p002,2024-02-08,1000000.0,0,0.786,1000000.0,0.0,0.0,0.0,0.0,False,False
risk-friction__threshold-0p05__capital-1e+06__volume-0p01__slippage-0p002,2024-02-19,1000000.0,0,0.798,1000000.0,0.0,0.0,0.0,0.0,False,False
risk-friction__threshold-0p05__capital-1e+06__volume-0p01__slippage-0p002,2024-02-20,1000000.0,0,0.79,1000000.0,0.0,0.0,0.0,0.0,False,False
risk-friction__threshold-0p05__capital-1e+06__volume-0p01__slippage-0p002,2024-02-21,1000000.0,0,0.791,1000000.0,0.0,0.0,0.0,0.0,False,False
risk-friction__threshold-0p05__capital-1e+06__volume-0p01__slippage-0p002,2024-02-22,1000000.0,0,0.799,1000000.0,0.0,0.0,0.0,0.0,False,False
risk-friction__threshold-0p05__capital-1e+06__volume-0p01__slippage-0p002,2024-02-23,1000000.0,0,0.801,1000000.0,0.0,0.0,0.0,0.0,False,False
risk-friction__threshold-0p05__capital-1e+06__volume-0p01__slippage-0p002,2024-02-26,1000000.0,0,0.806,1000000.0,0.0,0.0,0.0,0.0,False,False
risk-friction__threshold-0p05__capital-1e+06__volume-0p01__slippage-0p002,2024-02-27,1000000.0,0,0.836,1000000.0,0.0,0.0,0.0,0.0,False,False
risk-friction__threshold-0p05__capital-1e+06__volume-0p01__slippage-0p002,2024-02-28,1000000.0,0,0.808,1000000.0,0.0,0.0,0.0,0.0,False,False
risk-friction__threshold-0p05__capital-1e+06__volume-0p01__slippage-0p002,2024-02-29,1000000.0,0,0.847,1000000.0,0.0,0.0,0.0,0.0,False,False
risk-friction__threshold-0p05__capital-1e+06__volume-0p01__slippage-0p002,2024-03-01,1000000.0,0,0.855,1000000.0,0.0,0.0,0.0,0.0,False,False
risk-friction__threshold-0p05__capital-1e+06__volume-0p01__slippage-0p002,2024-03-04,1000000.0,0,0.856,1000000.0,0.0,0.0,0.0,0.0,False,False
risk-friction__threshold-0p05__capital-1e+06__volume-0p01__slippage-0p002,2024-03-05,1000000.0,0,0.857,1000000.0,0.0,0.0,0.0,0.0,False,False
risk-friction__threshold-0p05__capital-1e+06__volume-0p01__slippage-0p002,2024-03-06,1000000.0,0,0.85,1000000.0,0.0,0.0,0.0,0.0,False,False
risk-friction__threshold-0p05__capital-1e+06__volume-0p01__slippage-0p002,2024-03-07,1000000.0,0,0.832,1000000.0,0.0,0.0,0.0,0.0,False,False
risk-friction__threshold-0p05__capital-1e+06__volume-0p01__slippage-0p002,2024-03-08,1000000.0,0,0.841,1000000.0,0.0,0.0,0.0,0.0,False,False
risk-friction__threshold-0p05__capital-1e+06__volume-0p01__slippage-0p002,2024-03-11,1000000.0,0,0.857,1000000.0,0.0,0.0,0.0,0.0,False,False
risk-friction__threshold-0p05__capital-1e+06__volume-0p01__slippage-0p002,2024-03-12,1000000.0,0,0.856,1000000.0,0.0,0.0,0.0,0.0,False,False
risk-friction__threshold-0p05__capital-1e+06__volume-0p01__slippage-0p002,2024-03-13,1000000.0,0,0.853,1000000.0,0.0,0.0,0.0,0.0,False,False
risk-friction__threshold-0p05__capital-1e+06__volume-0p01__slippage-0p002,2024-03-14,1000000.0,0,0.842,1000000.0,0.0,0.0,0.0,0.0,False,False
risk-friction__threshold-0p05__capital-1e+06__volume-0p01__slippage-0p002,2024-03-15,1000000.0,0,0.847,1000000.0,0.0,0.0,0.0,0.0,False,False
risk-friction__threshold-0p05__capital-1e+06__volume-0p01__slippage-0p002,2024-03-18,1000000.0,0,0.864,1000000.0,0.0,0.0,0.0,0.0,False,False
risk-friction__threshold-0p05__capital-1e+06__volume-0p01__slippage-0p002,2024-03-19,1000000.0,0,0.852,1000000.0,0.0,0.0,0.0,0.0,False,False
risk-friction__threshold-0p05__capital-1e+06__volume-0p01__slippage-0p002,2024-03-20,1000000.0,0,0.854,1000000.0,0.0,0.0,0.0,0.0,False,False
risk-friction__threshold-0p05__capital-1e+06__volume-0p01__slippage-0p002,2024-03-21,1000000.0,0,0.846,1000000.0,0.0,0.0,0.0,0.0,False,False
risk-friction__threshold-0p05__capital-1e+06__volume-0p01__slippage-0p002,2024-03-22,1000000.0,0,0.832,1000000.0,0.0,0.0,0.0,0.0,False,False
risk-friction__threshold-0p05__capital-1e+06__volume-0p01__slippage-0p002,2024-03-25,1000000.0,0,0.82,1000000.0,0.0,0.0,0.0,0.0,False,False
risk-friction__threshold-0p05__capital-1e+06__volume-0p01__slippage-0p002,2024-03-26,1000000.0,0,0.81,1000000.0,0.0,0.0,0.0,0.0,False,False
risk-friction__threshold-0p05__capital-1e+06__volume-0p01__slippage-0p002,2024-03-27,1000000.0,0,0.789,1000000.0,0.0,0.0,0.0,0.0,False,False
risk-friction__threshold-0p05__capital-1e+06__volume-0p01__slippage-0p002,2024-03-28,1000000.0,0,0.799,1000000.0,0.0,0.0,0.0,0.0,False,False
risk-friction__threshold-0p05__capital-1e+06__volume-0p01__slippage-0p002,2024-03-29,1000000.0,0,0.8,1000000.0,0.0,0.0,0.0,0.0,False,False
risk-friction__threshold-0p05__capital-1e+06__volume-0p01__slippage-0p002,2024-04-01,1000000.0,0,0.813,1000000.0,0.0,0.0,0.0,0.0,False,False
risk-friction__threshold-0p05__capital-1e+06__volume-0p01__slippage-0p002,2024-04-02,1000000.0,0,0.806,1000000.0,0.0,0.0,0.0,0.0,False,False
risk-friction__threshold-0p05__capital-1e+06__volume-0p01__slippage-0p002,2024-04-03,1000000.0,0,0.794,1000000.0,0.0,0.0,0.0,0.0,False,False
risk-friction__threshold-0p05__capital-1e+06__volume-0p01__slippage-0p002,2024-04-08,1000000.0,0,0.778,1000000.0,0.0,0.0,0.0,0.0,False,False
risk-friction__threshold-0p05__capital-1e+06__volume-0p01__slippage-0p002,2024-04-09,1000000.0,0,0.785,1000000.0,0.0,0.0,0.0,0.0,False,False
risk-friction__threshold-0p05__capital-1e+06__volume-0p01__slippage-0p002,2024-04-10,1000000.0,0,0.773,1000000.0,0.0,0.0,0.0,0.0,False,False
risk-friction__threshold-0p05__capital-1e+06__volume-0p01__slippage-0p002,2024-04-11,1000000.0,0,0.774,1000000.0,0.0,0.0,0.0,0.0,False,False
risk-friction__threshold-0p05__capital-1e+06__volume-0p01__slippage-0p002,2024-04-12,1000000.0,0,0.773,1000000.0,0.0,0.0,0.0,0.0,False,False
risk-friction__threshold-0p05__capital-1e+06__volume-0p01__slippage-0p002,2024-04-15,1000000.0,0,0.785,1000000.0,0.0,0.0,0.0,0.0,False,False
risk-friction__threshold-0p05__capital-1e+06__volume-0p01__slippage-0p002,2024-04-16,1000000.0,0,0.768,1000000.0,0.0,0.0,0.0,0.0,False,False
risk-friction__threshold-0p05__capital-1e+06__volume-0p01__slippage-0p002,2024-04-17,1000000.0,0,0.785,1000000.0,0.0,0.0,0.0,0.0,False,False
risk-friction__threshold-0p05__capital-1e+06__volume-0p01__slippage-0p002,2024-04-18,1000000.0,0,0.781,1000000.0,0.0,0.0,0.0,0.0,False,False
risk-friction__threshold-0p05__capital-1e+06__volume-0p01__slippage-0p002,2024-04-19,1000000.0,0,0.765,1000000.0,0.0,0.0,0.0,0.0,False,False
risk-friction__threshold-0p05__capital-1e+06__volume-0p01__slippage-0p002,2024-04-22,1000000.0,0,0.766,1000000.0,0.0,0.0,0.0,0.0,False,False
risk-friction__threshold-0p05__capital-1e+06__volume-0p01__slippage-0p002,2024-04-23,1000000.0,0,0.763,1000000.0,0.0,0.0,0.0,0.0,False,False
risk-friction__threshold-0p05__capital-1e+06__volume-0p01__slippage-0p002,2024-04-24,1000000.0,0,0.773,1000000.0,0.0,0.0,0.0,0.0,False,False
risk-friction__threshold-0p05__capital-1e+06__volume-0p01__slippage-0p002,2024-04-25,1000000.0,0,0.768,1000000.0,0.0,0.0,0.0,0.0,False,False
risk-friction__threshold-0p05__capital-1e+06__volume-0p01__slippage-0p002,2024-04-26,1000000.0,0,0.787,1000000.0,0.0,0.0,0.0,0.0,False,False
risk-friction__threshold-0p05__capital-1e+06__volume-0p01__slippage-0p002,2024-04-29,1000000.0,0,0.812,1000000.0,0.0,0.0,0.0,0.0,False,False
risk-friction__threshold-0p05__capital-1e+06__volume-0p01__slippage-0p002,2024-04-30,1000000.0,0,0.804,1000000.0,0.0,0.0,0.0,0.0,False,False
risk-friction__threshold-0p05__capital-1e+06__volume-0p01__slippage-0p002,2024-05-06,1000000.0,0,0.813,1000000.0,0.0,0.0,0.0,0.0,False,False
risk-friction__threshold-0p05__capital-1e+06__volume-0p01__slippage-0p002,2024-05-07,1000000.0,0,0.806,1000000.0,0.0,0.0,0.0,0.0,False,False
risk-friction__threshold-0p05__capital-1e+06__volume-0p01__slippage-0p002,2024-05-08,1000000.0,0,0.797,1000000.0,0.0,0.0,0.0,0.0,False,False
risk-friction__threshold-0p05__capital-1e+06__volume-0p01__slippage-0p002,2024-05-09,1000000.0,0,0.815,1000000.0,0.0,0.0,0.0,0.0,False,False
risk-friction__threshold-0p05__capital-1e+06__volume-0p01__slippage-0p002,2024-05-10,1000000.0,0,0.804,1000000.0,0.0,0.0,0.0,0.0,False,False
risk-friction__threshold-0p05__capital-1e+06__volume-0p01__slippage-0p002,2024-05-13,1000000.0,0,0.798,1000000.0,0.0,0.0,0.0,0.0,False,False
risk-friction__threshold-0p05__capital-1e+06__volume-0p01__slippage-0p002,2024-05-14,1000000.0,0,0.796,1000000.0,0.0,0.0,0.0,0.0,False,False
risk-friction__threshold-0p05__capital-1e+06__volume-0p01__slippage-0p002,2024-05-15,1000000.0,0,0.784,1000000.0,0.0,0.0,0.0,0.0,False,False
risk-friction__threshold-0p05__capital-1e+06__volume-0p01__slippage-0p002,2024-05-16,1000000.0,0,0.781,1000000.0,0.0,0.0,0.0,0.0,False,False
risk-friction__threshold-0p05__capital-1e+06__volume-0p01__slippage-0p002,2024-05-17,1000000.0,0,0.79,1000000.0,0.0,0.0,0.0,0.0,False,False
risk-friction__threshold-0p05__capital-1e+06__volume-0p01__slippage-0p002,2024-05-20,1000000.0,0,0.789,1000000.0,0.0,0.0,0.0,0.0,False,False
risk-friction__threshold-0p05__capital-1e+06__volume-0p01__slippage-0p002,2024-05-21,1000000.0,0,0.783,1000000.0,0.0,0.0,0.0,0.0,False,False
risk-friction__threshold-0p05__capital-1e+06__volume-0p01__slippage-0p002,2024-05-22,1000000.0,0,0.789,1000000.0,0.0,0.0,0.0,0.0,False,False
risk-friction__threshold-0p05__capital-1e+06__volume-0p01__slippage-0p002,2024-05-23,1000000.0,0,0.777,1000000.0,0.0,0.0,0.0,0.0,False,False
risk-friction__threshold-0p05__capital-1e+06__volume-0p01__slippage-0p002,2024-05-24,1000000.0,0,0.761,1000000.0,0.0,0.0,0.0,0.0,False,False
risk-friction__threshold-0p05__capital-1e+06__volume-0p01__slippage-0p002,2024-05-27,1000000.0,0,0.772,1000000.0,0.0,0.0,0.0,0.0,False,False
risk-friction__threshold-0p05__capital-1e+06__volume-0p01__slippage-0p002,2024-05-28,1000000.0,0,0.769,1000000.0,0.0,0.0,0.0,0.0,False,False
risk-friction__threshold-0p05__capital-1e+06__volume-0p01__slippage-0p002,2024-05-29,1000000.0,0,0.769,1000000.0,0.0,0.0,0.0,0.0,False,False
risk-friction__threshold-0p05__capital-1e+06__volume-0p01__slippage-0p002,2024-05-30,1000000.0,0,0.777,1000000.0,0.0,0.0,0.0,0.0,False,False
risk-friction__threshold-0p05__capital-1e+06__volume-0p01__slippage-0p002,2024-05-31,1000000.0,0,0.778,1000000.0,0.0,0.0,0.0,0.0,False,False
risk-friction__threshold-0p05__capital-1e+06__volume-0p01__slippage-0p002,2024-06-03,1000000.0,0,0.785,1000000.0,0.0,0.0,0.0,0.0,False,False
risk-friction__threshold-0p05__capital-1e+06__volume-0p01__slippage-0p002,2024-06-04,1000000.0,0,0.789,1000000.0,0.0,0.0,0.0,0.0,False,False
risk-friction__threshold-0p05__capital-1e+06__volume-0p01__slippage-0p002,2024-06-05,1000000.0,0,0.788,1000000.0,0.0,0.0,0.0,0.0,False,False
risk-friction__threshold-0p05__capital-1e+06__volume-0p01__slippage-0p002,2024-06-06,1000000.0,0,0.779,1000000.0,0.0,0.0,0.0,0.0,False,False
risk-friction__threshold-0p05__capital-1e+06__volume-0p01__slippage-0p002,2024-06-07,1000000.0,0,0.775,1000000.0,0.0,0.0,0.0,0.0,False,False
risk-friction__threshold-0p05__capital-1e+06__volume-0p01__slippage-0p002,2024-06-11,1000000.0,0,0.794,1000000.0,0.0,0.0,0.0,0.0,False,False
risk-friction__threshold-0p05__capital-1e+06__volume-0p01__slippage-0p002,2024-06-12,1000000.0,0,0.793,1000000.0,0.0,0.0,0.0,0.0,False,False
risk-friction__threshold-0p05__capital-1e+06__volume-0p01__slippage-0p002,2024-06-13,1000000.0,0,0.796,1000000.0,0.0,0.0,0.0,0.0,False,False
risk-friction__threshold-0p05__capital-1e+06__volume-0p01__slippage-0p002,2024-06-14,1000000.0,0,0.791,1000000.0,0.0,0.0,0.0,0.0,False,False
risk-friction__threshold-0p05__capital-1e+06__volume-0p01__slippage-0p002,2024-06-17,1000000.0,0,0.794,1000000.0,0.0,0.0,0.0,0.0,False,False
risk-friction__threshold-0p05__capital-1e+06__volume-0p01__slippage-0p002,2024-06-18,1000000.0,0,0.794,1000000.0,0.0,0.0,0.0,0.0,False,False
risk-friction__threshold-0p05__capital-1e+06__volume-0p01__slippage-0p002,2024-06-19,1000000.0,0,0.787,1000000.0,0.0,0.0,0.0,0.0,False,False
risk-friction__threshold-0p05__capital-1e+06__volume-0p01__slippage-0p002,2024-06-20,1000000.0,0,0.791,1000000.0,0.0,0.0,0.0,0.0,False,False
risk-friction__threshold-0p05__capital-1e+06__volume-0p01__slippage-0p002,2024-06-21,1000000.0,0,0.795,1000000.0,0.0,0.0,0.0,0.0,False,False
risk-friction__threshold-0p05__capital-1e+06__volume-0p01__slippage-0p002,2024-06-24,1000000.0,0,0.774,1000000.0,0.0,0.0,0.0,0.0,False,False
risk-friction__threshold-0p05__capital-1e+06__volume-0p01__slippage-0p002,2024-06-25,1000000.0,0,0.751,1000000.0,0.0,0.0,0.0,0.0,False,False
risk-friction__threshold-0p05__capital-1e+06__volume-0p01__slippage-0p002,2024-06-26,1000000.0,0,0.764,1000000.0,0.0,0.0,0.0,0.0,False,False
risk-friction__threshold-0p05__capital-1e+06__volume-0p01__slippage-0p002,2024-06-27,1000000.0,0,0.75,1000000.0,0.0,0.0,0.0,0.0,False,False
risk-friction__threshold-0p05__capital-1e+06__volume-0p01__slippage-0p002,2024-06-28,1000000.0,0,0.745,1000000.0,0.0,0.0,0.0,0.0,False,False
risk-friction__threshold-0p05__capital-1e+06__volume-0p01__slippage-0p002,2024-07-01,1000000.0,0,0.743,1000000.0,0.0,0.0,0.0,0.0,False,False
risk-friction__threshold-0p05__capital-1e+06__volume-0p01__slippage-0p002,2024-07-02,1000000.0,0,0.732,1000000.0,0.0,0.0,0.0,0.0,False,False
risk-friction__threshold-0p05__capital-1e+06__volume-0p01__slippage-0p002,2024-07-03,1000000.0,0,0.734,1000000.0,0.0,0.0,0.0,0.0,False,False
risk-friction__threshold-0p05__capital-1e+06__volume-0p01__slippage-0p002,2024-07-04,1000000.0,0,0.723,1000000.0,0.0,0.0,0.0,0.0,False,False
risk-friction__threshold-0p05__capital-1e+06__volume-0p01__slippage-0p002,2024-07-05,1000000.0,0,0.731,1000000.0,0.0,0.0,0.0,0.0,False,False
risk-friction__threshold-0p05__capital-1e+06__volume-0p01__slippage-0p002,2024-07-08,1000000.0,0,0.724,1000000.0,0.0,0.0,0.0,0.0,False,False
risk-friction__threshold-0p05__capital-1e+06__volume-0p01__slippage-0p002,2024-07-09,1000000.0,0,0.742,1000000.0,0.0,0.0,0.0,0.0,False,False
risk-friction__threshold-0p05__capital-1e+06__volume-0p01__slippage-0p002,2024-07-10,1000000.0,0,0.743,1000000.0,0.0,0.0,0.0,0.0,False,False
risk-friction__threshold-0p05__capital-1e+06__volume-0p01__slippage-0p002,2024-07-11,1000000.0,0,0.751,1000000.0,0.0,0.0,0.0,0.0,False,False
risk-friction__threshold-0p05__capital-1e+06__volume-0p01__slippage-0p002,2024-07-12,1000000.0,0,0.752,1000000.0,0.0,0.0,0.0,0.0,False,False
risk-friction__threshold-0p05__capital-1e+06__volume-0p01__slippage-0p002,2024-07-15,1000000.0,0,0.748,1000000.0,0.0,0.0,0.0,0.0,False,False
risk-friction__threshold-0p05__capital-1e+06__volume-0p01__slippage-0p002,2024-07-16,1000000.0,0,0.764,1000000.0,0.0,0.0,0.0,0.0,False,False
risk-friction__threshold-0p05__capital-1e+06__volume-0p01__slippage-0p002,2024-07-17,1000000.0,0,0.762,1000000.0,0.0,0.0,0.0,0.0,False,False
risk-friction__threshold-0p05__capital-1e+06__volume-0p01__slippage-0p002,2024-07-18,1000000.0,0,0.769,1000000.0,0.0,0.0,0.0,0.0,False,False
risk-friction__threshold-0p05__capital-1e+06__volume-0p01__slippage-0p002,2024-07-19,1000000.0,0,0.784,1000000.0,0.0,0.0,0.0,0.0,False,False
risk-friction__threshold-0p05__capital-1e+06__volume-0p01__slippage-0p002,2024-07-22,1000000.0,0,0.787,1000000.0,0.0,0.0,0.0,0.0,False,False
risk-friction__threshold-0p05__capital-1e+06__volume-0p01__slippage-0p002,2024-07-23,1000000.0,0,0.756,1000000.0,0.0,0.0,0.0,0.0,False,False
risk-friction__threshold-0p05__capital-1e+06__volume-0p01__slippage-0p002,2024-07-24,1000000.0,0,0.746,1000000.0,0.0,0.0,0.0,0.0,False,False
risk-friction__threshold-0p05__capital-1e+06__volume-0p01__slippage-0p002,2024-07-25,1000000.0,0,0.748,1000000.0,0.0,0.0,0.0,0.0,False,False
risk-friction__threshold-0p05__capital-1e+06__volume-0p01__slippage-0p002,2024-07-26,1000000.0,0,0.753,1000000.0,0.0,0.0,0.0,0.0,False,False
risk-friction__threshold-0p05__capital-1e+06__volume-0p01__slippage-0p002,2024-07-29,1000000.0,0,0.74,1000000.0,0.0,0.0,0.0,0.0,False,False
risk-friction__threshold-0p05__capital-1e+06__volume-0p01__slippage-0p002,2024-07-30,1000000.0,0,0.743,1000000.0,0.0,0.0,0.0,0.0,False,False
risk-friction__threshold-0p05__capital-1e+06__volume-0p01__slippage-0p002,2024-07-31,1000000.0,0,0.778,1000000.0,0.0,0.0,0.0,0.0,False,False
risk-friction__threshold-0p05__capital-1e+06__volume-0p01__slippage-0p002,2024-08-01,1000000.0,0,0.774,1000000.0,0.0,0.0,0.0,0.0,False,False
risk-friction__threshold-0p05__capital-1e+06__volume-0p01__slippage-0p002,2024-08-02,1000000.0,0,0.762,1000000.0,0.0,0.0,0.0,0.0,False,False
risk-friction__threshold-0p05__capital-1e+06__volume-0p01__slippage-0p002,2024-08-05,1000000.0,0,0.738,1000000.0,0.0,0.0,0.0,0.0,False,False
risk-friction__threshold-0p05__capital-1e+06__volume-0p01__slippage-0p002,2024-08-06,1000000.0,0,0.748,1000000.0,0.0,0.0,0.0,0.0,False,False
risk-friction__threshold-0p05__capital-1e+06__volume-0p01__slippage-0p002,2024-08-07,1000000.0,0,0.742,1000000.0,0.0,0.0,0.0,0.0,False,False
risk-friction__threshold-0p05__capital-1e+06__volume-0p01__slippage-0p002,2024-08-08,1000000.0,0,0.745,1000000.0,0.0,0.0,0.0,0.0,False,False
risk-friction__threshold-0p05__capital-1e+06__volume-0p01__slippage-0p002,2024-08-09,1000000.0,0,0.742,1000000.0,0.0,0.0,0.0,0.0,False,False
risk-friction__threshold-0p05__capital-1e+06__volume-0p01__slippage-0p002,2024-08-12,1000000.0,0,0.742,1000000.0,0.0,0.0,0.0,0.0,False,False
risk-friction__threshold-0p05__capital-1e+06__volume-0p01__slippage-0p002,2024-08-13,1000000.0,0,0.746,1000000.0,0.0,0.0,0.0,0.0,False,False
risk-friction__threshold-0p05__capital-1e+06__volume-0p01__slippage-0p002,2024-08-14,1000000.0,0,0.736,1000000.0,0.0,0.0,0.0,0.0,False,False
risk-friction__threshold-0p05__capital-1e+06__volume-0p01__slippage-0p002,2024-08-15,1000000.0,0,0.743,1000000.0,0.0,0.0,0.0,0.0,False,False
risk-friction__threshold-0p05__capital-1e+06__volume-0p01__slippage-0p002,2024-08-16,1000000.0,0,0.74,1000000.0,0.0,0.0,0.0,0.0,False,False
risk-friction__threshold-0p05__capital-1e+06__volume-0p01__slippage-0p002,2024-08-19,1000000.0,0,0.739,1000000.0,0.0,0.0,0.0,0.0,False,False
risk-friction__threshold-0p05__capital-1e+06__volume-0p01__slippage-0p002,2024-08-20,1000000.0,0,0.728,1000000.0,0.0,0.0,0.0,0.0,False,False
risk-friction__threshold-0p05__capital-1e+06__volume-0p01__slippage-0p002,2024-08-21,1000000.0,0,0.726,1000000.0,0.0,0.0,0.0,0.0,False,False
risk-friction__threshold-0p05__capital-1e+06__volume-0p01__slippage-0p002,2024-08-22,1000000.0,0,0.719,1000000.0,0.0,0.0,0.0,0.0,False,False
risk-friction__threshold-0p05__capital-1e+06__volume-0p01__slippage-0p002,2024-08-23,1000000.0,0,0.72,1000000.0,0.0,0.0,0.0,0.0,False,False
risk-friction__threshold-0p05__capital-1e+06__volume-0p01__slippage-0p002,2024-08-26,1000000.0,0,0.715,1000000.0,0.0,0.0,0.0,0.0,False,False
risk-friction__threshold-0p05__capital-1e+06__volume-0p01__slippage-0p002,2024-08-27,1000000.0,0,0.708,1000000.0,0.0,0.0,0.0,0.0,False,False
risk-friction__threshold-0p05__capital-1e+06__volume-0p01__slippage-0p002,2024-08-28,1000000.0,0,0.704,1000000.0,0.0,0.0,0.0,0.0,False,False
risk-friction__threshold-0p05__capital-1e+06__volume-0p01__slippage-0p002,2024-08-29,1000000.0,0,0.713,1000000.0,0.0,0.0,0.0,0.0,False,False
risk-friction__threshold-0p05__capital-1e+06__volume-0p01__slippage-0p002,2024-08-30,1000000.0,0,0.728,1000000.0,0.0,0.0,0.0,0.0,False,False
risk-friction__threshold-0p05__capital-1e+06__volume-0p01__slippage-0p002,2024-09-02,1000000.0,0,0.703,1000000.0,0.0,0.0,0.0,0.0,False,False
risk-friction__threshold-0p05__capital-1e+06__volume-0p01__slippage-0p002,2024-09-03,1000000.0,0,0.708,1000000.0,0.0,0.0,0.0,0.0,False,False
risk-friction__threshold-0p05__capital-1e+06__volume-0p01__slippage-0p002,2024-09-04,1000000.0,0,0.705,1000000.0,0.0,0.0,0.0,0.0,False,False
risk-friction__threshold-0p05__capital-1e+06__volume-0p01__slippage-0p002,2024-09-05,1000000.0,0,0.705,1000000.0,0.0,0.0,0.0,0.0,False,False
risk-friction__threshold-0p05__capital-1e+06__volume-0p01__slippage-0p002,2024-09-06,1000000.0,0,0.696,1000000.0,0.0,0.0,0.0,0.0,False,False
risk-friction__threshold-0p05__capital-1e+06__volume-0p01__slippage-0p002,2024-09-09,1000000.0,0,0.687,1000000.0,0.0,0.0,0.0,0.0,False,False
risk-friction__threshold-0p05__capital-1e+06__volume-0p01__slippage-0p002,2024-09-10,1000000.0,0,0.692,1000000.0,0.0,0.0,0.0,0.0,False,False
risk-friction__threshold-0p05__capital-1e+06__volume-0p01__slippage-0p002,2024-09-11,1000000.0,0,0.695,1000000.0,0.0,0.0,0.0,0.0,False,False
risk-friction__threshold-0p05__capital-1e+06__volume-0p01__slippage-0p002,2024-09-12,1000000.0,0,0.69,1000000.0,0.0,0.0,0.0,0.0,False,False
risk-friction__threshold-0p05__capital-1e+06__volume-0p01__slippage-0p002,2024-09-13,1000000.0,0,0.683,1000000.0,0.0,0.0,0.0,0.0,False,False
risk-friction__threshold-0p05__capital-1e+06__volume-0p01__slippage-0p002,2024-09-18,1000000.0,0,0.678,1000000.0,0.0,0.0,0.0,0.0,False,False
risk-friction__threshold-0p05__capital-1e+06__volume-0p01__slippage-0p002,2024-09-19,1000000.0,0,0.683,1000000.0,0.0,0.0,0.0,0.0,False,False
risk-friction__threshold-0p05__capital-1e+06__volume-0p01__slippage-0p002,2024-09-20,1000000.0,0,0.678,1000000.0,0.0,0.0,0.0,0.0,False,False
risk-friction__threshold-0p05__capital-1e+06__volume-0p01__slippage-0p002,2024-09-23,1000000.0,0,0.674,1000000.0,0.0,0.0,0.0,0.0,False,False
risk-friction__threshold-0p05__capital-1e+06__volume-0p01__slippage-0p002,2024-09-24,1000000.0,0,0.699,1000000.0,0.0,0.0,0.0,0.0,False,False
risk-friction__threshold-0p05__capital-1e+06__volume-0p01__slippage-0p002,2024-09-25,1000000.0,0,0.7,1000000.0,0.0,0.0,0.0,0.0,False,False
risk-friction__threshold-0p05__capital-1e+06__volume-0p01__slippage-0p002,2024-09-26,1000000.0,0,0.728,1000000.0,0.0,0.0,0.0,0.0,False,False
risk-friction__threshold-0p05__capital-1e+06__volume-0p01__slippage-0p002,2024-09-27,1000000.0,0,0.792,1000000.0,0.0,0.0,0.0,0.0,False,False
risk-friction__threshold-0p05__capital-1e+06__volume-0p01__slippage-0p002,2024-09-30,509614.408444,575600,0.95,1056434.408444,0.05643440844400005,0.489283245402468,0.4898113274942607,0.0005280820917927254,True,False
risk-friction__threshold-0p05__capital-1e+06__volume-0p01__slippage-0p002,2024-10-08,820232.5270443999,302500,1.14,1165082.5270443999,0.10284416877373914,0.2958374990615309,0.2959876163234728,0.00015011726194191777,True,False
risk-friction__threshold-0p05__capital-1e+06__volume-0p01__slippage-0p002,2024-10-09,893805.3637698399,237700,1.096,1154324.56376984,-0.009233649140589995,0.23235246848914531,0.23232908166680966,2.3386822335658142e-05,True,False
risk-friction__threshold-0p05__capital-1e+06__volume-0p01__slippage-0p002,2024-10-10,893805.3637698399,237700,1.026,1137685.56376984,-0.014414490102904631,0.23235246848914531,0.22489167423330284,0.007460794255842479,False,False
risk-friction__threshold-0p05__capital-1e+06__volume-0p01__slippage-0p002,2024-10-11,893805.3637698399,237700,0.951,1119858.06376984,-0.015669971183361664,0.23235246848914531,0.2100741256833765,0.02227834280576882,False,False
risk-friction__threshold-0p05__capital-1e+06__volume-0p01__slippage-0p002,2024-10-14,893805.3637698399,237700,0.974,1125325.1637698398,0.004881957970276796,0.23235246848914531,0.2015193796554828,0.03083308883366251,False,False
risk-friction__threshold-0p05__capital-1e+06__volume-0p01__slippage-0p002,2024-10-15,893805.3637698399,237700,0.946,1118669.56376984,-0.0059143794294118646,0.23235246848914531,0.2042231009123562,0.028129367576789105,False,False
risk-friction__threshold-0p05__capital-1e+06__volume-0p01__slippage-0p002,2024-10-16,893805.3637698399,237700,0.923,1113202.4637698398,-0.004887144673514032,0.23235246848914531,0.19657176699555662,0.035780701493588696,False,False
risk-friction__threshold-0p05__capital-1e+06__volume-0p01__slippage-0p002,2024-10-17,893805.3637698399,237700,0.926,1113915.56376984,0.0006405842811245677,0.23235246848914531,0.2003307157918556,0.03202175269728971,False,False
risk-friction__threshold-0p05__capital-1e+06__volume-0p01__slippage-0p002,2024-10-18,893805.3637698399,237700,1.041,1141251.06376984,0.024540010831241243,0.23235246848914531,0.19760043504112465,0.034752033448020664,False,False
risk-friction__threshold-0p05__capital-1e+06__volume-0p01__slippage-0p002,2024-10-21,893805.3637698399,237700,1.05,1143390.36376984,0.001874521801481066,0.23235246848914531,0.2182850301248826,0.014067438364262719,False,False
risk-friction__threshold-0p05__capital-1e+06__volume-0p01__slippage-0p002,2024-10-22,893805.3637698399,237700,1.037,1140300.26376984,-0.0027025765634509646,0.23235246848914531,0.21518507427308223,0.017167394216063087,False,False
risk-friction__threshold-0p05__capital-1e+06__volume-0p01__slippage-0p002,2024-10-23,893805.3637698399,237700,1.032,1139111.76376984,-0.001042269337087398,0.23235246848914531,0.2150212374997443,0.01733123098940101,False,False
risk-friction__threshold-0p05__capital-1e+06__volume-0p01__slippage-0p002,2024-10-24,893805.3637698399,237700,1.029,1138398.6637698398,-0.000626014077530157,0.23235246848914531,0.2140367785608912,0.01831568992825411,False,False
risk-friction__threshold-0p05__capital-1e+06__volume-0p01__slippage-0p002,2024-10-25,893805.3637698399,237700,1.045,1142201.8637698398,0.0033408331554127813,0.23235246848914531,0.2156761745077361,0.016676293981409213,False,False
risk-friction__threshold-0p05__capital-1e+06__volume-0p01__slippage-0p002,2024-10-28,893805.3637698399,237700,1.039,1140775.6637698398,-0.0012486409322540748,0.23235246848914531,0.21665653343729432,0.01569593505185099,False,False
risk-friction__threshold-0p05__capital-1e+06__volume-0p01__slippage-0p002,2024-10-29,893805.3637698399,237700,1.028,1138160.9637698398,-0.002292036973649436,0.23235246848914531,0.21665653343729432,0.01569593505185099,False,False
risk-friction__threshold-0p05__capital-1e+06__volume-0p01__slippage-0p002,2024-10-30,893805.3637698399,237700,1.008,1133406.9637698398,-0.004176913592479625,0.23235246848914531,0.21337909964111973,0.018973368848025585,False,False
risk-friction__threshold-0p05__capital-1e+06__volume-0p01__slippage-0p002,2024-10-31,893805.3637698399,237700,1.02,1136259.36376984,0.0025166600269621586,0.23235246848914531,0.2110685302158106,0.021283938273334718,False,False
risk-friction__threshold-0p05__capital-1e+06__volume-0p01__slippage-0p002,2024-11-01,893805.3637698399,237700,0.99,1129128.36376984,-0.0062758558717976864,0.23235246848914531,0.21173007683249565,0.02062239165664967,False,False
risk-friction__threshold-0p05__capital-1e+06__volume-0p01__slippage-0p002,2024-11-04,893805.3637698399,237700,1.004,1132456.1637698398,0.002947229125384032,0.23235246848914531,0.2075771125044446,0.02477535598470071,False,False
risk-friction__threshold-0p05__capital-1e+06__volume-0p01__slippage-0p002,2024-11-05,893805.3637698399,237700,1.05,1143390.36376984,0.0096552964695793,0.23235246848914531,0.21073734033603028,0.021615128153115032,False,False
risk-friction__threshold-0p05__capital-1e+06__volume-0p01__slippage-0p002,2024-11-06,893805.3637698399,237700,1.053,1144103.4637698398,0.0006236715146423766,0.23235246848914531,0.21893453450075318,0.013417933988392139,False,False
risk-friction__threshold-0p05__capital-1e+06__volume-0p01__slippage-0p002,2024-11-07,893805.3637698399,237700,1.087,1152185.26376984,0.007063871630429652,0.23235246848914531,0.21698277535558888,0.015369693133556434,False,False
risk-friction__threshold-0p05__capital-1e+06__volume-0p01__slippage-0p002,2024-11-08,893805.3637698399,237700,1.081,1150759.06376984,-0.0012378217677715408,0.23235246848914531,0.2277570072780939,0.0045954612110514215,False,False
risk-friction__threshold-0p05__capital-1e+06__volume-0p01__slippage-0p002,2024-11-11,893805.3637698399,237700,1.13,1162406.36376984,0.01012140626713287,0.23235246848914531,0.22345101923451588,0.008901449254629434,False,False
risk-friction__threshold-0p05__capital-1e+06__volume-0p01__slippage-0p002,2024-11-12,893805.3637698399,237700,1.105,1156463.86376984,-0.005112239734070045,0.23235246848914531,0.2310732359799639,0.0012792325091814105,False,False
risk-friction__threshold-0p05__capital-1e+06__volume-0p01__slippage-0p002,2024-11-13,893805.3637698399,237700,1.116,1159078.56376984,0.0022609439705938428,0.23235246848914531,0.22553025094643833,0.006822217542706982,False,False
risk-friction__threshold-0p05__capital-1e+06__volume-0p01__slippage-0p002,2024-11-14,893805.3637698399,237700,1.08,1150521.36376984,-0.0073827609857334275,0.23235246848914531,0.22791557142490926,0.004436897064236056,False,False
risk-friction__threshold-0p05__capital-1e+06__volume-0p01__slippage-0p002,2024-11-15,893805.3637698399,237700,1.04,1141013.36376984,-0.00826407948553498,0.23235246848914531,0.22248760368502943,0.009864864804115886,False,False
risk-friction__threshold-0p05__capital-1e+06__volume-0p01__slippage-0p002,2024-11-18,893805.3637698399,237700,1.02,1136259.36376984,-0.0041664717968710185,0.23235246848914531,0.21665653343729432,0.01569593505185099,False,False
risk-friction__threshold-0p05__capital-1e+06__volume-0p01__slippage-0p002,2024-11-19,893805.3637698399,237700,1.052,1143865.76376984,0.006694246263250658,0.23235246848914531,0.21420102649144412,0.01815144199770119,False,False
risk-friction__threshold-0p05__capital-1e+06__volume-0p01__slippage-0p002,2024-11-20,893805.3637698399,237700,1.055,1144578.8637698398,0.0006234123116419799,0.23235246848914531,0.21747162903426437,0.014880839454880945,False,False
risk-friction__threshold-0p05__capital-1e+06__volume-0p01__slippage-0p002,2024-11-21,893805.3637698399,237700,1.064,1146718.1637698398,0.001869071732596872,0.23235246848914531,0.21909674198773893,0.013255726501406384,False,False
risk-friction__threshold-0p05__capital-1e+06__volume-0p01__slippage-0p002,2024-11-22,893805.3637698399,237700,1.022,1136734.76376984,-0.00870606249680339,0.23235246848914531,0.22023031069768068,0.012122157791464638,False,False
risk-friction__threshold-0p05__capital-1e+06__volume-0p01__slippage-0p002,2024-11-25,893805.3637698399,237700,1.008,1133406.9637698398,-0.0029275078989964287,0.23235246848914531,0.21354362253693354,0.018808845952211772,False,False
risk-friction__threshold-0p05__capital-1e+06__volume-0p01__slippage-0p002,2024-11-26,893805.3637698399,237700,1.002,1131980.76376984,-0.0012583300134809683,0.23235246848914531,0.21090297002663153,0.02144949846251379,False,False
risk-friction__threshold-0p05__capital-1e+06__volume-0p01__slippage-0p002,2024-11-27,893805.3637698399,237700,1.038,1140537.9637698398,0.007559492417081204,0.23235246848914531,0.21024003381777195,0.02211243467137336,False,False
risk-friction__threshold-0p05__capital-1e+06__volume-0p01__slippage-0p002,2024-11-28,893805.3637698399,237700,1.034,1139587.1637698398,-0.000833641693834819,0.23235246848914531,0.21616666051193067,0.01618580797721464,False,False
risk-friction__threshold-0p05__capital-1e+06__volume-0p01__slippage-0p002,2024-11-29,893805.3637698399,237700,1.06,1145767.36376984,0.005423192008898736,0.23235246848914531,0.21518507427308223,0.017167394216063087,False,False
risk-friction__threshold-0p05__capital-1e+06__volume-0p01__slippage-0p002,2024-12-02,893805.3637698399,237700,1.068,1147668.9637698398,0.0016596737349396928,0.23235246848914531,0.21990676987952132,0.012445698609623995,False,False
risk-friction__threshold-0p05__capital-1e+06__volume-0p01__slippage-0p002,2024-12-03,893805.3637698399,237700,1.057,1145054.26376984,-0.0022782702003295574,0.23235246848914531,0.22119932490473035,0.011153143584414965,False,False
risk-friction__threshold-0p05__capital-1e+06__volume-0p01__slippage-0p002,2024-12-04,893805.3637698399,237700,1.05,1143390.36376984,-0.0014531189068034411,0.23235246848914531,0.22184399749807862,0.010508470991066693,False,False
risk-friction__threshold-0p05__capital-1e+06__volume-0p01__slippage-0p002,2024-12-05,893805.3637698399,237700,1.053,1144103.4637698398,0.0006236715146423766,0.23235246848914531,0.21747162903426437,0.014880839454880945,False,False
risk-friction__threshold-0p05__capital-1e+06__volume-0p01__slippage-0p002,2024-12-06,893805.3637698399,237700,1.067,1147431.26376984,0.0029086530242945496,0.23235246848914531,0.21925888211595151,0.0130935863731938,False,False
risk-friction__threshold-0p05__capital-1e+06__volume-0p01__slippage-0p002,2024-12-09,893805.3637698399,237700,1.054,1144341.1637698398,-0.0026930589200155897,0.23235246848914531,0.2207151190351295,0.011637349454015816,False,False
risk-friction__threshold-0p05__capital-1e+06__volume-0p01__slippage-0p002,2024-12-10,893805.3637698399,237700,1.063,1146480.4637698398,0.0018694599720179284,0.23235246848914531,0.22902369982856735,0.003328768660577963,False,False
risk-friction__threshold-0p05__capital-1e+06__volume-0p01__slippage-0p002,2024-12-11,893805.3637698399,237700,1.059,1145529.6637698398,-0.0008293207167906491,0.23235246848914531,0.21958296046381695,0.012769508025328363,False,False
risk-friction__threshold-0p05__capital-1e+06__volume-0p01__slippage-0p002,2024-12-12,893805.3637698399,237700,1.063,1146480.4637698398,0.0008300090604995702,0.23235246848914531,0.21974489876726275,0.012607569721882567,False,False
risk-friction__threshold-0p05__capital-1e+06__volume-0p01__slippage-0p002,2024-12-13,893805.3637698399,237700,1.042,1141488.76376984,-0.004353933763150519,0.23235246848914531,0.21942095492733954,0.012931513561805774,False,False
risk-friction__threshold-0p05__capital-1e+06__volume-0p01__slippage-0p002,2024-12-16,893805.3637698399,237700,1.025,1137447.8637698398,-0.003540026085456005,0.23235246848914531,0.21665653343729432,0.01569593505185099,False,False
risk-friction__threshold-0p05__capital-1e+06__volume-0p01__slippage-0p002,2024-12-17,893805.3637698399,237700,1.019,1136021.6637698398,-0.0012538596672669877,0.23235246848914531,0.21370807662673635,0.01864439186240896,False,False
risk-friction__threshold-0p05__capital-1e+06__volume-0p01__slippage-0p002,2024-12-18,893805.3637698399,237700,1.033,1139349.4637698398,0.0029293455451868677,0.23235246848914531,0.21370807662673635,0.01864439186240896,False,False
risk-friction__threshold-0p05__capital-1e+06__volume-0p01__slippage-0p002,2024-12-19,893805.3637698399,237700,1.045,1142201.8637698398,0.002503533894299581,0.23235246848914531,0.21370807662673635,0.01864439186240896,False,False
risk-friction__threshold-0p05__capital-1e+06__volume-0p01__slippage-0p002,2024-12-20,893805.3637698399,237700,1.065,1146955.86376984,0.004162136440847286,0.23235246848914531,0.21681968837130758,0.015532780117837736,False,False
risk-friction__threshold-0p05__capital-1e+06__volume-0p01__slippage-0p002,2024-12-23,893805.3637698399,237700,1.052,1143865.76376984,-0.002694175161931267,0.23235246848914531,0.2207151190351295,0.011637349454015816,False,False
risk-friction__threshold-0p05__capital-1e+06__volume-0p01__slippage-0p002,2024-12-24,893805.3637698399,237700,1.069,1147906.6637698398,0.0035326697659716633,0.23235246848914531,0.21925888211595151,0.0130935863731938,False,False
risk-friction__threshold-0p05__capital-1e+06__volume-0p01__slippage-0p002,2024-12-25,893805.3637698399,237700,1.072,1148619.76376984,0.0006212177544628883,0.23235246848914531,0.22184399749807862,0.010508470991066693,False,False
risk-friction__threshold-0p05__capital-1e+06__volume-0p01__slippage-0p002,2024-12-26,893805.3637698399,237700,1.081,1150759.06376984,0.0018624962476518903,0.23235246848914531,0.2215217946677875,0.0108306738213578,False,False
risk-friction__threshold-0p05__capital-1e+06__volume-0p01__slippage-0p002,2024-12-27,893805.3637698399,237700,1.074,1149095.1637698398,-0.0014459151810191084,0.23235246848914531,0.223130146109443,0.009222322379702302,False,False
risk-friction__threshold-0p05__capital-1e+06__volume-0p01__slippage-0p002,2024-12-30,893805.3637698399,237700,1.077,1149808.26376984,0.0006205752338741544,0.23235246848914531,0.2215217946677875,0.0108306738213578,False,False
risk-friction__threshold-0p05__capital-1e+06__volume-0p01__slippage-0p002,2024-12-31,893805.3637698399,237700,1.045,1142201.8637698398,-0.006615363830367094,0.23235246848914531,0.22248760368502943,0.009864864804115886,False,False
risk-friction__threshold-0p05__capital-1e+06__volume-0p01__slippage-0p002,2025-01-02,760355.1529134999,365600,1.009,1129245.5529134998,-0.011343275884332482,0.3335598761878478,0.33357408325699556,1.42070691477314e-05,True,False
risk-friction__threshold-0p05__capital-1e+06__volume-0p01__slippage-0p002,2025-01-03,760355.1529134999,365600,0.993,1123395.9529135,-0.005180095670873075,0.3335598761878478,0.3266697832444393,0.006890092943408532,False,False
risk-friction__threshold-0p05__capital-1e+06__volume-0p01__slippage-0p002,2025-01-06,760355.1529134999,365600,0.989,1121933.5529135,-0.0013017671963364563,0.3335598761878478,0.32360396157781607,0.009955914610031757,False,False
risk-friction__threshold-0p05__capital-1e+06__volume-0p01__slippage-0p002,2025-01-07,760355.1529134999,365600,1.018,1132535.9529135,0.009450114021875011,0.3335598761878478,0.32272287792036486,0.010836998267482967,False,False
risk-friction__threshold-0p05__capital-1e+06__volume-0p01__slippage-0p002,2025-01-08,760355.1529134999,365600,1.017,1132170.3529134998,-0.00032281535880562817,0.3335598761878478,0.3268877073740045,0.006672168813843304,False,False
risk-friction__threshold-0p05__capital-1e+06__volume-0p01__slippage-0p002,2025-01-09,760355.1529134999,365600,1.015,1131439.1529134999,-0.0006458392044256245,0.3335598761878478,0.3275406342068351,0.006019241981012724,False,False
risk-friction__threshold-0p05__capital-1e+06__volume-0p01__slippage-0p002,2025-01-10,760355.1529134999,365600,1.005,1127783.1529134999,-0.003231282911313138,0.3335598761878478,0.3275406342068351,0.006019241981012724,False,False
risk-friction__threshold-0p05__capital-1e+06__volume-0p01__slippage-0p002,2025-01-13,760355.1529134999,365600,1.005,1127783.1529134999,0.0,0.3335598761878478,0.3225022482289056,0.011057627958942218,False,False
risk-friction__threshold-0p05__capital-1e+06__volume-0p01__slippage-0p002,2025-01-14,570067.1812427798,553200,1.037,1143735.5812427797,0.014144942924593673,0.495320239164845,0.4954736123917854,0.0001533732269403676,True,False
risk-friction__threshold-0p05__capital-1e+06__volume-0p01__slippage-0p002,2025-01-15,570067.1812427798,553200,1.032,1140969.5812427797,-0.0024183911433396377,0.495320239164845,0.5001236472756173,0.004803408110772289,False,False
risk-friction__threshold-0p05__capital-1e+06__volume-0p01__slippage-0p002,2025-01-16,570067.1812427798,553200,1.011,1129352.3812427798,-0.010181866537884554,0.495320239164845,0.5015743231286496,0.0062540839638045576,False,False
risk-friction__threshold-0p05__capital-1e+06__volume-0p01__slippage-0p002,2025-01-17,570067.1812427798,553200,1.02,1134331.1812427798,0.004408544297326511,0.495320239164845,0.49373855873979805,0.0015816804250469718,False,False
risk-friction__threshold-0p05__capital-1e+06__volume-0p01__slippage-0p002,2025-01-20,570067.1812427798,553200,1.022,1135437.5812427797,0.0009753765199222997,0.495320239164845,0.49890828444145274,0.003588045276607721,False,False
risk-friction__threshold-0p05__capital-1e+06__volume-0p01__slippage-0p002,2025-01-21,570067.1812427798,553200,1.031,1140416.3812427798,0.004384917394182564,0.495320239164845,0.4991518295695961,0.003831590404751062,False,False
risk-friction__threshold-0p05__capital-1e+06__volume-0p01__slippage-0p002,2025-01-22,570067.1812427798,553200,1.029,1139309.9812427796,-0.0009701719636773243,0.495320239164845,0.4991518295695961,0.003831590404751062,False,False
risk-friction__threshold-0p05__capital-1e+06__volume-0p01__slippage-0p002,2025-01-23,570067.1812427798,553200,1.021,1134884.3812427798,-0.003884456445446327,0.495320239164845,0.5025367716610912,0.0072165324962462085,False,False
risk-friction__threshold-0p05__capital-1e+06__volume-0p01__slippage-0p002,2025-01-24,570067.1812427798,553200,1.029,1139309.9812427796,0.0038996042884593685,0.495320239164845,0.4969513633318174,0.0016311241669723642,False,False
risk-friction__threshold-0p05__capital-1e+06__volume-0p01__slippage-0p002,2025-01-27,570067.1812427798,553200,1.009,1128245.9812427796,-0.00971114111361615,0.495320239164845,0.4998810465820625,0.004560807417217483,False,False
risk-friction__threshold-0p05__capital-1e+06__volume-0p01__slippage-0p002,2025-02-05,570067.1812427798,553200,1.037,1143735.5812427797,0.013728921048704379,0.495320239164845,0.5020560124603877,0.006735773295542646,False,False
risk-friction__threshold-0p05__capital-1e+06__volume-0p01__slippage-0p002,2025-02-06,570067.1812427798,553200,1.067,1160331.5812427797,0.014510346860038048,0.495320239164845,0.5001236472756173,0.004803408110772289,False,False
risk-friction__threshold-0p05__capital-1e+06__volume-0p01__slippage-0p002,2025-02-07,570067.1812427798,553200,1.076,1165310.38124278,0.004290842445801246,0.495320239164845,0.5087032099633054,0.013382970798460403,False,False
risk-friction__threshold-0p05__capital-1e+06__volume-0p01__slippage-0p002,2025-02-10,570067.1812427798,553200,1.094,1175267.9812427799,0.00854501955897824,0.495320239164845,0.5110344036691641,0.01571416450431906,False,False
risk-friction__threshold-0p05__capital-1e+06__volume-0p01__slippage-0p002,2025-02-11,570067.1812427798,553200,1.08,1167523.1812427798,-0.006589816215200828,0.495320239164845,0.5147186446060702,0.019398405441225175,False,False
risk-friction__threshold-0p05__capital-1e+06__volume-0p01__slippage-0p002,2025-02-12,570067.1812427798,553200,1.099,1178033.9812427796,0.009002647800801178,0.495320239164845,0.5121917240563588,0.0168714848915138,False,False
risk-friction__threshold-0p05__capital-1e+06__volume-0p01__slippage-0p002,2025-02-13,570067.1812427798,553200,1.073,1163650.78124278,-0.012209494996762271,0.495320239164845,0.5160859615939252,0.020765722429080147,False,False
risk-friction__threshold-0p05__capital-1e+06__volume-0p01__slippage-0p002,2025-02-14,570067.1812427798,553200,1.078,1166416.78124278,0.0023770017986375347,0.495320239164845,0.5089373291357157,0.013617089970870633,False,False
risk-friction__threshold-0p05__capital-1e+06__volume-0p01__slippage-0p002,2025-02-17,570067.1812427798,553200,1.093,1174714.78124278,0.007114095178876623,0.495320239164845,0.5128834903545795,0.017563251189734452,False,False
risk-friction__threshold-0p05__capital-1e+06__volume-0p01__slippage-0p002,2025-02-18,533619.9231446199,586500,1.066,1158828.92314462,-0.013523161836232034,0.5455495157261172,0.545498716375327,5.0799350790220466e-05,True,False
risk-friction__threshold-0p05__capital-1e+06__volume-0p01__slippage-0p002,2025-02-19,533619.9231446199,586500,1.092,1174077.92314462,0.013158974284676939,0.5455495157261172,0.5395179456717573,0.006031570054359947,False,False
risk-friction__threshold-0p05__capital-1e+06__volume-0p01__slippage-0p002,2025-02-20,533619.9231446199,586500,1.091,1173491.42314462,-0.0004995409490616831,0.5455495157261172,0.5452715608992933,0.0002779548268239118,False,False
risk-friction__threshold-0p05__capital-1e+06__volume-0p01__slippage-0p002,2025-02-21,533619.9231446199,586500,1.157,1212200.42314462,0.03298618058602498,0.5455495157261172,0.5470824723366363,0.0015329566105191095,False,False
risk-friction__threshold-0p05__capital-1e+06__volume-0p01__slippage-0p002,2025-02-24,533619.9231446199,586500,1.161,1214546.42314462,0.0019353235283601222,0.5455495157261172,0.5593659458519995,0.013816430125882295,False,False
risk-friction__threshold-0p05__capital-1e+06__volume-0p01__slippage-0p002,2025-02-25,533619.9231446199,586500,1.162,1215132.92314462,0.00048289632147735517,0.5455495157261172,0.5563579671205899,0.010808451394472729,False,False
risk-friction__threshold-0p05__capital-1e+06__volume-0p01__slippage-0p002,2025-02-26,533619.9231446199,586500,1.186,1229208.92314462,0.01158391788412172,0.5455495157261172,0.5612782006643472,0.015728684938229986,False,False
risk-friction__threshold-0p05__capital-1e+06__volume-0p01__slippage-0p002,2025-02-27,533619.9231446199,586500,1.185,1228622.42314462,-0.00047713613931432697,0.5455495157261172,0.5656762296598521,0.020126713933734885,False,False
risk-friction__threshold-0p05__capital-1e+06__volume-0p01__slippage-0p002,2025-02-28,533619.9231446199,586500,1.133,1198124.42314462,-0.024822923158069443,0.5455495157261172,0.5640112272284229,0.01846171150230569,False,False
risk-friction__threshold-0p05__capital-1e+06__volume-0p01__slippage-0p002,2025-03-03,533619.9231446199,586500,1.119,1189913.42314462,-0.006853211437297335,0.5455495157261172,0.5546206113184213,0.009071095592304124,False,False
risk-friction__threshold-0p05__capital-1e+06__volume-0p01__slippage-0p002,2025-03-04,533619.9231446199,586500,1.139,1201643.42314462,0.00985786005254119,0.5455495157261172,0.5495490528608401,0.003999537134722897,False,False
risk-friction__threshold-0p05__capital-1e+06__volume-0p01__slippage-0p002,2025-03-05,533619.9231446199,586500,1.142,1203402.92314462,0.0014642446886576899,0.5455495157261172,0.5557080494174325,0.010158533691315252,False,False
risk-friction__threshold-0p05__capital-1e+06__volume-0p01__slippage-0p002,2025-03-06,533619.9231446199,586500,1.181,1226276.42314462,0.01900734954193828,0.5455495157261172,0.5597923305781942,0.014242814852077013,False,False
risk-friction__threshold-0p05__capital-1e+06__volume-0p01__slippage-0p002,2025-03-07,533619.9231446199,586500,1.167,1218065.42314462,-0.006695880182499114,0.5455495157261172,0.5633835554100509,0.01783403968393371,False,False
risk-friction__threshold-0p05__capital-1e+06__volume-0p01__slippage-0p002,2025-03-10,533619.9231446199,586500,1.163,1215719.42314462,-0.0019260049217582065,0.5455495157261172,0.5612782006643472,0.015728684938229986,False,False
risk-friction__threshold-0p05__capital-1e+06__volume-0p01__slippage-0p002,2025-03-11,533619.9231446199,586500,1.158,1212786.92314462,-0.0024121519687615445,0.5455495157261172,0.5576521149038267,0.012102599177709505,False,False
risk-friction__threshold-0p05__capital-1e+06__volume-0p01__slippage-0p002,2025-03-12,533619.9231446199,586500,1.15,1208094.92314462,-0.0038687752237912543,0.5455495157261172,0.5612782006643472,0.015728684938229986,False,False
risk-friction__threshold-0p05__capital-1e+06__volume-0p01__slippage-0p002,2025-03-13,533619.9231446199,586500,1.126,1194018.92314462,-0.011651402328022975,0.5455495157261172,0.5576521149038267,0.012102599177709505,False,False
risk-friction__threshold-0p05__capital-1e+06__volume-0p01__slippage-0p002,2025-03-14,533619.9231446199,586500,1.146,1205748.92314462,0.009823964907614169,0.5455495157261172,0.5530892242986774,0.007539708572560144,False,False
risk-friction__threshold-0p05__capital-1e+06__volume-0p01__slippage-0p002,2025-03-17,533619.9231446199,586500,1.14,1202229.92314462,-0.0029185180533459754,0.5455495157261172,0.5574369481890746,0.011887432462957426,False,False
risk-friction__threshold-0p05__capital-1e+06__volume-0p01__slippage-0p002,2025-03-18,533619.9231446199,586500,1.146,1205748.92314462,0.002927060732938358,0.5455495157261172,0.5572215720498072,0.01167205632368995,False,False
risk-friction__threshold-0p05__capital-1e+06__volume-0p01__slippage-0p002,2025-03-19,533619.9231446199,586500,1.131,1196951.42314462,-0.007296295133364827,0.5455495157261172,0.5565741840229087,0.011024668296791496,False,False
risk-friction__threshold-0p05__capital-1e+06__volume-0p01__slippage-0p002,2025-03-20,533619.9231446199,586500,1.119,1189913.42314462,-0.005879937868748075,0.5455495157261172,0.5539655895777926,0.00841607385167542,False,False
risk-friction__threshold-0p05__capital-1e+06__volume-0p01__slippage-0p002,2025-03-21,533619.9231446199,586500,1.095,1175837.42314462,-0.011829432063049539,0.5455495157261172,0.5506613664665702,0.00511185074045295,False,False
risk-friction__threshold-0p05__capital-1e+06__volume-0p01__slippage-0p002,2025-03-24,533619.9231446199,586500,1.101,1179356.42314462,0.0029927606748465507,0.5455495157261172,0.5457256450177492,0.00017612929163202118,False,False
risk-friction__threshold-0p05__capital-1e+06__volume-0p01__slippage-0p002,2025-03-25,533619.9231446199,586500,1.083,1168799.42314462,-0.008951492350252277,0.5455495157261172,0.546856897587965,0.0013073818618477562,False,False
risk-friction__threshold-0p05__capital-1e+06__volume-0p01__slippage-0p002,2025-03-26,533619.9231446199,586500,1.081,1167626.42314462,-0.0010035939244769088,0.5455495157261172,0.5434461101042201,0.0021034056218971475,False,False
risk-friction__threshold-0p05__capital-1e+06__volume-0p01__slippage-0p002,2025-03-27,533619.9231446199,586500,1.092,1174077.92314462,0.005525311753929785,0.5455495157261172,0.5427577818359745,0.0027917338901427557,False,False
risk-friction__threshold-0p05__capital-1e+06__volume-0p01__slippage-0p002,2025-03-28,533619.9231446199,586500,1.081,1167626.42314462,-0.005494950439678181,0.5455495157261172,0.5450441782493701,0.0005053374767470808,False,False
risk-friction__threshold-0p05__capital-1e+06__volume-0p01__slippage-0p002,2025-03-31,533619.9231446199,586500,1.074,1163520.92314462,-0.0035161074797734893,0.5455495157261172,0.5413748798754575,0.0041746358506596914,False,False
risk-friction__threshold-0p05__capital-1e+06__volume-0p01__slippage-0p002,2025-04-01,533619.9231446199,586500,1.076,1164693.92314462,0.0010081468898983648,0.5455495157261172,0.5425278776189417,0.003021638107175484,False,False
risk-friction__threshold-0p05__capital-1e+06__volume-0p01__slippage-0p002,2025-04-02,533619.9231446199,586500,1.074,1163520.92314462,-0.0010071315533551894,0.5455495157261172,0.5406802872656642,0.004869228460453012,False,False
risk-friction__threshold-0p05__capital-1e+06__volume-0p01__slippage-0p002,2025-04-03,533619.9231446199,586500,1.068,1160001.92314462,-0.0030244406696953163,0.5455495157261172,0.539284771062136,0.006264744663981192,False,False
risk-friction__threshold-0p05__capital-1e+06__volume-0p01__slippage-0p002,2025-04-07,533619.9231446199,586500,0.97,1102524.92314462,-0.049549055784482765,0.5455495157261172,0.5275625766230331,0.017986939103084132,False,False
risk-friction__threshold-0p05__capital-1e+06__volume-0p01__slippage-0p002,2025-04-08,610509.1166644599,507700,0.986,1111101.3166644599,0.007778865892100084,0.44848393840476775,0.4485210354476349,3.709704286714022e-05,True,False
risk-friction__threshold-0p05__capital-1e+06__volume-0p01__slippage-0p002,2025-04-09,610509.1166644599,507700,1.028,1132424.71666446,0.019191229170723467,0.44848393840476775,0.4464902726169094,0.0019936657878583675,False,False
risk-friction__threshold-0p05__capital-1e+06__volume-0p01__slippage-0p002,2025-04-10,610509.1166644599,507700,1.042,1139532.5166644598,0.006276620331050031,0.44848393840476775,0.46614877799026977,0.017664839585502023,False,False
risk-friction__threshold-0p05__capital-1e+06__volume-0p01__slippage-0p002,2025-04-11,610509.1166644599,507700,1.061,1149178.8166644599,0.008465137992056393,0.44848393840476775,0.462809971653439,0.014326033248671266,False,False
risk-friction__threshold-0p05__capital-1e+06__volume-0p01__slippage-0p002,2025-04-14,610509.1166644599,507700,1.064,1150701.91666446,0.0013253812008309218,0.44848393840476775,0.47107988727430095,0.0225959488695332,False,False
risk-friction__threshold-0p05__capital-1e+06__volume-0p01__slippage-0p002,2025-04-15,610509.1166644599,507700,1.054,1145624.91666446,-0.0044120896354432615,0.44848393840476775,0.46874315136047456,0.020259212955706818,False,False
risk-friction__threshold-0p05__capital-1e+06__volume-0p01__slippage-0p002,2025-04-16,610509.1166644599,507700,1.061,1149178.8166644599,0.0031021497073817628,0.44848393840476775,0.4692121488535005,0.020728210448732742,False,False
risk-friction__threshold-0p05__capital-1e+06__volume-0p01__slippage-0p002,2025-04-17,610509.1166644599,507700,1.066,1151717.31666446,0.0022089686680515364,0.44848393840476775,0.46756702359776475,0.019083085192997007,False,False
risk-friction__threshold-0p05__capital-1e+06__volume-0p01__slippage-0p002,2025-04-18,610509.1166644599,507700,1.059,1148163.4166644597,-0.003085739832663914,0.44848393840476775,0.4692121488535005,0.020728210448732742,False,False
risk-friction__threshold-0p05__capital-1e+06__volume-0p01__slippage-0p002,2025-04-21,610509.1166644599,507700,1.07,1153748.11666446,0.004864028864657977,0.44848393840476775,0.4689777536613147,0.020493815256546977,False,False
risk-friction__threshold-0p05__capital-1e+06__volume-0p01__slippage-0p002,2025-04-22,610509.1166644599,507700,1.066,1151717.31666446,-0.0017601762210203153,0.44848393840476775,0.47061418604262284,0.022130247637855094,False,False
risk-friction__threshold-0p05__capital-1e+06__volume-0p01__slippage-0p002,2025-04-23,610509.1166644599,507700,1.063,1150194.21666446,-0.0013224599282845029,0.44848393840476775,0.47061418604262284,0.022130247637855094,False,False
risk-friction__threshold-0p05__capital-1e+06__volume-0p01__slippage-0p002,2025-04-24,610509.1166644599,507700,1.052,1144609.5166644598,-0.004855440863018479,0.44848393840476775,0.4692121488535005,0.020728210448732742,False,False
risk-friction__threshold-0p05__capital-1e+06__volume-0p01__slippage-0p002,2025-04-25,610509.1166644599,507700,1.054,1145624.91666446,0.0008871147629099241,0.44848393840476775,0.46662236529051204,0.018138426885744297,False,False
risk-friction__threshold-0p05__capital-1e+06__volume-0p01__slippage-0p002,2025-04-28,610509.1166644599,507700,1.051,1144101.8166644599,-0.0013294927317351046,0.44848393840476775,0.4670951130829229,0.01861117467815515,False,False
risk-friction__threshold-0p05__capital-1e+06__volume-0p01__slippage-0p002,2025-04-29,610509.1166644599,507700,1.053,1145117.21666446,0.0008875084238222364,0.44848393840476775,0.4656743489440057,0.017190410539237977,False,False
risk-friction__threshold-0p05__capital-1e+06__volume-0p01__slippage-0p002,2025-04-30,610509.1166644599,507700,1.062,1149686.5166644598,0.003990246529791408,0.44848393840476775,0.46662236529051204,0.018138426885744297,False,False
risk-friction__threshold-0p05__capital-1e+06__volume-0p01__slippage-0p002,2025-05-06,610509.1166644599,507700,1.078,1157809.71666446,0.007065578209586754,0.44848393840476775,0.4701476640111464,0.021663725606378637,False,False
risk-friction__threshold-0p05__capital-1e+06__volume-0p01__slippage-0p002,2025-05-07,610509.1166644599,507700,1.081,1159332.8166644599,0.0013155011381211779,0.44848393840476775,0.47660505992129737,0.028121121516529624,False,False
risk-friction__threshold-0p05__capital-1e+06__volume-0p01__slippage-0p002,2025-05-08,610509.1166644599,507700,1.077,1157302.0166644598,-0.001751697157890253,0.44848393840476775,0.4724720877752807,0.023988149370512968,False,False
risk-friction__threshold-0p05__capital-1e+06__volume-0p01__slippage-0p002,2025-05-09,610509.1166644599,507700,1.056,1146640.31666446,-0.00921254767249824,0.44848393840476775,0.4715447698704521,0.02306083146568433,False,False
risk-friction__threshold-0p05__capital-1e+06__volume-0p01__slippage-0p002,2025-05-12,610509.1166644599,507700,1.063,1150194.21666446,0.003099402618545799,0.44848393840476775,0.46874315136047456,0.020259212955706818,False,False
risk-friction__threshold-0p05__capital-1e+06__volume-0p01__slippage-0p002,2025-05-13,610509.1166644599,507700,1.06,1148671.11666446,-0.001324211144459686,0.44848393840476775,0.47084713912299114,0.022363200718223397,False,False
risk-friction__threshold-0p05__capital-1e+06__volume-0p01__slippage-0p002,2025-05-14,610509.1166644599,507700,1.065,1151209.61666446,0.002209945007907388,0.44848393840476775,0.4689777536613147,0.020493815256546977,False,False
risk-friction__threshold-0p05__capital-1e+06__volume-0p01__slippage-0p002,2025-05-15,610509.1166644599,507700,1.05,1143594.11666446,-0.006615215760675586,0.44848393840476775,0.4689777536613147,0.020493815256546977,False,False
risk-friction__threshold-0p05__capital-1e+06__volume-0p01__slippage-0p002,2025-05-16,610509.1166644599,507700,1.044,1140547.91666446,-0.0026637073028015212,0.44848393840476775,0.4656743489440057,0.017190410539237977,False,False
risk-friction__threshold-0p05__capital-1e+06__volume-0p01__slippage-0p002,2025-05-19,610509.1166644599,507700,1.045,1141055.61666446,0.00044513693162917534,0.44848393840476775,0.4647229566207986,0.016239018216030854,False,False
risk-friction__threshold-0p05__capital-1e+06__volume-0p01__slippage-0p002,2025-05-20,610509.1166644599,507700,1.048,1142578.71666446,0.0013348166187134858,0.44848393840476775,0.4649611221851713,0.01647718378040358,False,False
risk-friction__threshold-0p05__capital-1e+06__volume-0p01__slippage-0p002,2025-05-21,610509.1166644599,507700,1.045,1141055.61666446,-0.001333037258427594,0.44848393840476775,0.46543681806450454,0.016952879659736797,False,False
risk-friction__threshold-0p05__capital-1e+06__volume-0p01__slippage-0p002,2025-05-22,610509.1166644599,507700,1.039,1138009.4166644597,-0.0026696332374269716,0.44848393840476775,0.4647229566207986,0.016239018216030854,False,False
risk-friction__threshold-0p05__capital-1e+06__volume-0p01__slippage-0p002,2025-05-23,534352.7133955,580900,1.03,1132679.7133955,-0.004683356034593467,0.5301163360964242,0.5301678812820977,5.154518567351829e-05,True,False
risk-friction__threshold-0p05__capital-1e+06__volume-0p01__slippage-0p002,2025-05-26,534352.7133955,580900,1.035,1135584.2133955,0.0025642729940780207,0.5301163360964242,0.5294468634803078,0.0006694726161163844,False,False
risk-friction__threshold-0p05__capital-1e+06__volume-0p01__slippage-0p002,2025-05-27,534352.7133955,580900,1.028,1131517.9133955,-0.003580800042861987,0.5301163360964242,0.5292060321860038,0.0009103039104203514,False,False
risk-friction__threshold-0p05__capital-1e+06__volume-0p01__slippage-0p002,2025-05-28,534352.7133955,580900,1.023,1128613.4133954998,-0.002566905893062077,0.5301163360964242,0.5275132858273235,0.002603050269100682,False,False
risk-friction__threshold-0p05__capital-1e+06__volume-0p01__slippage-0p002,2025-05-29,534352.7133955,580900,1.04,1138488.7133955,0.008749940309755733,0.5301163360964242,0.5267840910492231,0.003332245047201088,False,False
risk-friction__threshold-0p05__capital-1e+06__volume-0p01__slippage-0p002,2025-05-30,534352.7133955,580900,1.03,1132679.7133955,-0.005102378206872982,0.5301163360964242,0.5299277876512012,0.0001885484452229802,False,False
risk-friction__threshold-0p05__capital-1e+06__volume-0p01__slippage-0p002,2025-06-03,534352.7133955,580900,1.034,1135003.3133955,0.002051418395262239,0.5301163360964242,0.5277558516135242,0.0023604844828999383,False,False
risk-friction__threshold-0p05__capital-1e+06__volume-0p01__slippage-0p002,2025-06-04,534352.7133955,580900,1.04,1138488.7133955,0.0030708280397642174,0.5301163360964242,0.5292060321860038,0.0009103039104203514,False,False
risk-friction__threshold-0p05__capital-1e+06__volume-0p01__slippage-0p002,2025-06-05,534352.7133955,580900,1.051,1144878.6133955,0.005612616027560247,0.5301163360964242,0.5308866928662719,0.0007703567698477132,False,False
risk-friction__threshold-0p05__capital-1e+06__volume-0p01__slippage-0p002,2025-06-06,475045.28390271997,637200,1.047,1142193.68390272,-0.002345165209101996,0.5849674982129662,0.5850199581279022,5.2459914935965024e-05,True,False
risk-friction__threshold-0p05__capital-1e+06__volume-0p01__slippage-0p002,2025-06-09,475045.28390271997,637200,1.053,1146016.88390272,0.00334724316364321,0.5849674982129662,0.5843258258120746,0.0006416724008916352,False,False
risk-friction__threshold-0p05__capital-1e+06__volume-0p01__slippage-0p002,2025-06-10,475045.28390271997,637200,1.032,1132635.68390272,-0.011676267765297399,0.5849674982129662,0.5857117760520514,0.0007442778390851501,False,False
risk-friction__threshold-0p05__capital-1e+06__volume-0p01__slippage-0p002,2025-06-11,475045.28390271997,637200,1.031,1131998.4839027198,-0.00056258160417888,0.5849674982129662,0.5808200384475997,0.004147459765366568,False,False
risk-friction__threshold-0p05__capital-1e+06__volume-0p01__slippage-0p002,2025-06-12,475045.28390271997,637200,1.027,1129449.68390272,-0.0022515931215848495,0.5849674982129662,0.5798751519795259,0.005092346233440348,False,False
risk-friction__threshold-0p05__capital-1e+06__volume-0p01__slippage-0p002,2025-06-13,475045.28390271997,637200,1.022,1126263.68390272,-0.0028208427922092882,0.5849674982129662,0.5784498080633963,0.006517690149569932,False,False
risk-friction__threshold-0p05__capital-1e+06__volume-0p01__slippage-0p002,2025-06-16,475045.28390271997,637200,1.021,1125626.4839027198,-0.0005657644911288839,0.5849674982129662,0.5777335031541526,0.007233995058813614,False,False
risk-friction__threshold-0p05__capital-1e+06__volume-0p01__slippage-0p002,2025-06-17,475045.28390271997,637200,1.012,1119891.68390272,-0.005094762856073132,0.5849674982129662,0.5782113099335701,0.006756188279396169,False,False
risk-friction__threshold-0p05__capital-1e+06__volume-0p01__slippage-0p002,2025-06-18,475045.28390271997,637200,1.018,1123714.88390272,0.003413901589729207,0.5849674982129662,0.5755699077065225,0.009397590506443732,False,False
risk-friction__threshold-0p05__capital-1e+06__volume-0p01__slippage-0p002,2025-06-19,475045.28390271997,637200,1.012,1119891.68390272,-0.0034022865183753748,0.5849674982129662,0.5767746346327515,0.00819286358021476,False,False
risk-friction__threshold-0p05__capital-1e+06__volume-0p01__slippage-0p002,2025-06-20,475045.28390271997,637200,1.006,1116068.4839027198,-0.003413901589729318,0.5849674982129662,0.5758114014676574,0.009156096745308817,False,False
risk-friction__threshold-0p05__capital-1e+06__volume-0p01__slippage-0p002,2025-06-23,1112051.57586736,0,1.012,1112051.57586736,-0.003599159095787119,0.0,0.0,0.0,True,False
risk-friction__threshold-0p05__capital-1e+06__volume-0p01__slippage-0p002,2025-06-24,437918.02405564,663300,1.029,1120453.72405564,0.007555538223779301,0.604868790978406,0.6056583896130242,0.0007895986346182493,True,False
risk-friction__threshold-0p05__capital-1e+06__volume-0p01__slippage-0p002,2025-06-25,437918.02405564,663300,1.048,1133056.4240556401,0.011247854087523601,0.604868790978406,0.6098529897890603,0.004984198810654372,False,False
risk-friction__threshold-0p05__capital-1e+06__volume-0p01__slippage-0p002,2025-06-26,437918.02405564,663300,1.041,1128413.32405564,-0.004097854176917881,0.604868790978406,0.6132809227176808,0.008412131739274797,False,False
risk-friction__threshold-0p05__capital-1e+06__volume-0p01__slippage-0p002,2025-06-27,437918.02405564,663300,1.041,1128413.32405564,0.0,0.604868790978406,0.6128273494600414,0.007958558481635403,False,False
risk-friction__threshold-0p05__capital-1e+06__volume-0p01__slippage-0p002,2025-06-30,437918.02405564,663300,1.056,1138362.82405564,0.008817247889488344,0.604868790978406,0.6123727109832825,0.007503920004876541,False,False
risk-friction__threshold-0p05__capital-1e+06__volume-0p01__slippage-0p002,2025-07-01,437918.02405564,663300,1.048,1133056.4240556401,-0.0046614312132003954,0.604868790978406,0.6150846380821521,0.010215847103746123,False,False
risk-friction__threshold-0p05__capital-1e+06__volume-0p01__slippage-0p002,2025-07-02,437918.02405564,663300,1.035,1124433.52405564,-0.007610300614276144,0.604868790978406,0.6130542690071316,0.008185478028725601,False,False
risk-friction__threshold-0p05__capital-1e+06__volume-0p01__slippage-0p002,2025-07-03,437918.02405564,663300,1.036,1125096.82405564,0.0005898970333146902,0.604868790978406,0.6107730333136348,0.005904242335228793,False,False
risk-friction__threshold-0p05__capital-1e+06__volume-0p01__slippage-0p002,2025-07-04,437918.02405564,663300,1.035,1124433.52405564,-0.0005895492599552465,0.604868790978406,0.6110023665805415,0.006133575602135566,False,False
risk-friction__threshold-0p05__capital-1e+06__volume-0p01__slippage-0p002,2025-07-07,113845.17335824005,976300,1.029,1118457.87335824,-0.0053143654734225665,0.8980374505228037,0.8985665369249879,0.0005290864021841868,True,False
risk-friction__threshold-0p05__capital-1e+06__volume-0p01__slippage-0p002,2025-07-08,113845.17335824005,976300,1.044,1133102.3733582401,0.013093474818170137,0.8980374505228037,0.8983897633364596,0.0003523128136558862,False,False
risk-friction__threshold-0p05__capital-1e+06__volume-0p01__slippage-0p002,2025-07-09,11193.154188400036,1074400,1.036,1124271.5541884003,-0.007793487488396478,0.99,0.9901196198520107,0.00011961985201069947,True,False
risk-friction__threshold-0p05__capital-1e+06__volume-0p01__slippage-0p002,2025-07-10,11193.154188400036,1074400,1.033,1121048.3541884,-0.002866923020503731,0.99,0.9900250180770144,2.5018077014382634e-05,False,False
risk-friction__threshold-0p05__capital-1e+06__volume-0p01__slippage-0p002,2025-07-11,11193.154188400036,1074400,1.047,1136089.9541884,0.01341744086577723,0.99,0.9900154581677223,1.545816772230424e-05,False,False
risk-friction__threshold-0p05__capital-1e+06__volume-0p01__slippage-0p002,2025-07-14,11193.154188400036,1074400,1.046,1135015.5541884003,-0.0009456997626277053,0.99,0.9901569600320538,0.00015696003205378783,False,False
risk-friction__threshold-0p05__capital-1e+06__volume-0p01__slippage-0p002,2025-07-15,11193.154188400036,1074400,1.048,1137164.3541884,0.0018931899145084863,0.99,0.9901196198520107,0.00011961985201069947,False,False
risk-friction__threshold-0p05__capital-1e+06__volume-0p01__slippage-0p002,2025-07-16,11193.154188400036,1074400,1.049,1138238.7541884,0.0009448062595724949,0.99,0.9901755244839829,0.0001755244839829473,False,False
risk-friction__threshold-0p05__capital-1e+06__volume-0p01__slippage-0p002,2025-07-17,11193.154188400036,1074400,1.057,1146833.9541884002,0.007551315546384441,0.99,0.9901569600320538,0.00015696003205378783,False,False
risk-friction__threshold-0p05__capital-1e+06__volume-0p01__slippage-0p002,2025-07-18,11193.154188400036,1074400,1.06,1150057.1541884001,0.002810520204976852,0.99,0.9902673061528849,0.00026730615288494963,False,False
risk-friction__threshold-0p05__capital-1e+06__volume-0p01__slippage-0p002,2025-07-21,11193.154188400036,1074400,1.061,1151131.5541884,0.0009342144397668228,0.99,0.9902582052275393,0.00025820522753927655,False,False
risk-friction__threshold-0p05__capital-1e+06__volume-0p01__slippage-0p002,2025-07-22,11193.154188400036,1074400,1.069,1159726.7541884,0.007466739981826009,0.99,0.9902763900896698,0.00027639008966984235,False,False
risk-friction__threshold-0p05__capital-1e+06__volume-0p01__slippage-0p002,2025-07-23,11193.154188400036,1074400,1.074,1165098.7541884002,0.004632125611139903,0.99,0.9903573888189092,0.00035738881890923224,False,False
risk-friction__threshold-0p05__capital-1e+06__volume-0p01__slippage-0p002,2025-07-24,11193.154188400036,1074400,1.086,1177991.5541884003,0.011065843091542016,0.99,0.9903752056156091,0.0003752056156091088,False,False
risk-friction__threshold-0p05__capital-1e+06__volume-0p01__slippage-0p002,2025-07-25,11193.154188400036,1074400,1.109,1202702.7541884002,0.020977399975524724,0.99,0.9904981031921644,0.0004981031921643675,False,False
risk-friction__threshold-0p05__capital-1e+06__volume-0p01__slippage-0p002,2025-07-28,11193.154188400036,1074400,1.11,1203777.1541884001,0.0008933213100730253,0.99,0.9907099309043594,0.000709930904359446,False,False
risk-friction__threshold-0p05__capital-1e+06__volume-0p01__slippage-0p002,2025-07-29,11193.154188400036,1074400,1.125,1219893.1541884001,0.01338785999046932,0.99,0.9906683243167295,0.0006683243167294739,False,False
risk-friction__threshold-0p05__capital-1e+06__volume-0p01__slippage-0p002,2025-07-30,11193.154188400036,1074400,1.112,1205925.9541884002,-0.011449527322982989,0.99,0.9908001721010142,0.0008001721010142404,False,False
risk-friction__threshold-0p05__capital-1e+06__volume-0p01__slippage-0p002,2025-07-31,11193.154188400036,1074400,1.101,1194107.5541884,-0.009800270040588033,0.99,0.9906933328709691,0.0006933328709690656,False,False
risk-friction__threshold-0p05__capital-1e+06__volume-0p01__slippage-0p002,2025-08-01,11193.154188400036,1074400,1.091,1183363.5541884,-0.008997514472054768,0.99,0.9906263433732251,0.0006263433732250911,False,False
risk-friction__threshold-0p05__capital-1e+06__volume-0p01__slippage-0p002,2025-08-04,11193.154188400036,1074400,1.104,1197330.7541884002,0.011802966172622664,0.99,0.9905067616034212,0.0005067616034212241,False,False
risk-friction__threshold-0p05__capital-1e+06__volume-0p01__slippage-0p002,2025-08-05,11193.154188400036,1074400,1.109,1202702.7541884002,0.00448664663561682,0.99,0.990643180996105,0.0006431809961050527,False,False
risk-friction__threshold-0p05__capital-1e+06__volume-0p01__slippage-0p002,2025-08-06,11193.154188400036,1074400,1.113,1207000.3541884,0.003573285240291879,0.99,0.9906850115933223,0.0006850115933223488,False,False
risk-friction__threshold-0p05__capital-1e+06__volume-0p01__slippage-0p002,2025-08-07,11193.154188400036,1074400,1.112,1205925.9541884002,-0.0008901405838628307,0.99,0.9907264698394173,0.0007264698394172653,False,False
risk-friction__threshold-0p05__capital-1e+06__volume-0p01__slippage-0p002,2025-08-08,11193.154188400036,1074400,1.096,1188735.5541884003,-0.014254938240855108,0.99,0.9906933328709691,0.0006933328709690656,False,False
risk-friction__threshold-0p05__capital-1e+06__volume-0p01__slippage-0p002,2025-08-11,11193.154188400036,1074400,1.103,1196256.3541884,0.006326722519151451,0.99,0.9905839829986055,0.0005839829986055145,False,False
risk-friction__threshold-0p05__capital-1e+06__volume-0p01__slippage-0p002,2025-08-12,11193.154188400036,1074400,1.124,1218818.7541884002,0.018860840254685707,0.99,0.990643180996105,0.0006431809961050527,False,False
risk-friction__threshold-0p05__capital-1e+06__volume-0p01__slippage-0p002,2025-08-13,11193.154188400036,1074400,1.133,1228488.3541884,0.007933583206502837,0.99,0.9908163915677081,0.0008163915677080746,False,False
risk-friction__threshold-0p05__capital-1e+06__volume-0p01__slippage-0p002,2025-08-14,11193.154188400036,1074400,1.142,1238157.9541884,0.00787113688707941,0.99,0.9908966385405937,0.0008966385405937416,False,False
risk-friction__threshold-0p05__capital-1e+06__volume-0p01__slippage-0p002,2025-08-15,11193.154188400036,1074400,1.158,1255348.3541884,0.01388385055545549,0.99,0.9909045861728578,0.0009045861728578242,False,False
risk-friction__threshold-0p05__capital-1e+06__volume-0p01__slippage-0p002,2025-08-18,11193.154188400036,1074400,1.183,1282208.3541884,0.021396451359802393,0.99,0.9911817403076282,0.0011817403076281874,False,False
risk-friction__threshold-0p05__capital-1e+06__volume-0p01__slippage-0p002,2025-08-19,11193.154188400036,1074400,1.17,1268241.1541884001,-0.010893081420328743,0.99,0.9912557551312549,0.0012557551312548654,False,False
risk-friction__threshold-0p05__capital-1e+06__volume-0p01__slippage-0p002,2025-08-20,11193.154188400036,1074400,1.208,1309068.3541884,0.032191984832826925,0.99,0.9911442610302424,0.001144261030242455,False,False
risk-friction__threshold-0p05__capital-1e+06__volume-0p01__slippage-0p002,2025-08-21,117943.62643630004,985900,1.208,1308910.8264363,-0.0001203357728387644,0.9098256162750501,0.9099595990615404,0.00013398278649034978,True,False
risk-friction__threshold-0p05__capital-1e+06__volume-0p01__slippage-0p002,2025-08-22,117943.62643630004,985900,1.323,1422289.3264363,0.08662049217568879,0.9098256162750501,0.9105654193233871,0.0007398030483369844,False,False
risk-friction__threshold-0p05__capital-1e+06__volume-0p01__slippage-0p002,2025-08-25,573379.68321772,646000,1.356,1449355.6832177201,0.019030134219763628,0.6016550780211259,0.602084301367311,0.0004292233461850037,True,False
risk-friction__threshold-0p05__capital-1e+06__volume-0p01__slippage-0p002,2025-08-26,573379.68321772,646000,1.336,1436435.6832177201,-0.008914305956503554,0.6016550780211259,0.6015484083333632,0.00010666968776273933,False,False
risk-friction__threshold-0p05__capital-1e+06__volume-0p01__slippage-0p002,2025-08-27,573379.68321772,646000,1.337,1437081.6832177201,0.00044972427763201317,0.6016550780211259,0.6033291302017166,0.0016740521805906905,False,False
risk-friction__threshold-0p05__capital-1e+06__volume-0p01__slippage-0p002,2025-08-28,573379.68321772,646000,1.433,1499097.6832177201,0.04315412319579637,0.6016550780211259,0.6015484083333632,0.00010666968776273933,False,False
risk-friction__threshold-0p05__capital-1e+06__volume-0p01__slippage-0p002,2025-08-29,711660.9863777199,547000,1.412,1484024.9863777198,-0.01005451279708991,0.5182664464559248,0.5183216389879142,5.519253198937868e-05,True,False
risk-friction__threshold-0p05__capital-1e+06__volume-0p01__slippage-0p002,2025-09-01,711660.9863777199,547000,1.431,1494417.9863777198,0.007003251357221352,0.5182664464559248,0.5216862723805942,0.003419825924669384,False,False
risk-friction__threshold-0p05__capital-1e+06__volume-0p01__slippage-0p002,2025-09-02,711660.9863777199,547000,1.394,1474178.9863777198,-0.013543065049060887,0.5182664464559248,0.5229140555488544,0.0046476090929296054,False,False
risk-friction__threshold-0p05__capital-1e+06__volume-0p01__slippage-0p002,2025-09-03,711660.9863777199,547000,1.365,1458315.9863777198,-0.010760565810924883,0.5182664464559248,0.5161721092853144,0.002094337170610361,False,False
risk-friction__threshold-0p05__capital-1e+06__volume-0p01__slippage-0p002,2025-09-04,711660.9863777199,547000,1.282,1412914.9863777198,-0.031132484608339617,0.5182664464559248,0.5114483374583161,0.006818108997608707,False,False
risk-friction__threshold-0p05__capital-1e+06__volume-0p01__slippage-0p002,2025-09-05,766020.7035687199,504500,1.326,1434987.7035687198,0.015622112727098791,0.4577655098373702,0.4577956636902545,3.015385288429595e-05,True,False
risk-friction__threshold-0p05__capital-1e+06__volume-0p01__slippage-0p002,2025-09-08,766020.7035687199,504500,1.328,1435996.7035687198,0.0007031419136838135,0.4577655098373702,0.46637069733688113,0.008605187499510947,False,False
risk-friction__threshold-0p05__capital-1e+06__volume-0p01__slippage-0p002,2025-09-09,766020.7035687199,504500,1.307,1425402.2035687198,-0.007377802451545068,0.4577655098373702,0.4641106543421878,0.006345144504817601,False,False
risk-friction__threshold-0p05__capital-1e+06__volume-0p01__slippage-0p002,2025-09-10,766020.7035687199,504500,1.321,1432465.2035687198,0.004955092662489724,0.4577655098373702,0.4639214529998098,0.006155943162439614,False,False
risk-friction__threshold-0p05__capital-1e+06__volume-0p01__slippage-0p002,2025-09-11,766020.7035687199,504500,1.393,1468789.2035687198,0.02535768401878502,0.4577655098373702,0.4639214529998098,0.006155943162439614,False,False
risk-friction__threshold-0p05__capital-1e+06__volume-0p01__slippage-0p002,2025-09-12,766020.7035687199,504500,1.406,1475347.7035687198,0.004465242516805468,0.4577655098373702,0.478467909685394,0.0207023998480238,False,False
risk-friction__threshold-0p05__capital-1e+06__volume-0p01__slippage-0p002,2025-09-15,766020.7035687199,504500,1.409,1476861.2035687198,0.00102585986770376,0.4577655098373702,0.4851873714555687,0.027421861618198484,False,False
risk-friction__threshold-0p05__capital-1e+06__volume-0p01__slippage-0p002,2025-09-16,766020.7035687199,504500,1.426,1485437.7035687198,0.005807248493816086,0.4577655098373702,0.48202618461317437,0.02426067477580418,False,False
risk-friction__threshold-0p05__capital-1e+06__volume-0p01__slippage-0p002,2025-09-17,766020.7035687199,504500,1.44,1492500.7035687198,0.004754827471412204,0.4577655098373702,0.48343593637367305,0.02567042653630286,False,False
risk-friction__threshold-0p05__capital-1e+06__volume-0p01__slippage-0p002,2025-09-18,766020.7035687199,504500,1.45,1497545.7035687198,0.003380232912411296,0.4577655098373702,0.489514435557211,0.03174892571984084,False,False
risk-friction__threshold-0p05__capital-1e+06__volume-0p01__slippage-0p002,2025-09-19,766020.7035687199,504500,1.431,1487960.2035687198,-0.006400806317401364,0.4577655098373702,0.489514435557211,0.03174892571984084,False,False
risk-friction__threshold-0p05__capital-1e+06__volume-0p01__slippage-0p002,2025-09-22,766020.7035687199,504500,1.479,1512176.2035687198,0.016274628811926872,0.4577655098373702,0.48431314101669976,0.026547631179329567,False,False
risk-friction__threshold-0p05__capital-1e+06__volume-0p01__slippage-0p002,2025-09-23,766020.7035687199,504500,1.475,1510158.2035687198,-0.001334500566294805,0.4577655098373702,0.4932625240253451,0.03549701418797491,False,False
risk-friction__threshold-0p05__capital-1e+06__volume-0p01__slippage-0p002,2025-09-24,766020.7035687199,504500,1.53,1537905.7035687198,0.018373902770205675,0.4577655098373702,0.49088377479684475,0.033118264959474564,False,False
risk-friction__threshold-0p05__capital-1e+06__volume-0p01__slippage-0p002,2025-09-25,766020.7035687199,504500,1.548,1546986.7035687198,0.0059047833550052164,0.4577655098373702,0.5009242738285062,0.04315876399113605,False,False
risk-friction__threshold-0p05__capital-1e+06__volume-0p01__slippage-0p002,2025-09-26,766020.7035687199,504500,1.524,1534878.7035687198,-0.007826828745242764,0.4577655098373702,0.5032103342196292,0.04544482438225905,False,False
risk-friction__threshold-0p05__capital-1e+06__volume-0p01__slippage-0p002,2025-09-29,766020.7035687199,504500,1.543,1544464.2035687198,0.006245118899436797,0.4577655098373702,0.4996084824502461,0.041842972612875895,False,False
risk-friction__threshold-0p05__capital-1e+06__volume-0p01__slippage-0p002,2025-09-30,766020.7035687199,504500,1.57,1558085.7035687198,0.00881956342434198,0.4577655098373702,0.5069208788974672,0.04915536906009699,False,False
risk-friction__threshold-0p05__capital-1e+06__volume-0p01__slippage-0p002,2025-10-09,766020.7035687199,504500,1.618,1582301.7035687198,0.015542148897544239,0.4577655098373702,0.5141781303143527,0.05641262047698248,False,False
risk-friction__threshold-0p05__capital-1e+06__volume-0p01__slippage-0p002,2025-10-10,766020.7035687199,504500,1.528,1536896.7035687198,-0.02869553884546394,0.4577655098373702,0.510734112878467,0.05296860304109685,False,False
risk-friction__threshold-0p05__capital-1e+06__volume-0p01__slippage-0p002,2025-10-13,914589.2976153198,403200,1.546,1537936.49761532,0.0006765542825264426,0.3931794797685298,0.3932240665686722,4.45868001424099e-05,True,False
risk-friction__threshold-0p05__capital-1e+06__volume-0p01__slippage-0p002,2025-10-14,914589.2976153198,403200,1.481,1511728.49761532,-0.017041015699047035,0.3931794797685298,0.40748874126146145,0.014309261492931658,False,False
risk-friction__threshold-0p05__capital-1e+06__volume-0p01__slippage-0p002,2025-10-15,914589.2976153198,403200,1.501,1519792.4976153197,0.00533429118569928,0.3931794797685298,0.39468136771656787,0.001501887948038072,False,False
risk-friction__threshold-0p05__capital-1e+06__volume-0p01__slippage-0p002,2025-10-16,914589.2976153198,403200,1.487,1514147.6976153199,-0.00371419125233019,0.3931794797685298,0.39597088246032003,0.0027914026917902346,False,False
risk-friction__threshold-0p05__capital-1e+06__volume-0p01__slippage-0p002,2025-10-17,914589.2976153198,403200,1.433,1492374.8976153198,-0.014379574749735946,0.3931794797685298,0.39451979113985497,0.0013403113713251757,False,False
risk-friction__threshold-0p05__capital-1e+06__volume-0p01__slippage-0p002,2025-10-20,914589.2976153198,403200,1.437,1493987.6976153199,0.0010806935995621991,0.3931794797685298,0.39094315409516567,0.0022363256733641257,False,False
risk-friction__threshold-0p05__capital-1e+06__volume-0p01__slippage-0p002,2025-10-21,914589.2976153198,403200,1.477,1510115.6976153199,0.010795269616840297,0.3931794797685298,0.3888097555064648,0.004369724262065,False,False
risk-friction__threshold-0p05__capital-1e+06__volume-0p01__slippage-0p002,2025-10-22,914589.2976153198,403200,1.476,1509712.4976153197,-0.0002669994098047912,0.3931794797685298,0.3925741224224952,0.0006053573460346184,False,False
risk-friction__threshold-0p05__capital-1e+06__volume-0p01__slippage-0p002,2025-10-23,914589.2976153198,403200,1.473,1508502.89761532,-0.0008012121525855509,0.3931794797685298,0.39241141877033264,0.0007680609981971509,False,False
risk-friction__threshold-0p05__capital-1e+06__volume-0p01__slippage-0p002,2025-10-24,914589.2976153198,403200,1.535,1533501.29761532,0.016571661903678203,0.3931794797685298,0.39677404289931173,0.003594563130781936,False,False
risk-friction__threshold-0p05__capital-1e+06__volume-0p01__slippage-0p002,2025-10-27,914589.2976153198,403200,1.558,1542774.8976153198,0.006047337563014121,0.3931794797685298,0.4077981202339724,0.01461864046544259,False,False
risk-friction__threshold-0p05__capital-1e+06__volume-0p01__slippage-0p002,2025-10-28,914589.2976153198,403200,1.545,1537533.29761532,-0.003397514444979488,0.3931794797685298,0.4051580547661454,0.01197857499761562,False,False
risk-friction__threshold-0p05__capital-1e+06__volume-0p01__slippage-0p002,2025-10-29,914589.2976153198,403200,1.565,1545597.29761532,0.0052447644629922685,0.3931794797685298,0.4045334383939031,0.011353958625373306,False,False
risk-friction__threshold-0p05__capital-1e+06__volume-0p01__slippage-0p002,2025-10-30,914589.2976153198,403200,1.535,1533501.29761532,-0.007826100639967914,0.3931794797685298,0.40764347114371896,0.014463991375189167,False,False
risk-friction__threshold-0p05__capital-1e+06__volume-0p01__slippage-0p002,2025-10-31,914589.2976153198,403200,1.488,1514550.8976153198,-0.012357602846159388,0.3931794797685298,0.40202179995289433,0.008842320184364538,False,False
risk-friction__threshold-0p05__capital-1e+06__volume-0p01__slippage-0p002,2025-11-03,914589.2976153198,403200,1.47,1507293.29761532,-0.0047919155516179535,0.3931794797685298,0.3938726213243225,0.0006931415557926979,False,False
risk-friction__threshold-0p05__capital-1e+06__volume-0p01__slippage-0p002,2025-11-04,914589.2976153198,403200,1.455,1501245.29761532,-0.004012490475190478,0.3931794797685298,0.39403454344291544,0.0008550636743856477,False,False
risk-friction__threshold-0p05__capital-1e+06__volume-0p01__slippage-0p002,2025-11-05,914589.2976153198,403200,1.46,1503261.29761532,0.00134288513889258,0.3931794797685298,0.38666135868509255,0.006518121083437245,False,False
risk-friction__threshold-0p05__capital-1e+06__volume-0p01__slippage-0p002,2025-11-06,914589.2976153198,403200,1.509,1523018.0976153198,0.013142625324912505,0.3931794797685298,0.39419637907219574,0.0010168993036659413,False,False
risk-friction__threshold-0p05__capital-1e+06__volume-0p01__slippage-0p002,2025-11-07,914589.2976153198,403200,1.487,1514147.6976153199,-0.005824224947746037,0.3931794797685298,0.3970947093465744,0.003915229578044632,False,False
risk-friction__threshold-0p05__capital-1e+06__volume-0p01__slippage-0p002,2025-11-10,914589.2976153198,403200,1.478,1510518.8976153198,-0.0023965957916226577,0.3931794797685298,0.3966135817273221,0.0034341019587922905,False,False
risk-friction__threshold-0p05__capital-1e+06__volume-0p01__slippage-0p002,2025-11-11,914589.2976153198,403200,1.457,1502051.6976153199,-0.005605490943123792,0.3931794797685298,0.3961316856004294,0.0029522058318995903,False,False
risk-friction__threshold-0p05__capital-1e+06__volume-0p01__slippage-0p002,2025-11-12,914589.2976153198,403200,1.449,1498826.0976153198,-0.0021474627039276273,0.3931794797685298,0.38930340372743233,0.003876076041097465,False,False
risk-friction__threshold-0p05__capital-1e+06__volume-0p01__slippage-0p002,2025-11-13,914589.2976153198,403200,1.469,1506890.0976153198,0.00538021056133875,0.3931794797685298,0.38930340372743233,0.003876076041097465,False,False
risk-friction__threshold-0p05__capital-1e+06__volume-0p01__slippage-0p002,2025-11-14,914589.2976153198,403200,1.431,1491568.49761532,-0.010167695722631986,0.3931794797685298,0.39012438109358255,0.003055098674947243,False,False
risk-friction__threshold-0p05__capital-1e+06__volume-0p01__slippage-0p002,2025-11-17,914589.2976153198,403200,1.422,1487939.6976153199,-0.0024328751953407446,0.3931794797685298,0.38666135868509255,0.006518121083437245,False,False
risk-friction__threshold-0p05__capital-1e+06__volume-0p01__slippage-0p002,2025-11-18,914589.2976153198,403200,1.427,1489955.6976153199,0.001354893617820041,0.3931794797685298,0.38449780491212593,0.008681674856403865,False,False
risk-friction__threshold-0p05__capital-1e+06__volume-0p01__slippage-0p002,2025-11-19,914589.2976153198,403200,1.413,1484310.8976153198,-0.0037885690219074952,0.3931794797685298,0.38533174490800465,0.007847734860525146,False,False
risk-friction__threshold-0p05__capital-1e+06__volume-0p01__slippage-0p002,2025-11-20,914589.2976153198,403200,1.396,1477456.4976153197,-0.0046179004755757536,0.3931794797685298,0.38632949480911766,0.0068499849594121365,False,False
risk-friction__threshold-0p05__capital-1e+06__volume-0p01__slippage-0p002,2025-11-21,914589.2976153198,403200,1.351,1459312.4976153197,-0.012280564625276713,0.3931794797685298,0.3767180412786712,0.016461438489858593,False,False
risk-friction__threshold-0p05__capital-1e+06__volume-0p01__slippage-0p002,2025-11-24,914589.2976153198,403200,1.36,1462941.29761532,0.002486650395943313,0.3931794797685298,0.37431110024679104,0.018868379521738754,False,False
risk-friction__threshold-0p05__capital-1e+06__volume-0p01__slippage-0p002,2025-11-25,914589.2976153198,403200,1.369,1466570.0976153198,0.0024804823036406187,0.3931794797685298,0.3772314070653238,0.015948072703205973,False,False
risk-friction__threshold-0p05__capital-1e+06__volume-0p01__slippage-0p002,2025-11-26,914589.2976153198,403200,1.382,1471811.6976153199,0.00357405350656137,0.3931794797685298,0.37517285314584425,0.01800662662268554,False,False
risk-friction__threshold-0p05__capital-1e+06__volume-0p01__slippage-0p002,2025-11-27,914589.2976153198,403200,1.379,1470602.0976153198,-0.0008218442630669731,0.3931794797685298,0.38029393011392687,0.012885549654602924,False,False
risk-friction__threshold-0p05__capital-1e+06__volume-0p01__slippage-0p002,2025-11-28,914589.2976153198,403200,1.393,1476246.8976153198,0.003838427817526968,0.3931794797685298,0.3772314070653238,0.015948072703205973,False,False
risk-friction__threshold-0p05__capital-1e+06__volume-0p01__slippage-0p002,2025-12-01,914589.2976153198,403200,1.404,1480682.0976153198,0.0030043754924493626,0.3931794797685298,0.3808014246392392,0.012378055129290577,False,False
risk-friction__threshold-0p05__capital-1e+06__volume-0p01__slippage-0p002,2025-12-02,914589.2976153198,403200,1.387,1473827.6976153199,-0.00462921785239323,0.3931794797685298,0.3818139241591203,0.011365555609409494,False,False
risk-friction__threshold-0p05__capital-1e+06__volume-0p01__slippage-0p002,2025-12-03,914589.2976153198,403200,1.375,1468989.29761532,-0.0032828803582864996,0.3931794797685298,0.3791065349184345,0.014072944850095304,False,False
risk-friction__threshold-0p05__capital-1e+06__volume-0p01__slippage-0p002,2025-12-04,914589.2976153198,403200,1.394,1476650.0976153198,0.0052150141682012485,0.3931794797685298,0.3765467312172236,0.016632748551306198,False,False
risk-friction__threshold-0p05__capital-1e+06__volume-0p01__slippage-0p002,2025-12-05,914589.2976153198,403200,1.394,1476650.0976153198,0.0,0.3931794797685298,0.379955138019948,0.01322434174858178,False,False
risk-friction__threshold-0p05__capital-1e+06__volume-0p01__slippage-0p002,2025-12-08,798651.5835323599,486000,1.42,1488771.58353236,0.008208773315097062,0.45950222249947387,0.4594917083877083,1.0514111765558276e-05,True,False
risk-friction__threshold-0p05__capital-1e+06__volume-0p01__slippage-0p002,2025-12-09,798651.5835323599,486000,1.414,1485855.58353236,-0.001958661780124271,0.45950222249947387,0.4617930122014284,0.00229078970195451,False,False
risk-friction__threshold-0p05__capital-1e+06__volume-0p01__slippage-0p002,2025-12-10,798651.5835323599,486000,1.415,1486341.58353236,0.0003270842774938387,0.45950222249947387,0.46073331182563293,0.0012310893261590627,False,False
risk-friction__threshold-0p05__capital-1e+06__volume-0p01__slippage-0p002,2025-12-11,798651.5835323599,486000,1.392,1475163.58353236,-0.007520478552066723,0.45950222249947387,0.46302407752132024,0.0035218550218463762,False,False
risk-friction__threshold-0p05__capital-1e+06__volume-0p01__slippage-0p002,2025-12-12,798651.5835323599,486000,1.418,1487799.58353236,0.008565829675474035,0.45950222249947387,0.45877965036890744,0.0007225721305664234,False,False
risk-friction__threshold-0p05__capital-1e+06__volume-0p01__slippage-0p002,2025-12-15,798651.5835323599,486000,1.389,1473705.58353236,-0.009473050104327752,0.45950222249947387,0.46091021825050243,0.0014079957510285679,False,False
risk-friction__threshold-0p05__capital-1e+06__volume-0p01__slippage-0p002,2025-12-16,798651.5835323599,486000,1.361,1460097.58353236,-0.009233866080213038,0.45950222249947387,0.45681178194939603,0.0026904405500778328,False,False
risk-friction__threshold-0p05__capital-1e+06__volume-0p01__slippage-0p002,2025-12-17,798651.5835323599,486000,1.396,1477107.58353236,0.011649906274653565,0.45950222249947387,0.4530149268515247,0.006487295647949143,False,False
risk-friction__threshold-0p05__capital-1e+06__volume-0p01__slippage-0p002,2025-12-18,798651.5835323599,486000,1.376,1467387.58353236,-0.006580427931156874,0.45950222249947387,0.45717063990493795,0.002331582594535919,False,False
risk-friction__threshold-0p05__capital-1e+06__volume-0p01__slippage-0p002,2025-12-19,798651.5835323599,486000,1.38,1469331.58353236,0.0013248033592598851,0.45950222249947387,0.45681178194939603,0.0026904405500778328,False,False
risk-friction__threshold-0p05__capital-1e+06__volume-0p01__slippage-0p002,2025-12-22,798651.5835323599,486000,1.405,1481481.58353236,0.008269066108815837,0.45950222249947387,0.4573498911314668,0.0021523313680070766,False,False
risk-friction__threshold-0p05__capital-1e+06__volume-0p01__slippage-0p002,2025-12-23,798651.5835323599,486000,1.41,1483911.58353236,0.0016402498870125015,0.45950222249947387,0.46091021825050243,0.0014079957510285679,False,False
risk-friction__threshold-0p05__capital-1e+06__volume-0p01__slippage-0p002,2025-12-24,798651.5835323599,486000,1.423,1490229.58353236,0.0042576660699422675,0.45950222249947387,0.4621453207581004,0.0026430982586265195,False,False
risk-friction__threshold-0p05__capital-1e+06__volume-0p01__slippage-0p002,2025-12-25,798651.5835323599,486000,1.422,1489743.58353236,-0.0003261242464721592,0.45950222249947387,0.46389996751074325,0.004397745011269383,False,False
risk-friction__threshold-0p05__capital-1e+06__volume-0p01__slippage-0p002,2025-12-26,798651.5835323599,486000,1.419,1488285.58353236,-0.0009786919145796658,0.45950222249947387,0.4640748027298725,0.004572580230398637,False,False
risk-friction__threshold-0p05__capital-1e+06__volume-0p01__slippage-0p002,2025-12-29,798651.5835323599,486000,1.417,1487313.58353236,-0.0006531004605265789,0.45950222249947387,0.46337477674358274,0.0038725542441088723,False,False
risk-friction__threshold-0p05__capital-1e+06__volume-0p01__slippage-0p002,2025-12-30,726655.12867364,536800,1.433,1495889.52867364,0.005766063886078587,0.510931792551377,0.5108973151071353,3.44774442416762e-05,True,False
risk-friction__threshold-0p05__capital-1e+06__volume-0p01__slippage-0p002,2025-12-31,726655.12867364,536800,1.417,1487300.72867364,-0.0057416004560280065,0.510931792551377,0.5151021189352056,0.0041703263838286375,False,False
risk-friction__threshold-0p05__capital-1e+06__volume-0p01__slippage-0p002,2026-01-05,726655.12867364,536800,1.479,1520582.32867364,0.022377182608980695,0.510931792551377,0.5142320908430029,0.003300298291625925,False,False
risk-friction__threshold-0p05__capital-1e+06__volume-0p01__slippage-0p002,2026-01-06,726655.12867364,536800,1.505,1534539.12867364,0.009178588845086821,0.510931792551377,0.5224576627470358,0.01152587019565876,False,False
risk-friction__threshold-0p05__capital-1e+06__volume-0p01__slippage-0p002,2026-01-07,726655.12867364,536800,1.52,1542591.12867364,0.005247178028597865,0.510931792551377,0.5284463230769343,0.017514530525557293,False,False
risk-friction__threshold-0p05__capital-1e+06__volume-0p01__slippage-0p002,2026-01-08,726655.12867364,536800,1.531,1548495.92867364,0.003827845169236177,0.510931792551377,0.5279530109562758,0.017021218404898786,False,False
risk-friction__threshold-0p05__capital-1e+06__volume-0p01__slippage-0p002,2026-01-09,669523.99447364,574300,1.554,1561986.19447364,0.008711850996957482,0.5659507999659192,0.5659375303914361,1.326957448311017e-05,True,False
risk-friction__threshold-0p05__capital-1e+06__volume-0p01__slippage-0p002,2026-01-12,669523.99447364,574300,1.594,1584958.19447364,0.014706916156670191,0.5659507999659192,0.5732465608015913,0.0072957608356720716,False,False
risk-friction__threshold-0p05__capital-1e+06__volume-0p01__slippage-0p002,2026-01-13,669523.99447364,574300,1.549,1559114.69447364,-0.016305477387422496,0.5659507999659192,0.5775762434567008,0.01162544349078154,False,False
risk-friction__threshold-0p05__capital-1e+06__volume-0p01__slippage-0p002,2026-01-14,669523.99447364,574300,1.579,1576343.69447364,0.01105050196824453,0.5659507999659192,0.57104826482641,0.005097464860490786,False,False
risk-friction__threshold-0p05__capital-1e+06__volume-0p01__slippage-0p002,2026-01-15,669523.99447364,574300,1.573,1572897.89447364,-0.002185944608450785,0.5659507999659192,0.5740262159953089,0.00807541602938966,False,False
risk-friction__threshold-0p05__capital-1e+06__volume-0p01__slippage-0p002,2026-01-16,669523.99447364,574300,1.593,1584383.89447364,0.0073024447679381765,0.5659507999659192,0.5765020801168357,0.010551280150916442,False,False
risk-friction__threshold-0p05__capital-1e+06__volume-0p01__slippage-0p002,2026-01-19,669523.99447364,574300,1.586,1580363.7944736402,-0.002537326978658383,0.5659507999659192,0.5769631040308101,0.011012304064890843,False,False
risk-friction__threshold-0p05__capital-1e+06__volume-0p01__slippage-0p002,2026-01-20,669523.99447364,574300,1.56,1565431.9944736399,-0.009448330854082587,0.5659507999659192,0.5761941721882925,0.01024337222237326,False,False
risk-friction__threshold-0p05__capital-1e+06__volume-0p01__slippage-0p002,2026-01-21,669523.99447364,574300,1.616,1597592.7944736402,0.02054436099015211,0.5659507999659192,0.5716786569906204,0.005727857024701133,False,False
risk-friction__threshold-0p05__capital-1e+06__volume-0p01__slippage-0p002,2026-01-22,669523.99447364,574300,1.622,1601038.59447364,0.002156870018392265,0.5659507999659192,0.5849454755890164,0.0189946756230972,False,False
risk-friction__threshold-0p05__capital-1e+06__volume-0p01__slippage-0p002,2026-01-23,669523.99447364,574300,1.635,1608504.4944736399,0.00466316054201954,0.5659507999659192,0.5800111302190767,0.01406033025315745,False,False
risk-friction__threshold-0p05__capital-1e+06__volume-0p01__slippage-0p002,2026-01-26,669523.99447364,574300,1.615,1597018.4944736399,-0.007140794470554823,0.5659507999659192,0.5837599479678593,0.01780914800194011,False,False
risk-friction__threshold-0p05__capital-1e+06__volume-0p01__slippage-0p002,2026-01-27,669523.99447364,574300,1.64,1611375.9944736399,0.008990190188581382,0.5659507999659192,0.5794050438690892,0.01345424390316996,False,False
risk-friction__threshold-0p05__capital-1e+06__volume-0p01__slippage-0p002,2026-01-28,669523.99447364,574300,1.635,1608504.4944736399,-0.001782017362706223,0.5659507999659192,0.5852408030579273,0.019290003092008012,False,False
risk-friction__threshold-0p05__capital-1e+06__volume-0p01__slippage-0p002,2026-01-29,669523.99447364,574300,1.589,1582086.69447364,-0.016423827282276093,0.5659507999659192,0.5831646408422984,0.017213840876379116,False,False
risk-friction__threshold-0p05__capital-1e+06__volume-0p01__slippage-0p002,2026-01-30,669523.99447364,574300,1.588,1581512.39447364,-0.0003630015990945257,0.5659507999659192,0.5752677561239574,0.009316956158038181,False,False
risk-friction__threshold-0p05__capital-1e+06__volume-0p01__slippage-0p002,2026-02-02,669523.99447364,574300,1.528,1547054.39447364,-0.021788005026333268,0.5659507999659192,0.5748030276092939,0.008852227643374677,False,False
risk-friction__threshold-0p05__capital-1e+06__volume-0p01__slippage-0p002,2026-02-03,669523.99447364,574300,1.548,1558540.39447364,0.007424431901703166,0.5659507999659192,0.5708903767427881,0.004939576776868848,False,False
risk-friction__threshold-0p05__capital-1e+06__volume-0p01__slippage-0p002,2026-02-04,669523.99447364,574300,1.531,1548777.29447364,-0.00626425855538848,0.5659507999659192,0.5678682638196807,0.0019174638537614586,False,False
risk-friction__threshold-0p05__capital-1e+06__volume-0p01__slippage-0p002,2026-02-05,669523.99447364,574300,1.508,1535568.39447364,-0.00852859868693323,0.5659507999659192,0.5639894667777801,0.0019613331881391805,False,False
risk-friction__threshold-0p05__capital-1e+06__volume-0p01__slippage-0p002,2026-02-06,669523.99447364,574300,1.499,1530399.69447364,-0.0033659848812996884,0.5659507999659192,0.5610343633852695,0.0049164365806497745,False,False
risk-friction__threshold-0p05__capital-1e+06__volume-0p01__slippage-0p002,2026-02-09,669523.99447364,574300,1.535,1551074.4944736399,0.013509412001752041,0.5659507999659192,0.5670658827965586,0.0011150828306393246,False,False
risk-friction__threshold-0p05__capital-1e+06__volume-0p01__slippage-0p002,2026-02-10,669523.99447364,574300,1.55,1559688.9944736399,0.005553891854126247,0.5659507999659192,0.5688272038216602,0.00287640385574095,False,False
risk-friction__threshold-0p05__capital-1e+06__volume-0p01__slippage-0p002,2026-02-11,669523.99447364,574300,1.533,1549925.8944736398,-0.006259645374554257,0.5659507999659192,0.5691459054209768,0.003195105455057523,False,False
risk-friction__threshold-0p05__capital-1e+06__volume-0p01__slippage-0p002,2026-02-12,669523.99447364,574300,1.559,1564857.69447364,0.009633879950803115,0.5659507999659192,0.5688272038216602,0.00287640385574095,False,False
risk-friction__threshold-0p05__capital-1e+06__volume-0p01__slippage-0p002,2026-02-13,669523.99447364,574300,1.548,1558540.39447364,-0.004036980501364362,0.5659507999659192,0.5707323723858234,0.004781572419904179,False,False
risk-friction__threshold-0p05__capital-1e+06__volume-0p01__slippage-0p002,2026-02-24,669523.99447364,574300,1.543,1555668.8944736398,-0.001842428986879141,0.5659507999659192,0.5738705129418525,0.007919712975933302,False,False
risk-friction__threshold-0p05__capital-1e+06__volume-0p01__slippage-0p002,2026-02-25,669523.99447364,574300,1.552,1560837.59447364,0.0033224936349640632,0.5659507999659192,0.5702576603890477,0.004306860423128445,False,False
risk-friction__threshold-0p05__capital-1e+06__volume-0p01__slippage-0p002,2026-02-26,669523.99447364,574300,1.564,1567729.19447364,0.00441532163525582,0.5659507999659192,0.5713636926866329,0.005412892720713658,False,False
risk-friction__threshold-0p05__capital-1e+06__volume-0p01__slippage-0p002,2026-02-27,669523.99447364,574300,1.566,1568877.7944736402,0.0007326520447847873,0.5659507999659192,0.5707323723858234,0.004781572419904179,False,False
risk-friction__threshold-0p05__capital-1e+06__volume-0p01__slippage-0p002,2026-03-02,669523.99447364,574300,1.544,1556243.19447364,-0.00805327224625485,0.5659507999659192,0.5691459054209768,0.003195105455057523,False,False
risk-friction__threshold-0p05__capital-1e+06__volume-0p01__slippage-0p002,2026-03-03,669523.99447364,574300,1.464,1510299.19447364,-0.02952237809819913,0.5659507999659192,0.5697818972952428,0.0038310973293235184,False,False
risk-friction__threshold-0p05__capital-1e+06__volume-0p01__slippage-0p002,2026-03-04,669523.99447364,574300,1.459,1507427.69447364,-0.0019012789058665547,0.5659507999659192,0.5550023342877738,0.010948465678145447,False,False
risk-friction__threshold-0p05__capital-1e+06__volume-0p01__slippage-0p002,2026-03-05,669523.99447364,574300,1.482,1520636.59447364,0.008762543005163659,0.5659507999659192,0.5608690160214848,0.0050817839444344814,False,False
risk-friction__threshold-0p05__capital-1e+06__volume-0p01__slippage-0p002,2026-03-06,669523.99447364,574300,1.491,1525805.2944736402,0.0033990369683227772,0.5659507999659192,0.5580389296541513,0.007911870311767988,False,False
risk-friction__threshold-0p05__capital-1e+06__volume-0p01__slippage-0p002,2026-03-09,669523.99447364,574300,1.465,1510873.4944736399,-0.00978617655482139,0.5659507999659192,0.5565258300207953,0.009424969945123984,False,False
risk-friction__threshold-0p05__capital-1e+06__volume-0p01__slippage-0p002,2026-03-10,669523.99447364,574300,1.495,1528102.49447364,0.011403337250285528,0.5659507999659192,0.5610343633852695,0.0049164365806497745,False,False
risk-friction__threshold-0p05__capital-1e+06__volume-0p01__slippage-0p002,2026-03-11,669523.99447364,574300,1.477,1517765.09447364,-0.006764860365967018,0.5659507999659192,0.5621883176064776,0.0037624823594416545,False,False
risk-friction__threshold-0p05__capital-1e+06__volume-0p01__slippage-0p002,2026-03-12,669523.99447364,574300,1.456,1505704.79447364,-0.007946091291671564,0.5659507999659192,0.5580389296541513,0.007911870311767988,False,False
risk-friction__threshold-0p05__capital-1e+06__volume-0p01__slippage-0p002,2026-03-13,669523.99447364,574300,1.45,1502258.9944736399,-0.0022884963989270313,0.5659507999659192,0.553639301387282,0.012311498578637226,False,False
risk-friction__threshold-0p05__capital-1e+06__volume-0p01__slippage-0p002,2026-03-16,669523.99447364,574300,1.458,1506853.39447364,0.0030583275033808643,0.5659507999659192,0.553639301387282,0.012311498578637226,False,False
risk-friction__threshold-0p05__capital-1e+06__volume-0p01__slippage-0p002,2026-03-17,669523.99447364,574300,1.428,1489624.3944736398,-0.01143375995514051,0.5659507999659192,0.5558500106319044,0.010100789334014815,False,False
risk-friction__threshold-0p05__capital-1e+06__volume-0p01__slippage-0p002,2026-03-18,669523.99447364,574300,1.445,1499387.4944736399,0.006554068284743586,0.5659507999659192,0.551233793415362,0.014717006550557188,False,False
risk-friction__threshold-0p05__capital-1e+06__volume-0p01__slippage-0p002,2026-03-19,669523.99447364,574300,1.411,1479861.2944736402,-0.0130227843515891,0.5659507999659192,0.5498475406344047,0.016103259331514574,False,False
risk-friction__threshold-0p05__capital-1e+06__volume-0p01__slippage-0p002,2026-03-20,669523.99447364,574300,1.388,1466652.3944736398,-0.008925768955055036,0.5659507999659192,0.5481026343484309,0.017848165617488365,False,False
risk-friction__threshold-0p05__capital-1e+06__volume-0p01__slippage-0p002,2026-03-23,669523.99447364,574300,1.329,1432768.69447364,-0.02310274754104913,0.5659507999659192,0.5395352126924896,0.02641558727342963,False,False
risk-friction__threshold-0p05__capital-1e+06__volume-0p01__slippage-0p002,2026-03-24,1440181.3608837398,0,1.359,1440181.3608837398,0.00517366581130041,0.0,0.0,0.0,True,False
risk-friction__threshold-0p05__capital-1e+06__volume-0p01__slippage-0p002,2026-03-25,687303.9668041598,551100,1.385,1450577.4668041598,0.007218608852179953,0.5215696987861705,0.522192355730015,0.0006226569438444463,True,False
risk-friction__threshold-0p05__capital-1e+06__volume-0p01__slippage-0p002,2026-03-26,687303.9668041598,551100,1.357,1435146.6668041598,-0.01063769454105501,0.5215696987861705,0.5258256677124645,0.004255968926293985,False,False
risk-friction__threshold-0p05__capital-1e+06__volume-0p01__slippage-0p002,2026-03-27,687303.9668041598,551100,1.37,1442310.9668041598,0.004992033334093815,0.5215696987861705,0.5168240410010411,0.004745657785129476,False,False
risk-friction__threshold-0p05__capital-1e+06__volume-0p01__slippage-0p002,2026-03-30,687303.9668041598,551100,1.359,1436248.8668041597,-0.004203046457749937,0.5215696987861705,0.519245369457958,0.002324329328212582,False,False
risk-friction__threshold-0p05__capital-1e+06__volume-0p01__slippage-0p002,2026-03-31,687303.9668041598,551100,1.324,1416960.3668041597,-0.013429775609097194,0.5215696987861705,0.5209075068207113,0.0006621919654592467,False,False
risk-friction__threshold-0p05__capital-1e+06__volume-0p01__slippage-0p002,2026-04-01,1431777.5788977998,0,1.369,1431777.5788977998,0.01045704060661845,0.0,0.0,0.0,True,False
risk-friction__threshold-0p05__capital-1e+06__volume-0p01__slippage-0p002,2026-04-02,724255.8906491798,517900,1.33,1413062.89064918,-0.01307094658028285,0.4931083218711204,0.49358174158034085,0.0004734197092204351,True,False
risk-friction__threshold-0p05__capital-1e+06__volume-0p01__slippage-0p002,2026-04-03,1414062.5935370799,0,1.324,1414062.5935370799,0.0007074723244913095,0.0,0.0,0.0,True,False
risk-friction__threshold-0p05__capital-1e+06__volume-0p01__slippage-0p002,2026-04-07,1414062.5935370799,0,1.342,1414062.5935370799,0.0,0.0,0.0,0.0,False,False
risk-friction__threshold-0p05__capital-1e+06__volume-0p01__slippage-0p002,2026-04-08,1414062.5935370799,0,1.425,1414062.5935370799,0.0,0.0,0.0,0.0,False,False
risk-friction__threshold-0p05__capital-1e+06__volume-0p01__slippage-0p002,2026-04-09,754731.61836652,467200,1.415,1415819.61836652,0.001242536813766515,0.4652389598885894,0.4656953481314471,0.0004563882428577082,True,False
risk-friction__threshold-0p05__capital-1e+06__volume-0p01__slippage-0p002,2026-04-10,754731.61836652,467200,1.437,1426098.01836652,0.007259681859655753,0.4652389598885894,0.4702509189769322,0.005011959088342843,False,False
risk-friction__threshold-0p05__capital-1e+06__volume-0p01__slippage-0p002,2026-04-13,754731.61836652,467200,1.448,1431237.21836652,0.0036036793641200937,0.4652389598885894,0.4692065419416231,0.003967582053033714,False,False
risk-friction__threshold-0p05__capital-1e+06__volume-0p01__slippage-0p002,2026-04-14,754731.61836652,467200,1.479,1445720.4183665202,0.010119356745438735,0.4652389598885894,0.476940458704258,0.01170149881566862,False,False
risk-friction__threshold-0p05__capital-1e+06__volume-0p01__slippage-0p002,2026-04-15,754731.61836652,467200,1.482,1447122.01836652,0.0009694820535104398,0.4652389598885894,0.4799712864012418,0.014732326512652438,False,False
risk-friction__threshold-0p05__capital-1e+06__volume-0p01__slippage-0p002,2026-04-16,754731.61836652,467200,1.498,1454597.21836652,0.0051655630314006995,0.4652389598885894,0.4789649206979308,0.013725960809341409,False,False
risk-friction__threshold-0p05__capital-1e+06__volume-0p01__slippage-0p002,2026-04-17,754731.61836652,467200,1.499,1455064.4183665202,0.00032118856966101283,0.4652389598885894,0.4801386361849712,0.014899676296381836,False,False
risk-friction__threshold-0p05__capital-1e+06__volume-0p01__slippage-0p002,2026-04-20,754731.61836652,467200,1.527,1468146.0183665198,0.008990392339251363,0.4652389598885894,0.481473566878937,0.016234606990347622,False,False
risk-friction__threshold-0p05__capital-1e+06__volume-0p01__slippage-0p002,2026-04-21,754731.61836652,467200,1.504,1457400.4183665202,-0.007319162988947969,0.4652389598885894,0.4852735833901073,0.020034623501517912,False,False
risk-friction__threshold-0p05__capital-1e+06__volume-0p01__slippage-0p002,2026-04-22,754731.61836652,467200,1.529,1469080.41836652,0.008014269690611808,0.4652389598885894,0.4808069596121255,0.015567999723536119,False,False
risk-friction__threshold-0p05__capital-1e+06__volume-0p01__slippage-0p002,2026-04-23,754731.61836652,467200,1.508,1459269.21836652,-0.006678463532247658,0.4652389598885894,0.4885329588835872,0.023293998994997844,False,False
risk-friction__threshold-0p05__capital-1e+06__volume-0p01__slippage-0p002,2026-04-24,754731.61836652,467200,1.531,1470014.81836652,0.007363685785155116,0.4652389598885894,0.48362826782323415,0.018389307934644772,False,False
risk-friction__threshold-0p05__capital-1e+06__volume-0p01__slippage-0p002,2026-04-27,754731.61836652,467200,1.591,1498046.81836652,0.019069195527667615,0.4652389598885894,0.4899862490594555,0.024747289170866105,False,False
risk-friction__threshold-0p05__capital-1e+06__volume-0p01__slippage-0p002,2026-04-28,754731.61836652,467200,1.568,1487301.21836652,-0.007173073543667474,0.4652389598885894,0.49429698560926416,0.029058025720674785,False,False
risk-friction__threshold-0p05__capital-1e+06__volume-0p01__slippage-0p002,2026-04-29,754731.61836652,467200,1.575,1490571.61836652,0.0021988820822669286,0.4652389598885894,0.4904688455655256,0.025229885676936237,False,False
risk-friction__threshold-0p05__capital-1e+06__volume-0p01__slippage-0p002,2026-04-30,754731.61836652,467200,1.654,1527480.41836652,0.024761507293723728,0.4652389598885894,0.49634664132856915,0.031107681439979773,False,False
risk-friction__threshold-0p05__capital-1e+06__volume-0p01__slippage-0p002,2026-05-06,754731.61836652,467200,1.744,1569528.4183665202,0.027527685130632307,0.4652389598885894,0.5155294896034283,0.05029052971483888,False,False
risk-friction__threshold-0p05__capital-1e+06__volume-0p01__slippage-0p002,2026-05-07,754731.61836652,467200,1.769,1581208.41836652,0.007441725720491066,0.4652389598885894,0.5202771752801617,0.05503821539157233,False,False
risk-friction__threshold-0p05__capital-1e+06__volume-0p01__slippage-0p002,2026-05-08,754731.61836652,467200,1.727,1561586.01836652,-0.01240974926017091,0.4652389598885894,0.5191347862614659,0.05389582637287654,False,False
risk-friction__threshold-0p05__capital-1e+06__volume-0p01__slippage-0p002,2026-05-11,754731.61836652,467200,1.811,1600830.81836652,0.025131372552279707,0.4652389598885894,0.5238124140376952,0.05857345414910581,False,False
risk-friction__threshold-0p05__capital-1e+06__volume-0p01__slippage-0p002,2026-05-12,754731.61836652,467200,1.816,1603166.81836652,0.00145924227169969,0.4652389598885894,0.5272959292379109,0.062056969349321534,False,False
risk-friction__threshold-0p05__capital-1e+06__volume-0p01__slippage-0p002,2026-05-13,754731.61836652,467200,1.865,1626059.61836652,0.014279736667283105,0.4652389598885894,0.5242331443446957,0.058994184456106324,False,False
risk-friction__threshold-0p05__capital-1e+06__volume-0p01__slippage-0p002,2026-05-14,754731.61836652,467200,1.815,1602699.61836652,-0.01436601692591477,0.4652389598885894,0.5383724957814694,0.07313353589288002,False,False
risk-friction__threshold-0p05__capital-1e+06__volume-0p01__slippage-0p002,2026-05-15,754731.61836652,467200,1.787,1589618.0183665198,-0.008162228186797016,0.4652389598885894,0.527986525197425,0.06274756530883557,False,False
risk-friction__threshold-0p05__capital-1e+06__volume-0p01__slippage-0p002,2026-05-18,754731.61836652,467200,1.803,1597093.21836652,0.004702513379712281,0.4652389598885894,0.522827810201708,0.05758885031311861,False,False
risk-friction__threshold-0p05__capital-1e+06__volume-0p01__slippage-0p002,2026-05-19,754731.61836652,467200,1.871,1628862.81836652,0.019892138814848526,0.4652389598885894,0.5252119630965956,0.05997300320800619,False,False
risk-friction__threshold-0p05__capital-1e+06__volume-0p01__slippage-0p002,2026-05-20,955752.82490722,358700,1.931,1648402.5249072202,0.011995919067202543,0.4106865523660869,0.41070525426812704,1.8701902040119123e-05,True,False
risk-friction__threshold-0p05__capital-1e+06__volume-0p01__slippage-0p002,2026-05-21,955752.82490722,358700,1.86,1622934.82490722,-0.015449927802939745,0.4106865523660869,0.42470127105996297,0.01401471869387605,False,False
risk-friction__threshold-0p05__capital-1e+06__volume-0p01__slippage-0p002,2026-05-22,955752.82490722,358700,1.887,1632619.7249072199,0.005967522448446783,0.4106865523660869,0.412783212437616,0.0020966600715290884,False,False
risk-friction__threshold-0p05__capital-1e+06__volume-0p01__slippage-0p002,2026-05-25,955752.82490722,358700,1.998,1672435.42490722,0.02438761420836255,0.4106865523660869,0.41458944154216054,0.0039028891760736206,False,False
risk-friction__threshold-0p05__capital-1e+06__volume-0p01__slippage-0p002,2026-05-26,955752.82490722,358700,1.968,1661674.42490722,-0.006434329146428497,0.4106865523660869,0.42668186235050864,0.015995309984421724,False,False
risk-friction__threshold-0p05__capital-1e+06__volume-0p01__slippage-0p002,2026-05-27,955752.82490722,358700,1.911,1641228.52490722,-0.01230439591145649,0.4106865523660869,0.42532167425110723,0.014635121885020308,False,False
risk-friction__threshold-0p05__capital-1e+06__volume-0p01__slippage-0p002,2026-05-28,955752.82490722,358700,1.942,1652348.2249072199,0.006775229549845108,0.4106865523660869,0.41536014269301635,0.004673590326929433,False,False
risk-friction__threshold-0p05__capital-1e+06__volume-0p01__slippage-0p002,2026-05-29,955752.82490722,358700,1.844,1617195.62490722,-0.021274329145706372,0.4106865523660869,0.42183007709638715,0.011143524730300225,False,False
risk-friction__threshold-0p05__capital-1e+06__volume-0p01__slippage-0p002,2026-06-01,955752.82490722,358700,1.754,1584912.62490722,-0.01996233448989948,0.4106865523660869,0.4086125375150771,0.002074014851009831,False,False
risk-friction__threshold-0p05__capital-1e+06__volume-0p01__slippage-0p002,2026-06-02,955752.82490722,358700,1.781,1594597.52490722,0.006110683862188937,0.4106865523660869,0.3972409642261006,0.013445588139986309,False,False
risk-friction__threshold-0p05__capital-1e+06__volume-0p01__slippage-0p002,2026-06-03,955752.82490722,358700,1.823,1609662.92490722,0.009447775858598906,0.4106865523660869,0.4015729865286121,0.009113565837474802,False,False
risk-friction__threshold-0p05__capital-1e+06__volume-0p01__slippage-0p002,2026-06-04,955752.82490722,358700,1.832,1612891.2249072199,0.0020055751735637006,0.4106865523660869,0.4023783178162926,0.008308234549794347,False,False
risk-friction__threshold-0p05__capital-1e+06__volume-0p01__slippage-0p002,2026-06-05,955752.82490722,358700,1.763,1588140.92490722,-0.015345300177588617,0.4106865523660869,0.4033151357447309,0.007371416621356042,False,False
risk-friction__threshold-0p05__capital-1e+06__volume-0p01__slippage-0p002,2026-06-08,1006842.07953142,328400,1.683,1559539.2795314202,-0.018009513467748928,0.3553633982066344,0.3553479757431122,1.5422463522152263e-05,True,False
risk-friction__threshold-0p05__capital-1e+06__volume-0p01__slippage-0p002,2026-06-09,1006842.07953142,328400,1.755,1583184.07953142,0.015161400748498144,0.3553633982066344,0.35952274566674636,0.004159347460111984,False,False
risk-friction__threshold-0p05__capital-1e+06__volume-0p01__slippage-0p002,2026-06-10,1006842.07953142,328400,1.744,1579571.67953142,-0.002281730878110566,0.3553633982066344,0.36311502639214177,0.007751628185507398,False,False
risk-friction__threshold-0p05__capital-1e+06__volume-0p01__slippage-0p002,2026-06-11,1006842.07953142,328400,1.756,1583512.47953142,0.002494853542302611,0.3553633982066344,0.36032452794002007,0.004961129733385694,False,False
risk-friction__threshold-0p05__capital-1e+06__volume-0p01__slippage-0p002,2026-06-12,1006842.07953142,328400,1.756,1583512.47953142,0.0,0.3553633982066344,0.3731418368166671,0.017778438610032754,False,False
risk-friction__threshold-0p05__capital-1e+06__volume-0p01__slippage-0p002,2026-06-15,1006842.07953142,328400,1.844,1612411.67953142,0.0182500614131893,0.3553633982066344,0.3675817196070024,0.012218321400368048,False,False
risk-friction__threshold-0p05__capital-1e+06__volume-0p01__slippage-0p002,2026-06-16,1006842.07953142,328400,1.855,1616024.07953142,0.002240370772462752,0.3553633982066344,0.3756947617845791,0.02033136357794474,False,False
risk-friction__threshold-0p05__capital-1e+06__volume-0p01__slippage-0p002,2026-06-17,1006842.07953142,328400,1.939,1643609.67953142,0.017070042674115937,0.3553633982066344,0.3735261057804043,0.01816270757376992,False,False
risk-friction__threshold-0p05__capital-1e+06__volume-0p01__slippage-0p002,2026-06-18,1006842.07953142,328400,2.017,1669224.8795314198,0.015584722041368293,0.3553633982066344,0.3869302301332338,0.031566831926599426,False,False
risk-friction__threshold-0p05__capital-1e+06__volume-0p01__slippage-0p002,2026-06-22,1006842.07953142,328400,2.056,1682032.47953142,0.007672782832949032,0.3553633982066344,0.3978867162630924,0.04252331805645804,False,False
risk-friction__threshold-0p05__capital-1e+06__volume-0p01__slippage-0p002,2026-06-23,1006842.07953142,328400,2.023,1671195.2795314202,-0.006442919582039686,0.3553633982066344,0.3995376658235032,0.04417426761686882,False,False
risk-friction__threshold-0p05__capital-1e+06__volume-0p01__slippage-0p002,2026-06-24,1006842.07953142,328400,2.096,1695168.47953142,0.014344942385620785,0.3553633982066344,0.39479645777233147,0.03943305956569709,False,False
risk-friction__threshold-0p05__capital-1e+06__volume-0p01__slippage-0p002,2026-06-25,1006842.07953142,328400,2.178,1722097.27953142,0.01588561864213278,0.3553633982066344,0.4081158621512867,0.05275246394465233,False,False
risk-friction__threshold-0p05__capital-1e+06__volume-0p01__slippage-0p002,2026-06-26,1006842.07953142,328400,2.133,1707319.27953142,-0.00858139675130376,0.3553633982066344,0.41129809507155135,0.05593469686491698,False,False
risk-friction__threshold-0p05__capital-1e+06__volume-0p01__slippage-0p002,2026-06-29,1006842.07953142,328400,2.248,1745085.2795314202,0.022120057128602877,0.3553633982066344,0.411411113506563,0.056047715299928635,False,False
risk-friction__threshold-0p05__capital-1e+06__volume-0p01__slippage-0p002,2026-06-30,1006842.07953142,328400,2.344,1776611.67953142,0.018065821980038255,0.3553633982066344,0.4240168572022674,0.06865345899563302,False,False
risk-friction__threshold-0p05__capital-1e+06__volume-0p01__slippage-0p002,2026-07-01,1006842.07953142,328400,2.29,1758878.07953142,-0.00998169729733922,0.3553633982066344,0.433489036053306,0.07812563784667165,False,False
risk-friction__threshold-0p05__capital-1e+06__volume-0p01__slippage-0p002,2026-07-02,1006842.07953142,328400,2.119,1702721.67953142,-0.031927397727851914,0.3553633982066344,0.41998511806507743,0.06462171985844306,False,False
risk-friction__threshold-0p05__capital-1e+06__volume-0p01__slippage-0p002,2026-07-03,1006842.07953142,328400,2.102,1697138.8795314198,-0.0032787507595114507,0.3553633982066344,0.405245370210594,0.04988197200395961,False,False
risk-friction__threshold-0p05__capital-1e+06__volume-0p01__slippage-0p002,2026-07-06,1006842.07953142,328400,2.116,1701736.47953142,0.002709029918205319,0.3553633982066344,0.41027897265486774,0.05491557444823336,False,False
risk-friction__threshold-0p05__capital-1e+06__volume-0p01__slippage-0p002,2026-07-07,1006842.07953142,328400,2.126,1705020.47953142,0.0019297935018143253,0.3553633982066344,0.40420516538296575,0.048841767176331374,False,False
risk-friction__threshold-0p05__capital-1e+06__volume-0p01__slippage-0p002,2026-07-08,1006842.07953142,328400,2.145,1711260.07953142,0.003659545486347948,0.3553633982066344,0.41129809507155135,0.05593469686491698,False,False
risk-friction__threshold-0p05__capital-1e+06__volume-0p01__slippage-0p002,2026-07-09,1006842.07953142,328400,2.328,1771357.27953142,0.03511868284595043,0.3553633982066344,0.41399861332420174,0.05863521511756736,False,False
risk-friction__threshold-0p05__capital-1e+06__volume-0p01__slippage-0p002,2026-07-10,1238773.9462912602,228800,2.209,1744193.1462912601,-0.015335208517248233,0.30125736755140214,0.3012304064448722,2.6961106529943546e-05,True,False
risk-friction__threshold-0p05__capital-1e+06__volume-0p01__slippage-0p002,2026-07-13,1238773.9462912602,228800,2.1,1719253.9462912602,-0.014298416464385899,0.30125736755140214,0.28517781218532046,0.016079555366081688,False,False
risk-friction__threshold-0p05__capital-1e+06__volume-0p01__slippage-0p002,2026-07-14,1238773.9462912602,228800,2.125,1724973.9462912602,0.003327024499399256,0.30125736755140214,0.27889426520242466,0.02236310234897748,False,False
risk-friction__threshold-0p05__capital-1e+06__volume-0p01__slippage-0p002,2026-07-15,1238773.9462912602,228800,2.028,1702780.3462912603,-0.012866049396117907,0.30125736755140214,0.2826205534217968,0.018636814129605328,False,False
risk-friction__threshold-0p05__capital-1e+06__volume-0p01__slippage-0p002,2026-07-16,1238773.9462912602,228800,1.945,1683789.9462912602,-0.01115258350342263,0.30125736755140214,0.26747945810671786,0.033777909444684284,False,False
risk-friction__threshold-0p05__capital-1e+06__volume-0p01__slippage-0p002,2026-07-17,1238773.9462912602,228800,1.807,1652215.54629126,-0.018751982733681505,0.30125736755140214,0.2619877171343683,0.03926965041703384,False,False
risk-friction__threshold-0p05__capital-1e+06__volume-0p01__slippage-0p002,2026-07-20,1238773.9462912602,228800,1.815,1654045.9462912602,0.0011078457675264275,0.30125736755140214,0.25477542911691514,0.046481938434487,False,False
risk-friction__threshold-0p05__capital-1e+06__volume-0p01__slippage-0p002,2026-07-21,1238773.9462912602,228800,2.016,1700034.7462912602,0.027803822561953018,0.30125736755140214,0.2528214084906068,0.04843595906079534,False,False
risk-friction__threshold-0p05__capital-1e+06__volume-0p01__slippage-0p002,2026-07-22,1268934.6349693802,213400,1.955,1686131.6349693802,-0.008178133624745398,0.2482052765086407,0.24818969164647733,1.558486216335364e-05,True,False
risk-friction__threshold-0p05__capital-1e+06__volume-0p01__slippage-0p002,2026-07-23,1268934.6349693802,213400,1.888,1671833.8349693802,-0.008479646371298721,0.2482052765086407,0.24885448330169735,0.0006492067930566614,False,False
risk-friction__threshold-0p05__capital-1e+06__volume-0p01__slippage-0p002,2026-07-24,1268934.6349693802,213400,1.885,1671193.6349693802,-0.0003829327930856552,0.2482052765086407,0.2373906910585579,0.010814585450082792,False,False
risk-friction__threshold-0p05__capital-1e+06__volume-0p01__slippage-0p002,2026-07-27,1268934.6349693802,213400,1.911,1676742.0349693801,0.003320022218790575,0.2482052765086407,0.23973079907797334,0.008474477430667343,False,False
risk-friction__threshold-0p05__capital-1e+06__volume-0p01__slippage-0p002,2026-07-28,1268934.6349693802,213400,1.785,1649853.6349693802,-0.016036098242441343,0.2482052765086407,0.23826991778764936,0.009935358720991327,False,False
risk-friction__threshold-0p05__capital-1e+06__volume-0p01__slippage-0p002,2026-07-29,1268934.6349693802,213400,1.776,1647933.0349693801,-0.0011641032630362869,0.2482052765086407,0.23058191980291523,0.017623356705725457,False,False
risk-friction__threshold-0p05__capital-1e+06__volume-0p01__slippage-0p002,2026-07-30,1268934.6349693802,213400,1.669,1625099.2349693803,-0.013856024192405392,0.2482052765086407,0.2266794305100381,0.021525845998602577,False,False
risk-friction__threshold-0p05__capital-1e+06__volume-0p01__slippage-0p002,2026-07-31,1268934.6349693802,213400,1.728,1637689.8349693802,0.007747588411262107,0.2482052765086407,0.2312782011930066,0.016927075315634088,False,False
risk-friction__threshold-0p05__capital-1e+06__volume-0p01__slippage-0p002,2026-08-03,1268934.6349693802,213400,1.636,1618057.0349693801,-0.011988106405000143,0.2482052765086407,0.22212707790271818,0.026078198605922503,False,False
risk-friction__threshold-0p05__capital-1e+06__volume-0p01__slippage-0p002,2026-08-04,1268934.6349693802,213400,1.706,1632995.0349693801,0.009232060228508976,0.2482052765086407,0.21710872323277247,0.031096553275868216,False,False
risk-friction__threshold-0p05__capital-1e+06__volume-0p01__slippage-0p002,2026-08-05,1268934.6349693802,213400,1.786,1650067.0349693801,0.010454410230537059,0.2482052765086407,0.2229402981662013,0.025264978342439376,False,False
risk-friction__threshold-0p05__capital-1e+06__volume-0p01__slippage-0p002,2026-08-06,1268934.6349693802,213400,1.794,1651774.2349693803,0.0010346246327088693,0.2482052765086407,0.22738278966361763,0.020822486845023053,False,False
risk-friction__threshold-0p05__capital-1e+06__volume-0p01__slippage-0p002,2026-08-07,1268934.6349693802,213400,1.84,1661590.6349693802,0.0059429429229362896,0.2482052765086407,0.2311788095876642,0.01702646692097648,False,False
risk-friction__threshold-0p05__capital-1e+06__volume-0p01__slippage-0p002,2026-08-10,1268934.6349693802,213400,1.835,1660523.6349693802,-0.0006421557618009333,0.2482052765086407,0.23631332034273042,0.011891956165910267,False,False
risk-friction__threshold-0p05__capital-1e+06__volume-0p01__slippage-0p002,2026-08-11,1268934.6349693802,213400,1.806,1654335.0349693801,-0.0037268966666134107,0.2482052765086407,0.23395209437595288,0.014253182132687808,False,False
risk-friction__threshold-0p05__capital-1e+06__volume-0p01__slippage-0p002,2026-08-12,1268934.6349693802,213400,1.833,1660096.8349693802,0.003482849530601184,0.2482052765086407,0.23345833328466847,0.014746943223972214,False,False
risk-friction__threshold-0p05__capital-1e+06__volume-0p01__slippage-0p002,2026-08-13,1268934.6349693802,213400,1.812,1655615.4349693803,-0.0026994810818264936,0.2482052765086407,0.23787940077147207,0.010325875737168616,False,False
risk-friction__threshold-0p05__capital-1e+06__volume-0p01__slippage-0p002,2026-08-14,1268934.6349693802,213400,1.814,1656042.2349693803,0.0002577893337940562,0.2482052765086407,0.23552786404378556,0.012677412464855126,False,False
risk-friction__threshold-0p05__capital-1e+06__volume-0p01__slippage-0p002,2026-08-17,1268934.6349693802,213400,1.888,1671833.8349693802,0.00953574713648031,0.2482052765086407,0.23355713641746245,0.014648140091178236,False,False
risk-friction__threshold-0p05__capital-1e+06__volume-0p01__slippage-0p002,2026-08-18,1268934.6349693802,213400,1.888,1671833.8349693802,0.0,0.2482052765086407,0.24079855569554498,0.007406720813095707,False,False
risk-friction__threshold-0p05__capital-1e+06__volume-0p01__slippage-0p002,2026-08-19,1268934.6349693802,213400,1.761,1644732.0349693801,-0.016210821573961254,0.2482052765086407,0.23680341142946779,0.011401865079172901,False,False
risk-friction__threshold-0p05__capital-1e+06__volume-0p01__slippage-0p002,2026-08-20,1268934.6349693802,213400,1.744,1641104.2349693803,-0.0022057088467103414,0.2482052765086407,0.2302831272200359,0.017922149288604777,False,False
risk-friction__threshold-0p05__capital-1e+06__volume-0p01__slippage-0p002,2026-08-21,1268934.6349693802,213400,1.745,1641317.6349693802,0.00013003439723857646,0.2482052765086407,0.22627693572269936,0.02192834078594133,False,False
risk-friction__threshold-0p05__capital-1e+06__volume-0p01__slippage-0p002,2026-08-24,1268934.6349693802,213400,1.691,1629794.0349693801,-0.00702094448660151,0.2482052765086407,0.22647823547496107,0.021727041033679617,False,False
risk-friction__threshold-0p05__capital-1e+06__volume-0p01__slippage-0p002,2026-08-25,1268934.6349693802,213400,1.693,1630220.8349693802,0.0002618735808590511,0.2482052765086407,0.2188571040246031,0.029348172484037593,False,False
risk-friction__threshold-0p05__capital-1e+06__volume-0p01__slippage-0p002,2026-08-26,1268934.6349693802,213400,1.721,1636196.0349693801,0.0036652702945685345,0.2482052765086407,0.22171982913913052,0.026485447369510168,False,False
risk-friction__threshold-0p05__capital-1e+06__volume-0p01__slippage-0p002,2026-08-27,1268934.6349693802,213400,1.788,1650493.8349693802,0.00873843946227848,0.2482052765086407,0.22536978876775815,0.022835487740882537,False,False
risk-friction__threshold-0p05__capital-1e+06__volume-0p01__slippage-0p002,2026-08-28,1268934.6349693802,213400,1.756,1643665.0349693801,-0.0041374283595108086,0.2482052765086407,0.23048234805347187,0.017722928455168818,False,False
risk-friction__threshold-0p05__capital-1e+06__volume-0p01__slippage-0p002,2026-08-31,1268934.6349693802,213400,1.777,1648146.4349693803,0.0027264679266501,0.2482052765086407,0.22446051215792914,0.023744764350711545,False,False
risk-friction__threshold-0p05__capital-1e+06__volume-0p01__slippage-0p002,2026-09-01,1268934.6349693802,213400,1.74,1640250.6349693802,-0.004790715092100828,0.2482052765086407,0.22948521128922716,0.018720065219413523,False,False
production-ensemble__threshold-0p1__capital-1e+06__volume-0p01__slippage-0p002,2023-12-25,1000000.0,0,0.883,1000000.0,0.0,0.0,0.0,0.0,False,False
production-ensemble__threshold-0p1__capital-1e+06__volume-0p01__slippage-0p002,2023-12-26,1000000.0,0,0.868,1000000.0,0.0,0.0,0.0,0.0,False,False
production-ensemble__threshold-0p1__capital-1e+06__volume-0p01__slippage-0p002,2023-12-27,1000000.0,0,0.873,1000000.0,0.0,0.0,0.0,0.0,False,False
production-ensemble__threshold-0p1__capital-1e+06__volume-0p01__slippage-0p002,2023-12-28,1000000.0,0,0.894,1000000.0,0.0,0.0,0.0,0.0,False,False
production-ensemble__threshold-0p1__capital-1e+06__volume-0p01__slippage-0p002,2023-12-29,1000000.0,0,0.897,1000000.0,0.0,0.0,0.0,0.0,False,False
production-ensemble__threshold-0p1__capital-1e+06__volume-0p01__slippage-0p002,2024-01-02,1000000.0,0,0.886,1000000.0,0.0,0.0,0.0,0.0,False,False
production-ensemble__threshold-0p1__capital-1e+06__volume-0p01__slippage-0p002,2024-01-03,1000000.0,0,0.874,1000000.0,0.0,0.0,0.0,0.0,False,False
production-ensemble__threshold-0p1__capital-1e+06__volume-0p01__slippage-0p002,2024-01-04,1000000.0,0,0.866,1000000.0,0.0,0.0,0.0,0.0,False,False
production-ensemble__threshold-0p1__capital-1e+06__volume-0p01__slippage-0p002,2024-01-05,1000000.0,0,0.849,1000000.0,0.0,0.0,0.0,0.0,False,False
production-ensemble__threshold-0p1__capital-1e+06__volume-0p01__slippage-0p002,2024-01-08,1000000.0,0,0.824,1000000.0,0.0,0.0,0.0,0.0,False,False
production-ensemble__threshold-0p1__capital-1e+06__volume-0p01__slippage-0p002,2024-01-09,1000000.0,0,0.824,1000000.0,0.0,0.0,0.0,0.0,False,False
production-ensemble__threshold-0p1__capital-1e+06__volume-0p01__slippage-0p002,2024-01-10,1000000.0,0,0.818,1000000.0,0.0,0.0,0.0,0.0,False,False
production-ensemble__threshold-0p1__capital-1e+06__volume-0p01__slippage-0p002,2024-01-11,1000000.0,0,0.829,1000000.0,0.0,0.0,0.0,0.0,False,False
production-ensemble__threshold-0p1__capital-1e+06__volume-0p01__slippage-0p002,2024-01-12,1000000.0,0,0.818,1000000.0,0.0,0.0,0.0,0.0,False,False
production-ensemble__threshold-0p1__capital-1e+06__volume-0p01__slippage-0p002,2024-01-15,1000000.0,0,0.813,1000000.0,0.0,0.0,0.0,0.0,False,False
production-ensemble__threshold-0p1__capital-1e+06__volume-0p01__slippage-0p002,2024-01-16,1000000.0,0,0.817,1000000.0,0.0,0.0,0.0,0.0,False,False
production-ensemble__threshold-0p1__capital-1e+06__volume-0p01__slippage-0p002,2024-01-17,1000000.0,0,0.795,1000000.0,0.0,0.0,0.0,0.0,False,False
production-ensemble__threshold-0p1__capital-1e+06__volume-0p01__slippage-0p002,2024-01-18,1000000.0,0,0.806,1000000.0,0.0,0.0,0.0,0.0,False,False
production-ensemble__threshold-0p1__capital-1e+06__volume-0p01__slippage-0p002,2024-01-19,1000000.0,0,0.803,1000000.0,0.0,0.0,0.0,0.0,False,False
production-ensemble__threshold-0p1__capital-1e+06__volume-0p01__slippage-0p002,2024-01-22,1000000.0,0,0.776,1000000.0,0.0,0.0,0.0,0.0,False,False
production-ensemble__threshold-0p1__capital-1e+06__volume-0p01__slippage-0p002,2024-01-23,1000000.0,0,0.786,1000000.0,0.0,0.0,0.0,0.0,False,False
production-ensemble__threshold-0p1__capital-1e+06__volume-0p01__slippage-0p002,2024-01-24,1000000.0,0,0.788,1000000.0,0.0,0.0,0.0,0.0,False,False
production-ensemble__threshold-0p1__capital-1e+06__volume-0p01__slippage-0p002,2024-01-25,1000000.0,0,0.804,1000000.0,0.0,0.0,0.0,0.0,False,False
production-ensemble__threshold-0p1__capital-1e+06__volume-0p01__slippage-0p002,2024-01-26,1000000.0,0,0.785,1000000.0,0.0,0.0,0.0,0.0,False,False
production-ensemble__threshold-0p1__capital-1e+06__volume-0p01__slippage-0p002,2024-01-29,1000000.0,0,0.764,1000000.0,0.0,0.0,0.0,0.0,False,False
production-ensemble__threshold-0p1__capital-1e+06__volume-0p01__slippage-0p002,2024-01-30,1000000.0,0,0.735,1000000.0,0.0,0.0,0.0,0.0,False,False
production-ensemble__threshold-0p1__capital-1e+06__volume-0p01__slippage-0p002,2024-01-31,1000000.0,0,0.722,1000000.0,0.0,0.0,0.0,0.0,False,False
production-ensemble__threshold-0p1__capital-1e+06__volume-0p01__slippage-0p002,2024-02-01,1000000.0,0,0.726,1000000.0,0.0,0.0,0.0,0.0,False,False
production-ensemble__threshold-0p1__capital-1e+06__volume-0p01__slippage-0p002,2024-02-02,1000000.0,0,0.707,1000000.0,0.0,0.0,0.0,0.0,False,False
production-ensemble__threshold-0p1__capital-1e+06__volume-0p01__slippage-0p002,2024-02-05,1000000.0,0,0.709,1000000.0,0.0,0.0,0.0,0.0,False,False
production-ensemble__threshold-0p1__capital-1e+06__volume-0p01__slippage-0p002,2024-02-06,1000000.0,0,0.757,1000000.0,0.0,0.0,0.0,0.0,False,False
production-ensemble__threshold-0p1__capital-1e+06__volume-0p01__slippage-0p002,2024-02-07,1000000.0,0,0.777,1000000.0,0.0,0.0,0.0,0.0,False,False
production-ensemble__threshold-0p1__capital-1e+06__volume-0p01__slippage-0p002,2024-02-08,1000000.0,0,0.786,1000000.0,0.0,0.0,0.0,0.0,False,False
production-ensemble__threshold-0p1__capital-1e+06__volume-0p01__slippage-0p002,2024-02-19,1000000.0,0,0.798,1000000.0,0.0,0.0,0.0,0.0,False,False
production-ensemble__threshold-0p1__capital-1e+06__volume-0p01__slippage-0p002,2024-02-20,1000000.0,0,0.79,1000000.0,0.0,0.0,0.0,0.0,False,False
production-ensemble__threshold-0p1__capital-1e+06__volume-0p01__slippage-0p002,2024-02-21,1000000.0,0,0.791,1000000.0,0.0,0.0,0.0,0.0,False,False
production-ensemble__threshold-0p1__capital-1e+06__volume-0p01__slippage-0p002,2024-02-22,1000000.0,0,0.799,1000000.0,0.0,0.0,0.0,0.0,False,False
production-ensemble__threshold-0p1__capital-1e+06__volume-0p01__slippage-0p002,2024-02-23,1000000.0,0,0.801,1000000.0,0.0,0.0,0.0,0.0,False,False
production-ensemble__threshold-0p1__capital-1e+06__volume-0p01__slippage-0p002,2024-02-26,1000000.0,0,0.806,1000000.0,0.0,0.0,0.0,0.0,False,False
production-ensemble__threshold-0p1__capital-1e+06__volume-0p01__slippage-0p002,2024-02-27,1000000.0,0,0.836,1000000.0,0.0,0.0,0.0,0.0,False,False
production-ensemble__threshold-0p1__capital-1e+06__volume-0p01__slippage-0p002,2024-02-28,1000000.0,0,0.808,1000000.0,0.0,0.0,0.0,0.0,False,False
production-ensemble__threshold-0p1__capital-1e+06__volume-0p01__slippage-0p002,2024-02-29,1000000.0,0,0.847,1000000.0,0.0,0.0,0.0,0.0,False,False
production-ensemble__threshold-0p1__capital-1e+06__volume-0p01__slippage-0p002,2024-03-01,1000000.0,0,0.855,1000000.0,0.0,0.0,0.0,0.0,False,False
production-ensemble__threshold-0p1__capital-1e+06__volume-0p01__slippage-0p002,2024-03-04,1000000.0,0,0.856,1000000.0,0.0,0.0,0.0,0.0,False,False
production-ensemble__threshold-0p1__capital-1e+06__volume-0p01__slippage-0p002,2024-03-05,1000000.0,0,0.857,1000000.0,0.0,0.0,0.0,0.0,False,False
production-ensemble__threshold-0p1__capital-1e+06__volume-0p01__slippage-0p002,2024-03-06,1000000.0,0,0.85,1000000.0,0.0,0.0,0.0,0.0,False,False
production-ensemble__threshold-0p1__capital-1e+06__volume-0p01__slippage-0p002,2024-03-07,1000000.0,0,0.832,1000000.0,0.0,0.0,0.0,0.0,False,False
production-ensemble__threshold-0p1__capital-1e+06__volume-0p01__slippage-0p002,2024-03-08,1000000.0,0,0.841,1000000.0,0.0,0.0,0.0,0.0,False,False
production-ensemble__threshold-0p1__capital-1e+06__volume-0p01__slippage-0p002,2024-03-11,1000000.0,0,0.857,1000000.0,0.0,0.0,0.0,0.0,False,False
production-ensemble__threshold-0p1__capital-1e+06__volume-0p01__slippage-0p002,2024-03-12,1000000.0,0,0.856,1000000.0,0.0,0.0,0.0,0.0,False,False
production-ensemble__threshold-0p1__capital-1e+06__volume-0p01__slippage-0p002,2024-03-13,1000000.0,0,0.853,1000000.0,0.0,0.0,0.0,0.0,False,False
production-ensemble__threshold-0p1__capital-1e+06__volume-0p01__slippage-0p002,2024-03-14,1000000.0,0,0.842,1000000.0,0.0,0.0,0.0,0.0,False,False
production-ensemble__threshold-0p1__capital-1e+06__volume-0p01__slippage-0p002,2024-03-15,1000000.0,0,0.847,1000000.0,0.0,0.0,0.0,0.0,False,False
production-ensemble__threshold-0p1__capital-1e+06__volume-0p01__slippage-0p002,2024-03-18,1000000.0,0,0.864,1000000.0,0.0,0.0,0.0,0.0,False,False
production-ensemble__threshold-0p1__capital-1e+06__volume-0p01__slippage-0p002,2024-03-19,1000000.0,0,0.852,1000000.0,0.0,0.0,0.0,0.0,False,False
production-ensemble__threshold-0p1__capital-1e+06__volume-0p01__slippage-0p002,2024-03-20,1000000.0,0,0.854,1000000.0,0.0,0.0,0.0,0.0,False,False
production-ensemble__threshold-0p1__capital-1e+06__volume-0p01__slippage-0p002,2024-03-21,1000000.0,0,0.846,1000000.0,0.0,0.0,0.0,0.0,False,False
production-ensemble__threshold-0p1__capital-1e+06__volume-0p01__slippage-0p002,2024-03-22,1000000.0,0,0.832,1000000.0,0.0,0.0,0.0,0.0,False,False
production-ensemble__threshold-0p1__capital-1e+06__volume-0p01__slippage-0p002,2024-03-25,1000000.0,0,0.82,1000000.0,0.0,0.0,0.0,0.0,False,False
production-ensemble__threshold-0p1__capital-1e+06__volume-0p01__slippage-0p002,2024-03-26,1000000.0,0,0.81,1000000.0,0.0,0.0,0.0,0.0,False,False
production-ensemble__threshold-0p1__capital-1e+06__volume-0p01__slippage-0p002,2024-03-27,1000000.0,0,0.789,1000000.0,0.0,0.0,0.0,0.0,False,False
production-ensemble__threshold-0p1__capital-1e+06__volume-0p01__slippage-0p002,2024-03-28,1000000.0,0,0.799,1000000.0,0.0,0.0,0.0,0.0,False,False
production-ensemble__threshold-0p1__capital-1e+06__volume-0p01__slippage-0p002,2024-03-29,1000000.0,0,0.8,1000000.0,0.0,0.0,0.0,0.0,False,False
production-ensemble__threshold-0p1__capital-1e+06__volume-0p01__slippage-0p002,2024-04-01,1000000.0,0,0.813,1000000.0,0.0,0.0,0.0,0.0,False,False
production-ensemble__threshold-0p1__capital-1e+06__volume-0p01__slippage-0p002,2024-04-02,1000000.0,0,0.806,1000000.0,0.0,0.0,0.0,0.0,False,False
production-ensemble__threshold-0p1__capital-1e+06__volume-0p01__slippage-0p002,2024-04-03,1000000.0,0,0.794,1000000.0,0.0,0.0,0.0,0.0,False,False
production-ensemble__threshold-0p1__capital-1e+06__volume-0p01__slippage-0p002,2024-04-08,1000000.0,0,0.778,1000000.0,0.0,0.0,0.0,0.0,False,False
production-ensemble__threshold-0p1__capital-1e+06__volume-0p01__slippage-0p002,2024-04-09,1000000.0,0,0.785,1000000.0,0.0,0.0,0.0,0.0,False,False
production-ensemble__threshold-0p1__capital-1e+06__volume-0p01__slippage-0p002,2024-04-10,1000000.0,0,0.773,1000000.0,0.0,0.0,0.0,0.0,False,False
production-ensemble__threshold-0p1__capital-1e+06__volume-0p01__slippage-0p002,2024-04-11,1000000.0,0,0.774,1000000.0,0.0,0.0,0.0,0.0,False,False
production-ensemble__threshold-0p1__capital-1e+06__volume-0p01__slippage-0p002,2024-04-12,1000000.0,0,0.773,1000000.0,0.0,0.0,0.0,0.0,False,False
production-ensemble__threshold-0p1__capital-1e+06__volume-0p01__slippage-0p002,2024-04-15,1000000.0,0,0.785,1000000.0,0.0,0.0,0.0,0.0,False,False
production-ensemble__threshold-0p1__capital-1e+06__volume-0p01__slippage-0p002,2024-04-16,1000000.0,0,0.768,1000000.0,0.0,0.0,0.0,0.0,False,False
production-ensemble__threshold-0p1__capital-1e+06__volume-0p01__slippage-0p002,2024-04-17,1000000.0,0,0.785,1000000.0,0.0,0.0,0.0,0.0,False,False
production-ensemble__threshold-0p1__capital-1e+06__volume-0p01__slippage-0p002,2024-04-18,1000000.0,0,0.781,1000000.0,0.0,0.0,0.0,0.0,False,False
production-ensemble__threshold-0p1__capital-1e+06__volume-0p01__slippage-0p002,2024-04-19,1000000.0,0,0.765,1000000.0,0.0,0.0,0.0,0.0,False,False
production-ensemble__threshold-0p1__capital-1e+06__volume-0p01__slippage-0p002,2024-04-22,1000000.0,0,0.766,1000000.0,0.0,0.0,0.0,0.0,False,False
production-ensemble__threshold-0p1__capital-1e+06__volume-0p01__slippage-0p002,2024-04-23,1000000.0,0,0.763,1000000.0,0.0,0.0,0.0,0.0,False,False
production-ensemble__threshold-0p1__capital-1e+06__volume-0p01__slippage-0p002,2024-04-24,1000000.0,0,0.773,1000000.0,0.0,0.0,0.0,0.0,False,False
production-ensemble__threshold-0p1__capital-1e+06__volume-0p01__slippage-0p002,2024-04-25,1000000.0,0,0.768,1000000.0,0.0,0.0,0.0,0.0,False,False
production-ensemble__threshold-0p1__capital-1e+06__volume-0p01__slippage-0p002,2024-04-26,1000000.0,0,0.787,1000000.0,0.0,0.0,0.0,0.0,False,False
production-ensemble__threshold-0p1__capital-1e+06__volume-0p01__slippage-0p002,2024-04-29,1000000.0,0,0.812,1000000.0,0.0,0.0,0.0,0.0,False,False
production-ensemble__threshold-0p1__capital-1e+06__volume-0p01__slippage-0p002,2024-04-30,1000000.0,0,0.804,1000000.0,0.0,0.0,0.0,0.0,False,False
production-ensemble__threshold-0p1__capital-1e+06__volume-0p01__slippage-0p002,2024-05-06,1000000.0,0,0.813,1000000.0,0.0,0.0,0.0,0.0,False,False
production-ensemble__threshold-0p1__capital-1e+06__volume-0p01__slippage-0p002,2024-05-07,1000000.0,0,0.806,1000000.0,0.0,0.0,0.0,0.0,False,False
production-ensemble__threshold-0p1__capital-1e+06__volume-0p01__slippage-0p002,2024-05-08,1000000.0,0,0.797,1000000.0,0.0,0.0,0.0,0.0,False,False
production-ensemble__threshold-0p1__capital-1e+06__volume-0p01__slippage-0p002,2024-05-09,1000000.0,0,0.815,1000000.0,0.0,0.0,0.0,0.0,False,False
production-ensemble__threshold-0p1__capital-1e+06__volume-0p01__slippage-0p002,2024-05-10,1000000.0,0,0.804,1000000.0,0.0,0.0,0.0,0.0,False,False
production-ensemble__threshold-0p1__capital-1e+06__volume-0p01__slippage-0p002,2024-05-13,1000000.0,0,0.798,1000000.0,0.0,0.0,0.0,0.0,False,False
production-ensemble__threshold-0p1__capital-1e+06__volume-0p01__slippage-0p002,2024-05-14,1000000.0,0,0.796,1000000.0,0.0,0.0,0.0,0.0,False,False
production-ensemble__threshold-0p1__capital-1e+06__volume-0p01__slippage-0p002,2024-05-15,1000000.0,0,0.784,1000000.0,0.0,0.0,0.0,0.0,False,False
production-ensemble__threshold-0p1__capital-1e+06__volume-0p01__slippage-0p002,2024-05-16,1000000.0,0,0.781,1000000.0,0.0,0.0,0.0,0.0,False,False
production-ensemble__threshold-0p1__capital-1e+06__volume-0p01__slippage-0p002,2024-05-17,1000000.0,0,0.79,1000000.0,0.0,0.0,0.0,0.0,False,False
production-ensemble__threshold-0p1__capital-1e+06__volume-0p01__slippage-0p002,2024-05-20,1000000.0,0,0.789,1000000.0,0.0,0.0,0.0,0.0,False,False
production-ensemble__threshold-0p1__capital-1e+06__volume-0p01__slippage-0p002,2024-05-21,1000000.0,0,0.783,1000000.0,0.0,0.0,0.0,0.0,False,False
production-ensemble__threshold-0p1__capital-1e+06__volume-0p01__slippage-0p002,2024-05-22,1000000.0,0,0.789,1000000.0,0.0,0.0,0.0,0.0,False,False
production-ensemble__threshold-0p1__capital-1e+06__volume-0p01__slippage-0p002,2024-05-23,1000000.0,0,0.777,1000000.0,0.0,0.0,0.0,0.0,False,False
production-ensemble__threshold-0p1__capital-1e+06__volume-0p01__slippage-0p002,2024-05-24,1000000.0,0,0.761,1000000.0,0.0,0.0,0.0,0.0,False,False
production-ensemble__threshold-0p1__capital-1e+06__volume-0p01__slippage-0p002,2024-05-27,1000000.0,0,0.772,1000000.0,0.0,0.0,0.0,0.0,False,False
production-ensemble__threshold-0p1__capital-1e+06__volume-0p01__slippage-0p002,2024-05-28,1000000.0,0,0.769,1000000.0,0.0,0.0,0.0,0.0,False,False
production-ensemble__threshold-0p1__capital-1e+06__volume-0p01__slippage-0p002,2024-05-29,1000000.0,0,0.769,1000000.0,0.0,0.0,0.0,0.0,False,False
production-ensemble__threshold-0p1__capital-1e+06__volume-0p01__slippage-0p002,2024-05-30,1000000.0,0,0.777,1000000.0,0.0,0.0,0.0,0.0,False,False
production-ensemble__threshold-0p1__capital-1e+06__volume-0p01__slippage-0p002,2024-05-31,1000000.0,0,0.778,1000000.0,0.0,0.0,0.0,0.0,False,False
production-ensemble__threshold-0p1__capital-1e+06__volume-0p01__slippage-0p002,2024-06-03,1000000.0,0,0.785,1000000.0,0.0,0.0,0.0,0.0,False,False
production-ensemble__threshold-0p1__capital-1e+06__volume-0p01__slippage-0p002,2024-06-04,1000000.0,0,0.789,1000000.0,0.0,0.0,0.0,0.0,False,False
production-ensemble__threshold-0p1__capital-1e+06__volume-0p01__slippage-0p002,2024-06-05,1000000.0,0,0.788,1000000.0,0.0,0.0,0.0,0.0,False,False
production-ensemble__threshold-0p1__capital-1e+06__volume-0p01__slippage-0p002,2024-06-06,1000000.0,0,0.779,1000000.0,0.0,0.0,0.0,0.0,False,False
production-ensemble__threshold-0p1__capital-1e+06__volume-0p01__slippage-0p002,2024-06-07,1000000.0,0,0.775,1000000.0,0.0,0.0,0.0,0.0,False,False
production-ensemble__threshold-0p1__capital-1e+06__volume-0p01__slippage-0p002,2024-06-11,1000000.0,0,0.794,1000000.0,0.0,0.0,0.0,0.0,False,False
production-ensemble__threshold-0p1__capital-1e+06__volume-0p01__slippage-0p002,2024-06-12,1000000.0,0,0.793,1000000.0,0.0,0.0,0.0,0.0,False,False
production-ensemble__threshold-0p1__capital-1e+06__volume-0p01__slippage-0p002,2024-06-13,1000000.0,0,0.796,1000000.0,0.0,0.0,0.0,0.0,False,False
production-ensemble__threshold-0p1__capital-1e+06__volume-0p01__slippage-0p002,2024-06-14,1000000.0,0,0.791,1000000.0,0.0,0.0,0.0,0.0,False,False
production-ensemble__threshold-0p1__capital-1e+06__volume-0p01__slippage-0p002,2024-06-17,1000000.0,0,0.794,1000000.0,0.0,0.0,0.0,0.0,False,False
production-ensemble__threshold-0p1__capital-1e+06__volume-0p01__slippage-0p002,2024-06-18,1000000.0,0,0.794,1000000.0,0.0,0.0,0.0,0.0,False,False
production-ensemble__threshold-0p1__capital-1e+06__volume-0p01__slippage-0p002,2024-06-19,1000000.0,0,0.787,1000000.0,0.0,0.0,0.0,0.0,False,False
production-ensemble__threshold-0p1__capital-1e+06__volume-0p01__slippage-0p002,2024-06-20,1000000.0,0,0.791,1000000.0,0.0,0.0,0.0,0.0,False,False
production-ensemble__threshold-0p1__capital-1e+06__volume-0p01__slippage-0p002,2024-06-21,1000000.0,0,0.795,1000000.0,0.0,0.0,0.0,0.0,False,False
production-ensemble__threshold-0p1__capital-1e+06__volume-0p01__slippage-0p002,2024-06-24,1000000.0,0,0.774,1000000.0,0.0,0.0,0.0,0.0,False,False
production-ensemble__threshold-0p1__capital-1e+06__volume-0p01__slippage-0p002,2024-06-25,1000000.0,0,0.751,1000000.0,0.0,0.0,0.0,0.0,False,False
production-ensemble__threshold-0p1__capital-1e+06__volume-0p01__slippage-0p002,2024-06-26,1000000.0,0,0.764,1000000.0,0.0,0.0,0.0,0.0,False,False
production-ensemble__threshold-0p1__capital-1e+06__volume-0p01__slippage-0p002,2024-06-27,1000000.0,0,0.75,1000000.0,0.0,0.0,0.0,0.0,False,False
production-ensemble__threshold-0p1__capital-1e+06__volume-0p01__slippage-0p002,2024-06-28,1000000.0,0,0.745,1000000.0,0.0,0.0,0.0,0.0,False,False
production-ensemble__threshold-0p1__capital-1e+06__volume-0p01__slippage-0p002,2024-07-01,1000000.0,0,0.743,1000000.0,0.0,0.0,0.0,0.0,False,False
production-ensemble__threshold-0p1__capital-1e+06__volume-0p01__slippage-0p002,2024-07-02,1000000.0,0,0.732,1000000.0,0.0,0.0,0.0,0.0,False,False
production-ensemble__threshold-0p1__capital-1e+06__volume-0p01__slippage-0p002,2024-07-03,1000000.0,0,0.734,1000000.0,0.0,0.0,0.0,0.0,False,False
production-ensemble__threshold-0p1__capital-1e+06__volume-0p01__slippage-0p002,2024-07-04,1000000.0,0,0.723,1000000.0,0.0,0.0,0.0,0.0,False,False
production-ensemble__threshold-0p1__capital-1e+06__volume-0p01__slippage-0p002,2024-07-05,1000000.0,0,0.731,1000000.0,0.0,0.0,0.0,0.0,False,False
production-ensemble__threshold-0p1__capital-1e+06__volume-0p01__slippage-0p002,2024-07-08,1000000.0,0,0.724,1000000.0,0.0,0.0,0.0,0.0,False,False
production-ensemble__threshold-0p1__capital-1e+06__volume-0p01__slippage-0p002,2024-07-09,1000000.0,0,0.742,1000000.0,0.0,0.0,0.0,0.0,False,False
production-ensemble__threshold-0p1__capital-1e+06__volume-0p01__slippage-0p002,2024-07-10,1000000.0,0,0.743,1000000.0,0.0,0.0,0.0,0.0,False,False
production-ensemble__threshold-0p1__capital-1e+06__volume-0p01__slippage-0p002,2024-07-11,1000000.0,0,0.751,1000000.0,0.0,0.0,0.0,0.0,False,False
production-ensemble__threshold-0p1__capital-1e+06__volume-0p01__slippage-0p002,2024-07-12,1000000.0,0,0.752,1000000.0,0.0,0.0,0.0,0.0,False,False
production-ensemble__threshold-0p1__capital-1e+06__volume-0p01__slippage-0p002,2024-07-15,1000000.0,0,0.748,1000000.0,0.0,0.0,0.0,0.0,False,False
production-ensemble__threshold-0p1__capital-1e+06__volume-0p01__slippage-0p002,2024-07-16,1000000.0,0,0.764,1000000.0,0.0,0.0,0.0,0.0,False,False
production-ensemble__threshold-0p1__capital-1e+06__volume-0p01__slippage-0p002,2024-07-17,1000000.0,0,0.762,1000000.0,0.0,0.0,0.0,0.0,False,False
production-ensemble__threshold-0p1__capital-1e+06__volume-0p01__slippage-0p002,2024-07-18,1000000.0,0,0.769,1000000.0,0.0,0.0,0.0,0.0,False,False
production-ensemble__threshold-0p1__capital-1e+06__volume-0p01__slippage-0p002,2024-07-19,1000000.0,0,0.784,1000000.0,0.0,0.0,0.0,0.0,False,False
production-ensemble__threshold-0p1__capital-1e+06__volume-0p01__slippage-0p002,2024-07-22,1000000.0,0,0.787,1000000.0,0.0,0.0,0.0,0.0,False,False
production-ensemble__threshold-0p1__capital-1e+06__volume-0p01__slippage-0p002,2024-07-23,1000000.0,0,0.756,1000000.0,0.0,0.0,0.0,0.0,False,False
production-ensemble__threshold-0p1__capital-1e+06__volume-0p01__slippage-0p002,2024-07-24,1000000.0,0,0.746,1000000.0,0.0,0.0,0.0,0.0,False,False
production-ensemble__threshold-0p1__capital-1e+06__volume-0p01__slippage-0p002,2024-07-25,1000000.0,0,0.748,1000000.0,0.0,0.0,0.0,0.0,False,False
production-ensemble__threshold-0p1__capital-1e+06__volume-0p01__slippage-0p002,2024-07-26,1000000.0,0,0.753,1000000.0,0.0,0.0,0.0,0.0,False,False
production-ensemble__threshold-0p1__capital-1e+06__volume-0p01__slippage-0p002,2024-07-29,1000000.0,0,0.74,1000000.0,0.0,0.0,0.0,0.0,False,False
production-ensemble__threshold-0p1__capital-1e+06__volume-0p01__slippage-0p002,2024-07-30,1000000.0,0,0.743,1000000.0,0.0,0.0,0.0,0.0,False,False
production-ensemble__threshold-0p1__capital-1e+06__volume-0p01__slippage-0p002,2024-07-31,1000000.0,0,0.778,1000000.0,0.0,0.0,0.0,0.0,False,False
production-ensemble__threshold-0p1__capital-1e+06__volume-0p01__slippage-0p002,2024-08-01,1000000.0,0,0.774,1000000.0,0.0,0.0,0.0,0.0,False,False
production-ensemble__threshold-0p1__capital-1e+06__volume-0p01__slippage-0p002,2024-08-02,1000000.0,0,0.762,1000000.0,0.0,0.0,0.0,0.0,False,False
production-ensemble__threshold-0p1__capital-1e+06__volume-0p01__slippage-0p002,2024-08-05,1000000.0,0,0.738,1000000.0,0.0,0.0,0.0,0.0,False,False
production-ensemble__threshold-0p1__capital-1e+06__volume-0p01__slippage-0p002,2024-08-06,1000000.0,0,0.748,1000000.0,0.0,0.0,0.0,0.0,False,False
production-ensemble__threshold-0p1__capital-1e+06__volume-0p01__slippage-0p002,2024-08-07,1000000.0,0,0.742,1000000.0,0.0,0.0,0.0,0.0,False,False
production-ensemble__threshold-0p1__capital-1e+06__volume-0p01__slippage-0p002,2024-08-08,1000000.0,0,0.745,1000000.0,0.0,0.0,0.0,0.0,False,False
production-ensemble__threshold-0p1__capital-1e+06__volume-0p01__slippage-0p002,2024-08-09,1000000.0,0,0.742,1000000.0,0.0,0.0,0.0,0.0,False,False
production-ensemble__threshold-0p1__capital-1e+06__volume-0p01__slippage-0p002,2024-08-12,1000000.0,0,0.742,1000000.0,0.0,0.0,0.0,0.0,False,False
production-ensemble__threshold-0p1__capital-1e+06__volume-0p01__slippage-0p002,2024-08-13,1000000.0,0,0.746,1000000.0,0.0,0.0,0.0,0.0,False,False
production-ensemble__threshold-0p1__capital-1e+06__volume-0p01__slippage-0p002,2024-08-14,1000000.0,0,0.736,1000000.0,0.0,0.0,0.0,0.0,False,False
production-ensemble__threshold-0p1__capital-1e+06__volume-0p01__slippage-0p002,2024-08-15,1000000.0,0,0.743,1000000.0,0.0,0.0,0.0,0.0,False,False
production-ensemble__threshold-0p1__capital-1e+06__volume-0p01__slippage-0p002,2024-08-16,1000000.0,0,0.74,1000000.0,0.0,0.0,0.0,0.0,False,False
production-ensemble__threshold-0p1__capital-1e+06__volume-0p01__slippage-0p002,2024-08-19,1000000.0,0,0.739,1000000.0,0.0,0.0,0.0,0.0,False,False
production-ensemble__threshold-0p1__capital-1e+06__volume-0p01__slippage-0p002,2024-08-20,1000000.0,0,0.728,1000000.0,0.0,0.0,0.0,0.0,False,False
production-ensemble__threshold-0p1__capital-1e+06__volume-0p01__slippage-0p002,2024-08-21,1000000.0,0,0.726,1000000.0,0.0,0.0,0.0,0.0,False,False
production-ensemble__threshold-0p1__capital-1e+06__volume-0p01__slippage-0p002,2024-08-22,1000000.0,0,0.719,1000000.0,0.0,0.0,0.0,0.0,False,False
production-ensemble__threshold-0p1__capital-1e+06__volume-0p01__slippage-0p002,2024-08-23,1000000.0,0,0.72,1000000.0,0.0,0.0,0.0,0.0,False,False
production-ensemble__threshold-0p1__capital-1e+06__volume-0p01__slippage-0p002,2024-08-26,1000000.0,0,0.715,1000000.0,0.0,0.0,0.0,0.0,False,False
production-ensemble__threshold-0p1__capital-1e+06__volume-0p01__slippage-0p002,2024-08-27,1000000.0,0,0.708,1000000.0,0.0,0.0,0.0,0.0,False,False
production-ensemble__threshold-0p1__capital-1e+06__volume-0p01__slippage-0p002,2024-08-28,1000000.0,0,0.704,1000000.0,0.0,0.0,0.0,0.0,False,False
production-ensemble__threshold-0p1__capital-1e+06__volume-0p01__slippage-0p002,2024-08-29,1000000.0,0,0.713,1000000.0,0.0,0.0,0.0,0.0,False,False
production-ensemble__threshold-0p1__capital-1e+06__volume-0p01__slippage-0p002,2024-08-30,1000000.0,0,0.728,1000000.0,0.0,0.0,0.0,0.0,False,False
production-ensemble__threshold-0p1__capital-1e+06__volume-0p01__slippage-0p002,2024-09-02,1000000.0,0,0.703,1000000.0,0.0,0.0,0.0,0.0,False,False
production-ensemble__threshold-0p1__capital-1e+06__volume-0p01__slippage-0p002,2024-09-03,1000000.0,0,0.708,1000000.0,0.0,0.0,0.0,0.0,False,False
production-ensemble__threshold-0p1__capital-1e+06__volume-0p01__slippage-0p002,2024-09-04,1000000.0,0,0.705,1000000.0,0.0,0.0,0.0,0.0,False,False
production-ensemble__threshold-0p1__capital-1e+06__volume-0p01__slippage-0p002,2024-09-05,1000000.0,0,0.705,1000000.0,0.0,0.0,0.0,0.0,False,False
production-ensemble__threshold-0p1__capital-1e+06__volume-0p01__slippage-0p002,2024-09-06,1000000.0,0,0.696,1000000.0,0.0,0.0,0.0,0.0,False,False
production-ensemble__threshold-0p1__capital-1e+06__volume-0p01__slippage-0p002,2024-09-09,1000000.0,0,0.687,1000000.0,0.0,0.0,0.0,0.0,False,False
production-ensemble__threshold-0p1__capital-1e+06__volume-0p01__slippage-0p002,2024-09-10,1000000.0,0,0.692,1000000.0,0.0,0.0,0.0,0.0,False,False
production-ensemble__threshold-0p1__capital-1e+06__volume-0p01__slippage-0p002,2024-09-11,1000000.0,0,0.695,1000000.0,0.0,0.0,0.0,0.0,False,False
production-ensemble__threshold-0p1__capital-1e+06__volume-0p01__slippage-0p002,2024-09-12,1000000.0,0,0.69,1000000.0,0.0,0.0,0.0,0.0,False,False
production-ensemble__threshold-0p1__capital-1e+06__volume-0p01__slippage-0p002,2024-09-13,1000000.0,0,0.683,1000000.0,0.0,0.0,0.0,0.0,False,False
production-ensemble__threshold-0p1__capital-1e+06__volume-0p01__slippage-0p002,2024-09-18,1000000.0,0,0.678,1000000.0,0.0,0.0,0.0,0.0,False,False
production-ensemble__threshold-0p1__capital-1e+06__volume-0p01__slippage-0p002,2024-09-19,1000000.0,0,0.683,1000000.0,0.0,0.0,0.0,0.0,False,False
production-ensemble__threshold-0p1__capital-1e+06__volume-0p01__slippage-0p002,2024-09-20,1000000.0,0,0.678,1000000.0,0.0,0.0,0.0,0.0,False,False
production-ensemble__threshold-0p1__capital-1e+06__volume-0p01__slippage-0p002,2024-09-23,1000000.0,0,0.674,1000000.0,0.0,0.0,0.0,0.0,False,False
production-ensemble__threshold-0p1__capital-1e+06__volume-0p01__slippage-0p002,2024-09-24,1000000.0,0,0.699,1000000.0,0.0,0.0,0.0,0.0,False,False
production-ensemble__threshold-0p1__capital-1e+06__volume-0p01__slippage-0p002,2024-09-25,1000000.0,0,0.7,1000000.0,0.0,0.0,0.0,0.0,False,False
production-ensemble__threshold-0p1__capital-1e+06__volume-0p01__slippage-0p002,2024-09-26,1000000.0,0,0.728,1000000.0,0.0,0.0,0.0,0.0,False,False
production-ensemble__threshold-0p1__capital-1e+06__volume-0p01__slippage-0p002,2024-09-27,1000000.0,0,0.792,1000000.0,0.0,0.0,0.0,0.0,False,False
production-ensemble__threshold-0p1__capital-1e+06__volume-0p01__slippage-0p002,2024-09-30,509614.408444,575600,0.95,1056434.408444,0.05643440844400005,0.489283245402468,0.4898113274942607,0.0005280820917927254,True,False
production-ensemble__threshold-0p1__capital-1e+06__volume-0p01__slippage-0p002,2024-10-08,820232.5270443999,302500,1.14,1165082.5270443999,0.10284416877373914,0.2958374990615309,0.2959876163234728,0.00015011726194191777,True,False
production-ensemble__threshold-0p1__capital-1e+06__volume-0p01__slippage-0p002,2024-10-09,820232.5270443999,302500,1.096,1151772.5270443999,-0.011424083437046373,0.2958374990615309,0.29562184928870194,0.00021564977282895192,False,False
production-ensemble__threshold-0p1__capital-1e+06__volume-0p01__slippage-0p002,2024-10-10,820232.5270443999,302500,1.026,1130597.5270443999,-0.01838470661766678,0.2958374990615309,0.2869155601694755,0.008921938892055392,False,False
production-ensemble__threshold-0p1__capital-1e+06__volume-0p01__slippage-0p002,2024-10-11,820232.5270443999,302500,0.951,1107910.0270443999,-0.020066822593632905,0.2958374990615309,0.2694319374502608,0.026405561611270112,False,False
production-ensemble__threshold-0p1__capital-1e+06__volume-0p01__slippage-0p002,2024-10-14,820232.5270443999,302500,0.974,1114867.5270443999,0.006279842072158814,0.2958374990615309,0.25925331592348055,0.03658418313805034,False,False
production-ensemble__threshold-0p1__capital-1e+06__volume-0p01__slippage-0p002,2024-10-15,820232.5270443999,302500,0.946,1106397.5270443999,-0.0075973151917471116,0.2958374990615309,0.2624770087546739,0.033360490306857005,False,False
production-ensemble__threshold-0p1__capital-1e+06__volume-0p01__slippage-0p002,2024-10-16,820232.5270443999,302500,0.923,1099440.0270443999,-0.0062884269260670145,0.2958374990615309,0.25333796965372135,0.042499529407809544,False,False
production-ensemble__threshold-0p1__capital-1e+06__volume-0p01__slippage-0p002,2024-10-17,820232.5270443999,302500,0.926,1100347.5270443999,0.0008254201936230832,0.2958374990615309,0.25783407161864597,0.03800342744288493,False,False
production-ensemble__threshold-0p1__capital-1e+06__volume-0p01__slippage-0p002,2024-10-18,820232.5270443999,302500,1.041,1135135.0270443999,0.03161501175309711,0.2958374990615309,0.2545695728988512,0.04126792616267971,False,False
production-ensemble__threshold-0p1__capital-1e+06__volume-0p01__slippage-0p002,2024-10-21,820232.5270443999,302500,1.05,1137857.5270443999,0.002398393085524475,0.2958374990615309,0.27914303192688383,0.016694467134647062,False,False
production-ensemble__threshold-0p1__capital-1e+06__volume-0p01__slippage-0p002,2024-10-22,820232.5270443999,302500,1.037,1133925.0270443999,-0.0034560565857614245,0.2958374990615309,0.27548338284240687,0.02035411621912403,False,False
production-ensemble__threshold-0p1__capital-1e+06__volume-0p01__slippage-0p002,2024-10-23,820232.5270443999,302500,1.032,1132412.5270443999,-0.0013338624370452523,0.2958374990615309,0.2752897401324467,0.02054775892908417,False,False
production-ensemble__threshold-0p1__capital-1e+06__volume-0p01__slippage-0p002,2024-10-24,820232.5270443999,302500,1.029,1131505.0270443999,-0.0008013864014455585,0.2958374990615309,0.2741257066630396,0.021711792398491303,False,False
production-ensemble__threshold-0p1__capital-1e+06__volume-0p01__slippage-0p002,2024-10-25,820232.5270443999,302500,1.045,1136345.0270443999,0.004277488729009571,0.2958374990615309,0.27606369057320224,0.01977380848832866,False,False
production-ensemble__threshold-0p1__capital-1e+06__volume-0p01__slippage-0p002,2024-10-28,820232.5270443999,302500,1.039,1134530.0270443999,-0.0015972261564964896,0.2958374990615309,0.27722152168069764,0.01861597738083326,False,False
production-ensemble__threshold-0p1__capital-1e+06__volume-0p01__slippage-0p002,2024-10-29,820232.5270443999,302500,1.028,1131202.5270443999,-0.002932932510097186,0.2958374990615309,0.27722152168069764,0.01861597738083326,False,False
production-ensemble__threshold-0p1__capital-1e+06__volume-0p01__slippage-0p002,2024-10-30,954562.9358283998,170500,1.008,1126426.9358283998,-0.004221694260600373,0.15413809356810695,0.1541109179302865,2.7175637820453513e-05,True,False
production-ensemble__threshold-0p1__capital-1e+06__volume-0p01__slippage-0p002,2024-10-31,954562.9358283998,170500,1.02,1128472.9358283998,0.0018163628149527877,0.15413809356810695,0.15231786006972897,0.0018202334983779822,False,False
production-ensemble__threshold-0p1__capital-1e+06__volume-0p01__slippage-0p002,2024-11-01,954562.9358283998,170500,0.99,1123357.9358283998,-0.004532674056773156,0.15413809356810695,0.15283093751988502,0.0013071560482219302,False,False
production-ensemble__threshold-0p1__capital-1e+06__volume-0p01__slippage-0p002,2024-11-04,954562.9358283998,170500,1.004,1125744.9358283998,0.0021248792783394865,0.15413809356810695,0.14961397480989463,0.00452411875821232,False,False
production-ensemble__threshold-0p1__capital-1e+06__volume-0p01__slippage-0p002,2024-11-05,954562.9358283998,170500,1.05,1133587.9358283998,0.006966942288955114,0.15413809356810695,0.15206108821980407,0.0020770053483028794,False,False
production-ensemble__threshold-0p1__capital-1e+06__volume-0p01__slippage-0p002,2024-11-06,954562.9358283998,170500,1.053,1134099.4358283998,0.0004512221626866708,0.15413809356810695,0.15843406787358183,0.004295974305474876,False,False
production-ensemble__threshold-0p1__capital-1e+06__volume-0p01__slippage-0p002,2024-11-07,954562.9358283998,170500,1.087,1139896.4358283998,0.005111544734845541,0.15413809356810695,0.15691330520230792,0.002775211634200969,False,False
production-ensemble__threshold-0p1__capital-1e+06__volume-0p01__slippage-0p002,2024-11-08,954562.9358283998,170500,1.081,1138873.4358283998,-0.0008974499505794986,0.15413809356810695,0.16533460756901608,0.011196514000909125,False,False
production-ensemble__threshold-0p1__capital-1e+06__volume-0p01__slippage-0p002,2024-11-11,954562.9358283998,170500,1.13,1147227.9358283998,0.0073357580721189475,0.15413809356810695,0.161961267864379,0.00782317429627205,False,False
production-ensemble__threshold-0p1__capital-1e+06__volume-0p01__slippage-0p002,2024-11-12,954562.9358283998,170500,1.105,1142965.4358283998,-0.0037154778635355434,0.15413809356810695,0.16793959943180675,0.013801505863699798,False,False
production-ensemble__threshold-0p1__capital-1e+06__volume-0p01__slippage-0p002,2024-11-13,954562.9358283998,170500,1.116,1144840.9358283998,0.0016409070136409465,0.15413809356810695,0.16358886555502383,0.009450771986916878,False,False
production-ensemble__threshold-0p1__capital-1e+06__volume-0p01__slippage-0p002,2024-11-14,954562.9358283998,170500,1.08,1138702.9358283998,-0.0053614435053011,0.15413809356810695,0.16545902461560352,0.011320931047496569,False,False
production-ensemble__threshold-0p1__capital-1e+06__volume-0p01__slippage-0p002,2024-11-15,954562.9358283998,170500,1.04,1131882.9358283998,-0.005989270586220563,0.15413809356810695,0.16120793056100974,0.007069836992902784,False,False
production-ensemble__threshold-0p1__capital-1e+06__volume-0p01__slippage-0p002,2024-11-18,954562.9358283998,170500,1.02,1128472.9358283998,-0.003012679043088773,0.15413809356810695,0.15665931024061552,0.0025212166725085694,False,False
production-ensemble__threshold-0p1__capital-1e+06__volume-0p01__slippage-0p002,2024-11-19,954562.9358283998,170500,1.052,1133928.9358283998,0.004834852327224581,0.15413809356810695,0.15474945879688395,0.000611365228777,False,False
production-ensemble__threshold-0p1__capital-1e+06__volume-0p01__slippage-0p002,2024-11-20,954562.9358283998,170500,1.055,1134440.4358283998,0.00045108646921177,0.15413809356810695,0.15729401090882061,0.00315591734071366,False,False
production-ensemble__threshold-0p1__capital-1e+06__volume-0p01__slippage-0p002,2024-11-21,954562.9358283998,170500,1.064,1135974.9358283998,0.0013526492458630912,0.15413809356810695,0.1585605504872968,0.004422456919189854,False,False
production-ensemble__threshold-0p1__capital-1e+06__volume-0p01__slippage-0p002,2024-11-22,954562.9358283998,170500,1.022,1128813.9358283998,-0.006303836267987695,0.15413809356810695,0.15944486536316468,0.00530677179505773,False,False
production-ensemble__threshold-0p1__capital-1e+06__volume-0p01__slippage-0p002,2024-11-25,954562.9358283998,170500,1.008,1126426.9358283998,-0.0021146089042993754,0.15413809356810695,0.15423870327321637,0.0001006097051094168,False,False
production-ensemble__threshold-0p1__capital-1e+06__volume-0p01__slippage-0p002,2024-11-26,954562.9358283998,170500,1.002,1125403.9358283998,-0.0009081814074763939,0.15413809356810695,0.15218949358654651,0.0019485999815604393,False,False
production-ensemble__threshold-0p1__capital-1e+06__volume-0p01__slippage-0p002,2024-11-27,954562.9358283998,170500,1.038,1131541.9358283998,0.005454041704129775,0.15413809356810695,0.15167563864146277,0.002462454926644181,False,False
production-ensemble__threshold-0p1__capital-1e+06__volume-0p01__slippage-0p002,2024-11-28,954562.9358283998,170500,1.034,1130859.9358283998,-0.0006027173880220893,0.15413809356810695,0.15627803071635735,0.0021399371482503926,False,False
production-ensemble__threshold-0p1__capital-1e+06__volume-0p01__slippage-0p002,2024-11-29,954562.9358283998,170500,1.06,1135292.9358283998,0.003920025689788664,0.15413809356810695,0.15551443645885338,0.0013763428907464237,False,False
production-ensemble__threshold-0p1__capital-1e+06__volume-0p01__slippage-0p002,2024-12-02,954562.9358283998,170500,1.068,1136656.9358283998,0.0012014520278897933,0.15413809356810695,0.159192393695399,0.00505430012729205,False,False
production-ensemble__threshold-0p1__capital-1e+06__volume-0p01__slippage-0p002,2024-12-03,954562.9358283998,170500,1.057,1134781.4358283998,-0.0016500141255313405,0.15413809356810695,0.16020137146067667,0.006063277892569718,False,False
production-ensemble__threshold-0p1__capital-1e+06__volume-0p01__slippage-0p002,2024-12-04,954562.9358283998,170500,1.05,1133587.9358283998,-0.0010517443820613481,0.15413809356810695,0.16070495280008332,0.006566859231976363,False,False
production-ensemble__threshold-0p1__capital-1e+06__volume-0p01__slippage-0p002,2024-12-05,954562.9358283998,170500,1.053,1134099.4358283998,0.0004512221626866708,0.15413809356810695,0.15729401090882061,0.00315591734071366,False,False
production-ensemble__threshold-0p1__capital-1e+06__volume-0p01__slippage-0p002,2024-12-06,954562.9358283998,170500,1.067,1136486.4358283998,0.002104753714348151,0.15413809356810695,0.1586869950874779,0.004548901519370957,False,False
production-ensemble__threshold-0p1__capital-1e+06__volume-0p01__slippage-0p002,2024-12-09,954562.9358283998,170500,1.054,1134269.9358283998,-0.0019503092427005653,0.15413809356810695,0.15982328870388182,0.005685195135774868,False,False
production-ensemble__threshold-0p1__capital-1e+06__volume-0p01__slippage-0p002,2024-12-10,954562.9358283998,170500,1.063,1135804.4358283998,0.0013528525719754825,0.15413809356810695,0.16632890645516843,0.012190812887061475,False,False
production-ensemble__threshold-0p1__capital-1e+06__volume-0p01__slippage-0p002,2024-12-11,954562.9358283998,170500,1.059,1135122.4358283998,-0.0006004554820236985,0.15413809356810695,0.15893977031576612,0.0048016767476591615,False,False
production-ensemble__threshold-0p1__capital-1e+06__volume-0p01__slippage-0p002,2024-12-12,954562.9358283998,170500,1.063,1135804.4358283998,0.0006008162454320676,0.15413809356810695,0.15906610097811139,0.004928007410004431,False,False
production-ensemble__threshold-0p1__capital-1e+06__volume-0p01__slippage-0p002,2024-12-13,954562.9358283998,170500,1.042,1132223.9358283998,-0.0031523912806243892,0.15413809356810695,0.1588134016912596,0.004675308123152644,False,False
production-ensemble__threshold-0p1__capital-1e+06__volume-0p01__slippage-0p002,2024-12-16,954562.9358283998,170500,1.025,1129325.4358283998,-0.0025600059390011864,0.15413809356810695,0.15665931024061552,0.0025212166725085694,False,False
production-ensemble__threshold-0p1__capital-1e+06__volume-0p01__slippage-0p002,2024-12-17,954562.9358283998,170500,1.019,1128302.4358283998,-0.0009058504905183895,0.15413809356810695,0.15436645001385713,0.0002283564457501719,False,False
production-ensemble__threshold-0p1__capital-1e+06__volume-0p01__slippage-0p002,2024-12-18,954562.9358283998,170500,1.033,1130689.4358283998,0.0021155675324298073,0.15413809356810695,0.15436645001385713,0.0002283564457501719,False,False
production-ensemble__threshold-0p1__capital-1e+06__volume-0p01__slippage-0p002,2024-12-19,954562.9358283998,170500,1.045,1132735.4358283998,0.0018095154470962882,0.15413809356810695,0.15436645001385713,0.0002283564457501719,False,False
production-ensemble__threshold-0p1__capital-1e+06__volume-0p01__slippage-0p002,2024-12-20,954562.9358283998,170500,1.065,1136145.4358283998,0.0030104116920348645,0.15413809356810695,0.15678632684871296,0.0026482332806060105,False,False
production-ensemble__threshold-0p1__capital-1e+06__volume-0p01__slippage-0p002,2024-12-23,954562.9358283998,170500,1.052,1133928.9358283998,-0.0019508946038971908,0.15413809356810695,0.15982328870388182,0.005685195135774868,False,False
production-ensemble__threshold-0p1__capital-1e+06__volume-0p01__slippage-0p002,2024-12-24,954562.9358283998,170500,1.069,1136827.4358283998,0.0025561566588672147,0.15413809356810695,0.1586869950874779,0.004548901519370957,False,False
production-ensemble__threshold-0p1__capital-1e+06__volume-0p01__slippage-0p002,2024-12-25,954562.9358283998,170500,1.072,1137338.9358283998,0.00044993636138568327,0.15413809356810695,0.16070495280008332,0.006566859231976363,False,False
production-ensemble__threshold-0p1__capital-1e+06__volume-0p01__slippage-0p002,2024-12-26,954562.9358283998,170500,1.081,1138873.4358283998,0.0013492020291052675,0.15413809356810695,0.16045323764557282,0.006315144077465862,False,False
production-ensemble__threshold-0p1__capital-1e+06__volume-0p01__slippage-0p002,2024-12-27,954562.9358283998,170500,1.074,1137679.9358283998,-0.0010479654388740878,0.15413809356810695,0.16171030582795434,0.0075722122598473884,False,False
production-ensemble__threshold-0p1__capital-1e+06__volume-0p01__slippage-0p002,2024-12-30,954562.9358283998,170500,1.077,1138191.4358283998,0.0004495992096649193,0.15413809356810695,0.16045323764557282,0.006315144077465862,False,False
production-ensemble__threshold-0p1__capital-1e+06__volume-0p01__slippage-0p002,2024-12-31,954562.9358283998,170500,1.045,1132735.4358283998,-0.004793569717934987,0.15413809356810695,0.16120793056100974,0.007069836992902784,False,False
production-ensemble__threshold-0p1__capital-1e+06__volume-0p01__slippage-0p002,2025-01-02,954562.9358283998,170500,1.009,1126597.4358283998,-0.005418741045662756,0.15413809356810695,0.15678632684871296,0.0026482332806060105,False,False
production-ensemble__threshold-0p1__capital-1e+06__volume-0p01__slippage-0p002,2025-01-03,954562.9358283998,170500,0.993,1123869.4358283998,-0.00242145056720644,0.15413809356810695,0.15270272639445612,0.0014353671736508367,False,False
production-ensemble__threshold-0p1__capital-1e+06__volume-0p01__slippage-0p002,2025-01-06,954562.9358283998,170500,0.989,1123187.4358283998,-0.0006068320556269491,0.15413809356810695,0.1509036872398284,0.0032344063282785662,False,False
production-ensemble__threshold-0p1__capital-1e+06__volume-0p01__slippage-0p002,2025-01-07,954562.9358283998,170500,1.018,1128131.9358283998,0.004402203801677329,0.15413809356810695,0.15038827199368424,0.003749821574422718,False,False
production-ensemble__threshold-0p1__capital-1e+06__volume-0p01__slippage-0p002,2025-01-08,954562.9358283998,170500,1.017,1127961.4358283998,-0.00015113480487971565,0.15413809356810695,0.15283093751988502,0.0013071560482219302,False,False
production-ensemble__threshold-0p1__capital-1e+06__volume-0p01__slippage-0p002,2025-01-09,954562.9358283998,170500,1.015,1127620.4358283998,-0.00030231530012336805,0.15413809356810695,0.15321533819436386,0.0009227553737430894,False,False
production-ensemble__threshold-0p1__capital-1e+06__volume-0p01__slippage-0p002,2025-01-10,954562.9358283998,170500,1.005,1125915.4358283998,-0.0015120336115116428,0.15413809356810695,0.15321533819436386,0.0009227553737430894,False,False
production-ensemble__threshold-0p1__capital-1e+06__volume-0p01__slippage-0p002,2025-01-13,954562.9358283998,170500,1.005,1125915.4358283998,0.0,0.15413809356810695,0.1502593203968646,0.0038787731712423557,False,False
production-ensemble__threshold-0p1__capital-1e+06__volume-0p01__slippage-0p002,2025-01-14,954562.9358283998,170500,1.037,1131371.4358283998,0.004845834621661105,0.15413809356810695,0.15308724340223828,0.001050850165868672,False,False
production-ensemble__threshold-0p1__capital-1e+06__volume-0p01__slippage-0p002,2025-01-15,954562.9358283998,170500,1.032,1130518.9358283998,-0.0007535102734635979,0.15413809356810695,0.15551443645885338,0.0013763428907464237,False,False
production-ensemble__threshold-0p1__capital-1e+06__volume-0p01__slippage-0p002,2025-01-16,954562.9358283998,170500,1.011,1126938.4358283998,-0.0031671296132482762,0.15413809356810695,0.15627803071635735,0.0021399371482503926,False,False
production-ensemble__threshold-0p1__capital-1e+06__volume-0p01__slippage-0p002,2025-01-17,954562.9358283998,170500,1.02,1128472.9358283998,0.0013616537968836884,0.15413809356810695,0.15218949358654651,0.0019485999815604393,False,False
production-ensemble__threshold-0p1__capital-1e+06__volume-0p01__slippage-0p002,2025-01-20,954562.9358283998,170500,1.022,1128813.9358283998,0.00030217827045153633,0.15413809356810695,0.15487705130315488,0.0007389577350479237,False,False
production-ensemble__threshold-0p1__capital-1e+06__volume-0p01__slippage-0p002,2025-01-21,954562.9358283998,170500,1.031,1130348.4358283998,0.0013593914384781858,0.15413809356810695,0.1550046052944772,0.000866511726370256,False,False
production-ensemble__threshold-0p1__capital-1e+06__volume-0p01__slippage-0p002,2025-01-22,719765.3002631799,398600,1.029,1129924.7002631798,-0.0003748716340811198,0.36242854017651543,0.36254736502705387,0.00011882485053843483,True,False
production-ensemble__threshold-0p1__capital-1e+06__volume-0p01__slippage-0p002,2025-01-23,719765.3002631799,398600,1.021,1126735.90026318,-0.0028221349610793034,0.36242854017651543,0.3656823045858407,0.003253764409325288,False,False
production-ensemble__threshold-0p1__capital-1e+06__volume-0p01__slippage-0p002,2025-01-24,719765.3002631799,398600,1.029,1129924.7002631798,0.002830121947170472,0.36242854017651543,0.3605156314778296,0.0019129086986858224,False,False
production-ensemble__threshold-0p1__capital-1e+06__volume-0p01__slippage-0p002,2025-01-27,719765.3002631799,398600,1.009,1121952.7002631798,-0.007055337402698814,0.36242854017651543,0.3632217436413169,0.0007932034648014397,False,False
production-ensemble__threshold-0p1__capital-1e+06__volume-0p01__slippage-0p002,2025-02-05,719765.3002631799,398600,1.037,1133113.50026318,0.009947656436302577,0.36242854017651543,0.3652363452464794,0.0028078050699639756,False,False
production-ensemble__threshold-0p1__capital-1e+06__volume-0p01__slippage-0p002,2025-02-06,719765.3002631799,398600,1.067,1145071.50026318,0.01055322348310428,0.36242854017651543,0.3634462195384632,0.0010176793619477431,False,False
production-ensemble__threshold-0p1__capital-1e+06__volume-0p01__slippage-0p002,2025-02-07,719765.3002631799,398600,1.076,1148658.90026318,0.0031329048004213877,0.36242854017651543,0.3714232691166,0.008994728940084573,False,False
production-ensemble__threshold-0p1__capital-1e+06__volume-0p01__slippage-0p002,2025-02-10,719765.3002631799,398600,1.094,1155833.7002631798,0.006246240723295493,0.36242854017651543,0.3736037577768519,0.011175217600336462,False,False
production-ensemble__threshold-0p1__capital-1e+06__volume-0p01__slippage-0p002,2025-02-11,719765.3002631799,398600,1.08,1150253.30026318,-0.0048280301904410905,0.36242854017651543,0.37706124723125084,0.014632707054735405,False,False
production-ensemble__threshold-0p1__capital-1e+06__volume-0p01__slippage-0p002,2025-02-12,719765.3002631799,398600,1.099,1157826.7002631798,0.0065841149929908305,0.36242854017651543,0.37468833895766485,0.012259798781149411,False,False
production-ensemble__threshold-0p1__capital-1e+06__volume-0p01__slippage-0p002,2025-02-13,719765.3002631799,398600,1.073,1147463.10026318,-0.008950907763350169,0.36242854017651543,0.3783479858431546,0.015919445666639165,False,False
production-ensemble__threshold-0p1__capital-1e+06__volume-0p01__slippage-0p002,2025-02-14,719765.3002631799,398600,1.078,1149456.10026318,0.0017368750241666397,0.36242854017651543,0.37164200087125043,0.009213460694734998,False,False
production-ensemble__threshold-0p1__capital-1e+06__volume-0p01__slippage-0p002,2025-02-17,719765.3002631799,398600,1.093,1155435.10026318,0.0052015905597708745,0.36242854017651543,0.37533728674261635,0.012908746566100915,False,False
production-ensemble__threshold-0p1__capital-1e+06__volume-0p01__slippage-0p002,2025-02-18,719765.3002631799,398600,1.066,1144672.90026318,-0.009314413243589836,0.36242854017651543,0.37684627273754695,0.014417732561031515,False,False
production-ensemble__threshold-0p1__capital-1e+06__volume-0p01__slippage-0p002,2025-02-19,719765.3002631799,398600,1.092,1155036.50026318,0.009053765488479026,0.36242854017651543,0.371204385027641,0.008775844851125592,False,False
production-ensemble__threshold-0p1__capital-1e+06__volume-0p01__slippage-0p002,2025-02-20,719765.3002631799,398600,1.091,1154637.90026318,-0.00034509731935661314,0.36242854017651543,0.3766311498183787,0.014202609641863262,False,False
production-ensemble__threshold-0p1__capital-1e+06__volume-0p01__slippage-0p002,2025-02-21,719765.3002631799,398600,1.157,1180945.50026318,0.022784285873522325,0.36242854017651543,0.3783479858431546,0.015919445666639165,False,False
production-ensemble__threshold-0p1__capital-1e+06__volume-0p01__slippage-0p002,2025-02-24,569038.33373458,528800,1.161,1182975.1337345801,0.0017186512594764558,0.51757500270172,0.5176833292630217,0.00010832656130177476,True,False
production-ensemble__threshold-0p1__capital-1e+06__volume-0p01__slippage-0p002,2025-02-25,569038.33373458,528800,1.162,1183503.93373458,0.0004470085506620425,0.51757500270172,0.5146377054016104,0.002937297300109609,False,False
production-ensemble__threshold-0p1__capital-1e+06__volume-0p01__slippage-0p002,2025-02-26,569038.33373458,528800,1.186,1196195.13373458,0.01072341175914171,0.51757500270172,0.5196211277091138,0.002046125007393873,False,False
production-ensemble__threshold-0p1__capital-1e+06__volume-0p01__slippage-0p002,2025-02-27,569038.33373458,528800,1.185,1195666.3337345798,-0.00044206834243598614,0.51757500270172,0.5240826661421263,0.006507663440406319,False,False
production-ensemble__threshold-0p1__capital-1e+06__volume-0p01__slippage-0p002,2025-02-28,569038.33373458,528800,1.133,1168168.73373458,-0.022997720370793617,0.51757500270172,0.5223928390753518,0.0048178363736318675,False,False
production-ensemble__threshold-0p1__capital-1e+06__volume-0p01__slippage-0p002,2025-03-03,569038.33373458,528800,1.119,1160765.53373458,-0.006337440633539582,0.51757500270172,0.5128800169857385,0.004694985715981481,False,False
production-ensemble__threshold-0p1__capital-1e+06__volume-0p01__slippage-0p002,2025-03-04,569038.33373458,528800,1.139,1171341.53373458,0.00911122848898982,0.51757500270172,0.507755003472817,0.009819999228902976,False,False
production-ensemble__threshold-0p1__capital-1e+06__volume-0p01__slippage-0p002,2025-03-05,569038.33373458,528800,1.142,1172927.93373458,0.001354344530874796,0.51757500270172,0.5139800607399446,0.003594941961775344,False,False
production-ensemble__threshold-0p1__capital-1e+06__volume-0p01__slippage-0p002,2025-03-06,569038.33373458,528800,1.181,1193551.1337345801,0.01758266591395463,0.51757500270172,0.5181153009951459,0.0005402982934259448,False,False
production-ensemble__threshold-0p1__capital-1e+06__volume-0p01__slippage-0p002,2025-03-07,569038.33373458,528800,1.167,1186147.93373458,-0.006202666807274326,0.51757500270172,0.5217560560379935,0.004181053336273499,False,False
production-ensemble__threshold-0p1__capital-1e+06__volume-0p01__slippage-0p002,2025-03-10,569038.33373458,528800,1.163,1184032.73373458,-0.0017832514308230296,0.51757500270172,0.5196211277091138,0.002046125007393873,False,False
production-ensemble__threshold-0p1__capital-1e+06__volume-0p01__slippage-0p002,2025-03-11,569038.33373458,528800,1.158,1181388.7337345798,-0.002233046371666436,0.51757500270172,0.5159476698913287,0.001627332810391291,False,False
production-ensemble__threshold-0p1__capital-1e+06__volume-0p01__slippage-0p002,2025-03-12,724771.8148700199,394700,1.15,1178676.81487002,-0.0022955347271570448,0.38786970068126925,0.3879663785833034,9.667790203415905e-05,True,False
production-ensemble__threshold-0p1__capital-1e+06__volume-0p01__slippage-0p002,2025-03-13,724771.8148700199,394700,1.126,1169204.0148700199,-0.00803680863192735,0.38786970068126925,0.3844787269447987,0.0033909737364705705,False,False
production-ensemble__threshold-0p1__capital-1e+06__volume-0p01__slippage-0p002,2025-03-14,869017.77129706,266300,1.146,1174197.57129706,0.00427090256578988,0.256466267351495,0.25653271699239094,6.644964089591587e-05,True,False
production-ensemble__threshold-0p1__capital-1e+06__volume-0p01__slippage-0p002,2025-03-17,869017.77129706,266300,1.14,1172599.77129706,-0.0013607590741607778,0.256466267351495,0.2599049831647051,0.0034387158132100915,False,False
production-ensemble__threshold-0p1__capital-1e+06__volume-0p01__slippage-0p002,2025-03-18,869017.77129706,266300,1.146,1174197.57129706,0.0013626132625224052,0.256466267351495,0.2597370965875246,0.00327082923602956,False,False
production-ensemble__threshold-0p1__capital-1e+06__volume-0p01__slippage-0p002,2025-03-19,869017.77129706,266300,1.131,1170203.07129706,-0.003401897685401889,0.256466267351495,0.259232979534747,0.0027667121832519737,False,False
production-ensemble__threshold-0p1__capital-1e+06__volume-0p01__slippage-0p002,2025-03-20,869017.77129706,266300,1.119,1167007.47129706,-0.002730808078001412,0.256466267351495,0.25720962652228097,0.0007433591707859399,False,False
production-ensemble__threshold-0p1__capital-1e+06__volume-0p01__slippage-0p002,2025-03-21,869017.77129706,266300,1.095,1160616.27129706,-0.005476571622027859,0.256466267351495,0.25466483831114933,0.0018014290403456923,False,False
production-ensemble__threshold-0p1__capital-1e+06__volume-0p01__slippage-0p002,2025-03-24,869017.77129706,266300,1.101,1162214.07129706,0.0013766824053005333,0.256466267351495,0.2509007817294477,0.005565485622047339,False,False
production-ensemble__threshold-0p1__capital-1e+06__volume-0p01__slippage-0p002,2025-03-25,869017.77129706,266300,1.083,1157420.6712970599,-0.004124369269295269,0.256466267351495,0.25175958367536455,0.004706683676130474,False,False
production-ensemble__threshold-0p1__capital-1e+06__volume-0p01__slippage-0p002,2025-03-26,869017.77129706,266300,1.081,1156888.07129706,-0.0004601611265531158,0.256466267351495,0.24917725002855026,0.007289017322944763,False,False
production-ensemble__threshold-0p1__capital-1e+06__volume-0p01__slippage-0p002,2025-03-27,869017.77129706,266300,1.092,1159817.37129706,0.002532051347643227,0.256466267351495,0.24865864290058698,0.007807624450908046,False,False
production-ensemble__threshold-0p1__capital-1e+06__volume-0p01__slippage-0p002,2025-03-28,869017.77129706,266300,1.081,1156888.07129706,-0.0025256562563157336,0.256466267351495,0.25038455363752965,0.006081713713965375,False,False
production-ensemble__threshold-0p1__capital-1e+06__volume-0p01__slippage-0p002,2025-03-31,869017.77129706,266300,1.074,1155023.97129706,-0.0016113054030457707,0.256466267351495,0.2476192764023962,0.008846990949098826,False,False
production-ensemble__threshold-0p1__capital-1e+06__volume-0p01__slippage-0p002,2025-04-01,869017.77129706,266300,1.076,1155556.57129706,0.00046111597095421786,0.256466267351495,0.24848561461615198,0.007980652735343041,False,False
production-ensemble__threshold-0p1__capital-1e+06__volume-0p01__slippage-0p002,2025-04-02,869017.77129706,266300,1.074,1155023.97129706,-0.0004609034410165691,0.256466267351495,0.24709851405280808,0.009367753298686943,False,False
production-ensemble__threshold-0p1__capital-1e+06__volume-0p01__slippage-0p002,2025-04-03,869017.77129706,266300,1.068,1153426.1712970599,-0.0013833479128625426,0.256466267351495,0.24605482367326964,0.010411443678225385,False,False
production-ensemble__threshold-0p1__capital-1e+06__volume-0p01__slippage-0p002,2025-04-07,869017.77129706,266300,0.97,1127328.77129706,-0.02262598218198275,0.256466267351495,0.23742180382704955,0.01904446352444547,False,False
production-ensemble__threshold-0p1__capital-1e+06__volume-0p01__slippage-0p002,2025-04-08,869017.77129706,266300,0.986,1131589.57129706,0.003779554029387233,0.256466267351495,0.2305894773521664,0.02587678999932863,False,False
production-ensemble__threshold-0p1__capital-1e+06__volume-0p01__slippage-0p002,2025-04-09,869017.77129706,266300,1.028,1142774.1712970599,0.009883972319734147,0.256466267351495,0.22913546303160306,0.02733080431989196,False,False
production-ensemble__threshold-0p1__capital-1e+06__volume-0p01__slippage-0p002,2025-04-10,869017.77129706,266300,1.042,1146502.37129706,0.0032624118514759104,0.256466267351495,0.24343289429593146,0.013033373055563569,False,False
production-ensemble__threshold-0p1__capital-1e+06__volume-0p01__slippage-0p002,2025-04-11,869017.77129706,266300,1.061,1151562.07129706,0.004413161391263243,0.256466267351495,0.2409692536098868,0.015497013741608223,False,False
production-ensemble__threshold-0p1__capital-1e+06__volume-0p01__slippage-0p002,2025-04-14,869017.77129706,266300,1.064,1152360.97129706,0.0006937533111872618,0.256466267351495,0.24709851405280808,0.009367753298686943,False,False
production-ensemble__threshold-0p1__capital-1e+06__volume-0p01__slippage-0p002,2025-04-15,869017.77129706,266300,1.054,1149697.97129706,-0.002310907837326903,0.256466267351495,0.2453574210565625,0.011108846294932528,False,False
production-ensemble__threshold-0p1__capital-1e+06__volume-0p01__slippage-0p002,2025-04-16,869017.77129706,266300,1.061,1151562.07129706,0.0016213823513118175,0.256466267351495,0.2457062835654853,0.01075998378600973,False,False
production-ensemble__threshold-0p1__capital-1e+06__volume-0p01__slippage-0p002,2025-04-17,869017.77129706,266300,1.066,1152893.57129706,0.0011562555186455103,0.256466267351495,0.24448385134024891,0.011982416011246111,False,False
production-ensemble__threshold-0p1__capital-1e+06__volume-0p01__slippage-0p002,2025-04-18,869017.77129706,266300,1.059,1151029.47129706,-0.0016168881902107746,0.256466267351495,0.2457062835654853,0.01075998378600973,False,False
production-ensemble__threshold-0p1__capital-1e+06__volume-0p01__slippage-0p002,2025-04-21,869017.77129706,266300,1.07,1153958.77129706,0.002544939181009065,0.256466267351495,0.24553189263911812,0.010934374712376904,False,False
production-ensemble__threshold-0p1__capital-1e+06__volume-0p01__slippage-0p002,2025-04-22,869017.77129706,266300,1.066,1152893.57129706,-0.0009230832387561172,0.256466267351495,0.24675093847145355,0.00971532888004148,False,False
production-ensemble__threshold-0p1__capital-1e+06__volume-0p01__slippage-0p002,2025-04-23,869017.77129706,266300,1.063,1152094.6712970599,-0.0006929520815189827,0.256466267351495,0.24675093847145355,0.00971532888004148,False,False
production-ensemble__threshold-0p1__capital-1e+06__volume-0p01__slippage-0p002,2025-04-24,869017.77129706,266300,1.052,1149165.37129706,-0.0025425861892945933,0.256466267351495,0.2457062835654853,0.01075998378600973,False,False
production-ensemble__threshold-0p1__capital-1e+06__volume-0p01__slippage-0p002,2025-04-25,869017.77129706,266300,1.054,1149697.97129706,0.00046346680234421456,0.256466267351495,0.2437835380331711,0.012682729318323926,False,False
production-ensemble__threshold-0p1__capital-1e+06__volume-0p01__slippage-0p002,2025-04-28,869017.77129706,266300,1.051,1148899.07129706,-0.0006948781505621282,0.256466267351495,0.24413385689751524,0.012332410453979786,False,False
production-ensemble__threshold-0p1__capital-1e+06__volume-0p01__slippage-0p002,2025-04-29,869017.77129706,266300,1.053,1149431.6712970599,0.00046357422797682624,0.256466267351495,0.24308192523367383,0.01338434211782119,False,False
production-ensemble__threshold-0p1__capital-1e+06__volume-0p01__slippage-0p002,2025-04-30,869017.77129706,266300,1.062,1151828.37129706,0.002085117419198701,0.256466267351495,0.2437835380331711,0.012682729318323926,False,False
production-ensemble__threshold-0p1__capital-1e+06__volume-0p01__slippage-0p002,2025-05-06,869017.77129706,266300,1.078,1156089.1712970599,0.0036991622243180977,0.256466267351495,0.24640304182662934,0.010063225524865688,False,False
production-ensemble__threshold-0p1__capital-1e+06__volume-0p01__slippage-0p002,2025-05-07,869017.77129706,266300,1.081,1156888.07129706,0.0006910366603500862,0.256466267351495,0.25124453896732013,0.005221728384174895,False,False
production-ensemble__threshold-0p1__capital-1e+06__volume-0p01__slippage-0p002,2025-05-08,869017.77129706,266300,1.077,1155822.87129706,-0.0009207459445974564,0.256466267351495,0.24813931885440924,0.00832694849708579,False,False
production-ensemble__threshold-0p1__capital-1e+06__volume-0p01__slippage-0p002,2025-05-09,869017.77129706,266300,1.056,1150230.57129706,-0.00483837111972385,0.256466267351495,0.247445769014938,0.00902049833655702,False,False
production-ensemble__threshold-0p1__capital-1e+06__volume-0p01__slippage-0p002,2025-05-12,869017.77129706,266300,1.063,1152094.6712970599,0.0016206315903235513,0.256466267351495,0.2453574210565625,0.011108846294932528,False,False
production-ensemble__threshold-0p1__capital-1e+06__volume-0p01__slippage-0p002,2025-05-13,869017.77129706,266300,1.06,1151295.77129706,-0.0006934325970803235,0.256466267351495,0.24692476636727997,0.009541500984215051,False,False
production-ensemble__threshold-0p1__capital-1e+06__volume-0p01__slippage-0p002,2025-05-14,869017.77129706,266300,1.065,1152627.27129706,0.0011565229658578868,0.256466267351495,0.24553189263911812,0.010934374712376904,False,False
production-ensemble__threshold-0p1__capital-1e+06__volume-0p01__slippage-0p002,2025-05-15,869017.77129706,266300,1.05,1148632.77129706,-0.0034655608968066076,0.256466267351495,0.24553189263911812,0.010934374712376904,False,False
production-ensemble__threshold-0p1__capital-1e+06__volume-0p01__slippage-0p002,2025-05-16,869017.77129706,266300,1.044,1147034.97129706,-0.0013910451102625565,0.256466267351495,0.24308192523367383,0.01338434211782119,False,False
production-ensemble__threshold-0p1__capital-1e+06__volume-0p01__slippage-0p002,2025-05-19,869017.77129706,266300,1.045,1147301.27129706,0.0002321638020319483,0.256466267351495,0.24237900932141582,0.014087258030079208,False,False
production-ensemble__threshold-0p1__capital-1e+06__volume-0p01__slippage-0p002,2025-05-20,869017.77129706,266300,1.048,1148100.1712970599,0.0006963297435351734,0.256466267351495,0.24255486066479454,0.01391140668670049,False,False
production-ensemble__threshold-0p1__capital-1e+06__volume-0p01__slippage-0p002,2025-05-21,869017.77129706,266300,1.045,1147301.27129706,-0.0006958452058215547,0.256466267351495,0.24290631856414543,0.01355994878734959,False,False
production-ensemble__threshold-0p1__capital-1e+06__volume-0p01__slippage-0p002,2025-05-22,869017.77129706,266300,1.039,1145703.47129706,-0.0013926594870706799,0.256466267351495,0.24237900932141582,0.014087258030079208,False,False
production-ensemble__threshold-0p1__capital-1e+06__volume-0p01__slippage-0p002,2025-05-23,869017.77129706,266300,1.03,1143306.77129706,-0.0020919025385220946,0.256466267351495,0.24132218416396484,0.015144083187530188,False,False
production-ensemble__threshold-0p1__capital-1e+06__volume-0p01__slippage-0p002,2025-05-26,869017.77129706,266300,1.035,1144638.27129706,0.001164604315681217,0.256466267351495,0.24079266516895112,0.015673602182543905,False,False
production-ensemble__threshold-0p1__capital-1e+06__volume-0p01__slippage-0p002,2025-05-27,869017.77129706,266300,1.028,1142774.1712970599,-0.0016285494262635591,0.256466267351495,0.24061599454232233,0.0158502728091727,False,False
production-ensemble__threshold-0p1__capital-1e+06__volume-0p01__slippage-0p002,2025-05-28,869017.77129706,266300,1.023,1141442.6712970599,-0.0011651470898127458,0.256466267351495,0.23937699412916397,0.01708927322233106,False,False
production-ensemble__threshold-0p1__capital-1e+06__volume-0p01__slippage-0p002,2025-05-29,869017.77129706,266300,1.04,1145969.77129706,0.003966121219960872,0.256466267351495,0.23884475541100816,0.01762151194048686,False,False
production-ensemble__threshold-0p1__capital-1e+06__volume-0p01__slippage-0p002,2025-05-30,869017.77129706,266300,1.03,1143306.77129706,-0.002323796025601843,0.256466267351495,0.24114575992246418,0.01532050742903085,False,False
production-ensemble__threshold-0p1__capital-1e+06__volume-0p01__slippage-0p002,2025-06-03,869017.77129706,266300,1.034,1144371.97129706,0.0009316834525447959,0.256466267351495,0.23955424166551106,0.01691202568598396,False,False
production-ensemble__threshold-0p1__capital-1e+06__volume-0p01__slippage-0p002,2025-06-04,869017.77129706,266300,1.04,1145969.77129706,0.0013962243397040996,0.256466267351495,0.24061599454232233,0.0158502728091727,False,False
production-ensemble__threshold-0p1__capital-1e+06__volume-0p01__slippage-0p002,2025-06-05,660443.12586952,466200,1.051,1150419.32586952,0.0038827852914686822,0.4234537538438694,0.4235750355178336,0.00012128167396419087,True,False
production-ensemble__threshold-0p1__capital-1e+06__volume-0p01__slippage-0p002,2025-06-06,660443.12586952,466200,1.047,1148554.52586952,-0.0016209741596531213,0.4234537538438694,0.4259109604488449,0.0024572066049755037,False,False
production-ensemble__threshold-0p1__capital-1e+06__volume-0p01__slippage-0p002,2025-06-09,660443.12586952,466200,1.053,1151351.72586952,0.0024354089744955676,0.4234537538438694,0.42521217328805755,0.0017584194441881418,False,False
production-ensemble__threshold-0p1__capital-1e+06__volume-0p01__slippage-0p002,2025-06-10,660443.12586952,466200,1.032,1141561.52586952,-0.008503222586135895,0.4234537538438694,0.42660805059884427,0.0031542967549748613,False,False
production-ensemble__threshold-0p1__capital-1e+06__volume-0p01__slippage-0p002,2025-06-11,660443.12586952,466200,1.031,1141095.32586952,-0.00040838797509823443,0.4234537538438694,0.4216925641041944,0.0017611897396749843,False,False
production-ensemble__threshold-0p1__capital-1e+06__volume-0p01__slippage-0p002,2025-06-12,660443.12586952,466200,1.027,1139230.52586952,-0.0016342192959024615,0.4234537538438694,0.42074671006703035,0.0027070437768390576,False,False
production-ensemble__threshold-0p1__capital-1e+06__volume-0p01__slippage-0p002,2025-06-13,660443.12586952,466200,1.022,1136899.52586952,-0.0020461179252732054,0.4234537538438694,0.41932211350521487,0.004131640338654541,False,False
production-ensemble__threshold-0p1__capital-1e+06__volume-0p01__slippage-0p002,2025-06-16,798131.79487312,330900,1.021,1135980.69487312,-0.0008081901482870357,0.2971339519483834,0.29720253684165815,6.858489327477013e-05,True,False
production-ensemble__threshold-0p1__capital-1e+06__volume-0p01__slippage-0p002,2025-06-17,798131.79487312,330900,1.012,1133002.59487312,-0.002621611452941486,0.2971339519483834,0.29761185358472114,0.00047790163633776306,False,False
production-ensemble__threshold-0p1__capital-1e+06__volume-0p01__slippage-0p002,2025-06-18,798131.79487312,330900,1.018,1134987.99487312,0.001752334909896902,0.2971339519483834,0.29535469237401096,0.001779259574372416,False,False
production-ensemble__threshold-0p1__capital-1e+06__volume-0p01__slippage-0p002,2025-06-19,798131.79487312,330900,1.012,1133002.59487312,-0.0017492696037034738,0.2971339519483834,0.2963824705093802,0.0007514814390031654,False,False
production-ensemble__threshold-0p1__capital-1e+06__volume-0p01__slippage-0p002,2025-06-20,798131.79487312,330900,1.006,1131017.1948731202,-0.001752334909896902,0.2971339519483834,0.2955604881359523,0.001573463812431064,False,False
production-ensemble__threshold-0p1__capital-1e+06__volume-0p01__slippage-0p002,2025-06-23,1128931.2016702,0,1.012,1128931.2016702,-0.0018443514496294666,0.0,0.0,0.0,True,False
production-ensemble__threshold-0p1__capital-1e+06__volume-0p01__slippage-0p002,2025-06-24,786731.9450819201,336700,1.029,1133196.2450819202,0.0037779480320945247,0.302434395489203,0.302632706357642,0.00019831086843902224,True,False
production-ensemble__threshold-0p1__capital-1e+06__volume-0p01__slippage-0p002,2025-06-25,786731.9450819201,336700,1.048,1139593.5450819202,0.005645359334505606,0.302434395489203,0.3063590690589048,0.003924673569701831,False,False
production-ensemble__threshold-0p1__capital-1e+06__volume-0p01__slippage-0p002,2025-06-26,629845.3402160201,486200,1.041,1135979.54021602,-0.003171310404044392,0.4468502744591773,0.4469688796399977,0.00011860518082040805,True,False
production-ensemble__threshold-0p1__capital-1e+06__volume-0p01__slippage-0p002,2025-06-27,629845.3402160201,486200,1.041,1135979.54021602,0.0,0.4468502744591773,0.44649629333312946,0.00035398112604784204,False,False
production-ensemble__threshold-0p1__capital-1e+06__volume-0p01__slippage-0p002,2025-06-30,629845.3402160201,486200,1.056,1143272.54021602,0.006420009992973208,0.4468502744591773,0.44602289864921646,0.0008273758099608397,False,False
production-ensemble__threshold-0p1__capital-1e+06__volume-0p01__slippage-0p002,2025-07-01,629845.3402160201,486200,1.048,1139382.9402160202,-0.0034021634065179995,0.4468502744591773,0.44885118236803484,0.002000907908857541,False,False
production-ensemble__threshold-0p1__capital-1e+06__volume-0p01__slippage-0p002,2025-07-02,629845.3402160201,486200,1.035,1133062.3402160201,-0.005547388658287078,0.4468502744591773,0.44673268740422656,0.00011758705495074073,False,False
production-ensemble__threshold-0p1__capital-1e+06__volume-0p01__slippage-0p002,2025-07-03,629845.3402160201,486200,1.036,1133548.54021602,0.00042910260339890094,0.4468502744591773,0.4443596212509871,0.0024906532081901966,False,False
production-ensemble__threshold-0p1__capital-1e+06__volume-0p01__slippage-0p002,2025-07-04,629845.3402160201,486200,1.035,1133062.3402160201,-0.000428918553331048,0.4468502744591773,0.4445978435404527,0.002252430918724624,False,False
production-ensemble__threshold-0p1__capital-1e+06__volume-0p01__slippage-0p002,2025-07-07,369033.9948784002,738100,1.029,1128538.8948784,-0.003992229886272347,0.6735280878921027,0.6738516711981776,0.0003235833060748483,True,False
production-ensemble__threshold-0p1__capital-1e+06__volume-0p01__slippage-0p002,2025-07-08,369033.9948784002,738100,1.044,1139610.3948784003,0.009810472683082105,0.6735280878921027,0.673425605948997,0.00010248194310569225,False,False
production-ensemble__threshold-0p1__capital-1e+06__volume-0p01__slippage-0p002,2025-07-09,369033.9948784002,738100,1.036,1133705.5948784002,-0.005181419919068175,0.6735280878921027,0.6761752994383864,0.0026472115462836676,False,False
production-ensemble__threshold-0p1__capital-1e+06__volume-0p01__slippage-0p002,2025-07-10,369033.9948784002,738100,1.033,1131491.2948784002,-0.0019531525732988664,0.6735280878921027,0.6740642871950574,0.0005361993029546763,False,False
production-ensemble__threshold-0p1__capital-1e+06__volume-0p01__slippage-0p002,2025-07-11,369033.9948784002,738100,1.047,1141824.6948784,0.009132549270836732,0.6735280878921027,0.6738516711981776,0.0003235833060748483,False,False
production-ensemble__threshold-0p1__capital-1e+06__volume-0p01__slippage-0p002,2025-07-14,369033.9948784002,738100,1.046,1141086.5948784002,-0.0006464214719742456,0.6735280878921027,0.6770120674919444,0.0034839795998417022,False,False
production-ensemble__threshold-0p1__capital-1e+06__volume-0p01__slippage-0p002,2025-07-15,369033.9948784002,738100,1.048,1142562.7948784002,0.0012936792059652369,0.6735280878921027,0.6761752994383864,0.0026472115462836676,False,False
production-ensemble__threshold-0p1__capital-1e+06__volume-0p01__slippage-0p002,2025-07-16,369033.9948784002,738100,1.049,1143300.8948784,0.0006460038811944013,0.6735280878921027,0.6774288319449944,0.003900744052891647,False,False
production-ensemble__threshold-0p1__capital-1e+06__volume-0p01__slippage-0p002,2025-07-17,369033.9948784002,738100,1.057,1149205.6948784,0.005164694636776268,0.6735280878921027,0.6770120674919444,0.0034839795998417022,False,False
production-ensemble__threshold-0p1__capital-1e+06__volume-0p01__slippage-0p002,2025-07-18,369033.9948784002,738100,1.06,1151419.9948784001,0.0019268091081243721,0.6735280878921027,0.6794966245853901,0.005968536693287341,False,False
production-ensemble__threshold-0p1__capital-1e+06__volume-0p01__slippage-0p002,2025-07-21,369033.9948784002,738100,1.061,1152158.0948784002,0.0006410345514957783,0.6735280878921027,0.6792910390604535,0.005762951168350794,False,False
production-ensemble__threshold-0p1__capital-1e+06__volume-0p01__slippage-0p002,2025-07-22,369033.9948784002,738100,1.069,1158062.8948784,0.0051249911155839545,0.6735280878921027,0.6797019467043293,0.00617385881222654,False,False
production-ensemble__threshold-0p1__capital-1e+06__volume-0p01__slippage-0p002,2025-07-23,369033.9948784002,738100,1.074,1161753.3948784003,0.003186787191198137,0.6735280878921027,0.681538075554444,0.008009987662341289,False,False
production-ensemble__threshold-0p1__capital-1e+06__volume-0p01__slippage-0p002,2025-07-24,369033.9948784002,738100,1.086,1170610.5948784002,0.007623993214951552,0.6735280878921027,0.6819432489862254,0.008415161094122658,False,False
production-ensemble__threshold-0p1__capital-1e+06__volume-0p01__slippage-0p002,2025-07-25,10918.004302000129,1067100,1.109,1194331.904302,0.020264048119318367,0.9899999999999999,0.9906666860475062,0.0006666860475063041,True,False
production-ensemble__threshold-0p1__capital-1e+06__volume-0p01__slippage-0p002,2025-07-28,10918.004302000129,1067100,1.11,1195399.0043020002,0.0008934702289675744,0.9899999999999999,0.9908747901317526,0.000874790131752734,False,False
production-ensemble__threshold-0p1__capital-1e+06__volume-0p01__slippage-0p002,2025-07-29,10918.004302000129,1067100,1.125,1211405.5043020002,0.013390089787925108,0.9899999999999999,0.9908339150530029,0.0008339150530030093,False,False
production-ensemble__threshold-0p1__capital-1e+06__volume-0p01__slippage-0p002,2025-07-30,10918.004302000129,1067100,1.112,1197533.2043020003,-0.011451409086995157,0.9899999999999999,0.9909634445376659,0.0009634445376660583,False,False
production-ensemble__threshold-0p1__capital-1e+06__volume-0p01__slippage-0p002,2025-07-31,10918.004302000129,1067100,1.101,1185795.1043020003,-0.009801899402732461,0.9899999999999999,0.9908584839250518,0.0008584839250519449,False,False
production-ensemble__threshold-0p1__capital-1e+06__volume-0p01__slippage-0p002,2025-08-01,10918.004302000129,1067100,1.091,1175124.104302,-0.008999025178368814,0.9899999999999999,0.9907926721383903,0.0007926721383904045,False,False
production-ensemble__threshold-0p1__capital-1e+06__volume-0p01__slippage-0p002,2025-08-04,10918.004302000129,1067100,1.104,1188996.4043020003,0.01180496591739999,0.9899999999999999,0.9906751922872435,0.0006751922872436644,False,False
production-ensemble__threshold-0p1__capital-1e+06__volume-0p01__slippage-0p002,2025-08-05,10918.004302000129,1067100,1.109,1194331.904302,0.00448739792710473,0.9899999999999999,0.9908092137617437,0.00080921376174381,False,False
production-ensemble__threshold-0p1__capital-1e+06__volume-0p01__slippage-0p002,2025-08-06,10918.004302000129,1067100,1.113,1198600.3043020002,0.00357388091587052,0.9899999999999999,0.9908503089484931,0.0008503089484932502,False,False
production-ensemble__threshold-0p1__capital-1e+06__volume-0p01__slippage-0p002,2025-08-07,10918.004302000129,1067100,1.112,1197533.2043020003,-0.0008902884440875614,0.9899999999999999,0.9908910382695437,0.0008910382695438424,False,False
production-ensemble__threshold-0p1__capital-1e+06__volume-0p01__slippage-0p002,2025-08-08,10918.004302000129,1067100,1.096,1180459.6043020003,-0.014257308222156317,0.9899999999999999,0.9908584839250518,0.0008584839250519449,False,False
production-ensemble__threshold-0p1__capital-1e+06__volume-0p01__slippage-0p002,2025-08-11,303314.5182242401,799700,1.103,1185383.6182242401,0.004171268465515521,0.7425,0.7429071114025898,0.00040711140258975487,True,False
production-ensemble__threshold-0p1__capital-1e+06__volume-0p01__slippage-0p002,2025-08-12,303314.5182242401,799700,1.124,1202177.31822424,0.014167312371970997,0.7425,0.7441212164897137,0.001621216489713695,False,False
production-ensemble__threshold-0p1__capital-1e+06__volume-0p01__slippage-0p002,2025-08-13,303314.5182242401,799700,1.133,1209374.6182242401,0.005986887201158808,0.7425,0.7476956904558206,0.0051956904558205785,False,False
production-ensemble__threshold-0p1__capital-1e+06__volume-0p01__slippage-0p002,2025-08-14,11433.357737520171,1056500,1.142,1217956.3577375202,0.007096014240716375,0.9899999999999999,0.9905470718940548,0.0005470718940548958,True,False
production-ensemble__threshold-0p1__capital-1e+06__volume-0p01__slippage-0p002,2025-08-15,11433.357737520171,1056500,1.158,1234860.3577375202,0.01387898662592546,0.9899999999999999,0.9905553218044001,0.0005553218044002106,False,False
production-ensemble__threshold-0p1__capital-1e+06__volume-0p01__slippage-0p002,2025-08-18,11433.357737520171,1056500,1.183,1261272.8577375202,0.021389058150989904,0.9899999999999999,0.9908430203226708,0.0008430203226709176,False,False
production-ensemble__threshold-0p1__capital-1e+06__volume-0p01__slippage-0p002,2025-08-19,11433.357737520171,1056500,1.17,1247538.3577375202,-0.010889396307661059,0.9899999999999999,0.9909198521003807,0.0009198521003808136,False,False
production-ensemble__threshold-0p1__capital-1e+06__volume-0p01__slippage-0p002,2025-08-20,11433.357737520171,1056500,1.208,1287685.3577375202,0.03218097443737822,0.9899999999999999,0.9908041147774597,0.0008041147774597857,False,False
production-ensemble__threshold-0p1__capital-1e+06__volume-0p01__slippage-0p002,2025-08-21,11433.357737520171,1056500,1.208,1287685.3577375202,0.0,0.9899999999999999,0.9911282793610876,0.001128279361087725,False,False
production-ensemble__threshold-0p1__capital-1e+06__volume-0p01__slippage-0p002,2025-08-22,11433.357737520171,1056500,1.323,1409182.8577375202,0.09435340649789836,0.9899999999999999,0.9911932566246734,0.001193256624673511,False,False
production-ensemble__threshold-0p1__capital-1e+06__volume-0p01__slippage-0p002,2025-08-25,568568.7281691601,640700,1.356,1437357.9281691601,0.019993906594120592,0.6016550780211259,0.6021292804165486,0.0004742023954226182,True,False
production-ensemble__threshold-0p1__capital-1e+06__volume-0p01__slippage-0p002,2025-08-26,568568.7281691601,640700,1.336,1424543.9281691601,-0.008914968045796279,0.6016550780211259,0.6015934078745612,6.167014656477399e-05,False,False
production-ensemble__threshold-0p1__capital-1e+06__volume-0p01__slippage-0p002,2025-08-27,568568.7281691601,640700,1.337,1425184.62816916,0.00044975798031265946,0.6016550780211259,0.6033740612339175,0.001718983212791514,False,False
production-ensemble__threshold-0p1__capital-1e+06__volume-0p01__slippage-0p002,2025-08-28,568568.7281691601,640700,1.433,1486691.82816916,0.04315735574485813,0.6016550780211259,0.6015934078745612,6.167014656477399e-05,False,False
production-ensemble__threshold-0p1__capital-1e+06__volume-0p01__slippage-0p002,2025-08-29,568568.7281691601,640700,1.412,1473237.1281691599,-0.009050093465953535,0.6016550780211259,0.6120437913521677,0.010388713331041743,False,False
production-ensemble__threshold-0p1__capital-1e+06__volume-0p01__slippage-0p002,2025-09-01,568568.7281691601,640700,1.431,1485410.4281691601,0.008262960366148597,0.6016550780211259,0.6152397288997616,0.013584650878635696,False,False
production-ensemble__threshold-0p1__capital-1e+06__volume-0p01__slippage-0p002,2025-09-02,568568.7281691601,640700,1.394,1461704.52816916,-0.015959158189847056,0.6016550780211259,0.6164039464641667,0.014748868443040797,False,False
production-ensemble__threshold-0p1__capital-1e+06__volume-0p01__slippage-0p002,2025-09-03,568568.7281691601,640700,1.365,1443124.22816916,-0.012711392516018605,0.6016550780211259,0.609997804876691,0.00834272685556503,False,False
production-ensemble__threshold-0p1__capital-1e+06__volume-0p01__slippage-0p002,2025-09-04,718316.0057046,530500,1.282,1398417.0057046,-0.03097946912115701,0.5013542324793127,0.5014661393457757,0.0001119068664630074,True,False
production-ensemble__threshold-0p1__capital-1e+06__volume-0p01__slippage-0p002,2025-09-05,718316.0057046,530500,1.326,1421759.0057046,0.016691730653145997,0.5013542324793127,0.48633633403029697,0.015017898449015687,False,False
production-ensemble__threshold-0p1__capital-1e+06__volume-0p01__slippage-0p002,2025-09-08,941268.96614468,362100,1.328,1422137.76614468,0.00026640270155531276,0.3378428260331811,0.33796238847085713,0.00011956243767602404,True,False
production-ensemble__threshold-0p1__capital-1e+06__volume-0p01__slippage-0p002,2025-09-09,941268.96614468,362100,1.307,1414533.66614468,-0.005346950331411526,0.3378428260331811,0.3359328809229907,0.0019099451101904363,False,False
production-ensemble__threshold-0p1__capital-1e+06__volume-0p01__slippage-0p002,2025-09-10,941268.96614468,362100,1.321,1419603.0661446801,0.0035837959331266322,0.3378428260331811,0.3357631934826649,0.002079632550516186,False,False
production-ensemble__threshold-0p1__capital-1e+06__volume-0p01__slippage-0p002,2025-09-11,941268.96614468,362100,1.393,1445674.26614468,0.018365133622036733,0.3378428260331811,0.3357631934826649,0.002079632550516186,False,False
production-ensemble__threshold-0p1__capital-1e+06__volume-0p01__slippage-0p002,2025-09-12,941268.96614468,362100,1.406,1450381.5661446801,0.0032561276839722098,0.3378428260331811,0.34890660490564485,0.011063778872463736,False,False
production-ensemble__threshold-0p1__capital-1e+06__volume-0p01__slippage-0p002,2025-09-15,941268.96614468,362100,1.409,1451467.86614468,0.0007489753216372019,0.3378428260331811,0.35504522747561523,0.017202401442434123,False,False
production-ensemble__threshold-0p1__capital-1e+06__volume-0p01__slippage-0p002,2025-09-16,941268.96614468,362100,1.426,1457623.5661446801,0.004241017072152298,0.3378428260331811,0.3521519525400169,0.014309126506835801,False,False
production-ensemble__threshold-0p1__capital-1e+06__volume-0p01__slippage-0p002,2025-09-17,941268.96614468,362100,1.44,1462692.96614468,0.0034778526621987993,0.3378428260331811,0.35344105089167,0.015598224858488885,False,False
production-ensemble__threshold-0p1__capital-1e+06__volume-0p01__slippage-0p002,2025-09-18,941268.96614468,362100,1.45,1466313.96614468,0.0024755708024932765,0.3378428260331811,0.359021057566867,0.021178231533685865,False,False
production-ensemble__threshold-0p1__capital-1e+06__volume-0p01__slippage-0p002,2025-09-19,941268.96614468,362100,1.431,1459434.0661446801,-0.00469196922272308,0.3378428260331811,0.359021057566867,0.021178231533685865,False,False
production-ensemble__threshold-0p1__capital-1e+06__volume-0p01__slippage-0p002,2025-09-22,941268.96614468,362100,1.479,1476814.86614468,0.011909273877588555,0.3378428260331811,0.35424413544967887,0.016401309416497756,False,False
production-ensemble__threshold-0p1__capital-1e+06__volume-0p01__slippage-0p002,2025-09-23,941268.96614468,362100,1.475,1475366.46614468,-0.0009807593579965745,0.3378428260331811,0.36247945906015966,0.02463663302697855,False,False
production-ensemble__threshold-0p1__capital-1e+06__volume-0p01__slippage-0p002,2025-09-24,941268.96614468,362100,1.53,1495281.96614468,0.013498680129311769,0.3378428260331811,0.36028299095769056,0.022440164924509454,False,False
production-ensemble__threshold-0p1__capital-1e+06__volume-0p01__slippage-0p002,2025-09-25,941268.96614468,362100,1.548,1501799.76614468,0.004358910324321563,0.3378428260331811,0.3695914127341477,0.031748586700966586,False,False
production-ensemble__threshold-0p1__capital-1e+06__volume-0p01__slippage-0p002,2025-09-26,941268.96614468,362100,1.524,1493109.36614468,-0.005786656913863819,0.3378428260331811,0.37172453153445567,0.03388170550127456,False,False
production-ensemble__threshold-0p1__capital-1e+06__volume-0p01__slippage-0p002,2025-09-29,941268.96614468,362100,1.543,1499989.2661446799,0.0046077669566593205,0.3378428260331811,0.36836597172185215,0.03052314568867104,False,False
production-ensemble__threshold-0p1__capital-1e+06__volume-0p01__slippage-0p002,2025-09-30,941268.96614468,362100,1.57,1509765.96614468,0.006517846641082015,0.3378428260331811,0.3751977755049682,0.03735494947178708,False,False
production-ensemble__threshold-0p1__capital-1e+06__volume-0p01__slippage-0p002,2025-10-09,941268.96614468,362100,1.618,1527146.76614468,0.011512247851488855,0.3378428260331811,0.3820303181685321,0.044187492135351,False,False
production-ensemble__threshold-0p1__capital-1e+06__volume-0p01__slippage-0p002,2025-10-10,941268.96614468,362100,1.528,1494557.76614468,-0.021339795704293563,0.3378428260331811,0.37878132245054713,0.04093849641736602,False,False
production-ensemble__threshold-0p1__capital-1e+06__volume-0p01__slippage-0p002,2025-10-13,941268.96614468,362100,1.546,1501075.5661446801,0.004361022469417941,0.3378428260331811,0.36122618497663345,0.023383358943452337,False,False
production-ensemble__threshold-0p1__capital-1e+06__volume-0p01__slippage-0p002,2025-10-14,941268.96614468,362100,1.481,1477539.0661446801,-0.015679756922864607,0.3378428260331811,0.3750475636126371,0.03720473757945597,False,False
production-ensemble__threshold-0p1__capital-1e+06__volume-0p01__slippage-0p002,2025-10-15,941268.96614468,362100,1.501,1484781.0661446801,0.004901393246336649,0.3378428260331811,0.36263577261927016,0.02479294658608905,False,False
production-ensemble__threshold-0p1__capital-1e+06__volume-0p01__slippage-0p002,2025-10-16,941268.96614468,362100,1.487,1479711.6661446802,-0.0034142407359509797,0.3378428260331811,0.3638835269866375,0.026040700953456397,False,False
production-ensemble__threshold-0p1__capital-1e+06__volume-0p01__slippage-0p002,2025-10-17,941268.96614468,362100,1.433,1460158.26614468,-0.01321433117503601,0.3378428260331811,0.36247945906015966,0.02463663302697855,False,False
production-ensemble__threshold-0p1__capital-1e+06__volume-0p01__slippage-0p002,2025-10-20,1195918.87464676,186800,1.437,1464350.4746467602,0.0028710644587512935,0.18526672787120702,0.1852856872288975,1.895935769047341e-05,True,False
production-ensemble__threshold-0p1__capital-1e+06__volume-0p01__slippage-0p002,2025-10-21,1195918.87464676,186800,1.477,1471822.4746467602,0.005102603597545441,0.18526672787120702,0.18393564218102704,0.0013310856901799784,False,False
production-ensemble__threshold-0p1__capital-1e+06__volume-0p01__slippage-0p002,2025-10-22,1195918.87464676,186800,1.476,1471635.67464676,-0.00012691748034687755,0.18526672787120702,0.18632114770507255,0.001054419833865533,False,False
production-ensemble__threshold-0p1__capital-1e+06__volume-0p01__slippage-0p002,2025-10-23,1195918.87464676,186800,1.473,1471075.27464676,-0.0003808007713149708,0.18526672787120702,0.18621772011409685,0.000950992242889831,False,False
production-ensemble__threshold-0p1__capital-1e+06__volume-0p01__slippage-0p002,2025-10-24,1195918.87464676,186800,1.535,1482656.87464676,0.007872880606181853,0.18526672787120702,0.18900106758825,0.0037343397170429837,False,False
production-ensemble__threshold-0p1__capital-1e+06__volume-0p01__slippage-0p002,2025-10-27,1195918.87464676,186800,1.558,1486953.27464676,0.0028977709363966486,0.18526672787120702,0.19612926457476645,0.010862536703559439,False,False
production-ensemble__threshold-0p1__capital-1e+06__volume-0p01__slippage-0p002,2025-10-28,1195918.87464676,186800,1.545,1484524.87464676,-0.0016331380692353736,0.18526672787120702,0.1944096760713917,0.009142948200184686,False,False
production-ensemble__threshold-0p1__capital-1e+06__volume-0p01__slippage-0p002,2025-10-29,1195918.87464676,186800,1.565,1488260.87464676,0.002516630110956486,0.18526672787120702,0.19400399730945536,0.008737269438248346,False,False
production-ensemble__threshold-0p1__capital-1e+06__volume-0p01__slippage-0p002,2025-10-30,1195918.87464676,186800,1.535,1482656.87464676,-0.0037654688740843545,0.18526672787120702,0.19602831555094444,0.010761587679737422,False,False
production-ensemble__threshold-0p1__capital-1e+06__volume-0p01__slippage-0p002,2025-10-31,1195918.87464676,186800,1.488,1473877.27464676,-0.005921531913506195,0.18526672787120702,0.1923771881848824,0.007110460313675376,False,False
production-ensemble__threshold-0p1__capital-1e+06__volume-0p01__slippage-0p002,2025-11-03,1195918.87464676,186800,1.47,1470514.87464676,-0.0022813296994526056,0.18526672787120702,0.18714762294549597,0.0018808950742889574,False,False
production-ensemble__threshold-0p1__capital-1e+06__volume-0p01__slippage-0p002,2025-11-04,1195918.87464676,186800,1.455,1467712.87464676,-0.0019054550540830162,0.18526672787120702,0.18725081431466278,0.001984086443455768,False,False
production-ensemble__threshold-0p1__capital-1e+06__volume-0p01__slippage-0p002,2025-11-05,1195918.87464676,186800,1.46,1468646.87464676,0.0006363642481672649,0.18526672787120702,0.18258111544714295,0.0026856124240640655,False,False
production-ensemble__threshold-0p1__capital-1e+06__volume-0p01__slippage-0p002,2025-11-06,1195918.87464676,186800,1.509,1477800.07464676,0.006232403553237731,0.18526672787120702,0.1873539794869276,0.002087251615720598,False,False
production-ensemble__threshold-0p1__capital-1e+06__volume-0p01__slippage-0p002,2025-11-07,1195918.87464676,186800,1.487,1473690.4746467602,-0.002780890372455991,0.18526672787120702,0.18920648426394407,0.003939756392737054,False,False
production-ensemble__threshold-0p1__capital-1e+06__volume-0p01__slippage-0p002,2025-11-10,1195918.87464676,186800,1.478,1472009.27464676,-0.0011408094365291666,0.18526672787120702,0.18889832021331554,0.003631592342108525,False,False
production-ensemble__threshold-0p1__capital-1e+06__volume-0p01__slippage-0p002,2025-11-11,1195918.87464676,186800,1.457,1468086.4746467602,-0.002664928861226934,0.18526672787120702,0.18858992182141998,0.003323193950212966,False,False
production-ensemble__threshold-0p1__capital-1e+06__volume-0p01__slippage-0p002,2025-11-12,1195918.87464676,186800,1.449,1466592.07464676,-0.001017923688970468,0.18526672787120702,0.18424758801005003,0.0010191398611569813,False,False
production-ensemble__threshold-0p1__capital-1e+06__volume-0p01__slippage-0p002,2025-11-13,1195918.87464676,186800,1.469,1470328.07464676,0.0025474022835558774,0.18526672787120702,0.18424758801005003,0.0010191398611569813,False,False
production-ensemble__threshold-0p1__capital-1e+06__volume-0p01__slippage-0p002,2025-11-14,1195918.87464676,186800,1.431,1463229.67464676,-0.00482776607642843,0.18526672787120702,0.18476696809232912,0.0004997597788778951,False,False
production-ensemble__threshold-0p1__capital-1e+06__volume-0p01__slippage-0p002,2025-11-17,1195918.87464676,186800,1.422,1461548.4746467602,-0.0011489652165548314,0.18526672787120702,0.18258111544714295,0.0026856124240640655,False,False
production-ensemble__threshold-0p1__capital-1e+06__volume-0p01__slippage-0p002,2025-11-18,1195918.87464676,186800,1.427,1462482.4746467602,0.000639048253411989,0.18526672787120702,0.18122208467365414,0.004044643197552877,False,False
production-ensemble__threshold-0p1__capital-1e+06__volume-0p01__slippage-0p002,2025-11-19,1195918.87464676,186800,1.413,1459867.27464676,-0.0017881923683440437,0.18526672787120702,0.18174532327037574,0.0035214046008312794,False,False
production-ensemble__threshold-0p1__capital-1e+06__volume-0p01__slippage-0p002,2025-11-20,1195918.87464676,186800,1.396,1456691.67464676,-0.0021752662417672264,0.18526672787120702,0.18237232751362825,0.0028944003575787636,False,False
production-ensemble__threshold-0p1__capital-1e+06__volume-0p01__slippage-0p002,2025-11-21,1195918.87464676,186800,1.351,1448285.67464676,-0.005770610312603286,0.18526672787120702,0.1763767059898078,0.008890021881399202,False,False
production-ensemble__threshold-0p1__capital-1e+06__volume-0p01__slippage-0p002,2025-11-24,1195918.87464676,186800,1.36,1449966.87464676,0.001160820706460397,0.18526672787120702,0.17489062208155123,0.010376105789655782,False,False
production-ensemble__threshold-0p1__capital-1e+06__volume-0p01__slippage-0p002,2025-11-25,1195918.87464676,186800,1.369,1451648.07464676,0.0011594747641456848,0.18526672787120702,0.17669445636138362,0.008572271509823398,False,False
production-ensemble__threshold-0p1__capital-1e+06__volume-0p01__slippage-0p002,2025-11-26,1195918.87464676,186800,1.382,1454076.4746467602,0.0016728572457831437,0.18526672787120702,0.17542198156054772,0.009844746310659291,False,False
production-ensemble__threshold-0p1__capital-1e+06__volume-0p01__slippage-0p002,2025-11-27,1195918.87464676,186800,1.379,1453516.07464676,-0.00038539926184855133,0.18526672787120702,0.17859582183797712,0.006670906033229895,False,False
production-ensemble__threshold-0p1__capital-1e+06__volume-0p01__slippage-0p002,2025-11-28,1195918.87464676,186800,1.393,1456131.27464676,0.0017992233079606734,0.18526672787120702,0.17669445636138362,0.008572271509823398,False,False
production-ensemble__threshold-0p1__capital-1e+06__volume-0p01__slippage-0p002,2025-12-01,1195918.87464676,186800,1.404,1458186.07464676,0.001411136506561661,0.18526672787120702,0.1789118625937993,0.006354865277407723,False,False
production-ensemble__threshold-0p1__capital-1e+06__volume-0p01__slippage-0p002,2025-12-02,1195918.87464676,186800,1.387,1455010.4746467602,-0.0021777741916573223,0.18526672787120702,0.1795432150736655,0.005723512797541519,False,False
production-ensemble__threshold-0p1__capital-1e+06__volume-0p01__slippage-0p002,2025-12-03,1195918.87464676,186800,1.375,1452768.87464676,-0.0015406074657602353,0.18526672787120702,0.17785744642478307,0.007409281446423943,False,False
production-ensemble__threshold-0p1__capital-1e+06__volume-0p01__slippage-0p002,2025-12-04,1195918.87464676,186800,1.394,1456318.07464676,0.00244305894897634,0.18526672787120702,0.1762707346882447,0.00899599318296232,False,False
production-ensemble__threshold-0p1__capital-1e+06__volume-0p01__slippage-0p002,2025-12-05,988053.7578139601,336000,1.394,1456437.75781396,8.218202416321319e-05,0.32087154132143025,0.32096900800512745,9.746668369720046e-05,True,False
production-ensemble__threshold-0p1__capital-1e+06__volume-0p01__slippage-0p002,2025-12-08,988053.7578139601,336000,1.42,1465173.75781396,0.0059981965951723115,0.32087154132143025,0.3220648161232748,0.0011932748018445571,False,False
production-ensemble__threshold-0p1__capital-1e+06__volume-0p01__slippage-0p002,2025-12-09,988053.7578139601,336000,1.414,1463157.75781396,-0.0013759460195409412,0.32087154132143025,0.3240905330570119,0.0032189917355816555,False,False
production-ensemble__threshold-0p1__capital-1e+06__volume-0p01__slippage-0p002,2025-12-10,988053.7578139601,336000,1.415,1463493.75781396,0.00022964030925964884,0.32087154132143025,0.32315709314859775,0.002285551827167498,False,False
production-ensemble__threshold-0p1__capital-1e+06__volume-0p01__slippage-0p002,2025-12-11,988053.7578139601,336000,1.392,1455765.75781396,-0.005280514493989696,0.32087154132143025,0.3251762974643311,0.004304756142900823,False,False
production-ensemble__threshold-0p1__capital-1e+06__volume-0p01__slippage-0p002,2025-12-12,988053.7578139601,336000,1.418,1464501.75781396,0.00600096543905404,0.32087154132143025,0.3214390735319753,0.0005675322105450631,False,False
production-ensemble__threshold-0p1__capital-1e+06__volume-0p01__slippage-0p002,2025-12-15,988053.7578139601,336000,1.389,1454757.75781396,-0.006653457360505155,0.32087154132143025,0.3233128454661406,0.0024413041447103323,False,False
production-ensemble__threshold-0p1__capital-1e+06__volume-0p01__slippage-0p002,2025-12-16,988053.7578139601,336000,1.361,1445349.75781396,-0.006467056078214184,0.32087154132143025,0.3197123100771122,0.0011592312443180486,False,False
production-ensemble__threshold-0p1__capital-1e+06__volume-0p01__slippage-0p002,2025-12-17,988053.7578139601,336000,1.396,1457109.75781396,0.008136438904439602,0.32087154132143025,0.31639123854121226,0.004480302780217993,False,False
production-ensemble__threshold-0p1__capital-1e+06__volume-0p01__slippage-0p002,2025-12-18,988053.7578139601,336000,1.376,1450389.75781396,-0.004611869465538265,0.32087154132143025,0.3200269204447748,0.0008446208766554331,False,False
production-ensemble__threshold-0p1__capital-1e+06__volume-0p01__slippage-0p002,2025-12-19,988053.7578139601,336000,1.38,1451733.75781396,0.00092664747028115,0.32087154132143025,0.3197123100771122,0.0011592312443180486,False,False
production-ensemble__threshold-0p1__capital-1e+06__volume-0p01__slippage-0p002,2025-12-22,988053.7578139601,336000,1.405,1460133.75781396,0.005786184935623995,0.32087154132143025,0.32018411653123147,0.0006874247901987873,False,False
production-ensemble__threshold-0p1__capital-1e+06__volume-0p01__slippage-0p002,2025-12-23,988053.7578139601,336000,1.41,1461813.75781396,0.001150579521231876,0.32087154132143025,0.3233128454661406,0.0024413041447103323,False,False
production-ensemble__threshold-0p1__capital-1e+06__volume-0p01__slippage-0p002,2025-12-24,988053.7578139601,336000,1.423,1466181.75781396,0.0029880687444971965,0.32087154132143025,0.3244011078160199,0.003529566494589631,False,False
production-ensemble__threshold-0p1__capital-1e+06__volume-0p01__slippage-0p002,2025-12-25,988053.7578139601,336000,1.422,1465845.75781396,-0.00022916667610228814,0.32087154132143025,0.32594971022908925,0.0050781689076589975,False,False
production-ensemble__threshold-0p1__capital-1e+06__volume-0p01__slippage-0p002,2025-12-26,988053.7578139601,336000,1.419,1464837.75781396,-0.0006876576165170123,0.32087154132143025,0.3261041800935218,0.005232638772091569,False,False
production-ensemble__threshold-0p1__capital-1e+06__volume-0p01__slippage-0p002,2025-12-29,988053.7578139601,336000,1.417,1464165.75781396,-0.000458753876608764,0.32087154132143025,0.3254858754538968,0.0046143341324665355,False,False
production-ensemble__threshold-0p1__capital-1e+06__volume-0p01__slippage-0p002,2025-12-30,988053.7578139601,336000,1.433,1469541.75781396,0.003671715426555533,0.32087154132143025,0.32471139729309306,0.003839855971662809,False,False
production-ensemble__threshold-0p1__capital-1e+06__volume-0p01__slippage-0p002,2025-12-31,988053.7578139601,336000,1.417,1464165.75781396,-0.0036582832515063,0.32087154132143025,0.3284127613215314,0.0075412200001011565,False,False
production-ensemble__threshold-0p1__capital-1e+06__volume-0p01__slippage-0p002,2026-01-05,988053.7578139601,336000,1.479,1484997.75781396,0.014227897277903079,0.32087154132143025,0.3276449937130368,0.006773452391606538,False,False
production-ensemble__threshold-0p1__capital-1e+06__volume-0p01__slippage-0p002,2026-01-06,988053.7578139601,336000,1.505,1493733.75781396,0.005882837165262833,0.32087154132143025,0.3349438846572476,0.014072343335817361,False,False
production-ensemble__threshold-0p1__capital-1e+06__volume-0p01__slippage-0p002,2026-01-07,692014.3528280201,530700,1.52,1498678.3528280202,0.003310225124252719,0.5375655632600463,0.5377591962248041,0.0001936329647577173,True,False
production-ensemble__threshold-0p1__capital-1e+06__volume-0p01__slippage-0p002,2026-01-08,692014.3528280201,530700,1.531,1504516.05282802,0.0038952320816429964,0.5375655632600463,0.5372670956155849,0.0002984676444613976,False,False
production-ensemble__threshold-0p1__capital-1e+06__volume-0p01__slippage-0p002,2026-01-09,692014.3528280201,530700,1.554,1516722.15282802,0.00811297425312052,0.5375655632600463,0.5382502512816159,0.0006846880215695128,False,False
production-ensemble__threshold-0p1__capital-1e+06__volume-0p01__slippage-0p002,2026-01-12,692014.3528280201,530700,1.594,1537950.15282802,0.01399597148391285,0.5375655632600463,0.5456512079711133,0.008085644711066986,False,False
production-ensemble__threshold-0p1__capital-1e+06__volume-0p01__slippage-0p002,2026-01-13,692014.3528280201,530700,1.549,1514068.65282802,-0.015528136562869777,0.5375655632600463,0.5500411040269887,0.01247554076694235,False,False
production-ensemble__threshold-0p1__capital-1e+06__volume-0p01__slippage-0p002,2026-01-14,692014.3528280201,530700,1.579,1529989.65282802,0.010515375224407597,0.5375655632600463,0.5434239809028413,0.005858417642794933,False,False
production-ensemble__threshold-0p1__capital-1e+06__volume-0p01__slippage-0p002,2026-01-15,692014.3528280201,530700,1.573,1526805.45282802,-0.002081190545383249,0.5375655632600463,0.5464413893369945,0.008875826076948146,False,False
production-ensemble__threshold-0p1__capital-1e+06__volume-0p01__slippage-0p002,2026-01-16,692014.3528280201,530700,1.593,1537419.45282802,0.0069517697754748475,0.5375655632600463,0.5489516020750754,0.011386038815029087,False,False
production-ensemble__threshold-0p1__capital-1e+06__volume-0p01__slippage-0p002,2026-01-19,692014.3528280201,530700,1.586,1533704.5528280202,-0.002416321709190372,0.5375655632600463,0.5494191768666129,0.01185361360656656,False,False
production-ensemble__threshold-0p1__capital-1e+06__volume-0p01__slippage-0p002,2026-01-20,692014.3528280201,530700,1.56,1519906.3528280202,-0.008996648001440177,0.5375655632600463,0.5486393460522672,0.011073782792220821,False,False
production-ensemble__threshold-0p1__capital-1e+06__volume-0p01__slippage-0p002,2026-01-21,692014.3528280201,530700,1.616,1549625.5528280202,0.01955330994222293,0.5375655632600463,0.544062556522885,0.006496993262838702,False,False
production-ensemble__threshold-0p1__capital-1e+06__volume-0p01__slippage-0p002,2026-01-22,692014.3528280201,530700,1.622,1552809.7528280201,0.002054818981391371,0.5375655632600463,0.5575226941061581,0.019957130846111726,False,False
production-ensemble__threshold-0p1__capital-1e+06__volume-0p01__slippage-0p002,2026-01-23,692014.3528280201,530700,1.635,1559708.8528280202,0.004442978276917309,0.5375655632600463,0.5525117382805922,0.014946175020545849,False,False
production-ensemble__threshold-0p1__capital-1e+06__volume-0p01__slippage-0p002,2026-01-26,692014.3528280201,530700,1.615,1549094.8528280202,-0.00680511621175639,0.5375655632600463,0.556318250311089,0.018752687051042605,False,False
production-ensemble__threshold-0p1__capital-1e+06__volume-0p01__slippage-0p002,2026-01-27,692014.3528280201,530700,1.64,1562362.3528280202,0.008564678899925848,0.5375655632600463,0.5518966267932385,0.014331063533192134,False,False
production-ensemble__threshold-0p1__capital-1e+06__volume-0p01__slippage-0p002,2026-01-28,692014.3528280201,530700,1.635,1559708.8528280202,-0.0016983896182578562,0.5375655632600463,0.5578227839816867,0.02025722072164038,False,False
production-ensemble__threshold-0p1__capital-1e+06__volume-0p01__slippage-0p002,2026-01-29,692014.3528280201,530700,1.589,1535296.65282802,-0.015651767287039986,0.5375655632600463,0.5557135661483555,0.0181480028883092,False,False
production-ensemble__threshold-0p1__capital-1e+06__volume-0p01__slippage-0p002,2026-01-30,692014.3528280201,530700,1.588,1534765.9528280203,-0.00034566609587938224,0.5375655632600463,0.5476999785267131,0.010134415266666807,False,False
production-ensemble__threshold-0p1__capital-1e+06__volume-0p01__slippage-0p002,2026-02-02,692014.3528280201,530700,1.528,1502923.95282802,-0.02074713733473621,0.5375655632600463,0.5472288269844622,0.009663263724415838,False,False
production-ensemble__threshold-0p1__capital-1e+06__volume-0p01__slippage-0p002,2026-02-03,1075158.91976458,283100,1.548,1513397.71976458,0.0069689267489894124,0.2898549767716699,0.289971249253814,0.00011627248214413077,True,False
production-ensemble__threshold-0p1__capital-1e+06__volume-0p01__slippage-0p002,2026-02-04,1075158.91976458,283100,1.531,1508585.0197645798,-0.003180062938609951,0.2898549767716699,0.2874400978580349,0.0024148789136349547,False,False
production-ensemble__threshold-0p1__capital-1e+06__volume-0p01__slippage-0p002,2026-02-05,1075158.91976458,283100,1.508,1502073.71976458,-0.004316163765841985,0.2898549767716699,0.28421694247264395,0.005638034299025929,False,False
production-ensemble__threshold-0p1__capital-1e+06__volume-0p01__slippage-0p002,2026-02-06,1075158.91976458,283100,1.499,1499525.81976458,-0.001696254961706667,0.2898549767716699,0.2817803752685522,0.008074601503117673,False,False
production-ensemble__threshold-0p1__capital-1e+06__volume-0p01__slippage-0p002,2026-02-09,1075158.91976458,283100,1.535,1509717.41976458,0.0067965485259866565,0.2898549767716699,0.28677100316924825,0.00308397360242163,False,False
production-ensemble__threshold-0p1__capital-1e+06__volume-0p01__slippage-0p002,2026-02-10,1075158.91976458,283100,1.55,1513963.91976458,0.0028127780367415145,0.2898549767716699,0.2882413562426807,0.001613620528989168,False,False
production-ensemble__threshold-0p1__capital-1e+06__volume-0p01__slippage-0p002,2026-02-11,1075158.91976458,283100,1.533,1509151.21976458,-0.003178873642344371,0.2898549767716699,0.28850804207741076,0.0013469346942591165,False,False
production-ensemble__threshold-0p1__capital-1e+06__volume-0p01__slippage-0p002,2026-02-12,1075158.91976458,283100,1.559,1516511.8197645799,0.004877311102825077,0.2898549767716699,0.2882413562426807,0.001613620528989168,False,False
production-ensemble__threshold-0p1__capital-1e+06__volume-0p01__slippage-0p002,2026-02-13,1075158.91976458,283100,1.548,1513397.71976458,-0.0020534623993127,0.2898549767716699,0.28983847915492844,1.6497616741439902e-05,False,False
production-ensemble__threshold-0p1__capital-1e+06__volume-0p01__slippage-0p002,2026-02-24,1075158.91976458,283100,1.543,1511982.21976458,-0.0009353126290029268,0.2898549767716699,0.29248448201571653,0.002629505244046648,False,False
production-ensemble__threshold-0p1__capital-1e+06__volume-0p01__slippage-0p002,2026-02-25,1075158.91976458,283100,1.552,1514530.11976458,0.0016851388638661202,0.2898549767716699,0.28943987076678956,0.0004151060048803168,False,False
production-ensemble__threshold-0p1__capital-1e+06__volume-0p01__slippage-0p002,2026-02-26,1075158.91976458,283100,1.564,1517927.31976458,0.0022430719308033087,0.2898549767716699,0.2903692618488828,0.000514285077212906,False,False
production-ensemble__threshold-0p1__capital-1e+06__volume-0p01__slippage-0p002,2026-02-27,1075158.91976458,283100,1.566,1518493.51976458,0.000373008636597838,0.2898549767716699,0.28983847915492844,1.6497616741439902e-05,False,False
production-ensemble__threshold-0p1__capital-1e+06__volume-0p01__slippage-0p002,2026-03-02,1075158.91976458,283100,1.544,1512265.31976458,-0.004101565083376557,0.2898549767716699,0.28850804207741076,0.0013469346942591165,False,False
production-ensemble__threshold-0p1__capital-1e+06__volume-0p01__slippage-0p002,2026-03-03,1075158.91976458,283100,1.464,1489617.3197645799,-0.014976208013237957,0.2898549767716699,0.2890408146554905,0.0008141621161794066,False,False
production-ensemble__threshold-0p1__capital-1e+06__volume-0p01__slippage-0p002,2026-03-04,1075158.91976458,283100,1.459,1488201.81976458,-0.0009502440534348011,0.2898549767716699,0.27685713443016996,0.012997842341499921,False,False
production-ensemble__threshold-0p1__capital-1e+06__volume-0p01__slippage-0p002,2026-03-05,1075158.91976458,283100,1.482,1494713.11976458,0.0043752802298211435,0.2898549767716699,0.28164452394263295,0.00821045282903693,False,False
production-ensemble__threshold-0p1__capital-1e+06__volume-0p01__slippage-0p002,2026-03-06,1075158.91976458,283100,1.491,1497261.01976458,0.001704608039033939,0.2898549767716699,0.27932716297032856,0.010527813801341324,False,False
production-ensemble__threshold-0p1__capital-1e+06__volume-0p01__slippage-0p002,2026-03-09,1075158.91976458,283100,1.465,1489900.41976458,-0.004916043296951278,0.2898549767716699,0.2780942615187268,0.011760715252943088,False,False
production-ensemble__threshold-0p1__capital-1e+06__volume-0p01__slippage-0p002,2026-03-10,1075158.91976458,283100,1.495,1498393.41976458,0.005700380969985819,0.2898549767716699,0.2817803752685522,0.008074601503117673,False,False
production-ensemble__threshold-0p1__capital-1e+06__volume-0p01__slippage-0p002,2026-03-11,1075158.91976458,283100,1.477,1493297.61976458,-0.003400842484212685,0.2898549767716699,0.28272989773170826,0.007125079039961624,False,False
production-ensemble__threshold-0p1__capital-1e+06__volume-0p01__slippage-0p002,2026-03-12,1075158.91976458,283100,1.456,1487352.5197645798,-0.003981188961472593,0.2898549767716699,0.27932716297032856,0.010527813801341324,False,False
production-ensemble__threshold-0p1__capital-1e+06__volume-0p01__slippage-0p002,2026-03-13,1075158.91976458,283100,1.45,1485653.91976458,-0.0011420291944432837,0.2898549767716699,0.27575390086963375,0.014101075902036131,False,False
production-ensemble__threshold-0p1__capital-1e+06__volume-0p01__slippage-0p002,2026-03-16,1075158.91976458,283100,1.458,1487918.71976458,0.001524446555062342,0.2898549767716699,0.27575390086963375,0.014101075902036131,False,False
production-ensemble__threshold-0p1__capital-1e+06__volume-0p01__slippage-0p002,2026-03-17,1075158.91976458,283100,1.428,1479425.71976458,-0.0057079730815832175,0.2898549767716699,0.27754495023083603,0.012310026540833852,False,False
production-ensemble__threshold-0p1__capital-1e+06__volume-0p01__slippage-0p002,2026-03-18,1075158.91976458,283100,1.445,1484238.41976458,0.003253086610367939,0.2898549767716699,0.27381512051986284,0.01603985625180704,False,False
production-ensemble__threshold-0p1__capital-1e+06__volume-0p01__slippage-0p002,2026-03-19,1075158.91976458,283100,1.411,1474613.01976458,-0.006485076704540904,0.2898549767716699,0.2727025784464748,0.017152398325195106,False,False
production-ensemble__threshold-0p1__capital-1e+06__volume-0p01__slippage-0p002,2026-03-20,1075158.91976458,283100,1.388,1468101.71976458,-0.004415599152270855,0.2898549767716699,0.27130709787551277,0.01854787889615711,False,False
production-ensemble__threshold-0p1__capital-1e+06__volume-0p01__slippage-0p002,2026-03-23,1075158.91976458,283100,1.329,1451398.8197645799,-0.011377208932551786,0.2898549767716699,0.264533555585764,0.025321421185905857,False,False
production-ensemble__threshold-0p1__capital-1e+06__volume-0p01__slippage-0p002,2026-03-24,1455052.87837628,0,1.359,1455052.87837628,0.002517611673607867,0.0,0.0,0.0,True,False
production-ensemble__threshold-0p1__capital-1e+06__volume-0p01__slippage-0p002,2026-03-25,1074857.30811254,278300,1.385,1460302.80811254,0.003608068005142684,0.26078484939308527,0.2608499949895095,6.514559642423201e-05,True,False
production-ensemble__threshold-0p1__capital-1e+06__volume-0p01__slippage-0p002,2026-03-26,1074857.30811254,278300,1.357,1452510.40811254,-0.005336153540697386,0.26078484939308527,0.26366836773473346,0.0028835183416481835,False,False
production-ensemble__threshold-0p1__capital-1e+06__volume-0p01__slippage-0p002,2026-03-27,1074857.30811254,278300,1.37,1456128.30811254,0.0024907911019387274,0.26078484939308527,0.25672481780757933,0.004060031585505941,False,False
production-ensemble__threshold-0p1__capital-1e+06__volume-0p01__slippage-0p002,2026-03-30,1074857.30811254,278300,1.359,1453067.00811254,-0.002102355941399292,0.26078484939308527,0.25857971498797755,0.0022051344051077226,False,False
production-ensemble__threshold-0p1__capital-1e+06__volume-0p01__slippage-0p002,2026-03-31,1074857.30811254,278300,1.324,1443326.50811254,-0.006703407307177445,0.26078484939308527,0.25985846056693546,0.0009263888261498154,False,False
production-ensemble__threshold-0p1__capital-1e+06__volume-0p01__slippage-0p002,2026-04-01,1450809.05234346,0,1.369,1450809.05234346,0.005184235298709483,0.0,0.0,0.0,True,False
production-ensemble__threshold-0p1__capital-1e+06__volume-0p01__slippage-0p002,2026-04-02,1092335.0399927401,262400,1.33,1441327.0399927401,-0.006535672172298446,0.24655416093556018,0.24665834070383366,0.00010417976827348241,True,False
production-ensemble__threshold-0p1__capital-1e+06__volume-0p01__slippage-0p002,2026-04-03,1441833.5509751402,0,1.324,1441833.5509751402,0.000351419884832449,0.0,0.0,0.0,True,False
production-ensemble__threshold-0p1__capital-1e+06__volume-0p01__slippage-0p002,2026-04-07,1441833.5509751402,0,1.342,1441833.5509751402,0.0,0.0,0.0,0.0,False,False
production-ensemble__threshold-0p1__capital-1e+06__volume-0p01__slippage-0p002,2026-04-08,1441833.5509751402,0,1.425,1441833.5509751402,0.0,0.0,0.0,0.0,False,False
production-ensemble__threshold-0p1__capital-1e+06__volume-0p01__slippage-0p002,2026-04-09,937597.7688081003,357300,1.415,1443177.2688081004,0.000931950731796638,0.34892921991644205,0.34919603092775986,0.0002668110113178135,True,False
production-ensemble__threshold-0p1__capital-1e+06__volume-0p01__slippage-0p002,2026-04-10,937597.7688081003,357300,1.437,1451037.8688081002,0.0054467321304829674,0.34892921991644205,0.35336567272759956,0.00443645281115751,False,False
production-ensemble__threshold-0p1__capital-1e+06__volume-0p01__slippage-0p002,2026-04-13,937597.7688081003,357300,1.448,1454968.1688081003,0.0027086129759166244,0.34892921991644205,0.35240819694039854,0.0034789770239564977,False,False
production-ensemble__threshold-0p1__capital-1e+06__volume-0p01__slippage-0p002,2026-04-14,937597.7688081003,357300,1.479,1466044.4688081003,0.007612743864406024,0.34892921991644205,0.3595209095904799,0.01059168967403784,False,False
production-ensemble__threshold-0p1__capital-1e+06__volume-0p01__slippage-0p002,2026-04-15,937597.7688081003,357300,1.482,1467116.3688081002,0.0007311510822529677,0.34892921991644205,0.36232243810872744,0.013393218192285394,False,False
production-ensemble__threshold-0p1__capital-1e+06__volume-0p01__slippage-0p002,2026-04-16,937597.7688081003,357300,1.498,1472833.1688081003,0.0038966234182531423,0.34892921991644205,0.36139132240222993,0.012462102485787885,False,False
production-ensemble__threshold-0p1__capital-1e+06__volume-0p01__slippage-0p002,2026-04-17,937597.7688081003,357300,1.499,1473190.4688081003,0.00024259366747503286,0.34892921991644205,0.3624773601457639,0.013548140229321881,False,False
production-ensemble__threshold-0p1__capital-1e+06__volume-0p01__slippage-0p002,2026-04-20,937597.7688081003,357300,1.527,1483194.8688081002,0.006790975241710573,0.34892921991644205,0.3637140317707587,0.014784811854316626,False,False
production-ensemble__threshold-0p1__capital-1e+06__volume-0p01__slippage-0p002,2026-04-21,773651.2592059802,464700,1.504,1472560.0592059803,-0.0071702038793231004,0.4776941893143892,0.47775292538846453,5.8736074075360634e-05,True,False
production-ensemble__threshold-0p1__capital-1e+06__volume-0p01__slippage-0p002,2026-04-22,773651.2592059802,464700,1.529,1484177.55920598,0.007889321679866779,0.4776941893143892,0.47329187391260674,0.004402315401782431,False,False
production-ensemble__threshold-0p1__capital-1e+06__volume-0p01__slippage-0p002,2026-04-23,773651.2592059802,464700,1.508,1474418.8592059803,-0.006575156684905381,0.4776941893143892,0.4810089919980931,0.0033148026837039324,False,False
production-ensemble__threshold-0p1__capital-1e+06__volume-0p01__slippage-0p002,2026-04-24,773651.2592059802,464700,1.531,1485106.9592059802,0.007249025562353184,0.4776941893143892,0.4761095228405585,0.0015846664738306537,False,False
production-ensemble__threshold-0p1__capital-1e+06__volume-0p01__slippage-0p002,2026-04-27,773651.2592059802,464700,1.591,1512988.9592059802,0.018774405322905086,0.4776941893143892,0.4824610128398318,0.0047668235254426095,False,False
production-ensemble__threshold-0p1__capital-1e+06__volume-0p01__slippage-0p002,2026-04-28,773651.2592059802,464700,1.568,1502300.8592059803,-0.007064228681225138,0.4776941893143892,0.48676873196976944,0.009074542655380269,False,False
production-ensemble__threshold-0p1__capital-1e+06__volume-0p01__slippage-0p002,2026-04-29,773651.2592059802,464700,1.575,1505553.7592059802,0.0021652786657655465,0.4776941893143892,0.4829432159449817,0.005249026630592513,False,False
production-ensemble__threshold-0p1__capital-1e+06__volume-0p01__slippage-0p002,2026-04-30,773651.2592059802,464700,1.654,1542265.05920598,0.02438391839249965,0.4776941893143892,0.48881734534781246,0.011123156033423287,False,False
production-ensemble__threshold-0p1__capital-1e+06__volume-0p01__slippage-0p002,2026-05-06,773651.2592059802,464700,1.744,1584088.0592059803,0.027117906711530138,0.4776941893143892,0.5080027065202188,0.030308517205829666,False,False
production-ensemble__threshold-0p1__capital-1e+06__volume-0p01__slippage-0p002,2026-05-07,773651.2592059802,464700,1.769,1595705.55920598,0.007333872591541946,0.4776941893143892,0.5127544389828773,0.03506024966848814,False,False
production-ensemble__threshold-0p1__capital-1e+06__volume-0p01__slippage-0p002,2026-05-08,773651.2592059802,464700,1.727,1576188.1592059801,-0.012231203863018236,0.4776941893143892,0.5116109519859832,0.03391676267159399,False,False
production-ensemble__threshold-0p1__capital-1e+06__volume-0p01__slippage-0p002,2026-05-11,773651.2592059802,464700,1.811,1615222.9592059802,0.024765317371540307,0.4776941893143892,0.5162935744971626,0.03859938518277345,False,False
production-ensemble__threshold-0p1__capital-1e+06__volume-0p01__slippage-0p002,2026-05-12,773651.2592059802,464700,1.816,1617546.4592059804,0.001438501097794198,0.4776941893143892,0.5197816673433413,0.04208747802895213,False,False
production-ensemble__threshold-0p1__capital-1e+06__volume-0p01__slippage-0p002,2026-05-13,773651.2592059802,464700,1.865,1640316.7592059802,0.014077060890836712,0.4776941893143892,0.5167148187859255,0.03902062947153634,False,False
production-ensemble__threshold-0p1__capital-1e+06__volume-0p01__slippage-0p002,2026-05-14,773651.2592059802,464700,1.815,1617081.7592059802,-0.014164947025992247,0.4776941893143892,0.5308776594485072,0.053183470134118005,False,False
production-ensemble__threshold-0p1__capital-1e+06__volume-0p01__slippage-0p002,2026-05-15,773651.2592059802,464700,1.787,1604070.1592059801,-0.008046346405137239,0.4776941893143892,0.5204732578249824,0.042779068510593266,False,False
production-ensemble__threshold-0p1__capital-1e+06__volume-0p01__slippage-0p002,2026-05-18,773651.2592059802,464700,1.803,1611505.3592059803,0.004635208726581297,0.4776941893143892,0.5153078095874086,0.037613620273019455,False,False
production-ensemble__threshold-0p1__capital-1e+06__volume-0p01__slippage-0p002,2026-05-19,773651.2592059802,464700,1.871,1643104.9592059802,0.019608746455282988,0.4776941893143892,0.5176948746500339,0.04000068533564477,False,False
production-ensemble__threshold-0p1__capital-1e+06__volume-0p01__slippage-0p002,2026-05-20,773651.2592059802,464700,1.931,1670986.9592059804,0.016969092475671133,0.4776941893143892,0.5272811580929027,0.049586968778513485,False,False
production-ensemble__threshold-0p1__capital-1e+06__volume-0p01__slippage-0p002,2026-05-21,773651.2592059802,464700,1.86,1637993.2592059802,-0.019745037397346343,0.4776941893143892,0.5415987131568617,0.06390452384247253,False,False
production-ensemble__threshold-0p1__capital-1e+06__volume-0p01__slippage-0p002,2026-05-22,773651.2592059802,464700,1.887,1650540.1592059801,0.007659921632450439,0.4776941893143892,0.5294190447579022,0.051724855443513074,False,False
production-ensemble__threshold-0p1__capital-1e+06__volume-0p01__slippage-0p002,2026-05-25,773651.2592059802,464700,1.998,1702121.8592059803,0.031251405615489114,0.4776941893143892,0.5312738954633143,0.0535797061489251,False,False
production-ensemble__threshold-0p1__capital-1e+06__volume-0p01__slippage-0p002,2026-05-26,773651.2592059802,464700,1.968,1688180.8592059803,-0.008190365410443268,0.4776941893143892,0.5436093331698927,0.06591514385550351,False,False
production-ensemble__threshold-0p1__capital-1e+06__volume-0p01__slippage-0p002,2026-05-27,773651.2592059802,464700,1.911,1661692.9592059804,-0.015690202773924522,0.4776941893143892,0.5422289323260855,0.06453474301169632,False,False
production-ensemble__threshold-0p1__capital-1e+06__volume-0p01__slippage-0p002,2026-05-28,1034662.3071935403,326500,1.942,1668725.3071935403,0.004232038144351469,0.3739154274463206,0.37396652447933726,5.109703301664492e-05,True,False
production-ensemble__threshold-0p1__capital-1e+06__volume-0p01__slippage-0p002,2026-05-29,1034662.3071935403,326500,1.844,1636728.3071935403,-0.019174515938643277,0.3739154274463206,0.3802110026618513,0.006295575215530702,False,False
production-ensemble__threshold-0p1__capital-1e+06__volume-0p01__slippage-0p002,2026-06-01,1192624.2523891402,240500,1.754,1614461.2523891402,-0.013604612754929857,0.27069695977564456,0.2707378183349022,4.0858559257617166e-05,True,False
production-ensemble__threshold-0p1__capital-1e+06__volume-0p01__slippage-0p002,2026-06-02,1192624.2523891402,240500,1.781,1620954.7523891402,0.0040220847607155275,0.27069695977564456,0.2615065643215565,0.009190395454088063,False,False
production-ensemble__threshold-0p1__capital-1e+06__volume-0p01__slippage-0p002,2026-06-03,1192624.2523891402,240500,1.823,1631055.7523891402,0.00623151262249122,0.27069695977564456,0.2650091598462294,0.005687799929415149,False,False
production-ensemble__threshold-0p1__capital-1e+06__volume-0p01__slippage-0p002,2026-06-04,1192624.2523891402,240500,1.832,1633220.2523891402,0.0013270545760495356,0.27069695977564456,0.2656622009307082,0.005034758844936371,False,False
production-ensemble__threshold-0p1__capital-1e+06__volume-0p01__slippage-0p002,2026-06-05,1192624.2523891402,240500,1.763,1616625.7523891402,-0.01016060141044961,0.27069695977564456,0.2664226170259129,0.004274342749731652,False,False
production-ensemble__threshold-0p1__capital-1e+06__volume-0p01__slippage-0p002,2026-06-08,1192624.2523891402,240500,1.683,1597385.7523891402,-0.011901332124374497,0.27069695977564456,0.2541759835558954,0.016520976219749184,False,False
production-ensemble__threshold-0p1__capital-1e+06__volume-0p01__slippage-0p002,2026-06-09,1192624.2523891402,240500,1.755,1614701.7523891402,0.010840211873745176,0.27069695977564456,0.25763717576369033,0.013059784011954234,False,False
production-ensemble__threshold-0p1__capital-1e+06__volume-0p01__slippage-0p002,2026-06-10,1192624.2523891402,240500,1.744,1612056.2523891402,-0.001638383061197346,0.27069695977564456,0.2606256930926409,0.010071266683003677,False,False
production-ensemble__threshold-0p1__capital-1e+06__volume-0p01__slippage-0p002,2026-06-11,1192624.2523891402,240500,1.756,1614942.2523891402,0.001790260107687125,0.27069695977564456,0.2583033766584417,0.012393583117202844,False,False
production-ensemble__threshold-0p1__capital-1e+06__volume-0p01__slippage-0p002,2026-06-12,1192624.2523891402,240500,1.756,1614942.2523891402,0.0,0.27069695977564456,0.269017844285321,0.0016791154903235683,False,False
production-ensemble__threshold-0p1__capital-1e+06__volume-0p01__slippage-0p002,2026-06-15,1192624.2523891402,240500,1.844,1636106.2523891402,0.013105112562811438,0.27069695977564456,0.2643549562388731,0.006342003536771446,False,False
production-ensemble__threshold-0p1__capital-1e+06__volume-0p01__slippage-0p002,2026-06-16,1360317.2703868402,149400,1.855,1637454.2703868402,0.0008239183706630904,0.1685206336142793,0.16849003303412818,3.060058015111333e-05,True,False
production-ensemble__threshold-0p1__capital-1e+06__volume-0p01__slippage-0p002,2026-06-17,1360317.2703868402,149400,1.939,1650003.8703868403,0.007664091893714531,0.1685206336142793,0.1671971209809324,0.0013235126333469016,False,False
production-ensemble__threshold-0p1__capital-1e+06__volume-0p01__slippage-0p002,2026-06-18,1360317.2703868402,149400,2.017,1661657.0703868403,0.0070625288880490356,0.1685206336142793,0.17526852249215658,0.006747888877877278,False,False
production-ensemble__threshold-0p1__capital-1e+06__volume-0p01__slippage-0p002,2026-06-22,1110342.8993664803,272500,2.056,1670602.8993664803,0.005383679424032728,0.33208665229384565,0.33209560559612183,8.953302276182296e-06,True,False
production-ensemble__threshold-0p1__capital-1e+06__volume-0p01__slippage-0p002,2026-06-23,1110342.8993664803,272500,2.023,1661610.3993664803,-0.005382787258067179,0.33208665229384565,0.33362482757547407,0.0015381752816284178,False,False
production-ensemble__threshold-0p1__capital-1e+06__volume-0p01__slippage-0p002,2026-06-24,1110342.8993664803,272500,2.096,1681502.8993664803,0.011971819632077718,0.33208665229384565,0.32923692137053784,0.002849730923307814,False,False
production-ensemble__threshold-0p1__capital-1e+06__volume-0p01__slippage-0p002,2026-06-25,1110342.8993664803,272500,2.178,1703847.8993664803,0.013288707386956533,0.33208665229384565,0.3415929207971605,0.009506268503314874,False,False
production-ensemble__threshold-0p1__capital-1e+06__volume-0p01__slippage-0p002,2026-06-26,1110342.8993664803,272500,2.133,1691585.3993664803,-0.007196945222962325,0.33208665229384565,0.3445584069980279,0.01247175470418227,False,False
production-ensemble__threshold-0p1__capital-1e+06__volume-0p01__slippage-0p002,2026-06-29,1110342.8993664803,272500,2.248,1722922.8993664803,0.01852552050386369,0.33208665229384565,0.3446638232394438,0.012577170945598126,False,False
production-ensemble__threshold-0p1__capital-1e+06__volume-0p01__slippage-0p002,2026-06-30,1110342.8993664803,272500,2.344,1749082.8993664803,0.015183500091396462,0.33208665229384565,0.3564630052253129,0.024376352931467227,False,False
production-ensemble__threshold-0p1__capital-1e+06__volume-0p01__slippage-0p002,2026-07-01,1110342.8993664803,272500,2.29,1734367.8993664803,-0.008412980314043361,0.33208665229384565,0.3653834053694946,0.033296753075648944,False,False
production-ensemble__threshold-0p1__capital-1e+06__volume-0p01__slippage-0p002,2026-07-02,1110342.8993664803,272500,2.119,1687770.3993664803,-0.026867137022670295,0.33208665229384565,0.35268029164198716,0.020593639348141513,False,False
production-ensemble__threshold-0p1__capital-1e+06__volume-0p01__slippage-0p002,2026-07-03,1110342.8993664803,272500,2.102,1683137.8993664803,-0.002744745376349056,0.33208665229384565,0.3389223977481208,0.006835745454275122,False,False
production-ensemble__threshold-0p1__capital-1e+06__volume-0p01__slippage-0p002,2026-07-06,1110342.8993664803,272500,2.116,1686952.8993664803,0.0022665997845072727,0.33208665229384565,0.3436081324760089,0.011521480182163257,False,False
production-ensemble__threshold-0p1__capital-1e+06__volume-0p01__slippage-0p002,2026-07-07,1110342.8993664803,272500,2.126,1689677.8993664803,0.0016153385201349568,0.33208665229384565,0.3379556984763204,0.005869046182474746,False,False
production-ensemble__threshold-0p1__capital-1e+06__volume-0p01__slippage-0p002,2026-07-08,1110342.8993664803,272500,2.145,1694855.3993664803,0.003064193478497401,0.33208665229384565,0.3445584069980279,0.01247175470418227,False,False
production-ensemble__threshold-0p1__capital-1e+06__volume-0p01__slippage-0p002,2026-07-09,1110342.8993664803,272500,2.328,1744722.8993664803,0.029422864050018704,0.33208665229384565,0.3470790724846427,0.014992420190797051,False,False
production-ensemble__threshold-0p1__capital-1e+06__volume-0p01__slippage-0p002,2026-07-10,1110342.8993664803,272500,2.209,1712295.3993664803,-0.018586045962814324,0.33208665229384565,0.3641951058432666,0.032108453549420934,False,False
production-ensemble__threshold-0p1__capital-1e+06__volume-0p01__slippage-0p002,2026-07-13,1325846.2289664804,172500,2.1,1688096.2289664804,-0.014132590912148246,0.2194200996484307,0.21937697740759823,4.3122240832471626e-05,True,False
production-ensemble__threshold-0p1__capital-1e+06__volume-0p01__slippage-0p002,2026-07-14,1325846.2289664804,172500,2.125,1692408.7289664804,0.0025546529433575493,0.2194200996484307,0.2141090043431831,0.005311095305247593,False,False
production-ensemble__threshold-0p1__capital-1e+06__volume-0p01__slippage-0p002,2026-07-15,1325846.2289664804,172500,2.028,1675676.2289664804,-0.009886796087501981,0.2194200996484307,0.21723045720378123,0.0021896424446494756,False,False
production-ensemble__threshold-0p1__capital-1e+06__volume-0p01__slippage-0p002,2026-07-16,1325846.2289664804,172500,1.945,1661358.7289664804,-0.008544311694885565,0.2194200996484307,0.2045934680631814,0.0148266315852493,False,False
production-ensemble__threshold-0p1__capital-1e+06__volume-0p01__slippage-0p002,2026-07-17,1325846.2289664804,172500,1.807,1637553.7289664804,-0.014328633295717541,0.2194200996484307,0.20004027667429225,0.019379822974138455,False,False
production-ensemble__threshold-0p1__capital-1e+06__volume-0p01__slippage-0p002,2026-07-20,1325846.2289664804,172500,1.815,1638933.7289664804,0.0008427204406116218,0.2194200996484307,0.19408486588621077,0.02533523376221994,False,False
production-ensemble__threshold-0p1__capital-1e+06__volume-0p01__slippage-0p002,2026-07-21,1325846.2289664804,172500,2.016,1673606.2289664804,0.02115552287880762,0.2194200996484307,0.19247609483930236,0.02694400480912834,False,False
production-ensemble__threshold-0p1__capital-1e+06__volume-0p01__slippage-0p002,2026-07-22,1325846.2289664804,172500,1.955,1663083.7289664804,-0.00628732124551068,0.2194200996484307,0.2034393985925176,0.015980701055913094,False,False
production-ensemble__threshold-0p1__capital-1e+06__volume-0p01__slippage-0p002,2026-07-23,1325846.2289664804,172500,1.888,1651526.2289664804,-0.006949439645580813,0.2194200996484307,0.2040168516393571,0.015403248009073611,False,False
production-ensemble__threshold-0p1__capital-1e+06__volume-0p01__slippage-0p002,2026-07-24,1325846.2289664804,172500,1.885,1651008.7289664804,-0.00031334652209780156,0.2194200996484307,0.19408486588621077,0.02533523376221994,False,False
production-ensemble__threshold-0p1__capital-1e+06__volume-0p01__slippage-0p002,2026-07-27,1325846.2289664804,172500,1.911,1655493.7289664804,0.0027165210706108223,0.2194200996484307,0.19610785841116696,0.023312241237263748,False,False
production-ensemble__threshold-0p1__capital-1e+06__volume-0p01__slippage-0p002,2026-07-28,1325846.2289664804,172500,1.785,1633758.7289664804,-0.013129013791897015,0.2194200996484307,0.1948446801274184,0.024575419521012304,False,False
production-ensemble__threshold-0p1__capital-1e+06__volume-0p01__slippage-0p002,2026-07-29,1325846.2289664804,172500,1.776,1632206.2289664804,-0.000950262711668648,0.2194200996484307,0.1882116337428736,0.031208465905557092,False,False
production-ensemble__threshold-0p1__capital-1e+06__volume-0p01__slippage-0p002,2026-07-30,1325846.2289664804,172500,1.669,1613748.7289664804,-0.011308313663088598,0.2194200996484307,0.18485395766751395,0.03456614198091676,False,False
production-ensemble__threshold-0p1__capital-1e+06__volume-0p01__slippage-0p002,2026-07-31,1325846.2289664804,172500,1.728,1623926.2289664804,0.006306743929408443,0.2194200996484307,0.18881136772955873,0.03060873191887198,False,False
production-ensemble__threshold-0p1__capital-1e+06__volume-0p01__slippage-0p002,2026-08-03,1325846.2289664804,172500,1.636,1608056.2289664804,-0.009772611413573995,0.2194200996484307,0.18094503637041884,0.03847506327801187,False,False
production-ensemble__threshold-0p1__capital-1e+06__volume-0p01__slippage-0p002,2026-08-04,1418635.9764886403,116100,1.706,1616702.5764886404,0.005376893771753988,0.11890493840797611,0.11890609171953845,1.1533115623352241e-06,True,False
production-ensemble__threshold-0p1__capital-1e+06__volume-0p01__slippage-0p002,2026-08-05,1418635.9764886403,116100,1.786,1625990.5764886404,0.005745027029135263,0.11890493840797611,0.12251270139631135,0.0036077629883352336,False,False
production-ensemble__threshold-0p1__capital-1e+06__volume-0p01__slippage-0p002,2026-08-06,1418635.9764886403,116100,1.794,1626919.3764886402,0.0005712210226984649,0.11890493840797611,0.12527662159488603,0.006371683186909921,False,False
production-ensemble__threshold-0p1__capital-1e+06__volume-0p01__slippage-0p002,2026-08-07,1418635.9764886403,116100,1.84,1632259.9764886403,0.0032826457642458617,0.11890493840797611,0.1276496695294257,0.008744731121449578,False,False
production-ensemble__threshold-0p1__capital-1e+06__volume-0p01__slippage-0p002,2026-08-10,1418635.9764886403,116100,1.835,1631679.4764886403,-0.00035564187590308993,0.11890493840797611,0.1308762103323476,0.011971271924371474,False,False
production-ensemble__threshold-0p1__capital-1e+06__volume-0p01__slippage-0p002,2026-08-11,1418635.9764886403,116100,1.806,1628312.5764886404,-0.0020634567318610353,0.11890493840797611,0.12939000855376548,0.010485070145789366,False,False
production-ensemble__threshold-0p1__capital-1e+06__volume-0p01__slippage-0p002,2026-08-12,1418635.9764886403,116100,1.833,1631447.2764886403,0.001925121776532368,0.11890493840797611,0.1290797431917664,0.010174804783790292,False,False
production-ensemble__threshold-0p1__capital-1e+06__volume-0p01__slippage-0p002,2026-08-13,1418635.9764886403,116100,1.812,1629009.1764886403,-0.0014944399583954882,0.11890493840797611,0.1318641957594157,0.012959257351439574,False,False
production-ensemble__threshold-0p1__capital-1e+06__volume-0p01__slippage-0p002,2026-08-14,1418635.9764886403,116100,1.814,1629241.3764886402,0.00014254063350360724,0.11890493840797611,0.13038137385311052,0.011476435445134409,False,False
production-ensemble__threshold-0p1__capital-1e+06__volume-0p01__slippage-0p002,2026-08-17,1418635.9764886403,116100,1.888,1637832.7764886403,0.005273251786986011,0.11890493840797611,0.12914181395433474,0.010236875546358631,False,False
production-ensemble__threshold-0p1__capital-1e+06__volume-0p01__slippage-0p002,2026-08-18,1418635.9764886403,116100,1.888,1637832.7764886403,0.0,0.11890493840797611,0.1337106270867992,0.014805688678823092,False,False
production-ensemble__threshold-0p1__capital-1e+06__volume-0p01__slippage-0p002,2026-08-19,1418635.9764886403,116100,1.761,1623088.0764886402,-0.009002567424258978,0.11890493840797611,0.13118519725860692,0.012280258850630804,False,False
production-ensemble__threshold-0p1__capital-1e+06__volume-0p01__slippage-0p002,2026-08-20,1418635.9764886403,116100,1.744,1621114.3764886402,-0.0012160153405044172,0.11890493840797611,0.12708879624072564,0.008183857832749525,False,False
production-ensemble__threshold-0p1__capital-1e+06__volume-0p01__slippage-0p002,2026-08-21,1418635.9764886403,116100,1.745,1621230.4764886403,7.161740200678501e-05,0.11890493840797611,0.12458727517469165,0.0056823367667155344,False,False
production-ensemble__threshold-0p1__capital-1e+06__volume-0p01__slippage-0p002,2026-08-24,1418635.9764886403,116100,1.691,1614961.0764886404,-0.003867062759379203,0.11890493840797611,0.12471269169077817,0.005807753282802058,False,False
production-ensemble__threshold-0p1__capital-1e+06__volume-0p01__slippage-0p002,2026-08-25,1418635.9764886403,116100,1.693,1615193.2764886403,0.00014378055507369147,0.11890493840797611,0.11998484597334542,0.0010799075653693119,False,False
production-ensemble__threshold-0p1__capital-1e+06__volume-0p01__slippage-0p002,2026-08-26,1418635.9764886403,116100,1.721,1618444.0764886404,0.0020126383927669966,0.11890493840797611,0.12175587095738197,0.0028509325494058546,False,False
production-ensemble__threshold-0p1__capital-1e+06__volume-0p01__slippage-0p002,2026-08-27,1418635.9764886403,116100,1.788,1626222.7764886403,0.00480628284474105,0.11890493840797611,0.12402245579682021,0.005117517388844098,False,False
production-ensemble__threshold-0p1__capital-1e+06__volume-0p01__slippage-0p002,2026-08-28,1418635.9764886403,116100,1.756,1622507.5764886404,-0.0022845578439270042,0.11890493840797611,0.1272134970681936,0.008308558660217485,False,False
production-ensemble__threshold-0p1__capital-1e+06__volume-0p01__slippage-0p002,2026-08-31,1418635.9764886403,116100,1.777,1624945.6764886403,0.0015026740308210496,0.11890493840797611,0.12345690710148083,0.0045519686935047154,False,False
production-ensemble__threshold-0p1__capital-1e+06__volume-0p01__slippage-0p002,2026-09-01,1418635.9764886403,116100,1.74,1620649.9764886403,-0.002643596067335996,0.11890493840797611,0.12658963639031381,0.0076846979823377015,False,False
