trade_date,cash,positions_value,total_value,cash_ratio,daily_return
2021-03-08,200000.0,0.0,200000.0,1.0,0.0
2021-03-09,200000.0,0.0,200000.0,1.0,0.0
2021-03-10,200000.0,0.0,200000.0,1.0,0.0
2021-03-11,200000.0,0.0,200000.0,1.0,0.0
2021-03-12,200000.0,0.0,200000.0,1.0,0.0
2021-03-15,200000.0,0.0,200000.0,1.0,0.0
2021-03-16,200000.0,0.0,200000.0,1.0,0.0
2021-03-17,200000.0,0.0,200000.0,1.0,0.0
2021-03-18,200000.0,0.0,200000.0,1.0,0.0
2021-03-19,200000.0,0.0,200000.0,1.0,0.0
2021-03-22,200000.0,0.0,200000.0,1.0,0.0
2021-03-23,200000.0,0.0,200000.0,1.0,0.0
2021-03-24,200000.0,0.0,200000.0,1.0,0.0
2021-03-25,200000.0,0.0,200000.0,1.0,0.0
2021-03-26,200000.0,0.0,200000.0,1.0,0.0
2021-03-29,200000.0,0.0,200000.0,1.0,0.0
2021-03-30,200000.0,0.0,200000.0,1.0,0.0
2021-03-31,200000.0,0.0,200000.0,1.0,0.0
2021-04-01,200000.0,0.0,200000.0,1.0,0.0
2021-04-02,200000.0,0.0,200000.0,1.0,0.0
2021-04-06,200000.0,0.0,200000.0,1.0,0.0
2021-04-07,200000.0,0.0,200000.0,1.0,0.0
2021-04-08,200000.0,0.0,200000.0,1.0,0.0
2021-04-09,200000.0,0.0,200000.0,1.0,0.0
2021-04-12,200000.0,0.0,200000.0,1.0,0.0
2021-04-13,200000.0,0.0,200000.0,1.0,0.0
2021-04-14,200000.0,0.0,200000.0,1.0,0.0
2021-04-15,200000.0,0.0,200000.0,1.0,0.0
2021-04-16,200000.0,0.0,200000.0,1.0,0.0
2021-04-19,429.9173427843489,204638.06378219608,205067.98112498043,0.0020964625507398547,0.02533990562490218
2021-04-20,429.9173427843489,204316.36904644102,204746.28638922537,0.0020997564857761102,-0.00156872240117778
2021-04-21,429.9173427843489,204798.9111500736,205228.82849285795,0.0020948194556366147,0.002356780736502584
2021-04-22,429.9173427843489,204638.06378219608,205067.98112498043,0.0020964625507398547,-0.0007837464602743482
2021-04-23,429.9173427843489,206688.86772263466,207118.785065419,0.002075704251782659,0.010000605307508792
2021-04-26,429.9173427843489,204115.30983659404,204545.2271793784,0.0021018204565943143,-0.01242551652293522
2021-04-27,429.9173427843489,204638.06378219608,205067.98112498043,0.0020964625507398547,0.002555688797097222
2021-04-28,429.9173427843489,206166.11377703265,206596.031119817,0.0020809564465205767,0.007451431405594677
2021-04-29,429.9173427843489,208015.85850762436,208445.7758504087,0.0020624900698053934,0.008953437878576498
2021-04-30,429.9173427843489,206206.32561900205,206636.2429617864,0.0020805514880748886,-0.00868107248151162
2021-05-06,429.9173427843489,203512.13220705328,203942.04954983763,0.0021080367865935826,-0.0130383391283736
2021-05-07,429.9173427843489,201059.2098469209,201489.12718970524,0.002133699960790315,-0.01202754589132915
2021-05-10,429.9173427843489,201018.99800495146,201448.9153477358,0.0021341258752485062,-0.00019957326000807907
2021-05-11,429.9173427843489,202064.5058961555,202494.42323893984,0.0021231070757788428,0.005189940533555593
2021-05-12,429.9173427843489,203311.0729972064,203740.99033999073,0.0021101170759351305,0.006156056453860748
2021-05-13,429.9173427843489,201099.42168889026,201529.3390316746,0.0021332742163004776,-0.010855210356175538
2021-05-14,429.9173427843489,206166.11377703265,206596.031119817,0.0020809564465205767,0.025141213247099614
2021-05-17,429.9173427843489,208619.0361371651,209048.95347994944,0.0020565390815294547,0.011873037186807656
2021-05-18,429.9173427843489,208699.45982110387,209129.37716388822,0.0020557482101017112,0.00038471220544278317
2021-05-19,429.9173427843489,208136.49403353248,208566.41137631683,0.002061297118492623,-0.0026919498121500407
2021-05-20,429.9173427843489,208699.45982110387,209129.37716388822,0.0020557482101017112,0.002699215966062818
2021-05-21,429.9173427843489,206487.80851278774,206917.7258555721,0.0020777211860738783,-0.010575517119160716
2021-05-24,429.9173427843489,207613.7400879305,208043.65743071484,0.0020664765659944477,0.005441445726735994
2021-05-25,429.9173427843489,214208.48217090947,214638.39951369382,0.0020029842924584444,0.03169883746720448
2021-05-26,429.9173427843489,214248.6940128789,214678.61135566325,0.002002609109819955,0.0001873469149067386
2021-05-27,429.9173427843489,215012.7190102972,215442.63635308156,0.0019955072499195196,0.003558924629675886
2021-05-28,429.9173427843489,214409.5413807564,214839.45872354074,0.0020011097837365818,-0.0027997133703483446
2021-05-31,429.9173427843489,214650.81243257274,215080.7297753571,0.0019988649993580537,0.0011230295088706654
2021-06-01,429.9173427843489,214972.50716832778,215402.42451111213,0.0019958797760058194,0.0014956929711509304
2021-06-02,429.9173427843489,213243.39796364427,213673.31530642862,0.0020120310398507413,-0.008027343279018218
2021-06-03,429.9173427843489,211594.7124428995,212024.62978568385,0.0020276764223991933,-0.007715916788113564
2021-06-04,429.9173427843489,212921.7032278892,213351.62057067355,0.0020150648100745834,0.006258663374774098
2021-06-07,429.9173427843489,212680.43217607288,213110.34951885723,0.002017346148392044,-0.0011308611163626248
2021-06-08,429.9173427843489,210991.53481335877,211421.45215614312,0.0020334613086794894,-0.007924989877437505
2021-06-09,429.9173427843489,211313.2295491138,211743.14689189816,0.002030371934558221,0.0015215803906099001
2021-06-10,429.9173427843489,212680.43217607288,213110.34951885723,0.002017346148392044,0.006456891979871537
2021-06-11,429.9173427843489,210710.05191957307,211139.96926235742,0.0020361722334540267,-0.009245821523677145
2021-06-15,429.9173427843489,208337.5532433794,208767.47058616375,0.002059311930049518,-0.01123661561798217
2021-06-16,429.9173427843489,205482.51246355317,205912.42980633752,0.0020878649394244437,-0.013675697520356134
2021-06-17,429.9173427843489,205924.84272521638,206354.76006800073,0.002083389511551257,0.002148147453163496
2021-06-18,429.9173427843489,206125.9019350633,206555.81927784765,0.0020813615626391405,0.0009743376396098569
2021-06-21,429.9173427843489,205844.41904127758,206274.33638406193,0.0020842017980554125,-0.0013627449217835652
2021-06-22,429.9173427843489,206889.92693248155,207319.8442752659,0.002073691229545457,0.005068531110226759
2021-06-23,429.9173427843489,208136.49403353248,208566.41137631683,0.002061297118492623,0.006012772705905611
2021-06-24,429.9173427843489,208659.2479791345,209089.16532191884,0.0020561435697657384,0.0025064148256299656
2021-06-25,429.9173427843489,211916.4071786546,212346.32452143895,0.0020246045875917363,0.015577847826334201
2021-06-28,429.9173427843489,212278.31375637904,212708.2310991634,0.0020211598797223967,0.0017043223071557811
2021-06-29,429.9173427843489,210106.87429003228,210536.79163281663,0.0020420057674961603,-0.010208535208656055
2021-06-30,429.9173427843489,211353.44139108324,211783.3587338676,0.00202998642270375,0.005920899104537636
2021-07-01,429.9173427843489,211273.01770714443,211702.93504992878,0.002030757592864528,-0.0003797450584389628
2021-07-02,429.9173427843489,205603.1479894613,206033.06533224563,0.002086642462417724,-0.026782197026913868
2021-07-05,429.9173427843489,205884.63088324698,206314.54822603133,0.0020837955756437777,0.0013662025235210429
2021-07-06,429.9173427843489,206166.11377703265,206596.031119817,0.0020809564465205767,0.0013643385607362557
2021-07-07,429.9173427843489,208297.34140141,208727.25874419435,0.002059708661776821,0.010315917555750787
2021-07-08,429.9173427843489,206528.0203547571,206957.93769754146,0.002077317485704034,-0.008476712899397887
2021-07-09,429.9173427843489,205562.9361474919,205992.85349027626,0.0020870497956602305,-0.0046631901052068825
2021-07-12,429.9173427843489,208297.34140141,208727.25874419435,0.002059708661776821,0.013274272420558342
2021-07-13,429.9173427843489,208940.73087292016,209370.6482157045,0.002053379241303326,0.0030824410543266456
2021-07-14,429.9173427843489,206648.6558806653,207078.57322344964,0.002076107325311941,-0.010947451382456674
2021-07-15,429.9173427843489,209383.0611345834,209812.97847736775,0.0020490502823242818,0.01320467497604172
2021-07-16,429.9173427843489,207332.2571941448,207762.17453692915,0.002069276295083888,-0.009774437955752169
2021-07-19,429.9173427843489,208216.91771747125,208646.8350602556,0.002060502583996503,0.004258044205102562
2021-07-20,429.9173427843489,207694.16377186927,208124.0811146536,0.0020656780343813815,-0.002505448718889136
2021-07-21,429.9173427843489,209262.42560867523,209692.34295145958,0.0020502290962711397,0.007535225277184532
2021-07-22,429.9173427843489,209463.48481852215,209893.4021613065,0.002048265159158983,0.0009588295262334956
2021-07-23,429.9173427843489,207372.46903611417,207802.38637889852,0.0020688758694063065,-0.00996227494945745
2021-07-26,429.9173427843489,200335.39669147195,200765.3140342563,0.002141392525159962,-0.033864251836892345
2021-07-27,429.9173427843489,193378.7480307685,193808.66537355285,0.0022182565570827953,-0.034650650159202545
2021-07-28,429.9173427843489,193780.86645046232,194210.78379324666,0.0022136635998649345,0.0020748216748656123
2021-07-29,429.9173427843489,197279.29670179874,197709.2140445831,0.002174493206408697,0.018013573618346435
2021-07-30,429.9173427843489,195912.09407483967,196342.01141762402,0.0021896350133130942,-0.006915219574191278
2021-08-02,429.9173427843489,200777.7269531352,201207.64429591954,0.002136684937039778,0.02478141505816711
2021-08-03,429.9173427843489,200858.15063707397,201288.06797985832,0.0021358312348020952,0.0003997049129031982
2021-08-04,429.9173427843489,202627.47168372685,203057.3890265112,0.0021172208745785597,0.008789994679813562
2021-08-05,429.9173427843489,201421.11642464536,201851.0337674297,0.002129874367052756,-0.005940957208525832
2021-08-06,429.9173427843489,200777.7269531352,201207.64429591954,0.002136684937039778,-0.003187446997430121
2021-08-09,429.9173427843489,202989.37826145132,203419.29560423567,0.0021134540924808757,0.010991885104839394
2021-08-10,429.9173427843489,205281.45325370625,205711.3705964906,0.002089905587317511,0.011267736354344082
2021-08-11,429.9173427843489,204195.73352053284,204625.6508633172,0.0021009943815475936,-0.005277879049783163
2021-08-12,429.9173427843489,202908.95457751254,203338.8719202969,0.0021142899964196925,-0.006288453757343548
2021-08-13,429.9173427843489,201823.2348443392,202253.15218712355,0.0021256397644996484,-0.005339459803823998
2021-08-16,429.9173427843489,201702.59931843102,202132.51666121537,0.002126908376176371,-0.00059645807545472
2021-08-17,429.9173427843489,197198.87301786,197628.79036064434,0.0021753781015398164,-0.022281057867198584
2021-08-18,429.9173427843489,199330.10064223735,199760.0179850217,0.002152169123335705,0.010783993670599124
2021-08-19,429.9173427843489,197962.8980152783,198392.81535806265,0.0021670005640497965,-0.006844225590035502
2021-08-20,429.9173427843489,194343.8322380337,194773.74958081805,0.0022072653204530624,-0.018241919550931573
2021-08-23,429.9173427843489,197239.08485982937,197669.00220261372,0.002174935563967066,0.014864696233587216
2021-08-24,429.9173427843489,199330.10064223735,199760.0179850217,0.002152169123335705,0.010578369694326906
2021-08-25,429.9173427843489,199893.06642980874,200322.98377259308,0.0021461209027936186,0.00281821053707354
2021-08-26,429.9173427843489,196475.0598624111,196904.97720519544,0.0021833746860361503,-0.017062478318902063
2021-08-27,429.9173427843489,196997.81380801307,197427.73115079742,0.0021775934934691286,0.002654853894613396
2021-08-30,429.9173427843489,196274.00065256417,196703.9179953485,0.002185606403602572,-0.003666218272528554
2021-08-31,429.9173427843489,196193.57696862536,196623.4943114097,0.0021865003685849027,-0.0004088565431661362
2021-09-01,429.9173427843489,199008.40590648225,199438.3232492666,0.002155640579905095,0.014315832132445028
2021-09-02,429.9173427843489,198847.55853860473,199277.47588138908,0.0021573805111835005,-0.0008065018059567608
2021-09-03,429.9173427843489,197761.83880543138,198191.75614821573,0.0021691989169460683,-0.005448281238866981
2021-09-06,429.9173427843489,201139.63353085963,201569.55087364398,0.0021328486416772696,0.017043063702923078
2021-09-07,429.9173427843489,203672.97957493085,204102.8969177152,0.0021063755060648235,0.012568098867568045
2021-09-08,429.9173427843489,202828.53089357377,203258.44823635812,0.0021151265618461357,-0.004137367446075624
2021-09-09,429.9173427843489,202748.107209635,203178.02455241935,0.0021159637895457116,-0.0003956720354632015
2021-09-10,429.9173427843489,204718.48746613486,205148.4048089192,0.0020956406811195316,0.00969780201791215
2021-09-13,429.9173427843489,203632.76773296145,204062.6850757458,0.0021067905806726414,-0.005292362542056672
2021-09-14,429.9173427843489,200978.78616298208,201408.70350576643,0.002134551959776853,-0.013005717184375154
2021-09-15,429.9173427843489,198847.55853860473,199277.47588138908,0.0021573805111835005,-0.010581606391783072
2021-09-16,429.9173427843489,196595.69538831923,197025.61273110358,0.0021820378418063394,-0.011300138865798504
2021-09-17,429.9173427843489,198163.95722512522,198593.87456790957,0.0021648066624398213,0.00795968511437306
2021-09-22,429.9173427843489,196836.96644013553,197266.88378291987,0.0021793690585057684,-0.006681932098242749
2021-09-23,429.9173427843489,198003.10985724768,198433.02720003203,0.002166561428057877,0.005911501184331591
2021-09-24,429.9173427843489,198284.59275103334,198714.5100938177,0.0021634924524705067,0.0014185284463856807
2021-09-27,429.9173427843489,199571.37169405367,200001.28903683802,0.002149572859528735,0.006475515765873352
2021-09-28,429.9173427843489,199209.46511632917,199639.38245911352,0.00215346960849469,-0.001809521225924926
2021-09-29,429.9173427843489,197882.47433133953,198312.39167412388,0.0021678793702957755,-0.0066469389388209565
2021-09-30,429.9173427843489,198445.44011891086,198875.3574616952,0.002161742652641889,0.002838782704494003
2021-10-08,429.9173427843489,201300.48089873718,201730.39824152153,0.002131148039819119,0.014355930348868062
2021-10-11,429.9173427843489,201260.2690567678,201690.18639955216,0.0021315729359914137,-0.000199334568909304
2021-10-12,429.9173427843489,199169.25327435983,199599.17061714418,0.00215390345288049,-0.010367464177288399
2021-10-13,429.9173427843489,201421.11642464536,201851.0337674297,0.002129874367052756,0.011281926389387964
2021-10-14,429.9173427843489,200335.39669147195,200765.3140342563,0.002141392525159962,-0.0053788168081634335
2021-10-15,429.9173427843489,201300.48089873718,201730.39824152153,0.002131148039819119,0.004807026611681309
2021-10-18,429.9173427843489,198968.1940645129,199398.11140729726,0.0021560752995608136,-0.011561404996741964
2021-10-19,429.9173427843489,200858.15063707397,201288.06797985832,0.0021358312348020952,0.00947830728797916
2021-10-20,429.9173427843489,200295.18484950258,200725.10219228693,0.0021418215165361063,-0.0027968164890316283
2021-10-21,429.9173427843489,201179.845372829,201609.76271561335,0.00213242323681905,0.004407323815827313
2021-10-22,429.9173427843489,202506.83615781867,202936.75350060302,0.002118479454156989,0.006581976820544622
2021-10-25,429.9173427843489,203190.43747129824,203620.3548140826,0.002111367221498503,0.0033685436555361825
2021-10-26,429.9173427843489,202506.83615781867,202936.75350060302,0.002118479454156989,-0.0033572346640086126
2021-10-27,429.9173427843489,199852.85458783936,200282.7719306237,0.002146551790951189,-0.013077875368551317
2021-10-28,429.9173427843489,199008.40590648225,199438.3232492666,0.002155640579905095,-0.004216282175531383
2021-10-29,429.9173427843489,200295.18484950258,200725.10219228693,0.0021418215165361063,0.0064520144476547525
2021-11-01,429.9173427843489,199651.7953779924,200081.71272077676,0.002148708829698586,-0.0032053264115109448
2021-11-02,429.9173427843489,197560.77959558446,197990.6969383688,0.0021714017346894585,-0.010450809091813729
2021-11-03,429.9173427843489,196756.54275619678,197186.46009898113,0.0021802579272864092,-0.004061993072523085
2021-11-04,429.9173427843489,198646.4993287578,199076.41667154216,0.0021595593791185878,0.00958461636570962
2021-11-05,429.9173427843489,197962.8980152783,198392.81535806265,0.0021670005640497965,-0.003433863864484743
2021-11-08,429.9173427843489,197802.05064740073,198231.96799018508,0.0021687588896137835,-0.0008107519800415464
2021-11-09,429.9173427843489,197721.62696346198,198151.54430624633,0.0021696391228720625,-0.0004057049160846038
2021-11-10,429.9173427843489,196716.33091422738,197146.24825701173,0.0021807026336300487,-0.005073369742104594
2021-11-11,429.9173427843489,199933.27827177814,200363.1956145625,0.002145690187590032,0.01631756823166608
2021-11-12,429.9173427843489,199852.85458783936,200282.7719306237,0.002146551790951189,-0.00040138950515389293
2021-11-15,429.9173427843489,199611.58353602304,200041.5008788074,0.002149140757771103,-0.0012046520501518554
2021-11-16,429.9173427843489,199450.7361681455,199880.65351092984,0.002150870207960573,-0.0008040699913314242
2021-11-17,429.9173427843489,199410.5243261761,199840.44166896044,0.00215130300550734,-0.00020117926003881959
2021-11-18,429.9173427843489,197641.2032795232,198071.12062230756,0.0021705200709402654,-0.008853668616204291
2021-11-19,429.9173427843489,199852.85458783936,200282.7719306237,0.002146551790951189,0.011165945350172679
2021-11-22,429.9173427843489,200375.60853344132,200805.52587622567,0.002140963705597152,0.0026100794419954276
2021-11-23,429.9173427843489,200496.2440593495,200926.16140213385,0.0021396782767571605,0.0006007579989733003
2021-11-24,429.9173427843489,200938.5743210127,201368.49166379706,0.002134978214477242,0.002201456786794065
2021-11-25,429.9173427843489,200174.5493235944,200604.46666637875,0.0021431095225777587,-0.0037941635809336516
2021-11-26,429.9173427843489,198485.6519608803,198915.56930366464,0.0021613056448489295,-0.008419041663328852
2021-11-29,429.9173427843489,198204.1690670946,198634.08640987895,0.0021643684150826955,-0.0014150872894015398
2021-11-30,429.9173427843489,197480.35591164566,197910.27325443,0.002172284114992124,-0.0036439523977539467
2021-12-01,429.9173427843489,198003.10985724768,198433.02720003203,0.002166561428057877,0.0026413684191621822
2021-12-02,429.9173427843489,198405.22827694152,198835.14561972587,0.002162179837193219,0.002026469209122528
2021-12-03,429.9173427843489,200214.7611655638,200644.67850834815,0.0021426800151416,0.009100669215104551
2021-12-06,429.9173427843489,200013.70195571688,200443.61929850123,0.0021448292756284485,-0.0010020659971730073
2021-12-07,429.9173427843489,201139.63353085963,201569.55087364398,0.0021328486416772696,0.005617198387672273
2021-12-08,429.9173427843489,204034.8861526553,204464.80349543964,0.0021026471814936977,0.014363541562934623
2021-12-09,429.9173427843489,207412.68087808357,207842.59822086792,0.0020684755986714954,0.01652017690909635
2021-12-10,429.9173427843489,206809.50324854278,207239.42059132713,0.002074495969722571,-0.0029020885742575553
2021-12-13,429.9173427843489,207332.2571941448,207762.17453692915,0.002069276295083888,0.002522463844525369
2021-12-14,429.9173427843489,206085.6900930939,206515.60743587825,0.0020817668365226845,-0.005999971379917035
2021-12-15,429.9173427843489,204235.9453625022,204665.86270528656,0.0021005815874795813,-0.008956924629369811
2021-12-16,429.9173427843489,205321.6650956756,205751.58243845994,0.002089497138681481,0.005304840381401554
2021-12-17,429.9173427843489,202386.2006319106,202816.11797469493,0.0021197395309478758,-0.014267032257907375
2021-12-20,429.9173427843489,199370.31248420675,199800.2298269911,0.002151735977263982,-0.014870061501128462
2021-12-21,429.9173427843489,200214.7611655638,200644.67850834815,0.0021426800151416,0.004226465015021663
2021-12-22,429.9173427843489,200335.39669147195,200765.3140342563,0.002141392525159962,0.0006012395983037155
2021-12-23,429.9173427843489,201863.44668630854,202293.3640290929,0.002125217230173305,0.0076111254684954055
2021-12-24,429.9173427843489,200938.5743210127,201368.49166379706,0.002134978214477242,-0.0045719362557182786
2021-12-27,429.9173427843489,201099.42168889026,201529.3390316746,0.0021332742163004776,0.0007987712801966751
2021-12-28,429.9173427843489,202144.92958009423,202574.84692287858,0.0021222641868663037,0.005187869400195222
2021-12-29,429.9173427843489,199450.7361681455,199880.65351092984,0.002150870207960573,-0.01329974304743986
2021-12-30,429.9173427843489,200898.36247904334,201328.2798218277,0.00213540463945164,0.007242453361393952
2021-12-31,429.9173427843489,201380.90458267592,201810.82192546027,0.0021302987554509874,0.0023967924628354176
2022-01-04,429.9173427843489,200657.09142722705,201087.0087700114,0.0021379667707726304,-0.0035865923766774666
2022-01-05,429.9173427843489,198767.13485466596,199197.0521974503,0.00215825153054073,-0.009398700513381653
2022-01-06,429.9173427843489,196515.27170438043,196945.18904716478,0.0021829288893235746,-0.011304701176267473
2022-01-07,429.9173427843489,196997.81380801307,197427.73115079742,0.0021775934934691286,0.002450133999044146
2022-01-10,429.9173427843489,197520.56775361506,197950.4850963994,0.0021718428352170216,0.0026478243079373076
2022-01-11,429.9173427843489,195711.03486499278,196140.95220777713,0.002191879553684059,-0.009141341016371207
2022-01-12,429.9173427843489,197802.05064740073,198231.96799018508,0.0021687588896137835,0.010660781233451377
2022-01-13,429.9173427843489,194544.89144788063,194974.80879066497,0.002204989175016606,-0.01643104910143134
2022-01-14,429.9173427843489,192775.5704012277,193205.48774401206,0.0022251818403521157,-0.009074613575092871
2022-01-17,429.9173427843489,194424.25592197248,194854.17326475683,0.0022063542986077156,0.008533326563317845
2022-01-18,429.9173427843489,196274.00065256417,196703.9179953485,0.002185606403602572,0.009492969535111584
2022-01-19,429.9173427843489,195228.4927613602,195658.41010414454,0.0021972852715889577,-0.005315135061156773
2022-01-20,429.9173427843489,196780.51843603206,197210.4357788164,0.0021799928644066664,0.007932322836752936
2022-01-21,429.9173427843489,195391.86388500984,195821.78122779418,0.0021954521100195573,-0.007041486144169773
2022-01-24,429.9173427843489,195473.54944683466,195903.466789619,0.0021945366757906213,0.0004171423695191745
2022-01-25,429.9173427843489,191144.2146701183,191574.13201290264,0.00224413044844381,-0.0220993270188814
2022-01-26,429.9173427843489,192206.12697384122,192636.04431662557,0.0022317596081744533,0.005543088164175591
2022-01-27,429.9173427843489,188897.86171993532,189327.77906271967,0.0022707568055394963,-0.017173656496331957
2022-01-28,429.9173427843489,185998.0242751536,186427.94161793796,0.0023060778285339525,-0.015316492165796003
2022-02-07,429.9173427843489,188938.70450084776,189368.6218436321,0.0022702670516308965,0.015773816951327513
2022-02-08,429.9173427843489,188040.1633207745,188470.08066355885,0.002281090671106581,-0.004744931717437395
2022-02-09,429.9173427843489,189633.03177635884,190062.9491191432,0.0022619734397304873,0.008451571994749552
2022-02-10,429.9173427843489,189183.76118632223,189613.67852910658,0.0022673329588843694,-0.0023637988998843618
2022-02-11,429.9173427843489,187713.42107347515,188143.3384162595,0.0022850521650316113,-0.007754398966640874
2022-02-14,429.9173427843489,185712.12480876668,186142.04215155102,0.002309619781834797,-0.010637082777178564
2022-02-15,429.9173427843489,187427.52160708825,187857.4389498726,0.0022885297765560773,0.009215525834432192
2022-02-16,429.9173427843489,188285.22000624906,188715.1373490334,0.002278128553032849,0.00456568770422594
2022-02-17,429.9173427843489,188693.64781537323,189123.56515815758,0.0022732087480733755,0.0021642556864358564
2022-02-18,429.9173427843489,189673.87455727125,190103.7919000556,0.002261487466859009,0.005182996318191746
2022-02-21,429.9173427843489,188979.54728176014,189409.4646245445,0.00226977750893573,-0.0036523588960084563
2022-02-22,429.9173427843489,186528.98042701505,186958.8977697994,0.0022995286552967473,-0.012937932429103793
2022-02-23,429.9173427843489,188489.43391081115,188919.3512535955,0.002275665991501581,0.010486013274479067
2022-02-24,429.9173427843489,185017.7975332556,185447.71487603994,0.0023182671356814584,-0.018376287841976535
2022-02-25,429.9173427843489,186447.29486519023,186877.21220797457,0.002300533798127812,0.007708357759437234
2022-02-28,429.9173427843489,186692.3515506647,187122.26889344904,0.0022975210023193546,0.0013113245996079215
2022-03-01,429.9173427843489,188244.37722533662,188674.29456812097,0.0022786217050310845,0.008294179435990534
2022-03-02,429.9173427843489,186814.87989340196,187244.7972361863,0.0022960175616632003,-0.007576534658347622
2022-03-03,429.9173427843489,185630.43924694185,186060.3565897262,0.0023106337677957986,-0.006325626473701607
2022-03-04,429.9173427843489,183547.4574204085,183977.37476319284,0.002336794637589098,-0.01119519420854631
2022-03-07,429.9173427843489,177502.72584537056,177932.6431881549,0.002416180275193983,-0.0328558420991627
2022-03-08,429.9173427843489,174153.61781055227,174583.53515333662,0.00246253085897678,-0.018822336221222646
2022-03-09,429.9173427843489,172519.90657405552,172949.82391683987,0.0024857923127523255,-0.009357762374681333
2022-03-10,429.9173427843489,174970.47342880061,175400.39077158496,0.002451062628156903,0.014169235904648358
2022-03-11,429.9173427843489,176114.07129434837,176543.98863713272,0.002435185395454036,0.006519927695241012
2022-03-14,429.9173427843489,170396.08196660975,170825.9993093941,0.0025166973676278488,-0.0323884680066413
2022-03-15,429.9173427843489,162268.3685650385,162698.28590782284,0.002642420849030455,-0.047578901539751195
2022-03-16,429.9173427843489,169334.16966288685,169764.0870056712,0.0025324398721031432,0.04342886010398117
2022-03-17,429.9173427843489,172764.96325953002,173194.88060231437,0.0024822751185787878,0.020209183562649224
2022-03-18,429.9173427843489,173908.56112507774,174338.4784678621,0.002465992284449131,0.006602954207252987
2022-03-21,429.9173427843489,173663.50443960322,174093.42178238757,0.0024694634546372166,-0.0014056373993174276
2022-03-22,429.9173427843489,173500.13331595357,173930.05065873792,0.0024717830021672026,-0.00093841066467093
2022-03-23,429.9173427843489,174521.202838764,174951.12018154835,0.002457356902534947,0.005870575665005928
2022-03-24,429.9173427843489,173418.44775412875,173848.3650969131,0.002472944410749495,-0.006303218198836946
2022-03-25,429.9173427843489,170273.5536238725,170703.47096665684,0.002518503814537689,-0.018089868883743088
2022-03-28,429.9173427843489,169252.48410106203,169682.40144384638,0.0025336589954299002,-0.005981539315096263
2022-03-29,429.9173427843489,168517.3140446385,168947.23138742286,0.002544684155246558,-0.004332624068070001
2022-03-30,429.9173427843489,173540.97609686598,173970.89343965033,0.0024712027068682333,0.029735095455381666
2022-03-31,429.9173427843489,172274.849888581,172704.76723136535,0.0024893194882594444,-0.007277804828450751
2022-04-01,429.9173427843489,174357.83171511436,174787.7490578987,0.002459653752059809,0.012060939949288585
2022-04-06,429.9173427843489,173867.7183441653,174297.63568694965,0.0024665701349874274,-0.0028040487596571184
2022-04-07,429.9173427843489,171743.89373671956,172173.8110795039,0.002496996146445454,-0.012185045420009422
2022-04-08,429.9173427843489,172887.49160226726,173317.4089450516,0.0024805202512613693,0.006642112748608486
2022-04-11,429.9173427843489,167496.24452182805,167926.1618646124,0.0025601570238410047,-0.031106206313922247
2022-04-12,429.9173427843489,170355.23918569734,170785.1565284817,0.002517299228593393,0.017025308219539514
2022-04-13,429.9173427843489,169048.27019649994,169478.1875392843,0.002536711945215345,-0.007652708325266211
2022-04-14,429.9173427843489,170845.35255664636,171275.2698994307,0.0025100958418386226,0.010603620361055999
2022-04-15,429.9173427843489,170763.6669948215,171193.58433760586,0.002511293542032051,-0.0004769256056219584
2022-04-18,429.9173427843489,169946.8113765731,170376.72871935746,0.0025233337088687953,-0.004771531721875166
2022-04-19,429.9173427843489,168844.05629193786,169273.9736347222,0.002539772261222338,-0.006472451331376972
2022-04-20,429.9173427843489,165985.06162806856,166414.9789708529,0.0025834053247072645,-0.016889747445988035
2022-04-21,429.9173427843489,163207.7525260241,163637.66986880844,0.0026272516782292372,-0.016689057194370194
2022-04-22,429.9173427843489,163616.18033514832,164046.09767793267,0.002620710573855857,0.0024959277986034145
2022-04-25,429.9173427843489,155733.52361905153,156163.44096183588,0.0027529960926604745,-0.048051473504554854
2022-04-26,429.9173427843489,154508.24019167895,154938.1575344633,0.002774767362834563,-0.007846160534282887
2022-04-27,429.9173427843489,158837.57496839532,159267.49231117967,0.00269934144467076,0.027942340644869113
2022-04-28,429.9173427843489,159899.48727211822,160329.40461490257,0.0026814628534109096,0.0066674767607197705
2022-04-29,429.9173427843489,163983.76536336006,164413.6827061444,0.002614851365824203,0.025474292136566712
2022-05-05,429.9173427843489,163371.12364967377,163801.04099245812,0.0026246313221180537,-0.003726220978708117
2022-05-06,429.9173427843489,159409.3739011692,159839.29124395354,0.002689684991959772,-0.02418635269043856
2022-05-09,429.9173427843489,158102.4049119718,158532.32225475615,0.002711859238985259,-0.008176769172497433
2022-05-10,429.9173427843489,159940.33005303063,160370.24739581498,0.002680779943696514,0.011593378024863377
2022-05-11,429.9173427843489,162186.68300321363,162616.60034599798,0.0026437481897273545,0.0140072924165211
2022-05-12,429.9173427843489,161369.8273849653,161799.74472774964,0.0026570953094378737,-0.005023199455100658
2022-05-13,429.9173427843489,162635.95359325025,163065.8709360346,0.0026364642724840404,0.00782526703249986
2022-05-16,429.9173427843489,161369.8273849653,161799.74472774964,0.0026570953094378737,-0.0077645076864772955
2022-05-17,429.9173427843489,163371.12364967377,163801.04099245812,0.0026246313221180537,0.012368970470725715
2022-05-18,429.9173427843489,162799.32471689992,163229.24205968427,0.0026338255165526707,-0.0034908137903725267
2022-05-19,429.9173427843489,163166.90974511168,163596.82708789603,0.0026279075849885906,0.0022519557376696753
2022-05-20,429.9173427843489,166597.70334175482,167027.62068453917,0.002573929635244717,0.02097102772537185
2022-05-23,429.9173427843489,165290.73435255743,165720.65169534177,0.0025942291343067016,-0.007824867431152849
2022-05-24,429.9173427843489,161941.62631773914,162371.5436605235,0.0026477382248899094,-0.02020935834222537
2022-05-25,429.9173427843489,162635.95359325025,163065.8709360346,0.0026364642724840404,0.004276163543550204
2022-05-26,429.9173427843489,163044.38140237442,163474.29874515877,0.0026298772717450224,0.0025046798988634933
2022-05-27,429.9173427843489,163452.8092114986,163882.72655428294,0.002623323103194449,0.0024984221511228366
2022-05-30,429.9173427843489,164392.19317248426,164822.1105152686,0.0026083717860445835,0.00573204986722331
2022-05-31,429.9173427843489,167006.13115087905,167436.0484936634,0.002567651032451468,0.01585914638650765
2022-06-01,429.9173427843489,166761.07446540453,167190.99180818888,0.002571414513035336,-0.0014635837842518207
2022-06-02,429.9173427843489,167210.34505544114,167640.2623982255,0.0025645232036388154,0.0026871698359922647
2022-06-06,429.9173427843489,170559.45309025943,170989.37043304378,0.0025142927989941716,0.019977945553810716
2022-06-07,429.9173427843489,170804.50977573395,171234.4271185183,0.0025106945490978028,0.0014331691195417218
2022-06-08,429.9173427843489,172519.90657405552,172949.82391683987,0.0024857923127523255,0.010017826597067847
2022-06-09,429.9173427843489,171131.2520230333,171561.16936581765,0.0025059128727879074,-0.008029233679300751
2022-06-10,429.9173427843489,173500.13331595357,173930.05065873792,0.0024717830021672026,0.013807794046152289
2022-06-13,429.9173427843489,171376.30870850777,171806.22605129212,0.0025023385512001096,-0.012210797383212846
2022-06-14,429.9173427843489,173010.01994500455,173439.9372877889,0.0024787678634303643,0.009509033950894308
2022-06-15,429.9173427843489,175011.31620971303,175441.23355249738,0.0024504920199144888,0.011538843336801552
2022-06-16,429.9173427843489,173908.56112507774,174338.4784678621,0.002465992284449131,-0.00628560950185808
2022-06-17,429.9173427843489,176481.6563225601,176911.57366534445,0.002430125592560744,0.014759192692832102
2022-06-20,429.9173427843489,177339.35472172088,177769.27206450523,0.0024184007606688593,0.004848175737689475
2022-06-21,429.9173427843489,177257.66915989606,177687.5865026804,0.0024195125345903867,-0.000459503270031858
2022-06-22,429.9173427843489,175215.5301142751,175645.44745705946,0.0024476429592030957,-0.011492862758818223
2022-06-23,429.9173427843489,178278.73868270652,178708.65602549087,0.0024056884112150997,0.017439726521692345
2022-06-24,429.9173427843489,180239.19216650262,180669.10950928697,0.0023795841134770734,0.010970109268330308
2022-06-27,429.9173427843489,182199.6456502987,182629.56299308306,0.002354040253606869,0.010851071824734548
2022-06-28,429.9173427843489,184323.47025774443,184753.38760052877,0.0023269794852904687,0.011629139185566295
2022-06-29,429.9173427843489,182077.11730756145,182507.0346503458,0.0023556206674882505,-0.012158656354599673
2022-06-30,429.9173427843489,184119.25635318234,184549.1736959667,0.0023295544172558095,0.01118937168385492
2022-07-01,429.9173427843489,183506.61463949608,183936.53198228043,0.0023373135186965746,-0.003319666522568876
2022-07-04,429.9173427843489,184650.21250504378,185080.12984782812,0.0023228714132512472,0.00621735037201776
2022-07-05,429.9173427843489,184241.7846959196,184671.70203870395,0.0023280087746970876,-0.002206762062788581
2022-07-06,429.9173427843489,181832.0606220869,182261.97796487124,0.002358787869992337,-0.013048691527885903
2022-07-07,429.9173427843489,182485.54511668562,182915.46245946997,0.00235036085524814,0.0035854131612940154
2022-07-08,429.9173427843489,182322.17399303598,182752.09133582033,0.0023524619589405647,-0.0008931509750622624
2022-07-11,429.9173427843489,179218.12264369216,179648.0399864765,0.002393109008128962,-0.01698503873008983
2022-07-12,429.9173427843489,177747.78253084508,178177.69987362943,0.0024128571818429747,-0.008184559725548657
2022-07-13,429.9173427843489,178033.681997232,178463.59934001634,0.0024089917740886327,0.0016045749080253469
2022-07-14,429.9173427843489,178074.52477814443,178504.44212092878,0.0024084405837536474,0.00022885776742986863
2022-07-15,429.9173427843489,175419.7440188372,175849.66136162155,0.0024448005157101573,-0.01487235122982955
2022-07-18,429.9173427843489,177298.51194080847,177728.42928359282,0.002418956519884335,0.010683943929284734
2022-07-19,429.9173427843489,176399.97076073528,176829.88810351962,0.0024312481752669945,-0.0050556975251238034
2022-07-20,429.9173427843489,176890.0841316843,177320.00147446865,0.002424528193150564,0.0027716658999530353
2022-07-21,429.9173427843489,175052.15899062544,175482.0763334098,0.002449921677285839,-0.010365018755785993
2022-07-22,429.9173427843489,175174.6873333627,175604.60467614705,0.0024482122412291503,0.0006982385055922524
2022-07-25,429.9173427843489,174439.51727693918,174869.43461972353,0.002458504790841581,-0.004186507852566468
2022-07-26,429.9173427843489,175623.95792339928,176053.87526618363,0.002441964666408722,0.006773285731928036
2022-07-27,429.9173427843489,174643.73118150127,175073.6485242856,0.002455637078499065,-0.00556776577860596
2022-07-28,429.9173427843489,174766.25952423853,175196.17686702288,0.002453919660077195,0.0006998674201974531
2022-07-29,429.9173427843489,172356.53545040582,172786.45279319017,0.00248814265143183,-0.013754432984355192
2022-08-01,429.9173427843489,173091.7055068294,173521.62284961375,0.0024776009797749876,0.004254789912861545
2022-08-02,429.9173427843489,170191.86806204767,170621.78540483202,0.0025197095538784203,-0.016711677756120036
2022-08-03,429.9173427843489,168353.94292098883,168783.86026377318,0.0025471472338201044,-0.010771925382787484
2022-08-04,429.9173427843489,169620.06912927376,170049.9864720581,0.00252818216398383,0.00750146492861492
2022-08-05,429.9173427843489,172274.849888581,172704.76723136535,0.0024893194882594444,0.015611766953850692
2022-08-08,429.9173427843489,171703.05095580712,172132.96829859147,0.002497588620203134,-0.0033108462605890843
2022-08-09,429.9173427843489,171988.9504221941,172418.86776497844,0.0024934471984258866,0.0016609221883110425
2022-08-10,429.9173427843489,170151.02528113525,170580.9426239196,0.002520312856590253,-0.010659652072208758
2022-08-11,429.9173427843489,173745.19000142807,174175.10734421242,0.0024683053126227017,0.021070142215223298
2022-08-12,429.9173427843489,173786.03278234048,174215.95012512483,0.0024677266488836126,0.00023449264097008538
2022-08-15,429.9173427843489,173377.6049732163,173807.52231600066,0.0024735255244172525,-0.00234437667062537
2022-08-16,429.9173427843489,172969.17716409214,173399.09450687648,0.0024793517175333325,-0.0023498856878104712
2022-08-17,429.9173427843489,174643.73118150127,175073.6485242856,0.002455637078499065,0.009657224694115785
2022-08-18,429.9173427843489,173132.5482877418,173562.46563052616,0.002477017949834512,-0.008631698182435699
2022-08-19,429.9173427843489,171907.2648603692,172337.18220315356,0.002494629059662564,-0.007059610630220869
2022-08-22,429.9173427843489,173010.01994500455,173439.9372877889,0.0024787678634303643,0.006398822764407175
2022-08-23,429.9173427843489,172438.22101223067,172868.13835501502,0.002486966926788083,-0.003296812381943459
2022-08-24,429.9173427843489,169293.32688197444,169723.2442247588,0.002533049287079522,-0.018192445179213035
2022-08-25,429.9173427843489,170763.6669948215,171193.58433760586,0.002511293542032051,0.008663162901246135
2022-08-26,429.9173427843489,170518.61030934702,170948.52765213136,0.002514893510280483,-0.0014314595165624278
2022-08-29,429.9173427843489,169497.54078653656,169927.4581293209,0.0025300051417068,-0.005972964709519246
2022-08-30,429.9173427843489,169129.95575832477,169559.87310110911,0.0025354898828450273,-0.00216318794065673
2022-08-31,429.9173427843489,169129.95575832477,169559.87310110911,0.0025354898828450273,0.0
2022-09-01,429.9173427843489,167741.30120730257,168171.21855008692,0.002556426399778422,-0.008189759319966794
2022-09-02,429.9173427843489,166801.91724631694,167231.8345891013,0.002570786500313662,-0.005585878303580594
2022-09-05,429.9173427843489,166720.23168449212,167150.14902727646,0.0025720428326641374,-0.000488457009549248
2022-09-06,429.9173427843489,167904.67233095222,168334.58967373657,0.0025539453514432644,0.007086087887763881
2022-09-07,429.9173427843489,168231.41457825157,168661.33192103592,0.002548997674141623,0.0019410285665746319
2022-09-08,429.9173427843489,167496.24452182805,167926.1618646124,0.0025601570238410047,-0.004358853615407887
2022-09-09,429.9173427843489,169865.1258147483,170295.04315753264,0.0025245440784007482,0.014106683953332366
2022-09-13,429.9173427843489,170436.9247475222,170866.84209030654,0.0025160957943913364,0.003357695691970086
2022-09-14,429.9173427843489,168558.15682555092,168988.07416833527,0.0025440691297309672,-0.010995509128554626
2022-09-15,429.9173427843489,167046.97393179144,167476.89127457578,0.0025670248564591876,-0.00894254166275743
2022-09-16,429.9173427843489,163371.12364967377,163801.04099245812,0.0026246313221180537,-0.02194840287601929
2022-09-19,429.9173427843489,162921.85305963716,163351.7704024215,0.0026318499133816294,-0.002742782263864263
2022-09-20,429.9173427843489,163003.538621462,163433.45596424636,0.0026305344903090103,0.0005000592379478253
2022-09-21,429.9173427843489,161778.25519408946,162208.1725368738,0.0026504049460677965,-0.007497139555322163
2022-09-22,429.9173427843489,160593.8145476293,161023.73189041365,0.0026699005030943732,-0.0073019788580067635
2022-09-23,429.9173427843489,160267.07230032998,160696.98964311433,0.0026753291629117355,-0.002029155848416675
2022-09-26,429.9173427843489,159246.00277751952,159675.92012030387,0.002692436921361958,-0.006354005293304543
2022-09-27,429.9173427843489,161288.14182314044,161718.0591659248,0.002658437437362813,0.012789273699392645
2022-09-28,429.9173427843489,159000.946092045,159430.86343482934,0.00269657539024799,-0.014143106483542112
2022-09-29,429.9173427843489,159041.78887295743,159471.70621574178,0.0026958847621705,0.0002561786346289008
2022-09-30,429.9173427843489,157979.87656923456,158409.7939120189,0.002713956834153359,-0.006658938622543187
2022-10-10,429.9173427843489,154753.2968771535,155183.21421993786,0.0027703856048182903,-0.02036856189506253
2022-10-11,429.9173427843489,154630.76853441625,155060.6858772006,0.0027725747526024707,-0.0007895721412471968
2022-10-12,429.9173427843489,157163.02095098616,157592.9382937705,0.0027280241579285477,0.016330718532841404
2022-10-13,429.9173427843489,155815.20918087638,156245.12652366073,0.0027515568155608685,-0.008552488358312793
2022-10-14,429.9173427843489,159409.3739011692,159839.29124395354,0.002689684991959772,0.023003371690754948
2022-10-17,429.9173427843489,159368.53112025678,159798.44846304113,0.0026903724467874416,-0.0002555240366405309
2022-10-18,429.9173427843489,159082.63165386984,159512.5489966542,0.002695194487760123,-0.0017891254210334884
2022-10-19,429.9173427843489,156672.90758003714,157102.82492282148,0.002736534769476937,-0.01510679936462711
2022-10-20,429.9173427843489,156182.79420908814,156612.7115518725,0.0027450986482789666,-0.003119698014276806
2022-10-21,429.9173427843489,155284.25302901494,155714.1703717993,0.0027609391088674437,-0.005737345143759787
2022-10-24,429.9173427843489,151281.66049959793,151711.57784238228,0.0028337807100721276,-0.025704741706294332
2022-10-25,429.9173427843489,150628.17600499923,151058.09334778358,0.002846039780169494,-0.004307413474254562
2022-10-26,429.9173427843489,151771.77387054695,152201.6912133313,0.0028246554907314495,0.00757058321208115
2022-10-27,429.9173427843489,150709.86156682405,151139.7789096084,0.0028445015990229013,-0.006977007254370671
2022-10-28,429.9173427843489,147197.3824083561,147627.29975114044,0.00291218049445511,-0.023239938445117514
2022-10-31,429.9173427843489,145604.51395277175,146034.4312955561,0.002943945061245508,-0.010789796049033518
2022-11-01,429.9173427843489,151240.8177186855,151670.73506146984,0.0028345438070838777,0.038595718255693745
2022-11-02,429.9173427843489,152629.47226970774,153059.3896124921,0.0028088269780298454,0.00915571847436114
2022-11-03,429.9173427843489,151404.18884233516,151834.1061851195,0.002831493882278229,-0.008005281025062816
2022-11-04,429.9173427843489,156591.2220182123,157021.13936099666,0.0027379583700252934,0.034162503446709236
2022-11-07,429.9173427843489,156591.2220182123,157021.13936099666,0.0027379583700252934,0.0
2022-11-08,429.9173427843489,155651.8380572267,156081.75540001105,0.0027544368762546503,-0.005982531809465064
2022-11-09,429.9173427843489,154018.12682072993,154448.04416351428,0.002783572593053979,-0.010467022441603469
2022-11-10,429.9173427843489,153160.42842156917,153590.34576435352,0.0027991169669215467,-0.005553313438224627
2022-11-11,429.9173427843489,157163.02095098616,157592.9382937705,0.0027280241579285477,0.02606018307659763
2022-11-14,429.9173427843489,157244.706512811,157674.62385559536,0.002726610866553163,0.0005183326277766742
2022-11-15,429.9173427843489,160307.9150812424,160737.83242402674,0.0026746493734606676,0.019427403684417754
2022-11-16,429.9173427843489,159123.47443478226,159553.3917775666,0.0026945045667452604,-0.007368773291253405
2022-11-17,429.9173427843489,158429.14715927115,158859.0645020555,0.0027062814711387535,-0.004351692356869941
2022-11-18,429.9173427843489,157898.1910074097,158328.10835019406,0.002715357034604664,-0.0033423094459590352
2022-11-21,429.9173427843489,156550.3792372999,156980.29658008425,0.0027386707258832605,-0.008512776310878989
2022-11-22,429.9173427843489,156468.69367547505,156898.6110182594,0.0027400965502130314,-0.0005203555070567578
2022-11-23,429.9173427843489,156591.2220182123,157021.13936099666,0.0027379583700252934,0.0007809396268205759
2022-11-24,429.9173427843489,155856.0519617888,156285.96930457314,0.002750837741208346,-0.004681981416103098
2022-11-25,429.9173427843489,156713.75036094958,157143.66770373393,0.002735823524208946,0.005488006396078271
2022-11-28,429.9173427843489,154875.82521989074,155305.7425626751,0.002768199911286936,-0.01169582693286697
2022-11-29,429.9173427843489,159613.58780573128,160043.50514851563,0.0026862529809341426,0.03050603607866309
2022-11-30,429.9173427843489,159736.11614846854,160166.0334912529,0.0026841979751457594,0.0007655939716113558
2022-12-01,429.9173427843489,161574.04128952738,162003.95863231173,0.002653745910987892,0.011475124288191862
2022-12-02,429.9173427843489,160634.6573285417,161064.57467132606,0.0026692234692926925,-0.00579852473307596
2022-12-05,429.9173427843489,163534.49477332341,163964.41211610776,0.0026220161877561115,0.018004191490892385
2022-12-06,429.9173427843489,164473.87873430908,164903.79607709343,0.0026070797217024656,0.005729194212708011
2022-12-07,429.9173427843489,163983.76536336006,164413.6827061444,0.002614851365824203,-0.0029721169712787487
2022-12-08,429.9173427843489,164351.35039157185,164781.2677343562,0.0026090182985933717,0.00223573258722487
2022-12-09,429.9173427843489,165740.00494259404,166169.9222853784,0.00258721516428234,0.00842725978574732
2022-12-12,429.9173427843489,164024.6081442725,164454.52548705685,0.0026142019595452536,-0.010323148586273811
2022-12-13,429.9173427843489,163575.33755423586,164005.2548970202,0.0026213632182352713,-0.0027318834109676393
2022-12-14,429.9173427843489,163983.76536336006,164413.6827061444,0.002614851365824203,0.002490333674860956
2022-12-15,429.9173427843489,163902.07980153523,164331.99714431958,0.002616151146795758,-0.0004968294638276749
2022-12-16,429.9173427843489,164065.4509251849,164495.36826796926,0.0026135528757502587,0.0009941528520840404
2022-12-19,429.9173427843489,161696.56963226464,162126.486975049,0.002651740322051834,-0.014400899659747668
2022-12-20,429.9173427843489,159123.47443478226,159553.3917775666,0.0026945045667452604,-0.01587091193728496
2022-12-21,429.9173427843489,159000.946092045,159430.86343482934,0.00269657539024799,-0.0007679457100359111
2022-12-22,429.9173427843489,159327.68833934434,159757.6056821287,0.0026910602531172115,0.002049429077030096
2022-12-23,429.9173427843489,158919.26053022017,159349.17787300452,0.002697957708492085,-0.002556546884765032
2022-12-26,429.9173427843489,159286.84555843193,159716.76290121628,0.0026917484112187386,0.0023067896120851916
2022-12-27,429.9173427843489,161206.45626131562,161636.37360409996,0.0026597809218199624,0.01201884303196743
2022-12-28,429.9173427843489,160675.50010945418,161105.41745223853,0.0026685467787686446,-0.003284880376999255
2022-12-29,429.9173427843489,160185.38673850513,160615.30408128948,0.0026766897789936763,-0.003042190502962727
2022-12-30,429.9173427843489,160838.87123310386,161268.7885758882,0.0026658434442325013,0.004068631556230828
2023-01-03,429.9173427843489,161288.14182314044,161718.0591659248,0.002658437437362813,0.0027858495993176025
2023-01-04,429.9173427843489,161492.35572770255,161922.2730704869,0.00265508465655741,0.001262777364602119
2023-01-05,429.9173427843489,164555.56429613393,164985.48163891828,0.002605788936782035,0.018917771535345906
2023-01-06,429.9173427843489,165209.0487907326,165638.96613351695,0.002595508489456548,0.003960860604867333
2023-01-09,429.9173427843489,166230.11831354306,166660.0356563274,0.002579606689097853,0.006164428254082477
2023-01-10,429.9173427843489,166475.17499901756,166905.0923418019,0.0025758192081037825,0.001470398614217494
2023-01-11,429.9173427843489,166475.17499901756,166905.0923418019,0.0025758192081037825,0.0
2023-01-12,429.9173427843489,166720.23168449212,167150.14902727646,0.0025720428326641374,0.001468239716573283
2023-01-13,429.9173427843489,169252.48410106203,169682.40144384638,0.0025336589954299002,0.015149567208322834
2023-01-16,429.9173427843489,171825.57929854438,172255.49664132873,0.0024958120418039544,0.01516418423824506
2023-01-17,429.9173427843489,171659.68445973337,172089.60180251772,0.002498218011322396,-0.0009630742823635297
2023-01-18,429.9173427843489,171286.4210724085,171716.33841519285,0.00250364843993384,-0.002169006049262734
2023-01-19,429.9173427843489,172447.68494408586,172877.6022868702,0.002486830781415809,0.006762687129221012
2023-01-20,429.9173427843489,173401.58026724937,173831.49761003372,0.0024731843693184268,0.005517749613282108
2023-01-30,429.9173427843489,174396.94930011567,174826.86664290001,0.0024591034034974423,0.005726056822562997
2023-01-31,429.9173427843489,172489.15865378862,172919.07599657297,0.0024862343284373627,-0.010912456894991318
2023-02-01,429.9173427843489,173774.84365457427,174204.76099735862,0.0024678851503425183,0.007435183153599256
2023-02-02,429.9173427843489,173360.1065575466,173790.02390033094,0.0024737745765597437,-0.0023807449041761686
2023-02-03,429.9173427843489,171576.73704032783,172006.65438311218,0.0024994227364412867,-0.010261633419427652
2023-02-06,429.9173427843489,169212.73558727038,169642.65293005473,0.002534252650255404,-0.013743662775930088
2023-02-07,429.9173427843489,169627.472684298,170057.39002708235,0.002528072097989289,0.0024447689886022417
2023-02-08,429.9173427843489,168922.41961935104,169352.3369621354,0.002538597048592674,-0.004145971338468057
2023-02-09,429.9173427843489,171161.9999433002,171591.91728608456,0.0025054638329355242,0.013224383933065464
2023-02-10,429.9173427843489,170166.63091043392,170596.54825321827,0.0025200823063912057,-0.005800792068817451
2023-02-13,429.9173427843489,171493.7896209223,171923.70696370665,0.0025006286240390634,0.0077795167843517365
2023-02-14,429.9173427843489,171867.0530082472,172296.97035103154,0.002495211273352346,0.002171098994530718
2023-02-15,429.9173427843489,170705.7891365698,171135.70647935415,0.002512142858020189,-0.006739897221126334
2023-02-16,429.9173427843489,169503.0515551897,169932.96889797406,0.0025299230959853745,-0.00702797566985347
2023-02-17,429.9173427843489,167097.5763924295,167527.49373521385,0.0025662494746316457,-0.014155435395261207
2023-02-20,429.9173427843489,171452.31591121957,171882.23325400392,0.002501232004293464,0.025994178159633785
2023-02-21,429.9173427843489,171659.68445973337,172089.60180251772,0.002498218011322396,0.001206457145616291
2023-02-22,429.9173427843489,170000.73607162287,170430.65341440722,0.002522535319623472,-0.00964002688561183
2023-02-23,429.9173427843489,170000.73607162287,170430.65341440722,0.002522535319623472,0.0
2023-02-24,429.9173427843489,168383.26139321513,168813.17873599948,0.002546704860386998,-0.009490515033553248
2023-02-27,429.9173427843489,167761.15574767368,168191.07309045803,0.0025561246199620052,-0.00368517227268339
2023-02-28,429.9173427843489,168839.4721999455,169269.38954272986,0.0025398410424102217,0.006411258531491049
2023-03-01,429.9173427843489,170871.68397538087,171301.60131816522,0.002509710005488194,0.012005784276325704
2023-03-02,429.9173427843489,170664.31542686708,171094.23276965143,0.0025127518083158168,-0.001210546468439877
2023-03-03,429.9173427843489,171037.57881419192,171467.49615697627,0.0025072818605268786,0.0021816246011481244
2023-03-06,429.9173427843489,170000.73607162287,170430.65341440722,0.002522535319623472,-0.006046876322377881
2023-03-07,429.9173427843489,167636.7346185654,168066.65196134974,0.002558016940107886,-0.013870752741347192
2023-03-08,429.9173427843489,166973.1552633212,167403.07260610556,0.0025681568210873377,-0.003948310670202293
2023-03-09,429.9173427843489,166558.4181662936,166988.33550907794,0.0025745351702183856,-0.0024774760138571716
2023-03-10,429.9173427843489,164277.36413264167,164707.28147542602,0.002610190265622784,-0.013659960300208551
2023-03-13,429.9173427843489,166102.2073595632,166532.12470234756,0.0025815880482685538,0.01107931119119221
2023-03-14,429.9173427843489,165065.36461699413,165495.28195977848,0.0025977619282756036,-0.00622608247160894
2023-03-15,429.9173427843489,165023.8909072914,165453.80825007576,0.0025984130998940123,-0.0002506035774046955
2023-03-16,429.9173427843489,163116.10026096433,163546.01760374868,0.002628724007367665,-0.011530654183816269
2023-03-17,429.9173427843489,163987.04816472234,164416.96550750668,0.0026147991568711954,0.005325399642981177
2023-03-20,429.9173427843489,163074.62655126155,163504.5438940459,0.0026293907957869577,-0.005549437131651236
2023-03-21,429.9173427843489,164857.99606848034,165287.9134112647,0.00260102105418102,0.010907155695773385
2023-03-22,429.9173427843489,165604.52284313005,166034.4401859144,0.0025893263006335062,0.004516523678245177
2023-03-23,429.9173427843489,167180.523811835,167610.44115461936,0.002564979483514117,0.009492012421882245
2023-03-24,429.9173427843489,166973.1552633212,167403.07260610556,0.0025681568210873377,-0.0012372054335356708
2023-03-27,429.9173427843489,166102.2073595632,166532.12470234756,0.0025815880482685538,-0.005202699629100138
2023-03-28,429.9173427843489,165770.4176819411,166200.33502472544,0.0025867417338261717,-0.0019923463909149453
2023-03-29,429.9173427843489,165770.4176819411,166200.33502472544,0.0025867417338261717,0.0
2023-03-30,429.9173427843489,167553.78719915988,167983.70454194423,0.002559280044196203,0.010730240206516362
2023-03-31,429.9173427843489,167968.5242961875,168398.44163897185,0.0025529769670080762,0.0024689126731578526
2023-04-03,429.9173427843489,169212.73558727038,169642.65293005473,0.002534252650255404,0.0073884964669110875
2023-04-04,429.9173427843489,170042.20978132563,170472.12712410997,0.002521921618725114,0.004889537977204705
2023-04-06,429.9173427843489,169544.5252648925,169974.44260767684,0.002529305795558066,-0.0029194480342865647
2023-04-07,429.9173427843489,170747.2628462726,171177.18018905696,0.002511534202803936,0.00707599073677323
2023-04-10,429.9173427843489,170125.15720073116,170555.0745435155,0.002520695112326661,-0.003634279083545855
2023-04-11,429.9173427843489,169710.4201037035,170140.33744648786,0.0025268396033337214,-0.0024316901630613286
2023-04-12,429.9173427843489,169544.5252648925,169974.44260767684,0.002529305795558066,-0.000975047077611424
2023-04-13,429.9173427843489,168507.68252232342,168937.59986510777,0.002544829233560951,-0.006099992014459765
2023-04-14,429.9173427843489,169378.63042608142,169808.54776886577,0.0025317768064863798,0.005155441443784214
2023-04-17,429.9173427843489,171908.52671794992,172338.44406073427,0.002494610794053824,0.014898521453184266
2023-04-18,429.9173427843489,172198.84268586928,172628.76002865363,0.0024904155177444907,0.0016845688116868818
2023-04-19,429.9173427843489,170830.2102656781,171260.12760846244,0.002510317776752056,-0.007928183113659726
2023-04-20,429.9173427843489,170166.63091043392,170596.54825321827,0.0025200823063912057,-0.00387468679669134
2023-04-21,429.9173427843489,167139.05010213229,167568.96744491663,0.002565614321910001,-0.017747022664302503
2023-04-24,429.9173427843489,165023.8909072914,165453.80825007576,0.0025984130998940123,-0.012622618776571337
2023-04-25,429.9173427843489,164235.89042293892,164665.80776572326,0.0026108476836673327,-0.0047626615107068115
2023-04-26,429.9173427843489,163862.62703561404,164292.5443783984,0.0026167793822351655,-0.0022667935279917506
2023-04-27,429.9173427843489,165314.20687521072,165744.12421799506,0.0025938617420844423,0.008835336046980835
2023-04-28,429.9173427843489,166931.68155361846,167361.5988964028,0.0025687932334493807,0.009758865878589873
2023-05-04,429.9173427843489,166931.68155361846,167361.5988964028,0.0025687932334493807,0.0
2023-05-05,429.9173427843489,166268.10219837428,166698.01954115863,0.0025790188987710196,-0.003964943927519116
2023-05-08,429.9173427843489,168134.41913499858,168564.33647778293,0.002550464420693239,0.011195795497519256
2023-05-09,429.9173427843489,166682.83929540188,167112.75663818623,0.002572618341250618,-0.008611429142890037
2023-05-10,429.9173427843489,165397.15429461625,165827.0716374006,0.00259256428120742,-0.007693517997367727
2023-05-11,429.9173427843489,165189.78574610243,165619.70308888677,0.0025958103701805074,-0.0012505108271300136
2023-05-12,429.9173427843489,163074.62655126155,163504.5438940459,0.0026293907957869577,-0.01277118093676144
2023-05-15,429.9173427843489,165687.4702625356,166117.38760531993,0.002588033371953778,0.01598025136822634
2023-05-16,429.9173427843489,164982.41719758863,165412.33454037298,0.0025990645980479583,-0.004244306240970386
2023-05-17,429.9173427843489,163862.62703561404,164292.5443783984,0.0026167793822351655,-0.006769689606800577
2023-05-18,5554.109929177124,158721.83215561064,164275.94208478776,0.03380963675320444,-0.000101053238133475
2023-05-19,5554.109929177124,158826.27998223115,164380.38991140827,0.03378815400164506,0.000635807199124816
2023-05-22,5554.109929177124,159021.81602974166,164575.9259589188,0.033748009599918846,0.0011895339073955125
2023-05-23,5554.109929177124,159416.53165359827,164970.6415827754,0.033667262707409086,0.0023983800884410655
2023-05-24,5554.109929177124,159323.01441348455,164877.12434266167,0.03368635856138599,-0.0005668720156295493
2023-05-25,5554.109929177124,159125.0493467503,164679.15927592744,0.033726853802252904,-0.0012006824325903054
2023-05-26,5554.109929177124,159117.7622890791,164671.87221825623,0.033728346282574005,-4.4250029592296514e-05
2023-05-29,5554.109929177124,159154.19757743514,164708.30750661227,0.033720885201580696,0.00022125993872079697
2023-05-30,5554.109929177124,159282.93559629298,164837.0455254701,0.033694549131669076,0.0007816121773498441
2023-05-31,5554.109929177124,159365.52224989986,164919.632179077,0.03367767594306921,0.0005010199821502415
2023-06-01,5554.109929177124,159496.68928798145,165050.79921715858,0.03365091205568499,0.0007953391379091901
2023-06-02,5554.109929177124,159280.50657706923,164834.61650624636,0.03369504565788008,-0.0013097949960714228
2023-06-05,5554.109929177124,159439.60733622374,164993.71726540086,0.0336625540731533,0.0009652144830176734
2023-06-06,5554.109929177124,159499.1183072052,165053.22823638233,0.033650416829307694,0.00036068628531915614
2023-06-07,5554.109929177124,159650.93200868854,165205.04193786567,0.03361949407855269,0.0009197863204826184
2023-06-08,5554.109929177124,159578.06143197653,165132.17136115365,0.03363432990310509,-0.00044109172369821703
2023-06-09,5554.109929177124,159671.57867209025,165225.68860126738,0.03361529297408854,0.0005663175100458773
2023-06-12,5554.109929177124,159761.4523833684,165315.56231254552,0.03359701803921235,0.0005439451458122413
2023-06-13,5554.109929177124,159938.7707867009,165492.880715878,0.033561020299794936,0.0010726056328396183
2023-06-14,5554.109929177124,160054.1491998282,165608.25912900534,0.03353763851143795,0.000697180522982288
2023-06-15,5554.109929177124,159631.49985489866,165185.6097840758,0.03362344901857517,-0.002552103060272648
2023-06-16,5554.109929177124,159292.65167318788,164846.761602365,0.03369256317315148,-0.0020513178003441768
2023-06-19,5554.109929177124,159338.80303843884,164892.91296761596,0.03368313306629449,0.00027996525259177396
2023-06-20,5554.109929177124,159370.38028834737,164924.4902175245,0.0336766839288187,0.000191501559043461
2023-06-21,5554.109929177124,159537.98261478494,165092.09254396206,0.03364249518915106,0.001016236740926102
2023-06-26,5554.109929177124,159633.9288741224,165188.0388032995,0.03362295460018613,0.0005811681096228316
2023-06-27,5554.109929177124,159541.62614362052,165095.73607279765,0.033641752726600305,-0.0005587736931229603
2023-06-28,5554.109929177124,159568.34535508158,165122.4552842587,0.033636309002404975,0.0001618407119203802
2023-06-29,5554.109929177124,159527.05202827815,165081.16195745528,0.03364472277344722,-0.0002500769912386902
2023-06-30,5554.109929177124,159743.23473919037,165297.3446683675,0.033600720812062744,0.0013095540905383452
2023-07-03,5554.109929177124,159816.10531590236,165370.21524507948,0.033585914615554595,0.00044084541622968487
2023-07-04,5554.109929177124,159789.3861044413,165343.49603361843,0.03359134203892626,-0.0001615720909684537
2023-07-05,5554.109929177124,160018.92842108407,165573.0383502612,0.03354477265451693,0.0013882754517062779
2023-07-06,5554.109929177124,160071.15233439434,165625.26226357147,0.03353419552832748,0.0003154131483640299
2023-07-07,5554.109929177124,160086.9409593486,165641.05088852573,0.03353099910549932,9.532739594475537e-05
2023-07-10,5554.109929177124,160077.22488245368,165631.3348116308,0.03353296606281476,-5.865742122990181e-05
2023-07-11,5554.109929177124,160096.65703624353,165650.76696542065,0.03352903237892364,0.0001173217242496083
2023-07-12,5554.109929177124,160093.01350740794,165647.12343658507,0.033529769874352286,-2.1995242776906565e-05
2023-07-13,5554.109929177124,160071.15233439434,165625.26226357147,0.03353419552832748,-0.0001319743594700995
2023-07-14,5554.109929177124,160021.3574403078,165575.46736948492,0.03354428054720823,-0.0003006479410568863
2023-07-17,5554.109929177124,160133.09232459954,165687.20225377666,0.033521659208597836,0.0006748275337336018
2023-07-18,5554.109929177124,160232.68211277257,165786.7920419497,0.03350152241182003,0.0006010710955242082
2023-07-19,5554.109929177124,160273.97543957605,165828.08536875318,0.03349318010170839,0.0002490748888670513
2023-07-20,5554.109929177124,160270.3319107404,165824.44183991753,0.0334939160207692,-2.197172347218057e-05
2023-07-21,5554.109929177124,160431.8616891187,165985.97161829582,0.03346132130942638,0.0009741011432695679
2023-07-24,5554.109929177124,160475.5840351459,166029.69396432303,0.0334525095876561,0.00026340988699780077
2023-07-25,5554.109929177124,160073.58135361806,165627.6912827952,0.03353370373130393,-0.0024212697857181054
2023-07-26,5554.109929177124,160102.72958430284,165656.83951347996,0.03352780329196834,0.00017598645769334453
2023-07-27,5554.109929177124,160238.75466083194,165792.86459000906,0.03350029534088781,0.0008211256289121227
2023-07-28,5554.109929177124,160128.2342861521,165682.3442153292,0.03352264211060848,-0.000666617197025654
2023-07-31,5554.109929177124,159983.70764233996,165537.81757151708,0.033551909833398584,-0.0008723116786921725
2023-08-01,5554.109929177124,160097.8715458554,165651.98147503252,0.03352878655432355,0.0006896545163530554
2023-08-02,5554.109929177124,160103.94409391473,165658.05402309186,0.03352755748539042,3.665846919109761e-05
2023-08-03,5554.109929177124,160173.17114179113,165727.28107096825,0.03351355246574477,0.0004178912295247361
2023-08-04,5554.109929177124,160226.60956471323,165780.71949389036,0.03350274957264746,0.0003224479553201043
2023-08-07,5554.109929177124,160294.62210297777,165848.7320321549,0.03348901050446553,0.00041025602055633215
2023-08-08,5554.109929177124,160327.41386249816,165881.52379167528,0.03348239033632422,0.00019772089372405155
2023-08-09,5554.109929177124,160357.77660279482,165911.88653197195,0.03347626288431615,0.00018303871101887914
2023-08-10,5554.109929177124,160295.83661258966,165849.94654176678,0.0334887652663693,-0.00037333063651967535
2023-08-11,5554.109929177124,160341.98797784056,165896.09790701768,0.03347944887944333,0.0002782718126428385
2023-08-14,5554.109929177124,160422.14561222374,165976.25554140087,0.03346328010027745,0.00048317974560263544
2023-08-15,5554.109929177124,160753.7067362633,166307.81666544042,0.033396565720962265,0.001997641909428749
2023-08-16,5554.109929177124,160839.93691870582,166394.04684788294,0.033379258659744476,0.0005184974715650714
2023-08-17,5554.109929177124,160788.92751500744,166343.03744418456,0.03338949447187276,-0.00030655786468736235
2023-08-18,5554.109929177124,160870.29965900248,166424.4095881796,0.03337316889343862,0.0004891827469626353
2023-08-21,5554.109929177124,161017.25532203834,166571.36525121547,0.03334372580065406,0.000883017481627224
2023-08-22,5554.109929177124,160927.3816107602,166481.49153993733,0.03336172614626501,-0.0005395507873913186
2023-08-23,5554.109929177124,160911.592985806,166465.70291498312,0.03336489037632997,-9.483711857793953e-05
2023-08-24,5554.109929177124,160873.9431878381,166428.05311701522,0.033372438270800664,-0.0002261715014481025
2023-08-25,5554.109929177124,160797.4290822905,166351.53901146763,0.03338778806725825,-0.00045974283850935826
2023-08-28,5554.109929177124,160597.03499633254,166151.14492550967,0.03342805691569078,-0.0012046422122018452
2023-08-29,5554.109929177124,160400.28443921014,165954.39436838726,0.03346768821829481,-0.0011841661230237444
2023-08-30,5554.109929177124,160707.5553710124,166261.66530018952,0.033405836030506744,0.0018515383878305869
2023-08-31,5554.109929177124,160739.13262092092,166293.24255009805,0.033399492631240715,0.0001899250188039936
2023-09-01,5554.109929177124,160567.8867656477,166121.99669482483,0.0334339222961564,-0.001029782405148727
2023-09-04,5554.109929177124,160179.24368985047,165733.3536190276,0.033512324513413246,-0.002339504000251069
2023-09-05,5554.109929177124,160294.62210297777,165848.7320321549,0.03348901050446553,0.0006961689400946103
2023-09-06,5554.109929177124,160173.17114179113,165727.28107096825,0.03351355246574477,-0.0007322996063852116
2023-09-07,5554.109929177124,159977.63509428062,165531.74502345774,0.0335531406884525,-0.0011798663819674315
2023-09-08,5554.109929177124,160105.1586035266,165659.26853270372,0.03352731168241671,0.0007703870289526016
2023-09-11,5554.109929177124,160105.1586035266,165659.26853270372,0.03352731168241671,0.0
2023-09-12,5554.109929177124,160133.09232459954,165687.20225377666,0.033521659208597836,0.00016862154058960854
2023-09-13,5554.109929177124,160295.83661258966,165849.94654176678,0.0334887652663693,0.000982238131710611
2023-09-14,5554.109929177124,160377.2087565847,165931.31868576183,0.03347234249186805,0.0004906371433441858
2023-09-15,5554.109929177124,160297.05112220152,165851.16105137864,0.033488520031864775,-0.0004830771852960547
2023-09-18,5554.109929177124,160124.59075731644,165678.70068649357,0.03352337932494364,-0.0010398502114292718
2023-09-19,5554.109929177124,160106.37311313846,165660.48304231558,0.033527065883047116,-0.00010995767170129955
2023-09-20,5554.109929177124,160043.21861332143,165597.32854249855,0.033539852231080705,-0.00038122851423105786
2023-09-21,5554.109929177124,160161.02604567245,165715.13597484957,0.033516008640393995,0.0007114090147946062
2023-09-22,5554.109929177124,160045.64763254512,165599.75756172225,0.033539360268127205,-0.0006962454723800082
2023-09-25,5554.109929177124,160012.85587302476,165566.96580220188,0.03354600298596074,-0.00019801816139819461
2023-09-26,5554.109929177124,159831.89394085665,165386.00387003378,0.033582708326042765,-0.0010929833212278695
2023-09-27,5554.109929177124,159469.97007652043,165024.08000569756,0.033656360508026256,-0.0021883584817771196
2023-09-28,5554.109929177124,160171.95663217927,165726.0665613564,0.033513798067009805,0.0042538431702487944
2023-10-09,5554.109929177124,160306.76719909644,165860.87712827357,0.03348655828512039,0.0008134542122091304
2023-10-10,5554.109929177124,160192.603295581,165746.71322475813,0.03350962333500734,-0.0006883112249982393
2023-10-11,5554.109929177124,159901.120988733,165455.2309179101,0.03356865720330578,-0.0017586008263871244
2023-10-12,5554.109929177124,159878.04530610755,165432.15523528468,0.033573339604249436,-0.00013946783366969306
2023-10-13,5554.109929177124,160010.426853801,165564.53678297813,0.033546495143808766,0.0008002165449949583
2023-10-16,5554.109929177124,160027.42998836713,165581.53991754426,0.033543050342103,0.00010269792611694584
2023-10-17,5554.109929177124,159948.48686359584,165502.59679277297,0.03355905005002107,-0.00047676283727404734
2023-10-18,5554.109929177124,159918.12412329915,165472.23405247627,0.03356520784880288,-0.0001834577878842003
2023-10-19,5554.109929177124,159632.71436451052,165186.82429368765,0.033623201807563084,-0.0017248196377049885
2023-10-20,5554.109929177124,159756.59434492092,165310.70427409804,0.033598005365508436,0.0007499386282172615
2023-10-23,5554.109929177124,159904.7645175686,165458.87444674573,0.0335679179962315,0.0008963132381434313
2023-10-24,5554.109929177124,159829.4649216329,165383.57485081002,0.03358320156150574,-0.0004550955407347512
2023-10-25,5554.109929177124,160016.49940186035,165570.60933103747,0.033545264776264634,0.0011309132747685524
2023-10-26,5554.109929177124,160205.9629013115,165760.0728304886,0.03350692259201001,0.0011443063489144922
2023-10-27,5554.109929177124,160133.09232459954,165687.20225377666,0.033521659208597836,-0.00043961477253018355
2023-10-30,5554.109929177124,160346.84601628804,165900.95594546516,0.03347846850866168,0.001290103814784116
2023-10-31,5554.109929177124,160395.4264007627,165949.53632993982,0.03346866795779699,0.00029282763440274806
2023-11-01,5554.109929177124,160428.21816028308,165982.3280894602,0.03346205582912177,0.0001976007902497745
2023-11-02,5554.109929177124,160547.24010224603,166101.35003142315,0.033438078186157995,0.0007170759883472488
2023-11-03,5554.109929177124,160536.3095157392,166090.41944491633,0.03344027878151718,-6.58067288721309e-05
2023-11-06,5554.109929177124,160491.37266010017,166045.4825892773,0.033449328717454624,-0.0002705565786950137
2023-11-07,5554.109929177124,160533.88049651548,166087.9904256926,0.033440767842043466,0.0002560011615639901
2023-11-08,5554.109929177124,160549.66912146978,166103.7790506469,0.03343758920429868,9.506180979035328e-05
2023-11-09,5554.109929177124,160558.1706887528,166112.28061792994,0.03343587788040772,5.118226286970895e-05
2023-11-10,5554.109929177124,160564.24323681215,166118.35316598928,0.033434655613442846,3.65568881286471e-05
2023-11-13,5554.109929177124,160756.13575548705,166310.24568466417,0.033396077952455826,0.0011551554359749971
2023-11-14,5554.109929177124,160742.7761497565,166296.88607893363,0.033398760855575124,-8.032942092983664e-05
2023-11-15,5554.109929177124,160739.13262092092,166293.24255009805,0.033399492631240715,-2.1909783890050605e-05
2023-11-16,5554.109929177124,160831.43535142278,166385.5452805999,0.03338096419259515,0.0005550600197963274
2023-11-17,5554.109929177124,160846.0094667652,166400.1193959423,0.033378040528693045,8.759243669764771e-05
2023-11-20,5554.109929177124,160760.9937939345,166315.10372311162,0.03339510245818588,-0.0005109111287858736
2023-11-21,5554.109929177124,160686.90870761065,166241.01863678778,0.03340998494067243,-0.00044545014051866616
2023-11-22,5554.109929177124,160503.5177562188,166057.6276853959,0.03344688230582006,-0.0011031630634587009
2023-11-23,358.3555479419301,166419.46351498176,166777.8190629237,0.002148700288536127,0.0043369966653517
2023-11-24,358.3555479419301,165273.32395909348,165631.6795070354,0.0021635688837334317,-0.00687225413024406
2023-11-27,358.3555479419301,164173.02998544072,164531.38553338265,0.002178037623522118,-0.0066430164623551
2023-11-28,358.3555479419301,164356.41231438282,164714.76786232475,0.0021756127431236654,0.0011145735407722679
2023-11-29,358.3555479419301,163118.58159402345,163476.93714196538,0.0021920862612609983,-0.0075149953851982865
2023-11-30,358.3555479419301,163301.96392296557,163660.3194709075,0.002189630016001722,0.0011217626911059764
2023-12-01,358.3555479419301,162660.12577166813,163018.48131961006,0.002198251051298576,-0.003921770123463175
2023-12-04,358.3555479419301,161559.83179801537,161918.1873459573,0.0022131889802858356,-0.006749504502471471
2023-12-05,358.3555479419301,158534.02337047027,158892.3789184122,0.0022553350285348674,-0.018687267175737987
2023-12-06,358.3555479419301,158763.2512816479,159121.60682958984,0.0022520860308160944,0.0014426614588944897
2023-12-07,358.3555479419301,158350.6410415281,158708.99658947004,0.0022579409840822228,-0.002593049733099262
2023-12-08,358.3555479419301,158671.56011717682,159029.91566511875,0.0022533845059475874,0.0020220597605995483
2023-12-11,358.3555479419301,159771.8540908296,160130.20963877154,0.00223790094792434,0.00691878612304464
2023-12-12,358.3555479419301,160138.61874871387,160496.9742966558,0.002232786938896187,0.0022904151484695046
2023-12-13,358.3555479419301,157479.574979053,157837.93052699493,0.00227040196703948,-0.016567563228612747
2023-12-14,358.3555479419301,156746.0456632845,157104.40121122642,0.00228100260195844,-0.004647357661871077
2023-12-15,358.3555479419301,156425.12658763575,156783.48213557768,0.00228567157114194,-0.0020427121912215407
2023-12-18,358.3555479419301,155783.28843633833,156141.64398428026,0.002295067086510297,-0.004093786810669187
2023-12-19,358.3555479419301,155874.97960080937,156233.3351487513,0.0022937201436603544,0.0005872306844691977
2023-12-20,358.3555479419301,154453.76655150787,154812.1220994498,0.002314777054161986,-0.009096733728101936
2023-12-21,358.3555479419301,155874.97960080937,156233.3351487513,0.0022937201436603544,0.009180243962992218
2023-12-22,358.3555479419301,156150.05309422256,156508.4086421645,0.0022896887844618117,0.001760658140922855
2023-12-25,358.3555479419301,156562.66333434236,156921.0188822843,0.002283668245939403,0.0026363455082032416
2023-12-26,358.3555479419301,155645.75168963172,156004.10723757365,0.0022970904695233567,-0.005843141035162813
2023-12-27,358.3555479419301,156104.207511987,156462.56305992894,0.0022903596932939882,0.0029387420015623
2023-12-28,358.3555479419301,159955.23641977174,160313.59196771367,0.002235341018459003,0.02461310125866789
2023-12-29,358.3555479419301,160413.6922421271,160772.04779006902,0.002228966744330204,0.0028597439351722986
2024-01-02,358.3555479419301,158304.79545929257,158663.1510072345,0.002258593414204854,-0.01311730995420457
2024-01-03,358.3555479419301,157846.33963693728,158204.6951848792,0.002265138512628548,-0.002889491475776773
2024-01-04,358.3555479419301,156470.9721698713,156829.32771781323,0.0022850034056559106,-0.008693594494516899
2024-01-05,358.3555479419301,155691.59727186724,156049.95281980917,0.0022964156122220886,-0.004969573671873451
2024-01-08,358.3555479419301,153536.85490679723,153895.21045473916,0.0023285685557272303,-0.013808029583694204
2024-01-09,358.3555479419301,153903.6195646815,154261.97511262342,0.0023230322811587387,0.0023832103468361954
2024-01-10,358.3555479419301,153170.09024891298,153528.4457968549,0.00233413128154829,-0.004755088317992651
2024-01-11,358.3555479419301,154041.1563113881,154399.51185933003,0.002320962959186166,0.0056736460657440535
2024-01-12,358.3555479419301,153536.85490679723,153895.21045473916,0.0023285685557272303,-0.0032662111331693833
2024-01-15,358.3555479419301,153353.4725778551,153711.82812579704,0.002331346600397294,-0.0011916051734180977
2024-01-16,358.3555479419301,154362.0753870368,154720.43093497874,0.002316148848451237,0.00656164734672382
2024-01-17,358.3555479419301,150923.65671937188,151282.0122673138,0.002368791521021808,-0.02222343000783089
2024-01-18,358.3555479419301,152986.70791997085,153345.06346791278,0.0023369226229895262,0.013637121622586346
2024-01-19,358.3555479419301,153314.40282677618,153672.7583747181,0.0023319393217899444,0.0021369772159238742
2024-01-22,358.3555479419301,150084.26731683797,150442.6228647799,0.002382008111251992,-0.02101957135474719
2024-01-23,358.3555479419301,151114.165595369,151472.52114331094,0.0023658122624293245,0.006845787842031381
2024-01-24,358.3555479419301,153501.65705923634,153860.01260717827,0.002329101251647832,0.015761878430798015
2024-01-25,358.3555479419301,156123.21631367895,156481.57186162088,0.002290081468882672,0.01703860028359494
2024-01-26,358.3555479419301,155842.33496498867,156200.6905129306,0.002294199511955837,-0.001794980363174492
2024-01-29,358.3555479419301,154437.92822153727,154796.2837694792,0.002315013895783112,-0.008991040557116747
2024-01-30,358.3555479419301,151816.3689670947,152174.72451503662,0.002354895328931714,-0.016935543868395242
2024-01-31,358.3555479419301,150833.28424667873,151191.63979462066,0.0023702074296483707,-0.006460236570487887
2024-02-01,358.3555479419301,150646.03001421853,151004.38556216046,0.0023731466248999387,-0.0012385223992184002
2024-02-02,358.3555479419301,149241.62327076716,149599.9788187091,0.002395425124867156,-0.009300436793428402
2024-02-05,358.3555479419301,150177.89443306808,150536.24998101,0.00238052660397171,0.006258497960320852
2024-02-06,358.3555479419301,154999.69091891783,155358.04646685976,0.0023066429843295747,0.03203079980043344
2024-02-07,358.3555479419301,156357.28410425418,156715.6396521961,0.0022866610424922473,0.008738480022185025
2024-02-08,358.3555479419301,157387.1823827852,157745.53793072712,0.0022717317563638443,0.006571764508103373
2024-02-19,358.3555479419301,158651.14845189144,159009.50399983337,0.0022536737674642747,0.008012689840148246
2024-02-20,358.3555479419301,159212.91114927197,159571.2666972139,0.002245739821204208,0.0035328875523132908
2024-02-21,358.3555479419301,161459.96193879418,161818.3174867361,0.0022145549002590744,0.01408180079052701
2024-02-22,358.3555479419301,162677.1144497854,163035.46999772734,0.0021980219883864873,0.007521722694286526
2024-02-23,358.3555479419301,162817.55512413057,163175.9106720725,0.0021961302159489806,0.000861411779578436
2024-02-26,358.3555479419301,161179.08059010393,161537.43613804586,0.0022184055690699983,-0.010041154526291618
2024-02-27,358.3555479419301,163098.43647282082,163456.79202076275,0.002192356423441926,0.011881802315326206
2024-02-28,358.3555479419301,161413.14838067917,161771.5039286211,0.002215195749803058,-0.01031029712076803
2024-02-29,358.3555479419301,163987.8940770067,164346.24962494863,0.002180491181026195,0.01591594090306292
2024-03-01,358.3555479419301,165251.86014611291,165610.21569405484,0.0021638492917849302,0.00769087260579826
2024-03-04,358.3555479419301,165111.41947176782,165469.77501970975,0.0021656858353692994,-0.0008480193915364476
2024-03-05,358.3555479419301,166469.01265710415,166827.36820504608,0.002148062106341439,0.008204478341585997
2024-03-06,358.3555479419301,165813.6228434935,166171.97839143543,0.002156534160638,-0.00392855093658917
2024-03-07,358.3555479419301,164924.1652393076,165282.52078724952,0.0021681394150758555,-0.005352632933638746
2024-03-08,358.3555479419301,165392.30082045807,165750.6563684,0.002162015860410492,0.0028323356814787815
2024-03-11,358.3555479419301,167639.35160998028,167997.7071579222,0.002133097849990694,0.013556813823577762
2024-03-12,358.3555479419301,167873.41940055552,168231.77494849745,0.0021301299831832437,0.001393279673485015
2024-03-13,358.3555479419301,166890.33468013955,167248.69022808148,0.002142650847987097,-0.0058436328138185
2024-03-14,358.3555479419301,166281.75842464395,166640.11397258588,0.0021504758932227057,-0.003638750501816612
2024-03-15,358.3555479419301,166703.0804476794,167061.43599562132,0.002145052482078046,0.0025283349428382174
2024-03-18,358.3555479419301,168154.3007492458,168512.65629718773,0.0021265794262357173,0.008686746243486532
2024-03-19,358.3555479419301,167077.58891259975,167435.94446054168,0.0021402545856954924,-0.006389501301001244
2024-03-20,358.3555479419301,167218.0295869449,167576.38513488683,0.0021384609033873116,0.0008387725514831246
2024-03-21,358.3555479419301,167124.4024707148,167482.75801865672,0.002139656357354774,-0.000558713067803418
2024-03-22,358.3555479419301,165673.18216914838,166031.5377170903,0.002158358302701205,-0.008664893740314206
2024-03-25,358.3555479419301,164783.72456496247,165142.0801129044,0.002169983251373178,-0.005357160551638707
2024-03-26,358.3555479419301,165298.67370422801,165657.02925216994,0.002163237802583231,0.003118218802339756
2024-03-27,358.3555479419301,163519.75849585622,163878.11404379815,0.002186719990237109,-0.010738543461767946
2024-03-28,358.3555479419301,164315.58898381202,164673.94453175395,0.0021761520862386865,0.004856234113989721
2024-03-29,546.7870416876103,163865.28036186533,164412.06740355294,0.0033257111252394255,-0.0015902766460453854
2024-04-01,546.7870416876103,163810.6274293313,164357.4144710189,0.0033268170069931653,-0.00033241436226139065
2024-04-02,546.7870416876103,163868.9238907009,164415.71093238852,0.0033256374259298224,0.000354693224867475
2024-04-03,546.7870416876103,164035.31170752662,164582.09874921423,0.0033222753011601202,0.001011994631669566
2024-04-08,546.7870416876103,164238.13481270833,164784.92185439594,0.003318186127312981,0.0012323521617667588
2024-04-09,546.7870416876103,164389.94851419164,164936.73555587925,0.0033151319495004997,0.0009212839365086989
2024-04-10,546.7870416876103,164406.9516487578,164953.7386904454,0.0033147902316643992,0.00010308882680898357
2024-04-11,546.7870416876103,164437.31438905443,164984.10143074204,0.0033141801964302825,0.00018406821535355
2024-04-12,546.7870416876103,164649.85357113107,165196.64061281868,0.003309916228678936,0.0012882403833671674
2024-04-15,546.7870416876103,164626.77788850563,165173.56493019324,0.0033103786427246826,-0.00013968614942672097
2024-04-16,546.7870416876103,164538.11868683939,165084.905728527,0.0033121564886542166,-0.0005367638683811959
2024-04-17,546.7870416876103,164580.6265232547,165127.4135649423,0.003311303858535679,0.00025749075136660693
2024-04-18,546.7870416876103,164709.36454211254,165256.15158380015,0.003308724283164362,0.0007796283856114083
2024-04-19,546.7870416876103,164816.24138795678,165363.0284296444,0.0033065858002246686,0.0006467344472198544
2024-04-22,546.7870416876103,164914.61666651798,165461.4037082056,0.003304619865620625,0.0005949049161437792
2024-04-23,546.7870416876103,165145.37349277263,165692.16053446024,0.0033000175743009333,0.0013946263060937714
2024-04-24,546.7870416876103,164709.36454211254,165256.15158380015,0.003308724283164362,-0.0026314398294625674
2024-04-25,546.7870416876103,164824.74295523987,165371.52999692748,0.003306415812309225,0.0006981792327944714
2024-04-26,546.7870416876103,164552.69280218176,165099.47984386937,0.0033118641088675372,-0.001645084574492195
2024-04-29,546.7870416876103,163872.56741953653,164419.35446122414,0.0033255637298865684,-0.004119488342957833
2024-04-30,546.7870416876103,164337.7246008814,164884.511642569,0.003316181952086055,0.0028290901814393976
2024-05-06,546.7870416876103,164596.41514820897,165143.20218989658,0.00331098727914253,0.0015689196319927934
2024-05-07,546.7870416876103,164798.0237437788,165344.8107854664,0.003306950118906739,0.0012208107442290839
2024-05-08,546.7870416876103,164827.1719744636,165373.9590161512,0.003306367247543542,0.00017628754447351902
2024-05-09,546.7870416876103,164682.64533065146,165229.43237233907,0.0033092593361662335,-0.0008739383435696357
2024-05-10,546.7870416876103,164653.49709996668,165200.2841416543,0.0033098432277438266,-0.0001764106446791036
2024-05-13,546.7870416876103,164828.38648407548,165375.1735257631,0.0033063429656956865,0.0010586506253151828
2024-05-14,546.7870416876103,164919.47470496543,165466.26174665304,0.003304522842999869,0.000550797431972061
2024-05-15,546.7870416876103,164918.26019535356,165465.04723704117,0.00330454709812095,-7.339922948879085e-06
2024-05-16,546.7870416876103,164840.53158019413,165387.31862188174,0.0033061001668314555,-0.00046975851672215185
2024-05-17,546.7870416876103,164720.29512861936,165267.08217030697,0.003308505447710082,-0.0007269992196298203
2024-05-20,546.7870416876103,164917.0456857417,165463.8327274293,0.003304571353598098,0.0011905005796593038
2024-05-21,546.7870416876103,164832.03001291107,165378.81705459868,0.003306270122291976,-0.0005138021489606848
2024-05-22,546.7870416876103,164902.47157039933,165449.25861208694,0.003304862447099927,0.00042594062977840963
2024-05-23,546.7870416876103,165016.6354739148,165563.4225156024,0.003302583586275417,0.0006900236632860768
2024-05-24,546.7870416876103,165020.27900275038,165567.066044438,0.003302510908424586,2.200684656195051e-05
2024-05-27,546.7870416876103,164978.9856759469,165525.7727176345,0.003303334778085332,-0.0002494054390769218
2024-05-28,546.7870416876103,165071.28840644876,165618.07544813637,0.003301493754278275,0.0005576335877273131
2024-05-29,546.7870416876103,165158.73309850314,165705.52014019075,0.0032997515183864463,0.0005279900265582338
2024-05-30,546.7870416876103,165223.10210793206,165769.88914961967,0.0032984702136954094,0.00038845422514866
2024-05-31,546.7870416876103,165195.16838685915,165741.95542854676,0.0032990261293456046,-0.00016850901702480936
2024-06-03,546.7870416876103,165367.6287517442,165914.4157934318,0.003295596944200291,0.0010405353577440657
2024-06-04,546.7870416876103,165406.49305932393,165953.28010101154,0.003294825154132506,0.0002342431029509484
2024-06-05,546.7870416876103,165453.8589341867,166000.6459758743,0.003293885023598508,0.0002854169247750171
2024-06-06,546.7870416876103,165422.2816842782,165969.0687259658,0.003294511717664809,-0.00019022365679888242
2024-06-07,546.7870416876103,165481.79265525963,166028.57969694724,0.0032933308390980837,0.0003585666379781749
2024-06-11,546.7870416876103,165481.79265525963,166028.57969694724,0.0032933308390980837,0.0
2024-06-12,546.7870416876103,165459.93148224603,166006.71852393364,0.0032937645328419557,-0.00013167114392897972
2024-06-13,546.7870416876103,165475.7201072003,166022.5071488879,0.0032934512981258332,9.510834919601585e-05
2024-06-14,546.7870416876103,165501.22480904954,166048.01185073715,0.003292945429416672,0.0001536219533557759
2024-06-17,546.7870416876103,165570.4518569259,166117.23889861352,0.0032915731402285786,0.0004169098268915761
2024-06-18,546.7870416876103,165615.38871256498,166162.1757542526,0.003290682968043745,0.00027051289761992336
2024-06-19,546.7870416876103,165648.18047208534,166194.96751377295,0.003290033686743835,0.00019734791851111488
2024-06-20,546.7870416876103,165787.84907745,166334.6361191376,0.0032872710966582613,0.0008403900999773839
2024-06-21,546.7870416876103,165704.04791423123,166250.83495591884,0.003288928093700041,-0.0005038106624933869
2024-06-24,546.7870416876103,165804.85221201615,166351.63925370376,0.0032869350980888295,0.0006063385956025513
2024-06-25,546.7870416876103,165855.86161571456,166402.64865740217,0.0032859275143712523,0.00030663601469305135
2024-06-26,546.7870416876103,165977.3125769012,166524.0996185888,0.0032835309900488027,0.000729861947309951
2024-06-27,546.7870416876103,166148.55843217435,166695.34547386196,0.0032801578240428267,0.001028354788678465
2024-06-28,546.7870416876103,166265.15135491354,166811.93839660115,0.0032778651632691014,0.0006994371822905965
2024-07-01,546.7870416876103,165989.45767301985,166536.24471470746,0.00328329152986672,-0.0016527215290683683
2024-07-02,546.7870416876103,166138.8423552794,166685.629396967,0.0032803490238826768,0.0008970100323533181
2024-07-03,546.7870416876103,166396.31839299513,166943.10543468274,0.003275289747749081,0.0015446804781384937
2024-07-04,546.7870416876103,166307.65919132886,166854.44623301647,0.003277030094385428,-0.0005310743527588979
2024-07-05,546.7870416876103,166178.92117247102,166725.70821415863,0.0032795604681748547,-0.0007715588152685804
2024-07-08,546.7870416876103,165854.64710610267,166401.43414779028,0.0032859514972808385,-0.0019449553991507385
2024-07-09,546.7870416876103,166058.68472089624,166605.47176258385,0.003281927273473904,0.00122617702088057
2024-07-10,546.7870416876103,166163.13254751675,166709.91958920436,0.0032798710660707354,0.0006269171445303368
2024-07-11,546.7870416876103,166154.6309802337,166701.4180219213,0.0032800383354609952,-5.0996169298267446e-05
2024-07-12,546.7870416876103,166285.79801831528,166832.5850600029,0.0032774595052336643,0.0007868381663336255
2024-07-15,546.7870416876103,166348.95251813234,166895.73955981995,0.0032762192919348135,0.00037855014830801004
2024-07-16,546.7870416876103,166347.73800852048,166894.5250502081,0.0032762431333389543,-7.277055813825761e-06
2024-07-17,546.7870416876103,166386.60231610018,166933.3893577878,0.0032754803804748937,0.00023286748063200413
2024-07-18,546.7870416876103,166336.80742201366,166883.59446370127,0.0032764577215919303,-0.00029829199705389
2024-07-19,546.7870416876103,166448.5423063054,166995.329347993,0.0032742654768995894,0.0006695378575156674
2024-07-22,546.7870416876103,166801.96460335853,167348.75164504614,0.003267350585604421,0.002116360370275183
2024-07-23,546.7870416876103,166978.06849707916,167524.85553876677,0.003263915912233566,0.001052316745655535
2024-07-24,546.7870416876103,166980.49751630292,167527.28455799053,0.003263868587915522,1.4499455713190557e-05
2024-07-25,546.7870416876103,167004.78770854027,167551.57475022788,0.0032633954202024988,0.00014499245481980338
2024-07-26,546.7870416876103,167076.4437756404,167623.230817328,0.003262000374419978,0.0004276657334134626
2024-07-29,546.7870416876103,167048.51005456745,167595.29709625506,0.0032625440639517107,-0.0001666458815805516
2024-07-30,546.7870416876103,167072.80024680478,167619.5872884924,0.00326207128016923,0.00014493361483403078
2024-07-31,546.7870416876103,167190.60767915583,167737.39472084344,0.0032597802213251217,0.0007028261688073467
2024-08-01,546.7870416876103,167465.08685143766,168011.87389312527,0.0032544547538076343,0.0016363624386717124
2024-08-02,546.7870416876103,167709.2032834228,168255.9903251104,0.0032497329850253074,0.0014529713068995864
2024-08-05,546.7870416876103,167771.14327362803,168317.93031531564,0.003248537102751298,0.0003681294798809631
2024-08-06,546.7870416876103,167529.45586086658,168076.2429025542,0.0032532083787987923,-0.001435898197587604
2024-08-07,546.7870416876103,167761.42719673307,168308.21423842068,0.003248724633920999,0.0013801554095957957
2024-08-08,546.7870416876103,167615.6860433091,168162.47308499672,0.0032515402019048572,-0.0008659182445932556
2024-08-09,546.7870416876103,167391.0017651138,167937.7888068014,0.0032558904435537363,-0.0013361142594623399
2024-08-12,546.7870416876103,166635.57678653285,167182.36382822046,0.003270602407855848,-0.004498242974069311
2024-08-13,546.7870416876103,167127.45317933877,167674.24022102638,0.0032610080174917838,0.0029421547915862156
2024-08-14,546.7870416876103,167281.6959000458,167828.4829417334,0.003258010988977619,0.000919895152074135
2024-08-15,546.7870416876103,167116.52259283196,167663.30963451957,0.003261220614572876,-0.0009841792305969044
2024-08-16,546.7870416876103,167088.588871759,167635.37591344662,0.0032617640441831744,-0.00016660604597296125
2024-08-19,546.7870416876103,167160.24493885913,167707.03198054674,0.0032603703925249547,0.0004274519427041046
2024-08-20,546.7870416876103,167133.5257273981,167680.31276908572,0.0032608899199788374,-0.00015932075802360668
2024-08-21,546.7870416876103,166954.99281445376,167501.77985614137,0.003264365561710553,-0.001064721970015725
2024-08-22,546.7870416876103,167290.19746732886,167836.98450901647,0.0032578459586077467,0.0020012005434388858
2024-08-23,546.7870416876103,167534.31389931403,168081.10094100164,0.00325311435150308,0.0014544853311044825
2024-08-26,546.7870416876103,167536.74291853778,168083.5299602254,0.0032530673398934434,1.4451471403775784e-05
2024-08-27,546.7870416876103,167427.4370534698,167974.2240951574,0.0032551842083691092,-0.0006503068152712288
2024-08-28,546.7870416876103,167482.0899860038,168028.8770276914,0.0032541254298658383,0.00032536499470925406
2024-08-29,546.7870416876103,167392.21627472565,167939.00331641326,0.003255866897443775,-0.0005348706297866324
2024-08-30,546.7870416876103,167341.20687102727,167887.99391271488,0.003256856127376716,-0.0003037376826767746
2024-09-02,546.7870416876103,167731.06445643643,168277.85149812404,0.00324931080840253,0.002322129035694065
2024-09-03,546.7870416876103,167953.31971540797,168500.10675709558,0.003245024897674642,0.001320763588273044
2024-09-04,546.7870416876103,168011.61617677758,168558.4032184652,0.0032439025954637845,0.0003459728453090172
2024-09-05,546.7870416876103,168116.0640033981,168662.8510450857,0.003241893744233265,0.0006196536311817713
2024-09-06,546.7870416876103,168170.71693593205,168717.50397761966,0.003240843592376411,0.00032403657471302694
2024-09-09,546.7870416876103,168259.37613759836,168806.16317928597,0.0032391414589932814,0.0005254890546393387
2024-09-10,546.7870416876103,168402.6882717986,168949.4753134862,0.003236393843029376,0.0008489745368363
2024-09-11,546.7870416876103,168654.09176145497,169200.87880314258,0.0032315851167875544,0.0014880394815661724
2024-09-12,546.7870416876103,168392.97219490368,168939.7592365913,0.0032365799747699634,-0.0015432518341413903
2024-09-13,546.7870416876103,168628.58705960578,169175.3741012934,0.003232072307168198,0.0013946679323257882
2024-09-18,546.7870416876103,168669.8803864092,169216.6674280968,0.00323128359633929,0.00024408591984959038
2024-09-19,546.7870416876103,168446.41061782578,168993.1976595134,0.0032355565150573337,-0.001320613223153022
2024-09-20,546.7870416876103,168566.64706940058,169113.4341110882,0.0032332560956005053,0.0007114869310720362
2024-09-23,546.7870416876103,168603.0823577566,169149.8693994442,0.003232559644467612,0.0002154488113113029
2024-09-24,546.7870416876103,168418.47689675284,168965.26393844045,0.003236091424606792,-0.0010913721758059047
2024-09-25,546.7870416876103,168813.1925206095,169359.9795622971,0.003228549289511936,0.0023360755616637086
2024-09-26,546.7870416876103,168683.23999213974,169230.02703382735,0.003231028507596428,-0.0007673154472834787
2024-09-27,546.7870416876103,167978.82441725722,168525.61145894483,0.0032445337949170722,-0.004162473925160559
2024-09-30,546.7870416876103,167412.8629381274,167959.649979815,0.0032554666656742968,-0.003358311382051893
2024-10-08,546.7870416876103,167347.27941908658,167894.0664607742,0.0032567383303885758,-0.00039047187255203397
2024-10-09,546.7870416876103,167687.3421104092,168234.1291520968,0.0032501552713675125,0.0020254598538897994
2024-10-10,546.7870416876103,168085.70126310145,168632.48830478906,0.003242477456060179,0.002367885486137533
2024-10-11,546.7870416876103,168173.1459551558,168719.93299684342,0.003240796934751273,0.0005185518694137414
2024-10-14,546.7870416876103,168146.42674369478,168693.2137853824,0.0032413102425285023,-0.00015836428444715445
2024-10-15,546.7870416876103,168190.14908972196,168736.93613140957,0.003240470368987745,0.00025918260163559914
2024-10-16,546.7870416876103,168213.22477234743,168760.01181403504,0.0032400272778491026,0.0001367553729165749
2024-10-17,546.7870416876103,168441.55257937833,168988.33962106594,0.0032356495301019473,0.001352973400372326
2024-10-18,546.7870416876103,168254.51809915088,168801.3051408385,0.003239234680273363,-0.0011067892651460687
2024-10-21,546.7870416876103,168232.65692613728,168779.4439678249,0.0032396542424434492,-0.00012950831745861535
2024-10-22,546.7870416876103,167997.04206143518,168543.8291031228,0.0032441830982317434,-0.001395992658602574
2024-10-23,546.7870416876103,167828.22522538574,168375.01226707335,0.003247435794215752,-0.001001619797934783
2024-10-24,546.7870416876103,167893.80874442655,168440.59578611417,0.0032461713824731443,0.0003895086221985533
2024-10-25,546.7870416876103,167879.23462908412,168426.02167077173,0.00324645227776284,-8.652376984541466e-05
2024-10-28,546.7870416876103,167912.02638860454,168458.81343029215,0.0032458203317089697,0.0001946953279257091
2024-10-29,546.7870416876103,168078.41420543025,168625.20124711786,0.003242617578177426,0.000987706213985362
2024-10-30,546.7870416876103,168130.6381187405,168677.4251604281,0.0032416136371987204,0.0003097040829247444
2024-10-31,546.7870416876103,168117.27851300998,168664.0655546976,0.003241870400131484,-7.920209665168709e-05
2024-11-01,546.7870416876103,168368.68200266632,168915.46904435393,0.003237045397802108,0.00149055751045446
2024-11-04,546.7870416876103,168440.33806976647,168987.12511145408,0.003235672784698724,0.0004242125810356434
2024-11-05,546.7870416876103,168425.76395442407,168972.55099611168,0.0032359518659346794,-8.624393919232087e-05
2024-11-06,546.7870416876103,168487.70394462926,169034.49098631687,0.0032347661030426747,0.00036656835586645897
2024-11-07,546.7870416876103,168633.44509805323,169180.23213974084,0.003231979497675419,0.0008621977241067835
2024-11-08,546.7870416876103,168697.81410748215,169244.60114916976,0.003230750274897573,0.00038047594931622797
2024-11-11,546.7870416876103,168743.96547273308,169290.7525144207,0.003229869520729039,0.00027269032475807364
2024-11-12,546.7870416876103,168975.9368085996,169522.7238502872,0.003225449835094093,0.001370254029952056
2024-11-13,546.7870416876103,168974.7222989877,169521.50934067531,0.003225472943311113,-7.1642879745370536e-06
2024-11-14,546.7870416876103,168983.2238662708,169530.0109079584,0.0032253111927449418,5.0150375112689716e-05
2024-11-15,546.7870416876103,169102.24580823374,169649.03284992135,0.0032230483870268867,0.0007020700424986703
2024-11-18,546.7870416876103,169011.15758734374,169557.94462903135,0.0032247798408025206,-0.0005369215453799869
2024-11-19,143.26622813410359,169895.33075852445,170038.59698665855,0.0008425512246807379,0.0028347380518134457
2024-11-20,143.26622813410359,170313.9984045533,170457.2646326874,0.0008404817972576477,0.002462191840254313
2024-11-21,143.26622813410359,170523.3322275678,170666.5984557019,0.000839450890979641,0.0012280721708493036
2024-11-22,143.26622813410359,165499.32047522106,165642.58670335516,0.0008649118018826596,-0.029437580626831106
2024-11-25,143.26622813410359,164578.2516539575,164721.5178820916,0.0008697481056279131,-0.005560579797712739
2024-11-26,143.26622813410359,164243.3175371344,164386.5837652685,0.0008715201986232454,-0.0020333355418862276
2024-11-27,143.26622813410359,166922.79047171932,167066.05669985342,0.0008575424054659529,0.01629982735337454
2024-11-28,143.26622813410359,165708.65429823555,165851.92052636965,0.0008638201335228129,-0.007267401873649604
2024-11-29,143.26622813410359,167508.92517615977,167652.19140429387,0.000854544321395815,0.010854688159236625
2024-12-02,143.26622813410359,168764.92811424643,168908.19434238054,0.0008481899217020807,0.00749171798809245
2024-12-03,143.26622813410359,168932.395172658,169075.6614007921,0.0008473498015453122,0.0009914679335929488
2024-12-04,143.26622813410359,168053.19311599733,168196.45934413144,0.0008517790962589743,-0.005200050967575587
2024-12-05,143.26622813410359,167760.1257637771,167903.3919919112,0.0008532658359933878,-0.0017424109482627737
2024-12-06,143.26622813410359,169853.46399392158,169996.7302220557,0.0008427587280470878,0.012467516024008196
2024-12-09,143.26622813410359,169727.86370011288,169871.12992824698,0.0008433818518462718,-0.0007388394685277078
2024-12-10,143.26622813410359,171025.73340280246,171168.99963093657,0.0008369870037390233,0.0076403194776992756
2024-12-11,143.26622813410359,170607.06575677358,170750.33198490768,0.0008390392362268826,-0.002445931488362918
2024-12-12,143.26622813410359,172365.4698700949,172508.736098229,0.000830486799535333,0.010298100699896562
2024-12-13,143.26622813410359,168304.39370361465,168447.65993174876,0.0008505088654372039,-0.023541278304698876
2024-12-16,143.26622813410359,167299.5913531453,167442.85758127942,0.0008556126561836768,-0.005965071588863058
2024-12-17,143.26622813410359,167760.1257637771,167903.3919919112,0.0008532658359933878,0.0027503974626581495
2024-12-18,143.26622813410359,168471.86076202622,168615.12699016032,0.0008496641475261232,0.004238955448162773
2024-12-19,143.26622813410359,168723.06134964357,168866.32757777767,0.0008484002121033691,0.0014897867830803158
2024-12-20,143.26622813410359,168220.66017440887,168363.92640254297,0.0008509318545563433,-0.0029751412400633725
2024-12-23,143.26622813410359,168388.12723282044,168531.39346095454,0.0008500862966358585,0.0009946730394678749
2024-12-24,143.26622813410359,170355.86516915623,170499.13139729033,0.0008402754134874171,0.01167579461562851
2024-12-25,143.26622813410359,170481.4654629649,170624.731691099,0.0008396568698696883,0.0007366623675988393
2024-12-26,143.26622813410359,170523.3322275678,170666.5984557019,0.000839450890979641,0.0002453733652088008
2024-12-27,143.26622813410359,170272.13163995044,170415.39786808455,0.000840688282434451,-0.0014718790313416052
2024-12-30,143.26622813410359,171067.60016740536,171210.86639553946,0.0008367823325134233,0.0046678207333745725
2024-12-31,143.26622813410359,168388.12723282044,168531.39346095454,0.0008500862966358585,-0.01565013361006351
2025-01-02,143.26622813410359,163657.18283269394,163800.44906082805,0.0008746387995609281,-0.028071591309915545
2025-01-03,143.26622813410359,161982.5122485784,162125.7784767125,0.0008836733397994579,-0.010223846111030221
2025-01-06,143.26622813410359,161312.6440149322,161455.9102430663,0.0008873396329587516,-0.004131781138940971
2025-01-07,143.26622813410359,162443.04665921014,162586.31288734425,0.0008811702878911615,0.007001308546563445
2025-01-08,143.26622813410359,162191.84607159285,162335.11229972696,0.0008825338283536861,-0.001545029118111274
2025-01-09,143.26622813410359,161856.91195476975,162000.17818290385,0.000884358460225587,-0.002063226569275378
2025-01-10,143.26622813410359,160056.6410768455,160199.9073049796,0.0008942965732268582,-0.011112770974187947
2025-01-13,143.26622813410359,159428.63960780212,159571.90583593622,0.0008978161123262054,-0.003920111313471697
2025-01-14,143.26622813410359,163531.5825388853,163674.8487670194,0.0008753099771488644,0.025712188555933047
2025-01-15,143.26622813410359,162568.64695301885,162711.91318115295,0.0008804900964725318,-0.005883222701107416
2025-01-16,143.26622813410359,162652.3804822246,162795.6467103587,0.0008800372186180058,0.0005146121606507403
2025-01-17,143.26622813410359,163196.6484220622,163339.9146501963,0.0008771048303834253,0.003343258562717777
2025-01-20,143.26622813410359,163992.11694951708,164135.38317765118,0.0008728540145365246,0.004870019242745549
2025-01-21,143.26622813410359,164201.4507725315,164344.7170006656,0.0008717422181178075,0.0012753729205838837
2025-01-22,143.26622813410359,162694.2472468275,162837.5134749616,0.0008798109543482599,-0.009170988597691943
2025-01-23,143.26622813410359,163154.78165745927,163298.04788559338,0.00087732970472786,0.002828183756948599
2025-01-24,143.26622813410359,164494.51812475172,164637.78435288582,0.0008701904529219472,0.008204240556697107
2025-01-27,143.26622813410359,163573.4493034882,163716.7155316223,0.0008750861368607859,-0.005594516622559165
2025-02-05,143.26622813410359,162736.11401143039,162879.3802395645,0.0008795848063971407,-0.005114537567766364
2025-02-06,143.26622813410359,164620.11841856042,164763.38464669453,0.0008695271005831318,0.011566868712043377
2025-02-07,143.26622813410359,166964.6572363222,167107.9234644563,0.0008573275591242457,0.014229732065708767
2025-02-10,143.26622813410359,167132.12429473377,167275.39052286788,0.0008564692492200038,0.001002149119800233
2025-02-11,143.26622813410359,166462.25606108754,166605.52228922164,0.0008599128418168407,-0.004004583289582309
2025-02-12,143.26622813410359,168053.19311599733,168196.45934413144,0.0008517790962589743,0.00954912558149168
2025-02-13,143.26622813410359,167634.52546996844,167777.79169810255,0.0008539046001505087,-0.0024891584975179626
2025-02-14,143.26622813410359,168890.5284080551,169033.7946361892,0.0008475596755220158,0.00748610960589291
2025-02-17,143.26622813410359,169183.59576027535,169326.86198840945,0.0008460927371577361,0.001733779643597444
2025-02-18,143.26622813410359,167969.45958679155,168112.72581492565,0.0008522033501010778,-0.007170369539871935
2025-02-19,143.26622813410359,168848.66164345224,168991.92787158635,0.0008477696534888269,0.005229836423142675
2025-02-20,143.26622813410359,168346.26046821754,168489.52669635165,0.0008502975285359727,-0.0029729300183880536
2025-02-21,143.26622813410359,170607.06575677358,170750.33198490768,0.0008390392362268826,0.013418076083924202
2025-02-24,143.26622813410359,170062.79781693604,170206.06404507015,0.0008417222320361455,-0.0031875073594915815
2025-02-25,143.26622813410359,168346.26046821754,168489.52669635165,0.0008502975285359727,-0.010085054009967398
2025-02-26,143.26622813410359,169727.86370011288,169871.12992824698,0.0008433818518462718,0.008199935384620272
2025-02-27,143.26622813410359,170272.13163995044,170415.39786808455,0.000840688282434451,0.0032040049422610295
2025-02-28,143.26622813410359,167215.85782393956,167359.12405207366,0.0008560407384154712,-0.017934258607175235
2025-03-03,143.26622813410359,166671.58988410197,166814.85611223607,0.000858833748222709,-0.0032520960116178
2025-03-04,143.26622813410359,166504.12282569043,166647.38905382453,0.0008596968062177728,-0.00100390973750486
2025-03-05,143.26622813410359,167215.85782393956,167359.12405207366,0.0008560407384154712,0.0042709039864961
2025-03-06,143.26622813410359,169518.52987709848,169661.79610523258,0.0008444224417218997,0.013758867741459069
2025-03-07,143.26622813410359,169099.86223106954,169243.12845920364,0.0008465113439960913,-0.0024676601075781512
2025-03-10,143.26622813410359,168429.9939974233,168573.2602255574,0.0008498751696586277,-0.003958023228149643
2025-03-11,143.26622813410359,168932.395172658,169075.6614007921,0.0008473498015453122,0.0029803135714552287
2025-03-12,143.26622813410359,168513.7275266291,168656.9937547632,0.0008494532301602669,-0.0024762147464645334
2025-03-13,143.26622813410359,167676.39223457134,167819.65846270544,0.0008536915725277897,-0.004964723213763067
2025-03-14,143.26622813410359,171904.93545946313,172048.20168759723,0.0008327098262511598,0.025196948102665262
2025-03-17,143.26622813410359,171402.5342842285,171545.8005123626,0.0008351485591964636,-0.0029201187243264037
2025-03-18,143.26622813410359,171779.33516565445,171922.60139378856,0.0008333181732514181,0.002196503093054858
2025-03-19,143.26622813410359,172030.5357532718,172173.8019814059,0.0008321023668256787,0.0014611260275312343
2025-03-20,143.26622813410359,170648.93252137644,170792.19874951054,0.0008388335602156077,-0.00802446839179738
2025-03-21,143.26622813410359,167885.72605758577,168028.99228571987,0.0008526280267782051,-0.016178762753931597
2025-03-24,143.26622813410359,168597.4610558349,168740.727283969,0.0008490317094165708,0.0042357868637270535
2025-03-25,143.26622813410359,168681.19458504065,168824.46081317475,0.0008486106068044576,0.0004962259589225138
2025-03-26,143.26622813410359,168011.32635139444,168154.59257952854,0.0008519911703651268,-0.0039678387268033966
2025-03-27,143.26622813410359,168597.4610558349,168740.727283969,0.0008490317094165708,0.0034856895398991394
2025-03-28,143.26622813410359,167801.99252837998,167945.2587565141,0.0008530531269228029,-0.004714146609764436
2025-03-31,143.26622813410359,166797.19017791067,166940.45640604477,0.0008581875910632531,-0.00598291584953925
2025-04-01,143.26622813410359,166713.45664870486,166856.72287683896,0.000858618254416107,-0.0005015772150649411
2025-04-02,143.26622813410359,166587.8563548962,166731.12258303032,0.0008592650605033775,-0.0007527433815259776
2025-04-03,143.26622813410359,165750.5210628384,165893.7872909725,0.0008636021304572371,-0.00502206953978146
2025-04-07,143.26622813410359,154697.69520767566,154840.96143580976,0.0009252476011878514,-0.06662591791804984
2025-04-08,143.26622813410359,156163.0319687768,156306.2981969109,0.0009165736108318568,0.009463495624887353
2025-04-09,143.26622813410359,157670.23549448082,157813.50172261492,0.0009078198415869339,0.009642628243970552
2025-04-10,143.26622813410359,160307.84166446282,160451.10789259692,0.0008928964718025096,0.016713437958040256
2025-04-11,143.26622813410359,160768.3760750946,160911.6423032287,0.0008903409727440768,0.0028702476204780503
2025-04-14,143.26622813410359,161103.3101919177,161246.5764200518,0.0008884915966270879,0.0020814784563067956
2025-04-15,143.26622813410359,161228.91048572637,161372.17671386048,0.0008878000597843968,0.0007789330886720514
2025-04-16,143.26622813410359,161605.7113671524,161748.9775952865,0.0008857318931101453,0.0023349804724648315
2025-04-17,143.26622813410359,161731.31166096104,161874.57788909515,0.0008850446438369052,0.0007765136798756345
2025-04-18,143.26622813410359,162149.97930698993,162293.24553512404,0.0008827614954751609,0.00258637058078226
2025-04-21,143.26622813410359,162233.71283619574,162376.97906432985,0.0008823062786341465,0.0005159397048823955
2025-04-22,143.26622813410359,162359.3131300044,162502.5793581385,0.0008816243329797244,0.0007735104725583586
2025-04-23,143.26622813410359,162526.78018841596,162670.04641655006,0.00088071671023712,0.001030550155407095
2025-04-24,143.26622813410359,162526.78018841596,162670.04641655006,0.00088071671023712,0.0
2025-04-25,143.26622813410359,162526.78018841596,162670.04641655006,0.00088071671023712,0.0
2025-04-28,143.26622813410359,162275.5796007986,162418.8458289327,0.000882078846225754,-0.0015442338227045216
2025-04-29,143.26622813410359,161982.5122485784,162125.7784767125,0.0008836733397994579,-0.0018043925304633834
2025-04-30,143.26622813410359,161856.91195476975,162000.17818290385,0.000884358460225587,-0.0007747089635513627
2025-05-06,143.26622813410359,163405.98224507662,163549.24847321073,0.0008759821856201957,0.00956215176848696
2025-05-07,143.26622813410359,164410.78459554596,164554.05082368007,0.0008706332503939,0.0061437295484358945
2025-05-08,143.26622813410359,165373.7201814124,165516.98640954652,0.0008655681283346543,0.005851789008210151
2025-05-09,143.26622813410359,165164.38635839795,165307.65258653206,0.0008666642220880207,-0.0012647271289515372
2025-05-12,143.26622813410359,167048.390765528,167191.6569936621,0.0008568981892411924,0.011396958202789964
2025-05-13,143.26622813410359,167215.85782393956,167359.12405207366,0.0008560407384154712,0.001001647219860402
2025-05-14,143.26622813410359,169351.06281868689,169494.329046821,0.0008452567642810505,0.012758222814807318
2025-05-15,143.26622813410359,167927.5928221887,168070.8590503228,0.0008524156355457649,-0.008398334059335877
2025-05-16,143.26622813410359,167006.52400092507,167149.79022905917,0.0008571128204096101,-0.005480241051114221
2025-05-19,143.26622813410359,166755.32341330778,166898.58964144188,0.000858402868723402,-0.001502847160460341
2025-05-20,143.26622813410359,167592.65870536552,167735.92493349963,0.0008541177341163065,0.005017030364706132
2025-05-21,143.26622813410359,168262.5269390118,168405.7931671459,0.0008507203074178641,0.003993588337810383
2025-05-22,143.26622813410359,168178.793409806,168322.0596379401,0.0008511435069311088,-0.0004972128786726593
2025-05-23,143.26622813410359,166964.6572363222,167107.9234644563,0.0008573275591242457,-0.007213173223375446
2025-05-26,143.26622813410359,166085.4551796615,166228.72140779562,0.0008618620592204401,-0.0052612828789515564
2025-05-27,143.26622813410359,165206.25312300088,165349.51935113498,0.0008664447813111843,-0.005289110384864015
2025-05-28,143.26622813410359,165038.7860645893,165182.0522927234,0.000867323211847603,-0.0010128064421882632
2025-05-29,143.26622813410359,166043.58841505865,166186.85464319275,0.00086207918455223,0.006082999554265722
2025-05-30,143.26622813410359,165750.5210628384,165893.7872909725,0.0008636021304572371,-0.0017634809494978532
2025-06-03,143.26622813410359,165666.78753363263,165810.05376176673,0.0008640382466792167,-0.0005047418024094474
2025-06-04,143.26622813410359,166378.52253188175,166521.78876001586,0.0008603452389078813,0.004292471910489537
2025-06-05,143.26622813410359,166797.19017791067,166940.45640604477,0.0008581875910632531,0.0025141913808786054
2025-06-06,143.26622813410359,166880.92370711642,167024.18993525053,0.000857757359515666,0.000501577215064497
2025-06-09,143.26622813410359,167257.72458854242,167400.99081667652,0.0008558266437681764,0.0022559659266845333
2025-06-10,143.26622813410359,166294.78900267597,166438.05523081007,0.0008607780710693076,-0.0057522693334651764
2025-06-11,143.26622813410359,167634.52546996844,167777.79169810255,0.0008539046001505087,0.0080494599953993
2025-06-12,143.26622813410359,167718.25899917423,167861.52522730833,0.0008534786511685794,0.0004990739737262828
2025-06-13,143.26622813410359,166629.72311949907,166772.98934763318,0.000859049350224631,-0.006484725300816341
2025-06-16,143.26622813410359,167048.390765528,167191.6569936621,0.0008568981892411924,0.002510404398617716
2025-06-17,143.26622813410359,167006.52400092507,167149.79022905917,0.0008571128204096101,-0.00025041180496532256
2025-06-18,143.26622813410359,167132.12429473377,167275.39052286788,0.0008564692492200038,0.0007514235802306146
2025-06-19,143.26622813410359,165804.99933235245,165948.26556048656,0.0008633186231276663,-0.007933772913236048
2025-06-20,143.26622813410359,166019.05174563974,166162.31797377384,0.0008622064850871661,0.001289874362737864
2025-06-23,143.26622813410359,166575.58802018675,166718.85424832086,0.0008593282912124291,0.003349353098425434
2025-06-24,143.26622813410359,168502.05973977255,168645.32596790665,0.0008495119998841074,0.011555212086069133
2025-06-25,143.26622813410359,171284.74111250765,171428.00734064175,0.0008357224140710078,0.01650019860772578
2025-06-26,143.26622813410359,170642.5838726457,170785.8501007798,0.0008388647423048395,-0.0037459295585576813
2025-06-27,143.26622813410359,169657.94277152405,169801.20899965815,0.0008437291405527744,-0.005765355271180939
2025-06-30,143.26622813410359,170471.34194201583,170614.60817014994,0.0008397066914178154,0.004790302585498285
2025-07-01,143.26622813410359,170728.20483796063,170871.47106609473,0.0008384444005792332,0.001505515258626744
2025-07-02,143.26622813410359,170899.44676859048,171042.7129967246,0.0008376049796219445,0.0010021680597787075
2025-07-03,143.26622813410359,171884.0878697121,172027.3540978462,0.0008328107403931599,0.005756697165698377
2025-07-04,143.26622813410359,172611.86607488897,172755.13230302307,0.0008293022975595646,0.004230595820028382
2025-07-07,143.26622813410359,171841.27738705467,171984.54361518877,0.0008330180440787649,-0.004460583471885715
2025-07-08,143.26622813410359,173296.83379740838,173440.1000255425,0.0008260271304790807,0.00846329780431021
2025-07-09,143.26622813410359,173168.402349436,173311.6685775701,0.0008266392523362102,-0.0007404945451108258
2025-07-10,143.26622813410359,174024.61200258526,174167.87823071936,0.0008225754920452065,0.004940288557466976
2025-07-11,143.26622813410359,174623.9587597897,174767.2249879238,0.0008197545514841418,0.0034412014620197606
2025-07-14,143.26622813410359,174581.14827713228,174724.41450526638,0.0008199554054295336,-0.0002449571575012799
2025-07-15,143.26622813410359,174581.14827713228,174724.41450526638,0.0008199554054295336,0.0
2025-07-16,143.26622813410359,174195.85393321508,174339.1201613492,0.0008217675298665731,-0.0022051545859126387
2025-07-17,143.26622813410359,175608.59986091134,175751.86608904545,0.0008151619173222157,0.00810343614438791
2025-07-18,143.26622813410359,176892.9143406352,177036.1805687693,0.0008092482998324297,0.007307543915767933
2025-07-21,143.26622813410359,177963.1764070718,178106.4426352059,0.00080438543386967,0.006045442592571337
2025-07-22,143.26622813410359,179846.83764400013,179990.10387213423,0.0007959672507099643,0.010576042107507622
2025-07-23,143.26622813410359,179761.21667868522,179904.48290681932,0.0007963460710887769,-0.0004756981826942175
2025-07-24,143.26622813410359,180874.28922777923,181017.55545591333,0.0007914493584518434,0.0061870195289714935
2025-07-25,143.26622813410359,179932.4586093151,180075.7248374492,0.000795588790568119,-0.00520297943529302
2025-07-28,143.26622813410359,180403.37391854718,180546.64014668128,0.0007935136761210842,0.0026150960083994867
2025-07-29,143.26622813410359,181302.39405435388,181445.66028248798,0.0007895820043921478,0.0049794343172284705
2025-07-30,143.26622813410359,181173.96260638148,181317.22883451558,0.0007901412847251248,-0.0007078232004692486
2025-07-31,143.26622813410359,177877.55544175688,178020.82166989098,0.0008047723114084159,-0.018180330605169104
2025-08-01,143.26622813410359,176935.7248232927,177078.9910514268,0.0008090526565768415,-0.005290564382466667
2025-08-04,143.26622813410359,177749.1239937845,177892.3902219186,0.0008053533259932069,0.004593425598723888
2025-08-05,143.26622813410359,179076.24895616583,179219.51518429993,0.0007993896646064249,0.007460268315725882
2025-08-06,143.26622813410359,179547.1642653979,179690.430493532,0.0007972947014518977,0.002627589460599822
2025-08-07,143.26622813410359,179504.35378274042,179647.62001087453,0.0007974846987977425,-0.00023824575710518214
2025-08-08,143.26622813410359,179076.24895616583,179219.51518429993,0.0007993896646064249,-0.002383025316721077
2025-08-11,143.26622813410359,179889.64812665762,180032.91435479172,0.0007957779756415438,0.004538563613763369
2025-08-12,143.26622813410359,181002.72067575163,181145.98690388573,0.0007908882254737403,0.0061826058478422485
2025-08-13,143.26622813410359,182501.0875687628,182644.3537968969,0.0007843999836612396,0.008271598607404895
2025-08-14,143.26622813410359,182201.41419016058,182344.68041829468,0.0007856891015710139,-0.0016407481116852418
2025-08-15,143.26622813410359,183871.0230138016,184014.2892419357,0.0007785603429184896,0.009156334145920653
2025-08-18,143.26622813410359,185240.9584588404,185384.2246869745,0.0007728070086654453,0.007444723182544077
2025-08-19,143.26622813410359,184299.12784037626,184442.39406851036,0.0007767532451399864,-0.005080424831478858
2025-08-20,143.26622813410359,186824.94631716653,186968.21254530063,0.0007662598159534287,0.013694348794085043
2025-08-21,143.26622813410359,187424.293074371,187567.5593025051,0.0007638113363891821,0.003205607782442055
2025-08-22,143.26622813410359,191748.15182277476,191891.41805090886,0.0007466004972462865,0.02305227388191544
2025-08-25,143.26622813410359,195429.85333131652,195573.11955945063,0.0007325455996040054,0.019186379182236424
2025-08-26,143.26622813410359,194402.40174753743,194545.66797567153,0.0007364143834445052,-0.005253541928939676
2025-08-27,143.26622813410359,191576.90989214487,191720.17612027898,0.0007472673509553999,-0.014523540332678553
2025-08-28,143.26622813410359,195172.99043537173,195316.25666350583,0.0007335089796489653,0.018756922802797726
2025-08-29,143.26622813410359,196971.03070698518,197114.2969351193,0.0007268180459850665,0.00920578912543446
2025-09-01,143.26622813410359,197613.1879468471,197756.4541749812,0.0007244579133044986,0.0032577912908735573
2025-09-02,143.26622813410359,196500.11539775305,196643.38162588715,0.0007285586066998518,-0.005628501753521364
2025-09-03,143.26622813410359,194744.88560879714,194888.15183693124,0.0007351202563303014,-0.008925954051661078
2025-09-04,143.26622813410359,190763.51072165312,190906.77694978722,0.0007504512433929248,-0.02042902480021136
2025-09-05,143.26622813410359,194958.93802208442,195102.20425021852,0.0007343137340999217,0.02197631413333645
2025-09-08,143.26622813410359,195001.74850474187,195145.01473287598,0.0007341526419735262,0.0002194259302297219
2025-09-09,143.26622813410359,193845.86547299038,193989.13170112448,0.000738527085913407,-0.0059232004124405435
2025-09-10,143.26622813410359,194273.97029956503,194417.23652769913,0.0007369008565950482,0.0022068495426548207
2025-09-11,143.26622813410359,199496.84918377546,199640.11541190956,0.0007176224469641687,0.026864278998566693
2025-09-12,143.26622813410359,197827.24036013443,197970.50658826853,0.000723674604884773,-0.008363092859349441
2025-09-15,143.26622813410359,198169.7242213941,198312.9904495282,0.0007224248285972253,0.0017299741621208398
2025-09-16,143.26622813410359,197784.42987747694,197927.69610561104,0.0007238311310290755,-0.0019428598350708093
2025-09-17,143.26622813410359,199197.17580517317,199340.44203330728,0.0007187012664001497,0.0071376869204924365
2025-09-18,143.26622813410359,196671.35732838293,196814.62355651704,0.0007279247118188016,-0.012670878277515896
2025-09-19,143.26622813410359,197099.46215495755,197242.72838309166,0.0007263447900388346,0.002175167773809772
2025-09-22,143.26622813410359,197741.61939481946,197884.88562295356,0.0007239877248992152,0.003255670032178193
2025-09-23,143.26622813410359,197870.05084279185,198013.31707092596,0.0007235181464223811,0.0006490210081890879
2025-09-24,143.26622813410359,199625.28063174785,199768.54685988196,0.0007171610865978356,0.008864200726091953
2025-09-25,143.26622813410359,200995.21607678666,201138.48230492076,0.0007122765693186234,0.006857613305860877
2025-09-26,143.26622813410359,199111.5548398583,199254.8210679924,0.0007190100965497661,-0.009364996769105516
2025-09-29,143.26622813410359,202407.9620044829,202551.228232617,0.0007073086121678392,0.016543675816505177
2025-09-30,143.26622813410359,202964.49827902988,203107.76450716399,0.0007053705134401709,0.0027476321886719113
2025-10-09,143.26622813410359,206175.2844783396,206318.5507064737,0.0006943933429327269,0.015808288802255266
2025-10-10,143.26622813410359,202022.66766056576,202165.93388869986,0.000708656623687041,-0.020127210100858606
2025-10-13,143.26622813410359,200866.78462881426,201010.05085694836,0.0007127316645278649,-0.005717496560957991
2025-10-14,143.26622813410359,198854.6919439135,198997.9581720476,0.0007199381815276715,-0.010009910829447577
2025-10-15,143.26622813410359,201466.13138601874,201609.39761415284,0.0007106128475632447,0.013122945914085582
2025-10-16,143.26622813410359,202108.28862588067,202251.55485401477,0.0007083566217204767,0.003185155292666053
2025-10-17,143.26622813410359,197955.67180810677,198098.93803624087,0.00072320543236781,-0.02053194014143056
2025-10-20,143.26622813410359,198640.63953062618,198783.9057587603,0.0007207134178557105,0.003457705171514336
2025-10-21,143.26622813410359,201637.37331664856,201780.63954478267,0.0007100097831849099,0.01507533406481687
2025-10-22,143.26622813410359,200995.21607678666,201138.48230492076,0.0007122765693186234,-0.0031824521981425047
2025-10-23,143.26622813410359,201765.80476462096,201909.07099275506,0.0007095581562021266,0.003831135041906686
2025-10-24,143.26622813410359,204206.00227609632,204349.26850423042,0.0007010851038653838,0.012085625967557023
2025-10-27,143.26622813410359,206603.3893049142,206746.6555330483,0.0006929554810196318,0.011731811160206052
2025-10-28,143.26622813410359,205575.93772113512,205719.20394926923,0.0006964164034458997,-0.004969616466733218
2025-10-29,143.26622813410359,208144.56668058288,208287.83290871698,0.0006878281181065944,0.012486092256516645
2025-10-30,143.26622813410359,206474.95785694188,206618.22408507598,0.000693386213962971,-0.008015873036485544
2025-10-31,143.26622813410359,203606.65551889187,203749.92174702598,0.0007031474019998968,-0.013882136247908905
2025-11-03,143.26622813410359,203906.3288974941,204049.5951256282,0.0007021147385560759,0.001470790153108803
2025-11-04,143.26622813410359,202450.77248714038,202594.03871527448,0.0007071591496107634,-0.007133346231133486
2025-11-05,143.26622813410359,202707.63538308517,202850.90161121928,0.000706263699082222,0.0012678699609014465
2025-11-06,143.26622813410359,205704.36916910752,205847.63539724163,0.0006959818987360754,0.014773085858725166
2025-11-07,143.26622813410359,205276.26434253287,205419.53057066698,0.000697432360672337,-0.0020797169991703113
2025-11-10,143.26622813410359,205789.99013442246,205933.25636255657,0.0006956925300198997,0.002500861483143435
2025-11-11,143.26622813410359,203906.3288974941,204049.5951256282,0.0007021147385560759,-0.009146950182791658
2025-11-12,143.26622813410359,203991.949862809,204135.2160909431,0.000701820248742764,0.00041960860183132276
2025-11-13,143.26622813410359,206004.04254770975,206147.30877584385,0.0006949701598573156,0.00985666620111414
2025-11-14,143.26622813410359,202964.49827902988,203107.76450716399,0.0007053705134401709,-0.014744525585754453
2025-11-17,143.26622813410359,201637.37331664856,201780.63954478267,0.0007100097831849099,-0.006534092704932104
2025-11-18,143.26622813410359,200481.4902848971,200624.7565130312,0.0007141004461470736,-0.005728413956656797
2025-11-19,143.26622813410359,201080.83704210157,201224.10327023568,0.0007119734952512271,0.0029874017923881002
2025-11-20,143.26622813410359,200181.81690629484,200325.08313442895,0.0007151686942666296,-0.004467755707174836
2025-11-21,143.26622813410359,195387.04284865907,195530.30907679317,0.0007327059871717216,-0.023934966019298898
2025-11-24,143.26622813410359,195087.36947005682,195230.63569819092,0.0007338306696679528,-0.0015326185490994737
2025-11-25,143.26622813410359,196799.78877635533,196943.05500448943,0.0007274500140705025,0.008771263281372343
2025-11-26,143.26622813410359,198041.29277342174,198184.55900155584,0.000722892988514705,0.006303872949660949
2025-11-27,143.26622813410359,197870.05084279185,198013.31707092596,0.0007235181464223811,-0.0008640528378830448
2025-11-28,143.26622813410359,198426.5871173389,198569.853345473,0.0007214903255472932,0.0028106002302243915
2025-12-01,143.26622813410359,200652.73221552695,200795.99844366105,0.0007134914502506929,0.011210891586423077
2025-12-02,143.26622813410359,199753.71207972025,199896.97830785436,0.0007167003190686768,-0.004477281134957156
2025-12-03,143.26622813410359,198854.6919439135,198997.9581720476,0.0007199381815276715,-0.004497417336755349
2025-12-04,143.26622813410359,199368.41773580306,199511.68396393716,0.0007180844013125555,0.0025815631306398412
2025-12-05,143.26622813410359,201123.64752475906,201266.91375289316,0.0007118220549155918,0.008797629061530365
2025-12-08,143.26622813410359,202579.20393511278,202722.47016324688,0.000706711140697601,0.007231970636469187
2025-12-09,143.26622813410359,201551.75235133365,201695.01857946775,0.0007103111873715252,-0.005068266891932294
2025-12-10,143.26622813410359,201294.88945538888,201438.155683523,0.0007112169372677706,-0.0012735212686652009
2025-12-11,143.26622813410359,199839.33304503516,199982.59927316927,0.0007163934695058489,-0.007225822761406375
2025-12-12,143.26622813410359,200952.40559412917,201095.67182226328,0.000712428203132727,0.005565846994385781
2025-12-15,143.26622813410359,199796.52256237768,199939.78879051178,0.0007165468614364282,-0.005747925956223976
2025-12-16,143.26622813410359,197784.42987747694,197927.69610561104,0.0007238311310290755,-0.010063493099959797
2025-12-17,143.26622813410359,201166.45800741648,201309.7242355506,0.000711670678990495,0.01708718990057334
2025-12-18,143.26622813410359,199839.33304503516,199982.59927316927,0.0007163934695058489,-0.006592453332400661
2025-12-19,143.26622813410359,200695.54269818438,200838.80892631848,0.0007133393635423496,0.004281420764912003
2025-12-22,143.26622813410359,202493.58296979783,202636.84919793194,0.0007070097502067049,0.008952653529592958
2025-12-23,143.26622813410359,202921.68779637245,203064.95402450656,0.000705519220794809,0.0021126701696612127
2025-12-24,143.26622813410359,203649.4660015493,203792.7322296834,0.0007029996927105144,0.0035839675470983323
2025-12-25,143.26622813410359,204034.7603454665,204178.0265736006,0.0007016730964556562,0.0018906186678087078
2025-12-26,143.26622813410359,204805.3490333008,204948.6152614349,0.0006990348676001127,0.00377410194801997
2025-12-29,143.26622813410359,203906.3288974941,204049.5951256282,0.0007021147385560759,-0.004386563601124549
2025-12-30,143.26622813410359,204334.43372406872,204477.69995220282,0.0007006447557244258,0.002098043009156836
2025-12-31,143.26622813410359,203478.22407091947,203621.49029905358,0.0007035909025304363,-0.004187300880973299
2026-01-05,143.26622813410359,207373.97799274855,207517.24422088265,0.0006903822796606248,0.01913233183839047
2026-01-06,143.26622813410359,210584.76419205824,210728.03042019234,0.0006798631764764767,0.015472382603019197
2026-01-07,143.26622813410359,209814.1755042239,209957.441732358,0.0006823584196493085,-0.0036567925315762473
2026-01-08,143.26622813410359,208187.37716324037,208330.64339137447,0.0006876867742637387,-0.007748229010416718
2026-01-09,143.26622813410359,209129.20778170452,209272.47400983862,0.0006845918404317624,0.004520845340523438
2026-01-12,143.26622813410359,210327.90129611347,210471.16752424758,0.0006806928940402178,0.005727908173688512
2026-01-13,143.26622813410359,209600.1230909366,209743.3893190707,0.0006830547966217939,-0.0034578522737230832
2026-01-14,143.26622813410359,208315.8086112127,208459.0748393468,0.0006872630910624285,-0.006123265595609051
2026-01-15,143.26622813410359,208701.1029551299,208844.369183264,0.0006859951680496847,0.0018482972939131148
2026-01-16,143.26622813410359,208016.1352326105,208159.40146074462,0.0006882524984638813,-0.003279799810730455
2026-01-19,143.26622813410359,208101.75619792548,208245.0224260596,0.000687969520063666,0.00041132403683974417
2026-01-20,143.26622813410359,207486.85020662725,207630.11643476135,0.0006900069729485448,-0.002952800427758473
2026-01-21,143.26622813410359,207750.38134575504,207893.64757388915,0.000689132303011732,0.001269233691397531
2026-01-22,143.26622813410359,207618.61577619115,207761.88200432525,0.0006895693606160201,-0.0006338123896597603
2026-01-23,143.26622813410359,206608.4130762012,206751.6793043353,0.0006929386431885658,-0.004862310113117441
2026-01-26,143.26622813410359,206959.7879283716,207103.0541565057,0.000691762990737156,0.001699501805028536
2026-01-27,143.26622813410359,206871.94421532901,207015.21044346312,0.0006920565296975137,-0.00042415459974920466
2026-01-28,143.26622813410359,207530.77206314853,207674.03829128263,0.0006898610404693871,0.0031825093741091326
2026-01-29,143.26622813410359,209419.41189356448,209562.67812169858,0.0006836438120479884,0.009094251000054898
2026-01-30,143.26622813410359,206915.86607185032,207059.13229998443,0.0006919097290842572,-0.011946525231273708
2026-02-02,143.26622813410359,202040.53999798585,202183.80622611995,0.0007085939809337468,-0.02354557376779287
2026-02-03,143.26622813410359,204851.53881534914,204994.80504348324,0.0006988773598614567,0.013903184779395783
2026-02-04,143.26622813410359,206740.17864576512,206883.44487389922,0.0006924973055307931,0.009213110693294668
2026-02-05,143.26622813410359,205510.36666316868,205653.63289130278,0.0006966384503882129,-0.005944467829922528
2026-02-06,143.26622813410359,204192.71096752962,204335.97719566373,0.0007011307068892608,-0.00640715983041007
2026-02-09,143.26622813410359,207618.61577619115,207761.88200432525,0.0006895693606160201,0.016766038245829895
2026-02-10,143.26622813410359,207882.1469153189,208025.413143453,0.0006886957990815675,0.0012684287251607529
2026-02-11,143.26622813410359,207442.92835010594,207586.19457824004,0.0006901529671815723,-0.0021113697532237907
2026-02-12,143.26622813410359,207618.61577619115,207761.88200432525,0.0006895693606160201,0.0008463348270444371
2026-02-13,143.26622813410359,205158.99181099827,205302.25803913237,0.0006978307472234222,-0.011838668101503247
2026-02-24,143.26622813410359,207135.4753544568,207278.7415825909,0.0006911766592186622,0.009627188528446684
2026-02-25,143.26622813410359,208628.81847618104,208772.08470431514,0.0006862326844942521,0.007204516538080297
2026-02-26,143.26622813410359,207969.99062836156,208113.25685649566,0.000688405103538852,-0.0031557276862593797
2026-02-27,143.26622813410359,207530.77206314853,207674.03829128263,0.0006898610404693871,-0.002110478553107753
2026-03-02,143.26622813410359,208145.67805444676,208288.94428258087,0.000687824448040495,0.0029609189302506334
2026-03-03,143.26622813410359,205466.44480664737,205609.71103478147,0.0006967872646339564,-0.012863060288809791
2026-03-04,143.26622813410359,202479.7585631989,202623.024791333,0.0007070579875196476,-0.014525997961950532
2026-03-05,143.26622813410359,204412.32025013614,204555.58647827024,0.0007003779784294605,0.009537720053915066
2026-03-06,143.26622813410359,204983.30438491303,205126.57061304714,0.0006984284274140305,0.002791339726317066
2026-03-09,143.26622813410359,203314.2738371036,203457.5400652377,0.0007041578704242956,-0.008136588755037089
2026-03-10,143.26622813410359,205686.05408925386,205829.32031738796,0.0006960438285137786,0.011657372105205566
2026-03-11,143.26622813410359,206915.86607185032,207059.13229998443,0.0006919097290842572,0.005974911546615891
2026-03-12,143.26622813410359,206169.1945109882,206312.4607391223,0.0006944138401570454,-0.003606078865337703
2026-03-13,143.26622813410359,205422.52295012606,205565.78917826017,0.0006969361424719735,-0.0036191297325772753
2026-03-16,143.26622813410359,205554.28851968996,205697.55474782406,0.0006964896996940072,0.0006409897779713347
2026-03-17,143.26622813410359,204060.94539796573,204204.21162609983,0.0007015831210985288,-0.0072598972970534525
2026-03-18,143.26622813410359,204763.69510230655,204906.96133044065,0.0006991769689223349,0.003441406515295453
2026-03-19,143.26622813410359,201996.61814146457,202139.88436959867,0.0007087479473974136,-0.013504065176095592
2026-03-20,143.26622813410359,200986.41544147464,201129.68166960875,0.0007123077357097588,-0.004997542682585343
2026-03-23,143.26622813410359,194573.82438936466,194717.09061749876,0.0007357660679900719,-0.03188286780388694
2026-03-24,143.26622813410359,196725.99535890843,196869.26158704254,0.0007277226875296668,0.011052809810986108
2026-03-25,143.26622813410359,199580.916032793,199724.1822609271,0.0007173203891100941,0.014501607060797062
2026-03-26,143.26622813410359,197121.29206760012,197264.55829573423,0.0007262644104539161,-0.012315103445908915
2026-03-27,143.26622813410359,197999.72919802615,198142.99542616025,0.0007230446265636124,0.004453091513322516
2026-03-30,143.26622813410359,197648.35434585574,197791.62057398984,0.0007243291081712463,-0.0017733397610886215
2026-03-31,143.26622813410359,196023.2456545676,196166.5118827017,0.0007303296916436481,-0.008216266627332769
2026-04-01,143.26622813410359,199141.69746757997,199284.96369571408,0.0007189013434694207,0.01589696316197453
2026-04-02,143.26622813410359,197165.2139241214,197308.4801522555,0.0007261027403563722,-0.009917875924028263
2026-04-03,143.26622813410359,195627.94894587586,195771.21517400997,0.0007318043564615071,-0.007791175407459883
2026-04-07,143.26622813410359,195276.57409370548,195419.84032183958,0.0007331201780646044,-0.0017948238808144223
2026-04-08,143.26622813410359,202128.38371102847,202271.64993916257,0.0007082862486027771,0.03506199578322566
2026-04-09,143.26622813410359,200810.7280153894,200953.9942435235,0.0007129304827874595,-0.006514287573346822
2026-04-10,143.26622813410359,203885.25797188055,204028.52420001465,0.0007021872490419812,0.015299670793133435
2026-04-13,143.26622813410359,204324.47653709352,204467.74276522762,0.0007006788757804386,0.0021527311778346547
2026-04-14,143.26622813410359,206959.7879283716,207103.0541565057,0.000691762990737156,0.01288864128707079
2026-04-15,143.26622813410359,206169.1945109882,206312.4607391223,0.0006944138401570454,-0.003817391397743286
2026-04-16,143.26622813410359,208453.13105009586,208596.39727822997,0.0006868106544669238,0.011070279182000764
2026-04-17,143.26622813410359,208145.67805444676,208288.94428258087,0.000687824448040495,-0.001473913258621673
2026-04-20,143.26622813410359,209287.64632400055,209430.91255213466,0.0006840739334430376,0.005482615860803897
2026-04-21,143.26622813410359,209770.7867457349,209914.052973869,0.0006824994615864903,0.002306920291024639
2026-04-22,143.26622813410359,211308.05172398043,211451.31795211454,0.0006775376456463979,0.007323306641298988
2026-04-23,143.26622813410359,210868.83315876743,211012.09938690154,0.0006789479302389082,-0.0020771616344924526
2026-04-24,143.26622813410359,210034.31788486268,210177.5841129968,0.0006816437097168271,-0.003954821909878392
2026-04-27,143.26622813410359,210034.31788486268,210177.5841129968,0.0006816437097168271,0.0
2026-04-28,143.26622813410359,209507.25560660707,209650.52183474117,0.0006833573648198902,-0.002507699764843885
2026-04-29,143.26622813410359,211747.27028919343,211890.53651732753,0.0006761332076875829,0.010684517562766116
2026-04-30,143.26622813410359,211879.03585875736,212022.30208689146,0.0006757130109614124,0.0006218567932747554
2026-05-06,143.26622813410359,214690.03467612065,214833.30090425475,0.000666871604779528,0.013258033658229307
2026-05-07,143.26622813410359,215744.15923263188,215887.42546076598,0.0006636154367413116,0.004906709304722812
2026-05-08,143.26622813410359,214602.19096307803,214745.45719121213,0.0006671443950804392,-0.005289646986694874
2026-05-11,143.26622813410359,218115.93948478214,218259.20571291624,0.0006564040571216342,0.016362388139253836
2026-05-12,143.26622813410359,217984.17391521824,218127.44014335235,0.0006568005751131067,-0.0006037113950519979
2026-05-13,143.26622813410359,220355.9541673685,220499.2203955026,0.0006497357581452279,0.010873369487999884
2026-05-14,143.26622813410359,217017.8930717496,217161.1592998837,0.0006597230766127169,-0.015138652597644242
2026-05-15,143.26622813410359,214250.81611090762,214394.08233904172,0.0006682377916921378,-0.012742043603759079
2026-05-18,143.26622813410359,213108.8478413538,213252.1140694879,0.0006718162150899967,-0.0053264915574857685
2026-05-19,143.26622813410359,213855.5194022159,213998.78563035,0.0006694721547699526,0.0035013559613237266
2026-05-20,143.26622813410359,213943.36311525854,214086.62934339265,0.0006691974579332841,0.00041048696974566035
2026-05-21,143.26622813410359,211176.28615441654,211319.55238255064,0.0006779601154688682,-0.012925033988944956
2026-05-22,143.26622813410359,213548.0664065668,213691.3326347009,0.0006704353722151803,0.011223666837305357
2026-05-25,143.26622813410359,216842.20564566442,216985.47187379852,0.0006602572370256614,0.015415408750942827
2026-05-26,143.26622813410359,218379.47062390996,218522.73685204407,0.0006556124557011444,0.007084644722848754
2026-05-27,143.26622813410359,216622.5963630579,216765.862591192,0.0006609261551681478,-0.008039777856350017
2026-05-28,143.26622813410359,216622.5963630579,216765.862591192,0.0006609261551681478,0.0
2026-05-29,143.26622813410359,216227.2996543662,216370.5658825003,0.0006621336296356691,-0.0018236114486219757
2026-06-01,143.26622813410359,213811.59754569462,213954.86377382872,0.0006696095877752517,-0.011164652173546563
2026-06-02,143.26622813410359,216798.28378914308,216941.5500172772,0.0006603909123111451,0.013959422051772918
2026-06-03,143.26622813410359,218072.01762826083,218215.28385639493,0.0006565361765786558,0.005871322662792444
2026-06-04,143.26622813410359,216359.06522393008,216502.3314520642,0.0006617306482254865,-0.007849827812510202
2026-06-05,143.26622813410359,212713.55113266208,212856.81736079618,0.0006730638459714669,-0.016838220941168713
2026-06-08,143.26622813410359,208145.67805444676,208288.94428258087,0.000687824448040495,-0.0214598392236256
2026-06-09,143.26622813410359,211966.87957179995,212110.14579993405,0.0006754331698457968,0.01834567614961391
2026-06-10,143.26622813410359,210122.1615979053,210265.4278260394,0.0006813589357763236,-0.008696981310995944
2026-06-11,143.26622813410359,208672.74033270238,208816.00656083648,0.0006860883439621013,-0.006893293301655334
2026-06-12,143.26622813410359,211615.50471962953,211758.77094776364,0.0006765539273433179,0.014092618834130377
2026-06-15,143.26622813410359,216051.61222828095,216194.87845641506,0.000662671702294678,0.02094887257229927
2026-06-16,143.26622813410359,215656.31551958926,215799.58174772336,0.0006638855690720772,-0.0018284277199998034
2026-06-17,143.26622813410359,217764.56463261173,217907.83086074583,0.0006574625040697045,0.009769477289752526
2026-06-18,143.26622813410359,218906.53290216555,219049.79913029965,0.0006540349669477809,0.0052406022539115416
2026-06-22,143.26622813410359,223606.17154994482,223749.43777807892,0.0006402976005517346,0.021454658559096673
2026-06-23,143.26622813410359,217061.8149282709,217205.081156405,0.0006595896715277138,-0.029248594707821263
2026-06-24,143.26622813410359,218159.86134130342,218303.12756943752,0.0006562719908285953,0.005055344042535603
2026-06-25,143.26622813410359,221717.53171952884,221860.79794766294,0.0006457482775659184,0.016296928119336362
2026-06-26,143.26622813410359,215524.54995002536,215667.81617815947,0.0006642911801719818,-0.027913817252944395
2026-06-29,143.26622813410359,217808.486489133,217951.7527172671,0.0006573300115643134,0.010590066610684845
2026-06-30,143.26622813410359,220443.7978804111,220587.0641085452,0.0006494770158580377,0.012091260374935686
2026-07-01,143.26622813410359,219521.43889346378,219664.7051215979,0.0006522041310860429,-0.004181382941356171
2026-07-02,143.26622813410359,213021.00412831118,213164.27035644528,0.0006720930665094069,-0.029592531770428088
2026-07-03,143.26622813410359,214162.97239786503,214306.23862599913,0.0006685117010715099,0.005357221769128007
2026-07-06,143.26622813410359,214206.8942543863,214350.1604825204,0.000668374718318844,0.00020494903369527862
2026-07-07,143.26622813410359,211966.87957179995,212110.14579993405,0.0006754331698457968,-0.010450258947993785
2026-07-08,143.26622813410359,210737.0675892035,210880.3338173376,0.0006793721611717446,-0.0057979875406639625
2026-07-09,143.26622813410359,215919.84665871708,216063.1128868512,0.0006630758310379886,0.02457687246456497
2026-07-10,143.26622813410359,212098.64514136384,212241.91136949795,0.0006750138425048734,-0.01768558022837685
2026-07-13,143.26622813410359,208365.28733705325,208508.55356518735,0.0006871000046974733,-0.017590106403683303
2026-07-14,143.26622813410359,212450.01999353425,212593.28622166836,0.0006738981775027537,0.0195902402402115
2026-07-15,143.26622813410359,212493.9418500556,212637.2080781897,0.000673758978632858,0.00020660039318243228
2026-07-16,143.26622813410359,208760.58404574497,208903.85027387907,0.0006857998449826433,-0.01755740605349665
2026-07-17,143.26622813410359,201557.3995762516,201700.6658043857,0.0007102913000448235,-0.03448086026202857
2026-07-20,143.26622813410359,204236.63282405093,204379.89905218504,0.0007009800317864083,0.013283214693984746
2026-07-21,143.26622813410359,210253.9271674692,210397.1933956033,0.0006809322207294113,0.029441713061429065
2026-07-22,143.26622813410359,209287.64632400055,209430.91255213466,0.0006840739334430376,-0.004592650823301514
2026-07-23,143.26622813410359,210253.9271674692,210397.1933956033,0.0006809322207294113,0.004613840582049278
2026-07-24,143.26622813410359,206476.64750663727,206619.91373477137,0.0006933805437456912,-0.017953089581996595
