trade_date,symbol,shares,average_cost,close,market_value
2008-11-03,SH600008,105800,3.781133732891083,3.880000114440918,410504.0121078491
2008-11-03,SH600026,54700,7.302189713811874,7.579999923706055,414625.9958267212
2008-11-03,SH600110,107500,3.7211160286188125,3.629999876022339,390224.9866724014
2008-11-03,SH600117,116200,3.4410320572376247,3.369999885559082,391593.98670196533
2008-11-03,SH600158,120800,3.3109931812524795,3.2400002479553223,391392.02995300293
2008-11-03,SH600307,102500,3.9011703338861468,3.7400002479553223,383350.02541542053
2008-11-03,SH600309,47700,8.372510885524749,8.639999389648438,412127.97088623047
2008-11-03,SH600376,83600,4.781433732891083,4.860000133514404,406296.0111618042
2008-11-03,SH600380,138400,2.8908668664455415,2.7799999713897705,384751.99604034424
2008-11-03,SH600432,50800,7.872360408544541,7.510000228881836,381508.01162719727
2008-11-03,SH600456,42100,9.482843542099,9.290000915527344,391109.0385437012
2008-11-03,SH600595,78800,5.071521171712876,4.970000267028809,391636.0210418701
2008-11-03,SH600748,67700,5.901769618415833,5.830000400543213,394691.0271167755
2008-11-03,SH600804,78500,5.091526675653458,4.929999828338623,387004.9865245819
2008-11-03,SH601111,115900,3.451034809207916,3.3999998569488525,394059.983420372
2008-11-03,SH601168,72700,5.501650000000001,5.560000419616699,404212.03050613403
2008-11-03,SH601588,160000,2.50075,2.5,400000.0
2008-11-03,SZ000572,162600,2.4607380381584165,2.5399999618530273,413003.99379730225
2008-11-03,SZ000581,96300,4.151245095396042,4.21999979019165,406385.97979545593
2008-11-03,SZ000751,168700,2.3707111240148544,2.2900002002716064,386323.03378582
2008-11-03,SZ000755,102000,3.921175837826729,3.820000171661377,389640.01750946045
2008-11-03,SZ000878,55200,7.242172248029709,7.140000343322754,394128.018951416
2008-11-03,SZ000960,45400,8.812642465782165,8.710000038146973,395434.00173187256
2008-11-03,SZ002097,58900,6.792037438821792,7.009999752044678,412888.9853954315
2008-11-03,SZ002202,24200,16.50495,17.119998931884766,414303.9741516113
2008-11-04,SH600008,105800,3.781133732891083,3.930000066757202,415794.007062912
2008-11-04,SH600026,54700,7.302189713811874,7.4599995613098145,408061.97600364685
2008-11-04,SH600110,107500,3.7211160286188125,3.609999895095825,388074.9887228012
2008-11-04,SH600117,116200,3.4410320572376247,3.309999942779541,384621.99335098267
2008-11-04,SH600158,120800,3.3109931812524795,3.0899999141693115,373271.98963165283
2008-11-04,SH600307,102500,3.9011703338861468,3.6599998474121094,375149.9843597412
2008-11-04,SH600309,47700,8.372510885524749,8.59000015258789,409743.0072784424
2008-11-04,SH600376,83600,4.781433732891083,4.639999866485596,387903.9888381958
2008-11-04,SH600380,138400,2.8908668664455415,2.7699999809265137,383367.9973602295
2008-11-04,SH600432,50800,7.872360408544541,7.240000247955322,367792.0125961304
2008-11-04,SH600456,42100,9.482843542099,9.15000057220459,385215.02408981323
2008-11-04,SH600595,78800,5.071521171712876,4.890000343322754,385332.027053833
2008-11-04,SH600748,67700,5.901769618415833,5.53000020980835,374381.01420402527
2008-11-04,SH600804,78500,5.091526675653458,5.010000228881836,393285.0179672241
2008-11-04,SH601111,115900,3.451034809207916,3.4099998474121094,395218.9823150635
2008-11-04,SH601168,72700,5.501650000000001,5.409999847412109,393306.98890686035
2008-11-04,SH601588,160000,2.50075,2.4099998474121094,385599.9755859375
2008-11-04,SZ000572,162600,2.4607380381584165,2.7899999618530273,453653.99379730225
2008-11-04,SZ000581,96300,4.151245095396042,4.159999370574951,400607.9393863678
2008-11-04,SZ000751,168700,2.3707111240148544,2.190000057220459,369453.00965309143
2008-11-04,SZ000755,102000,3.921175837826729,3.7200000286102295,379440.0029182434
2008-11-04,SZ000878,55200,7.242172248029709,6.889999866485596,380327.9926300049
2008-11-04,SZ000960,45400,8.812642465782165,7.8600006103515625,356844.02770996094
2008-11-04,SZ002097,58900,6.792037438821792,7.289999961853027,429380.9977531433
2008-11-04,SZ002202,24200,16.50495,16.139999389648438,390587.9852294922
2008-11-05,SH600008,105800,3.781133732891083,4.019999980926514,425315.99798202515
2008-11-05,SH600026,54700,7.302189713811874,7.849999904632568,429394.9947834015
2008-11-05,SH600110,107500,3.7211160286188125,3.7300000190734863,400975.0020503998
2008-11-05,SH600117,116200,3.4410320572376247,3.640000104904175,422968.0121898651
2008-11-05,SH600158,120800,3.3109931812524795,3.2200000286102295,388976.0034561157
2008-11-05,SH600307,102500,3.9011703338861468,3.9000000953674316,399750.00977516174
2008-11-05,SH600309,47700,8.372510885524749,8.9399995803833,426437.97998428345
2008-11-05,SH600376,83600,4.781433732891083,4.940000534057617,412984.0446472168
2008-11-05,SH600380,138400,2.8908668664455415,2.859999895095825,395823.9854812622
2008-11-05,SH600432,50800,7.872360408544541,7.579999923706055,385063.9961242676
2008-11-05,SH600456,42100,9.482843542099,9.90999984741211,417210.9935760498
2008-11-05,SH600595,78800,5.071521171712876,5.059999942779541,398727.99549102783
2008-11-05,SH600748,67700,5.901769618415833,5.600000381469727,379120.0258255005
2008-11-05,SH600804,78500,5.091526675653458,5.510000228881836,432535.0179672241
2008-11-05,SH601111,115900,3.451034809207916,3.4800000190734863,403332.00221061707
2008-11-05,SH601168,72700,5.501650000000001,5.699999809265137,414389.98613357544
2008-11-05,SH601588,160000,2.50075,2.490000009536743,398400.0015258789
2008-11-05,SZ000572,162600,2.4607380381584165,2.7899999618530273,453653.99379730225
2008-11-05,SZ000581,96300,4.151245095396042,4.269999980926514,411200.99816322327
2008-11-05,SZ000751,168700,2.3707111240148544,2.2900002002716064,386323.03378582
2008-11-05,SZ000755,102000,3.921175837826729,3.890000104904175,396780.01070022583
2008-11-05,SZ000878,55200,7.242172248029709,7.289999485015869,402407.971572876
2008-11-05,SZ000960,45400,8.812642465782165,8.180000305175781,371372.01385498047
2008-11-05,SZ002097,58900,6.792037438821792,7.5,441750.0
2008-11-05,SZ002202,24200,16.50495,16.5,399300.0
2008-11-06,SH600008,105800,3.781133732891083,3.9200000762939453,414736.0080718994
2008-11-06,SH600026,54700,7.302189713811874,7.309999942779541,399856.9968700409
2008-11-06,SH600110,107500,3.7211160286188125,3.7300000190734863,400975.0020503998
2008-11-06,SH600117,116200,3.4410320572376247,3.7200000286102295,432264.00332450867
2008-11-06,SH600158,120800,3.3109931812524795,3.249999761581421,392599.97119903564
2008-11-06,SH600307,102500,3.9011703338861468,4.039999485015869,414099.9472141266
2008-11-06,SH600309,47700,8.372510885524749,8.489999771118164,404972.9890823364
2008-11-06,SH600376,83600,4.781433732891083,4.829999923706055,403787.9936218262
2008-11-06,SH600380,138400,2.8908668664455415,2.7899997234344482,386135.96172332764
2008-11-06,SH600432,50800,7.872360408544541,7.269999980926514,369315.9990310669
2008-11-06,SH600456,42100,9.482843542099,9.829999923706055,413842.9967880249
2008-11-06,SH600595,78800,5.071521171712876,4.950000286102295,390060.02254486084
2008-11-06,SH600748,67700,5.901769618415833,5.5,372350.0
2008-11-06,SH600804,78500,5.091526675653458,5.519999980926514,433319.9985027313
2008-11-06,SH601111,115900,3.451034809207916,3.3500001430511475,388265.016579628
2008-11-06,SH601168,72700,5.501650000000001,5.639999866485596,410027.9902935028
2008-11-06,SH601588,160000,2.50075,2.4200000762939453,387200.01220703125
2008-11-06,SZ000572,162600,2.4607380381584165,3.069999933242798,499181.98914527893
2008-11-06,SZ000581,96300,4.151245095396042,4.199999809265137,404459.98163223267
2008-11-06,SZ000751,168700,2.3707111240148544,2.2699999809265137,382948.99678230286
2008-11-06,SZ000755,102000,3.921175837826729,3.859999895095825,393719.98929977417
2008-11-06,SZ000878,55200,7.242172248029709,7.099999904632568,391919.9947357178
2008-11-06,SZ000960,45400,8.812642465782165,7.929999351501465,360021.9705581665
2008-11-06,SZ002097,58900,6.792037438821792,7.150000095367432,421135.0056171417
2008-11-06,SZ002202,24200,16.50495,15.94999885559082,385989.97230529785
2008-11-07,SH600008,105800,3.781133732891083,3.9800000190734863,421084.00201797485
2008-11-07,SH600026,54700,7.302189713811874,7.409999847412109,405326.9916534424
2008-11-07,SH600110,107500,3.7211160286188125,3.799999952316284,408499.99487400055
2008-11-07,SH600117,116200,3.4410320572376247,3.68999981880188,428777.97894477844
2008-11-07,SH600158,120800,3.3109931812524795,3.359999895095825,405887.9873275757
2008-11-07,SH600307,102500,3.9011703338861468,4.0,410000.0
2008-11-07,SH600309,47700,8.372510885524749,8.350000381469727,398295.01819610596
2008-11-07,SH600376,83600,4.781433732891083,5.090000152587891,425524.01275634766
2008-11-07,SH600380,138400,2.8908668664455415,2.8500001430511475,394440.0197982788
2008-11-07,SH600432,50800,7.872360408544541,7.400000095367432,375920.0048446655
2008-11-07,SH600456,42100,9.482843542099,9.920000076293945,417632.0032119751
2008-11-07,SH600595,78800,5.071521171712876,5.019999980926514,395575.9984970093
2008-11-07,SH600748,67700,5.901769618415833,5.700000286102295,385890.01936912537
2008-11-07,SH600804,78500,5.091526675653458,5.610000133514404,440385.01048088074
2008-11-07,SH601111,115900,3.451034809207916,3.4200000762939453,396378.00884246826
2008-11-07,SH601168,72700,5.501650000000001,5.730000019073486,416571.00138664246
2008-11-07,SH601588,160000,2.50075,2.4800000190734863,396800.0030517578
2008-11-07,SZ000572,162600,2.4607380381584165,3.109999895095825,505685.9829425812
2008-11-07,SZ000581,96300,4.151245095396042,4.309999942779541,415052.9944896698
2008-11-07,SZ000751,168700,2.3707111240148544,2.3399999141693115,394757.98552036285
2008-11-07,SZ000755,102000,3.921175837826729,3.9800002574920654,405960.0262641907
2008-11-07,SZ000878,55200,7.242172248029709,7.269999980926514,401303.99894714355
2008-11-07,SZ000960,45400,8.812642465782165,8.229999542236328,373641.9792175293
2008-11-07,SZ002097,58900,6.792037438821792,7.250000476837158,427025.0280857086
2008-11-07,SZ002202,24200,16.50495,16.25,393250.0
2008-11-10,SH600008,105800,3.781133732891083,4.260000228881836,450708.02421569824
2008-11-10,SH600026,54700,7.302189713811874,8.079999923706055,441975.9958267212
2008-11-10,SH600110,107500,3.7211160286188125,4.079999923706055,438599.9917984009
2008-11-10,SH600117,116200,3.4410320572376247,4.059999942779541,471771.99335098267
2008-11-10,SH600158,120800,3.3109931812524795,3.609999895095825,436087.9873275757
2008-11-10,SH600307,102500,3.9011703338861468,4.400000095367432,451000.00977516174
2008-11-10,SH600309,47700,8.372510885524749,9.030000686645508,430731.0327529907
2008-11-10,SH600376,83600,4.781433732891083,5.510000228881836,460636.0191345215
2008-11-10,SH600380,138400,2.8908668664455415,3.049999713897705,422119.9604034424
2008-11-10,SH600432,50800,7.872360408544541,8.140000343322754,413512.0174407959
2008-11-10,SH600456,42100,9.482843542099,10.860000610351562,457206.0256958008
2008-11-10,SH600595,78800,5.071521171712876,5.519999980926514,434975.9984970093
2008-11-10,SH600748,67700,5.901769618415833,6.180000305175781,418386.0206604004
2008-11-10,SH600804,78500,5.091526675653458,6.169999599456787,484344.9685573578
2008-11-10,SH601111,115900,3.451034809207916,3.759999990463257,435783.99889469147
2008-11-10,SH601168,72700,5.501650000000001,6.299999713897705,458009.97920036316
2008-11-10,SH601588,160000,2.50075,2.679999828338623,428799.9725341797
2008-11-10,SZ000572,162600,2.4607380381584165,3.2700002193450928,531702.0356655121
2008-11-10,SZ000581,96300,4.151245095396042,4.650000095367432,447795.00918388367
2008-11-10,SZ000751,168700,2.3707111240148544,2.5299999713897705,426810.9951734543
2008-11-10,SZ000755,102000,3.921175837826729,4.309999942779541,439619.9941635132
2008-11-10,SZ000878,55200,7.242172248029709,8.0,441600.0
2008-11-10,SZ000960,45400,8.812642465782165,9.049999237060547,410869.9653625488
2008-11-10,SZ002097,58900,6.792037438821792,7.979999542236328,470021.9730377197
2008-11-10,SZ002202,24200,16.50495,17.8799991607666,432695.97969055176
2008-11-11,SH600008,105800,3.781133732891083,4.260000228881836,450708.02421569824
2008-11-11,SH600026,54700,7.302189713811874,8.170000076293945,446899.0041732788
2008-11-11,SH600110,107500,3.7211160286188125,4.03000020980835,433225.0225543976
2008-11-11,SH600117,116200,3.4410320572376247,4.159999847412109,483391.9822692871
2008-11-11,SH600158,120800,3.3109931812524795,3.6399998664855957,439711.98387145996
2008-11-11,SH600307,102500,3.9011703338861468,4.670000076293945,478675.0078201294
2008-11-11,SH600309,47700,8.372510885524749,8.930000305175781,425961.01455688477
2008-11-11,SH600376,83600,4.781433732891083,5.510000228881836,460636.0191345215
2008-11-11,SH600380,138400,2.8908668664455415,2.9700000286102295,411048.00395965576
2008-11-11,SH600432,50800,7.872360408544541,8.800000190734863,447040.00968933105
2008-11-11,SH600456,42100,9.482843542099,10.75,452575.0
2008-11-11,SH600595,78800,5.071521171712876,5.480000019073486,431824.0015029907
2008-11-11,SH600748,67700,5.901769618415833,5.989999771118164,405522.9845046997
2008-11-11,SH600804,78500,5.091526675653458,6.159999847412109,483559.9880218506
2008-11-11,SH601111,115900,3.451034809207916,3.7200000286102295,431148.0033159256
2008-11-11,SH601168,72700,5.501650000000001,6.380000114440918,463826.00831985474
2008-11-11,SH601588,160000,2.50075,2.679999828338623,428799.9725341797
2008-11-11,SZ000572,162600,2.4607380381584165,3.109999895095825,505685.9829425812
2008-11-11,SZ000581,96300,4.151245095396042,4.480000019073486,431424.00183677673
2008-11-11,SZ000751,168700,2.3707111240148544,2.549999952316284,430184.99195575714
2008-11-11,SZ000755,102000,3.921175837826729,4.380000114440918,446760.01167297363
2008-11-11,SZ000878,55200,7.242172248029709,7.970000267028809,439944.01473999023
2008-11-11,SZ000960,45400,8.812642465782165,9.140000343322754,414956.015586853
2008-11-11,SZ002097,58900,6.792037438821792,8.779999732971191,517141.9842720032
2008-11-11,SZ002202,24200,16.50495,18.529998779296875,448425.9704589844
2008-11-12,SH600008,105800,3.781133732891083,4.269999980926514,451765.99798202515
2008-11-12,SH600026,54700,7.302189713811874,8.449999809265137,462214.989566803
2008-11-12,SH600110,107500,3.7211160286188125,4.139999866485596,445049.98564720154
2008-11-12,SH600117,116200,3.4410320572376247,4.389999866485596,510117.9844856262
2008-11-12,SH600158,120800,3.3109931812524795,3.7699999809265137,455415.99769592285
2008-11-12,SH600307,102500,3.9011703338861468,4.680000305175781,479700.0312805176
2008-11-12,SH600309,47700,8.372510885524749,9.00999927520752,429776.9654273987
2008-11-12,SH600376,83600,4.781433732891083,5.609999656677246,468995.9712982178
2008-11-12,SH600380,138400,2.8908668664455415,3.1700000762939453,438728.01055908203
2008-11-12,SH600432,50800,7.872360408544541,8.970000267028809,455676.0135650635
2008-11-12,SH600456,42100,9.482843542099,10.789999008178711,454258.95824432373
2008-11-12,SH600595,78800,5.071521171712876,5.509999752044678,434187.9804611206
2008-11-12,SH600748,67700,5.901769618415833,6.190000057220459,419063.0038738251
2008-11-12,SH600804,78500,5.091526675653458,6.46999979019165,507894.98353004456
2008-11-12,SH601111,115900,3.451034809207916,3.8000001907348633,440420.02210617065
2008-11-12,SH601168,72700,5.501650000000001,6.400000095367432,465280.0069332123
2008-11-12,SH601588,160000,2.50075,2.7699999809265137,443199.9969482422
2008-11-12,SZ000572,162600,2.4607380381584165,3.140000104904175,510564.0170574188
2008-11-12,SZ000581,96300,4.151245095396042,4.670000076293945,449721.00734710693
2008-11-12,SZ000751,168700,2.3707111240148544,2.5999999046325684,438619.9839115143
2008-11-12,SZ000755,102000,3.921175837826729,4.630000114440918,472260.01167297363
2008-11-12,SZ000878,55200,7.242172248029709,8.100000381469727,447120.0210571289
2008-11-12,SZ000960,45400,8.812642465782165,9.5,431300.0
2008-11-12,SZ002097,58900,6.792037438821792,9.420000076293945,554838.0044937134
2008-11-12,SZ002202,24200,16.50495,18.529998779296875,448425.9704589844
2008-11-13,SH600008,105800,3.781133732891083,4.440000057220459,469752.00605392456
2008-11-13,SH600026,54700,7.302189713811874,8.779999732971191,480265.98539352417
2008-11-13,SH600110,107500,3.7211160286188125,4.330000400543213,465475.0430583954
2008-11-13,SH600117,116200,3.4410320572376247,4.829999923706055,561245.9911346436
2008-11-13,SH600158,120800,3.3109931812524795,4.150000095367432,501320.01152038574
2008-11-13,SH600307,102500,3.9011703338861468,5.130000114440918,525825.0117301941
2008-11-13,SH600309,47700,8.372510885524749,9.690000534057617,462213.02547454834
2008-11-13,SH600376,83600,4.781433732891083,5.889999866485596,492403.9888381958
2008-11-13,SH600380,138400,2.8908668664455415,3.259999990463257,451183.99868011475
2008-11-13,SH600432,50800,7.872360408544541,9.800000190734863,497840.00968933105
2008-11-13,SH600456,42100,9.482843542099,11.399999618530273,479939.9839401245
2008-11-13,SH600595,78800,5.071521171712876,5.829999923706055,459403.9939880371
2008-11-13,SH600748,67700,5.901769618415833,6.449999809265137,436664.98708724976
2008-11-13,SH600804,78500,5.091526675653458,7.119999885559082,558919.9910163879
2008-11-13,SH601111,115900,3.451034809207916,4.010000228881836,464759.0265274048
2008-11-13,SH601168,72700,5.501650000000001,6.720000267028809,488544.0194129944
2008-11-13,SH601588,160000,2.50075,2.919999837875366,467199.9740600586
2008-11-13,SZ000572,162600,2.4607380381584165,3.3600001335144043,546336.0217094421
2008-11-13,SZ000581,96300,4.151245095396042,5.139999866485596,494981.98714256287
2008-11-13,SZ000751,168700,2.3707111240148544,2.859999895095825,482481.9823026657
2008-11-13,SZ000755,102000,3.921175837826729,4.810000419616699,490620.0428009033
2008-11-13,SZ000878,55200,7.242172248029709,8.800000190734863,485760.01052856445
2008-11-13,SZ000960,45400,8.812642465782165,10.079999923706055,457631.9965362549
2008-11-13,SZ002097,58900,6.792037438821792,9.960000038146973,586644.0022468567
2008-11-13,SZ002202,24200,16.50495,20.0,484000.0
2008-11-14,SH600008,105800,3.781133732891083,4.779999732971191,505723.97174835205
2008-11-14,SH600026,54700,7.302189713811874,9.5,519650.0
2008-11-14,SH600110,107500,3.7211160286188125,4.570000171661377,491275.018453598
2008-11-14,SH600117,116200,3.4410320572376247,5.019999980926514,583323.9977836609
2008-11-14,SH600158,120800,3.3109931812524795,4.449999809265137,537559.9769592285
2008-11-14,SH600307,102500,3.9011703338861468,5.380000114440918,551450.0117301941
2008-11-14,SH600309,47700,8.372510885524749,10.380001068115234,495126.0509490967
2008-11-14,SH600376,83600,4.781433732891083,6.480000019073486,541728.0015945435
2008-11-14,SH600380,138400,2.8908668664455415,3.3999998569488525,470559.9802017212
2008-11-14,SH600432,50800,7.872360408544541,10.779999732971191,547623.9864349365
2008-11-14,SH600456,42100,9.482843542099,12.329999923706055,519092.9967880249
2008-11-14,SH600595,78800,5.071521171712876,6.289999961853027,495651.99699401855
2008-11-14,SH600748,67700,5.901769618415833,6.940000057220459,469838.0038738251
2008-11-14,SH600804,78500,5.091526675653458,7.340000152587891,576190.0119781494
2008-11-14,SH601111,115900,3.451034809207916,4.2300004959106445,490257.0574760437
2008-11-14,SH601168,72700,5.501650000000001,7.099999904632568,516169.9930667877
2008-11-14,SH601588,160000,2.50075,3.129999876022339,500799.9801635742
2008-11-14,SZ000572,162600,2.4607380381584165,3.440000057220459,559344.0093040466
2008-11-14,SZ000581,96300,4.151245095396042,5.440000057220459,523872.0055103302
2008-11-14,SZ000751,168700,2.3707111240148544,3.069999933242798,517908.98873806
2008-11-14,SZ000755,102000,3.921175837826729,5.119999885559082,522239.98832702637
2008-11-14,SZ000878,55200,7.242172248029709,9.329999923706055,515015.9957885742
2008-11-14,SZ000960,45400,8.812642465782165,10.079999923706055,457631.9965362549
2008-11-14,SZ002097,58900,6.792037438821792,10.960000038146973,645544.0022468567
2008-11-14,SZ002202,24200,16.50495,21.85000228881836,528770.0553894043
2008-11-17,SH600008,105800,3.781133732891083,5.159999847412109,545927.9838562012
2008-11-17,SH600026,54700,7.302189713811874,9.569999694824219,523478.98330688477
2008-11-17,SH600110,107500,3.7211160286188125,4.850000381469727,521375.0410079956
2008-11-17,SH600117,116200,3.4410320572376247,5.100000381469727,592620.0443267822
2008-11-17,SH600158,120800,3.3109931812524795,4.550000190734863,549640.0230407715
2008-11-17,SH600307,102500,3.9011703338861468,5.46999979019165,560674.9784946442
2008-11-17,SH600309,47700,8.372510885524749,10.600000381469727,505620.01819610596
2008-11-17,SH600376,83600,4.781433732891083,7.089999675750732,592723.9728927612
2008-11-17,SH600380,138400,2.8908668664455415,3.7100000381469727,513464.005279541
2008-11-17,SH600432,50800,7.872360408544541,11.859999656677246,602487.9825592041
2008-11-17,SH600456,42100,9.482843542099,12.760000228881836,537196.0096359253
2008-11-17,SH600595,78800,5.071521171712876,6.560000419616699,516928.0330657959
2008-11-17,SH600748,67700,5.901769618415833,7.25,490825.0
2008-11-17,SH600804,78500,5.091526675653458,7.770000457763672,609945.0359344482
2008-11-17,SH601111,115900,3.451034809207916,4.650000095367432,538935.0110530853
2008-11-17,SH601168,72700,5.501650000000001,7.299999713897705,530709.9792003632
2008-11-17,SH601588,160000,2.50075,3.180000066757202,508800.01068115234
2008-11-17,SZ000572,162600,2.4607380381584165,3.7200000286102295,604872.0046520233
2008-11-17,SZ000581,96300,4.151245095396042,5.639999866485596,543131.9871425629
2008-11-17,SZ000751,168700,2.3707111240148544,3.190000295639038,538153.0498743057
2008-11-17,SZ000755,102000,3.921175837826729,5.279999732971191,538559.9727630615
2008-11-17,SZ000878,55200,7.242172248029709,9.84000015258789,543168.0084228516
2008-11-17,SZ000960,45400,8.812642465782165,11.09000015258789,503486.00692749023
2008-11-17,SZ002097,58900,6.792037438821792,12.059999465942383,710333.9685440063
2008-11-17,SZ002202,24200,16.50495,23.30000114440918,563860.0276947021
2008-11-18,SH600008,105800,3.781133732891083,5.260000228881836,556508.0242156982
2008-11-18,SH600026,54700,7.302189713811874,8.609999656677246,470966.98122024536
2008-11-18,SH600110,107500,3.7211160286188125,4.5,483750.0
2008-11-18,SH600117,116200,3.4410320572376247,4.590000152587891,533358.0177307129
2008-11-18,SH600158,120800,3.3109931812524795,4.099999904632568,495279.98847961426
2008-11-18,SH600307,102500,3.9011703338861468,4.920000076293945,504300.0078201294
2008-11-18,SH600309,47700,8.372510885524749,9.619998931884766,458873.9490509033
2008-11-18,SH600376,83600,4.781433732891083,6.480000019073486,541728.0015945435
2008-11-18,SH600380,138400,2.8908668664455415,3.3400001525878906,462256.02111816406
2008-11-18,SH600432,50800,7.872360408544541,10.670000076293945,542036.0038757324
2008-11-18,SH600456,42100,9.482843542099,11.480000495910645,483308.02087783813
2008-11-18,SH600595,78800,5.071521171712876,5.899999618530273,464919.96994018555
2008-11-18,SH600748,67700,5.901769618415833,6.529999256134033,442080.94964027405
2008-11-18,SH600804,78500,5.091526675653458,7.079999923706055,555779.9940109253
2008-11-18,SH601111,115900,3.451034809207916,4.429999828338623,513436.9801044464
2008-11-18,SH601168,72700,5.501650000000001,6.570000171661377,477639.0124797821
2008-11-18,SH601588,160000,2.50075,2.859999895095825,457599.98321533203
2008-11-18,SZ000572,162600,2.4607380381584165,3.3500001430511475,544710.0232601166
2008-11-18,SZ000581,96300,4.151245095396042,5.079999923706055,489203.99265289307
2008-11-18,SZ000751,168700,2.3707111240148544,2.869999885559082,484168.98069381714
2008-11-18,SZ000755,102000,3.921175837826729,4.75,484500.0
2008-11-18,SZ000878,55200,7.242172248029709,8.859999656677246,489071.981048584
2008-11-18,SZ000960,45400,8.812642465782165,10.140000343322754,460356.015586853
2008-11-18,SZ002097,58900,6.792037438821792,13.269999504089355,781602.970790863
2008-11-18,SZ002202,24200,16.50495,22.010000228881836,532642.0055389404
2008-11-19,SH600008,105800,3.781133732891083,5.609999656677246,593537.9636764526
2008-11-19,SH600026,54700,7.302189713811874,9.25999927520752,506521.9603538513
2008-11-19,SH600110,107500,3.7211160286188125,4.949999809265137,532124.9794960022
2008-11-19,SH600117,116200,3.4410320572376247,4.939999580383301,574027.9512405396
2008-11-19,SH600158,120800,3.3109931812524795,4.320000171661377,521856.02073669434
2008-11-19,SH600307,102500,3.9011703338861468,5.25,538125.0
2008-11-19,SH600309,47700,8.372510885524749,10.520000457763672,501804.02183532715
2008-11-19,SH600376,83600,4.781433732891083,7.130000114440918,596068.0095672607
2008-11-19,SH600380,138400,2.8908668664455415,3.5300002098083496,488552.0290374756
2008-11-19,SH600432,50800,7.872360408544541,10.670000076293945,542036.0038757324
2008-11-19,SH600456,42100,9.482843542099,12.139999389648438,511093.9743041992
2008-11-19,SH600595,78800,5.071521171712876,6.289999961853027,495651.99699401855
2008-11-19,SH600748,67700,5.901769618415833,6.909999847412109,467806.9896697998
2008-11-19,SH600804,78500,5.091526675653458,7.789999961853027,611514.9970054626
2008-11-19,SH601111,115900,3.451034809207916,4.599999904632568,533139.9889469147
2008-11-19,SH601168,72700,5.501650000000001,6.980000019073486,507446.00138664246
2008-11-19,SH601588,160000,2.50075,3.109999895095825,497599.98321533203
2008-11-19,SZ000572,162600,2.4607380381584165,3.690000057220459,599994.0093040466
2008-11-19,SZ000581,96300,4.151245095396042,5.469999313354492,526760.9338760376
2008-11-19,SZ000751,168700,2.3707111240148544,3.0099997520446777,507786.95816993713
2008-11-19,SZ000755,102000,3.921175837826729,5.019999980926514,512039.9980545044
2008-11-19,SZ000878,55200,7.242172248029709,9.359999656677246,516671.981048584
2008-11-19,SZ000960,45400,8.812642465782165,11.149999618530273,506209.9826812744
2008-11-19,SZ002097,58900,6.792037438821792,13.989999771118164,824010.9865188599
2008-11-19,SZ002202,24200,16.50495,23.399999618530273,566279.9907684326
2008-11-20,SH600008,105800,3.781133732891083,5.309999942779541,561797.9939460754
2008-11-20,SH600026,54700,7.302189713811874,8.779999732971191,480265.98539352417
2008-11-20,SH600110,107500,3.7211160286188125,4.970000267028809,534275.0287055969
2008-11-20,SH600117,116200,3.4410320572376247,4.810000419616699,558922.0487594604
2008-11-20,SH600158,120800,3.3109931812524795,4.380000114440918,529104.0138244629
2008-11-20,SH600307,102500,3.9011703338861468,5.039999961853027,516599.9960899353
2008-11-20,SH600309,47700,8.372510885524749,10.819999694824219,516113.98544311523
2008-11-20,SH600376,83600,4.781433732891083,7.170000076293945,599412.0063781738
2008-11-20,SH600380,138400,2.8908668664455415,3.4700000286102295,480248.00395965576
2008-11-20,SH600432,50800,7.872360408544541,11.180000305175781,567944.0155029297
2008-11-20,SH600456,42100,9.482843542099,12.069999694824219,508146.9871520996
2008-11-20,SH600595,78800,5.071521171712876,6.309999942779541,497227.99549102783
2008-11-20,SH600748,67700,5.901769618415833,7.599999904632568,514519.9935436249
2008-11-20,SH600804,78500,5.091526675653458,7.909999370574951,620934.9505901337
2008-11-20,SH601111,115900,3.451034809207916,4.46999979019165,518072.9756832123
2008-11-20,SH601168,72700,5.501650000000001,7.049999713897705,512534.97920036316
2008-11-20,SH601588,160000,2.50075,3.25,520000.0
2008-11-20,SZ000572,162600,2.4607380381584165,3.7300000190734863,606498.0031013489
2008-11-20,SZ000581,96300,4.151245095396042,5.400000095367432,520020.00918388367
2008-11-20,SZ000751,168700,2.3707111240148544,2.9800000190734863,502726.00321769714
2008-11-20,SZ000755,102000,3.921175837826729,4.820000171661377,491640.01750946045
2008-11-20,SZ000878,55200,7.242172248029709,9.300000190734863,513360.01052856445
2008-11-20,SZ000960,45400,8.812642465782165,11.070000648498535,502578.0294418335
2008-11-20,SZ002097,58900,6.792037438821792,12.780000686645508,752742.0404434204
2008-11-20,SZ002202,24200,16.50495,22.219999313354492,537723.9833831787
2008-11-21,SH600008,105800,3.781133732891083,5.090000152587891,538522.0161437988
2008-11-21,SH600026,54700,7.302189713811874,8.440000534057617,461668.02921295166
2008-11-21,SH600110,107500,3.7211160286188125,4.78000020980835,513850.0225543976
2008-11-21,SH600117,116200,3.4410320572376247,4.909999847412109,570541.9822692871
2008-11-21,SH600158,120800,3.3109931812524795,4.289999961853027,518231.9953918457
2008-11-21,SH600307,102500,3.9011703338861468,5.039999961853027,516599.9960899353
2008-11-21,SH600309,47700,8.372510885524749,10.899999618530273,519929.98180389404
2008-11-21,SH600376,83600,4.781433732891083,7.380000114440918,616968.0095672607
2008-11-21,SH600380,138400,2.8908668664455415,3.320000171661377,459488.02375793457
2008-11-21,SH600432,50800,7.872360408544541,10.710000038146973,544068.0019378662
2008-11-21,SH600456,42100,9.482843542099,11.480000495910645,483308.02087783813
2008-11-21,SH600595,78800,5.071521171712876,6.210000038146973,489348.00300598145
2008-11-21,SH600748,67700,5.901769618415833,8.360000610351562,565972.0413208008
2008-11-21,SH600804,78500,5.091526675653458,7.849999904632568,616224.9925136566
2008-11-21,SH601111,115900,3.451034809207916,4.329999923706055,501846.99115753174
2008-11-21,SH601168,72700,5.501650000000001,6.809999942779541,495086.99584007263
2008-11-21,SH601588,160000,2.50075,3.359999895095825,537599.983215332
2008-11-21,SZ000572,162600,2.4607380381584165,3.640000104904175,591864.0170574188
2008-11-21,SZ000581,96300,4.151245095396042,5.239999771118164,504611.9779586792
2008-11-21,SZ000751,168700,2.3707111240148544,2.9200000762939453,492604.0128707886
2008-11-21,SZ000755,102000,3.921175837826729,4.679999828338623,477359.98249053955
2008-11-21,SZ000878,55200,7.242172248029709,8.940000534057617,493488.02947998047
2008-11-21,SZ000960,45400,8.812642465782165,10.699999809265137,485779.9913406372
2008-11-21,SZ002097,58900,6.792037438821792,12.84999942779541,756864.9662971497
2008-11-21,SZ002202,24200,16.50495,21.369998931884766,517153.9741516113
2008-11-24,SH600008,105800,3.781133732891083,5.019999980926514,531115.9979820251
2008-11-24,SH600026,54700,7.302189713811874,8.039999961853027,439787.9979133606
2008-11-24,SH600110,107500,3.7211160286188125,4.409999847412109,474074.98359680176
2008-11-24,SH600117,116200,3.4410320572376247,4.659999847412109,541491.9822692871
2008-11-24,SH600158,120800,3.3109931812524795,4.199999809265137,507359.9769592285
2008-11-24,SH600307,102500,3.9011703338861468,4.759999752044678,487899.97458457947
2008-11-24,SH600309,47700,8.372510885524749,10.170000076293945,485109.0036392212
2008-11-24,SH600376,83600,4.781433732891083,6.639999866485596,555103.9888381958
2008-11-24,SH600380,138400,2.8908668664455415,3.320000171661377,459488.02375793457
2008-11-24,SH600432,50800,7.872360408544541,10.0,508000.0
2008-11-24,SH600456,42100,9.482843542099,10.920000076293945,459732.0032119751
2008-11-24,SH600595,78800,5.071521171712876,6.190000057220459,487772.00450897217
2008-11-24,SH600748,67700,5.901769618415833,7.520000457763672,509104.0309906006
2008-11-24,SH600804,78500,5.091526675653458,7.809999942779541,613084.995508194
2008-11-24,SH601111,115900,3.451034809207916,3.9099998474121094,453168.9823150635
2008-11-24,SH601168,72700,5.501650000000001,6.480000019073486,471096.00138664246
2008-11-24,SH601588,160000,2.50075,3.1600000858306885,505600.01373291016
2008-11-24,SZ000572,162600,2.4607380381584165,3.3600001335144043,546336.0217094421
2008-11-24,SZ000581,96300,4.151245095396042,4.970000267028809,478611.02571487427
2008-11-24,SZ000751,168700,2.3707111240148544,2.81000018119812,474047.03056812286
2008-11-24,SZ000755,102000,3.921175837826729,4.5,459000.0
2008-11-24,SZ000878,55200,7.242172248029709,8.569999694824219,473063.9831542969
2008-11-24,SZ000960,45400,8.812642465782165,10.149999618530273,460809.9826812744
2008-11-24,SZ002097,58900,6.792037438821792,11.730000495910645,690897.029209137
2008-11-24,SZ002202,24200,16.50495,20.78999900817871,503117.9759979248
2008-11-25,SH600008,105800,3.781133732891083,4.929999828338623,521593.9818382263
2008-11-25,SH600026,54700,7.302189713811874,7.970000267028809,435959.01460647583
2008-11-25,SH600110,107500,3.7211160286188125,4.619999885559082,496649.9876976013
2008-11-25,SH600117,116200,3.4410320572376247,4.730000019073486,549626.0022163391
2008-11-25,SH600158,120800,3.3109931812524795,4.080000400543213,492864.0483856201
2008-11-25,SH600307,102500,3.9011703338861468,4.830000400543213,495075.0410556793
2008-11-25,SH600309,47700,8.372510885524749,9.90999984741211,472706.9927215576
2008-11-25,SH600376,83600,4.781433732891083,6.480000019073486,541728.0015945435
2008-11-25,SH600380,138400,2.8908668664455415,3.4700000286102295,480248.00395965576
2008-11-25,SH600432,50800,7.872360408544541,9.980000495910645,506984.02519226074
2008-11-25,SH600456,42100,9.482843542099,10.649999618530273,448364.9839401245
2008-11-25,SH600595,78800,5.071521171712876,6.12000036239624,482256.02855682373
2008-11-25,SH600748,67700,5.901769618415833,7.819999694824219,529413.9793395996
2008-11-25,SH600804,78500,5.091526675653458,7.799999713897705,612299.9775409698
2008-11-25,SH601111,115900,3.451034809207916,3.819999933242798,442737.9922628403
2008-11-25,SH601168,72700,5.501650000000001,6.539999961853027,475457.9972267151
2008-11-25,SH601588,160000,2.50075,3.0899999141693115,494399.98626708984
2008-11-25,SZ000572,162600,2.4607380381584165,3.330000162124634,541458.0263614655
2008-11-25,SZ000581,96300,4.151245095396042,4.929999828338623,474758.9834690094
2008-11-25,SZ000751,168700,2.3707111240148544,2.8499999046325684,480794.9839115143
2008-11-25,SZ000755,102000,3.921175837826729,4.619999885559082,471239.98832702637
2008-11-25,SZ000878,55200,7.242172248029709,8.699999809265137,480239.98947143555
2008-11-25,SZ000960,45400,8.812642465782165,10.300000190734863,467620.0086593628
2008-11-25,SZ002097,58900,6.792037438821792,11.65999984741211,686773.9910125732
2008-11-25,SZ002202,24200,16.50495,20.739999771118164,501907.99446105957
2008-11-26,SH600008,105800,3.781133732891083,4.939999580383301,522651.9556045532
2008-11-26,SH600026,54700,7.302189713811874,8.09000015258789,442523.0083465576
2008-11-26,SH600110,107500,3.7211160286188125,4.62999963760376,497724.9610424042
2008-11-26,SH600117,116200,3.4410320572376247,5.090000152587891,591458.0177307129
2008-11-26,SH600158,120800,3.3109931812524795,4.009999752044678,484407.97004699707
2008-11-26,SH600307,102500,3.9011703338861468,5.139999866485596,526849.9863147736
2008-11-26,SH600309,47700,8.372510885524749,9.890000343322754,471753.01637649536
2008-11-26,SH600376,83600,4.781433732891083,7.0,585200.0
2008-11-26,SH600380,138400,2.8908668664455415,3.3499999046325684,463639.98680114746
2008-11-26,SH600432,50800,7.872360408544541,10.079999923706055,512063.9961242676
2008-11-26,SH600456,42100,9.482843542099,10.640000343322754,447944.01445388794
2008-11-26,SH600595,78800,5.071521171712876,6.050000190734863,476740.0150299072
2008-11-26,SH600748,67700,5.901769618415833,7.809999465942383,528736.9638442993
2008-11-26,SH600804,78500,5.091526675653458,7.799999713897705,612299.9775409698
2008-11-26,SH601111,115900,3.451034809207916,3.9099998474121094,453168.9823150635
2008-11-26,SH601168,72700,5.501650000000001,6.460000038146973,469642.0027732849
2008-11-26,SH601588,160000,2.50075,3.0899999141693115,494399.98626708984
2008-11-26,SZ000572,162600,2.4607380381584165,3.370000123977661,547962.0201587677
2008-11-26,SZ000581,96300,4.151245095396042,4.900000095367432,471870.00918388367
2008-11-26,SZ000751,168700,2.3707111240148544,2.830000162124634,477421.0273504257
2008-11-26,SZ000755,102000,3.921175837826729,4.589999675750732,468179.9669265747
2008-11-26,SZ000878,55200,7.242172248029709,8.539999961853027,471407.9978942871
2008-11-26,SZ000960,45400,8.812642465782165,10.130001068115234,459902.04849243164
2008-11-26,SZ002097,58900,6.792037438821792,11.670000076293945,687363.0044937134
2008-11-26,SZ002202,24200,16.50495,20.5,496100.0
2008-11-27,SH600008,105800,3.781133732891083,4.980000019073486,526884.0020179749
2008-11-27,SH600026,54700,7.302189713811874,8.170000076293945,446899.0041732788
2008-11-27,SH600110,107500,3.7211160286188125,4.690000057220459,504175.00615119934
2008-11-27,SH600117,116200,3.4410320572376247,5.199999809265137,604239.9778366089
2008-11-27,SH600158,120800,3.3109931812524795,4.059999942779541,490447.99308776855
2008-11-27,SH600307,102500,3.9011703338861468,5.480000019073486,561700.0019550323
2008-11-27,SH600309,47700,8.372510885524749,9.9399995803833,474137.97998428345
2008-11-27,SH600376,83600,4.781433732891083,7.550000190734863,631180.0159454346
2008-11-27,SH600380,138400,2.8908668664455415,3.390000104904175,469176.0145187378
2008-11-27,SH600432,50800,7.872360408544541,10.90999984741211,554227.9922485352
2008-11-27,SH600456,42100,9.482843542099,10.959999084472656,461415.9614562988
2008-11-27,SH600595,78800,5.071521171712876,6.099999904632568,480679.9924850464
2008-11-27,SH600748,67700,5.901769618415833,7.940000057220459,537538.0038738251
2008-11-27,SH600804,78500,5.091526675653458,7.909999370574951,620934.9505901337
2008-11-27,SH601111,115900,3.451034809207916,4.150000095367432,480985.0110530853
2008-11-27,SH601168,72700,5.501650000000001,6.529999732971191,474730.9805870056
2008-11-27,SH601588,160000,2.50075,3.3400001525878906,534400.0244140625
2008-11-27,SZ000572,162600,2.4607380381584165,3.430000066757202,557718.0108547211
2008-11-27,SZ000581,96300,4.151245095396042,4.900000095367432,471870.00918388367
2008-11-27,SZ000751,168700,2.3707111240148544,2.859999895095825,482481.9823026657
2008-11-27,SZ000755,102000,3.921175837826729,4.599999904632568,469199.990272522
2008-11-27,SZ000878,55200,7.242172248029709,8.809999465942383,486311.97052001953
2008-11-27,SZ000960,45400,8.812642465782165,10.429999351501465,473521.9705581665
2008-11-27,SZ002097,58900,6.792037438821792,12.359999656677246,728003.9797782898
2008-11-27,SZ002202,24200,16.50495,20.509998321533203,496341.9593811035
2008-11-28,SH600008,105800,3.781133732891083,4.819999694824219,509955.96771240234
2008-11-28,SH600026,54700,7.302189713811874,8.170000076293945,446899.0041732788
2008-11-28,SH600110,107500,3.7211160286188125,4.840000152587891,520300.01640319824
2008-11-28,SH600117,116200,3.4410320572376247,5.050000190734863,586810.0221633911
2008-11-28,SH600158,120800,3.3109931812524795,3.8899998664855957,469911.98387145996
2008-11-28,SH600307,102500,3.9011703338861468,5.480000019073486,561700.0019550323
2008-11-28,SH600309,47700,8.372510885524749,9.539999961853027,455057.9981803894
2008-11-28,SH600376,83600,4.781433732891083,7.679999828338623,642047.9856491089
2008-11-28,SH600380,138400,2.8908668664455415,3.3499999046325684,463639.98680114746
2008-11-28,SH600432,50800,7.872360408544541,10.399999618530273,528319.9806213379
2008-11-28,SH600456,42100,9.482843542099,10.769999504089355,453416.97912216187
2008-11-28,SH600595,78800,5.071521171712876,5.930000305175781,467284.02404785156
2008-11-28,SH600748,67700,5.901769618415833,7.299999713897705,494209.98063087463
2008-11-28,SH600804,78500,5.091526675653458,8.200000762939453,643700.0598907471
2008-11-28,SH601111,115900,3.451034809207916,3.950000286102295,457805.033159256
2008-11-28,SH601168,72700,5.501650000000001,6.239999771118164,453647.9833602905
2008-11-28,SH601588,160000,2.50075,3.120000123977661,499200.0198364258
2008-11-28,SZ000572,162600,2.4607380381584165,3.679999828338623,598367.9720878601
2008-11-28,SZ000581,96300,4.151245095396042,4.619999885559082,444905.9889793396
2008-11-28,SZ000751,168700,2.3707111240148544,2.8999998569488525,489229.9758672714
2008-11-28,SZ000755,102000,3.921175837826729,4.430000305175781,451860.0311279297
2008-11-28,SZ000878,55200,7.242172248029709,8.809999465942383,486311.97052001953
2008-11-28,SZ000960,45400,8.812642465782165,10.49000072479248,476246.0329055786
2008-11-28,SZ002097,58900,6.792037438821792,12.019999504089355,707977.970790863
2008-11-28,SZ002202,24200,16.50495,19.90999984741211,481821.99630737305
2008-12-01,SH600008,105800,3.781133732891083,5.000000476837158,529000.0504493713
2008-12-01,SH600026,54700,7.302189713811874,8.019999504089355,438693.97287368774
2008-12-01,SH600110,107500,3.7211160286188125,5.240000247955322,563300.0266551971
2008-12-01,SH600117,116200,3.4410320572376247,5.059999465942383,587971.9379425049
2008-12-01,SH600158,120800,3.3109931812524795,4.019999980926514,485615.99769592285
2008-12-01,SH600307,102500,3.9011703338861468,5.409999370574951,554524.9354839325
2008-12-01,SH600309,47700,8.372510885524749,9.90000057220459,472230.02729415894
2008-12-01,SH600376,83600,4.781433732891083,8.110000610351562,677996.0510253906
2008-12-01,SH600380,138400,2.8908668664455415,3.690000057220459,510696.0079193115
2008-12-01,SH600432,50800,7.872360408544541,11.289999961853027,573531.9980621338
2008-12-01,SH600456,42100,9.482843542099,11.419999122619629,480781.9630622864
2008-12-01,SH600595,78800,5.071521171712876,6.179999828338623,486983.9864730835
2008-12-01,SH600748,67700,5.901769618415833,7.520000457763672,509104.0309906006
2008-12-01,SH600804,78500,5.091526675653458,9.020000457763672,708070.0359344482
2008-12-01,SH601111,115900,3.451034809207916,3.940000057220459,456646.0066318512
2008-12-01,SH601168,72700,5.501650000000001,6.409999847412109,466006.98890686035
2008-12-01,SH601588,160000,2.50075,3.1500000953674316,504000.01525878906
2008-12-01,SZ000572,162600,2.4607380381584165,3.8899998664855957,632513.9782905579
2008-12-01,SZ000581,96300,4.151245095396042,4.850000381469727,467055.03673553467
2008-12-01,SZ000751,168700,2.3707111240148544,3.0199999809265137,509473.99678230286
2008-12-01,SZ000755,102000,3.921175837826729,4.650000095367432,474300.009727478
2008-12-01,SZ000878,55200,7.242172248029709,8.809999465942383,486311.97052001953
2008-12-01,SZ000960,45400,8.812642465782165,11.539999961853027,523915.99826812744
2008-12-01,SZ002097,58900,6.792037438821792,12.75,750975.0
2008-12-01,SZ002202,24200,16.50495,20.770000457763672,502634.01107788086
2008-12-02,SH600008,105800,3.781133732891083,5.019999980926514,531115.9979820251
2008-12-02,SH600026,54700,7.302189713811874,8.199999809265137,448539.989566803
2008-12-02,SH600110,107500,3.7211160286188125,5.240000247955322,563300.0266551971
2008-12-02,SH600117,116200,3.4410320572376247,4.939999580383301,574027.9512405396
2008-12-02,SH600158,120800,3.3109931812524795,4.059999942779541,490447.99308776855
2008-12-02,SH600307,102500,3.9011703338861468,5.289999961853027,542224.9960899353
2008-12-02,SH600309,47700,8.372510885524749,10.380001068115234,495126.0509490967
2008-12-02,SH600376,83600,4.781433732891083,7.940000057220459,663784.0047836304
2008-12-02,SH600380,138400,2.8908668664455415,4.059999942779541,561903.9920806885
2008-12-02,SH600432,50800,7.872360408544541,11.50999927520752,584707.963180542
2008-12-02,SH600456,42100,9.482843542099,11.5,484150.0
2008-12-02,SH600595,78800,5.071521171712876,6.21999979019165,490135.98346710205
2008-12-02,SH600748,67700,5.901769618415833,7.320000171661377,495564.0116214752
2008-12-02,SH600804,78500,5.091526675653458,8.949999809265137,702574.9850273132
2008-12-02,SH601111,115900,3.451034809207916,3.9600000381469727,458964.00442123413
2008-12-02,SH601168,72700,5.501650000000001,6.409999847412109,466006.98890686035
2008-12-02,SH601588,160000,2.50075,3.129999876022339,500799.9801635742
2008-12-02,SZ000572,162600,2.4607380381584165,3.75,609750.0
2008-12-02,SZ000581,96300,4.151245095396042,5.049999713897705,486314.972448349
2008-12-02,SZ000751,168700,2.3707111240148544,3.319999933242798,560083.98873806
2008-12-02,SZ000755,102000,3.921175837826729,4.779999732971191,487559.9727630615
2008-12-02,SZ000878,55200,7.242172248029709,8.809999465942383,486311.97052001953
2008-12-02,SZ000960,45400,8.812642465782165,12.220000267028809,554788.0121231079
2008-12-02,SZ002097,58900,6.792037438821792,12.630000114440918,743907.0067405701
2008-12-02,SZ002202,24200,16.50495,21.6200008392334,523204.02030944824
2008-12-03,SH600008,105800,3.781133732891083,5.260000228881836,556508.0242156982
2008-12-03,SH600026,54700,7.302189713811874,8.649999618530273,473154.97913360596
2008-12-03,SH600110,107500,3.7211160286188125,5.360000133514404,576200.0143527985
2008-12-03,SH600117,116200,3.4410320572376247,5.190000057220459,603078.0066490173
2008-12-03,SH600158,120800,3.3109931812524795,4.449999809265137,537559.9769592285
2008-12-03,SH600307,102500,3.9011703338861468,5.699999809265137,584249.9804496765
2008-12-03,SH600309,47700,8.372510885524749,11.420000076293945,544734.0036392212
2008-12-03,SH600376,83600,4.781433732891083,8.3100004196167,694716.035079956
2008-12-03,SH600380,138400,2.8908668664455415,4.169999599456787,577127.9445648193
2008-12-03,SH600432,50800,7.872360408544541,11.84999942779541,601979.9709320068
2008-12-03,SH600456,42100,9.482843542099,12.40999984741211,522460.9935760498
2008-12-03,SH600595,78800,5.071521171712876,6.550000190734863,516140.0150299072
2008-12-03,SH600748,67700,5.901769618415833,7.6700005531311035,519259.0374469757
2008-12-03,SH600804,78500,5.091526675653458,9.309999465942383,730834.958076477
2008-12-03,SH601111,115900,3.451034809207916,4.189999580383301,485620.95136642456
2008-12-03,SH601168,72700,5.501650000000001,6.840000152587891,497268.01109313965
2008-12-03,SH601588,160000,2.50075,3.25,520000.0
2008-12-03,SZ000572,162600,2.4607380381584165,3.75,609750.0
2008-12-03,SZ000581,96300,4.151245095396042,5.400000095367432,520020.00918388367
2008-12-03,SZ000751,168700,2.3707111240148544,3.3499999046325684,565144.9839115143
2008-12-03,SZ000755,102000,3.921175837826729,5.239999771118164,534479.9766540527
2008-12-03,SZ000878,55200,7.242172248029709,9.6899995803833,534887.9768371582
2008-12-03,SZ000960,45400,8.812642465782165,12.469999313354492,566137.968826294
2008-12-03,SZ002097,58900,6.792037438821792,13.889999389648438,818120.964050293
2008-12-03,SZ002202,24200,16.50495,22.650001525878906,548130.0369262695
2008-12-04,SH600008,105800,3.781133732891083,5.470000267028809,578726.028251648
2008-12-04,SH600026,54700,7.302189713811874,8.779999732971191,480265.98539352417
2008-12-04,SH600110,107500,3.7211160286188125,5.230000019073486,562225.0020503998
2008-12-04,SH600117,116200,3.4410320572376247,5.37000036239624,623994.0421104431
2008-12-04,SH600158,120800,3.3109931812524795,4.380000114440918,529104.0138244629
2008-12-04,SH600307,102500,3.9011703338861468,5.75,589375.0
2008-12-04,SH600309,47700,8.372510885524749,11.329999923706055,540440.9963607788
2008-12-04,SH600376,83600,4.781433732891083,8.050000190734863,672980.0159454346
2008-12-04,SH600380,138400,2.8908668664455415,4.15000057220459,574360.0791931152
2008-12-04,SH600432,50800,7.872360408544541,12.389999389648438,629411.9689941406
2008-12-04,SH600456,42100,9.482843542099,12.830000877380371,540143.0369377136
2008-12-04,SH600595,78800,5.071521171712876,6.519999980926514,513775.9984970093
2008-12-04,SH600748,67700,5.901769618415833,7.71999979019165,522643.98579597473
2008-12-04,SH600804,78500,5.091526675653458,9.140000343322754,717490.0269508362
2008-12-04,SH601111,115900,3.451034809207916,4.259999752044678,493733.97126197815
2008-12-04,SH601168,72700,5.501650000000001,6.840000152587891,497268.01109313965
2008-12-04,SH601588,160000,2.50075,3.240000009536743,518400.0015258789
2008-12-04,SZ000572,162600,2.4607380381584165,3.8999998569488525,634139.9767398834
2008-12-04,SZ000581,96300,4.151245095396042,5.419999599456787,521945.9614276886
2008-12-04,SZ000751,168700,2.3707111240148544,3.2699999809265137,551648.9967823029
2008-12-04,SZ000755,102000,3.921175837826729,5.450000286102295,555900.0291824341
2008-12-04,SZ000878,55200,7.242172248029709,10.110000610351562,558072.0336914062
2008-12-04,SZ000960,45400,8.812642465782165,12.6899995803833,576125.9809494019
2008-12-04,SZ002097,58900,6.792037438821792,13.640000343322754,803396.0202217102
2008-12-04,SZ002202,24200,16.50495,22.700000762939453,549340.0184631348
2008-12-05,SH600008,105800,3.781133732891083,5.589999675750732,591421.9656944275
2008-12-05,SH600026,54700,7.302189713811874,8.930000305175781,488471.01669311523
2008-12-05,SH600110,107500,3.7211160286188125,5.349999904632568,575124.9897480011
2008-12-05,SH600117,116200,3.4410320572376247,5.590000152587891,649558.0177307129
2008-12-05,SH600158,120800,3.3109931812524795,4.590000152587891,554472.0184326172
2008-12-05,SH600307,102500,3.9011703338861468,6.059999942779541,621149.994134903
2008-12-05,SH600309,47700,8.372510885524749,11.539999961853027,550457.9981803894
2008-12-05,SH600376,83600,4.781433732891083,8.430000305175781,704748.0255126953
2008-12-05,SH600380,138400,2.8908668664455415,4.259999752044678,589583.9656829834
2008-12-05,SH600432,50800,7.872360408544541,12.610000610351562,640588.0310058594
2008-12-05,SH600456,42100,9.482843542099,13.389999389648438,563718.9743041992
2008-12-05,SH600595,78800,5.071521171712876,6.669999599456787,525595.9684371948
2008-12-05,SH600748,67700,5.901769618415833,8.300000190734863,561910.0129127502
2008-12-05,SH600804,78500,5.091526675653458,9.09999942779541,714349.9550819397
2008-12-05,SH601111,115900,3.451034809207916,4.489999771118164,520390.9734725952
2008-12-05,SH601168,72700,5.501650000000001,7.029999732971191,511080.9805870056
2008-12-05,SH601588,160000,2.50075,3.3899998664855957,542399.9786376953
2008-12-05,SZ000572,162600,2.4607380381584165,3.870000123977661,629262.0201587677
2008-12-05,SZ000581,96300,4.151245095396042,5.690000057220459,547947.0055103302
2008-12-05,SZ000751,168700,2.3707111240148544,3.299999952316284,556709.9919557571
2008-12-05,SZ000755,102000,3.921175837826729,5.750000476837158,586500.0486373901
2008-12-05,SZ000878,55200,7.242172248029709,10.020000457763672,553104.0252685547
2008-12-05,SZ000960,45400,8.812642465782165,12.919999122619629,586567.9601669312
2008-12-05,SZ002097,58900,6.792037438821792,13.960000038146973,822244.0022468567
2008-12-05,SZ002202,24200,16.50495,22.76000213623047,550792.0516967773
2008-12-08,SH600008,105800,3.781133732891083,5.789999961853027,612581.9959640503
2008-12-08,SH600026,54700,7.302189713811874,9.819999694824219,537153.9833068848
2008-12-08,SH600110,107500,3.7211160286188125,5.650000095367432,607375.0102519989
2008-12-08,SH600117,116200,3.4410320572376247,5.820000171661377,676284.019947052
2008-12-08,SH600158,120800,3.3109931812524795,5.050000190734863,610040.0230407715
2008-12-08,SH600307,102500,3.9011703338861468,6.150000095367432,630375.0097751617
2008-12-08,SH600309,47700,8.372510885524749,12.109999656677246,577646.9836235046
2008-12-08,SH600376,83600,4.781433732891083,9.119999885559082,762431.9904327393
2008-12-08,SH600380,138400,2.8908668664455415,4.690000057220459,649096.0079193115
2008-12-08,SH600432,50800,7.872360408544541,13.049999237060547,662939.9612426758
2008-12-08,SH600456,42100,9.482843542099,14.079999923706055,592767.9967880249
2008-12-08,SH600595,78800,5.071521171712876,7.099999904632568,559479.9924850464
2008-12-08,SH600748,67700,5.901769618415833,8.609999656677246,582896.9767570496
2008-12-08,SH600804,78500,5.091526675653458,9.210000038146973,722985.0029945374
2008-12-08,SH601111,115900,3.451034809207916,4.789999961853027,555160.9955787659
2008-12-08,SH601168,72700,5.501650000000001,7.729999542236328,561970.966720581
2008-12-08,SH601588,160000,2.50075,3.5799996852874756,572799.9496459961
2008-12-08,SZ000572,162600,2.4607380381584165,4.010000228881836,652026.0372161865
2008-12-08,SZ000581,96300,4.151245095396042,6.190000057220459,596097.0055103302
2008-12-08,SZ000751,168700,2.3707111240148544,3.5199999809265137,593823.9967823029
2008-12-08,SZ000755,102000,3.921175837826729,5.920000076293945,603840.0077819824
2008-12-08,SZ000878,55200,7.242172248029709,10.59000015258789,584568.0084228516
2008-12-08,SZ000960,45400,8.812642465782165,13.419999122619629,609267.9601669312
2008-12-08,SZ002097,58900,6.792037438821792,15.360000610351562,904704.035949707
2008-12-08,SZ002202,24200,16.50495,24.000001907348633,580800.0461578369
2008-12-09,SH600008,105800,3.781133732891083,5.809999465942383,614697.9434967041
2008-12-09,SH600026,54700,7.302189713811874,10.319999694824219,564503.9833068848
2008-12-09,SH600110,107500,3.7211160286188125,5.460000514984131,586950.0553607941
2008-12-09,SH600117,116200,3.4410320572376247,5.820000171661377,676284.019947052
2008-12-09,SH600158,120800,3.3109931812524795,5.190000057220459,626952.0069122314
2008-12-09,SH600307,102500,3.9011703338861468,6.059999942779541,621149.994134903
2008-12-09,SH600309,47700,8.372510885524749,12.049999237060547,574784.9636077881
2008-12-09,SH600376,83600,4.781433732891083,8.600000381469727,718960.0318908691
2008-12-09,SH600380,138400,2.8908668664455415,4.960000038146973,686464.005279541
2008-12-09,SH600432,50800,7.872360408544541,12.789999961853027,649731.9980621338
2008-12-09,SH600456,42100,9.482843542099,13.80000114440918,580980.0481796265
2008-12-09,SH600595,78800,5.071521171712876,7.110000133514404,560268.0105209351
2008-12-09,SH600748,67700,5.901769618415833,8.380000114440918,567326.0077476501
2008-12-09,SH600804,78500,5.091526675653458,9.800000190734863,769300.0149726868
2008-12-09,SH601111,115900,3.451034809207916,4.789999961853027,555160.9955787659
2008-12-09,SH601168,72700,5.501650000000001,7.630000114440918,554701.0083198547
2008-12-09,SH601588,160000,2.50075,3.3999998569488525,543999.9771118164
2008-12-09,SZ000572,162600,2.4607380381584165,4.159999847412109,676415.975189209
2008-12-09,SZ000581,96300,4.151245095396042,5.929999828338623,571058.9834690094
2008-12-09,SZ000751,168700,2.3707111240148544,3.5299999713897705,595510.9951734543
2008-12-09,SZ000755,102000,3.921175837826729,5.630000114440918,574260.0116729736
2008-12-09,SZ000878,55200,7.242172248029709,10.699999809265137,590639.9894714355
2008-12-09,SZ000960,45400,8.812642465782165,13.619999885559082,618347.9948043823
2008-12-09,SZ002097,58900,6.792037438821792,14.789999961853027,871130.9977531433
2008-12-09,SZ002202,24200,16.50495,23.100000381469727,559020.0092315674
2008-12-10,SH600008,105800,3.781133732891083,5.890000343322754,623162.0363235474
2008-12-10,SH600026,54700,7.302189713811874,10.510000228881836,574897.0125198364
2008-12-10,SH600110,107500,3.7211160286188125,5.669999599456787,609524.9569416046
2008-12-10,SH600117,116200,3.4410320572376247,5.760000228881836,669312.0265960693
2008-12-10,SH600158,120800,3.3109931812524795,5.309999942779541,641447.9930877686
2008-12-10,SH600307,102500,3.9011703338861468,6.049999713897705,620124.9706745148
2008-12-10,SH600309,47700,8.372510885524749,12.039999961853027,574307.9981803894
2008-12-10,SH600376,83600,4.781433732891083,8.789999961853027,734843.9968109131
2008-12-10,SH600380,138400,2.8908668664455415,5.039999961853027,697535.994720459
2008-12-10,SH600432,50800,7.872360408544541,12.819999694824219,651255.9844970703
2008-12-10,SH600456,42100,9.482843542099,13.869999885559082,583926.9951820374
2008-12-10,SH600595,78800,5.071521171712876,7.150000095367432,563420.0075149536
2008-12-10,SH600748,67700,5.901769618415833,8.609999656677246,582896.9767570496
2008-12-10,SH600804,78500,5.091526675653458,9.880000114440918,775580.0089836121
2008-12-10,SH601111,115900,3.451034809207916,4.989999771118164,578340.9734725952
2008-12-10,SH601168,72700,5.501650000000001,7.789999961853027,566332.9972267151
2008-12-10,SH601588,160000,2.50075,3.490000009536743,558400.0015258789
2008-12-10,SZ000572,162600,2.4607380381584165,4.409999847412109,717065.975189209
2008-12-10,SZ000581,96300,4.151245095396042,6.050000190734863,582615.0183677673
2008-12-10,SZ000751,168700,2.3707111240148544,3.5500001907348633,598885.0321769714
2008-12-10,SZ000755,102000,3.921175837826729,5.71999979019165,583439.9785995483
2008-12-10,SZ000878,55200,7.242172248029709,10.920000076293945,602784.0042114258
2008-12-10,SZ000960,45400,8.812642465782165,13.640000343322754,619256.015586853
2008-12-10,SZ002097,58900,6.792037438821792,15.25,898225.0
2008-12-10,SZ002202,24200,16.50495,25.40999984741211,614921.996307373
2008-12-11,SH600008,105800,3.781133732891083,5.480000019073486,579784.0020179749
2008-12-11,SH600026,54700,7.302189713811874,10.40999984741211,569426.9916534424
2008-12-11,SH600110,107500,3.7211160286188125,5.349999904632568,575124.9897480011
2008-12-11,SH600117,116200,3.4410320572376247,5.450000286102295,633290.0332450867
2008-12-11,SH600158,120800,3.3109931812524795,5.019999980926514,606415.9976959229
2008-12-11,SH600307,102500,3.9011703338861468,5.929999351501465,607824.9335289001
2008-12-11,SH600309,47700,8.372510885524749,11.630000114440918,554751.0054588318
2008-12-11,SH600376,83600,4.781433732891083,8.739999771118164,730663.9808654785
2008-12-11,SH600380,138400,2.8908668664455415,4.970000267028809,687848.0369567871
2008-12-11,SH600432,50800,7.872360408544541,12.369999885559082,628395.9941864014
2008-12-11,SH600456,42100,9.482843542099,14.130000114440918,594873.0048179626
2008-12-11,SH600595,78800,5.071521171712876,6.769999980926514,533475.9984970093
2008-12-11,SH600748,67700,5.901769618415833,8.289999961853027,561232.99741745
2008-12-11,SH600804,78500,5.091526675653458,9.5600004196167,750460.0329399109
2008-12-11,SH601111,115900,3.451034809207916,4.930000305175781,571387.035369873
2008-12-11,SH601168,72700,5.501650000000001,7.420000076293945,539434.0055465698
2008-12-11,SH601588,160000,2.50075,3.3899998664855957,542399.9786376953
2008-12-11,SZ000572,162600,2.4607380381584165,4.12000036239624,669912.0589256287
2008-12-11,SZ000581,96300,4.151245095396042,5.96999979019165,574910.9797954559
2008-12-11,SZ000751,168700,2.3707111240148544,3.4300003051757812,578641.0514831543
2008-12-11,SZ000755,102000,3.921175837826729,5.399999618530273,550799.9610900879
2008-12-11,SZ000878,55200,7.242172248029709,10.90000057220459,601680.0315856934
2008-12-11,SZ000960,45400,8.812642465782165,13.249999046325684,601549.956703186
2008-12-11,SZ002097,58900,6.792037438821792,13.800000190734863,812820.0112342834
2008-12-11,SZ002202,24200,16.50495,24.44999885559082,591689.9723052979
2008-12-12,SH600008,105800,3.781133732891083,5.099999904632568,539579.9899101257
2008-12-12,SH600026,54700,7.302189713811874,10.119999885559082,553563.9937400818
2008-12-12,SH600110,107500,3.7211160286188125,4.980000019073486,535350.0020503998
2008-12-12,SH600117,116200,3.4410320572376247,5.050000190734863,586810.0221633911
2008-12-12,SH600158,120800,3.3109931812524795,4.619999885559082,558095.9861755371
2008-12-12,SH600307,102500,3.9011703338861468,5.579999923706055,571949.9921798706
2008-12-12,SH600309,47700,8.372510885524749,11.0,524700.0
2008-12-12,SH600376,83600,4.781433732891083,8.25,689700.0
2008-12-12,SH600380,138400,2.8908668664455415,4.619999885559082,639407.984161377
2008-12-12,SH600432,50800,7.872360408544541,11.880000114440918,603504.0058135986
2008-12-12,SH600456,42100,9.482843542099,13.069999694824219,550246.9871520996
2008-12-12,SH600595,78800,5.071521171712876,6.329999923706055,498803.9939880371
2008-12-12,SH600748,67700,5.901769618415833,7.809999465942383,528736.9638442993
2008-12-12,SH600804,78500,5.091526675653458,8.779999732971191,689229.9790382385
2008-12-12,SH601111,115900,3.451034809207916,5.150000095367432,596885.0110530853
2008-12-12,SH601168,72700,5.501650000000001,6.939999580383301,504537.96949386597
2008-12-12,SH601588,160000,2.50075,3.190000057220459,510400.00915527344
2008-12-12,SZ000572,162600,2.4607380381584165,3.819999933242798,621131.9891452789
2008-12-12,SZ000581,96300,4.151245095396042,5.579999923706055,537353.9926528931
2008-12-12,SZ000751,168700,2.3707111240148544,3.2300000190734863,544901.0032176971
2008-12-12,SZ000755,102000,3.921175837826729,5.150000095367432,525300.009727478
2008-12-12,SZ000878,55200,7.242172248029709,10.059999465942383,555311.9705200195
2008-12-12,SZ000960,45400,8.812642465782165,12.119999885559082,550247.9948043823
2008-12-12,SZ002097,58900,6.792037438821792,12.720000267028809,749208.0157279968
2008-12-12,SZ002202,24200,16.50495,23.409997940063477,566521.9501495361
2008-12-15,SH600008,105800,3.781133732891083,5.349999904632568,566029.9899101257
2008-12-15,SH600026,54700,7.302189713811874,10.130000114440918,554111.0062599182
2008-12-15,SH600110,107500,3.7211160286188125,5.070000171661377,545025.018453598
2008-12-15,SH600117,116200,3.4410320572376247,5.100000381469727,592620.0443267822
2008-12-15,SH600158,120800,3.3109931812524795,4.789999961853027,578631.9953918457
2008-12-15,SH600307,102500,3.9011703338861468,5.690000534057617,583225.0547409058
2008-12-15,SH600309,47700,8.372510885524749,11.039999008178711,526607.9526901245
2008-12-15,SH600376,83600,4.781433732891083,8.390000343322754,701404.0287017822
2008-12-15,SH600380,138400,2.8908668664455415,4.600000381469727,636640.0527954102
2008-12-15,SH600432,50800,7.872360408544541,11.960000038146973,607568.0019378662
2008-12-15,SH600456,42100,9.482843542099,12.970000267028809,546037.0112419128
2008-12-15,SH600595,78800,5.071521171712876,6.429999828338623,506683.9864730835
2008-12-15,SH600748,67700,5.901769618415833,8.059999465942383,545661.9638442993
2008-12-15,SH600804,78500,5.091526675653458,8.949999809265137,702574.9850273132
2008-12-15,SH601111,115900,3.451034809207916,4.680000305175781,542412.035369873
2008-12-15,SH601168,72700,5.501650000000001,6.939999580383301,504537.96949386597
2008-12-15,SH601588,160000,2.50075,3.2300000190734863,516800.0030517578
2008-12-15,SZ000572,162600,2.4607380381584165,3.819999933242798,621131.9891452789
2008-12-15,SZ000581,96300,4.151245095396042,5.650000095367432,544095.0091838837
2008-12-15,SZ000751,168700,2.3707111240148544,3.319999933242798,560083.98873806
2008-12-15,SZ000755,102000,3.921175837826729,5.269999980926514,537539.9980545044
2008-12-15,SZ000878,55200,7.242172248029709,10.100000381469727,557520.0210571289
2008-12-15,SZ000960,45400,8.812642465782165,12.30000114440918,558420.0519561768
2008-12-15,SZ002097,58900,6.792037438821792,12.84999942779541,756864.9662971497
2008-12-15,SZ002202,24200,16.50495,23.059999465942383,558051.9870758057
2008-12-16,SH600008,105800,3.781133732891083,5.279999732971191,558623.971748352
2008-12-16,SH600026,54700,7.302189713811874,10.319999694824219,564503.9833068848
2008-12-16,SH600110,107500,3.7211160286188125,5.090000152587891,547175.0164031982
2008-12-16,SH600117,116200,3.4410320572376247,5.150000095367432,598430.0110816956
2008-12-16,SH600158,120800,3.3109931812524795,4.769999980926514,576215.9976959229
2008-12-16,SH600307,102500,3.9011703338861468,5.739999771118164,588349.9765396118
2008-12-16,SH600309,47700,8.372510885524749,11.449999809265137,546164.990901947
2008-12-16,SH600376,83600,4.781433732891083,9.100000381469727,760760.0318908691
2008-12-16,SH600380,138400,2.8908668664455415,4.960000038146973,686464.005279541
2008-12-16,SH600432,50800,7.872360408544541,11.90000057220459,604520.0290679932
2008-12-16,SH600456,42100,9.482843542099,12.959999084472656,545615.9614562988
2008-12-16,SH600595,78800,5.071521171712876,6.460000038146973,509048.00300598145
2008-12-16,SH600748,67700,5.901769618415833,8.199999809265137,555139.9870872498
2008-12-16,SH600804,78500,5.091526675653458,9.15999984741211,719059.9880218506
2008-12-16,SH601111,115900,3.451034809207916,4.489999771118164,520390.9734725952
2008-12-16,SH601168,72700,5.501650000000001,7.029999732971191,511080.9805870056
2008-12-16,SH601588,160000,2.50075,3.319999933242798,531199.9893188477
2008-12-16,SZ000572,162600,2.4607380381584165,3.8299999237060547,622757.9875946045
2008-12-16,SZ000581,96300,4.151245095396042,5.710000514984131,549873.0495929718
2008-12-16,SZ000751,168700,2.3707111240148544,3.369999885559082,568518.9806938171
2008-12-16,SZ000755,102000,3.921175837826729,5.349999904632568,545699.990272522
2008-12-16,SZ000878,55200,7.242172248029709,10.220000267028809,564144.0147399902
2008-12-16,SZ000960,45400,8.812642465782165,12.649999618530273,574309.9826812744
2008-12-16,SZ002097,58900,6.792037438821792,13.25,780425.0
2008-12-16,SZ002202,24200,16.50495,24.48000144958496,592416.035079956
2008-12-17,SH600008,105800,3.781133732891083,5.289999961853027,559681.9959640503
2008-12-17,SH600026,54700,7.302189713811874,10.169999122619629,556298.9520072937
2008-12-17,SH600110,107500,3.7211160286188125,5.070000171661377,545025.018453598
2008-12-17,SH600117,116200,3.4410320572376247,5.400000095367432,627480.0110816956
2008-12-17,SH600158,120800,3.3109931812524795,4.829999923706055,583463.9907836914
2008-12-17,SH600307,102500,3.9011703338861468,5.799999713897705,594499.9706745148
2008-12-17,SH600309,47700,8.372510885524749,11.430000305175781,545211.0145568848
2008-12-17,SH600376,83600,4.781433732891083,9.010000228881836,753236.0191345215
2008-12-17,SH600380,138400,2.8908668664455415,4.869999885559082,674007.984161377
2008-12-17,SH600432,50800,7.872360408544541,12.179999351501465,618743.9670562744
2008-12-17,SH600456,42100,9.482843542099,12.989999771118164,546878.9903640747
2008-12-17,SH600595,78800,5.071521171712876,6.53000020980835,514564.01653289795
2008-12-17,SH600748,67700,5.901769618415833,8.329999923706055,563940.9948348999
2008-12-17,SH600804,78500,5.091526675653458,9.350000381469727,733975.0299453735
2008-12-17,SH601111,115900,3.451034809207916,4.539999961853027,526185.9955787659
2008-12-17,SH601168,72700,5.501650000000001,7.099999904632568,516169.9930667877
2008-12-17,SH601588,160000,2.50075,3.3400001525878906,534400.0244140625
2008-12-17,SZ000572,162600,2.4607380381584165,3.8399999141693115,624383.98604393
2008-12-17,SZ000581,96300,4.151245095396042,5.700000286102295,548910.027551651
2008-12-17,SZ000751,168700,2.3707111240148544,3.379999876022339,570205.9790849686
2008-12-17,SZ000755,102000,3.921175837826729,5.440000057220459,554880.0058364868
2008-12-17,SZ000878,55200,7.242172248029709,10.1899995803833,562487.9768371582
2008-12-17,SZ000960,45400,8.812642465782165,12.90000057220459,585660.0259780884
2008-12-17,SZ002097,58900,6.792037438821792,13.789999008178711,812230.9415817261
2008-12-17,SZ002202,24200,16.50495,24.1200008392334,583704.0203094482
2008-12-18,SH600008,105800,3.781133732891083,5.309999942779541,561797.9939460754
2008-12-18,SH600026,54700,7.302189713811874,9.920000076293945,542624.0041732788
2008-12-18,SH600110,107500,3.7211160286188125,5.580000400543213,599850.0430583954
2008-12-18,SH600117,116200,3.4410320572376247,5.450000286102295,633290.0332450867
2008-12-18,SH600158,120800,3.3109931812524795,4.949999809265137,597959.9769592285
2008-12-18,SH600307,102500,3.9011703338861468,5.869999885559082,601674.9882698059
2008-12-18,SH600309,47700,8.372510885524749,11.74000072479248,559998.0345726013
2008-12-18,SH600376,83600,4.781433732891083,8.889999389648438,743203.9489746094
2008-12-18,SH600380,138400,2.8908668664455415,4.960000038146973,686464.005279541
2008-12-18,SH600432,50800,7.872360408544541,12.450000762939453,632460.0387573242
2008-12-18,SH600456,42100,9.482843542099,13.34000015258789,561614.0064239502
2008-12-18,SH600595,78800,5.071521171712876,6.679999828338623,526383.9864730835
2008-12-18,SH600748,67700,5.901769618415833,8.34000015258789,564618.0103302002
2008-12-18,SH600804,78500,5.091526675653458,9.779999732971191,767729.9790382385
2008-12-18,SH601111,115900,3.451034809207916,4.570000171661377,529663.0198955536
2008-12-18,SH601168,72700,5.501650000000001,7.360000133514404,535072.0097064972
2008-12-18,SH601588,160000,2.50075,3.430000066757202,548800.0106811523
2008-12-18,SZ000572,162600,2.4607380381584165,3.9600000381469727,643896.0062026978
2008-12-18,SZ000581,96300,4.151245095396042,5.749999523162842,553724.9540805817
2008-12-18,SZ000751,168700,2.3707111240148544,3.4200000762939453,576954.0128707886
2008-12-18,SZ000755,102000,3.921175837826729,5.669999599456787,578339.9591445923
2008-12-18,SZ000878,55200,7.242172248029709,10.380000114440918,572976.0063171387
2008-12-18,SZ000960,45400,8.812642465782165,13.249999046325684,601549.956703186
2008-12-18,SZ002097,58900,6.792037438821792,14.09000015258789,829901.0089874268
2008-12-18,SZ002202,24200,16.50495,24.1200008392334,583704.0203094482
2008-12-19,SH600008,105800,3.781133732891083,5.360000133514404,567088.014125824
2008-12-19,SH600026,54700,7.302189713811874,9.859999656677246,539341.9812202454
2008-12-19,SH600110,107500,3.7211160286188125,5.480000019073486,589100.0020503998
2008-12-19,SH600117,116200,3.4410320572376247,5.410000324249268,628642.0376777649
2008-12-19,SH600158,120800,3.3109931812524795,5.109999656677246,617287.9585266113
2008-12-19,SH600307,102500,3.9011703338861468,5.810000419616699,595525.0430107117
2008-12-19,SH600309,47700,8.372510885524749,11.949999809265137,570014.990901947
2008-12-19,SH600376,83600,4.781433732891083,8.720000267028809,728992.0223236084
2008-12-19,SH600380,138400,2.8908668664455415,5.139999866485596,711375.9815216064
2008-12-19,SH600432,50800,7.872360408544541,12.329999923706055,626363.9961242676
2008-12-19,SH600456,42100,9.482843542099,13.809999465942383,581400.9775161743
2008-12-19,SH600595,78800,5.071521171712876,6.710000038146973,528748.0030059814
2008-12-19,SH600748,67700,5.901769618415833,8.140000343322754,551078.0232429504
2008-12-19,SH600804,78500,5.091526675653458,9.800000190734863,769300.0149726868
2008-12-19,SH601111,115900,3.451034809207916,4.619999885559082,535457.9867362976
2008-12-19,SH601168,72700,5.501650000000001,7.400000095367432,537980.0069332123
2008-12-19,SH601588,160000,2.50075,3.4499998092651367,551999.9694824219
2008-12-19,SZ000572,162600,2.4607380381584165,3.9499998092651367,642269.9689865112
2008-12-19,SZ000581,96300,4.151245095396042,5.999999523162842,577799.9540805817
2008-12-19,SZ000751,168700,2.3707111240148544,3.4200000762939453,576954.0128707886
2008-12-19,SZ000755,102000,3.921175837826729,5.800000190734863,591600.019454956
2008-12-19,SZ000878,55200,7.242172248029709,10.220000267028809,564144.0147399902
2008-12-19,SZ000960,45400,8.812642465782165,13.210000038146973,599734.0017318726
2008-12-19,SZ002097,58900,6.792037438821792,14.199999809265137,836379.9887657166
2008-12-19,SZ002202,24200,16.50495,24.590002059936523,595078.0498504639
2008-12-22,SH600008,105800,3.781133732891083,5.269999980926514,557565.9979820251
2008-12-22,SH600026,54700,7.302189713811874,9.859999656677246,539341.9812202454
2008-12-22,SH600110,107500,3.7211160286188125,5.580000400543213,599850.0430583954
2008-12-22,SH600117,116200,3.4410320572376247,5.210000038146973,605402.0044326782
2008-12-22,SH600158,120800,3.3109931812524795,5.619999885559082,678895.9861755371
2008-12-22,SH600307,102500,3.9011703338861468,5.640000343322754,578100.0351905823
2008-12-22,SH600309,47700,8.372510885524749,11.780000686645508,561906.0327529907
2008-12-22,SH600376,83600,4.781433732891083,8.199999809265137,685519.9840545654
2008-12-22,SH600380,138400,2.8908668664455415,5.170000076293945,715528.010559082
2008-12-22,SH600432,50800,7.872360408544541,12.100000381469727,614680.0193786621
2008-12-22,SH600456,42100,9.482843542099,13.929999351501465,586452.9726982117
2008-12-22,SH600595,78800,5.071521171712876,6.710000038146973,528748.0030059814
2008-12-22,SH600748,67700,5.901769618415833,7.71999979019165,522643.98579597473
2008-12-22,SH600804,78500,5.091526675653458,10.070000648498535,790495.050907135
2008-12-22,SH601111,115900,3.451034809207916,4.619999885559082,535457.9867362976
2008-12-22,SH601168,72700,5.501650000000001,7.170000076293945,521259.0055465698
2008-12-22,SH601588,160000,2.50075,3.3499999046325684,535999.9847412109
2008-12-22,SZ000572,162600,2.4607380381584165,3.9499998092651367,642269.9689865112
2008-12-22,SZ000581,96300,4.151245095396042,5.850000381469727,563355.0367355347
2008-12-22,SZ000751,168700,2.3707111240148544,3.359999895095825,566831.9823026657
2008-12-22,SZ000755,102000,3.921175837826729,5.640000343322754,575280.0350189209
2008-12-22,SZ000878,55200,7.242172248029709,10.239999771118164,565247.9873657227
2008-12-22,SZ000960,45400,8.812642465782165,13.0,590200.0
2008-12-22,SZ002097,58900,6.792037438821792,13.929999351501465,820476.9618034363
2008-12-22,SZ002202,24200,16.50495,25.14000129699707,608388.0313873291
2008-12-23,SH600008,105800,3.781133732891083,4.909999847412109,519477.9838562012
2008-12-23,SH600026,54700,7.302189713811874,8.869999885559082,485188.9937400818
2008-12-23,SH600110,107500,3.7211160286188125,5.28000020980835,567600.0225543976
2008-12-23,SH600117,116200,3.4410320572376247,4.909999847412109,570541.9822692871
2008-12-23,SH600158,120800,3.3109931812524795,5.390000343322754,651112.0414733887
2008-12-23,SH600307,102500,3.9011703338861468,5.159999847412109,528899.9843597412
2008-12-23,SH600309,47700,8.372510885524749,10.719999313354492,511343.9672470093
2008-12-23,SH600376,83600,4.781433732891083,7.380000114440918,616968.0095672607
2008-12-23,SH600380,138400,2.8908668664455415,4.690000057220459,649096.0079193115
2008-12-23,SH600432,50800,7.872360408544541,11.229999542236328,570483.9767456055
2008-12-23,SH600456,42100,9.482843542099,12.639999389648438,532143.9743041992
2008-12-23,SH600595,78800,5.071521171712876,6.190000057220459,487772.00450897217
2008-12-23,SH600748,67700,5.901769618415833,6.950000286102295,470515.01936912537
2008-12-23,SH600804,78500,5.091526675653458,9.800000190734863,769300.0149726868
2008-12-23,SH601111,115900,3.451034809207916,4.200000286102295,486780.033159256
2008-12-23,SH601168,72700,5.501650000000001,6.610000133514404,480547.0097064972
2008-12-23,SH601588,160000,2.50075,3.109999895095825,497599.98321533203
2008-12-23,SZ000572,162600,2.4607380381584165,3.6500000953674316,593490.0155067444
2008-12-23,SZ000581,96300,4.151245095396042,5.37999963760376,518093.96510124207
2008-12-23,SZ000751,168700,2.3707111240148544,3.0399999618530273,512847.9935646057
2008-12-23,SZ000755,102000,3.921175837826729,5.110000133514404,521220.01361846924
2008-12-23,SZ000878,55200,7.242172248029709,9.300000190734863,513360.01052856445
2008-12-23,SZ000960,45400,8.812642465782165,11.969999313354492,543437.968826294
2008-12-23,SZ002097,58900,6.792037438821792,12.600000381469727,742140.0224685669
2008-12-23,SZ002202,24200,16.50495,24.5,592900.0
2008-12-24,SH600008,105800,3.781133732891083,4.730000019073486,500434.00201797485
2008-12-24,SH600026,54700,7.302189713811874,8.320000648498535,455104.0354728699
2008-12-24,SH600110,107500,3.7211160286188125,4.989999771118164,536424.9753952026
2008-12-24,SH600117,116200,3.4410320572376247,4.690000534057617,544978.0620574951
2008-12-24,SH600158,120800,3.3109931812524795,5.850000381469727,706680.046081543
2008-12-24,SH600307,102500,3.9011703338861468,5.009999752044678,513524.97458457947
2008-12-24,SH600309,47700,8.372510885524749,10.300000190734863,491310.009098053
2008-12-24,SH600376,83600,4.781433732891083,7.070000171661377,591052.0143508911
2008-12-24,SH600380,138400,2.8908668664455415,4.559999942779541,631103.9920806885
2008-12-24,SH600432,50800,7.872360408544541,10.600000381469727,538480.0193786621
2008-12-24,SH600456,42100,9.482843542099,12.130000114440918,510673.00481796265
2008-12-24,SH600595,78800,5.071521171712876,5.940000057220459,468072.00450897217
2008-12-24,SH600748,67700,5.901769618415833,6.429999351501465,435310.95609664917
2008-12-24,SH600804,78500,5.091526675653458,9.630000114440918,755955.0089836121
2008-12-24,SH601111,115900,3.451034809207916,4.239999771118164,491415.9734725952
2008-12-24,SH601168,72700,5.501650000000001,6.409999847412109,466006.98890686035
2008-12-24,SH601588,160000,2.50075,3.06000018119812,489600.0289916992
2008-12-24,SZ000572,162600,2.4607380381584165,3.5299999713897705,573977.9953479767
2008-12-24,SZ000581,96300,4.151245095396042,5.329999923706055,513278.99265289307
2008-12-24,SZ000751,168700,2.3707111240148544,3.049999952316284,514534.99195575714
2008-12-24,SZ000755,102000,3.921175837826729,4.980000019073486,507960.0019454956
2008-12-24,SZ000878,55200,7.242172248029709,8.930000305175781,492936.0168457031
2008-12-24,SZ000960,45400,8.812642465782165,11.350000381469727,515290.0173187256
2008-12-24,SZ002097,58900,6.792037438821792,12.34000015258789,726826.0089874268
2008-12-24,SZ002202,24200,16.50495,22.299999237060547,539659.9815368652
2008-12-25,SH600008,105800,3.781133732891083,4.639999866485596,490911.985874176
2008-12-25,SH600026,54700,7.302189713811874,8.050000190734863,440335.010433197
2008-12-25,SH600110,107500,3.7211160286188125,5.049999713897705,542874.9692440033
2008-12-25,SH600117,116200,3.4410320572376247,4.739999771118164,550787.9734039307
2008-12-25,SH600158,120800,3.3109931812524795,5.690000057220459,687352.0069122314
2008-12-25,SH600307,102500,3.9011703338861468,5.12000036239624,524800.0371456146
2008-12-25,SH600309,47700,8.372510885524749,10.1899995803833,486062.97998428345
2008-12-25,SH600376,83600,4.781433732891083,7.03000020980835,587708.017539978
2008-12-25,SH600380,138400,2.8908668664455415,4.690000057220459,649096.0079193115
2008-12-25,SH600432,50800,7.872360408544541,10.659998893737793,541527.9438018799
2008-12-25,SH600456,42100,9.482843542099,11.889999389648438,500568.9743041992
2008-12-25,SH600595,78800,5.071521171712876,5.829999923706055,459403.9939880371
2008-12-25,SH600748,67700,5.901769618415833,6.500000476837158,440050.0322818756
2008-12-25,SH600804,78500,5.091526675653458,9.920000076293945,778720.0059890747
2008-12-25,SH601111,115900,3.451034809207916,4.130000114440918,478667.0132637024
2008-12-25,SH601168,72700,5.501650000000001,6.400000095367432,465280.0069332123
2008-12-25,SH601588,160000,2.50075,2.989999771118164,478399.96337890625
2008-12-25,SZ000572,162600,2.4607380381584165,3.5,569100.0
2008-12-25,SZ000581,96300,4.151245095396042,5.400000095367432,520020.00918388367
2008-12-25,SZ000751,168700,2.3707111240148544,2.940000057220459,495978.00965309143
2008-12-25,SZ000755,102000,3.921175837826729,4.880000114440918,497760.01167297363
2008-12-25,SZ000878,55200,7.242172248029709,8.84000015258789,487968.00842285156
2008-12-25,SZ000960,45400,8.812642465782165,11.350000381469727,515290.0173187256
2008-12-25,SZ002097,58900,6.792037438821792,12.50999927520752,736838.9573097229
2008-12-25,SZ002202,24200,16.50495,21.790000915527344,527318.0221557617
2008-12-26,SH600008,105800,3.781133732891083,4.690000057220459,496202.00605392456
2008-12-26,SH600026,54700,7.302189713811874,8.199999809265137,448539.989566803
2008-12-26,SH600110,107500,3.7211160286188125,5.070000171661377,545025.018453598
2008-12-26,SH600117,116200,3.4410320572376247,4.649999618530273,540329.9556732178
2008-12-26,SH600158,120800,3.3109931812524795,5.330000400543213,643864.0483856201
2008-12-26,SH600307,102500,3.9011703338861468,5.070000171661377,519675.01759529114
2008-12-26,SH600309,47700,8.372510885524749,10.020000457763672,477954.02183532715
2008-12-26,SH600376,83600,4.781433732891083,6.71999979019165,561791.982460022
2008-12-26,SH600380,138400,2.8908668664455415,4.539999961853027,628335.994720459
2008-12-26,SH600432,50800,7.872360408544541,10.520000457763672,534416.0232543945
2008-12-26,SH600456,42100,9.482843542099,12.0,505200.0
2008-12-26,SH600595,78800,5.071521171712876,5.899999618530273,464919.96994018555
2008-12-26,SH600748,67700,5.901769618415833,6.37000036239624,431249.02453422546
2008-12-26,SH600804,78500,5.091526675653458,10.1899995803833,799914.9670600891
2008-12-26,SH601111,115900,3.451034809207916,4.079999923706055,472871.99115753174
2008-12-26,SH601168,72700,5.501650000000001,6.400000095367432,465280.0069332123
2008-12-26,SH601588,160000,2.50075,2.940000057220459,470400.00915527344
2008-12-26,SZ000572,162600,2.4607380381584165,3.4100003242492676,554466.0527229309
2008-12-26,SZ000581,96300,4.151245095396042,5.21999979019165,502685.97979545593
2008-12-26,SZ000751,168700,2.3707111240148544,2.9200000762939453,492604.0128707886
2008-12-26,SZ000755,102000,3.921175837826729,4.980000019073486,507960.0019454956
2008-12-26,SZ000878,55200,7.242172248029709,8.75,483000.0
2008-12-26,SZ000960,45400,8.812642465782165,11.130000114440918,505302.0051956177
2008-12-26,SZ002097,58900,6.792037438821792,12.40000057220459,730360.0337028503
2008-12-26,SZ002202,24200,16.50495,23.969999313354492,580073.9833831787
2008-12-29,SH600008,105800,3.781133732891083,4.589999675750732,485621.9656944275
2008-12-29,SH600026,54700,7.302189713811874,8.550000190734863,467685.010433197
2008-12-29,SH600110,107500,3.7211160286188125,5.230000019073486,562225.0020503998
2008-12-29,SH600117,116200,3.4410320572376247,4.649999618530273,540329.9556732178
2008-12-29,SH600158,120800,3.3109931812524795,5.460000038146973,659568.0046081543
2008-12-29,SH600307,102500,3.9011703338861468,5.070000171661377,519675.01759529114
2008-12-29,SH600309,47700,8.372510885524749,10.139999389648438,483677.97088623047
2008-12-29,SH600376,83600,4.781433732891083,6.639999866485596,555103.9888381958
2008-12-29,SH600380,138400,2.8908668664455415,4.500000476837158,622800.0659942627
2008-12-29,SH600432,50800,7.872360408544541,10.329999923706055,524763.9961242676
2008-12-29,SH600456,42100,9.482843542099,12.149999618530273,511514.9839401245
2008-12-29,SH600595,78800,5.071521171712876,5.799999713897705,457039.97745513916
2008-12-29,SH600748,67700,5.901769618415833,6.37000036239624,431249.02453422546
2008-12-29,SH600804,78500,5.091526675653458,9.809999465942383,770084.958076477
2008-12-29,SH601111,115900,3.451034809207916,4.360000133514404,505324.01547431946
2008-12-29,SH601168,72700,5.501650000000001,6.400000095367432,465280.0069332123
2008-12-29,SH601588,160000,2.50075,2.880000114440918,460800.0183105469
2008-12-29,SZ000572,162600,2.4607380381584165,3.319999933242798,539831.9891452789
2008-12-29,SZ000581,96300,4.151245095396042,5.09999942779541,491129.944896698
2008-12-29,SZ000751,168700,2.3707111240148544,2.819999933242798,475733.98873806
2008-12-29,SZ000755,102000,3.921175837826729,5.0,510000.0
2008-12-29,SZ000878,55200,7.242172248029709,8.809999465942383,486311.97052001953
2008-12-29,SZ000960,45400,8.812642465782165,10.899999618530273,494859.9826812744
2008-12-29,SZ002097,58900,6.792037438821792,12.800000190734863,753920.0112342834
2008-12-29,SZ002202,24200,16.50495,24.28999900817871,587817.9759979248
2008-12-30,SH600008,105800,3.781133732891083,4.519999980926514,478215.99798202515
2008-12-30,SH600026,54700,7.302189713811874,8.149999618530273,445804.97913360596
2008-12-30,SH600110,107500,3.7211160286188125,5.199999809265137,558999.9794960022
2008-12-30,SH600117,116200,3.4410320572376247,4.420000076293945,513604.00886535645
2008-12-30,SH600158,120800,3.3109931812524795,5.229999542236328,631783.9447021484
2008-12-30,SH600307,102500,3.9011703338861468,4.929999828338623,505324.98240470886
2008-12-30,SH600309,47700,8.372510885524749,9.90000057220459,472230.02729415894
2008-12-30,SH600376,83600,4.781433732891083,6.399999618530273,535039.9681091309
2008-12-30,SH600380,138400,2.8908668664455415,4.500000476837158,622800.0659942627
2008-12-30,SH600432,50800,7.872360408544541,10.0,508000.0
2008-12-30,SH600456,42100,9.482843542099,11.930000305175781,502253.0128479004
2008-12-30,SH600595,78800,5.071521171712876,5.710000038146973,449948.00300598145
2008-12-30,SH600748,67700,5.901769618415833,6.309999942779541,427186.9961261749
2008-12-30,SH600804,78500,5.091526675653458,9.699999809265137,761449.9850273132
2008-12-30,SH601111,115900,3.451034809207916,4.159999847412109,482143.9823150635
2008-12-30,SH601168,72700,5.501650000000001,6.339999675750732,460917.97642707825
2008-12-30,SH601588,160000,2.50075,2.8400001525878906,454400.0244140625
2008-12-30,SZ000572,162600,2.4607380381584165,3.2200002670288086,523572.0434188843
2008-12-30,SZ000581,96300,4.151245095396042,4.989999771118164,480536.9779586792
2008-12-30,SZ000751,168700,2.3707111240148544,2.75,463925.0
2008-12-30,SZ000755,102000,3.921175837826729,4.909999847412109,500819.98443603516
2008-12-30,SZ000878,55200,7.242172248029709,8.350000381469727,460920.0210571289
2008-12-30,SZ000960,45400,8.812642465782165,9.880000114440918,448552.0051956177
2008-12-30,SZ002097,58900,6.792037438821792,12.300000190734863,724470.0112342834
2008-12-30,SZ002202,24200,16.50495,24.279998779296875,587575.9704589844
2008-12-31,SH600008,105800,3.781133732891083,4.390000343322754,464462.03632354736
2008-12-31,SH600026,54700,7.302189713811874,8.149999618530273,445804.97913360596
2008-12-31,SH600110,107500,3.7211160286188125,4.929999828338623,529974.981546402
2008-12-31,SH600117,116200,3.4410320572376247,4.150000095367432,482230.01108169556
2008-12-31,SH600158,120800,3.3109931812524795,4.949999809265137,597959.9769592285
2008-12-31,SH600307,102500,3.9011703338861468,4.650000095367432,476625.00977516174
2008-12-31,SH600309,47700,8.372510885524749,10.0,477000.0
2008-12-31,SH600376,83600,4.781433732891083,6.269999980926514,524171.99840545654
2008-12-31,SH600380,138400,2.8908668664455415,4.550000190734863,629720.0263977051
2008-12-31,SH600432,50800,7.872360408544541,9.869999885559082,501395.99418640137
2008-12-31,SH600456,42100,9.482843542099,11.380000114440918,479098.00481796265
2008-12-31,SH600595,78800,5.071521171712876,5.610000133514404,442068.01052093506
2008-12-31,SH600748,67700,5.901769618415833,6.109999656677246,413646.97675704956
2008-12-31,SH600804,78500,5.091526675653458,9.730000495910645,763805.0389289856
2008-12-31,SH601111,115900,3.451034809207916,4.099999904632568,475189.9889469147
2008-12-31,SH601168,72700,5.501650000000001,6.289999961853027,457282.9972267151
2008-12-31,SH601588,160000,2.50075,2.81000018119812,449600.0289916992
2008-12-31,SZ000572,162600,2.4607380381584165,3.120000123977661,507312.0201587677
2008-12-31,SZ000581,96300,4.151245095396042,5.0,481500.0
2008-12-31,SZ000751,168700,2.3707111240148544,2.7299997806549072,460550.96299648285
2008-12-31,SZ000755,102000,3.921175837826729,4.720000267028809,481440.0272369385
2008-12-31,SZ000878,55200,7.242172248029709,8.0,441600.0
2008-12-31,SZ000960,45400,8.812642465782165,9.440000534057617,428576.0242462158
2008-12-31,SZ002097,58900,6.792037438821792,12.0,706800.0
2008-12-31,SZ002202,24200,16.50495,25.250001907348633,611050.0461578369
2009-01-05,SH600008,105800,3.781133732891083,4.579999923706055,484563.9919281006
2009-01-05,SH600026,54700,7.302189713811874,8.359999656677246,457291.98122024536
2009-01-05,SH600110,107500,3.7211160286188125,5.139999866485596,552549.9856472015
2009-01-05,SH600117,116200,3.4410320572376247,4.5,522900.0
2009-01-05,SH600158,120800,3.3109931812524795,5.090000152587891,614872.0184326172
2009-01-05,SH600307,102500,3.9011703338861468,5.079999923706055,520699.9921798706
2009-01-05,SH600309,47700,8.372510885524749,10.470000267028809,499419.01273727417
2009-01-05,SH600376,83600,4.781433732891083,6.740000247955322,563464.0207290649
2009-01-05,SH600380,138400,2.8908668664455415,4.800000190734863,664320.0263977051
2009-01-05,SH600432,50800,7.872360408544541,10.860000610351562,551688.0310058594
2009-01-05,SH600456,42100,9.482843542099,12.119999885559082,510251.99518203735
2009-01-05,SH600595,78800,5.071521171712876,5.960000038146973,469648.00300598145
2009-01-05,SH600748,67700,5.901769618415833,6.37000036239624,431249.02453422546
2009-01-05,SH600804,78500,5.091526675653458,9.869999885559082,774794.9910163879
2009-01-05,SH601111,115900,3.451034809207916,4.200000286102295,486780.033159256
2009-01-05,SH601168,72700,5.501650000000001,6.649999618530273,483454.9722671509
2009-01-05,SH601588,160000,2.50075,2.9100000858306885,465600.01373291016
2009-01-05,SZ000572,162600,2.4607380381584165,3.309999704360962,538205.9519290924
2009-01-05,SZ000581,96300,4.151245095396042,5.300000190734863,510390.01836776733
2009-01-05,SZ000751,168700,2.3707111240148544,2.9200000762939453,492604.0128707886
2009-01-05,SZ000755,102000,3.921175837826729,4.920000076293945,501840.0077819824
2009-01-05,SZ000878,55200,7.242172248029709,8.75,483000.0
2009-01-05,SZ000960,45400,8.812642465782165,10.380000114440918,471252.0051956177
2009-01-05,SZ002097,58900,6.792037438821792,12.979999542236328,764521.9730377197
2009-01-05,SZ002202,24200,16.50495,27.780000686645508,672276.0166168213
2009-01-06,SH600008,105800,3.781133732891083,4.579999923706055,484563.9919281006
2009-01-06,SH600026,54700,7.302189713811874,8.940000534057617,489018.02921295166
2009-01-06,SH600110,107500,3.7211160286188125,5.269999980926514,566524.9979496002
2009-01-06,SH600117,116200,3.4410320572376247,4.779999732971191,555435.9689712524
2009-01-06,SH600158,120800,3.3109931812524795,5.529999732971191,668023.9677429199
2009-01-06,SH600307,102500,3.9011703338861468,5.25,538125.0
2009-01-06,SH600309,47700,8.372510885524749,10.84999942779541,517544.97270584106
2009-01-06,SH600376,83600,4.781433732891083,7.299999713897705,610279.9760818481
2009-01-06,SH600380,138400,2.8908668664455415,4.929999828338623,682311.9762420654
2009-01-06,SH600432,50800,7.872360408544541,11.949999809265137,607059.990310669
2009-01-06,SH600456,42100,9.482843542099,12.699999809265137,534669.9919700623
2009-01-06,SH600595,78800,5.071521171712876,6.099999904632568,480679.9924850464
2009-01-06,SH600748,67700,5.901769618415833,6.7699995040893555,458328.96642684937
2009-01-06,SH600804,78500,5.091526675653458,10.449999809265137,820324.9850273132
2009-01-06,SH601111,115900,3.451034809207916,4.360000133514404,505324.01547431946
2009-01-06,SH601168,72700,5.501650000000001,6.900000095367432,501630.0069332123
2009-01-06,SH601588,160000,2.50075,3.0200002193450928,483200.03509521484
2009-01-06,SZ000572,162600,2.4607380381584165,3.430000066757202,557718.0108547211
2009-01-06,SZ000581,96300,4.151245095396042,5.480000019073486,527724.0018367767
2009-01-06,SZ000751,168700,2.3707111240148544,3.0199999809265137,509473.99678230286
2009-01-06,SZ000755,102000,3.921175837826729,5.119999885559082,522239.98832702637
2009-01-06,SZ000878,55200,7.242172248029709,9.049999237060547,499559.9578857422
2009-01-06,SZ000960,45400,8.812642465782165,11.010000228881836,499854.01039123535
2009-01-06,SZ002097,58900,6.792037438821792,14.279999732971191,841091.9842720032
2009-01-06,SZ002202,24200,16.50495,28.31999969482422,685343.9926147461
2009-01-07,SH600008,105800,3.781133732891083,5.039999961853027,533231.9959640503
2009-01-07,SH600026,54700,7.302189713811874,9.279999732971191,507615.98539352417
2009-01-07,SH600110,107500,3.7211160286188125,5.439999580383301,584799.9548912048
2009-01-07,SH600117,116200,3.4410320572376247,4.699999809265137,546139.9778366089
2009-01-07,SH600158,120800,3.3109931812524795,5.369999885559082,648695.9861755371
2009-01-07,SH600307,102500,3.9011703338861468,5.159999847412109,528899.9843597412
2009-01-07,SH600309,47700,8.372510885524749,10.84999942779541,517544.97270584106
2009-01-07,SH600376,83600,4.781433732891083,7.249999523162842,606099.9601364136
2009-01-07,SH600380,138400,2.8908668664455415,4.940000057220459,683696.0079193115
2009-01-07,SH600432,50800,7.872360408544541,12.200000762939453,619760.0387573242
2009-01-07,SH600456,42100,9.482843542099,13.549999237060547,570454.967880249
2009-01-07,SH600595,78800,5.071521171712876,6.289999961853027,495651.99699401855
2009-01-07,SH600748,67700,5.901769618415833,6.710000038146973,454267.00258255005
2009-01-07,SH600804,78500,5.091526675653458,10.539999961853027,827389.9970054626
2009-01-07,SH601111,115900,3.451034809207916,4.409999847412109,511118.9823150635
2009-01-07,SH601168,72700,5.501650000000001,6.949999809265137,505264.98613357544
2009-01-07,SH601588,160000,2.50075,3.0,480000.0
2009-01-07,SZ000572,162600,2.4607380381584165,3.549999713897705,577229.9534797668
2009-01-07,SZ000581,96300,4.151245095396042,5.559999942779541,535427.9944896698
2009-01-07,SZ000751,168700,2.3707111240148544,3.0099997520446777,507786.95816993713
2009-01-07,SZ000755,102000,3.921175837826729,5.130000114440918,523260.01167297363
2009-01-07,SZ000878,55200,7.242172248029709,9.199999809265137,507839.98947143555
2009-01-07,SZ000960,45400,8.812642465782165,11.199999809265137,508479.9913406372
2009-01-07,SZ002097,58900,6.792037438821792,14.40000057220459,848160.0337028503
2009-01-07,SZ002202,24200,16.50495,28.64999771118164,693329.9446105957
2009-01-08,SH600008,105800,3.781133732891083,5.119999885559082,541695.9878921509
2009-01-08,SH600026,54700,7.302189713811874,8.84999942779541,484094.96870040894
2009-01-08,SH600110,107500,3.7211160286188125,5.230000019073486,562225.0020503998
2009-01-08,SH600117,116200,3.4410320572376247,4.5,522900.0
2009-01-08,SH600158,120800,3.3109931812524795,5.439999580383301,657151.9493103027
2009-01-08,SH600307,102500,3.9011703338861468,5.0,512500.0
2009-01-08,SH600309,47700,8.372510885524749,10.710000038146973,510867.0018196106
2009-01-08,SH600376,83600,4.781433732891083,7.389999866485596,617803.9888381958
2009-01-08,SH600380,138400,2.8908668664455415,4.970000267028809,687848.0369567871
2009-01-08,SH600432,50800,7.872360408544541,11.770000457763672,597916.0232543945
2009-01-08,SH600456,42100,9.482843542099,13.219999313354492,556561.9710922241
2009-01-08,SH600595,78800,5.071521171712876,6.019999980926514,474375.9984970093
2009-01-08,SH600748,67700,5.901769618415833,6.850000381469727,463745.0258255005
2009-01-08,SH600804,78500,5.091526675653458,10.100000381469727,792850.0299453735
2009-01-08,SH601111,115900,3.451034809207916,4.460000038146973,516914.00442123413
2009-01-08,SH601168,72700,5.501650000000001,6.680000305175781,485636.0221862793
2009-01-08,SH601588,160000,2.50075,2.940000057220459,470400.00915527344
2009-01-08,SZ000572,162600,2.4607380381584165,3.4499998092651367,560969.9689865112
2009-01-08,SZ000581,96300,4.151245095396042,5.300000190734863,510390.01836776733
2009-01-08,SZ000751,168700,2.3707111240148544,2.8999998569488525,489229.9758672714
2009-01-08,SZ000755,102000,3.921175837826729,5.199999809265137,530399.980545044
2009-01-08,SZ000878,55200,7.242172248029709,8.859999656677246,489071.981048584
2009-01-08,SZ000960,45400,8.812642465782165,10.749999046325684,488049.95670318604
2009-01-08,SZ002097,58900,6.792037438821792,13.679999351501465,805751.9618034363
2009-01-08,SZ002202,24200,16.50495,28.64999771118164,693329.9446105957
2009-01-09,SH600008,105800,3.781133732891083,5.139999866485596,543811.985874176
2009-01-09,SH600026,54700,7.302189713811874,9.210000038146973,503787.0020866394
2009-01-09,SH600110,107500,3.7211160286188125,5.230000019073486,562225.0020503998
2009-01-09,SH600117,116200,3.4410320572376247,4.730000019073486,549626.0022163391
2009-01-09,SH600158,120800,3.3109931812524795,5.659999847412109,683727.9815673828
2009-01-09,SH600307,102500,3.9011703338861468,5.159999847412109,528899.9843597412
2009-01-09,SH600309,47700,8.372510885524749,11.0,524700.0
2009-01-09,SH600376,83600,4.781433732891083,7.659999847412109,640375.9872436523
2009-01-09,SH600380,138400,2.8908668664455415,5.380000114440918,744592.015838623
2009-01-09,SH600432,50800,7.872360408544541,12.40000057220459,629920.0290679932
2009-01-09,SH600456,42100,9.482843542099,14.539999961853027,612133.9983940125
2009-01-09,SH600595,78800,5.071521171712876,6.179999828338623,486983.9864730835
2009-01-09,SH600748,67700,5.901769618415833,6.8600006103515625,464422.0413208008
2009-01-09,SH600804,78500,5.091526675653458,10.010000228881836,785785.0179672241
2009-01-09,SH601111,115900,3.451034809207916,4.450000286102295,515755.033159256
2009-01-09,SH601168,72700,5.501650000000001,6.920000076293945,503084.0055465698
2009-01-09,SH601588,160000,2.50075,3.0,480000.0
2009-01-09,SZ000572,162600,2.4607380381584165,3.5999999046325684,585359.9844932556
2009-01-09,SZ000581,96300,4.151245095396042,5.400000095367432,520020.00918388367
2009-01-09,SZ000751,168700,2.3707111240148544,3.0,506100.0
2009-01-09,SZ000755,102000,3.921175837826729,5.299999713897705,540599.9708175659
2009-01-09,SZ000878,55200,7.242172248029709,9.220000267028809,508944.01473999023
2009-01-09,SZ000960,45400,8.812642465782165,11.550000190734863,524370.0086593628
2009-01-09,SZ002097,58900,6.792037438821792,14.249999046325684,839324.9438285828
2009-01-09,SZ002202,24200,16.50495,29.19999885559082,706639.9723052979
2009-01-12,SH600008,105800,3.781133732891083,5.440000057220459,575552.0060539246
2009-01-12,SH600026,54700,7.302189713811874,9.120000839233398,498864.0459060669
2009-01-12,SH600110,107500,3.7211160286188125,5.439999580383301,584799.9548912048
2009-01-12,SH600117,116200,3.4410320572376247,4.869999885559082,565893.9867019653
2009-01-12,SH600158,120800,3.3109931812524795,5.569999694824219,672855.9631347656
2009-01-12,SH600307,102500,3.9011703338861468,5.289999961853027,542224.9960899353
2009-01-12,SH600309,47700,8.372510885524749,11.390000343322754,543303.0163764954
2009-01-12,SH600376,83600,4.781433732891083,7.670000076293945,641212.0063781738
2009-01-12,SH600380,138400,2.8908668664455415,5.310000419616699,734904.0580749512
2009-01-12,SH600432,50800,7.872360408544541,12.780000686645508,649224.0348815918
2009-01-12,SH600456,42100,9.482843542099,15.350000381469727,646235.0160598755
2009-01-12,SH600595,78800,5.071521171712876,6.409999847412109,505107.9879760742
2009-01-12,SH600748,67700,5.901769618415833,6.8899993896484375,466452.9586791992
2009-01-12,SH600804,78500,5.091526675653458,10.289999961853027,807764.9970054626
2009-01-12,SH601111,115900,3.451034809207916,4.429999828338623,513436.9801044464
2009-01-12,SH601168,72700,5.501650000000001,7.270000457763672,528529.033279419
2009-01-12,SH601588,160000,2.50075,2.9800000190734863,476800.0030517578
2009-01-12,SZ000572,162600,2.4607380381584165,3.700000047683716,601620.0077533722
2009-01-12,SZ000581,96300,4.151245095396042,5.579999923706055,537353.9926528931
2009-01-12,SZ000751,168700,2.3707111240148544,3.1500000953674316,531405.0160884857
2009-01-12,SZ000755,102000,3.921175837826729,5.570000171661377,568140.0175094604
2009-01-12,SZ000878,55200,7.242172248029709,9.609999656677246,530471.981048584
2009-01-12,SZ000960,45400,8.812642465782165,12.69999885559082,576579.9480438232
2009-01-12,SZ002097,58900,6.792037438821792,14.279999732971191,841091.9842720032
2009-01-12,SZ002202,24200,16.50495,29.18000030517578,706156.0073852539
2009-01-13,SH600008,105800,3.781133732891083,5.260000228881836,556508.0242156982
2009-01-13,SH600026,54700,7.302189713811874,8.609999656677246,470966.98122024536
2009-01-13,SH600110,107500,3.7211160286188125,5.799999713897705,623499.9692440033
2009-01-13,SH600117,116200,3.4410320572376247,4.939999580383301,574027.9512405396
2009-01-13,SH600158,120800,3.3109931812524795,5.320000171661377,642656.0207366943
2009-01-13,SH600307,102500,3.9011703338861468,5.400000095367432,553500.0097751617
2009-01-13,SH600309,47700,8.372510885524749,11.5,548550.0
2009-01-13,SH600376,83600,4.781433732891083,7.389999866485596,617803.9888381958
2009-01-13,SH600380,138400,2.8908668664455415,5.009999752044678,693383.9656829834
2009-01-13,SH600432,50800,7.872360408544541,12.110000610351562,615188.0310058594
2009-01-13,SH600456,42100,9.482843542099,14.269999504089355,600766.9791221619
2009-01-13,SH600595,78800,5.071521171712876,6.130000114440918,483044.00901794434
2009-01-13,SH600748,67700,5.901769618415833,6.640000343322754,449528.02324295044
2009-01-13,SH600804,78500,5.091526675653458,9.949999809265137,781074.9850273132
2009-01-13,SH601111,115900,3.451034809207916,4.200000286102295,486780.033159256
2009-01-13,SH601168,72700,5.501650000000001,6.909999847412109,502356.98890686035
2009-01-13,SH601588,160000,2.50075,2.890000104904175,462400.01678466797
2009-01-13,SZ000572,162600,2.4607380381584165,3.7300000190734863,606498.0031013489
2009-01-13,SZ000581,96300,4.151245095396042,5.559999942779541,535427.9944896698
2009-01-13,SZ000751,168700,2.3707111240148544,3.0099997520446777,507786.95816993713
2009-01-13,SZ000755,102000,3.921175837826729,5.599999904632568,571199.990272522
2009-01-13,SZ000878,55200,7.242172248029709,9.019999504089355,497903.9726257324
2009-01-13,SZ000960,45400,8.812642465782165,12.010000228881836,545254.0103912354
2009-01-13,SZ002097,58900,6.792037438821792,12.84999942779541,756864.9662971497
2009-01-13,SZ002202,24200,16.50495,27.799999237060547,672759.9815368652
2009-01-14,SH600008,105800,3.781133732891083,5.369999885559082,568145.9878921509
2009-01-14,SH600026,54700,7.302189713811874,9.109999656677246,498316.98122024536
2009-01-14,SH600110,107500,3.7211160286188125,6.309999942779541,678324.9938488007
2009-01-14,SH600117,116200,3.4410320572376247,5.150000095367432,598430.0110816956
2009-01-14,SH600158,120800,3.3109931812524795,5.519999980926514,666815.9976959229
2009-01-14,SH600307,102500,3.9011703338861468,5.579999923706055,571949.9921798706
2009-01-14,SH600309,47700,8.372510885524749,12.039999961853027,574307.9981803894
2009-01-14,SH600376,83600,4.781433732891083,7.710000038146973,644556.0031890869
2009-01-14,SH600380,138400,2.8908668664455415,5.159999847412109,714143.9788818359
2009-01-14,SH600432,50800,7.872360408544541,13.139999389648438,667511.9689941406
2009-01-14,SH600456,42100,9.482843542099,15.350000381469727,646235.0160598755
2009-01-14,SH600595,78800,5.071521171712876,6.309999942779541,497227.99549102783
2009-01-14,SH600748,67700,5.901769618415833,6.869999885559082,465098.99225234985
2009-01-14,SH600804,78500,5.091526675653458,10.079999923706055,791279.9940109253
2009-01-14,SH601111,115900,3.451034809207916,4.279999732971191,496051.9690513611
2009-01-14,SH601168,72700,5.501650000000001,7.289999961853027,529982.9972267151
2009-01-14,SH601588,160000,2.50075,2.9800000190734863,476800.0030517578
2009-01-14,SZ000572,162600,2.4607380381584165,3.8299999237060547,622757.9875946045
2009-01-14,SZ000581,96300,4.151245095396042,5.840000152587891,562392.0146942139
2009-01-14,SZ000751,168700,2.3707111240148544,3.119999885559082,526343.9806938171
2009-01-14,SZ000755,102000,3.921175837826729,5.84999942779541,596699.9416351318
2009-01-14,SZ000878,55200,7.242172248029709,9.489999771118164,523847.98736572266
2009-01-14,SZ000960,45400,8.812642465782165,12.919999122619629,586567.9601669312
2009-01-14,SZ002097,58900,6.792037438821792,12.930000305175781,761577.0179748535
2009-01-14,SZ002202,24200,16.50495,30.579999923706055,740035.9981536865
2009-01-15,SH600008,105800,3.781133732891083,5.360000133514404,567088.014125824
2009-01-15,SH600026,54700,7.302189713811874,9.039999961853027,494487.9979133606
2009-01-15,SH600110,107500,3.7211160286188125,6.940000057220459,746050.0061511993
2009-01-15,SH600117,116200,3.4410320572376247,5.100000381469727,592620.0443267822
2009-01-15,SH600158,120800,3.3109931812524795,5.579999923706055,674063.9907836914
2009-01-15,SH600307,102500,3.9011703338861468,5.589999675750732,572974.9667644501
2009-01-15,SH600309,47700,8.372510885524749,11.989999771118164,571922.9890823364
2009-01-15,SH600376,83600,4.781433732891083,8.180000305175781,683848.0255126953
2009-01-15,SH600380,138400,2.8908668664455415,5.099999904632568,705839.9868011475
2009-01-15,SH600432,50800,7.872360408544541,13.6899995803833,695451.9786834717
2009-01-15,SH600456,42100,9.482843542099,16.290000915527344,685809.0385437012
2009-01-15,SH600595,78800,5.071521171712876,6.37000036239624,501956.02855682373
2009-01-15,SH600748,67700,5.901769618415833,6.87999963760376,465775.97546577454
2009-01-15,SH600804,78500,5.091526675653458,10.0,785000.0
2009-01-15,SH601111,115900,3.451034809207916,4.329999923706055,501846.99115753174
2009-01-15,SH601168,72700,5.501650000000001,7.560000419616699,549612.030506134
2009-01-15,SH601588,160000,2.50075,2.989999771118164,478399.96337890625
2009-01-15,SZ000572,162600,2.4607380381584165,3.75,609750.0
2009-01-15,SZ000581,96300,4.151245095396042,5.820000171661377,560466.0165309906
2009-01-15,SZ000751,168700,2.3707111240148544,3.130000114440918,528031.0193061829
2009-01-15,SZ000755,102000,3.921175837826729,5.800000190734863,591600.019454956
2009-01-15,SZ000878,55200,7.242172248029709,9.510000228881836,524952.0126342773
2009-01-15,SZ000960,45400,8.812642465782165,13.210000038146973,599734.0017318726
2009-01-15,SZ002097,58900,6.792037438821792,13.029999732971191,767466.9842720032
2009-01-15,SZ002202,24200,16.50495,32.29999923706055,781659.9815368652
2009-01-16,SH600008,105800,3.781133732891083,5.360000133514404,567088.014125824
2009-01-16,SH600026,54700,7.302189713811874,9.8100004196167,536607.0229530334
2009-01-16,SH600110,107500,3.7211160286188125,6.740000247955322,724550.0266551971
2009-01-16,SH600117,116200,3.4410320572376247,5.100000381469727,592620.0443267822
2009-01-16,SH600158,120800,3.3109931812524795,5.529999732971191,668023.9677429199
2009-01-16,SH600307,102500,3.9011703338861468,5.690000534057617,583225.0547409058
2009-01-16,SH600309,47700,8.372510885524749,11.930000305175781,569061.0145568848
2009-01-16,SH600376,83600,4.781433732891083,8.220000267028809,687192.0223236084
2009-01-16,SH600380,138400,2.8908668664455415,5.089999675750732,704455.9551239014
2009-01-16,SH600432,50800,7.872360408544541,13.610000610351562,691388.0310058594
2009-01-16,SH600456,42100,9.482843542099,16.09000015258789,677389.0064239502
2009-01-16,SH600595,78800,5.071521171712876,6.490000247955322,511412.0195388794
2009-01-16,SH600748,67700,5.901769618415833,6.970000267028809,471869.01807785034
2009-01-16,SH600804,78500,5.091526675653458,10.09000015258789,792065.0119781494
2009-01-16,SH601111,115900,3.451034809207916,4.409999847412109,511118.9823150635
2009-01-16,SH601168,72700,5.501650000000001,7.789999961853027,566332.9972267151
2009-01-16,SH601588,160000,2.50075,3.0300002098083496,484800.03356933594
2009-01-16,SZ000572,162600,2.4607380381584165,3.7200000286102295,604872.0046520233
2009-01-16,SZ000581,96300,4.151245095396042,5.820000171661377,560466.0165309906
2009-01-16,SZ000751,168700,2.3707111240148544,3.1399998664855957,529717.97747612
2009-01-16,SZ000755,102000,3.921175837826729,5.679999828338623,579359.9824905396
2009-01-16,SZ000878,55200,7.242172248029709,9.619999885559082,531023.9936828613
2009-01-16,SZ000960,45400,8.812642465782165,13.120000839233398,595648.0381011963
2009-01-16,SZ002097,58900,6.792037438821792,13.00999927520752,766288.9573097229
2009-01-16,SZ002202,24200,16.50495,32.08000183105469,776336.0443115234
2009-01-19,SH600008,105800,3.781133732891083,5.360000133514404,567088.014125824
2009-01-19,SH600026,54700,7.302189713811874,9.739999771118164,532777.9874801636
2009-01-19,SH600110,107500,3.7211160286188125,6.690000057220459,719175.0061511993
2009-01-19,SH600117,116200,3.4410320572376247,4.860000133514404,564732.0155143738
2009-01-19,SH600158,120800,3.3109931812524795,5.460000038146973,659568.0046081543
2009-01-19,SH600307,102500,3.9011703338861468,5.640000343322754,578100.0351905823
2009-01-19,SH600309,47700,8.372510885524749,12.049999237060547,574784.9636077881
2009-01-19,SH600376,83600,4.781433732891083,8.4399995803833,705583.964920044
2009-01-19,SH600380,138400,2.8908668664455415,4.940000057220459,683696.0079193115
2009-01-19,SH600432,50800,7.872360408544541,13.320000648498535,676656.0329437256
2009-01-19,SH600456,42100,9.482843542099,15.630000114440918,658023.0048179626
2009-01-19,SH600595,78800,5.071521171712876,6.480000019073486,510624.0015029907
2009-01-19,SH600748,67700,5.901769618415833,7.180000305175781,486086.0206604004
2009-01-19,SH600804,78500,5.091526675653458,9.84000015258789,772440.0119781494
2009-01-19,SH601111,115900,3.451034809207916,4.420000076293945,512278.00884246826
2009-01-19,SH601168,72700,5.501650000000001,7.699999809265137,559789.9861335754
2009-01-19,SH601588,160000,2.50075,3.049999952316284,487999.99237060547
2009-01-19,SZ000572,162600,2.4607380381584165,3.640000104904175,591864.0170574188
2009-01-19,SZ000581,96300,4.151245095396042,5.740000247955322,552762.0238780975
2009-01-19,SZ000751,168700,2.3707111240148544,3.1500000953674316,531405.0160884857
2009-01-19,SZ000755,102000,3.921175837826729,5.920000076293945,603840.0077819824
2009-01-19,SZ000878,55200,7.242172248029709,9.699999809265137,535439.9894714355
2009-01-19,SZ000960,45400,8.812642465782165,12.710000991821289,577034.0450286865
2009-01-19,SZ002097,58900,6.792037438821792,12.839999198913574,756275.9528160095
2009-01-19,SZ002202,24200,16.50495,31.92999839782715,772705.961227417
2009-01-20,SH600008,105800,3.781133732891083,5.410000324249268,572378.0343055725
2009-01-20,SH600026,54700,7.302189713811874,9.890000343322754,540983.0187797546
2009-01-20,SH600110,107500,3.7211160286188125,6.770000457763672,727775.0492095947
2009-01-20,SH600117,116200,3.4410320572376247,4.889999866485596,568217.9844856262
2009-01-20,SH600158,120800,3.3109931812524795,5.430000305175781,655944.0368652344
2009-01-20,SH600307,102500,3.9011703338861468,5.78000020980835,592450.0215053558
2009-01-20,SH600309,47700,8.372510885524749,12.600000381469727,601020.018196106
2009-01-20,SH600376,83600,4.781433732891083,8.149999618530273,681339.9681091309
2009-01-20,SH600380,138400,2.8908668664455415,5.0,692000.0
2009-01-20,SH600432,50800,7.872360408544541,13.640000343322754,692912.0174407959
2009-01-20,SH600456,42100,9.482843542099,16.329999923706055,687492.9967880249
2009-01-20,SH600595,78800,5.071521171712876,6.589999675750732,519291.9744491577
2009-01-20,SH600748,67700,5.901769618415833,7.099999904632568,480669.9935436249
2009-01-20,SH600804,78500,5.091526675653458,9.640000343322754,756740.0269508362
2009-01-20,SH601111,115900,3.451034809207916,4.340000152587891,503006.0176849365
2009-01-20,SH601168,72700,5.501650000000001,7.699999809265137,559789.9861335754
2009-01-20,SH601588,160000,2.50075,3.0799999237060547,492799.98779296875
2009-01-20,SZ000572,162600,2.4607380381584165,3.6500000953674316,593490.0155067444
2009-01-20,SZ000581,96300,4.151245095396042,5.909999847412109,569132.9853057861
2009-01-20,SZ000751,168700,2.3707111240148544,3.1500000953674316,531405.0160884857
2009-01-20,SZ000755,102000,3.921175837826729,5.87999963760376,599759.9630355835
2009-01-20,SZ000878,55200,7.242172248029709,9.84000015258789,543168.0084228516
2009-01-20,SZ000960,45400,8.812642465782165,13.029999732971191,591561.9878768921
2009-01-20,SZ002097,58900,6.792037438821792,13.019999504089355,766877.970790863
2009-01-20,SZ002202,24200,16.50495,33.0,798600.0
2009-01-21,SH600008,105800,3.781133732891083,5.289999961853027,559681.9959640503
2009-01-21,SH600026,54700,7.302189713811874,9.760000228881836,533872.0125198364
2009-01-21,SH600110,107500,3.7211160286188125,6.579999923706055,707349.9917984009
2009-01-21,SH600117,116200,3.4410320572376247,4.789999961853027,556597.9955673218
2009-01-21,SH600158,120800,3.3109931812524795,5.210000038146973,629368.0046081543
2009-01-21,SH600307,102500,3.9011703338861468,5.640000343322754,578100.0351905823
2009-01-21,SH600309,47700,8.372510885524749,13.399999618530273,639179.981803894
2009-01-21,SH600376,83600,4.781433732891083,8.070000648498535,674652.0542144775
2009-01-21,SH600380,138400,2.8908668664455415,4.960000038146973,686464.005279541
2009-01-21,SH600432,50800,7.872360408544541,13.510001182556152,686308.0600738525
2009-01-21,SH600456,42100,9.482843542099,16.619998931884766,699701.9550323486
2009-01-21,SH600595,78800,5.071521171712876,6.560000419616699,516928.0330657959
2009-01-21,SH600748,67700,5.901769618415833,7.320000171661377,495564.0116214752
2009-01-21,SH600804,78500,5.091526675653458,9.699999809265137,761449.9850273132
2009-01-21,SH601111,115900,3.451034809207916,4.259999752044678,493733.97126197815
2009-01-21,SH601168,72700,5.501650000000001,7.5,545250.0
2009-01-21,SH601588,160000,2.50075,3.06000018119812,489600.0289916992
2009-01-21,SZ000572,162600,2.4607380381584165,3.620000123977661,588612.0201587677
2009-01-21,SZ000581,96300,4.151245095396042,6.069999694824219,584540.9706115723
2009-01-21,SZ000751,168700,2.3707111240148544,3.109999895095825,524656.9823026657
2009-01-21,SZ000755,102000,3.921175837826729,5.860000133514404,597720.0136184692
2009-01-21,SZ000878,55200,7.242172248029709,9.699999809265137,535439.9894714355
2009-01-21,SZ000960,45400,8.812642465782165,12.480000495910645,566592.0225143433
2009-01-21,SZ002097,58900,6.792037438821792,13.059999465942383,769233.9685440063
2009-01-21,SZ002202,24200,16.50495,31.650001525878906,765930.0369262695
2009-01-22,SH600008,105800,3.781133732891083,5.340000152587891,564972.0161437988
2009-01-22,SH600026,54700,7.302189713811874,10.630000114440918,581461.0062599182
2009-01-22,SH600110,107500,3.7211160286188125,6.9499993324279785,747124.9282360077
2009-01-22,SH600117,116200,3.4410320572376247,4.800000190734863,557760.0221633911
2009-01-22,SH600158,120800,3.3109931812524795,5.330000400543213,643864.0483856201
2009-01-22,SH600307,102500,3.9011703338861468,5.679999828338623,582199.9824047089
2009-01-22,SH600309,47700,8.372510885524749,13.869999885559082,661598.9945411682
2009-01-22,SH600376,83600,4.781433732891083,8.319999694824219,695551.9744873047
2009-01-22,SH600380,138400,2.8908668664455415,5.059999942779541,700303.9920806885
2009-01-22,SH600432,50800,7.872360408544541,14.559999465942383,739647.972869873
2009-01-22,SH600456,42100,9.482843542099,17.610000610351562,741381.0256958008
2009-01-22,SH600595,78800,5.071521171712876,6.930000305175781,546084.0240478516
2009-01-22,SH600748,67700,5.901769618415833,7.480000019073486,506396.001291275
2009-01-22,SH600804,78500,5.091526675653458,10.34000015258789,811690.0119781494
2009-01-22,SH601111,115900,3.451034809207916,4.340000152587891,503006.0176849365
2009-01-22,SH601168,72700,5.501650000000001,7.960000038146973,578692.0027732849
2009-01-22,SH601588,160000,2.50075,3.070000171661377,491200.0274658203
2009-01-22,SZ000572,162600,2.4607380381584165,3.6500000953674316,593490.0155067444
2009-01-22,SZ000581,96300,4.151245095396042,6.239999771118164,600911.9779586792
2009-01-22,SZ000751,168700,2.3707111240148544,3.2300000190734863,544901.0032176971
2009-01-22,SZ000755,102000,3.921175837826729,6.430000305175781,655860.0311279297
2009-01-22,SZ000878,55200,7.242172248029709,10.100000381469727,557520.0210571289
2009-01-22,SZ000960,45400,8.812642465782165,12.949999809265137,587929.9913406372
2009-01-22,SZ002097,58900,6.792037438821792,13.09999942779541,771589.9662971497
2009-01-22,SZ002202,24200,16.50495,32.0,774400.0
2009-01-23,SH600008,105800,3.781133732891083,5.139999866485596,543811.985874176
2009-01-23,SH600026,54700,7.302189713811874,10.680000305175781,584196.0166931152
2009-01-23,SH600110,107500,3.7211160286188125,6.590000152587891,708425.0164031982
2009-01-23,SH600117,116200,3.4410320572376247,4.920000076293945,571704.0088653564
2009-01-23,SH600158,120800,3.3109931812524795,5.309999942779541,641447.9930877686
2009-01-23,SH600307,102500,3.9011703338861468,5.589999675750732,572974.9667644501
2009-01-23,SH600309,47700,8.372510885524749,13.65999984741211,651581.9927215576
2009-01-23,SH600376,83600,4.781433732891083,8.079999923706055,675487.9936218262
2009-01-23,SH600380,138400,2.8908668664455415,4.960000038146973,686464.005279541
2009-01-23,SH600432,50800,7.872360408544541,14.239998817443848,723391.9399261475
2009-01-23,SH600456,42100,9.482843542099,17.239999771118164,725803.9903640747
2009-01-23,SH600595,78800,5.071521171712876,6.800000190734863,535840.0150299072
2009-01-23,SH600748,67700,5.901769618415833,7.440000534057617,503688.0361557007
2009-01-23,SH600804,78500,5.091526675653458,10.289999961853027,807764.9970054626
2009-01-23,SH601111,115900,3.451034809207916,4.249999523162842,492574.94473457336
2009-01-23,SH601168,72700,5.501650000000001,7.87000036239624,572149.0263462067
2009-01-23,SH601588,160000,2.50075,3.049999952316284,487999.99237060547
2009-01-23,SZ000572,162600,2.4607380381584165,3.8399999141693115,624383.98604393
2009-01-23,SZ000581,96300,4.151245095396042,6.519999980926514,627875.9981632233
2009-01-23,SZ000751,168700,2.3707111240148544,3.1500000953674316,531405.0160884857
2009-01-23,SZ000755,102000,3.921175837826729,6.190000057220459,631380.0058364868
2009-01-23,SZ000878,55200,7.242172248029709,9.890000343322754,545928.018951416
2009-01-23,SZ000960,45400,8.812642465782165,12.90000057220459,585660.0259780884
2009-01-23,SZ002097,58900,6.792037438821792,13.519999504089355,796327.970790863
2009-01-23,SZ002202,24200,16.50495,31.760000228881836,768592.0055389404
2009-02-02,SH600008,105800,3.781133732891083,5.25,555450.0
2009-02-02,SH600026,54700,7.302189713811874,11.260000228881836,615922.0125198364
2009-02-02,SH600110,107500,3.7211160286188125,6.920000076293945,743900.0082015991
2009-02-02,SH600117,116200,3.4410320572376247,5.069999694824219,589133.9645385742
2009-02-02,SH600158,120800,3.3109931812524795,5.619999885559082,678895.9861755371
2009-02-02,SH600307,102500,3.9011703338861468,5.7099995613098145,585274.955034256
2009-02-02,SH600309,47700,8.372510885524749,13.829999923706055,659690.9963607788
2009-02-02,SH600376,83600,4.781433732891083,8.110000610351562,677996.0510253906
2009-02-02,SH600380,138400,2.8908668664455415,4.970000267028809,687848.0369567871
2009-02-02,SH600432,50800,7.872360408544541,14.269998550415039,724915.926361084
2009-02-02,SH600456,42100,9.482843542099,18.450000762939453,776745.032119751
2009-02-02,SH600595,78800,5.071521171712876,6.850000381469727,539780.0300598145
2009-02-02,SH600748,67700,5.901769618415833,7.609999656677246,515196.97675704956
2009-02-02,SH600804,78500,5.091526675653458,10.859999656677246,852509.9730491638
2009-02-02,SH601111,115900,3.451034809207916,4.300000190734863,498370.02210617065
2009-02-02,SH601168,72700,5.501650000000001,8.0,581600.0
2009-02-02,SH601588,160000,2.50075,3.0899999141693115,494399.98626708984
2009-02-02,SZ000572,162600,2.4607380381584165,3.9800000190734863,647148.0031013489
2009-02-02,SZ000581,96300,4.151245095396042,6.569999694824219,632690.9706115723
2009-02-02,SZ000751,168700,2.3707111240148544,3.2100002765655518,541527.0466566086
2009-02-02,SZ000755,102000,3.921175837826729,6.660000324249268,679320.0330734253
2009-02-02,SZ000878,55200,7.242172248029709,9.979999542236328,550895.9747314453
2009-02-02,SZ000960,45400,8.812642465782165,12.829999923706055,582481.9965362549
2009-02-02,SZ002097,58900,6.792037438821792,13.809999465942383,813408.9685440063
2009-02-02,SZ002202,24200,16.50495,32.87999725341797,795695.9335327148
2009-02-03,SH600008,105800,3.781133732891083,5.549999713897705,587189.9697303772
2009-02-03,SH600026,54700,7.302189713811874,11.3100004196167,618657.0229530334
2009-02-03,SH600110,107500,3.7211160286188125,7.170000076293945,770775.0082015991
2009-02-03,SH600117,116200,3.4410320572376247,5.240000247955322,608888.0288124084
2009-02-03,SH600158,120800,3.3109931812524795,5.640000343322754,681312.0414733887
2009-02-03,SH600307,102500,3.9011703338861468,5.909999847412109,605774.9843597412
2009-02-03,SH600309,47700,8.372510885524749,14.59000015258789,695943.0072784424
2009-02-03,SH600376,83600,4.781433732891083,8.420000076293945,703912.0063781738
2009-02-03,SH600380,138400,2.8908668664455415,5.12000036239624,708608.0501556396
2009-02-03,SH600432,50800,7.872360408544541,14.500000953674316,736600.0484466553
2009-02-03,SH600456,42100,9.482843542099,18.56999969482422,781796.9871520996
2009-02-03,SH600595,78800,5.071521171712876,7.119999885559082,561055.9909820557
2009-02-03,SH600748,67700,5.901769618415833,7.840000152587891,530768.0103302002
2009-02-03,SH600804,78500,5.091526675653458,11.119999885559082,872919.9910163879
2009-02-03,SH601111,115900,3.451034809207916,4.510000228881836,522709.0265274048
2009-02-03,SH601168,72700,5.501650000000001,8.34000015258789,606318.0110931396
2009-02-03,SH601588,160000,2.50075,3.190000057220459,510400.00915527344
2009-02-03,SZ000572,162600,2.4607380381584165,4.0,650400.0
2009-02-03,SZ000581,96300,4.151245095396042,6.930000305175781,667359.0293884277
2009-02-03,SZ000751,168700,2.3707111240148544,3.3999998569488525,573579.9758672714
2009-02-03,SZ000755,102000,3.921175837826729,7.079999923706055,722159.9922180176
2009-02-03,SZ000878,55200,7.242172248029709,10.75,593400.0
2009-02-03,SZ000960,45400,8.812642465782165,13.500000953674316,612900.043296814
2009-02-03,SZ002097,58900,6.792037438821792,14.309999465942383,842858.9685440063
2009-02-03,SZ002202,24200,16.50495,32.939998626708984,797147.9667663574
2009-02-04,SH600008,105800,3.781133732891083,5.690000534057617,602002.0565032959
2009-02-04,SH600026,54700,7.302189713811874,11.359999656677246,621391.9812202454
2009-02-04,SH600110,107500,3.7211160286188125,7.329999923706055,787974.9917984009
2009-02-04,SH600117,116200,3.4410320572376247,5.460000038146973,634452.0044326782
2009-02-04,SH600158,120800,3.3109931812524795,6.0,724800.0
2009-02-04,SH600307,102500,3.9011703338861468,6.240000247955322,639600.0254154205
2009-02-04,SH600309,47700,8.372510885524749,14.339999198913574,684017.9617881775
2009-02-04,SH600376,83600,4.781433732891083,8.789999961853027,734843.9968109131
2009-02-04,SH600380,138400,2.8908668664455415,5.289999485015869,732135.9287261963
2009-02-04,SH600432,50800,7.872360408544541,15.270000457763672,775716.0232543945
2009-02-04,SH600456,42100,9.482843542099,18.600000381469727,783060.0160598755
2009-02-04,SH600595,78800,5.071521171712876,7.28000020980835,573664.016532898
2009-02-04,SH600748,67700,5.901769618415833,8.100000381469727,548370.0258255005
2009-02-04,SH600804,78500,5.091526675653458,11.119999885559082,872919.9910163879
2009-02-04,SH601111,115900,3.451034809207916,4.619999885559082,535457.9867362976
2009-02-04,SH601168,72700,5.501650000000001,9.170000076293945,666659.0055465698
2009-02-04,SH601588,160000,2.50075,3.3000001907348633,528000.0305175781
2009-02-04,SZ000572,162600,2.4607380381584165,4.069999694824219,661781.950378418
2009-02-04,SZ000581,96300,4.151245095396042,6.939999580383301,668321.9595909119
2009-02-04,SZ000751,168700,2.3707111240148544,3.5199999809265137,593823.9967823029
2009-02-04,SZ000755,102000,3.921175837826729,7.110000133514404,725220.0136184692
2009-02-04,SZ000878,55200,7.242172248029709,10.960000038146973,604992.0021057129
2009-02-04,SZ000960,45400,8.812642465782165,13.90000057220459,631060.0259780884
2009-02-04,SZ002097,58900,6.792037438821792,14.249999046325684,839324.9438285828
2009-02-04,SZ002202,24200,16.50495,33.0,798600.0
2009-02-05,SH600008,105800,3.781133732891083,5.570000171661377,589306.0181617737
2009-02-05,SH600026,54700,7.302189713811874,11.069999694824219,605528.9833068848
2009-02-05,SH600110,107500,3.7211160286188125,7.259999752044678,780449.9733448029
2009-02-05,SH600117,116200,3.4410320572376247,5.639999866485596,655367.9844856262
2009-02-05,SH600158,120800,3.3109931812524795,5.919999599456787,715135.9516143799
2009-02-05,SH600307,102500,3.9011703338861468,6.84999942779541,702124.9413490295
2009-02-05,SH600309,47700,8.372510885524749,13.649999618530273,651104.981803894
2009-02-05,SH600376,83600,4.781433732891083,8.899999618530273,744039.9681091309
2009-02-05,SH600380,138400,2.8908668664455415,5.259999752044678,727983.9656829834
2009-02-05,SH600432,50800,7.872360408544541,14.899999618530273,756919.9806213379
2009-02-05,SH600456,42100,9.482843542099,17.48999786376953,736328.9100646973
2009-02-05,SH600595,78800,5.071521171712876,7.12999963760376,561843.9714431763
2009-02-05,SH600748,67700,5.901769618415833,7.980000019073486,540246.001291275
2009-02-05,SH600804,78500,5.091526675653458,10.920000076293945,857220.0059890747
2009-02-05,SH601111,115900,3.451034809207916,4.890000343322754,566751.0397911072
2009-02-05,SH601168,72700,5.501650000000001,8.979999542236328,652845.966720581
2009-02-05,SH601588,160000,2.50075,3.2699999809265137,523199.9969482422
2009-02-05,SZ000572,162600,2.4607380381584165,3.929999828338623,639017.9720878601
2009-02-05,SZ000581,96300,4.151245095396042,6.599999904632568,635579.9908161163
2009-02-05,SZ000751,168700,2.3707111240148544,3.440000057220459,580328.0096530914
2009-02-05,SZ000755,102000,3.921175837826729,6.779999732971191,691559.9727630615
2009-02-05,SZ000878,55200,7.242172248029709,10.800000190734863,596160.0105285645
2009-02-05,SZ000960,45400,8.812642465782165,13.329999923706055,605181.9965362549
2009-02-05,SZ002097,58900,6.792037438821792,13.869999885559082,816942.9932594299
2009-02-05,SZ002202,24200,16.50495,32.150001525878906,778030.0369262695
2009-02-06,SH600008,105800,3.781133732891083,5.949999809265137,629509.9798202515
2009-02-06,SH600026,54700,7.302189713811874,11.520000457763672,630144.0250396729
2009-02-06,SH600110,107500,3.7211160286188125,7.5400004386901855,810550.047159195
2009-02-06,SH600117,116200,3.4410320572376247,5.880000114440918,683256.0132980347
2009-02-06,SH600158,120800,3.3109931812524795,6.230000019073486,752584.0023040771
2009-02-06,SH600307,102500,3.9011703338861468,6.84999942779541,702124.9413490295
2009-02-06,SH600309,47700,8.372510885524749,14.039999961853027,669707.9981803894
2009-02-06,SH600376,83600,4.781433732891083,9.789999961853027,818443.9968109131
2009-02-06,SH600380,138400,2.8908668664455415,5.400000095367432,747360.0131988525
2009-02-06,SH600432,50800,7.872360408544541,16.149999618530273,820419.9806213379
2009-02-06,SH600456,42100,9.482843542099,18.260000228881836,768746.0096359253
2009-02-06,SH600595,78800,5.071521171712876,7.710000038146973,607548.0030059814
2009-02-06,SH600748,67700,5.901769618415833,8.609999656677246,582896.9767570496
2009-02-06,SH600804,78500,5.091526675653458,10.920000076293945,857220.0059890747
2009-02-06,SH601111,115900,3.451034809207916,5.03000020980835,582977.0243167877
2009-02-06,SH601168,72700,5.501650000000001,9.699999809265137,705189.9861335754
2009-02-06,SH601588,160000,2.50075,3.5999999046325684,575999.9847412109
2009-02-06,SZ000572,162600,2.4607380381584165,4.319999694824219,702431.950378418
2009-02-06,SZ000581,96300,4.151245095396042,7.260000228881836,699138.0220413208
2009-02-06,SZ000751,168700,2.3707111240148544,3.7799999713897705,637685.9951734543
2009-02-06,SZ000755,102000,3.921175837826729,6.980000019073486,711960.0019454956
2009-02-06,SZ000878,55200,7.242172248029709,11.879999160766602,655775.9536743164
2009-02-06,SZ000960,45400,8.812642465782165,14.559999465942383,661023.9757537842
2009-02-06,SZ002097,58900,6.792037438821792,14.64000129699707,862296.0763931274
2009-02-06,SZ002202,24200,16.50495,33.45000076293945,809490.0184631348
2009-02-09,SH600008,105800,3.781133732891083,6.099999904632568,645379.9899101257
2009-02-09,SH600026,54700,7.302189713811874,12.109999656677246,662416.9812202454
2009-02-09,SH600110,107500,3.7211160286188125,7.789999961853027,837424.9958992004
2009-02-09,SH600117,116200,3.4410320572376247,6.070000171661377,705334.019947052
2009-02-09,SH600158,120800,3.3109931812524795,6.849999904632568,827479.9884796143
2009-02-09,SH600307,102500,3.9011703338861468,6.84999942779541,702124.9413490295
2009-02-09,SH600309,47700,8.372510885524749,14.050000190734863,670185.009098053
2009-02-09,SH600376,83600,4.781433732891083,10.360000610351562,866096.0510253906
2009-02-09,SH600380,138400,2.8908668664455415,5.550000190734863,768120.0263977051
2009-02-09,SH600432,50800,7.872360408544541,17.71000099182129,899668.0503845215
2009-02-09,SH600456,42100,9.482843542099,19.299999237060547,812529.967880249
2009-02-09,SH600595,78800,5.071521171712876,8.479999542236328,668223.9639282227
2009-02-09,SH600748,67700,5.901769618415833,9.390000343322754,635703.0232429504
2009-02-09,SH600804,78500,5.091526675653458,11.700000762939453,918450.0598907471
2009-02-09,SH601111,115900,3.451034809207916,5.210000038146973,603839.0044212341
2009-02-09,SH601168,72700,5.501650000000001,10.489999771118164,762622.9833602905
2009-02-09,SH601588,160000,2.50075,3.9600000381469727,633600.0061035156
2009-02-09,SZ000572,162600,2.4607380381584165,4.380000114440918,712188.0186080933
2009-02-09,SZ000581,96300,4.151245095396042,7.300000190734863,702990.0183677673
2009-02-09,SZ000751,168700,2.3707111240148544,4.159999847412109,701791.9742584229
2009-02-09,SZ000755,102000,3.921175837826729,7.320000171661377,746640.0175094604
2009-02-09,SZ000878,55200,7.242172248029709,13.069999694824219,721463.9831542969
2009-02-09,SZ000960,45400,8.812642465782165,16.020000457763672,727308.0207824707
2009-02-09,SZ002097,58900,6.792037438821792,15.260000228881836,898814.0134811401
2009-02-09,SZ002202,24200,16.50495,34.83000183105469,842886.0443115234
2009-02-10,SH600008,105800,3.781133732891083,6.190000057220459,654902.0060539246
2009-02-10,SH600026,54700,7.302189713811874,12.229999542236328,668980.9749603271
2009-02-10,SH600110,107500,3.7211160286188125,8.239999771118164,885799.9753952026
2009-02-10,SH600117,116200,3.4410320572376247,6.140000343322754,713468.039894104
2009-02-10,SH600158,120800,3.3109931812524795,7.5400004386901855,910832.0529937744
2009-02-10,SH600307,102500,3.9011703338861468,6.84999942779541,702124.9413490295
2009-02-10,SH600309,47700,8.372510885524749,14.770000457763672,704529.0218353271
2009-02-10,SH600376,83600,4.781433732891083,10.760000228881836,899536.0191345215
2009-02-10,SH600380,138400,2.8908668664455415,6.109999656677246,845623.9524841309
2009-02-10,SH600432,50800,7.872360408544541,18.689998626708984,949451.9302368164
2009-02-10,SH600456,42100,9.482843542099,19.310001373291016,812951.0578155518
2009-02-10,SH600595,78800,5.071521171712876,8.800000190734863,693440.0150299072
2009-02-10,SH600748,67700,5.901769618415833,9.960000038146973,674292.00258255
2009-02-10,SH600804,78500,5.091526675653458,12.420000076293945,974970.0059890747
2009-02-10,SH601111,115900,3.451034809207916,5.190000057220459,601521.0066318512
2009-02-10,SH601168,72700,5.501650000000001,10.710000038146973,778617.0027732849
2009-02-10,SH601588,160000,2.50075,4.289999961853027,686399.9938964844
2009-02-10,SZ000572,162600,2.4607380381584165,4.430000305175781,720318.049621582
2009-02-10,SZ000581,96300,4.151245095396042,7.610000133514404,732843.0128574371
2009-02-10,SZ000751,168700,2.3707111240148544,4.580000400543213,772646.06757164
2009-02-10,SZ000755,102000,3.921175837826729,7.570000171661377,772140.0175094604
2009-02-10,SZ000878,55200,7.242172248029709,14.380001068115234,793776.0589599609
2009-02-10,SZ000960,45400,8.812642465782165,17.030000686645508,773162.031173706
2009-02-10,SZ002097,58900,6.792037438821792,16.790000915527344,988931.0539245605
2009-02-10,SZ002202,24200,16.50495,34.37999725341797,831995.9335327148
2009-02-11,SH600008,105800,3.781133732891083,6.239999771118164,660191.9757843018
2009-02-11,SH600026,54700,7.302189713811874,11.720000267028809,641084.0146064758
2009-02-11,SH600110,107500,3.7211160286188125,8.15999984741211,877199.9835968018
2009-02-11,SH600117,116200,3.4410320572376247,6.450000286102295,749490.0332450867
2009-02-11,SH600158,120800,3.3109931812524795,7.75,936200.0
2009-02-11,SH600307,102500,3.9011703338861468,6.84999942779541,702124.9413490295
2009-02-11,SH600309,47700,8.372510885524749,14.430000305175781,688311.0145568848
2009-02-11,SH600376,83600,4.781433732891083,11.839999198913574,989823.9330291748
2009-02-11,SH600380,138400,2.8908668664455415,6.2300004959106445,862232.0686340332
2009-02-11,SH600432,50800,7.872360408544541,17.920000076293945,910336.0038757324
2009-02-11,SH600456,42100,9.482843542099,18.65999984741211,785585.9935760498
2009-02-11,SH600595,78800,5.071521171712876,8.649999618530273,681619.9699401855
2009-02-11,SH600748,67700,5.901769618415833,10.140000343322754,686478.0232429504
2009-02-11,SH600804,78500,5.091526675653458,12.820000648498535,1006370.050907135
2009-02-11,SH601111,115900,3.451034809207916,5.090000152587891,589931.0176849365
2009-02-11,SH601168,72700,5.501650000000001,10.710000038146973,778617.0027732849
2009-02-11,SH601588,160000,2.50075,4.180000305175781,668800.048828125
2009-02-11,SZ000572,162600,2.4607380381584165,4.869999885559082,791861.9813919067
2009-02-11,SZ000581,96300,4.151245095396042,7.340000152587891,706842.0146942139
2009-02-11,SZ000751,168700,2.3707111240148544,4.580000400543213,772646.06757164
2009-02-11,SZ000755,102000,3.921175837826729,7.369999885559082,751739.9883270264
2009-02-11,SZ000878,55200,7.242172248029709,14.800000190734863,816960.0105285645
2009-02-11,SZ000960,45400,8.812642465782165,16.189998626708984,735025.9376525879
2009-02-11,SZ002097,58900,6.792037438821792,16.899999618530273,995409.9775314331
2009-02-11,SZ002202,24200,16.50495,34.0,822800.0
2009-02-12,SH600008,105800,3.781133732891083,6.190000057220459,654902.0060539246
2009-02-12,SH600026,54700,7.302189713811874,11.40000057220459,623580.0312995911
2009-02-12,SH600110,107500,3.7211160286188125,8.260000228881836,887950.0246047974
2009-02-12,SH600117,116200,3.4410320572376247,6.289999961853027,730897.9955673218
2009-02-12,SH600158,120800,3.3109931812524795,7.59999942779541,918079.9308776855
2009-02-12,SH600307,102500,3.9011703338861468,6.84999942779541,702124.9413490295
2009-02-12,SH600309,47700,8.372510885524749,13.920000076293945,663984.0036392212
2009-02-12,SH600376,83600,4.781433732891083,12.960000038146973,1083456.003189087
2009-02-12,SH600380,138400,2.8908668664455415,6.170000076293945,853928.010559082
2009-02-12,SH600432,50800,7.872360408544541,17.239999771118164,875791.9883728027
2009-02-12,SH600456,42100,9.482843542099,18.220001220703125,767062.0513916016
2009-02-12,SH600595,78800,5.071521171712876,8.40000057220459,661920.0450897217
2009-02-12,SH600748,67700,5.901769618415833,10.40999984741211,704756.9896697998
2009-02-12,SH600804,78500,5.091526675653458,13.350000381469727,1047975.0299453735
2009-02-12,SH601111,115900,3.451034809207916,5.200000286102295,602680.033159256
2009-02-12,SH601168,72700,5.501650000000001,9.979999542236328,725545.966720581
2009-02-12,SH601588,160000,2.50075,4.210000038146973,673600.0061035156
2009-02-12,SZ000572,162600,2.4607380381584165,5.180000305175781,842268.049621582
2009-02-12,SZ000581,96300,4.151245095396042,7.349999904632568,707804.9908161163
2009-02-12,SZ000751,168700,2.3707111240148544,4.580000400543213,772646.06757164
2009-02-12,SZ000755,102000,3.921175837826729,7.170000076293945,731340.0077819824
2009-02-12,SZ000878,55200,7.242172248029709,14.410000801086426,795432.0442199707
2009-02-12,SZ000960,45400,8.812642465782165,15.769999504089355,715957.9774856567
2009-02-12,SZ002097,58900,6.792037438821792,16.6200008392334,978918.0494308472
2009-02-12,SZ002202,24200,16.50495,34.0,822800.0
2009-02-13,SH600008,105800,3.781133732891083,6.810000419616699,720498.0443954468
2009-02-13,SH600026,54700,7.302189713811874,11.84000015258789,647648.0083465576
2009-02-13,SH600110,107500,3.7211160286188125,8.289999961853027,891174.9958992004
2009-02-13,SH600117,116200,3.4410320572376247,6.609999656677246,768081.960105896
2009-02-13,SH600158,120800,3.3109931812524795,8.359999656677246,1009887.9585266113
2009-02-13,SH600307,102500,3.9011703338861468,6.84999942779541,702124.9413490295
2009-02-13,SH600309,47700,8.372510885524749,14.269999504089355,680678.9763450623
2009-02-13,SH600376,83600,4.781433732891083,12.989999771118164,1085963.9808654785
2009-02-13,SH600380,138400,2.8908668664455415,6.40000057220459,885760.0791931152
2009-02-13,SH600432,50800,7.872360408544541,17.8799991607666,908303.9573669434
2009-02-13,SH600456,42100,9.482843542099,18.68000030517578,786428.0128479004
2009-02-13,SH600595,78800,5.071521171712876,8.6899995803833,684771.9669342041
2009-02-13,SH600748,67700,5.901769618415833,10.559999465942383,714911.9638442993
2009-02-13,SH600804,78500,5.091526675653458,14.040000915527344,1102140.0718688965
2009-02-13,SH601111,115900,3.451034809207916,5.37999963760376,623541.9579982758
2009-02-13,SH601168,72700,5.501650000000001,10.15000057220459,737905.0415992737
2009-02-13,SH601588,160000,2.50075,4.630000114440918,740800.0183105469
2009-02-13,SZ000572,162600,2.4607380381584165,5.2099995613098145,847145.9286689758
2009-02-13,SZ000581,96300,4.151245095396042,8.0,770400.0
2009-02-13,SZ000751,168700,2.3707111240148544,4.580000400543213,772646.06757164
2009-02-13,SZ000755,102000,3.921175837826729,7.390000343322754,753780.0350189209
2009-02-13,SZ000878,55200,7.242172248029709,14.749999046325684,814199.9473571777
2009-02-13,SZ000960,45400,8.812642465782165,16.149999618530273,733209.9826812744
2009-02-13,SZ002097,58900,6.792037438821792,18.280000686645508,1076692.0404434204
2009-02-13,SZ002202,24200,16.50495,34.0,822800.0
2009-02-16,SH600008,105800,3.781133732891083,7.059999942779541,746947.9939460754
2009-02-16,SH600026,54700,7.302189713811874,12.170001029968262,665699.0563392639
2009-02-16,SH600110,107500,3.7211160286188125,8.199999809265137,881499.9794960022
2009-02-16,SH600117,116200,3.4410320572376247,7.269999980926514,844773.9977836609
2009-02-16,SH600158,120800,3.3109931812524795,9.199999809265137,1111359.9769592285
2009-02-16,SH600307,102500,3.9011703338861468,6.84999942779541,702124.9413490295
2009-02-16,SH600309,47700,8.372510885524749,15.450000762939453,736965.0363922119
2009-02-16,SH600376,83600,4.781433732891083,12.530000686645508,1047508.0574035645
2009-02-16,SH600380,138400,2.8908668664455415,6.369999885559082,881607.984161377
2009-02-16,SH600432,50800,7.872360408544541,18.360000610351562,932688.0310058594
2009-02-16,SH600456,42100,9.482843542099,19.079999923706055,803267.9967880249
2009-02-16,SH600595,78800,5.071521171712876,9.130001068115234,719444.0841674805
2009-02-16,SH600748,67700,5.901769618415833,10.9399995803833,740637.9715919495
2009-02-16,SH600804,78500,5.091526675653458,14.239999771118164,1117839.9820327759
2009-02-16,SH601111,115900,3.451034809207916,5.699999809265137,660629.9778938293
2009-02-16,SH601168,72700,5.501650000000001,10.289999961853027,748082.9972267151
2009-02-16,SH601588,160000,2.50075,4.690000057220459,750400.0091552734
2009-02-16,SZ000572,162600,2.4607380381584165,5.130000114440918,834138.0186080933
2009-02-16,SZ000581,96300,4.151245095396042,8.100000381469727,780030.0367355347
2009-02-16,SZ000751,168700,2.3707111240148544,5.0400004386901855,850248.0740070343
2009-02-16,SZ000755,102000,3.921175837826729,7.670000076293945,782340.0077819824
2009-02-16,SZ000878,55200,7.242172248029709,14.920000076293945,823584.0042114258
2009-02-16,SZ000960,45400,8.812642465782165,16.899999618530273,767259.9826812744
2009-02-16,SZ002097,58900,6.792037438821792,17.860000610351562,1051954.035949707
2009-02-16,SZ002202,24200,16.50495,34.29999923706055,830059.9815368652
2009-02-17,SH600008,105800,3.781133732891083,6.690000057220459,707802.0060539246
2009-02-17,SH600026,54700,7.302189713811874,11.979999542236328,655305.9749603271
2009-02-17,SH600110,107500,3.7211160286188125,8.010000228881836,861075.0246047974
2009-02-17,SH600117,116200,3.4410320572376247,6.860000133514404,797132.0155143738
2009-02-17,SH600158,120800,3.3109931812524795,9.289999961853027,1122231.9953918457
2009-02-17,SH600307,102500,3.9011703338861468,6.84999942779541,702124.9413490295
2009-02-17,SH600309,47700,8.372510885524749,14.40999984741211,687356.9927215576
2009-02-17,SH600376,83600,4.781433732891083,11.480000495910645,959728.0414581299
2009-02-17,SH600380,138400,2.8908668664455415,5.960000038146973,824864.005279541
2009-02-17,SH600432,50800,7.872360408544541,17.90999984741211,909827.9922485352
2009-02-17,SH600456,42100,9.482843542099,19.719999313354492,830211.9710922241
2009-02-17,SH600595,78800,5.071521171712876,8.84000015258789,696592.0120239258
2009-02-17,SH600748,67700,5.901769618415833,10.079999923706055,682415.9948348999
2009-02-17,SH600804,78500,5.091526675653458,13.059999465942383,1025209.958076477
2009-02-17,SH601111,115900,3.451034809207916,5.360000133514404,621224.0154743195
2009-02-17,SH601168,72700,5.501650000000001,9.989999771118164,726272.9833602905
2009-02-17,SH601588,160000,2.50075,4.419999599456787,707199.9359130859
2009-02-17,SZ000572,162600,2.4607380381584165,4.75,772350.0
2009-02-17,SZ000581,96300,4.151245095396042,7.499999523162842,722249.9540805817
2009-02-17,SZ000751,168700,2.3707111240148544,5.539999961853027,934597.9935646057
2009-02-17,SZ000755,102000,3.921175837826729,7.450000286102295,759900.0291824341
2009-02-17,SZ000878,55200,7.242172248029709,14.970000267028809,826344.0147399902
2009-02-17,SZ000960,45400,8.812642465782165,16.5,749100.0
2009-02-17,SZ002097,58900,6.792037438821792,16.65999984741211,981273.9910125732
2009-02-17,SZ002202,24200,16.50495,34.099998474121094,825219.9630737305
2009-02-18,SH600008,105800,3.781133732891083,6.309999942779541,667597.9939460754
2009-02-18,SH600026,54700,7.302189713811874,11.069999694824219,605528.9833068848
2009-02-18,SH600110,107500,3.7211160286188125,7.479999542236328,804099.9507904053
2009-02-18,SH600117,116200,3.4410320572376247,6.239999771118164,725087.9734039307
2009-02-18,SH600158,120800,3.3109931812524795,8.90000057220459,1075120.0691223145
2009-02-18,SH600307,102500,3.9011703338861468,6.84999942779541,702124.9413490295
2009-02-18,SH600309,47700,8.372510885524749,13.500000953674316,643950.0454902649
2009-02-18,SH600376,83600,4.781433732891083,11.460000038146973,958056.0031890869
2009-02-18,SH600380,138400,2.8908668664455415,5.539999961853027,766735.994720459
2009-02-18,SH600432,50800,7.872360408544541,16.729999542236328,849883.9767456055
2009-02-18,SH600456,42100,9.482843542099,18.15999984741211,764535.9935760498
2009-02-18,SH600595,78800,5.071521171712876,8.15000057220459,642220.0450897217
2009-02-18,SH600748,67700,5.901769618415833,9.949999809265137,673614.9870872498
2009-02-18,SH600804,78500,5.091526675653458,12.860000610351562,1009510.0479125977
2009-02-18,SH601111,115900,3.451034809207916,5.170000076293945,599203.0088424683
2009-02-18,SH601168,72700,5.501650000000001,9.199999809265137,668839.9861335754
2009-02-18,SH601588,160000,2.50075,4.190000057220459,670400.0091552734
2009-02-18,SZ000572,162600,2.4607380381584165,4.549999713897705,739829.9534797668
2009-02-18,SZ000581,96300,4.151245095396042,7.529999732971191,725138.9742851257
2009-02-18,SZ000751,168700,2.3707111240148544,5.349999904632568,902544.9839115143
2009-02-18,SZ000755,102000,3.921175837826729,6.919999599456787,705839.9591445923
2009-02-18,SZ000878,55200,7.242172248029709,14.369999885559082,793223.9936828613
2009-02-18,SZ000960,45400,8.812642465782165,16.209999084472656,735933.9584350586
2009-02-18,SZ002097,58900,6.792037438821792,16.329999923706055,961836.9955062866
2009-02-18,SZ002202,24200,16.50495,34.84000015258789,843128.003692627
2009-02-19,SH600008,105800,3.781133732891083,6.380000114440918,675004.0121078491
2009-02-19,SH600026,54700,7.302189713811874,11.149999618530273,609904.979133606
2009-02-19,SH600110,107500,3.7211160286188125,7.470000267028809,803025.0287055969
2009-02-19,SH600117,116200,3.4410320572376247,6.460000038146973,750652.0044326782
2009-02-19,SH600158,120800,3.3109931812524795,8.640000343322754,1043712.0414733887
2009-02-19,SH600307,102500,3.9011703338861468,6.84999942779541,702124.9413490295
2009-02-19,SH600309,47700,8.372510885524749,13.510001182556152,644427.0564079285
2009-02-19,SH600376,83600,4.781433732891083,11.270000457763672,942172.038269043
2009-02-19,SH600380,138400,2.8908668664455415,5.680000305175781,786112.0422363281
2009-02-19,SH600432,50800,7.872360408544541,16.93000030517578,860044.0155029297
2009-02-19,SH600456,42100,9.482843542099,18.180002212524414,765378.0931472778
2009-02-19,SH600595,78800,5.071521171712876,8.339999198913574,657191.9368743896
2009-02-19,SH600748,67700,5.901769618415833,9.920000076293945,671584.0051651001
2009-02-19,SH600804,78500,5.091526675653458,13.360000610351562,1048760.0479125977
2009-02-19,SH601111,115900,3.451034809207916,5.070000171661377,587613.0198955536
2009-02-19,SH601168,72700,5.501650000000001,9.199999809265137,668839.9861335754
2009-02-19,SH601588,160000,2.50075,4.269999980926514,683199.9969482422
2009-02-19,SZ000572,162600,2.4607380381584165,4.62000036239624,751212.0589256287
2009-02-19,SZ000581,96300,4.151245095396042,7.9800004959106445,768474.0477561951
2009-02-19,SZ000751,168700,2.3707111240148544,5.180000305175781,873866.0514831543
2009-02-19,SZ000755,102000,3.921175837826729,7.0400004386901855,718080.0447463989
2009-02-19,SZ000878,55200,7.242172248029709,14.089999198913574,777767.9557800293
2009-02-19,SZ000960,45400,8.812642465782165,16.510000228881836,749554.0103912354
2009-02-19,SZ002097,58900,6.792037438821792,16.760000228881836,987164.0134811401
2009-02-19,SZ002202,24200,16.50495,36.900001525878906,892980.0369262695
2009-02-20,SH600008,105800,3.781133732891083,6.489999771118164,686641.9757843018
2009-02-20,SH600026,54700,7.302189713811874,11.350000381469727,620845.020866394
2009-02-20,SH600110,107500,3.7211160286188125,7.630000591278076,820225.0635623932
2009-02-20,SH600117,116200,3.4410320572376247,6.659999847412109,773891.9822692871
2009-02-20,SH600158,120800,3.3109931812524795,9.329999923706055,1127063.9907836914
2009-02-20,SH600307,102500,3.9011703338861468,6.84999942779541,702124.9413490295
2009-02-20,SH600309,47700,8.372510885524749,14.149999618530273,674954.981803894
2009-02-20,SH600376,83600,4.781433732891083,11.369999885559082,950531.9904327393
2009-02-20,SH600380,138400,2.8908668664455415,5.769999980926514,798567.9973602295
2009-02-20,SH600432,50800,7.872360408544541,18.17999839782715,923543.9186096191
2009-02-20,SH600456,42100,9.482843542099,19.299999237060547,812529.967880249
2009-02-20,SH600595,78800,5.071521171712876,8.710000038146973,686348.0030059814
2009-02-20,SH600748,67700,5.901769618415833,10.019999504089355,678353.9664268494
2009-02-20,SH600804,78500,5.091526675653458,13.609999656677246,1068384.9730491638
2009-02-20,SH601111,115900,3.451034809207916,5.119999885559082,593407.9867362976
2009-02-20,SH601168,72700,5.501650000000001,9.779999732971191,711005.9805870056
2009-02-20,SH601588,160000,2.50075,4.299999713897705,687999.9542236328
2009-02-20,SZ000572,162600,2.4607380381584165,4.839999675750732,786983.9472770691
2009-02-20,SZ000581,96300,4.151245095396042,8.440000534057617,812772.0514297485
2009-02-20,SZ000751,168700,2.3707111240148544,5.490000247955322,926163.0418300629
2009-02-20,SZ000755,102000,3.921175837826729,7.260000228881836,740520.0233459473
2009-02-20,SZ000878,55200,7.242172248029709,15.030000686645508,829656.037902832
2009-02-20,SZ000960,45400,8.812642465782165,18.160001754760742,824464.0796661377
2009-02-20,SZ002097,58900,6.792037438821792,17.219999313354492,1014257.9595565796
2009-02-20,SZ002202,24200,16.50495,38.250003814697266,925650.0923156738
2009-02-23,SH600008,105800,3.781133732891083,6.710000038146973,709918.0040359497
2009-02-23,SH600026,54700,7.302189713811874,11.600000381469727,634520.020866394
2009-02-23,SH600110,107500,3.7211160286188125,8.010000228881836,861075.0246047974
2009-02-23,SH600117,116200,3.4410320572376247,6.730000019073486,782026.0022163391
2009-02-23,SH600158,120800,3.3109931812524795,9.579999923706055,1157263.9907836914
2009-02-23,SH600307,102500,3.9011703338861468,6.84999942779541,702124.9413490295
2009-02-23,SH600309,47700,8.372510885524749,14.519999504089355,692603.9763450623
2009-02-23,SH600376,83600,4.781433732891083,11.75999927520752,983135.9394073486
2009-02-23,SH600380,138400,2.8908668664455415,5.949999809265137,823479.9736022949
2009-02-23,SH600432,50800,7.872360408544541,19.030000686645508,966724.0348815918
2009-02-23,SH600456,42100,9.482843542099,20.420000076293945,859682.0032119751
2009-02-23,SH600595,78800,5.071521171712876,8.920000076293945,702896.0060119629
2009-02-23,SH600748,67700,5.901769618415833,10.65999984741211,721681.9896697998
2009-02-23,SH600804,78500,5.091526675653458,13.8100004196167,1084085.032939911
2009-02-23,SH601111,115900,3.451034809207916,5.179999828338623,600361.9801044464
2009-02-23,SH601168,72700,5.501650000000001,9.930000305175781,721911.0221862793
2009-02-23,SH601588,160000,2.50075,4.5199995040893555,723199.9206542969
2009-02-23,SZ000572,162600,2.4607380381584165,4.930000305175781,801618.049621582
2009-02-23,SZ000581,96300,4.151245095396042,8.770000457763672,844551.0440826416
2009-02-23,SZ000751,168700,2.3707111240148544,5.62000036239624,948094.0611362457
2009-02-23,SZ000755,102000,3.921175837826729,7.420000076293945,756840.0077819824
2009-02-23,SZ000878,55200,7.242172248029709,15.399999618530273,850079.9789428711
2009-02-23,SZ000960,45400,8.812642465782165,18.559999465942383,842623.9757537842
2009-02-23,SZ002097,58900,6.792037438821792,17.389999389648438,1024270.964050293
2009-02-23,SZ002202,24200,16.50495,37.959999084472656,918631.9778442383
2009-02-24,SH600008,105800,3.781133732891083,6.210000038146973,657018.0040359497
2009-02-24,SH600026,54700,7.302189713811874,10.680000305175781,584196.0166931152
2009-02-24,SH600110,107500,3.7211160286188125,7.780000686645508,836350.0738143921
2009-02-24,SH600117,116200,3.4410320572376247,6.190000057220459,719278.0066490173
2009-02-24,SH600158,120800,3.3109931812524795,8.770000457763672,1059416.0552978516
2009-02-24,SH600307,102500,3.9011703338861468,6.84999942779541,702124.9413490295
2009-02-24,SH600309,47700,8.372510885524749,13.550000190734863,646335.009098053
2009-02-24,SH600376,83600,4.781433732891083,10.769999504089355,900371.9585418701
2009-02-24,SH600380,138400,2.8908668664455415,5.810000419616699,804104.0580749512
2009-02-24,SH600432,50800,7.872360408544541,18.15999984741211,922527.9922485352
2009-02-24,SH600456,42100,9.482843542099,19.079999923706055,803267.9967880249
2009-02-24,SH600595,78800,5.071521171712876,8.410000801086426,662708.0631256104
2009-02-24,SH600748,67700,5.901769618415833,10.760000228881836,728452.0154953003
2009-02-24,SH600804,78500,5.091526675653458,13.050000190734863,1024425.0149726868
2009-02-24,SH601111,115900,3.451034809207916,4.989999771118164,578340.9734725952
2009-02-24,SH601168,72700,5.501650000000001,9.3100004196167,676837.030506134
2009-02-24,SH601588,160000,2.50075,4.28000020980835,684800.0335693359
2009-02-24,SZ000572,162600,2.4607380381584165,4.869999885559082,791861.9813919067
2009-02-24,SZ000581,96300,4.151245095396042,8.550000190734863,823365.0183677673
2009-02-24,SZ000751,168700,2.3707111240148544,5.610000133514404,946407.02252388
2009-02-24,SZ000755,102000,3.921175837826729,6.900000095367432,703800.009727478
2009-02-24,SZ000878,55200,7.242172248029709,14.609999656677246,806471.981048584
2009-02-24,SZ000960,45400,8.812642465782165,17.46000099182129,792684.0450286865
2009-02-24,SZ002097,58900,6.792037438821792,16.130001068115234,950057.0629119873
2009-02-24,SZ002202,24200,16.50495,35.630001068115234,862246.0258483887
2009-02-25,SH600008,105800,3.781133732891083,6.079999923706055,643263.9919281006
2009-02-25,SH600026,54700,7.302189713811874,10.760000228881836,588572.0125198364
2009-02-25,SH600110,107500,3.7211160286188125,7.5400004386901855,810550.047159195
2009-02-25,SH600117,116200,3.4410320572376247,6.099999904632568,708819.9889183044
2009-02-25,SH600158,120800,3.3109931812524795,8.579999923706055,1036463.9907836914
2009-02-25,SH600307,102500,3.9011703338861468,6.84999942779541,702124.9413490295
2009-02-25,SH600309,47700,8.372510885524749,13.269999504089355,632978.9763450623
2009-02-25,SH600376,83600,4.781433732891083,11.149999618530273,932139.9681091309
2009-02-25,SH600380,138400,2.8908668664455415,5.700000286102295,788880.0395965576
2009-02-25,SH600432,50800,7.872360408544541,18.71000099182129,950468.0503845215
2009-02-25,SH600456,42100,9.482843542099,20.499998092651367,863049.9197006226
2009-02-25,SH600595,78800,5.071521171712876,9.239999771118164,728111.9819641113
2009-02-25,SH600748,67700,5.901769618415833,10.09000015258789,683093.0103302002
2009-02-25,SH600804,78500,5.091526675653458,12.550000190734863,985175.0149726868
2009-02-25,SH601111,115900,3.451034809207916,4.949999809265137,573704.9778938293
2009-02-25,SH601168,72700,5.501650000000001,9.369999885559082,681198.9916801453
2009-02-25,SH601588,160000,2.50075,4.140000343322754,662400.0549316406
2009-02-25,SZ000572,162600,2.4607380381584165,4.779999732971191,777227.9565811157
2009-02-25,SZ000581,96300,4.151245095396042,8.359999656677246,805067.9669380188
2009-02-25,SZ000751,168700,2.3707111240148544,5.610000133514404,946407.02252388
2009-02-25,SZ000755,102000,3.921175837826729,6.740000247955322,687480.0252914429
2009-02-25,SZ000878,55200,7.242172248029709,15.020000457763672,829104.0252685547
2009-02-25,SZ000960,45400,8.812642465782165,17.18000030517578,779972.0138549805
2009-02-25,SZ002097,58900,6.792037438821792,16.39000129699707,965371.0763931274
2009-02-25,SZ002202,24200,16.50495,33.87999725341797,819895.9335327148
2009-02-26,SH600008,105800,3.781133732891083,5.570000171661377,589306.0181617737
2009-02-26,SH600026,54700,7.302189713811874,9.989999771118164,546452.9874801636
2009-02-26,SH600110,107500,3.7211160286188125,6.909999847412109,742824.9835968018
2009-02-26,SH600117,116200,3.4410320572376247,5.760000228881836,669312.0265960693
2009-02-26,SH600158,120800,3.3109931812524795,7.800000190734863,942240.0230407715
2009-02-26,SH600307,102500,3.9011703338861468,6.84999942779541,702124.9413490295
2009-02-26,SH600309,47700,8.372510885524749,12.479999542236328,595295.9781646729
2009-02-26,SH600376,83600,4.781433732891083,10.65999984741211,891175.9872436523
2009-02-26,SH600380,138400,2.8908668664455415,5.159999847412109,714143.9788818359
2009-02-26,SH600432,50800,7.872360408544541,17.100000381469727,868680.0193786621
2009-02-26,SH600456,42100,9.482843542099,18.729999542236328,788532.9807281494
2009-02-26,SH600595,78800,5.071521171712876,8.389999389648438,661131.9519042969
2009-02-26,SH600748,67700,5.901769618415833,9.080000877380371,614716.0593986511
2009-02-26,SH600804,78500,5.091526675653458,11.449999809265137,898824.9850273132
2009-02-26,SH601111,115900,3.451034809207916,4.849999904632568,562114.9889469147
2009-02-26,SH601168,72700,5.501650000000001,8.699999809265137,632489.9861335754
2009-02-26,SH601588,160000,2.50075,3.809999942779541,609599.9908447266
2009-02-26,SZ000572,162600,2.4607380381584165,4.679999828338623,760967.9720878601
2009-02-26,SZ000581,96300,4.151245095396042,7.539999961853027,726101.9963264465
2009-02-26,SZ000751,168700,2.3707111240148544,5.050000190734863,851935.0321769714
2009-02-26,SZ000755,102000,3.921175837826729,6.400000095367432,652800.009727478
2009-02-26,SZ000878,55200,7.242172248029709,14.130000114440918,779976.0063171387
2009-02-26,SZ000960,45400,8.812642465782165,15.479999542236328,702791.9792175293
2009-02-26,SZ002097,58900,6.792037438821792,14.75,868775.0
2009-02-26,SZ002202,24200,16.50495,32.0,774400.0
2009-02-27,SH600008,105800,3.781133732891083,5.489999771118164,580841.9757843018
2009-02-27,SH600026,54700,7.302189713811874,9.380000114440918,513086.0062599182
2009-02-27,SH600110,107500,3.7211160286188125,6.25,671875.0
2009-02-27,SH600117,116200,3.4410320572376247,5.849999904632568,679769.9889183044
2009-02-27,SH600158,120800,3.3109931812524795,7.12000036239624,860096.0437774658
2009-02-27,SH600307,102500,3.9011703338861468,6.84999942779541,702124.9413490295
2009-02-27,SH600309,47700,8.372510885524749,12.34999942779541,589094.9727058411
2009-02-27,SH600376,83600,4.781433732891083,9.59000015258789,801724.0127563477
2009-02-27,SH600380,138400,2.8908668664455415,4.699999809265137,650479.9736022949
2009-02-27,SH600432,50800,7.872360408544541,15.389999389648438,781811.9689941406
2009-02-27,SH600456,42100,9.482843542099,16.860000610351562,709806.0256958008
2009-02-27,SH600595,78800,5.071521171712876,7.549999713897705,594939.9774551392
2009-02-27,SH600748,67700,5.901769618415833,8.309999465942383,562586.9638442993
2009-02-27,SH600804,78500,5.091526675653458,11.020000457763672,865070.0359344482
2009-02-27,SH601111,115900,3.451034809207916,4.440000057220459,514596.0066318512
2009-02-27,SH601168,72700,5.501650000000001,8.0600004196167,585962.030506134
2009-02-27,SH601588,160000,2.50075,3.5500001907348633,568000.0305175781
2009-02-27,SZ000572,162600,2.4607380381584165,4.210000038146973,684546.0062026978
2009-02-27,SZ000581,96300,4.151245095396042,7.019999980926514,676025.9981632233
2009-02-27,SZ000751,168700,2.3707111240148544,4.550000190734863,767585.0321769714
2009-02-27,SZ000755,102000,3.921175837826729,5.860000133514404,597720.0136184692
2009-02-27,SZ000878,55200,7.242172248029709,12.720001220703125,702144.0673828125
2009-02-27,SZ000960,45400,8.812642465782165,13.930000305175781,632422.0138549805
2009-02-27,SZ002097,58900,6.792037438821792,13.279999732971191,782191.9842720032
2009-02-27,SZ002202,24200,16.50495,32.849998474121094,794969.9630737305
2009-03-02,SH600008,105800,3.781133732891083,5.570000171661377,589306.0181617737
2009-03-02,SH600026,54700,7.302189713811874,9.430000305175781,515821.01669311523
2009-03-02,SH600110,107500,3.7211160286188125,6.449999809265137,693374.9794960022
2009-03-02,SH600117,116200,3.4410320572376247,5.880000114440918,683256.0132980347
2009-03-02,SH600158,120800,3.3109931812524795,7.460000038146973,901168.0046081543
2009-03-02,SH600307,102500,3.9011703338861468,6.84999942779541,702124.9413490295
2009-03-02,SH600309,47700,8.372510885524749,12.680000305175781,604836.0145568848
2009-03-02,SH600376,83600,4.781433732891083,9.870000839233398,825132.0701599121
2009-03-02,SH600380,138400,2.8908668664455415,4.789999961853027,662935.994720459
2009-03-02,SH600432,50800,7.872360408544541,15.730000495910645,799084.0251922607
2009-03-02,SH600456,42100,9.482843542099,16.659997940063477,701385.9132766724
2009-03-02,SH600595,78800,5.071521171712876,7.549999713897705,594939.9774551392
2009-03-02,SH600748,67700,5.901769618415833,8.869999885559082,600498.9922523499
2009-03-02,SH600804,78500,5.091526675653458,11.84999942779541,930224.9550819397
2009-03-02,SH601111,115900,3.451034809207916,4.480000019073486,519232.00221061707
2009-03-02,SH601168,72700,5.501650000000001,8.199999809265137,596139.9861335754
2009-03-02,SH601588,160000,2.50075,3.6999998092651367,591999.9694824219
2009-03-02,SZ000572,162600,2.4607380381584165,4.25,691050.0
2009-03-02,SZ000581,96300,4.151245095396042,7.149999618530273,688544.9632644653
2009-03-02,SZ000751,168700,2.3707111240148544,4.590000152587891,774333.0257415771
2009-03-02,SZ000755,102000,3.921175837826729,6.12000036239624,624240.0369644165
2009-03-02,SZ000878,55200,7.242172248029709,12.480000495910645,688896.0273742676
2009-03-02,SZ000960,45400,8.812642465782165,14.0,635600.0
2009-03-02,SZ002097,58900,6.792037438821792,13.739998817443848,809285.9303474426
2009-03-02,SZ002202,24200,16.50495,33.689998626708984,815297.9667663574
2009-03-03,SH600008,105800,3.781133732891083,5.679999828338623,600943.9818382263
2009-03-03,SH600026,54700,7.302189713811874,9.25,505975.0
2009-03-03,SH600110,107500,3.7211160286188125,6.409999847412109,689074.9835968018
2009-03-03,SH600117,116200,3.4410320572376247,5.960000038146973,692552.0044326782
2009-03-03,SH600158,120800,3.3109931812524795,7.400000095367432,893920.0115203857
2009-03-03,SH600307,102500,3.9011703338861468,6.84999942779541,702124.9413490295
2009-03-03,SH600309,47700,8.372510885524749,12.519999504089355,597203.9763450623
2009-03-03,SH600376,83600,4.781433732891083,10.399999618530273,869439.9681091309
2009-03-03,SH600380,138400,2.8908668664455415,4.990000247955322,690616.0343170166
2009-03-03,SH600432,50800,7.872360408544541,15.09000015258789,766572.0077514648
2009-03-03,SH600456,42100,9.482843542099,16.90999984741211,711910.9935760498
2009-03-03,SH600595,78800,5.071521171712876,7.37000036239624,580756.0285568237
2009-03-03,SH600748,67700,5.901769618415833,8.830000877380371,597791.0593986511
2009-03-03,SH600804,78500,5.091526675653458,11.6899995803833,917664.9670600891
2009-03-03,SH601111,115900,3.451034809207916,4.369999885559082,506482.9867362976
2009-03-03,SH601168,72700,5.501650000000001,8.190000534057617,595413.0388259888
2009-03-03,SH601588,160000,2.50075,3.6600000858306885,585600.0137329102
2009-03-03,SZ000572,162600,2.4607380381584165,4.159999847412109,676415.975189209
2009-03-03,SZ000581,96300,4.151245095396042,7.159999847412109,689507.9853057861
2009-03-03,SZ000751,168700,2.3707111240148544,4.730000019073486,797951.0032176971
2009-03-03,SZ000755,102000,3.921175837826729,6.380000591278076,650760.0603103638
2009-03-03,SZ000878,55200,7.242172248029709,12.480000495910645,688896.0273742676
2009-03-03,SZ000960,45400,8.812642465782165,13.859999656677246,629243.984413147
2009-03-03,SZ002097,58900,6.792037438821792,13.820000648498535,813998.0381965637
2009-03-03,SZ002202,24200,16.50495,33.70000076293945,815540.0184631348
2009-03-04,SH600008,105800,3.781133732891083,5.929999351501465,627393.931388855
2009-03-04,SH600026,54700,7.302189713811874,10.029999732971191,548640.9853935242
2009-03-04,SH600110,107500,3.7211160286188125,6.860000133514404,737450.0143527985
2009-03-04,SH600117,116200,3.4410320572376247,6.319999694824219,734383.9645385742
2009-03-04,SH600158,120800,3.3109931812524795,8.139999389648438,983311.9262695312
2009-03-04,SH600307,102500,3.9011703338861468,6.84999942779541,702124.9413490295
2009-03-04,SH600309,47700,8.372510885524749,13.409998893737793,639656.9472312927
2009-03-04,SH600376,83600,4.781433732891083,11.119999885559082,929631.9904327393
2009-03-04,SH600380,138400,2.8908668664455415,5.310000419616699,734904.0580749512
2009-03-04,SH600432,50800,7.872360408544541,16.600000381469727,843280.0193786621
2009-03-04,SH600456,42100,9.482843542099,18.500001907348633,778850.0802993774
2009-03-04,SH600595,78800,5.071521171712876,7.989999771118164,629611.9819641113
2009-03-04,SH600748,67700,5.901769618415833,9.369999885559082,634348.9922523499
2009-03-04,SH600804,78500,5.091526675653458,12.64000129699707,992240.10181427
2009-03-04,SH601111,115900,3.451034809207916,4.659999847412109,540093.9823150635
2009-03-04,SH601168,72700,5.501650000000001,8.8100004196167,640487.030506134
2009-03-04,SH601588,160000,2.50075,3.940000295639038,630400.0473022461
2009-03-04,SZ000572,162600,2.4607380381584165,4.480000019073486,728448.0031013489
2009-03-04,SZ000581,96300,4.151245095396042,7.820000171661377,753066.0165309906
2009-03-04,SZ000751,168700,2.3707111240148544,5.199999809265137,877239.9678230286
2009-03-04,SZ000755,102000,3.921175837826729,6.759999752044678,689519.9747085571
2009-03-04,SZ000878,55200,7.242172248029709,13.730000495910645,757896.0273742676
2009-03-04,SZ000960,45400,8.812642465782165,15.249999046325684,692349.956703186
2009-03-04,SZ002097,58900,6.792037438821792,14.859999656677246,875253.9797782898
2009-03-04,SZ002202,24200,16.50495,35.61000061035156,861762.0147705078
2009-03-05,SH600008,105800,3.781133732891083,5.839999675750732,617871.9656944275
2009-03-05,SH600026,54700,7.302189713811874,10.34999942779541,566144.9687004089
2009-03-05,SH600110,107500,3.7211160286188125,6.909999847412109,742824.9835968018
2009-03-05,SH600117,116200,3.4410320572376247,6.270000457763672,728574.0531921387
2009-03-05,SH600158,120800,3.3109931812524795,8.699999809265137,1050959.9769592285
2009-03-05,SH600307,102500,3.9011703338861468,6.84999942779541,702124.9413490295
2009-03-05,SH600309,47700,8.372510885524749,13.600000381469727,648720.018196106
2009-03-05,SH600376,83600,4.781433732891083,11.010000228881836,920436.0191345215
2009-03-05,SH600380,138400,2.8908668664455415,5.25,726600.0
2009-03-05,SH600432,50800,7.872360408544541,17.110000610351562,869188.0310058594
2009-03-05,SH600456,42100,9.482843542099,19.139999389648438,805793.9743041992
2009-03-05,SH600595,78800,5.071521171712876,8.010000228881836,631188.0180358887
2009-03-05,SH600748,67700,5.901769618415833,9.630000114440918,651951.0077476501
2009-03-05,SH600804,78500,5.091526675653458,12.530000686645508,983605.0539016724
2009-03-05,SH601111,115900,3.451034809207916,4.659999847412109,540093.9823150635
2009-03-05,SH601168,72700,5.501650000000001,8.970000267028809,652119.0194129944
2009-03-05,SH601588,160000,2.50075,3.990000009536743,638400.0015258789
2009-03-05,SZ000572,162600,2.4607380381584165,4.509999752044678,733325.9596824646
2009-03-05,SZ000581,96300,4.151245095396042,7.759999752044678,747287.9761219025
2009-03-05,SZ000751,168700,2.3707111240148544,5.380000114440918,907606.0193061829
2009-03-05,SZ000755,102000,3.921175837826729,6.970000267028809,710940.0272369385
2009-03-05,SZ000878,55200,7.242172248029709,14.1899995803833,783287.9768371582
2009-03-05,SZ000960,45400,8.812642465782165,15.660000801086426,710964.0363693237
2009-03-05,SZ002097,58900,6.792037438821792,14.710000038146973,866419.0022468567
2009-03-05,SZ002202,24200,16.50495,35.290000915527344,854018.0221557617
2009-03-06,SH600008,105800,3.781133732891083,5.740000247955322,607292.0262336731
2009-03-06,SH600026,54700,7.302189713811874,10.329999923706055,565050.9958267212
2009-03-06,SH600110,107500,3.7211160286188125,6.789999961853027,729924.9958992004
2009-03-06,SH600117,116200,3.4410320572376247,6.0799994468688965,706495.9357261658
2009-03-06,SH600158,120800,3.3109931812524795,8.789999961853027,1061831.9953918457
2009-03-06,SH600307,102500,3.9011703338861468,7.5400004386901855,772850.044965744
2009-03-06,SH600309,47700,8.372510885524749,13.399999618530273,639179.981803894
2009-03-06,SH600376,83600,4.781433732891083,11.020000457763672,921272.038269043
2009-03-06,SH600380,138400,2.8908668664455415,5.150000095367432,712760.0131988525
2009-03-06,SH600432,50800,7.872360408544541,16.76999855041504,851915.926361084
2009-03-06,SH600456,42100,9.482843542099,17.969999313354492,756536.9710922241
2009-03-06,SH600595,78800,5.071521171712876,7.909999847412109,623307.9879760742
2009-03-06,SH600748,67700,5.901769618415833,9.720000267028809,658044.0180778503
2009-03-06,SH600804,78500,5.091526675653458,12.229999542236328,960054.9640655518
2009-03-06,SH601111,115900,3.451034809207916,4.610000133514404,534299.0154743195
2009-03-06,SH601168,72700,5.501650000000001,8.789999961853027,639032.9972267151
2009-03-06,SH601588,160000,2.50075,4.010000228881836,641600.0366210938
2009-03-06,SZ000572,162600,2.4607380381584165,4.549999713897705,739829.9534797668
2009-03-06,SZ000581,96300,4.151245095396042,7.59999942779541,731879.944896698
2009-03-06,SZ000751,168700,2.3707111240148544,5.260000228881836,887362.0386123657
2009-03-06,SZ000755,102000,3.921175837826729,7.0,714000.0
2009-03-06,SZ000878,55200,7.242172248029709,14.319998741149902,790463.9305114746
2009-03-06,SZ000960,45400,8.812642465782165,15.34000015258789,696436.0069274902
2009-03-06,SZ002097,58900,6.792037438821792,14.299999237060547,842269.9550628662
2009-03-06,SZ002202,24200,16.50495,34.41999816894531,832963.9556884766
2009-03-09,SH600008,105800,3.781133732891083,5.579999923706055,590363.9919281006
2009-03-09,SH600026,54700,7.302189713811874,10.039999961853027,549187.9979133606
2009-03-09,SH600110,107500,3.7211160286188125,6.820000171661377,733150.018453598
2009-03-09,SH600117,116200,3.4410320572376247,5.669999599456787,658853.9534568787
2009-03-09,SH600158,120800,3.3109931812524795,8.029999732971191,970023.9677429199
2009-03-09,SH600307,102500,3.9011703338861468,6.7900004386901855,695975.044965744
2009-03-09,SH600309,47700,8.372510885524749,12.619998931884766,601973.9490509033
2009-03-09,SH600376,83600,4.781433732891083,11.369999885559082,950531.9904327393
2009-03-09,SH600380,138400,2.8908668664455415,4.900000095367432,678160.0131988525
2009-03-09,SH600432,50800,7.872360408544541,15.699999809265137,797559.990310669
2009-03-09,SH600456,42100,9.482843542099,16.790000915527344,706859.0385437012
2009-03-09,SH600595,78800,5.071521171712876,7.480000019073486,589424.0015029907
2009-03-09,SH600748,67700,5.901769618415833,9.890000343322754,669553.0232429504
2009-03-09,SH600804,78500,5.091526675653458,11.65999984741211,915309.9880218506
2009-03-09,SH601111,115900,3.451034809207916,4.5,521550.0
2009-03-09,SH601168,72700,5.501650000000001,8.289999008178711,602682.9278945923
2009-03-09,SH601588,160000,2.50075,3.8299996852874756,612799.9496459961
2009-03-09,SZ000572,162600,2.4607380381584165,4.220000267028809,686172.0434188843
2009-03-09,SZ000581,96300,4.151245095396042,7.40000057220459,712620.055103302
2009-03-09,SZ000751,168700,2.3707111240148544,4.90000057220459,826630.0965309143
2009-03-09,SZ000755,102000,3.921175837826729,6.75,688500.0
2009-03-09,SZ000878,55200,7.242172248029709,13.300000190734863,734160.0105285645
2009-03-09,SZ000960,45400,8.812642465782165,14.160000801086426,642864.0363693237
2009-03-09,SZ002097,58900,6.792037438821792,13.430000305175781,791027.0179748535
2009-03-09,SZ002202,24200,16.50495,32.75,792550.0
2009-03-10,SH600008,105800,3.781133732891083,5.650000095367432,597770.0100898743
2009-03-10,SH600026,54700,7.302189713811874,10.039999961853027,549187.9979133606
2009-03-10,SH600110,107500,3.7211160286188125,7.100000381469727,763250.0410079956
2009-03-10,SH600117,116200,3.4410320572376247,5.78000020980835,671636.0243797302
2009-03-10,SH600158,120800,3.3109931812524795,8.829999923706055,1066663.9907836914
2009-03-10,SH600307,102500,3.9011703338861468,6.669999599456787,683674.9589443207
2009-03-10,SH600309,47700,8.372510885524749,12.819999694824219,611513.9854431152
2009-03-10,SH600376,83600,4.781433732891083,11.220000267028809,937992.0223236084
2009-03-10,SH600380,138400,2.8908668664455415,4.990000247955322,690616.0343170166
2009-03-10,SH600432,50800,7.872360408544541,16.26000213623047,826008.1085205078
2009-03-10,SH600456,42100,9.482843542099,17.31999969482422,729171.9871520996
2009-03-10,SH600595,78800,5.071521171712876,7.71999979019165,608335.983467102
2009-03-10,SH600748,67700,5.901769618415833,9.999999046325684,676999.9354362488
2009-03-10,SH600804,78500,5.091526675653458,12.029999732971191,944354.9790382385
2009-03-10,SH601111,115900,3.451034809207916,4.619999885559082,535457.9867362976
2009-03-10,SH601168,72700,5.501650000000001,8.489999771118164,617222.9833602905
2009-03-10,SH601588,160000,2.50075,3.9099998474121094,625599.9755859375
2009-03-10,SZ000572,162600,2.4607380381584165,4.330000400543213,704058.0651283264
2009-03-10,SZ000581,96300,4.151245095396042,7.570000171661377,728991.0165309906
2009-03-10,SZ000751,168700,2.3707111240148544,5.21999979019165,880613.9646053314
2009-03-10,SZ000755,102000,3.921175837826729,7.019999980926514,716039.9980545044
2009-03-10,SZ000878,55200,7.242172248029709,13.709999084472656,756791.9494628906
2009-03-10,SZ000960,45400,8.812642465782165,14.779999732971191,671011.9878768921
2009-03-10,SZ002097,58900,6.792037438821792,13.859999656677246,816353.9797782898
2009-03-10,SZ002202,24200,16.50495,33.099998474121094,801019.9630737305
2009-03-11,SH600008,105800,3.781133732891083,5.679999828338623,600943.9818382263
2009-03-11,SH600026,54700,7.302189713811874,10.40999984741211,569426.9916534424
2009-03-11,SH600110,107500,3.7211160286188125,7.029999732971191,755724.9712944031
2009-03-11,SH600117,116200,3.4410320572376247,5.889999866485596,684417.9844856262
2009-03-11,SH600158,120800,3.3109931812524795,8.90000057220459,1075120.0691223145
2009-03-11,SH600307,102500,3.9011703338861468,6.749999523162842,691874.9511241913
2009-03-11,SH600309,47700,8.372510885524749,12.619998931884766,601973.9490509033
2009-03-11,SH600376,83600,4.781433732891083,11.010000228881836,920436.0191345215
2009-03-11,SH600380,138400,2.8908668664455415,5.259999752044678,727983.9656829834
2009-03-11,SH600432,50800,7.872360408544541,15.989999771118164,812291.9883728027
2009-03-11,SH600456,42100,9.482843542099,16.81999969482422,708121.9871520996
2009-03-11,SH600595,78800,5.071521171712876,7.589999675750732,598091.9744491577
2009-03-11,SH600748,67700,5.901769618415833,9.75,660075.0
2009-03-11,SH600804,78500,5.091526675653458,12.489999771118164,980464.9820327759
2009-03-11,SH601111,115900,3.451034809207916,4.700000286102295,544730.033159256
2009-03-11,SH601168,72700,5.501650000000001,8.399999618530273,610679.9722671509
2009-03-11,SH601588,160000,2.50075,3.859999895095825,617599.983215332
2009-03-11,SZ000572,162600,2.4607380381584165,4.289999961853027,697553.9937973022
2009-03-11,SZ000581,96300,4.151245095396042,7.669999122619629,738620.9155082703
2009-03-11,SZ000751,168700,2.3707111240148544,5.099999904632568,860369.9839115143
2009-03-11,SZ000755,102000,3.921175837826729,7.050000190734863,719100.019454956
2009-03-11,SZ000878,55200,7.242172248029709,13.5,745200.0
2009-03-11,SZ000960,45400,8.812642465782165,14.569999694824219,661477.9861450195
2009-03-11,SZ002097,58900,6.792037438821792,13.660000801086426,804574.0471839905
2009-03-11,SZ002202,24200,16.50495,32.70000076293945,791340.0184631348
2009-03-12,SH600008,105800,3.781133732891083,5.960000038146973,630568.0040359497
2009-03-12,SH600026,54700,7.302189713811874,10.119999885559082,553563.9937400818
2009-03-12,SH600110,107500,3.7211160286188125,7.060000419616699,758950.0451087952
2009-03-12,SH600117,116200,3.4410320572376247,5.940000057220459,690228.0066490173
2009-03-12,SH600158,120800,3.3109931812524795,9.489999771118164,1146391.9723510742
2009-03-12,SH600307,102500,3.9011703338861468,6.639999866485596,680599.9863147736
2009-03-12,SH600309,47700,8.372510885524749,12.579999923706055,600065.9963607788
2009-03-12,SH600376,83600,4.781433732891083,11.080000877380371,926288.073348999
2009-03-12,SH600380,138400,2.8908668664455415,5.239999771118164,725215.9683227539
2009-03-12,SH600432,50800,7.872360408544541,15.989999771118164,812291.9883728027
2009-03-12,SH600456,42100,9.482843542099,16.8700008392334,710227.0353317261
2009-03-12,SH600595,78800,5.071521171712876,7.510000228881836,591788.0180358887
2009-03-12,SH600748,67700,5.901769618415833,9.920000076293945,671584.0051651001
2009-03-12,SH600804,78500,5.091526675653458,12.609999656677246,989884.9730491638
2009-03-12,SH601111,115900,3.451034809207916,4.789999961853027,555160.9955787659
2009-03-12,SH601168,72700,5.501650000000001,8.399999618530273,610679.9722671509
2009-03-12,SH601588,160000,2.50075,3.9600000381469727,633600.0061035156
2009-03-12,SZ000572,162600,2.4607380381584165,4.25,691050.0
2009-03-12,SZ000581,96300,4.151245095396042,7.649999618530273,736694.9632644653
2009-03-12,SZ000751,168700,2.3707111240148544,5.150000095367432,868805.0160884857
2009-03-12,SZ000755,102000,3.921175837826729,7.400000095367432,754800.009727478
2009-03-12,SZ000878,55200,7.242172248029709,13.6899995803833,755687.9768371582
2009-03-12,SZ000960,45400,8.812642465782165,14.829998970031738,673281.9532394409
2009-03-12,SZ002097,58900,6.792037438821792,13.709999084472656,807518.9460754395
2009-03-12,SZ002202,24200,16.50495,33.03000259399414,799326.0627746582
2009-03-13,SH600008,105800,3.781133732891083,5.819999694824219,615755.9677124023
2009-03-13,SH600026,54700,7.302189713811874,10.130000114440918,554111.0062599182
2009-03-13,SH600110,107500,3.7211160286188125,7.039999961853027,756799.9958992004
2009-03-13,SH600117,116200,3.4410320572376247,6.039999485015869,701847.940158844
2009-03-13,SH600158,120800,3.3109931812524795,9.220000267028809,1113776.03225708
2009-03-13,SH600307,102500,3.9011703338861468,6.320000171661377,647800.0175952911
2009-03-13,SH600309,47700,8.372510885524749,12.390000343322754,591003.0163764954
2009-03-13,SH600376,83600,4.781433732891083,11.34000015258789,948024.0127563477
2009-03-13,SH600380,138400,2.8908668664455415,5.310000419616699,734904.0580749512
2009-03-13,SH600432,50800,7.872360408544541,15.639999389648438,794511.9689941406
2009-03-13,SH600456,42100,9.482843542099,16.6299991607666,700122.9646682739
2009-03-13,SH600595,78800,5.071521171712876,7.460000038146973,587848.0030059814
2009-03-13,SH600748,67700,5.901769618415833,9.65999984741211,653981.9896697998
2009-03-13,SH600804,78500,5.091526675653458,13.210000038146973,1036985.0029945374
2009-03-13,SH601111,115900,3.451034809207916,4.829999923706055,559796.9911575317
2009-03-13,SH601168,72700,5.501650000000001,8.440000534057617,613588.0388259888
2009-03-13,SH601588,160000,2.50075,3.859999895095825,617599.983215332
2009-03-13,SZ000572,162600,2.4607380381584165,4.230000019073486,687798.0031013489
2009-03-13,SZ000581,96300,4.151245095396042,7.820000171661377,753066.0165309906
2009-03-13,SZ000751,168700,2.3707111240148544,5.0400004386901855,850248.0740070343
2009-03-13,SZ000755,102000,3.921175837826729,7.139999866485596,728279.9863815308
2009-03-13,SZ000878,55200,7.242172248029709,13.420000076293945,740784.0042114258
2009-03-13,SZ000960,45400,8.812642465782165,14.539999008178711,660115.9549713135
2009-03-13,SZ002097,58900,6.792037438821792,13.789999008178711,812230.9415817261
2009-03-13,SZ002202,24200,16.50495,35.099998474121094,849419.9630737305
2009-03-16,SH600008,105800,3.781133732891083,5.850000381469727,618930.0403594971
2009-03-16,SH600026,54700,7.302189713811874,10.180000305175781,556846.0166931152
2009-03-16,SH600110,107500,3.7211160286188125,6.849999904632568,736374.9897480011
2009-03-16,SH600117,116200,3.4410320572376247,6.070000171661377,705334.019947052
2009-03-16,SH600158,120800,3.3109931812524795,9.220000267028809,1113776.03225708
2009-03-16,SH600307,102500,3.9011703338861468,6.399999618530273,655999.960899353
2009-03-16,SH600309,47700,8.372510885524749,12.479999542236328,595295.9781646729
2009-03-16,SH600376,83600,4.781433732891083,11.50999927520752,962235.9394073486
2009-03-16,SH600380,138400,2.8908668664455415,5.400000095367432,747360.0131988525
2009-03-16,SH600432,50800,7.872360408544541,16.239999771118164,824991.9883728027
2009-03-16,SH600456,42100,9.482843542099,17.290000915527344,727909.0385437012
2009-03-16,SH600595,78800,5.071521171712876,7.589999675750732,598091.9744491577
2009-03-16,SH600748,67700,5.901769618415833,10.100000381469727,683770.0258255005
2009-03-16,SH600804,78500,5.091526675653458,13.430000305175781,1054255.0239562988
2009-03-16,SH601111,115900,3.451034809207916,4.860000133514404,563274.0154743195
2009-03-16,SH601168,72700,5.501650000000001,8.620000839233398,626674.0610122681
2009-03-16,SH601588,160000,2.50075,3.9000000953674316,624000.0152587891
2009-03-16,SZ000572,162600,2.4607380381584165,4.369999885559082,710561.9813919067
2009-03-16,SZ000581,96300,4.151245095396042,8.079999923706055,778103.9926528931
2009-03-16,SZ000751,168700,2.3707111240148544,5.260000228881836,887362.0386123657
2009-03-16,SZ000755,102000,3.921175837826729,7.220000743865967,736440.0758743286
2009-03-16,SZ000878,55200,7.242172248029709,13.869999885559082,765623.9936828613
2009-03-16,SZ000960,45400,8.812642465782165,15.25999927520752,692803.9670944214
2009-03-16,SZ002097,58900,6.792037438821792,13.899999618530273,818709.9775314331
2009-03-16,SZ002202,24200,16.50495,35.400001525878906,856680.0369262695
2009-03-17,SH600008,105800,3.781133732891083,6.130000114440918,648554.0121078491
2009-03-17,SH600026,54700,7.302189713811874,10.499999046325684,574349.9478340149
2009-03-17,SH600110,107500,3.7211160286188125,7.029999732971191,755724.9712944031
2009-03-17,SH600117,116200,3.4410320572376247,6.270000457763672,728574.0531921387
2009-03-17,SH600158,120800,3.3109931812524795,9.520000457763672,1150016.0552978516
2009-03-17,SH600307,102500,3.9011703338861468,6.609999656677246,677524.9648094177
2009-03-17,SH600309,47700,8.372510885524749,12.9399995803833,617237.9799842834
2009-03-17,SH600376,83600,4.781433732891083,12.190000534057617,1019084.0446472168
2009-03-17,SH600380,138400,2.8908668664455415,5.560000419616699,769504.0580749512
2009-03-17,SH600432,50800,7.872360408544541,17.85999870300293,907287.9341125488
2009-03-17,SH600456,42100,9.482843542099,18.389999389648438,774218.9743041992
2009-03-17,SH600595,78800,5.071521171712876,8.039999961853027,633551.9969940186
2009-03-17,SH600748,67700,5.901769618415833,10.720000267028809,725744.0180778503
2009-03-17,SH600804,78500,5.091526675653458,13.549999237060547,1063674.940109253
2009-03-17,SH601111,115900,3.451034809207916,5.010000228881836,580659.0265274048
2009-03-17,SH601168,72700,5.501650000000001,9.479999542236328,689195.966720581
2009-03-17,SH601588,160000,2.50075,4.289999961853027,686399.9938964844
2009-03-17,SZ000572,162600,2.4607380381584165,4.480000019073486,728448.0031013489
2009-03-17,SZ000581,96300,4.151245095396042,8.469999313354492,815660.9338760376
2009-03-17,SZ000751,168700,2.3707111240148544,5.429999828338623,916040.9710407257
2009-03-17,SZ000755,102000,3.921175837826729,7.369999885559082,751739.9883270264
2009-03-17,SZ000878,55200,7.242172248029709,15.25999927520752,842351.9599914551
2009-03-17,SZ000960,45400,8.812642465782165,16.549999237060547,751369.9653625488
2009-03-17,SZ002097,58900,6.792037438821792,14.859999656677246,875253.9797782898
2009-03-17,SZ002202,24200,16.50495,35.93000030517578,869506.0073852539
2009-03-18,SH600008,105800,3.781133732891083,6.190000057220459,654902.0060539246
2009-03-18,SH600026,54700,7.302189713811874,10.730000495910645,586931.0271263123
2009-03-18,SH600110,107500,3.7211160286188125,7.270000457763672,781525.0492095947
2009-03-18,SH600117,116200,3.4410320572376247,6.539999961853027,759947.9955673218
2009-03-18,SH600158,120800,3.3109931812524795,10.470000267028809,1264776.03225708
2009-03-18,SH600307,102500,3.9011703338861468,7.2699995040893555,745174.9491691589
2009-03-18,SH600309,47700,8.372510885524749,13.239999771118164,631547.9890823364
2009-03-18,SH600376,83600,4.781433732891083,12.350000381469727,1032460.0318908691
2009-03-18,SH600380,138400,2.8908668664455415,5.7300004959106445,793032.0686340332
2009-03-18,SH600432,50800,7.872360408544541,18.299999237060547,929639.9612426758
2009-03-18,SH600456,42100,9.482843542099,18.469999313354492,777586.9710922241
2009-03-18,SH600595,78800,5.071521171712876,8.15000057220459,642220.0450897217
2009-03-18,SH600748,67700,5.901769618415833,10.699999809265137,724389.9870872498
2009-03-18,SH600804,78500,5.091526675653458,14.25,1118625.0
2009-03-18,SH601111,115900,3.451034809207916,5.059999942779541,586453.9933681488
2009-03-18,SH601168,72700,5.501650000000001,10.09999942779541,734269.9584007263
2009-03-18,SH601588,160000,2.50075,4.299999713897705,687999.9542236328
2009-03-18,SZ000572,162600,2.4607380381584165,4.519999980926514,734951.9968986511
2009-03-18,SZ000581,96300,4.151245095396042,8.579999923706055,826253.9926528931
2009-03-18,SZ000751,168700,2.3707111240148544,5.62000036239624,948094.0611362457
2009-03-18,SZ000755,102000,3.921175837826729,7.62999963760376,778259.9630355835
2009-03-18,SZ000878,55200,7.242172248029709,16.6200008392334,917424.0463256836
2009-03-18,SZ000960,45400,8.812642465782165,16.810001373291016,763174.0623474121
2009-03-18,SZ002097,58900,6.792037438821792,14.90999984741211,878198.9910125732
2009-03-18,SZ002202,24200,16.50495,36.0,871200.0
2009-03-19,SH600008,105800,3.781133732891083,6.269999980926514,663365.9979820251
2009-03-19,SH600026,54700,7.302189713811874,11.180000305175781,611546.0166931152
2009-03-19,SH600110,107500,3.7211160286188125,7.400000095367432,795500.0102519989
2009-03-19,SH600117,116200,3.4410320572376247,6.590000152587891,765758.0177307129
2009-03-19,SH600158,120800,3.3109931812524795,10.680000305175781,1290144.0368652344
2009-03-19,SH600307,102500,3.9011703338861468,7.609999656677246,780024.9648094177
2009-03-19,SH600309,47700,8.372510885524749,13.84000015258789,660168.0072784424
2009-03-19,SH600376,83600,4.781433732891083,12.489999771118164,1044163.9808654785
2009-03-19,SH600380,138400,2.8908668664455415,5.769999980926514,798567.9973602295
2009-03-19,SH600432,50800,7.872360408544541,18.889999389648438,959611.9689941406
2009-03-19,SH600456,42100,9.482843542099,18.850000381469727,793585.0160598755
2009-03-19,SH600595,78800,5.071521171712876,8.579999923706055,676103.9939880371
2009-03-19,SH600748,67700,5.901769618415833,10.859999656677246,735221.9767570496
2009-03-19,SH600804,78500,5.091526675653458,14.239999771118164,1117839.9820327759
2009-03-19,SH601111,115900,3.451034809207916,5.119999885559082,593407.9867362976
2009-03-19,SH601168,72700,5.501650000000001,10.24000072479248,744448.0526924133
2009-03-19,SH601588,160000,2.50075,4.360000133514404,697600.0213623047
2009-03-19,SZ000572,162600,2.4607380381584165,4.610000133514404,749586.0217094421
2009-03-19,SZ000581,96300,4.151245095396042,8.700000762939453,837810.0734710693
2009-03-19,SZ000751,168700,2.3707111240148544,5.660000324249268,954842.0547008514
2009-03-19,SZ000755,102000,3.921175837826729,8.220000267028809,838440.0272369385
2009-03-19,SZ000878,55200,7.242172248029709,16.709999084472656,922391.9494628906
2009-03-19,SZ000960,45400,8.812642465782165,16.98000144958496,770892.0658111572
2009-03-19,SZ002097,58900,6.792037438821792,15.480000495910645,911772.029209137
2009-03-19,SZ002202,24200,16.50495,36.279998779296875,877975.9704589844
2009-03-20,SH600008,105800,3.781133732891083,6.159999847412109,651727.9838562012
2009-03-20,SH600026,54700,7.302189713811874,11.039999961853027,603887.9979133606
2009-03-20,SH600110,107500,3.7211160286188125,7.610000133514404,818075.0143527985
2009-03-20,SH600117,116200,3.4410320572376247,6.910000324249268,802942.0376777649
2009-03-20,SH600158,120800,3.3109931812524795,10.559999465942383,1275647.9354858398
2009-03-20,SH600307,102500,3.9011703338861468,8.030000686645508,823075.0703811646
2009-03-20,SH600309,47700,8.372510885524749,13.890000343322754,662553.0163764954
2009-03-20,SH600376,83600,4.781433732891083,12.119999885559082,1013231.9904327393
2009-03-20,SH600380,138400,2.8908668664455415,5.639999866485596,780575.9815216064
2009-03-20,SH600432,50800,7.872360408544541,20.220001220703125,1027176.0620117188
2009-03-20,SH600456,42100,9.482843542099,19.889999389648438,837368.9743041992
2009-03-20,SH600595,78800,5.071521171712876,8.579999923706055,676103.9939880371
2009-03-20,SH600748,67700,5.901769618415833,10.489999771118164,710172.9845046997
2009-03-20,SH600804,78500,5.091526675653458,14.350000381469727,1126475.0299453735
2009-03-20,SH601111,115900,3.451034809207916,5.070000171661377,587613.0198955536
2009-03-20,SH601168,72700,5.501650000000001,11.09000015258789,806243.0110931396
2009-03-20,SH601588,160000,2.50075,4.299999713897705,687999.9542236328
2009-03-20,SZ000572,162600,2.4607380381584165,4.509999752044678,733325.9596824646
2009-03-20,SZ000581,96300,4.151245095396042,8.480000495910645,816624.0477561951
2009-03-20,SZ000751,168700,2.3707111240148544,6.230000019073486,1051001.0032176971
2009-03-20,SZ000755,102000,3.921175837826729,8.350000381469727,851700.0389099121
2009-03-20,SZ000878,55200,7.242172248029709,18.3799991607666,1014575.9536743164
2009-03-20,SZ000960,45400,8.812642465782165,18.3799991607666,834451.9618988037
2009-03-20,SZ002097,58900,6.792037438821792,15.149999618530273,892334.9775314331
2009-03-20,SZ002202,24200,16.50495,36.970001220703125,894674.0295410156
2009-03-23,SH600008,105800,3.781133732891083,6.210000038146973,657018.0040359497
2009-03-23,SH600026,54700,7.302189713811874,11.530000686645508,630691.0375595093
2009-03-23,SH600110,107500,3.7211160286188125,7.619999408721924,819149.9364376068
2009-03-23,SH600117,116200,3.4410320572376247,7.049999713897705,819209.9667549133
2009-03-23,SH600158,120800,3.3109931812524795,11.129999160766602,1344503.8986206055
2009-03-23,SH600307,102500,3.9011703338861468,8.199999809265137,840499.9804496765
2009-03-23,SH600309,47700,8.372510885524749,14.089999198913574,672092.9617881775
2009-03-23,SH600376,83600,4.781433732891083,13.029999732971191,1089307.9776763916
2009-03-23,SH600380,138400,2.8908668664455415,6.059999465942383,838703.9260864258
2009-03-23,SH600432,50800,7.872360408544541,19.790000915527344,1005332.0465087891
2009-03-23,SH600456,42100,9.482843542099,19.630001068115234,826423.0449676514
2009-03-23,SH600595,78800,5.071521171712876,8.90000057220459,701320.0450897217
2009-03-23,SH600748,67700,5.901769618415833,10.930000305175781,739961.0206604004
2009-03-23,SH600804,78500,5.091526675653458,14.479999542236328,1136679.9640655518
2009-03-23,SH601111,115900,3.451034809207916,5.140000343322754,595726.0397911072
2009-03-23,SH601168,72700,5.501650000000001,11.190000534057617,813513.0388259888
2009-03-23,SH601588,160000,2.50075,4.429999828338623,708799.9725341797
2009-03-23,SZ000572,162600,2.4607380381584165,4.740000247955322,770724.0403175354
2009-03-23,SZ000581,96300,4.151245095396042,9.0,866700.0
2009-03-23,SZ000751,168700,2.3707111240148544,6.429999351501465,1084740.8905982971
2009-03-23,SZ000755,102000,3.921175837826729,8.34000015258789,850680.0155639648
2009-03-23,SZ000878,55200,7.242172248029709,19.200000762939453,1059840.0421142578
2009-03-23,SZ000960,45400,8.812642465782165,18.399999618530273,835359.9826812744
2009-03-23,SZ002097,58900,6.792037438821792,16.03999900817871,944755.9415817261
2009-03-23,SZ002202,24200,16.50495,37.47999954223633,907015.9889221191
2009-03-24,SH600008,105800,3.781133732891083,6.230000019073486,659134.0020179749
2009-03-24,SH600026,54700,7.302189713811874,11.559999465942383,632331.9707870483
2009-03-24,SH600110,107500,3.7211160286188125,7.610000133514404,818075.0143527985
2009-03-24,SH600117,116200,3.4410320572376247,7.25,842450.0
2009-03-24,SH600158,120800,3.3109931812524795,10.699999809265137,1292559.9769592285
2009-03-24,SH600307,102500,3.9011703338861468,8.199999809265137,840499.9804496765
2009-03-24,SH600309,47700,8.372510885524749,13.869999885559082,661598.9945411682
2009-03-24,SH600376,83600,4.781433732891083,13.679999351501465,1143647.9457855225
2009-03-24,SH600380,138400,2.8908668664455415,6.210000038146973,859464.005279541
2009-03-24,SH600432,50800,7.872360408544541,19.950000762939453,1013460.0387573242
2009-03-24,SH600456,42100,9.482843542099,20.880001068115234,879048.0449676514
2009-03-24,SH600595,78800,5.071521171712876,8.6899995803833,684771.9669342041
2009-03-24,SH600748,67700,5.901769618415833,11.09999942779541,751469.9612617493
2009-03-24,SH600804,78500,5.091526675653458,15.019999504089355,1179069.9610710144
2009-03-24,SH601111,115900,3.451034809207916,5.300000190734863,614270.0221061707
2009-03-24,SH601168,72700,5.501650000000001,10.930000305175781,794611.0221862793
2009-03-24,SH601588,160000,2.50075,4.440000057220459,710400.0091552734
2009-03-24,SZ000572,162600,2.4607380381584165,4.650000095367432,756090.0155067444
2009-03-24,SZ000581,96300,4.151245095396042,9.249999046325684,890774.9081611633
2009-03-24,SZ000751,168700,2.3707111240148544,6.230000019073486,1051001.0032176971
2009-03-24,SZ000755,102000,3.921175837826729,8.680000305175781,885360.0311279297
2009-03-24,SZ000878,55200,7.242172248029709,19.23000144958496,1061496.0800170898
2009-03-24,SZ000960,45400,8.812642465782165,18.06999969482422,820377.9861450195
2009-03-24,SZ002097,58900,6.792037438821792,15.779999732971191,929441.9842720032
2009-03-24,SZ002202,24200,16.50495,38.5,931700.0
2009-03-25,SH600008,105800,3.781133732891083,5.949999809265137,629509.9798202515
2009-03-25,SH600026,54700,7.302189713811874,10.979999542236328,600605.9749603271
2009-03-25,SH600110,107500,3.7211160286188125,7.190000057220459,772925.0061511993
2009-03-25,SH600117,116200,3.4410320572376247,6.769999980926514,786673.9977836609
2009-03-25,SH600158,120800,3.3109931812524795,10.229999542236328,1235783.9447021484
2009-03-25,SH600307,102500,3.9011703338861468,7.910000324249268,810775.0332355499
2009-03-25,SH600309,47700,8.372510885524749,13.399999618530273,639179.981803894
2009-03-25,SH600376,83600,4.781433732891083,13.179999351501465,1101847.9457855225
2009-03-25,SH600380,138400,2.8908668664455415,6.12000036239624,847008.0501556396
2009-03-25,SH600432,50800,7.872360408544541,20.05000114440918,1018540.0581359863
2009-03-25,SH600456,42100,9.482843542099,20.25,852525.0
2009-03-25,SH600595,78800,5.071521171712876,8.630000114440918,680044.0090179443
2009-03-25,SH600748,67700,5.901769618415833,11.179999351501465,756885.9560966492
2009-03-25,SH600804,78500,5.091526675653458,14.769999504089355,1159444.9610710144
2009-03-25,SH601111,115900,3.451034809207916,5.369999885559082,622382.9867362976
2009-03-25,SH601168,72700,5.501650000000001,10.84000015258789,788068.0110931396
2009-03-25,SH601588,160000,2.50075,4.269999980926514,683199.9969482422
2009-03-25,SZ000572,162600,2.4607380381584165,4.5,731700.0
2009-03-25,SZ000581,96300,4.151245095396042,9.0,866700.0
2009-03-25,SZ000751,168700,2.3707111240148544,6.289999961853027,1061122.9935646057
2009-03-25,SZ000755,102000,3.921175837826729,8.680000305175781,885360.0311279297
2009-03-25,SZ000878,55200,7.242172248029709,19.68000030517578,1086336.0168457031
2009-03-25,SZ000960,45400,8.812642465782165,17.899999618530273,812659.9826812744
2009-03-25,SZ002097,58900,6.792037438821792,15.0,883500.0
2009-03-25,SZ002202,24200,16.50495,37.04999923706055,896609.9815368652
2009-03-26,SH600008,105800,3.781133732891083,6.029999732971191,637973.971748352
2009-03-26,SH600026,54700,7.302189713811874,11.739999771118164,642177.9874801636
2009-03-26,SH600110,107500,3.7211160286188125,7.400000095367432,795500.0102519989
2009-03-26,SH600117,116200,3.4410320572376247,7.2099995613098145,837801.9490242004
2009-03-26,SH600158,120800,3.3109931812524795,10.670000076293945,1288936.0092163086
2009-03-26,SH600307,102500,3.9011703338861468,8.179999351501465,838449.9335289001
2009-03-26,SH600309,47700,8.372510885524749,13.739999771118164,655397.9890823364
2009-03-26,SH600376,83600,4.781433732891083,13.329999923706055,1114387.9936218262
2009-03-26,SH600380,138400,2.8908668664455415,6.139999866485596,849775.9815216064
2009-03-26,SH600432,50800,7.872360408544541,21.040000915527344,1068832.046508789
2009-03-26,SH600456,42100,9.482843542099,20.880001068115234,879048.0449676514
2009-03-26,SH600595,78800,5.071521171712876,8.970000267028809,706836.0210418701
2009-03-26,SH600748,67700,5.901769618415833,11.859999656677246,802921.9767570496
2009-03-26,SH600804,78500,5.091526675653458,14.229999542236328,1117054.9640655518
2009-03-26,SH601111,115900,3.451034809207916,5.910000324249268,684969.0375804901
2009-03-26,SH601168,72700,5.501650000000001,11.59999942779541,843319.9584007263
2009-03-26,SH601588,160000,2.50075,4.360000133514404,697600.0213623047
2009-03-26,SZ000572,162600,2.4607380381584165,4.579999923706055,744707.9875946045
2009-03-26,SZ000581,96300,4.151245095396042,9.15999984741211,882107.9853057861
2009-03-26,SZ000751,168700,2.3707111240148544,6.680000305175781,1126916.0514831543
2009-03-26,SZ000755,102000,3.921175837826729,8.699999809265137,887399.980545044
2009-03-26,SZ000878,55200,7.242172248029709,21.649999618530273,1195079.978942871
2009-03-26,SZ000960,45400,8.812642465782165,18.899999618530273,858059.9826812744
2009-03-26,SZ002097,58900,6.792037438821792,15.380001068115234,905882.0629119873
2009-03-26,SZ002202,24200,16.50495,38.35000228881836,928070.0553894043
2009-03-27,SH600008,105800,3.781133732891083,6.199999809265137,655959.9798202515
2009-03-27,SH600026,54700,7.302189713811874,11.989999771118164,655852.9874801636
2009-03-27,SH600110,107500,3.7211160286188125,7.589999675750732,815924.9651432037
2009-03-27,SH600117,116200,3.4410320572376247,7.37000036239624,856394.0421104431
2009-03-27,SH600158,120800,3.3109931812524795,10.589999198913574,1279271.9032287598
2009-03-27,SH600307,102500,3.9011703338861468,8.529999732971191,874324.9726295471
2009-03-27,SH600309,47700,8.372510885524749,13.739999771118164,655397.9890823364
2009-03-27,SH600376,83600,4.781433732891083,13.569999694824219,1134451.9744873047
2009-03-27,SH600380,138400,2.8908668664455415,6.039999961853027,835935.994720459
2009-03-27,SH600432,50800,7.872360408544541,20.399999618530273,1036319.9806213379
2009-03-27,SH600456,42100,9.482843542099,20.39999771118164,858839.9036407471
2009-03-27,SH600595,78800,5.071521171712876,8.829999923706055,695803.9939880371
2009-03-27,SH600748,67700,5.901769618415833,11.660000801086426,789382.054233551
2009-03-27,SH600804,78500,5.091526675653458,14.040000915527344,1102140.0718688965
2009-03-27,SH601111,115900,3.451034809207916,6.149999618530273,712784.9557876587
2009-03-27,SH601168,72700,5.501650000000001,12.289999961853027,893482.9972267151
2009-03-27,SH601588,160000,2.50075,4.440000057220459,710400.0091552734
2009-03-27,SZ000572,162600,2.4607380381584165,4.650000095367432,756090.0155067444
2009-03-27,SZ000581,96300,4.151245095396042,9.780000686645508,941814.0661239624
2009-03-27,SZ000751,168700,2.3707111240148544,6.539999485015869,1103297.9131221771
2009-03-27,SZ000755,102000,3.921175837826729,8.359999656677246,852719.9649810791
2009-03-27,SZ000878,55200,7.242172248029709,21.600000381469727,1192320.021057129
2009-03-27,SZ000960,45400,8.812642465782165,18.600000381469727,844440.0173187256
2009-03-27,SZ002097,58900,6.792037438821792,15.350000381469727,904115.0224685669
2009-03-27,SZ002202,24200,16.50495,39.02000045776367,944284.0110778809
2009-03-30,SH600008,105800,3.781133732891083,6.289999961853027,665481.9959640503
2009-03-30,SH600026,54700,7.302189713811874,11.880000114440918,649836.0062599182
2009-03-30,SH600110,107500,3.7211160286188125,7.809999942779541,839574.9938488007
2009-03-30,SH600117,116200,3.4410320572376247,7.100000381469727,825020.0443267822
2009-03-30,SH600158,120800,3.3109931812524795,10.589999198913574,1279271.9032287598
2009-03-30,SH600307,102500,3.9011703338861468,8.40999984741211,862024.9843597412
2009-03-30,SH600309,47700,8.372510885524749,14.5,691650.0
2009-03-30,SH600376,83600,4.781433732891083,13.239999771118164,1106863.9808654785
2009-03-30,SH600380,138400,2.8908668664455415,6.010000228881836,831784.0316772461
2009-03-30,SH600432,50800,7.872360408544541,19.719999313354492,1001775.9651184082
2009-03-30,SH600456,42100,9.482843542099,20.06999969482422,844946.9871520996
2009-03-30,SH600595,78800,5.071521171712876,8.680000305175781,683984.0240478516
2009-03-30,SH600748,67700,5.901769618415833,11.279999732971191,763655.9819221497
2009-03-30,SH600804,78500,5.091526675653458,14.020000457763672,1100570.0359344482
2009-03-30,SH601111,115900,3.451034809207916,6.2900004386901855,729011.0508441925
2009-03-30,SH601168,72700,5.501650000000001,12.289999961853027,893482.9972267151
2009-03-30,SH601588,160000,2.50075,4.609999656677246,737599.9450683594
2009-03-30,SZ000572,162600,2.4607380381584165,4.710000038146973,765846.0062026978
2009-03-30,SZ000581,96300,4.151245095396042,9.940000534057617,957222.0514297485
2009-03-30,SZ000751,168700,2.3707111240148544,6.349999904632568,1071244.9839115143
2009-03-30,SZ000755,102000,3.921175837826729,8.380000114440918,854760.0116729736
2009-03-30,SZ000878,55200,7.242172248029709,21.649999618530273,1195079.978942871
2009-03-30,SZ000960,45400,8.812642465782165,18.250001907348633,828550.0865936279
2009-03-30,SZ002097,58900,6.792037438821792,15.09999942779541,889389.9662971497
2009-03-30,SZ002202,24200,16.50495,38.77000045776367,938234.0110778809
2009-03-31,SH600008,105800,3.781133732891083,6.340000152587891,670772.0161437988
2009-03-31,SH600026,54700,7.302189713811874,11.739999771118164,642177.9874801636
2009-03-31,SH600110,107500,3.7211160286188125,8.049999237060547,865374.9179840088
2009-03-31,SH600117,116200,3.4410320572376247,7.009999752044678,814561.9711875916
2009-03-31,SH600158,120800,3.3109931812524795,10.260000228881836,1239408.0276489258
2009-03-31,SH600307,102500,3.9011703338861468,8.289999961853027,849724.9960899353
2009-03-31,SH600309,47700,8.372510885524749,15.950000762939453,760815.0363922119
2009-03-31,SH600376,83600,4.781433732891083,12.90999984741211,1079275.9872436523
2009-03-31,SH600380,138400,2.8908668664455415,6.190000534057617,856696.0739135742
2009-03-31,SH600432,50800,7.872360408544541,19.579999923706055,994663.9961242676
2009-03-31,SH600456,42100,9.482843542099,19.84000015258789,835264.0064239502
2009-03-31,SH600595,78800,5.071521171712876,8.619999885559082,679255.9909820557
2009-03-31,SH600748,67700,5.901769618415833,11.749999046325684,795474.9354362488
2009-03-31,SH600804,78500,5.091526675653458,14.149999618530273,1110774.9700546265
2009-03-31,SH601111,115900,3.451034809207916,6.490000247955322,752191.0287380219
2009-03-31,SH601168,72700,5.501650000000001,11.770000457763672,855679.033279419
2009-03-31,SH601588,160000,2.50075,4.630000114440918,740800.0183105469
2009-03-31,SZ000572,162600,2.4607380381584165,4.869999885559082,791861.9813919067
2009-03-31,SZ000581,96300,4.151245095396042,10.280000686645508,989964.0661239624
2009-03-31,SZ000751,168700,2.3707111240148544,6.330000400543213,1067871.06757164
2009-03-31,SZ000755,102000,3.921175837826729,8.469999313354492,863939.9299621582
2009-03-31,SZ000878,55200,7.242172248029709,21.09000015258789,1164168.0084228516
2009-03-31,SZ000960,45400,8.812642465782165,18.150001525878906,824010.0692749023
2009-03-31,SZ002097,58900,6.792037438821792,15.819999694824219,931797.9820251465
2009-03-31,SZ002202,24200,16.50495,40.14999771118164,971629.9446105957
2009-04-01,SH600008,105800,3.781133732891083,6.369999408721924,673945.9374427795
2009-04-01,SH600026,54700,7.302189713811874,11.890000343322754,650383.0187797546
2009-04-01,SH600110,107500,3.7211160286188125,8.220000267028809,883650.0287055969
2009-04-01,SH600117,116200,3.4410320572376247,7.139999866485596,829667.9844856262
2009-04-01,SH600158,120800,3.3109931812524795,10.600000381469727,1280480.046081543
2009-04-01,SH600307,102500,3.9011703338861468,8.420000076293945,863050.0078201294
2009-04-01,SH600309,47700,8.372510885524749,16.689998626708984,796112.9344940186
2009-04-01,SH600376,83600,4.781433732891083,13.5600004196167,1133616.035079956
2009-04-01,SH600380,138400,2.8908668664455415,6.319999694824219,874687.9577636719
2009-04-01,SH600432,50800,7.872360408544541,20.0,1016000.0
2009-04-01,SH600456,42100,9.482843542099,20.329999923706055,855892.9967880249
2009-04-01,SH600595,78800,5.071521171712876,8.880000114440918,699744.0090179443
2009-04-01,SH600748,67700,5.901769618415833,11.899999618530273,805629.9741744995
2009-04-01,SH600804,78500,5.091526675653458,14.289999961853027,1121764.9970054626
2009-04-01,SH601111,115900,3.451034809207916,6.779999732971191,785801.9690513611
2009-04-01,SH601168,72700,5.501650000000001,12.949999809265137,941464.9861335754
2009-04-01,SH601588,160000,2.50075,4.789999485015869,766399.9176025391
2009-04-01,SZ000572,162600,2.4607380381584165,4.889999866485596,795113.9782905579
2009-04-01,SZ000581,96300,4.151245095396042,10.129999160766602,975518.9191818237
2009-04-01,SZ000751,168700,2.3707111240148544,6.4200005531311035,1083054.0933132172
2009-04-01,SZ000755,102000,3.921175837826729,8.779999732971191,895559.9727630615
2009-04-01,SZ000878,55200,7.242172248029709,21.259998321533203,1173551.9073486328
2009-04-01,SZ000960,45400,8.812642465782165,18.6200008392334,845348.0381011963
2009-04-01,SZ002097,58900,6.792037438821792,15.899999618530273,936509.9775314331
2009-04-01,SZ002202,24200,16.50495,39.78999710083008,962917.9298400879
2009-04-02,SH600008,105800,3.781133732891083,6.400000095367432,677120.0100898743
2009-04-02,SH600026,54700,7.302189713811874,11.890000343322754,650383.0187797546
2009-04-02,SH600110,107500,3.7211160286188125,8.0,860000.0
2009-04-02,SH600117,116200,3.4410320572376247,7.37999963760376,857555.9578895569
2009-04-02,SH600158,120800,3.3109931812524795,10.34000015258789,1249072.0184326172
2009-04-02,SH600307,102500,3.9011703338861468,8.780000686645508,899950.0703811646
2009-04-02,SH600309,47700,8.372510885524749,16.869998931884766,804698.9490509033
2009-04-02,SH600376,83600,4.781433732891083,13.809999465942383,1154515.9553527832
2009-04-02,SH600380,138400,2.8908668664455415,6.46999979019165,895447.9709625244
2009-04-02,SH600432,50800,7.872360408544541,20.639999389648438,1048511.9689941406
2009-04-02,SH600456,42100,9.482843542099,20.689998626708984,871048.9421844482
2009-04-02,SH600595,78800,5.071521171712876,8.949999809265137,705259.9849700928
2009-04-02,SH600748,67700,5.901769618415833,11.830000877380371,800891.0593986511
2009-04-02,SH600804,78500,5.091526675653458,14.5,1138250.0
2009-04-02,SH601111,115900,3.451034809207916,6.690000057220459,775371.0066318512
2009-04-02,SH601168,72700,5.501650000000001,13.010000228881836,945827.0166397095
2009-04-02,SH601588,160000,2.50075,4.720000267028809,755200.0427246094
2009-04-02,SZ000572,162600,2.4607380381584165,4.839999675750732,786983.9472770691
2009-04-02,SZ000581,96300,4.151245095396042,10.0600004196167,968778.0404090881
2009-04-02,SZ000751,168700,2.3707111240148544,6.319999694824219,1066183.9485168457
2009-04-02,SZ000755,102000,3.921175837826729,9.050000190734863,923100.019454956
2009-04-02,SZ000878,55200,7.242172248029709,21.239999771118164,1172447.9873657227
2009-04-02,SZ000960,45400,8.812642465782165,18.6299991607666,845801.9618988037
2009-04-02,SZ002097,58900,6.792037438821792,16.100000381469727,948290.0224685669
2009-04-02,SZ002202,24200,16.50495,39.900001525878906,965580.0369262695
2009-04-03,SH600008,105800,3.781133732891083,6.239999771118164,660191.9757843018
2009-04-03,SH600026,54700,7.302189713811874,11.920000076293945,652024.0041732788
2009-04-03,SH600110,107500,3.7211160286188125,7.809999942779541,839574.9938488007
2009-04-03,SH600117,116200,3.4410320572376247,7.199999809265137,836639.9778366089
2009-04-03,SH600158,120800,3.3109931812524795,10.119999885559082,1222495.986175537
2009-04-03,SH600307,102500,3.9011703338861468,8.510000228881836,872275.0234603882
2009-04-03,SH600309,47700,8.372510885524749,16.880001068115234,805176.0509490967
2009-04-03,SH600376,83600,4.781433732891083,14.290000915527344,1194644.076538086
2009-04-03,SH600380,138400,2.8908668664455415,6.210000038146973,859464.005279541
2009-04-03,SH600432,50800,7.872360408544541,20.920000076293945,1062736.0038757324
2009-04-03,SH600456,42100,9.482843542099,20.470001220703125,861787.0513916016
2009-04-03,SH600595,78800,5.071521171712876,8.640000343322754,680832.027053833
2009-04-03,SH600748,67700,5.901769618415833,11.660000801086426,789382.054233551
2009-04-03,SH600804,78500,5.091526675653458,14.25,1118625.0
2009-04-03,SH601111,115900,3.451034809207916,6.570000171661377,761463.0198955536
2009-04-03,SH601168,72700,5.501650000000001,12.399999618530273,901479.9722671509
2009-04-03,SH601588,160000,2.50075,4.590000152587891,734400.0244140625
2009-04-03,SZ000572,162600,2.4607380381584165,4.710000038146973,765846.0062026978
2009-04-03,SZ000581,96300,4.151245095396042,10.079999923706055,970703.9926528931
2009-04-03,SZ000751,168700,2.3707111240148544,6.159999847412109,1039191.9742584229
2009-04-03,SZ000755,102000,3.921175837826729,8.799999237060547,897599.9221801758
2009-04-03,SZ000878,55200,7.242172248029709,19.910001754760742,1099032.096862793
2009-04-03,SZ000960,45400,8.812642465782165,18.670000076293945,847618.0034637451
2009-04-03,SZ002097,58900,6.792037438821792,15.539999008178711,915305.9415817261
2009-04-03,SZ002202,24200,16.50495,38.910003662109375,941622.0886230469
2009-04-07,SH600008,105800,3.781133732891083,6.360000133514404,672888.014125824
2009-04-07,SH600026,54700,7.302189713811874,11.959999084472656,654211.9499206543
2009-04-07,SH600110,107500,3.7211160286188125,8.059999465942383,866449.9425888062
2009-04-07,SH600117,116200,3.4410320572376247,7.059999942779541,820371.9933509827
2009-04-07,SH600158,120800,3.3109931812524795,10.709999084472656,1293767.8894042969
2009-04-07,SH600307,102500,3.9011703338861468,8.300000190734863,850750.0195503235
2009-04-07,SH600309,47700,8.372510885524749,16.720001220703125,797544.0582275391
2009-04-07,SH600376,83600,4.781433732891083,13.890000343322754,1161204.0287017822
2009-04-07,SH600380,138400,2.8908668664455415,6.2300004959106445,862232.0686340332
2009-04-07,SH600432,50800,7.872360408544541,21.239999771118164,1078991.9883728027
2009-04-07,SH600456,42100,9.482843542099,20.490001678466797,862629.0706634521
2009-04-07,SH600595,78800,5.071521171712876,8.819999694824219,695015.9759521484
2009-04-07,SH600748,67700,5.901769618415833,11.520000457763672,779904.0309906006
2009-04-07,SH600804,78500,5.091526675653458,14.279998779296875,1120979.9041748047
2009-04-07,SH601111,115900,3.451034809207916,6.579999923706055,762621.9911575317
2009-04-07,SH601168,72700,5.501650000000001,12.869999885559082,935648.9916801453
2009-04-07,SH601588,160000,2.50075,4.609999656677246,737599.9450683594
2009-04-07,SZ000572,162600,2.4607380381584165,4.740000247955322,770724.0403175354
2009-04-07,SZ000581,96300,4.151245095396042,9.959999084472656,959147.9118347168
2009-04-07,SZ000751,168700,2.3707111240148544,6.300000190734863,1062810.0321769714
2009-04-07,SZ000755,102000,3.921175837826729,8.539999961853027,871079.9961090088
2009-04-07,SZ000878,55200,7.242172248029709,20.81999969482422,1149263.9831542969
2009-04-07,SZ000960,45400,8.812642465782165,19.799999237060547,898919.9653625488
2009-04-07,SZ002097,58900,6.792037438821792,15.649999618530273,921784.9775314331
2009-04-07,SZ002202,24200,16.50495,38.970001220703125,943074.0295410156
2009-04-08,SH600008,105800,3.781133732891083,6.119999885559082,647495.9878921509
2009-04-08,SH600026,54700,7.302189713811874,11.350000381469727,620845.020866394
2009-04-08,SH600110,107500,3.7211160286188125,7.809999942779541,839574.9938488007
2009-04-08,SH600117,116200,3.4410320572376247,6.710000038146973,779702.0044326782
2009-04-08,SH600158,120800,3.3109931812524795,10.149999618530273,1226119.953918457
2009-04-08,SH600307,102500,3.9011703338861468,7.809999942779541,800524.994134903
2009-04-08,SH600309,47700,8.372510885524749,16.1200008392334,768924.0400314331
2009-04-08,SH600376,83600,4.781433732891083,13.809999465942383,1154515.9553527832
2009-04-08,SH600380,138400,2.8908668664455415,6.010000228881836,831784.0316772461
2009-04-08,SH600432,50800,7.872360408544541,19.93000030517578,1012444.0155029297
2009-04-08,SH600456,42100,9.482843542099,18.90999984741211,796110.9935760498
2009-04-08,SH600595,78800,5.071521171712876,8.3100004196167,654828.0330657959
2009-04-08,SH600748,67700,5.901769618415833,11.109999656677246,752146.9767570496
2009-04-08,SH600804,78500,5.091526675653458,14.549999237060547,1142174.940109253
2009-04-08,SH601111,115900,3.451034809207916,6.039999485015869,700035.9403133392
2009-04-08,SH601168,72700,5.501650000000001,12.019999504089355,873853.9639472961
2009-04-08,SH601588,160000,2.50075,4.340000152587891,694400.0244140625
2009-04-08,SZ000572,162600,2.4607380381584165,4.5,731700.0
2009-04-08,SZ000581,96300,4.151245095396042,10.0600004196167,968778.0404090881
2009-04-08,SZ000751,168700,2.3707111240148544,6.009999752044678,1013886.9581699371
2009-04-08,SZ000755,102000,3.921175837826729,8.149999618530273,831299.9610900879
2009-04-08,SZ000878,55200,7.242172248029709,19.76999855041504,1091303.9199829102
2009-04-08,SZ000960,45400,8.812642465782165,18.479999542236328,838991.9792175293
2009-04-08,SZ002097,58900,6.792037438821792,14.90999984741211,878198.9910125732
2009-04-08,SZ002202,24200,16.50495,38.0,919600.0
2009-04-09,SH600008,105800,3.781133732891083,6.139999866485596,649611.985874176
2009-04-09,SH600026,54700,7.302189713811874,11.460000038146973,626862.0020866394
2009-04-09,SH600110,107500,3.7211160286188125,8.010000228881836,861075.0246047974
2009-04-09,SH600117,116200,3.4410320572376247,6.87999963760376,799455.9578895569
2009-04-09,SH600158,120800,3.3109931812524795,10.50999927520752,1269607.9124450684
2009-04-09,SH600307,102500,3.9011703338861468,7.989999771118164,818974.9765396118
2009-04-09,SH600309,47700,8.372510885524749,16.509998321533203,787526.9199371338
2009-04-09,SH600376,83600,4.781433732891083,13.700000762939453,1145320.0637817383
2009-04-09,SH600380,138400,2.8908668664455415,6.139999866485596,849775.9815216064
2009-04-09,SH600432,50800,7.872360408544541,20.30000114440918,1031240.0581359863
2009-04-09,SH600456,42100,9.482843542099,18.880001068115234,794848.0449676514
2009-04-09,SH600595,78800,5.071521171712876,8.3100004196167,654828.0330657959
2009-04-09,SH600748,67700,5.901769618415833,11.220000267028809,759594.0180778503
2009-04-09,SH600804,78500,5.091526675653458,15.049999237060547,1181424.940109253
2009-04-09,SH601111,115900,3.451034809207916,6.210000038146973,719739.0044212341
2009-04-09,SH601168,72700,5.501650000000001,12.59000015258789,915293.0110931396
2009-04-09,SH601588,160000,2.50075,4.429999828338623,708799.9725341797
2009-04-09,SZ000572,162600,2.4607380381584165,4.579999923706055,744707.9875946045
2009-04-09,SZ000581,96300,4.151245095396042,9.699999809265137,934109.9816322327
2009-04-09,SZ000751,168700,2.3707111240148544,6.12999963760376,1034130.9388637543
2009-04-09,SZ000755,102000,3.921175837826729,8.179999351501465,834359.9338531494
2009-04-09,SZ000878,55200,7.242172248029709,20.25,1117800.0
2009-04-09,SZ000960,45400,8.812642465782165,18.549999237060547,842169.9653625488
2009-04-09,SZ002097,58900,6.792037438821792,14.989999771118164,882910.9865188599
2009-04-09,SZ002202,24200,16.50495,39.19999694824219,948639.9261474609
2009-04-10,SH600008,105800,3.781133732891083,6.309999942779541,667597.9939460754
2009-04-10,SH600026,54700,7.302189713811874,11.890000343322754,650383.0187797546
2009-04-10,SH600110,107500,3.7211160286188125,8.399999618530273,902999.9589920044
2009-04-10,SH600117,116200,3.4410320572376247,7.059999942779541,820371.9933509827
2009-04-10,SH600158,120800,3.3109931812524795,10.980000495910645,1326384.0599060059
2009-04-10,SH600307,102500,3.9011703338861468,8.15999984741211,836399.9843597412
2009-04-10,SH600309,47700,8.372510885524749,18.15999984741211,866231.9927215576
2009-04-10,SH600376,83600,4.781433732891083,14.3100004196167,1196316.035079956
2009-04-10,SH600380,138400,2.8908668664455415,6.579999923706055,910671.989440918
2009-04-10,SH600432,50800,7.872360408544541,22.040000915527344,1119632.046508789
2009-04-10,SH600456,42100,9.482843542099,19.889999389648438,837368.9743041992
2009-04-10,SH600595,78800,5.071521171712876,9.140000343322754,720232.027053833
2009-04-10,SH600748,67700,5.901769618415833,11.660000801086426,789382.054233551
2009-04-10,SH600804,78500,5.091526675653458,15.110000610351562,1186135.0479125977
2009-04-10,SH601111,115900,3.451034809207916,6.690000057220459,775371.0066318512
2009-04-10,SH601168,72700,5.501650000000001,13.850000381469727,1006895.0277328491
2009-04-10,SH601588,160000,2.50075,4.539999961853027,726399.9938964844
2009-04-10,SZ000572,162600,2.4607380381584165,4.679999828338623,760967.9720878601
2009-04-10,SZ000581,96300,4.151245095396042,10.0,963000.0
2009-04-10,SZ000751,168700,2.3707111240148544,6.409999370574951,1081366.8938159943
2009-04-10,SZ000755,102000,3.921175837826729,8.469999313354492,863939.9299621582
2009-04-10,SZ000878,55200,7.242172248029709,22.279998779296875,1229855.9326171875
2009-04-10,SZ000960,45400,8.812642465782165,19.44999885559082,883029.9480438232
2009-04-10,SZ002097,58900,6.792037438821792,15.350000381469727,904115.0224685669
2009-04-10,SZ002202,24200,16.50495,42.95000076293945,1039390.0184631348
2009-04-13,SH600008,105800,3.781133732891083,6.570000171661377,695106.0181617737
2009-04-13,SH600026,54700,7.302189713811874,13.079998970031738,715475.9436607361
2009-04-13,SH600110,107500,3.7211160286188125,8.40999984741211,904074.9835968018
2009-04-13,SH600117,116200,3.4410320572376247,7.579999923706055,880795.9911346436
2009-04-13,SH600158,120800,3.3109931812524795,10.930000305175781,1320344.0368652344
2009-04-13,SH600307,102500,3.9011703338861468,8.859999656677246,908149.9648094177
2009-04-13,SH600309,47700,8.372510885524749,18.649999618530273,889604.981803894
2009-04-13,SH600376,83600,4.781433732891083,14.290000915527344,1194644.076538086
2009-04-13,SH600380,138400,2.8908668664455415,6.599999904632568,913439.9868011475
2009-04-13,SH600432,50800,7.872360408544541,23.28999900817871,1183131.9496154785
2009-04-13,SH600456,42100,9.482843542099,20.229999542236328,851682.9807281494
2009-04-13,SH600595,78800,5.071521171712876,10.049999237060547,791939.9398803711
2009-04-13,SH600748,67700,5.901769618415833,11.770000457763672,796829.0309906006
2009-04-13,SH600804,78500,5.091526675653458,15.710000038146973,1233235.0029945374
2009-04-13,SH601111,115900,3.451034809207916,6.980000019073486,808982.0022106171
2009-04-13,SH601168,72700,5.501650000000001,14.1899995803833,1031612.969493866
2009-04-13,SH601588,160000,2.50075,4.579999923706055,732799.9877929688
2009-04-13,SZ000572,162600,2.4607380381584165,4.740000247955322,770724.0403175354
2009-04-13,SZ000581,96300,4.151245095396042,10.389999389648438,1000556.9412231445
2009-04-13,SZ000751,168700,2.3707111240148544,6.460000038146973,1089802.0064353943
2009-04-13,SZ000755,102000,3.921175837826729,8.640000343322754,881280.0350189209
2009-04-13,SZ000878,55200,7.242172248029709,22.34000015258789,1233168.0084228516
2009-04-13,SZ000960,45400,8.812642465782165,19.93000030517578,904822.0138549805
2009-04-13,SZ002097,58900,6.792037438821792,15.769999504089355,928852.970790863
2009-04-13,SZ002202,24200,16.50495,43.150001525878906,1044230.0369262695
2009-04-14,SH600008,105800,3.781133732891083,6.53000020980835,690874.0221977234
2009-04-14,SH600026,54700,7.302189713811874,13.880001068115234,759236.0584259033
2009-04-14,SH600110,107500,3.7211160286188125,8.579999923706055,922349.9917984009
2009-04-14,SH600117,116200,3.4410320572376247,7.460000038146973,866852.0044326782
2009-04-14,SH600158,120800,3.3109931812524795,10.999999046325684,1328799.8847961426
2009-04-14,SH600307,102500,3.9011703338861468,8.789999961853027,900974.9960899353
2009-04-14,SH600309,47700,8.372510885524749,18.18000030517578,867186.0145568848
2009-04-14,SH600376,83600,4.781433732891083,14.779999732971191,1235607.9776763916
2009-04-14,SH600380,138400,2.8908668664455415,6.980000019073486,966032.0026397705
2009-04-14,SH600432,50800,7.872360408544541,23.130001068115234,1175004.054260254
2009-04-14,SH600456,42100,9.482843542099,20.14000129699707,847894.0546035767
2009-04-14,SH600595,78800,5.071521171712876,10.059999465942383,792727.9579162598
2009-04-14,SH600748,67700,5.901769618415833,12.710000038146973,860467.00258255
2009-04-14,SH600804,78500,5.091526675653458,16.59000015258789,1302315.0119781494
2009-04-14,SH601111,115900,3.451034809207916,6.970000267028809,807823.0309486389
2009-04-14,SH601168,72700,5.501650000000001,14.09000015258789,1024343.0110931396
2009-04-14,SH601588,160000,2.50075,4.640000343322754,742400.0549316406
2009-04-14,SZ000572,162600,2.4607380381584165,5.2099995613098145,847145.9286689758
2009-04-14,SZ000581,96300,4.151245095396042,11.0,1059300.0
2009-04-14,SZ000751,168700,2.3707111240148544,6.349999904632568,1071244.9839115143
2009-04-14,SZ000755,102000,3.921175837826729,8.460000038146973,862920.0038909912
2009-04-14,SZ000878,55200,7.242172248029709,21.93000030517578,1210536.0168457031
2009-04-14,SZ000960,45400,8.812642465782165,19.59000015258789,889386.0069274902
2009-04-14,SZ002097,58900,6.792037438821792,16.479999542236328,970671.9730377197
2009-04-14,SZ002202,24200,16.50495,43.150001525878906,1044230.0369262695
2009-04-15,SH600008,105800,3.781133732891083,6.699999809265137,708859.9798202515
2009-04-15,SH600026,54700,7.302189713811874,14.370000839233398,786039.0459060669
2009-04-15,SH600110,107500,3.7211160286188125,8.510000228881836,914825.0246047974
2009-04-15,SH600117,116200,3.4410320572376247,7.519999980926514,873823.9977836609
2009-04-15,SH600158,120800,3.3109931812524795,10.909998893737793,1317927.8663635254
2009-04-15,SH600307,102500,3.9011703338861468,8.74000072479248,895850.0742912292
2009-04-15,SH600309,47700,8.372510885524749,18.760000228881836,894852.0109176636
2009-04-15,SH600376,83600,4.781433732891083,14.420000076293945,1205512.0063781738
2009-04-15,SH600380,138400,2.8908668664455415,6.730000019073486,931432.0026397705
2009-04-15,SH600432,50800,7.872360408544541,25.440000534057617,1292352.027130127
2009-04-15,SH600456,42100,9.482843542099,21.56999969482422,908096.9871520996
2009-04-15,SH600595,78800,5.071521171712876,10.34999942779541,815579.9549102783
2009-04-15,SH600748,67700,5.901769618415833,12.850000381469727,869945.0258255005
2009-04-15,SH600804,78500,5.091526675653458,17.06999969482422,1339994.9760437012
2009-04-15,SH601111,115900,3.451034809207916,6.739999771118164,781165.9734725952
2009-04-15,SH601168,72700,5.501650000000001,14.799999237060547,1075959.9445343018
2009-04-15,SH601588,160000,2.50075,4.590000152587891,734400.0244140625
2009-04-15,SZ000572,162600,2.4607380381584165,5.7300004959106445,931698.0806350708
2009-04-15,SZ000581,96300,4.151245095396042,12.100000381469727,1165230.0367355347
2009-04-15,SZ000751,168700,2.3707111240148544,6.349999904632568,1071244.9839115143
2009-04-15,SZ000755,102000,3.921175837826729,8.359999656677246,852719.9649810791
2009-04-15,SZ000878,55200,7.242172248029709,22.170001983642578,1223784.1094970703
2009-04-15,SZ000960,45400,8.812642465782165,20.579999923706055,934331.9965362549
2009-04-15,SZ002097,58900,6.792037438821792,16.46000099182129,969494.0584182739
2009-04-15,SZ002202,24200,16.50495,42.78999710083008,1035517.9298400879
2009-04-16,SH600008,105800,3.781133732891083,6.609999656677246,699337.9636764526
2009-04-16,SH600026,54700,7.302189713811874,14.579998970031738,797525.9436607361
2009-04-16,SH600110,107500,3.7211160286188125,8.679999351501465,933099.9302864075
2009-04-16,SH600117,116200,3.4410320572376247,8.020000457763672,931924.0531921387
2009-04-16,SH600158,120800,3.3109931812524795,11.15999984741211,1348127.9815673828
2009-04-16,SH600307,102500,3.9011703338861468,9.059999465942383,928649.9452590942
2009-04-16,SH600309,47700,8.372510885524749,18.270000457763672,871479.0218353271
2009-04-16,SH600376,83600,4.781433732891083,13.930000305175781,1164548.0255126953
2009-04-16,SH600380,138400,2.8908668664455415,6.940000057220459,960496.0079193115
2009-04-16,SH600432,50800,7.872360408544541,27.98000144958496,1421384.073638916
2009-04-16,SH600456,42100,9.482843542099,22.389999389648438,942618.9743041992
2009-04-16,SH600595,78800,5.071521171712876,10.640000343322754,838432.027053833
2009-04-16,SH600748,67700,5.901769618415833,13.250000953674316,897025.0645637512
2009-04-16,SH600804,78500,5.091526675653458,16.529998779296875,1297604.9041748047
2009-04-16,SH601111,115900,3.451034809207916,6.609999656677246,766098.9602088928
2009-04-16,SH601168,72700,5.501650000000001,15.859999656677246,1153021.9750404358
2009-04-16,SH601588,160000,2.50075,4.720000267028809,755200.0427246094
2009-04-16,SZ000572,162600,2.4607380381584165,5.830000400543213,947958.0651283264
2009-04-16,SZ000581,96300,4.151245095396042,11.699999809265137,1126709.9816322327
2009-04-16,SZ000751,168700,2.3707111240148544,6.03000020980835,1017261.0353946686
2009-04-16,SZ000755,102000,3.921175837826729,8.469999313354492,863939.9299621582
2009-04-16,SZ000878,55200,7.242172248029709,22.029998779296875,1216055.9326171875
2009-04-16,SZ000960,45400,8.812642465782165,21.059999465942383,956123.9757537842
2009-04-16,SZ002097,58900,6.792037438821792,16.81999969482422,990697.9820251465
2009-04-16,SZ002202,24200,16.50495,42.59000015258789,1030678.003692627
2009-04-17,SH600008,105800,3.781133732891083,6.609999656677246,699337.9636764526
2009-04-17,SH600026,54700,7.302189713811874,13.460000038146973,736262.0020866394
2009-04-17,SH600110,107500,3.7211160286188125,8.319999694824219,894399.9671936035
2009-04-17,SH600117,116200,3.4410320572376247,7.539999961853027,876147.9955673218
2009-04-17,SH600158,120800,3.3109931812524795,10.559999465942383,1275647.9354858398
2009-04-17,SH600307,102500,3.9011703338861468,8.609999656677246,882524.9648094177
2009-04-17,SH600309,47700,8.372510885524749,17.850000381469727,851445.018196106
2009-04-17,SH600376,83600,4.781433732891083,13.930000305175781,1164548.0255126953
2009-04-17,SH600380,138400,2.8908668664455415,7.179999828338623,993711.9762420654
2009-04-17,SH600432,50800,7.872360408544541,26.53999900817871,1348231.9496154785
2009-04-17,SH600456,42100,9.482843542099,21.19999885559082,892519.9518203735
2009-04-17,SH600595,78800,5.071521171712876,10.09999942779541,795879.9549102783
2009-04-17,SH600748,67700,5.901769618415833,12.539999008178711,848957.9328536987
2009-04-17,SH600804,78500,5.091526675653458,15.90000057220459,1248150.0449180603
2009-04-17,SH601111,115900,3.451034809207916,6.710000038146973,777689.0044212341
2009-04-17,SH601168,72700,5.501650000000001,15.289999961853027,1111582.997226715
2009-04-17,SH601588,160000,2.50075,4.670000076293945,747200.0122070312
2009-04-17,SZ000572,162600,2.4607380381584165,5.5,894300.0
2009-04-17,SZ000581,96300,4.151245095396042,12.0,1155600.0
2009-04-17,SZ000751,168700,2.3707111240148544,5.730000019073486,966651.0032176971
2009-04-17,SZ000755,102000,3.921175837826729,8.199999809265137,836399.980545044
2009-04-17,SZ000878,55200,7.242172248029709,20.889999389648438,1153127.9663085938
2009-04-17,SZ000960,45400,8.812642465782165,20.42999839782715,927521.9272613525
2009-04-17,SZ002097,58900,6.792037438821792,16.1200008392334,949468.0494308472
2009-04-17,SZ002202,24200,16.50495,43.249996185302734,1046649.9076843262
2009-04-20,SH600008,105800,3.781133732891083,6.819999694824219,721555.9677124023
2009-04-20,SH600026,54700,7.302189713811874,14.610000610351562,799167.0333862305
2009-04-20,SH600110,107500,3.7211160286188125,9.149999618530273,983624.9589920044
2009-04-20,SH600117,116200,3.4410320572376247,7.699999809265137,894739.9778366089
2009-04-20,SH600158,120800,3.3109931812524795,10.640000343322754,1285312.0414733887
2009-04-20,SH600307,102500,3.9011703338861468,8.75999927520752,897899.9257087708
2009-04-20,SH600309,47700,8.372510885524749,19.270000457763672,919179.0218353271
2009-04-20,SH600376,83600,4.781433732891083,14.059999465942383,1175415.9553527832
2009-04-20,SH600380,138400,2.8908668664455415,7.080000400543213,979872.0554351807
2009-04-20,SH600432,50800,7.872360408544541,26.8799991607666,1365503.9573669434
2009-04-20,SH600456,42100,9.482843542099,21.75,915675.0
2009-04-20,SH600595,78800,5.071521171712876,10.179999351501465,802183.9488983154
2009-04-20,SH600748,67700,5.901769618415833,13.050000190734863,883485.0129127502
2009-04-20,SH600804,78500,5.091526675653458,15.90000057220459,1248150.0449180603
2009-04-20,SH601111,115900,3.451034809207916,7.289999961853027,844910.9955787659
2009-04-20,SH601168,72700,5.501650000000001,15.59999942779541,1134119.9584007263
2009-04-20,SH601588,160000,2.50075,4.889999866485596,782399.9786376953
2009-04-20,SZ000572,162600,2.4607380381584165,5.700000286102295,926820.0465202332
2009-04-20,SZ000581,96300,4.151245095396042,11.300000190734863,1088190.0183677673
2009-04-20,SZ000751,168700,2.3707111240148544,5.730000019073486,966651.0032176971
2009-04-20,SZ000755,102000,3.921175837826729,8.3100004196167,847620.0428009033
2009-04-20,SZ000878,55200,7.242172248029709,20.899999618530273,1153679.978942871
2009-04-20,SZ000960,45400,8.812642465782165,21.200000762939453,962480.0346374512
2009-04-20,SZ002097,58900,6.792037438821792,16.43000030517578,967727.0179748535
2009-04-20,SZ002202,24200,16.50495,43.80000305175781,1059960.073852539
2009-04-21,SH600008,105800,3.781133732891083,6.7699995040893555,716265.9475326538
2009-04-21,SH600026,54700,7.302189713811874,14.40000057220459,787680.0312995911
2009-04-21,SH600110,107500,3.7211160286188125,9.1899995803833,987924.9548912048
2009-04-21,SH600117,116200,3.4410320572376247,7.589999675750732,881957.9623222351
2009-04-21,SH600158,120800,3.3109931812524795,10.480000495910645,1265984.0599060059
2009-04-21,SH600307,102500,3.9011703338861468,8.59000015258789,880475.0156402588
2009-04-21,SH600309,47700,8.372510885524749,19.40999984741211,925856.9927215576
2009-04-21,SH600376,83600,4.781433732891083,13.579998970031738,1135287.9138946533
2009-04-21,SH600380,138400,2.8908668664455415,6.87999963760376,952191.9498443604
2009-04-21,SH600432,50800,7.872360408544541,25.959999084472656,1318767.953491211
2009-04-21,SH600456,42100,9.482843542099,21.75,915675.0
2009-04-21,SH600595,78800,5.071521171712876,9.949999809265137,784059.9849700928
2009-04-21,SH600748,67700,5.901769618415833,13.239999771118164,896347.9845046997
2009-04-21,SH600804,78500,5.091526675653458,16.420000076293945,1288970.0059890747
2009-04-21,SH601111,115900,3.451034809207916,7.210000038146973,835639.0044212341
2009-04-21,SH601168,72700,5.501650000000001,15.239999771118164,1107947.9833602905
2009-04-21,SH601588,160000,2.50075,4.900000095367432,784000.0152587891
2009-04-21,SZ000572,162600,2.4607380381584165,5.569999694824219,905681.950378418
2009-04-21,SZ000581,96300,4.151245095396042,10.880001068115234,1047744.1028594971
2009-04-21,SZ000751,168700,2.3707111240148544,5.46999979019165,922788.9646053314
2009-04-21,SZ000755,102000,3.921175837826729,8.149999618530273,831299.9610900879
2009-04-21,SZ000878,55200,7.242172248029709,20.399999618530273,1126079.978942871
2009-04-21,SZ000960,45400,8.812642465782165,21.0,953400.0
2009-04-21,SZ002097,58900,6.792037438821792,15.989998817443848,941810.9303474426
2009-04-21,SZ002202,24200,16.50495,44.25,1070850.0
2009-04-22,SH600008,105800,3.781133732891083,6.5,687700.0
2009-04-22,SH600026,54700,7.302189713811874,13.419999122619629,734073.9520072937
2009-04-22,SH600110,107500,3.7211160286188125,8.539999961853027,918049.9958992004
2009-04-22,SH600117,116200,3.4410320572376247,7.190000057220459,835478.0066490173
2009-04-22,SH600158,120800,3.3109931812524795,9.739999771118164,1176591.9723510742
2009-04-22,SH600307,102500,3.9011703338861468,8.109999656677246,831274.9648094177
2009-04-22,SH600309,47700,8.372510885524749,17.89999771118164,853829.8908233643
2009-04-22,SH600376,83600,4.781433732891083,13.600000381469727,1136960.0318908691
2009-04-22,SH600380,138400,2.8908668664455415,6.330000400543213,876072.0554351807
2009-04-22,SH600432,50800,7.872360408544541,23.3700008392334,1187196.0426330566
2009-04-22,SH600456,42100,9.482843542099,19.579999923706055,824317.9967880249
2009-04-22,SH600595,78800,5.071521171712876,9.440000534057617,743872.0420837402
2009-04-22,SH600748,67700,5.901769618415833,13.290000915527344,899733.0619812012
2009-04-22,SH600804,78500,5.091526675653458,15.329999923706055,1203404.9940109253
2009-04-22,SH601111,115900,3.451034809207916,6.809999465942383,789278.9381027222
2009-04-22,SH601168,72700,5.501650000000001,13.720000267028809,997444.0194129944
2009-04-22,SH601588,160000,2.50075,4.559999942779541,729599.9908447266
2009-04-22,SZ000572,162600,2.4607380381584165,5.190000057220459,843894.0093040466
2009-04-22,SZ000581,96300,4.151245095396042,10.40999984741211,1002482.9853057861
2009-04-22,SZ000751,168700,2.3707111240148544,5.199999809265137,877239.9678230286
2009-04-22,SZ000755,102000,3.921175837826729,7.579999923706055,773159.9922180176
2009-04-22,SZ000878,55200,7.242172248029709,19.1200008392334,1055424.0463256836
2009-04-22,SZ000960,45400,8.812642465782165,19.170000076293945,870318.0034637451
2009-04-22,SZ002097,58900,6.792037438821792,15.519999504089355,914127.970790863
2009-04-22,SZ002202,24200,16.50495,43.20000076293945,1045440.0184631348
2009-04-23,SH600008,105800,3.781133732891083,6.420000076293945,679236.0080718994
2009-04-23,SH600026,54700,7.302189713811874,13.549999237060547,741184.9582672119
2009-04-23,SH600110,107500,3.7211160286188125,8.899999618530273,956749.9589920044
2009-04-23,SH600117,116200,3.4410320572376247,7.03000020980835,816886.0243797302
2009-04-23,SH600158,120800,3.3109931812524795,9.449999809265137,1141559.9769592285
2009-04-23,SH600307,102500,3.9011703338861468,8.0,820000.0
2009-04-23,SH600309,47700,8.372510885524749,18.18000030517578,867186.0145568848
2009-04-23,SH600376,83600,4.781433732891083,13.700000762939453,1145320.0637817383
2009-04-23,SH600380,138400,2.8908668664455415,6.440000057220459,891296.0079193115
2009-04-23,SH600432,50800,7.872360408544541,24.5,1244600.0
2009-04-23,SH600456,42100,9.482843542099,19.389999389648438,816318.9743041992
2009-04-23,SH600595,78800,5.071521171712876,9.649999618530273,760419.9699401855
2009-04-23,SH600748,67700,5.901769618415833,13.920000076293945,942384.0051651001
2009-04-23,SH600804,78500,5.091526675653458,15.829999923706055,1242654.9940109253
2009-04-23,SH601111,115900,3.451034809207916,6.840000152587891,792756.0176849365
2009-04-23,SH601168,72700,5.501650000000001,13.8100004196167,1003987.030506134
2009-04-23,SH601588,160000,2.50075,4.559999942779541,729599.9908447266
2009-04-23,SZ000572,162600,2.4607380381584165,5.28000020980835,858528.0341148376
2009-04-23,SZ000581,96300,4.151245095396042,10.779999732971191,1038113.9742851257
2009-04-23,SZ000751,168700,2.3707111240148544,5.110000133514404,862057.02252388
2009-04-23,SZ000755,102000,3.921175837826729,7.740000247955322,789480.0252914429
2009-04-23,SZ000878,55200,7.242172248029709,20.25,1117800.0
2009-04-23,SZ000960,45400,8.812642465782165,19.470001220703125,883938.0554199219
2009-04-23,SZ002097,58900,6.792037438821792,14.970000267028809,881733.0157279968
2009-04-23,SZ002202,24200,16.50495,42.70000076293945,1033340.0184631348
2009-04-24,SH600008,105800,3.781133732891083,6.199999809265137,655959.9798202515
2009-04-24,SH600026,54700,7.302189713811874,12.889999389648438,705082.9666137695
2009-04-24,SH600110,107500,3.7211160286188125,8.6899995803833,934174.9548912048
2009-04-24,SH600117,116200,3.4410320572376247,7.0400004386901855,818048.0509757996
2009-04-24,SH600158,120800,3.3109931812524795,9.220000267028809,1113776.03225708
2009-04-24,SH600307,102500,3.9011703338861468,7.910000324249268,810775.0332355499
2009-04-24,SH600309,47700,8.372510885524749,18.09000015258789,862893.0072784424
2009-04-24,SH600376,83600,4.781433732891083,13.799999237060547,1153679.9362182617
2009-04-24,SH600380,138400,2.8908668664455415,6.369999885559082,881607.984161377
2009-04-24,SH600432,50800,7.872360408544541,23.529998779296875,1195323.9379882812
2009-04-24,SH600456,42100,9.482843542099,18.69999885559082,787269.9518203735
2009-04-24,SH600595,78800,5.071521171712876,9.380000114440918,739144.0090179443
2009-04-24,SH600748,67700,5.901769618415833,13.649999618530273,924104.9741744995
2009-04-24,SH600804,78500,5.091526675653458,15.329999923706055,1203404.9940109253
2009-04-24,SH601111,115900,3.451034809207916,6.680000305175781,774212.035369873
2009-04-24,SH601168,72700,5.501650000000001,13.330000877380371,969091.063785553
2009-04-24,SH601588,160000,2.50075,4.450000286102295,712000.0457763672
2009-04-24,SZ000572,162600,2.4607380381584165,5.2099995613098145,847145.9286689758
2009-04-24,SZ000581,96300,4.151245095396042,10.479999542236328,1009223.9559173584
2009-04-24,SZ000751,168700,2.3707111240148544,5.150000095367432,868805.0160884857
2009-04-24,SZ000755,102000,3.921175837826729,7.369999885559082,751739.9883270264
2009-04-24,SZ000878,55200,7.242172248029709,19.43000030517578,1072536.0168457031
2009-04-24,SZ000960,45400,8.812642465782165,18.880001068115234,857152.0484924316
2009-04-24,SZ002097,58900,6.792037438821792,14.710000038146973,866419.0022468567
2009-04-24,SZ002202,24200,16.50495,30.76999855041504,744633.964920044
2009-04-27,SH600008,105800,3.781133732891083,5.940000057220459,628452.0060539246
2009-04-27,SH600026,54700,7.302189713811874,12.09000015258789,661323.0083465576
2009-04-27,SH600110,107500,3.7211160286188125,8.59000015258789,923425.0164031982
2009-04-27,SH600117,116200,3.4410320572376247,6.579999923706055,764595.9911346436
2009-04-27,SH600158,120800,3.3109931812524795,9.180000305175781,1108944.0368652344
2009-04-27,SH600307,102500,3.9011703338861468,7.329999923706055,751324.9921798706
2009-04-27,SH600309,47700,8.372510885524749,17.48000144958496,833796.0691452026
2009-04-27,SH600376,83600,4.781433732891083,13.319999694824219,1113551.9744873047
2009-04-27,SH600380,138400,2.8908668664455415,6.2699995040893555,867767.9313659668
2009-04-27,SH600432,50800,7.872360408544541,22.760000228881836,1156208.0116271973
2009-04-27,SH600456,42100,9.482843542099,17.94999885559082,755694.9518203735
2009-04-27,SH600595,78800,5.071521171712876,9.030000686645508,711564.054107666
2009-04-27,SH600748,67700,5.901769618415833,13.09999942779541,886869.9612617493
2009-04-27,SH600804,78500,5.091526675653458,14.710000038146973,1154735.0029945374
2009-04-27,SH601111,115900,3.451034809207916,6.269999980926514,726692.9977893829
2009-04-27,SH601168,72700,5.501650000000001,12.930000305175781,940011.0221862793
2009-04-27,SH601588,160000,2.50075,4.299999713897705,687999.9542236328
2009-04-27,SZ000572,162600,2.4607380381584165,4.900000095367432,796740.0155067444
2009-04-27,SZ000581,96300,4.151245095396042,9.899999618530273,953369.9632644653
2009-04-27,SZ000751,168700,2.3707111240148544,5.119999408721924,863743.9002513885
2009-04-27,SZ000755,102000,3.921175837826729,6.980000019073486,711960.0019454956
2009-04-27,SZ000878,55200,7.242172248029709,19.43000030517578,1072536.0168457031
2009-04-27,SZ000960,45400,8.812642465782165,17.910001754760742,813114.0796661377
2009-04-27,SZ002097,58900,6.792037438821792,13.999999046325684,824599.9438285828
2009-04-27,SZ002202,24200,16.50495,28.920000076293945,699864.0018463135
2009-04-28,SH600008,105800,3.781133732891083,6.019999980926514,636915.9979820251
2009-04-28,SH600026,54700,7.302189713811874,12.210000038146973,667887.0020866394
2009-04-28,SH600110,107500,3.7211160286188125,8.300000190734863,892250.0205039978
2009-04-28,SH600117,116200,3.4410320572376247,6.730000019073486,782026.0022163391
2009-04-28,SH600158,120800,3.3109931812524795,9.180000305175781,1108944.0368652344
2009-04-28,SH600307,102500,3.9011703338861468,7.340000629425049,752350.0645160675
2009-04-28,SH600309,47700,8.372510885524749,16.969999313354492,809468.9672470093
2009-04-28,SH600376,83600,4.781433732891083,13.25,1107700.0
2009-04-28,SH600380,138400,2.8908668664455415,6.78000020980835,938352.0290374756
2009-04-28,SH600432,50800,7.872360408544541,22.920000076293945,1164336.0038757324
2009-04-28,SH600456,42100,9.482843542099,18.06999969482422,760746.9871520996
2009-04-28,SH600595,78800,5.071521171712876,9.229999542236328,727323.9639282227
2009-04-28,SH600748,67700,5.901769618415833,12.59999942779541,853019.9612617493
2009-04-28,SH600804,78500,5.091526675653458,14.8100004196167,1162585.032939911
2009-04-28,SH601111,115900,3.451034809207916,6.099999904632568,706989.9889469147
2009-04-28,SH601168,72700,5.501650000000001,13.320000648498535,968364.0471458435
2009-04-28,SH601588,160000,2.50075,4.389999866485596,702399.9786376953
2009-04-28,SZ000572,162600,2.4607380381584165,5.039999961853027,819503.9937973022
2009-04-28,SZ000581,96300,4.151245095396042,10.020000457763672,964926.0440826416
2009-04-28,SZ000751,168700,2.3707111240148544,5.050000190734863,851935.0321769714
2009-04-28,SZ000755,102000,3.921175837826729,7.070000171661377,721140.0175094604
2009-04-28,SZ000878,55200,7.242172248029709,19.43000030517578,1072536.0168457031
2009-04-28,SZ000960,45400,8.812642465782165,18.139999389648438,823555.9722900391
2009-04-28,SZ002097,58900,6.792037438821792,14.289999961853027,841680.9977531433
2009-04-28,SZ002202,24200,16.50495,28.25,683650.0
2009-04-29,SH600008,105800,3.781133732891083,6.239999771118164,660191.9757843018
2009-04-29,SH600026,54700,7.302189713811874,12.609999656677246,689766.9812202454
2009-04-29,SH600110,107500,3.7211160286188125,8.819999694824219,948149.9671936035
2009-04-29,SH600117,116200,3.4410320572376247,6.910000324249268,802942.0376777649
2009-04-29,SH600158,120800,3.3109931812524795,9.40000057220459,1135520.0691223145
2009-04-29,SH600307,102500,3.9011703338861468,7.5400004386901855,772850.044965744
2009-04-29,SH600309,47700,8.372510885524749,17.56999969482422,838088.9854431152
2009-04-29,SH600376,83600,4.781433732891083,14.479999542236328,1210527.961730957
2009-04-29,SH600380,138400,2.8908668664455415,6.610000133514404,914824.0184783936
2009-04-29,SH600432,50800,7.872360408544541,24.219999313354492,1230375.9651184082
2009-04-29,SH600456,42100,9.482843542099,18.68000030517578,786428.0128479004
2009-04-29,SH600595,78800,5.071521171712876,9.489999771118164,747811.9819641113
2009-04-29,SH600748,67700,5.901769618415833,13.690000534057617,926813.0361557007
2009-04-29,SH600804,78500,5.091526675653458,15.220001220703125,1194770.0958251953
2009-04-29,SH601111,115900,3.451034809207916,6.520000457763672,755668.0530548096
2009-04-29,SH601168,72700,5.501650000000001,13.59000015258789,987993.0110931396
2009-04-29,SH601588,160000,2.50075,4.539999961853027,726399.9938964844
2009-04-29,SZ000572,162600,2.4607380381584165,5.200000286102295,845520.0465202332
2009-04-29,SZ000581,96300,4.151245095396042,10.5,1011150.0
2009-04-29,SZ000751,168700,2.3707111240148544,5.0400004386901855,850248.0740070343
2009-04-29,SZ000755,102000,3.921175837826729,7.220000743865967,736440.0758743286
2009-04-29,SZ000878,55200,7.242172248029709,19.15999984741211,1057631.9915771484
2009-04-29,SZ000960,45400,8.812642465782165,18.53999900817871,841715.9549713135
2009-04-29,SZ002097,58900,6.792037438821792,14.600001335144043,859940.0786399841
2009-04-29,SZ002202,24200,16.50495,29.25,707850.0
2009-04-30,SH600008,105800,3.781133732891083,6.259999752044678,662307.9737663269
2009-04-30,SH600026,54700,7.302189713811874,12.530000686645508,685391.0375595093
2009-04-30,SH600110,107500,3.7211160286188125,9.0,967500.0
2009-04-30,SH600117,116200,3.4410320572376247,6.869999885559082,798293.9867019653
2009-04-30,SH600158,120800,3.3109931812524795,9.3100004196167,1124648.0506896973
2009-04-30,SH600307,102500,3.9011703338861468,7.649999618530273,784124.960899353
2009-04-30,SH600309,47700,8.372510885524749,18.09000015258789,862893.0072784424
2009-04-30,SH600376,83600,4.781433732891083,15.079999923706055,1260687.9936218262
2009-04-30,SH600380,138400,2.8908668664455415,6.639999866485596,918975.9815216064
2009-04-30,SH600432,50800,7.872360408544541,24.489999771118164,1244091.9883728027
2009-04-30,SH600456,42100,9.482843542099,18.65999984741211,785585.9935760498
2009-04-30,SH600595,78800,5.071521171712876,9.550000190734863,752540.0150299072
2009-04-30,SH600748,67700,5.901769618415833,15.059999465942383,1019561.9638442993
2009-04-30,SH600804,78500,5.091526675653458,15.610001564025879,1225385.1227760315
2009-04-30,SH601111,115900,3.451034809207916,6.680000305175781,774212.035369873
2009-04-30,SH601168,72700,5.501650000000001,13.6899995803833,995262.969493866
2009-04-30,SH601588,160000,2.50075,4.640000343322754,742400.0549316406
2009-04-30,SZ000572,162600,2.4607380381584165,5.289999961853027,860153.9937973022
2009-04-30,SZ000581,96300,4.151245095396042,10.84999942779541,1044854.944896698
2009-04-30,SZ000751,168700,2.3707111240148544,5.119999408721924,863743.9002513885
2009-04-30,SZ000755,102000,3.921175837826729,7.349999904632568,749699.990272522
2009-04-30,SZ000878,55200,7.242172248029709,19.219999313354492,1060943.962097168
2009-04-30,SZ000960,45400,8.812642465782165,18.520000457763672,840808.0207824707
2009-04-30,SZ002097,58900,6.792037438821792,14.880000114440918,876432.0067405701
2009-04-30,SZ002202,24200,16.50495,29.69999885559082,718739.9723052979
2009-05-04,SH600008,105800,3.781133732891083,6.449999809265137,682409.9798202515
2009-05-04,SH600026,54700,7.302189713811874,13.5,738450.0
2009-05-04,SH600110,107500,3.7211160286188125,9.1899995803833,987924.9548912048
2009-05-04,SH600117,116200,3.4410320572376247,7.440000057220459,864528.0066490173
2009-05-04,SH600158,120800,3.3109931812524795,9.749999046325684,1177799.8847961426
2009-05-04,SH600307,102500,3.9011703338861468,8.420000076293945,863050.0078201294
2009-05-04,SH600309,47700,8.372510885524749,18.520000457763672,883404.0218353271
2009-05-04,SH600376,83600,4.781433732891083,16.59000015258789,1386924.0127563477
2009-05-04,SH600380,138400,2.8908668664455415,6.840000629425049,946656.0871124268
2009-05-04,SH600432,50800,7.872360408544541,24.489999771118164,1244091.9883728027
2009-05-04,SH600456,42100,9.482843542099,19.520002365112305,821792.099571228
2009-05-04,SH600595,78800,5.071521171712876,9.550000190734863,752540.0150299072
2009-05-04,SH600748,67700,5.901769618415833,15.589999198913574,1055442.945766449
2009-05-04,SH600804,78500,5.091526675653458,16.469999313354492,1292894.9460983276
2009-05-04,SH601111,115900,3.451034809207916,6.909999847412109,800868.9823150635
2009-05-04,SH601168,72700,5.501650000000001,14.550000190734863,1057785.0138664246
2009-05-04,SH601588,160000,2.50075,4.849999904632568,775999.9847412109
2009-05-04,SZ000572,162600,2.4607380381584165,5.390000343322754,876414.0558242798
2009-05-04,SZ000581,96300,4.151245095396042,11.350000381469727,1093005.0367355347
2009-05-04,SZ000751,168700,2.3707111240148544,5.309999942779541,895796.9903469086
2009-05-04,SZ000755,102000,3.921175837826729,7.87999963760376,803759.9630355835
2009-05-04,SZ000878,55200,7.242172248029709,20.260000228881836,1118352.0126342773
2009-05-04,SZ000960,45400,8.812642465782165,20.369998931884766,924797.9515075684
2009-05-04,SZ002097,58900,6.792037438821792,15.219999313354492,896457.9595565796
2009-05-04,SZ002202,24200,16.50495,30.349998474121094,734469.9630737305
2009-05-05,SH600008,105800,3.781133732891083,6.480000019073486,685584.0020179749
2009-05-05,SH600026,54700,7.302189713811874,13.539999961853027,740637.9979133606
2009-05-05,SH600110,107500,3.7211160286188125,9.370000839233398,1007275.0902175903
2009-05-05,SH600117,116200,3.4410320572376247,7.360000133514404,855232.0155143738
2009-05-05,SH600158,120800,3.3109931812524795,9.800000190734863,1183840.0230407715
2009-05-05,SH600307,102500,3.9011703338861468,8.59999942779541,881499.9413490295
2009-05-05,SH600309,47700,8.372510885524749,18.98000144958496,905346.0691452026
2009-05-05,SH600376,83600,4.781433732891083,17.139999389648438,1432903.9489746094
2009-05-05,SH600380,138400,2.8908668664455415,6.7599992752075195,935583.8996887207
2009-05-05,SH600432,50800,7.872360408544541,25.649999618530273,1303019.980621338
2009-05-05,SH600456,42100,9.482843542099,19.80000114440918,833580.0481796265
2009-05-05,SH600595,78800,5.071521171712876,9.880000114440918,778544.0090179443
2009-05-05,SH600748,67700,5.901769618415833,16.209999084472656,1097416.9380187988
2009-05-05,SH600804,78500,5.091526675653458,16.719999313354492,1312519.9460983276
2009-05-05,SH601111,115900,3.451034809207916,7.21999979019165,836797.9756832123
2009-05-05,SH601168,72700,5.501650000000001,14.389999389648438,1046152.9556274414
2009-05-05,SH601588,160000,2.50075,4.829999923706055,772799.9877929688
2009-05-05,SZ000572,162600,2.4607380381584165,5.480000019073486,891048.0031013489
2009-05-05,SZ000581,96300,4.151245095396042,11.499999046325684,1107449.9081611633
2009-05-05,SZ000751,168700,2.3707111240148544,5.28000020980835,890736.0353946686
2009-05-05,SZ000755,102000,3.921175837826729,8.1899995803833,835379.9571990967
2009-05-05,SZ000878,55200,7.242172248029709,19.959999084472656,1101791.9494628906
2009-05-05,SZ000960,45400,8.812642465782165,20.329999923706055,922981.9965362549
2009-05-05,SZ002097,58900,6.792037438821792,15.280000686645508,899992.0404434204
2009-05-05,SZ002202,24200,16.50495,31.880001068115234,771496.0258483887
2009-05-06,SH600008,105800,3.781133732891083,6.579999923706055,696163.9919281006
2009-05-06,SH600026,54700,7.302189713811874,13.930000305175781,761971.0166931152
2009-05-06,SH600110,107500,3.7211160286188125,10.3100004196167,1108325.0451087952
2009-05-06,SH600117,116200,3.4410320572376247,7.509999752044678,872661.9711875916
2009-05-06,SH600158,120800,3.3109931812524795,9.84000015258789,1188672.0184326172
2009-05-06,SH600307,102500,3.9011703338861468,8.780000686645508,899950.0703811646
2009-05-06,SH600309,47700,8.372510885524749,19.599998474121094,934919.9272155762
2009-05-06,SH600376,83600,4.781433732891083,17.709999084472656,1480555.923461914
2009-05-06,SH600380,138400,2.8908668664455415,6.940000057220459,960496.0079193115
2009-05-06,SH600432,50800,7.872360408544541,27.210002899169922,1382268.147277832
2009-05-06,SH600456,42100,9.482843542099,20.26000213623047,852946.0899353027
2009-05-06,SH600595,78800,5.071521171712876,10.149999618530273,799819.9699401855
2009-05-06,SH600748,67700,5.901769618415833,16.240001678466797,1099448.1136322021
2009-05-06,SH600804,78500,5.091526675653458,17.280000686645508,1356480.0539016724
2009-05-06,SH601111,115900,3.451034809207916,7.25,840275.0
2009-05-06,SH601168,72700,5.501650000000001,14.510000228881836,1054877.0166397095
2009-05-06,SH601588,160000,2.50075,5.059999942779541,809599.9908447266
2009-05-06,SZ000572,162600,2.4607380381584165,5.480000019073486,891048.0031013489
2009-05-06,SZ000581,96300,4.151245095396042,11.739999771118164,1130561.9779586792
2009-05-06,SZ000751,168700,2.3707111240148544,5.359999656677246,904231.9420814514
2009-05-06,SZ000755,102000,3.921175837826729,8.559999465942383,873119.945526123
2009-05-06,SZ000878,55200,7.242172248029709,20.3799991607666,1124975.9536743164
2009-05-06,SZ000960,45400,8.812642465782165,20.98000144958496,952492.0658111572
2009-05-06,SZ002097,58900,6.792037438821792,15.40999984741211,907648.9910125732
2009-05-06,SZ002202,24200,16.50495,35.070003509521484,848694.0849304199
2009-05-07,SH600008,105800,3.781133732891083,6.329999923706055,669713.9919281006
2009-05-07,SH600026,54700,7.302189713811874,13.960000038146973,763612.0020866394
2009-05-07,SH600110,107500,3.7211160286188125,10.269999504089355,1104024.9466896057
2009-05-07,SH600117,116200,3.4410320572376247,7.509999752044678,872661.9711875916
2009-05-07,SH600158,120800,3.3109931812524795,9.480000495910645,1145184.0599060059
2009-05-07,SH600307,102500,3.9011703338861468,9.039999961853027,926599.9960899353
2009-05-07,SH600309,47700,8.372510885524749,19.190000534057617,915363.0254745483
2009-05-07,SH600376,83600,4.781433732891083,17.299999237060547,1446279.9362182617
2009-05-07,SH600380,138400,2.8908668664455415,6.840000629425049,946656.0871124268
2009-05-07,SH600432,50800,7.872360408544541,28.159997940063477,1430527.8953552246
2009-05-07,SH600456,42100,9.482843542099,20.280000686645508,853788.0289077759
2009-05-07,SH600595,78800,5.071521171712876,10.139999389648438,799031.9519042969
2009-05-07,SH600748,67700,5.901769618415833,15.920001029968262,1077784.0697288513
2009-05-07,SH600804,78500,5.091526675653458,17.18000030517578,1348630.0239562988
2009-05-07,SH601111,115900,3.451034809207916,6.890000343322754,798551.0397911072
2009-05-07,SH601168,72700,5.501650000000001,14.770000457763672,1073779.033279419
2009-05-07,SH601588,160000,2.50075,4.909999847412109,785599.9755859375
2009-05-07,SZ000572,162600,2.4607380381584165,5.339999675750732,868283.9472770691
2009-05-07,SZ000581,96300,4.151245095396042,11.75,1131525.0
2009-05-07,SZ000751,168700,2.3707111240148544,5.339999675750732,900857.9452991486
2009-05-07,SZ000755,102000,3.921175837826729,8.479999542236328,864959.9533081055
2009-05-07,SZ000878,55200,7.242172248029709,21.020000457763672,1160304.0252685547
2009-05-07,SZ000960,45400,8.812642465782165,21.799999237060547,989719.9653625488
2009-05-07,SZ002097,58900,6.792037438821792,15.389999389648438,906470.964050293
2009-05-07,SZ002202,24200,16.50495,36.150001525878906,874830.0369262695
2009-05-08,SH600008,105800,3.781133732891083,6.440000057220459,681352.0060539246
2009-05-08,SH600026,54700,7.302189713811874,14.109999656677246,771816.9812202454
2009-05-08,SH600110,107500,3.7211160286188125,10.279999732971191,1105099.971294403
2009-05-08,SH600117,116200,3.4410320572376247,7.37999963760376,857555.9578895569
2009-05-08,SH600158,120800,3.3109931812524795,9.65999984741211,1166927.9815673828
2009-05-08,SH600307,102500,3.9011703338861468,8.9399995803833,916349.9569892883
2009-05-08,SH600309,47700,8.372510885524749,18.6299991607666,888650.9599685669
2009-05-08,SH600376,83600,4.781433732891083,17.8799991607666,1494767.929840088
2009-05-08,SH600380,138400,2.8908668664455415,6.730000019073486,931432.0026397705
2009-05-08,SH600432,50800,7.872360408544541,27.780000686645508,1411224.0348815918
2009-05-08,SH600456,42100,9.482843542099,19.889999389648438,837368.9743041992
2009-05-08,SH600595,78800,5.071521171712876,9.860000610351562,776968.0480957031
2009-05-08,SH600748,67700,5.901769618415833,16.100000381469727,1089970.0258255005
2009-05-08,SH600804,78500,5.091526675653458,17.18000030517578,1348630.0239562988
2009-05-08,SH601111,115900,3.451034809207916,6.900000095367432,799710.0110530853
2009-05-08,SH601168,72700,5.501650000000001,14.289999961853027,1038882.9972267151
2009-05-08,SH601588,160000,2.50075,5.399999618530273,863999.9389648438
2009-05-08,SZ000572,162600,2.4607380381584165,5.449999809265137,886169.9689865112
2009-05-08,SZ000581,96300,4.151245095396042,12.130000114440918,1168119.0110206604
2009-05-08,SZ000751,168700,2.3707111240148544,5.210000038146973,878927.0064353943
2009-05-08,SZ000755,102000,3.921175837826729,8.269999504089355,843539.9494171143
2009-05-08,SZ000878,55200,7.242172248029709,20.530000686645508,1133256.037902832
2009-05-08,SZ000960,45400,8.812642465782165,22.299999237060547,1012419.9653625488
2009-05-08,SZ002097,58900,6.792037438821792,14.970000267028809,881733.0157279968
2009-05-08,SZ002202,24200,16.50495,34.70000076293945,839740.0184631348
2009-05-11,SH600008,105800,3.781133732891083,6.529999732971191,690873.971748352
2009-05-11,SH600026,54700,7.302189713811874,13.180000305175781,720946.0166931152
2009-05-11,SH600110,107500,3.7211160286188125,9.569999694824219,1028774.9671936035
2009-05-11,SH600117,116200,3.4410320572376247,7.070000171661377,821534.019947052
2009-05-11,SH600158,120800,3.3109931812524795,9.059999465942383,1094447.9354858398
2009-05-11,SH600307,102500,3.9011703338861468,8.559999465942383,877399.9452590942
2009-05-11,SH600309,47700,8.372510885524749,17.950000762939453,856215.0363922119
2009-05-11,SH600376,83600,4.781433732891083,17.810001373291016,1488916.114807129
2009-05-11,SH600380,138400,2.8908668664455415,6.699999809265137,927279.9736022949
2009-05-11,SH600432,50800,7.872360408544541,26.170000076293945,1329436.0038757324
2009-05-11,SH600456,42100,9.482843542099,18.989999771118164,799478.9903640747
2009-05-11,SH600595,78800,5.071521171712876,9.719999313354492,765935.945892334
2009-05-11,SH600748,67700,5.901769618415833,15.489999771118164,1048672.9845046997
2009-05-11,SH600804,78500,5.091526675653458,9.15999984741211,719059.9880218506
2009-05-11,SH601111,115900,3.451034809207916,6.5400004386901855,757986.0508441925
2009-05-11,SH601168,72700,5.501650000000001,13.539999961853027,984357.9972267151
2009-05-11,SH601588,160000,2.50075,5.110000133514404,817600.0213623047
2009-05-11,SZ000572,162600,2.4607380381584165,5.109999656677246,830885.9441757202
2009-05-11,SZ000581,96300,4.151245095396042,11.859999656677246,1142117.9669380188
2009-05-11,SZ000751,168700,2.3707111240148544,5.010000228881836,845187.0386123657
2009-05-11,SZ000755,102000,3.921175837826729,8.25,841500.0
2009-05-11,SZ000878,55200,7.242172248029709,19.779998779296875,1091855.9326171875
2009-05-11,SZ000960,45400,8.812642465782165,22.299999237060547,1012419.9653625488
2009-05-11,SZ002097,58900,6.792037438821792,14.40000057220459,848160.0337028503
2009-05-11,SZ002202,24200,16.50495,32.4900016784668,786258.0406188965
2009-05-12,SH600008,105800,3.781133732891083,6.909999847412109,731077.9838562012
2009-05-12,SH600026,54700,7.302189713811874,13.419999122619629,734073.9520072937
2009-05-12,SH600110,107500,3.7211160286188125,9.920001029968262,1066400.1107215881
2009-05-12,SH600117,116200,3.4410320572376247,7.490000247955322,870338.0288124084
2009-05-12,SH600158,120800,3.3109931812524795,9.15000057220459,1105320.0691223145
2009-05-12,SH600307,102500,3.9011703338861468,9.420000076293945,965550.0078201294
2009-05-12,SH600309,47700,8.372510885524749,18.0,858600.0
2009-05-12,SH600376,83600,4.781433732891083,18.010000228881836,1505636.0191345215
2009-05-12,SH600380,138400,2.8908668664455415,6.829999923706055,945271.989440918
2009-05-12,SH600432,50800,7.872360408544541,27.650001525878906,1404620.0775146484
2009-05-12,SH600456,42100,9.482843542099,19.28999900817871,812108.9582443237
2009-05-12,SH600595,78800,5.071521171712876,9.800000190734863,772240.0150299072
2009-05-12,SH600748,67700,5.901769618415833,15.979998588562012,1081845.9044456482
2009-05-12,SH600804,78500,5.091526675653458,9.109999656677246,715134.9730491638
2009-05-12,SH601111,115900,3.451034809207916,6.729999542236328,780006.9469451904
2009-05-12,SH601168,72700,5.501650000000001,13.799999237060547,1003259.9445343018
2009-05-12,SH601588,160000,2.50075,5.549999713897705,887999.9542236328
2009-05-12,SZ000572,162600,2.4607380381584165,5.319999694824219,865031.950378418
2009-05-12,SZ000581,96300,4.151245095396042,11.859999656677246,1142117.9669380188
2009-05-12,SZ000751,168700,2.3707111240148544,5.079999923706055,856995.9871292114
2009-05-12,SZ000755,102000,3.921175837826729,8.5,867000.0
2009-05-12,SZ000878,55200,7.242172248029709,20.03999900817871,1106207.9452514648
2009-05-12,SZ000960,45400,8.812642465782165,21.979999542236328,997891.9792175293
2009-05-12,SZ002097,58900,6.792037438821792,15.0,883500.0
2009-05-12,SZ002202,24200,16.50495,33.4900016784668,810458.0406188965
2009-05-13,SH600008,105800,3.781133732891083,6.849999904632568,724729.9899101257
2009-05-13,SH600026,54700,7.302189713811874,13.600000381469727,743920.020866394
2009-05-13,SH600110,107500,3.7211160286188125,9.920001029968262,1066400.1107215881
2009-05-13,SH600117,116200,3.4410320572376247,7.839999675750732,911007.9623222351
2009-05-13,SH600158,120800,3.3109931812524795,9.050000190734863,1093240.0230407715
2009-05-13,SH600307,102500,3.9011703338861468,10.050000190734863,1030125.0195503235
2009-05-13,SH600309,47700,8.372510885524749,17.44999885559082,832364.9454116821
2009-05-13,SH600376,83600,4.781433732891083,19.219999313354492,1606791.9425964355
2009-05-13,SH600380,138400,2.8908668664455415,6.970000267028809,964648.0369567871
2009-05-13,SH600432,50800,7.872360408544541,27.89999771118164,1417319.8837280273
2009-05-13,SH600456,42100,9.482843542099,20.310001373291016,855051.0578155518
2009-05-13,SH600595,78800,5.071521171712876,10.0,788000.0
2009-05-13,SH600748,67700,5.901769618415833,15.580000877380371,1054766.0593986511
2009-05-13,SH600804,78500,5.091526675653458,9.260000228881836,726910.0179672241
2009-05-13,SH601111,115900,3.451034809207916,6.650000095367432,770735.0110530853
2009-05-13,SH601168,72700,5.501650000000001,14.020000457763672,1019254.033279419
2009-05-13,SH601588,160000,2.50075,5.549999713897705,887999.9542236328
2009-05-13,SZ000572,162600,2.4607380381584165,5.289999961853027,860153.9937973022
2009-05-13,SZ000581,96300,4.151245095396042,12.050000190734863,1160415.0183677673
2009-05-13,SZ000751,168700,2.3707111240148544,5.119999408721924,863743.9002513885
2009-05-13,SZ000755,102000,3.921175837826729,8.920000076293945,909840.0077819824
2009-05-13,SZ000878,55200,7.242172248029709,20.299999237060547,1120559.9578857422
2009-05-13,SZ000960,45400,8.812642465782165,22.020000457763672,999708.0207824707
2009-05-13,SZ002097,58900,6.792037438821792,15.09999942779541,889389.9662971497
2009-05-13,SZ002202,24200,16.50495,33.209999084472656,803681.9778442383
2009-05-14,SH600008,105800,3.781133732891083,6.740000247955322,713092.0262336731
2009-05-14,SH600026,54700,7.302189713811874,13.319999694824219,728603.9833068848
2009-05-14,SH600110,107500,3.7211160286188125,10.5,1128750.0
2009-05-14,SH600117,116200,3.4410320572376247,7.740000247955322,899388.0288124084
2009-05-14,SH600158,120800,3.3109931812524795,9.199999809265137,1111359.9769592285
2009-05-14,SH600307,102500,3.9011703338861468,10.25999927520752,1051649.9257087708
2009-05-14,SH600309,47700,8.372510885524749,17.770000457763672,847629.0218353271
2009-05-14,SH600376,83600,4.781433732891083,19.020000457763672,1590072.038269043
2009-05-14,SH600380,138400,2.8908668664455415,7.019999980926514,971567.9973602295
2009-05-14,SH600432,50800,7.872360408544541,27.19999885559082,1381759.9418640137
2009-05-14,SH600456,42100,9.482843542099,20.600000381469727,867260.0160598755
2009-05-14,SH600595,78800,5.071521171712876,9.850000381469727,776180.0300598145
2009-05-14,SH600748,67700,5.901769618415833,15.40000057220459,1042580.0387382507
2009-05-14,SH600804,78500,5.091526675653458,9.15999984741211,719059.9880218506
2009-05-14,SH601111,115900,3.451034809207916,6.710000038146973,777689.0044212341
2009-05-14,SH601168,72700,5.501650000000001,13.630000114440918,990901.0083198547
2009-05-14,SH601588,160000,2.50075,5.659999847412109,905599.9755859375
2009-05-14,SZ000572,162600,2.4607380381584165,5.25,853650.0
2009-05-14,SZ000581,96300,4.151245095396042,12.070000648498535,1162341.062450409
2009-05-14,SZ000751,168700,2.3707111240148544,5.059999942779541,853621.9903469086
2009-05-14,SZ000755,102000,3.921175837826729,8.75,892500.0
2009-05-14,SZ000878,55200,7.242172248029709,19.889999389648438,1097927.9663085938
2009-05-14,SZ000960,45400,8.812642465782165,21.349998474121094,969289.9307250977
2009-05-14,SZ002097,58900,6.792037438821792,16.240001678466797,956536.0988616943
2009-05-14,SZ002202,24200,16.50495,32.78000259399414,793276.0627746582
2009-05-15,SH600008,105800,3.781133732891083,6.710000514984131,709918.054485321
2009-05-15,SH600026,54700,7.302189713811874,13.670001029968262,747749.0563392639
2009-05-15,SH600110,107500,3.7211160286188125,10.300000190734863,1107250.0205039978
2009-05-15,SH600117,116200,3.4410320572376247,7.740000247955322,899388.0288124084
2009-05-15,SH600158,120800,3.3109931812524795,9.700000762939453,1171760.092163086
2009-05-15,SH600307,102500,3.9011703338861468,9.920000076293945,1016800.0078201294
2009-05-15,SH600309,47700,8.372510885524749,17.540000915527344,836658.0436706543
2009-05-15,SH600376,83600,4.781433732891083,18.360000610351562,1534896.0510253906
2009-05-15,SH600380,138400,2.8908668664455415,7.019999980926514,971567.9973602295
2009-05-15,SH600432,50800,7.872360408544541,26.780000686645508,1360424.0348815918
2009-05-15,SH600456,42100,9.482843542099,20.369998931884766,857576.9550323486
2009-05-15,SH600595,78800,5.071521171712876,9.760000228881836,769088.0180358887
2009-05-15,SH600748,67700,5.901769618415833,15.389999389648438,1041902.9586791992
2009-05-15,SH600804,78500,5.091526675653458,9.170000076293945,719845.0059890747
2009-05-15,SH601111,115900,3.451034809207916,6.590000152587891,763781.0176849365
2009-05-15,SH601168,72700,5.501650000000001,13.59000015258789,987993.0110931396
2009-05-15,SH601588,160000,2.50075,5.570000171661377,891200.0274658203
2009-05-15,SZ000572,162600,2.4607380381584165,5.380000114440918,874788.0186080933
2009-05-15,SZ000581,96300,4.151245095396042,12.59999942779541,1213379.944896698
2009-05-15,SZ000751,168700,2.3707111240148544,5.139999866485596,867117.97747612
2009-05-15,SZ000755,102000,3.921175837826729,8.75,892500.0
2009-05-15,SZ000878,55200,7.242172248029709,19.790000915527344,1092408.0505371094
2009-05-15,SZ000960,45400,8.812642465782165,20.899999618530273,948859.9826812744
2009-05-15,SZ002097,58900,6.792037438821792,15.929999351501465,938276.9618034363
2009-05-15,SZ002202,24200,16.50495,33.59000015258789,812878.003692627
2009-05-18,SH600008,105800,3.781133732891083,6.720000267028809,710976.028251648
2009-05-18,SH600026,54700,7.302189713811874,13.74000072479248,751578.0396461487
2009-05-18,SH600110,107500,3.7211160286188125,11.040000915527344,1186800.0984191895
2009-05-18,SH600117,116200,3.4410320572376247,7.559999942779541,878471.9933509827
2009-05-18,SH600158,120800,3.3109931812524795,9.700000762939453,1171760.092163086
2009-05-18,SH600307,102500,3.9011703338861468,10.280000686645508,1053700.0703811646
2009-05-18,SH600309,47700,8.372510885524749,17.5,834750.0
2009-05-18,SH600376,83600,4.781433732891083,17.810001373291016,1488916.114807129
2009-05-18,SH600380,138400,2.8908668664455415,6.940000057220459,960496.0079193115
2009-05-18,SH600432,50800,7.872360408544541,18.690000534057617,949452.027130127
2009-05-18,SH600456,42100,9.482843542099,20.200000762939453,850420.032119751
2009-05-18,SH600595,78800,5.071521171712876,9.709999084472656,765147.9278564453
2009-05-18,SH600748,67700,5.901769618415833,15.5,1049350.0
2009-05-18,SH600804,78500,5.091526675653458,9.139999389648438,717489.9520874023
2009-05-18,SH601111,115900,3.451034809207916,6.570000171661377,761463.0198955536
2009-05-18,SH601168,72700,5.501650000000001,14.039999961853027,1020707.9972267151
2009-05-18,SH601588,160000,2.50075,5.460000038146973,873600.0061035156
2009-05-18,SZ000572,162600,2.4607380381584165,5.549999713897705,902429.9534797668
2009-05-18,SZ000581,96300,4.151245095396042,13.5,1300050.0
2009-05-18,SZ000751,168700,2.3707111240148544,5.400000095367432,910980.0160884857
2009-05-18,SZ000755,102000,3.921175837826729,8.5,867000.0
2009-05-18,SZ000878,55200,7.242172248029709,19.920000076293945,1099584.0042114258
2009-05-18,SZ000960,45400,8.812642465782165,21.229997634887695,963841.8926239014
2009-05-18,SZ002097,58900,6.792037438821792,16.049999237060547,945344.9550628662
2009-05-18,SZ002202,24200,16.50495,33.21999740600586,803923.9372253418
2009-05-19,SH600008,105800,3.781133732891083,6.650000095367432,703570.0100898743
2009-05-19,SH600026,54700,7.302189713811874,13.910000801086426,760877.0438194275
2009-05-19,SH600110,107500,3.7211160286188125,11.040000915527344,1186800.0984191895
2009-05-19,SH600117,116200,3.4410320572376247,7.839999675750732,911007.9623222351
2009-05-19,SH600158,120800,3.3109931812524795,9.719999313354492,1174175.9170532227
2009-05-19,SH600307,102500,3.9011703338861468,10.280000686645508,1053700.0703811646
2009-05-19,SH600309,47700,8.372510885524749,18.169998168945312,866708.9126586914
2009-05-19,SH600376,83600,4.781433732891083,18.799999237060547,1571679.9362182617
2009-05-19,SH600380,138400,2.8908668664455415,6.87999963760376,952191.9498443604
2009-05-19,SH600432,50800,7.872360408544541,19.700000762939453,1000760.0387573242
2009-05-19,SH600456,42100,9.482843542099,21.23000144958496,893783.0610275269
2009-05-19,SH600595,78800,5.071521171712876,10.289999961853027,810851.9969940186
2009-05-19,SH600748,67700,5.901769618415833,15.830000877380371,1071691.0593986511
2009-05-19,SH600804,78500,5.091526675653458,9.079999923706055,712779.9940109253
2009-05-19,SH601111,115900,3.451034809207916,6.499999523162842,753349.9447345734
2009-05-19,SH601168,72700,5.501650000000001,15.15999984741211,1102131.9889068604
2009-05-19,SH601588,160000,2.50075,5.460000038146973,873600.0061035156
2009-05-19,SZ000572,162600,2.4607380381584165,5.590000152587891,908934.024810791
2009-05-19,SZ000581,96300,4.151245095396042,13.300000190734863,1280790.0183677673
2009-05-19,SZ000751,168700,2.3707111240148544,5.570000171661377,939659.0289592743
2009-05-19,SZ000755,102000,3.921175837826729,8.569999694824219,874139.9688720703
2009-05-19,SZ000878,55200,7.242172248029709,21.909997940063477,1209431.886291504
2009-05-19,SZ000960,45400,8.812642465782165,22.700000762939453,1030580.0346374512
2009-05-19,SZ002097,58900,6.792037438821792,15.909998893737793,937098.934841156
2009-05-19,SZ002202,24200,16.50495,33.59000015258789,812878.003692627
2009-05-20,SH600008,105800,3.781133732891083,6.589999675750732,697221.9656944275
2009-05-20,SH600026,54700,7.302189713811874,13.619998931884766,745013.9415740967
2009-05-20,SH600110,107500,3.7211160286188125,11.010000228881836,1183575.0246047974
2009-05-20,SH600117,116200,3.4410320572376247,7.720000267028809,897064.0310287476
2009-05-20,SH600158,120800,3.3109931812524795,9.889999389648438,1194711.9262695312
2009-05-20,SH600307,102500,3.9011703338861468,10.180000305175781,1043450.0312805176
2009-05-20,SH600309,47700,8.372510885524749,17.760000228881836,847152.0109176636
2009-05-20,SH600376,83600,4.781433732891083,18.3700008392334,1535732.070159912
2009-05-20,SH600380,138400,2.8908668664455415,6.730000019073486,931432.0026397705
2009-05-20,SH600432,50800,7.872360408544541,19.23000144958496,976884.073638916
2009-05-20,SH600456,42100,9.482843542099,20.31999969482422,855471.9871520996
2009-05-20,SH600595,78800,5.071521171712876,10.010001182556152,788788.0931854248
2009-05-20,SH600748,67700,5.901769618415833,15.40000057220459,1042580.0387382507
2009-05-20,SH600804,78500,5.091526675653458,9.079999923706055,712779.9940109253
2009-05-20,SH601111,115900,3.451034809207916,6.409999370574951,742918.9270496368
2009-05-20,SH601168,72700,5.501650000000001,14.680000305175781,1067236.0221862793
2009-05-20,SH601588,160000,2.50075,5.37999963760376,860799.9420166016
2009-05-20,SZ000572,162600,2.4607380381584165,5.610000133514404,912186.0217094421
2009-05-20,SZ000581,96300,4.151245095396042,13.300000190734863,1280790.0183677673
2009-05-20,SZ000751,168700,2.3707111240148544,5.359999656677246,904231.9420814514
2009-05-20,SZ000755,102000,3.921175837826729,8.34000015258789,850680.0155639648
2009-05-20,SZ000878,55200,7.242172248029709,21.799999237060547,1203359.9578857422
2009-05-20,SZ000960,45400,8.812642465782165,21.89000129699707,993806.058883667
2009-05-20,SZ002097,58900,6.792037438821792,15.559999465942383,916483.9685440063
2009-05-20,SZ002202,24200,16.50495,34.2599983215332,829091.9593811035
2009-05-21,SH600008,105800,3.781133732891083,6.37999963760376,675003.9616584778
2009-05-21,SH600026,54700,7.302189713811874,13.180000305175781,720946.0166931152
2009-05-21,SH600110,107500,3.7211160286188125,10.59000015258789,1138425.0164031982
2009-05-21,SH600117,116200,3.4410320572376247,8.15999984741211,948191.9822692871
2009-05-21,SH600158,120800,3.3109931812524795,9.430000305175781,1139144.0368652344
2009-05-21,SH600307,102500,3.9011703338861468,10.039999961853027,1029099.9960899353
2009-05-21,SH600309,47700,8.372510885524749,16.78999900817871,800882.9526901245
2009-05-21,SH600376,83600,4.781433732891083,17.420001983642578,1456312.1658325195
2009-05-21,SH600380,138400,2.8908668664455415,6.519999980926514,902367.9973602295
2009-05-21,SH600432,50800,7.872360408544541,19.15999984741211,973327.9922485352
2009-05-21,SH600456,42100,9.482843542099,19.98000144958496,841158.0610275269
2009-05-21,SH600595,78800,5.071521171712876,9.730000495910645,766724.0390777588
2009-05-21,SH600748,67700,5.901769618415833,14.84000015258789,1004668.0103302002
2009-05-21,SH600804,78500,5.091526675653458,8.720000267028809,684520.0209617615
2009-05-21,SH601111,115900,3.451034809207916,6.210000038146973,719739.0044212341
2009-05-21,SH601168,72700,5.501650000000001,14.479999542236328,1052695.966720581
2009-05-21,SH601588,160000,2.50075,5.170000076293945,827200.0122070312
2009-05-21,SZ000572,162600,2.4607380381584165,5.360000133514404,871536.0217094421
2009-05-21,SZ000581,96300,4.151245095396042,12.619998931884766,1215305.897140503
2009-05-21,SZ000751,168700,2.3707111240148544,5.170000076293945,872179.0128707886
2009-05-21,SZ000755,102000,3.921175837826729,8.170000076293945,833340.0077819824
2009-05-21,SZ000878,55200,7.242172248029709,21.849998474121094,1206119.9157714844
2009-05-21,SZ000960,45400,8.812642465782165,21.520000457763672,977008.0207824707
2009-05-21,SZ002097,58900,6.792037438821792,15.0600004196167,887034.0247154236
2009-05-21,SZ002202,24200,16.50495,33.43000030517578,809006.0073852539
2009-05-22,SH600008,105800,3.781133732891083,6.390000343322754,676062.0363235474
2009-05-22,SH600026,54700,7.302189713811874,13.090001106262207,716023.0605125427
2009-05-22,SH600110,107500,3.7211160286188125,11.280000686645508,1212600.073814392
2009-05-22,SH600117,116200,3.4410320572376247,8.119999885559082,943543.9867019653
2009-05-22,SH600158,120800,3.3109931812524795,9.220000267028809,1113776.03225708
2009-05-22,SH600307,102500,3.9011703338861468,9.980000495910645,1022950.0508308411
2009-05-22,SH600309,47700,8.372510885524749,16.969999313354492,809468.9672470093
2009-05-22,SH600376,83600,4.781433732891083,17.309999465942383,1447115.9553527832
2009-05-22,SH600380,138400,2.8908668664455415,6.639999866485596,918975.9815216064
2009-05-22,SH600432,50800,7.872360408544541,18.780000686645508,954024.0348815918
2009-05-22,SH600456,42100,9.482843542099,19.84000015258789,835264.0064239502
2009-05-22,SH600595,78800,5.071521171712876,9.680000305175781,762784.0240478516
2009-05-22,SH600748,67700,5.901769618415833,14.620000839233398,989774.0568161011
2009-05-22,SH600804,78500,5.091526675653458,8.929999351501465,701004.949092865
2009-05-22,SH601111,115900,3.451034809207916,6.299999713897705,730169.966840744
2009-05-22,SH601168,72700,5.501650000000001,14.09999942779541,1025069.9584007263
2009-05-22,SH601588,160000,2.50075,5.21999979019165,835199.9664306641
2009-05-22,SZ000572,162600,2.4607380381584165,5.480000019073486,891048.0031013489
2009-05-22,SZ000581,96300,4.151245095396042,13.049999237060547,1256714.9265289307
2009-05-22,SZ000751,168700,2.3707111240148544,5.170000076293945,872179.0128707886
2009-05-22,SZ000755,102000,3.921175837826729,8.210000038146973,837420.0038909912
2009-05-22,SZ000878,55200,7.242172248029709,21.849998474121094,1206119.9157714844
2009-05-22,SZ000960,45400,8.812642465782165,21.239999771118164,964295.9896087646
2009-05-22,SZ002097,58900,6.792037438821792,15.280000686645508,899992.0404434204
2009-05-22,SZ002202,24200,16.50495,33.900001525878906,820380.0369262695
2009-05-25,SH600008,105800,3.781133732891083,6.37999963760376,675003.9616584778
2009-05-25,SH600026,54700,7.302189713811874,13.090001106262207,716023.0605125427
2009-05-25,SH600110,107500,3.7211160286188125,11.339999198913574,1219049.9138832092
2009-05-25,SH600117,116200,3.4410320572376247,7.890000343322754,916818.039894104
2009-05-25,SH600158,120800,3.3109931812524795,9.210000038146973,1112568.0046081543
2009-05-25,SH600307,102500,3.9011703338861468,9.6899995803833,993224.9569892883
2009-05-25,SH600309,47700,8.372510885524749,16.850000381469727,803745.018196106
2009-05-25,SH600376,83600,4.781433732891083,18.5,1546600.0
2009-05-25,SH600380,138400,2.8908668664455415,6.5,899600.0
2009-05-25,SH600432,50800,7.872360408544541,19.6200008392334,996696.0426330566
2009-05-25,SH600456,42100,9.482843542099,20.280000686645508,853788.0289077759
2009-05-25,SH600595,78800,5.071521171712876,9.800000190734863,772240.0150299072
2009-05-25,SH600748,67700,5.901769618415833,14.890000343322754,1008053.0232429504
2009-05-25,SH600804,78500,5.091526675653458,8.75999927520752,687659.9431037903
2009-05-25,SH601111,115900,3.451034809207916,6.279999732971191,727851.9690513611
2009-05-25,SH601168,72700,5.501650000000001,14.75,1072325.0
2009-05-25,SH601588,160000,2.50075,5.489999771118164,878399.9633789062
2009-05-25,SZ000572,162600,2.4607380381584165,5.660000324249268,920316.0527229309
2009-05-25,SZ000581,96300,4.151245095396042,13.570000648498535,1306791.062450409
2009-05-25,SZ000751,168700,2.3707111240148544,5.199999809265137,877239.9678230286
2009-05-25,SZ000755,102000,3.921175837826729,7.949999809265137,810899.980545044
2009-05-25,SZ000878,55200,7.242172248029709,22.950000762939453,1266840.0421142578
2009-05-25,SZ000960,45400,8.812642465782165,21.979999542236328,997891.9792175293
2009-05-25,SZ002097,58900,6.792037438821792,15.180000305175781,894102.0179748535
2009-05-25,SZ002202,24200,16.50495,35.25,853050.0
2009-05-26,SH600008,105800,3.781133732891083,6.460000038146973,683468.0040359497
2009-05-26,SH600026,54700,7.302189713811874,12.809998512268066,700706.9186210632
2009-05-26,SH600110,107500,3.7211160286188125,10.960000038146973,1178200.0041007996
2009-05-26,SH600117,116200,3.4410320572376247,7.710000038146973,895902.0044326782
2009-05-26,SH600158,120800,3.3109931812524795,9.220000267028809,1113776.03225708
2009-05-26,SH600307,102500,3.9011703338861468,9.65999984741211,990149.9843597412
2009-05-26,SH600309,47700,8.372510885524749,17.229999542236328,821870.9781646729
2009-05-26,SH600376,83600,4.781433732891083,18.150001525878906,1517340.1275634766
2009-05-26,SH600380,138400,2.8908668664455415,6.569999694824219,909287.9577636719
2009-05-26,SH600432,50800,7.872360408544541,19.8799991607666,1009903.9573669434
2009-05-26,SH600456,42100,9.482843542099,19.970001220703125,840737.0513916016
2009-05-26,SH600595,78800,5.071521171712876,9.519999504089355,750175.9609222412
2009-05-26,SH600748,67700,5.901769618415833,14.449999809265137,978264.9870872498
2009-05-26,SH600804,78500,5.091526675653458,8.819999694824219,692369.9760437012
2009-05-26,SH601111,115900,3.451034809207916,6.309999942779541,731328.9933681488
2009-05-26,SH601168,72700,5.501650000000001,14.389999389648438,1046152.9556274414
2009-05-26,SH601588,160000,2.50075,5.340000152587891,854400.0244140625
2009-05-26,SZ000572,162600,2.4607380381584165,5.75,934950.0
2009-05-26,SZ000581,96300,4.151245095396042,13.399998664855957,1290419.8714256287
2009-05-26,SZ000751,168700,2.3707111240148544,5.099999904632568,860369.9839115143
2009-05-26,SZ000755,102000,3.921175837826729,8.15999984741211,832319.9844360352
2009-05-26,SZ000878,55200,7.242172248029709,21.67999839782715,1196735.9115600586
2009-05-26,SZ000960,45400,8.812642465782165,21.510000228881836,976554.0103912354
2009-05-26,SZ002097,58900,6.792037438821792,15.6899995803833,924140.9752845764
2009-05-26,SZ002202,24200,16.50495,34.560001373291016,836352.0332336426
2009-05-27,SH600008,105800,3.781133732891083,6.399999618530273,677119.9596405029
2009-05-27,SH600026,54700,7.302189713811874,13.200000762939453,722040.0417327881
2009-05-27,SH600110,107500,3.7211160286188125,10.65000057220459,1144875.0615119934
2009-05-27,SH600117,116200,3.4410320572376247,7.769999980926514,902873.9977836609
2009-05-27,SH600158,120800,3.3109931812524795,9.210000038146973,1112568.0046081543
2009-05-27,SH600307,102500,3.9011703338861468,9.880001068115234,1012700.1094818115
2009-05-27,SH600309,47700,8.372510885524749,17.170000076293945,819009.0036392212
2009-05-27,SH600376,83600,4.781433732891083,18.21000099182129,1522356.0829162598
2009-05-27,SH600380,138400,2.8908668664455415,6.489999771118164,898215.9683227539
2009-05-27,SH600432,50800,7.872360408544541,20.25,1028700.0
2009-05-27,SH600456,42100,9.482843542099,20.14000129699707,847894.0546035767
2009-05-27,SH600595,78800,5.071521171712876,9.579999923706055,754903.9939880371
2009-05-27,SH600748,67700,5.901769618415833,14.219999313354492,962693.9535140991
2009-05-27,SH600804,78500,5.091526675653458,8.970000267028809,704145.0209617615
2009-05-27,SH601111,115900,3.451034809207916,6.409999370574951,742918.9270496368
2009-05-27,SH601168,72700,5.501650000000001,14.680000305175781,1067236.0221862793
2009-05-27,SH601588,160000,2.50075,5.299999713897705,847999.9542236328
2009-05-27,SZ000572,162600,2.4607380381584165,5.849999904632568,951209.9844932556
2009-05-27,SZ000581,96300,4.151245095396042,12.0600004196167,1161378.0404090881
2009-05-27,SZ000751,168700,2.3707111240148544,5.160000324249268,870492.0547008514
2009-05-27,SZ000755,102000,3.921175837826729,8.140000343322754,830280.0350189209
2009-05-27,SZ000878,55200,7.242172248029709,21.8799991607666,1207775.9536743164
2009-05-27,SZ000960,45400,8.812642465782165,21.990001678466797,998346.0762023926
2009-05-27,SZ002097,58900,6.792037438821792,15.6899995803833,924140.9752845764
2009-05-27,SZ002202,24200,16.50495,33.939998626708984,821347.9667663574
2009-06-01,SH600008,105800,3.781133732891083,6.510000228881836,688758.0242156982
2009-06-01,SH600026,54700,7.302189713811874,13.569999694824219,742278.9833068848
2009-06-01,SH600110,107500,3.7211160286188125,7.199999809265137,773999.9794960022
2009-06-01,SH600117,116200,3.4410320572376247,7.930000305175781,921466.0354614258
2009-06-01,SH600158,120800,3.3109931812524795,9.460000038146973,1142768.0046081543
2009-06-01,SH600307,102500,3.9011703338861468,9.880001068115234,1012700.1094818115
2009-06-01,SH600309,47700,8.372510885524749,17.309999465942383,825686.9745254517
2009-06-01,SH600376,83600,4.781433732891083,18.579999923706055,1553287.9936218262
2009-06-01,SH600380,138400,2.8908668664455415,6.5,899600.0
2009-06-01,SH600432,50800,7.872360408544541,21.560001373291016,1095248.0697631836
2009-06-01,SH600456,42100,9.482843542099,21.360000610351562,899256.0256958008
2009-06-01,SH600595,78800,5.071521171712876,9.890000343322754,779332.027053833
2009-06-01,SH600748,67700,5.901769618415833,15.350001335144043,1039195.0903892517
2009-06-01,SH600804,78500,5.091526675653458,9.020000457763672,708070.0359344482
2009-06-01,SH601111,115900,3.451034809207916,6.490000247955322,752191.0287380219
2009-06-01,SH601168,72700,5.501650000000001,15.59999942779541,1134119.9584007263
2009-06-01,SH601588,160000,2.50075,5.409999847412109,865599.9755859375
2009-06-01,SZ000572,162600,2.4607380381584165,5.820000171661377,946332.0279121399
2009-06-01,SZ000581,96300,4.151245095396042,12.109999656677246,1166192.9669380188
2009-06-01,SZ000751,168700,2.3707111240148544,5.359999656677246,904231.9420814514
2009-06-01,SZ000755,102000,3.921175837826729,8.289999961853027,845579.9961090088
2009-06-01,SZ000878,55200,7.242172248029709,23.01999855041504,1270703.9199829102
2009-06-01,SZ000960,45400,8.812642465782165,22.93000030517578,1041022.0138549805
2009-06-01,SZ002097,58900,6.792037438821792,15.829999923706055,932386.9955062866
2009-06-01,SZ002202,24200,16.50495,33.82999801635742,818685.9519958496
2009-06-02,SH600008,105800,3.781133732891083,6.579999923706055,696163.9919281006
2009-06-02,SH600026,54700,7.302189713811874,14.100000381469727,771270.020866394
2009-06-02,SH600110,107500,3.7211160286188125,7.170000076293945,770775.0082015991
2009-06-02,SH600117,116200,3.4410320572376247,7.920000076293945,920304.0088653564
2009-06-02,SH600158,120800,3.3109931812524795,9.579999923706055,1157263.9907836914
2009-06-02,SH600307,102500,3.9011703338861468,10.15999984741211,1041399.9843597412
2009-06-02,SH600309,47700,8.372510885524749,17.48000144958496,833796.0691452026
2009-06-02,SH600376,83600,4.781433732891083,19.549999237060547,1634379.9362182617
2009-06-02,SH600380,138400,2.8908668664455415,6.569999694824219,909287.9577636719
2009-06-02,SH600432,50800,7.872360408544541,21.5,1092200.0
2009-06-02,SH600456,42100,9.482843542099,21.01999855041504,884941.9389724731
2009-06-02,SH600595,78800,5.071521171712876,9.890000343322754,779332.027053833
2009-06-02,SH600748,67700,5.901769618415833,15.859999656677246,1073721.9767570496
2009-06-02,SH600804,78500,5.091526675653458,9.000000953674316,706500.0748634338
2009-06-02,SH601111,115900,3.451034809207916,6.350000381469727,735965.0442123413
2009-06-02,SH601168,72700,5.501650000000001,15.819999694824219,1150113.9778137207
2009-06-02,SH601588,160000,2.50075,5.590000152587891,894400.0244140625
2009-06-02,SZ000572,162600,2.4607380381584165,5.700000286102295,926820.0465202332
2009-06-02,SZ000581,96300,4.151245095396042,12.180000305175781,1172934.0293884277
2009-06-02,SZ000751,168700,2.3707111240148544,5.269999980926514,889048.9967823029
2009-06-02,SZ000755,102000,3.921175837826729,8.4399995803833,860879.9571990967
2009-06-02,SZ000878,55200,7.242172248029709,22.5,1242000.0
2009-06-02,SZ000960,45400,8.812642465782165,23.189998626708984,1052825.937652588
2009-06-02,SZ002097,58900,6.792037438821792,15.899999618530273,936509.9775314331
2009-06-02,SZ002202,24200,16.50495,34.07999801635742,824735.9519958496
2009-06-03,SH600008,105800,3.781133732891083,6.6399993896484375,702511.9354248047
2009-06-03,SH600026,54700,7.302189713811874,14.529999732971191,794790.9853935242
2009-06-03,SH600110,107500,3.7211160286188125,7.150000095367432,768625.0102519989
2009-06-03,SH600117,116200,3.4410320572376247,8.100000381469727,941220.0443267822
2009-06-03,SH600158,120800,3.3109931812524795,9.809999465942383,1185047.9354858398
2009-06-03,SH600307,102500,3.9011703338861468,10.75,1101875.0
2009-06-03,SH600309,47700,8.372510885524749,17.0,810900.0
2009-06-03,SH600376,83600,4.781433732891083,21.510000228881836,1798236.0191345215
2009-06-03,SH600380,138400,2.8908668664455415,6.599999904632568,913439.9868011475
2009-06-03,SH600432,50800,7.872360408544541,22.579999923706055,1147063.9961242676
2009-06-03,SH600456,42100,9.482843542099,23.119998931884766,973351.9550323486
2009-06-03,SH600595,78800,5.071521171712876,10.15000057220459,799820.0450897217
2009-06-03,SH600748,67700,5.901769618415833,16.69999885559082,1130589.9225234985
2009-06-03,SH600804,78500,5.091526675653458,8.8100004196167,691585.0329399109
2009-06-03,SH601111,115900,3.451034809207916,6.400000095367432,741760.0110530853
2009-06-03,SH601168,72700,5.501650000000001,16.330001831054688,1187191.1331176758
2009-06-03,SH601588,160000,2.50075,5.759999752044678,921599.9603271484
2009-06-03,SZ000572,162600,2.4607380381584165,5.7099995613098145,928445.9286689758
2009-06-03,SZ000581,96300,4.151245095396042,12.280000686645508,1182564.0661239624
2009-06-03,SZ000751,168700,2.3707111240148544,5.329999923706055,899170.9871292114
2009-06-03,SZ000755,102000,3.921175837826729,8.239999771118164,840479.9766540527
2009-06-03,SZ000878,55200,7.242172248029709,22.93000030517578,1265736.0168457031
2009-06-03,SZ000960,45400,8.812642465782165,23.81999969482422,1081427.9861450195
2009-06-03,SZ002097,58900,6.792037438821792,16.010000228881836,942989.0134811401
2009-06-03,SZ002202,24200,16.50495,33.380001068115234,807796.0258483887
2009-06-04,SH600008,105800,3.781133732891083,6.539999961853027,691931.9959640503
2009-06-04,SH600026,54700,7.302189713811874,14.210000038146973,777287.0020866394
2009-06-04,SH600110,107500,3.7211160286188125,7.099999904632568,763249.9897480011
2009-06-04,SH600117,116200,3.4410320572376247,8.479999542236328,985375.9468078613
2009-06-04,SH600158,120800,3.3109931812524795,9.460000038146973,1142768.0046081543
2009-06-04,SH600307,102500,3.9011703338861468,11.829999923706055,1212574.9921798706
2009-06-04,SH600309,47700,8.372510885524749,16.28999900817871,777032.9526901245
2009-06-04,SH600376,83600,4.781433732891083,21.729999542236328,1816627.961730957
2009-06-04,SH600380,138400,2.8908668664455415,6.549999713897705,906519.9604034424
2009-06-04,SH600432,50800,7.872360408544541,22.35999870300293,1135887.9341125488
2009-06-04,SH600456,42100,9.482843542099,23.71000099182129,998191.0417556763
2009-06-04,SH600595,78800,5.071521171712876,10.600000381469727,835280.0300598145
2009-06-04,SH600748,67700,5.901769618415833,16.189998626708984,1096062.9070281982
2009-06-04,SH600804,78500,5.091526675653458,8.890000343322754,697865.0269508362
2009-06-04,SH601111,115900,3.451034809207916,6.419999599456787,744077.9535770416
2009-06-04,SH601168,72700,5.501650000000001,16.029998779296875,1165380.9112548828
2009-06-04,SH601588,160000,2.50075,5.690000534057617,910400.0854492188
2009-06-04,SZ000572,162600,2.4607380381584165,5.660000324249268,920316.0527229309
2009-06-04,SZ000581,96300,4.151245095396042,11.850000381469727,1141155.0367355347
2009-06-04,SZ000751,168700,2.3707111240148544,5.369999885559082,905918.9806938171
2009-06-04,SZ000755,102000,3.921175837826729,7.949999809265137,810899.980545044
2009-06-04,SZ000878,55200,7.242172248029709,22.440000534057617,1238688.0294799805
2009-06-04,SZ000960,45400,8.812642465782165,23.969999313354492,1088237.968826294
2009-06-04,SZ002097,58900,6.792037438821792,16.889999389648438,994820.964050293
2009-06-04,SZ002202,24200,16.50495,32.400001525878906,784080.0369262695
2009-06-05,SH600008,105800,3.781133732891083,6.429999828338623,680293.9818382263
2009-06-05,SH600026,54700,7.302189713811874,14.010001182556152,766347.0646858215
2009-06-05,SH600110,107500,3.7211160286188125,7.159999847412109,769699.9835968018
2009-06-05,SH600117,116200,3.4410320572376247,8.329999923706055,967945.9911346436
2009-06-05,SH600158,120800,3.3109931812524795,9.380000114440918,1133104.013824463
2009-06-05,SH600307,102500,3.9011703338861468,12.09999942779541,1240249.9413490295
2009-06-05,SH600309,47700,8.372510885524749,15.829999923706055,755090.9963607788
2009-06-05,SH600376,83600,4.781433732891083,20.78999900817871,1738043.9170837402
2009-06-05,SH600380,138400,2.8908668664455415,6.599999904632568,913439.9868011475
2009-06-05,SH600432,50800,7.872360408544541,22.64000129699707,1150112.0658874512
2009-06-05,SH600456,42100,9.482843542099,22.979999542236328,967457.9807281494
2009-06-05,SH600595,78800,5.071521171712876,10.389999389648438,818731.9519042969
2009-06-05,SH600748,67700,5.901769618415833,15.580000877380371,1054766.0593986511
2009-06-05,SH600804,78500,5.091526675653458,8.770000457763672,688445.0359344482
2009-06-05,SH601111,115900,3.451034809207916,6.340000152587891,734806.0176849365
2009-06-05,SH601168,72700,5.501650000000001,15.699999809265137,1141389.9861335754
2009-06-05,SH601588,160000,2.50075,5.539999961853027,886399.9938964844
2009-06-05,SZ000572,162600,2.4607380381584165,5.549999713897705,902429.9534797668
2009-06-05,SZ000581,96300,4.151245095396042,11.639999389648438,1120931.9412231445
2009-06-05,SZ000751,168700,2.3707111240148544,5.319999694824219,897483.9485168457
2009-06-05,SZ000755,102000,3.921175837826729,7.96999979019165,812939.9785995483
2009-06-05,SZ000878,55200,7.242172248029709,22.46000099182129,1239792.0547485352
2009-06-05,SZ000960,45400,8.812642465782165,23.700000762939453,1075980.0346374512
2009-06-05,SZ002097,58900,6.792037438821792,16.299999237060547,960069.9550628662
2009-06-05,SZ002202,24200,16.50495,31.5,762300.0
2009-06-08,SH600008,105800,3.781133732891083,6.539999961853027,691931.9959640503
2009-06-08,SH600026,54700,7.302189713811874,13.699999809265137,749389.989566803
2009-06-08,SH600110,107500,3.7211160286188125,7.590000152587891,815925.0164031982
2009-06-08,SH600117,116200,3.4410320572376247,8.519999504089355,990023.9423751831
2009-06-08,SH600158,120800,3.3109931812524795,9.430000305175781,1139144.0368652344
2009-06-08,SH600307,102500,3.9011703338861468,12.480000495910645,1279200.050830841
2009-06-08,SH600309,47700,8.372510885524749,16.0,763200.0
2009-06-08,SH600376,83600,4.781433732891083,21.030000686645508,1758108.0574035645
2009-06-08,SH600380,138400,2.8908668664455415,6.339999675750732,877455.9551239014
2009-06-08,SH600432,50800,7.872360408544541,22.829999923706055,1159763.9961242676
2009-06-08,SH600456,42100,9.482843542099,25.149999618530273,1058814.9839401245
2009-06-08,SH600595,78800,5.071521171712876,11.420000076293945,899896.0060119629
2009-06-08,SH600748,67700,5.901769618415833,15.8100004196167,1070337.0284080505
2009-06-08,SH600804,78500,5.091526675653458,8.579999923706055,673529.9940109253
2009-06-08,SH601111,115900,3.451034809207916,6.380000114440918,739442.0132637024
2009-06-08,SH601168,72700,5.501650000000001,15.15000057220459,1101405.0415992737
2009-06-08,SH601588,160000,2.50075,5.590000152587891,894400.0244140625
2009-06-08,SZ000572,162600,2.4607380381584165,5.449999809265137,886169.9689865112
2009-06-08,SZ000581,96300,4.151245095396042,11.619999885559082,1119005.9889793396
2009-06-08,SZ000751,168700,2.3707111240148544,5.440000057220459,917728.0096530914
2009-06-08,SZ000755,102000,3.921175837826729,7.820000648498535,797640.0661468506
2009-06-08,SZ000878,55200,7.242172248029709,21.700000762939453,1197840.0421142578
2009-06-08,SZ000960,45400,8.812642465782165,23.0,1044200.0
2009-06-08,SZ002097,58900,6.792037438821792,15.859999656677246,934153.9797782898
2009-06-08,SZ002202,24200,16.50495,30.579999923706055,740035.9981536865
2009-06-09,SH600008,105800,3.781133732891083,6.470000267028809,684526.028251648
2009-06-09,SH600026,54700,7.302189713811874,13.639999389648438,746107.9666137695
2009-06-09,SH600110,107500,3.7211160286188125,7.420000076293945,797650.0082015991
2009-06-09,SH600117,116200,3.4410320572376247,8.59000015258789,998158.0177307129
2009-06-09,SH600158,120800,3.3109931812524795,9.5,1147600.0
2009-06-09,SH600307,102500,3.9011703338861468,12.09999942779541,1240249.9413490295
2009-06-09,SH600309,47700,8.372510885524749,16.28999900817871,777032.9526901245
2009-06-09,SH600376,83600,4.781433732891083,20.19999885559082,1688719.9043273926
2009-06-09,SH600380,138400,2.8908668664455415,6.25,865000.0
2009-06-09,SH600432,50800,7.872360408544541,22.1200008392334,1123696.0426330566
2009-06-09,SH600456,42100,9.482843542099,25.020000457763672,1053342.0192718506
2009-06-09,SH600595,78800,5.071521171712876,11.219999313354492,884135.945892334
2009-06-09,SH600748,67700,5.901769618415833,15.619998931884766,1057473.9276885986
2009-06-09,SH600804,78500,5.091526675653458,8.550000190734863,671175.0149726868
2009-06-09,SH601111,115900,3.451034809207916,6.87999963760376,797391.9579982758
2009-06-09,SH601168,72700,5.501650000000001,14.949999809265137,1086864.9861335754
2009-06-09,SH601588,160000,2.50075,5.650000095367432,904000.0152587891
2009-06-09,SZ000572,162600,2.4607380381584165,5.569999694824219,905681.950378418
2009-06-09,SZ000581,96300,4.151245095396042,11.430000305175781,1100709.0293884277
2009-06-09,SZ000751,168700,2.3707111240148544,5.479999542236328,924475.9227752686
2009-06-09,SZ000755,102000,3.921175837826729,7.859999656677246,801719.9649810791
2009-06-09,SZ000878,55200,7.242172248029709,21.280000686645508,1174656.037902832
2009-06-09,SZ000960,45400,8.812642465782165,22.600000381469727,1026040.0173187256
2009-06-09,SZ002097,58900,6.792037438821792,16.049999237060547,945344.9550628662
2009-06-09,SZ002202,24200,16.50495,32.15999984741211,778271.996307373
2009-06-10,SH600008,105800,3.781133732891083,6.740000247955322,713092.0262336731
2009-06-10,SH600026,54700,7.302189713811874,13.820000648498535,755954.0354728699
2009-06-10,SH600110,107500,3.7211160286188125,7.320000171661377,786900.018453598
2009-06-10,SH600117,116200,3.4410320572376247,8.720000267028809,1013264.0310287476
2009-06-10,SH600158,120800,3.3109931812524795,9.520000457763672,1150016.0552978516
2009-06-10,SH600307,102500,3.9011703338861468,12.5600004196167,1287400.0430107117
2009-06-10,SH600309,47700,8.372510885524749,16.350000381469727,779895.018196106
2009-06-10,SH600376,83600,4.781433732891083,19.740001678466797,1650264.1403198242
2009-06-10,SH600380,138400,2.8908668664455415,6.450000286102295,892680.0395965576
2009-06-10,SH600432,50800,7.872360408544541,22.579999923706055,1147063.9961242676
2009-06-10,SH600456,42100,9.482843542099,25.060001373291016,1055026.0578155518
2009-06-10,SH600595,78800,5.071521171712876,11.19999885559082,882559.9098205566
2009-06-10,SH600748,67700,5.901769618415833,15.379999160766602,1041225.9431838989
2009-06-10,SH600804,78500,5.091526675653458,8.49000072479248,666465.0568962097
2009-06-10,SH601111,115900,3.451034809207916,6.87999963760376,797391.9579982758
2009-06-10,SH601168,72700,5.501650000000001,15.100000381469727,1097770.0277328491
2009-06-10,SH601588,160000,2.50075,5.62000036239624,899200.0579833984
2009-06-10,SZ000572,162600,2.4607380381584165,5.600000381469727,910560.0620269775
2009-06-10,SZ000581,96300,4.151245095396042,11.670000076293945,1123821.007347107
2009-06-10,SZ000751,168700,2.3707111240148544,5.519999980926514,931223.9967823029
2009-06-10,SZ000755,102000,3.921175837826729,8.100000381469727,826200.0389099121
2009-06-10,SZ000878,55200,7.242172248029709,21.549999237060547,1189559.9578857422
2009-06-10,SZ000960,45400,8.812642465782165,23.35999870300293,1060543.941116333
2009-06-10,SZ002097,58900,6.792037438821792,16.520000457763672,973028.0269622803
2009-06-10,SZ002202,24200,16.50495,31.31999969482422,757943.9926147461
2009-06-11,SH600008,105800,3.781133732891083,6.569999694824219,695105.9677124023
2009-06-11,SH600026,54700,7.302189713811874,13.84999942779541,757594.9687004089
2009-06-11,SH600110,107500,3.7211160286188125,7.440000057220459,799800.0061511993
2009-06-11,SH600117,116200,3.4410320572376247,8.300000190734863,964460.0221633911
2009-06-11,SH600158,120800,3.3109931812524795,9.539999961853027,1152431.9953918457
2009-06-11,SH600307,102500,3.9011703338861468,12.109999656677246,1241274.9648094177
2009-06-11,SH600309,47700,8.372510885524749,16.219999313354492,773693.9672470093
2009-06-11,SH600376,83600,4.781433732891083,19.700000762939453,1646920.0637817383
2009-06-11,SH600380,138400,2.8908668664455415,6.569999694824219,909287.9577636719
2009-06-11,SH600432,50800,7.872360408544541,21.969999313354492,1116075.9651184082
2009-06-11,SH600456,42100,9.482843542099,25.0,1052500.0
2009-06-11,SH600595,78800,5.071521171712876,10.640000343322754,838432.027053833
2009-06-11,SH600748,67700,5.901769618415833,14.819999694824219,1003313.9793395996
2009-06-11,SH600804,78500,5.091526675653458,8.390000343322754,658615.0269508362
2009-06-11,SH601111,115900,3.451034809207916,6.609999656677246,766098.9602088928
2009-06-11,SH601168,72700,5.501650000000001,14.699999809265137,1068689.9861335754
2009-06-11,SH601588,160000,2.50075,5.449999809265137,871999.9694824219
2009-06-11,SZ000572,162600,2.4607380381584165,5.519999980926514,897551.9968986511
2009-06-11,SZ000581,96300,4.151245095396042,11.739999771118164,1130561.9779586792
2009-06-11,SZ000751,168700,2.3707111240148544,5.339999675750732,900857.9452991486
2009-06-11,SZ000755,102000,3.921175837826729,8.100000381469727,826200.0389099121
2009-06-11,SZ000878,55200,7.242172248029709,21.489999771118164,1186247.9873657227
2009-06-11,SZ000960,45400,8.812642465782165,22.76999855041504,1033757.9341888428
2009-06-11,SZ002097,58900,6.792037438821792,15.979998588562012,941221.9168663025
2009-06-11,SZ002202,24200,16.50495,30.959999084472656,749231.9778442383
2009-06-12,SH600008,105800,3.781133732891083,6.37000036239624,673946.0383415222
2009-06-12,SH600026,54700,7.302189713811874,13.580000877380371,742826.0479927063
2009-06-12,SH600110,107500,3.7211160286188125,7.159999847412109,769699.9835968018
2009-06-12,SH600117,116200,3.4410320572376247,8.0,929600.0
2009-06-12,SH600158,120800,3.3109931812524795,9.270000457763672,1119816.0552978516
2009-06-12,SH600307,102500,3.9011703338861468,11.4399995803833,1172599.9569892883
2009-06-12,SH600309,47700,8.372510885524749,15.809999465942383,754136.9745254517
2009-06-12,SH600376,83600,4.781433732891083,19.900001525878906,1663640.1275634766
2009-06-12,SH600380,138400,2.8908668664455415,6.37000036239624,881608.0501556396
2009-06-12,SH600432,50800,7.872360408544541,21.260000228881836,1080008.0116271973
2009-06-12,SH600456,42100,9.482843542099,24.19999885559082,1018819.9518203735
2009-06-12,SH600595,78800,5.071521171712876,10.430000305175781,821884.0240478516
2009-06-12,SH600748,67700,5.901769618415833,14.779999732971191,1000605.9819221497
2009-06-12,SH600804,78500,5.091526675653458,8.130000114440918,638205.0089836121
2009-06-12,SH601111,115900,3.451034809207916,6.329999923706055,733646.9911575317
2009-06-12,SH601168,72700,5.501650000000001,14.589999198913574,1060692.9417610168
2009-06-12,SH601588,160000,2.50075,5.399999618530273,863999.9389648438
2009-06-12,SZ000572,162600,2.4607380381584165,5.300000190734863,861780.0310134888
2009-06-12,SZ000581,96300,4.151245095396042,11.210000038146973,1079523.0036735535
2009-06-12,SZ000751,168700,2.3707111240148544,5.199999809265137,877239.9678230286
2009-06-12,SZ000755,102000,3.921175837826729,7.910000324249268,806820.0330734253
2009-06-12,SZ000878,55200,7.242172248029709,21.03999900817871,1161407.9452514648
2009-06-12,SZ000960,45400,8.812642465782165,22.299999237060547,1012419.9653625488
2009-06-12,SZ002097,58900,6.792037438821792,15.680000305175781,923552.0179748535
2009-06-12,SZ002202,24200,16.50495,30.299999237060547,733259.9815368652
2009-06-15,SH600008,105800,3.781133732891083,6.420000076293945,679236.0080718994
2009-06-15,SH600026,54700,7.302189713811874,13.539999961853027,740637.9979133606
2009-06-15,SH600110,107500,3.7211160286188125,7.199999809265137,773999.9794960022
2009-06-15,SH600117,116200,3.4410320572376247,8.050000190734863,935410.0221633911
2009-06-15,SH600158,120800,3.3109931812524795,9.350000381469727,1129480.046081543
2009-06-15,SH600307,102500,3.9011703338861468,11.420000076293945,1170550.0078201294
2009-06-15,SH600309,47700,8.372510885524749,16.0,763200.0
2009-06-15,SH600376,83600,4.781433732891083,20.01999855041504,1673671.8788146973
2009-06-15,SH600380,138400,2.8908668664455415,6.409999847412109,887143.9788818359
2009-06-15,SH600432,50800,7.872360408544541,20.970001220703125,1065276.0620117188
2009-06-15,SH600456,42100,9.482843542099,23.5,989350.0
2009-06-15,SH600595,78800,5.071521171712876,10.530000686645508,829764.054107666
2009-06-15,SH600748,67700,5.901769618415833,15.170000076293945,1027009.0051651001
2009-06-15,SH600804,78500,5.091526675653458,8.260000228881836,648410.0179672241
2009-06-15,SH601111,115900,3.451034809207916,6.350000381469727,735965.0442123413
2009-06-15,SH601168,72700,5.501650000000001,14.789999961853027,1075232.997226715
2009-06-15,SH601588,160000,2.50075,5.5,880000.0
2009-06-15,SZ000572,162600,2.4607380381584165,5.369999885559082,873161.9813919067
2009-06-15,SZ000581,96300,4.151245095396042,11.15999984741211,1074707.9853057861
2009-06-15,SZ000751,168700,2.3707111240148544,5.239999771118164,883987.9613876343
2009-06-15,SZ000755,102000,3.921175837826729,7.940000534057617,809880.054473877
2009-06-15,SZ000878,55200,7.242172248029709,20.799999237060547,1148159.9578857422
2009-06-15,SZ000960,45400,8.812642465782165,21.979999542236328,997891.9792175293
2009-06-15,SZ002097,58900,6.792037438821792,15.899999618530273,936509.9775314331
2009-06-15,SZ002202,24200,16.50495,30.510000228881836,738342.0055389404
2009-06-16,SH600008,105800,3.781133732891083,6.360000133514404,672888.014125824
2009-06-16,SH600026,54700,7.302189713811874,13.410000801086426,733527.0438194275
2009-06-16,SH600110,107500,3.7211160286188125,7.109999656677246,764324.963092804
2009-06-16,SH600117,116200,3.4410320572376247,8.149999618530273,947029.9556732178
2009-06-16,SH600158,120800,3.3109931812524795,9.5600004196167,1154848.0506896973
2009-06-16,SH600307,102500,3.9011703338861468,11.6899995803833,1198224.9569892883
2009-06-16,SH600309,47700,8.372510885524749,15.499999046325684,739349.9545097351
2009-06-16,SH600376,83600,4.781433732891083,19.490001678466797,1629364.1403198242
2009-06-16,SH600380,138400,2.8908668664455415,6.4800004959106445,896832.0686340332
2009-06-16,SH600432,50800,7.872360408544541,20.869998931884766,1060195.945739746
2009-06-16,SH600456,42100,9.482843542099,23.5,989350.0
2009-06-16,SH600595,78800,5.071521171712876,10.389999389648438,818731.9519042969
2009-06-16,SH600748,67700,5.901769618415833,14.829998970031738,1003990.9302711487
2009-06-16,SH600804,78500,5.091526675653458,8.280000686645508,649980.0539016724
2009-06-16,SH601111,115900,3.451034809207916,6.309999942779541,731328.9933681488
2009-06-16,SH601168,72700,5.501650000000001,14.670000076293945,1066509.0055465698
2009-06-16,SH601588,160000,2.50075,5.430000305175781,868800.048828125
2009-06-16,SZ000572,162600,2.4607380381584165,5.300000190734863,861780.0310134888
2009-06-16,SZ000581,96300,4.151245095396042,11.179999351501465,1076633.937549591
2009-06-16,SZ000751,168700,2.3707111240148544,5.199999809265137,877239.9678230286
2009-06-16,SZ000755,102000,3.921175837826729,7.810000419616699,796620.0428009033
2009-06-16,SZ000878,55200,7.242172248029709,20.880001068115234,1152576.058959961
2009-06-16,SZ000960,45400,8.812642465782165,21.660001754760742,983364.0796661377
2009-06-16,SZ002097,58900,6.792037438821792,15.899999618530273,936509.9775314331
2009-06-16,SZ002202,24200,16.50495,30.110002517700195,728662.0609283447
2009-06-17,SH600008,105800,3.781133732891083,6.429999828338623,680293.9818382263
2009-06-17,SH600026,54700,7.302189713811874,13.529999732971191,740090.9853935242
2009-06-17,SH600110,107500,3.7211160286188125,7.159999847412109,769699.9835968018
2009-06-17,SH600117,116200,3.4410320572376247,8.220000267028809,955164.0310287476
2009-06-17,SH600158,120800,3.3109931812524795,9.9399995803833,1200751.9493103027
2009-06-17,SH600307,102500,3.9011703338861468,11.890000343322754,1218725.0351905823
2009-06-17,SH600309,47700,8.372510885524749,15.609999656677246,744596.9836235046
2009-06-17,SH600376,83600,4.781433732891083,20.899999618530273,1747239.9681091309
2009-06-17,SH600380,138400,2.8908668664455415,6.600000381469727,913440.0527954102
2009-06-17,SH600432,50800,7.872360408544541,21.459999084472656,1090167.953491211
2009-06-17,SH600456,42100,9.482843542099,23.489999771118164,988928.9903640747
2009-06-17,SH600595,78800,5.071521171712876,10.570000648498535,832916.0511016846
2009-06-17,SH600748,67700,5.901769618415833,15.74000072479248,1065598.049068451
2009-06-17,SH600804,78500,5.091526675653458,8.329999923706055,653904.9940109253
2009-06-17,SH601111,115900,3.451034809207916,6.320000648498535,732488.0751609802
2009-06-17,SH601168,72700,5.501650000000001,14.739999771118164,1071597.9833602905
2009-06-17,SH601588,160000,2.50075,5.739999771118164,918399.9633789062
2009-06-17,SZ000572,162600,2.4607380381584165,5.390000343322754,876414.0558242798
2009-06-17,SZ000581,96300,4.151245095396042,11.050000190734863,1064115.0183677673
2009-06-17,SZ000751,168700,2.3707111240148544,5.210000038146973,878927.0064353943
2009-06-17,SZ000755,102000,3.921175837826729,7.849999904632568,800699.990272522
2009-06-17,SZ000878,55200,7.242172248029709,21.150001525878906,1167480.0842285156
2009-06-17,SZ000960,45400,8.812642465782165,22.6299991607666,1027401.9618988037
2009-06-17,SZ002097,58900,6.792037438821792,16.219999313354492,955357.9595565796
2009-06-17,SZ002202,24200,16.50495,29.34000015258789,710028.003692627
2009-06-18,SH600008,105800,3.781133732891083,6.429999828338623,680293.9818382263
2009-06-18,SH600026,54700,7.302189713811874,13.699999809265137,749389.989566803
2009-06-18,SH600110,107500,3.7211160286188125,7.150000095367432,768625.0102519989
2009-06-18,SH600117,116200,3.4410320572376247,8.25,958650.0
2009-06-18,SH600158,120800,3.3109931812524795,9.870000839233398,1192296.1013793945
2009-06-18,SH600307,102500,3.9011703338861468,11.90999984741211,1220774.9843597412
2009-06-18,SH600309,47700,8.372510885524749,15.649999618530273,746504.981803894
2009-06-18,SH600376,83600,4.781433732891083,21.040000915527344,1758944.076538086
2009-06-18,SH600380,138400,2.8908668664455415,6.690000057220459,925896.0079193115
2009-06-18,SH600432,50800,7.872360408544541,21.469999313354492,1090675.9651184082
2009-06-18,SH600456,42100,9.482843542099,23.159997940063477,975035.9132766724
2009-06-18,SH600595,78800,5.071521171712876,10.600000381469727,835280.0300598145
2009-06-18,SH600748,67700,5.901769618415833,15.949999809265137,1079814.9870872498
2009-06-18,SH600804,78500,5.091526675653458,8.329999923706055,653904.9940109253
2009-06-18,SH601111,115900,3.451034809207916,6.499999523162842,753349.9447345734
2009-06-18,SH601168,72700,5.501650000000001,14.899999618530273,1083229.9722671509
2009-06-18,SH601588,160000,2.50075,5.650000095367432,904000.0152587891
2009-06-18,SZ000572,162600,2.4607380381584165,5.369999885559082,873161.9813919067
2009-06-18,SZ000581,96300,4.151245095396042,11.200000762939453,1078560.0734710693
2009-06-18,SZ000751,168700,2.3707111240148544,5.21999979019165,880613.9646053314
2009-06-18,SZ000755,102000,3.921175837826729,7.929999828338623,808859.9824905396
2009-06-18,SZ000878,55200,7.242172248029709,21.28999900817871,1175207.9452514648
2009-06-18,SZ000960,45400,8.812642465782165,22.6200008392334,1026948.0381011963
2009-06-18,SZ002097,58900,6.792037438821792,16.369998931884766,964192.9370880127
2009-06-18,SZ002202,24200,16.50495,29.81999969482422,721643.9926147461
2009-06-19,SH600008,105800,3.781133732891083,6.59999942779541,698279.9394607544
2009-06-19,SH600026,54700,7.302189713811874,14.149999618530273,774004.979133606
2009-06-19,SH600110,107500,3.7211160286188125,7.150000095367432,768625.0102519989
2009-06-19,SH600117,116200,3.4410320572376247,8.180000305175781,950516.0354614258
2009-06-19,SH600158,120800,3.3109931812524795,9.670000076293945,1168136.0092163086
2009-06-19,SH600307,102500,3.9011703338861468,11.99000072479248,1228975.0742912292
2009-06-19,SH600309,47700,8.372510885524749,16.139999389648438,769877.9708862305
2009-06-19,SH600376,83600,4.781433732891083,21.880001068115234,1829168.0892944336
2009-06-19,SH600380,138400,2.8908668664455415,6.670000076293945,923128.010559082
2009-06-19,SH600432,50800,7.872360408544541,20.989999771118164,1066291.9883728027
2009-06-19,SH600456,42100,9.482843542099,22.59000015258789,951039.0064239502
2009-06-19,SH600595,78800,5.071521171712876,10.4399995803833,822671.9669342041
2009-06-19,SH600748,67700,5.901769618415833,16.09000015258789,1089293.0103302002
2009-06-19,SH600804,78500,5.091526675653458,8.519999504089355,668819.9610710144
2009-06-19,SH601111,115900,3.451034809207916,6.670000076293945,773053.0088424683
2009-06-19,SH601168,72700,5.501650000000001,14.610000610351562,1062147.0443725586
2009-06-19,SH601588,160000,2.50075,5.860000133514404,937600.0213623047
2009-06-19,SZ000572,162600,2.4607380381584165,5.390000343322754,876414.0558242798
2009-06-19,SZ000581,96300,4.151245095396042,11.050000190734863,1064115.0183677673
2009-06-19,SZ000751,168700,2.3707111240148544,5.199999809265137,877239.9678230286
2009-06-19,SZ000755,102000,3.921175837826729,7.87999963760376,803759.9630355835
2009-06-19,SZ000878,55200,7.242172248029709,21.0,1159200.0
2009-06-19,SZ000960,45400,8.812642465782165,22.290000915527344,1011966.0415649414
2009-06-19,SZ002097,58900,6.792037438821792,16.160001754760742,951824.1033554077
2009-06-19,SZ002202,24200,16.50495,29.299999237060547,709059.9815368652
2009-06-22,SH600008,105800,3.781133732891083,6.560000419616699,694048.0443954468
2009-06-22,SH600026,54700,7.302189713811874,13.579999923706055,742825.9958267212
2009-06-22,SH600110,107500,3.7211160286188125,7.12999963760376,766474.9610424042
2009-06-22,SH600117,116200,3.4410320572376247,8.399999618530273,976079.9556732178
2009-06-22,SH600158,120800,3.3109931812524795,9.670000076293945,1168136.0092163086
2009-06-22,SH600307,102500,3.9011703338861468,12.699999809265137,1301749.9804496765
2009-06-22,SH600309,47700,8.372510885524749,15.779999732971191,752705.9872627258
2009-06-22,SH600376,83600,4.781433732891083,21.349998474121094,1784859.8724365234
2009-06-22,SH600380,138400,2.8908668664455415,6.450000286102295,892680.0395965576
2009-06-22,SH600432,50800,7.872360408544541,20.600000381469727,1046480.0193786621
2009-06-22,SH600456,42100,9.482843542099,22.80000114440918,959880.0481796265
2009-06-22,SH600595,78800,5.071521171712876,10.550000190734863,831340.0150299072
2009-06-22,SH600748,67700,5.901769618415833,15.480001449584961,1047996.0981369019
2009-06-22,SH600804,78500,5.091526675653458,8.680000305175781,681380.0239562988
2009-06-22,SH601111,115900,3.451034809207916,6.690000057220459,775371.0066318512
2009-06-22,SH601168,72700,5.501650000000001,14.420000076293945,1048334.0055465698
2009-06-22,SH601588,160000,2.50075,5.789999961853027,926399.9938964844
2009-06-22,SZ000572,162600,2.4607380381584165,5.360000133514404,871536.0217094421
2009-06-22,SZ000581,96300,4.151245095396042,11.079999923706055,1067003.992652893
2009-06-22,SZ000751,168700,2.3707111240148544,5.21999979019165,880613.9646053314
2009-06-22,SZ000755,102000,3.921175837826729,8.149999618530273,831299.9610900879
2009-06-22,SZ000878,55200,7.242172248029709,20.71000099182129,1143192.0547485352
2009-06-22,SZ000960,45400,8.812642465782165,21.700000762939453,985180.0346374512
2009-06-22,SZ002097,58900,6.792037438821792,16.329999923706055,961836.9955062866
2009-06-22,SZ002202,24200,16.50495,28.720001220703125,695024.0295410156
2009-06-23,SH600008,105800,3.781133732891083,6.449999809265137,682409.9798202515
2009-06-23,SH600026,54700,7.302189713811874,13.170000076293945,720399.0041732788
2009-06-23,SH600110,107500,3.7211160286188125,7.020000457763672,754650.0492095947
2009-06-23,SH600117,116200,3.4410320572376247,8.84999942779541,1028369.9335098267
2009-06-23,SH600158,120800,3.3109931812524795,9.50999927520752,1148807.9124450684
2009-06-23,SH600307,102500,3.9011703338861468,13.670000076293945,1401175.0078201294
2009-06-23,SH600309,47700,8.372510885524749,15.89000129699707,757953.0618667603
2009-06-23,SH600376,83600,4.781433732891083,21.270000457763672,1778172.038269043
2009-06-23,SH600380,138400,2.8908668664455415,6.399999618530273,885759.9472045898
2009-06-23,SH600432,50800,7.872360408544541,20.25,1028700.0
2009-06-23,SH600456,42100,9.482843542099,22.190000534057617,934199.0224838257
2009-06-23,SH600595,78800,5.071521171712876,10.239999771118164,806911.9819641113
2009-06-23,SH600748,67700,5.901769618415833,15.25999927520752,1033101.9509315491
2009-06-23,SH600804,78500,5.091526675653458,8.529999732971191,669604.9790382385
2009-06-23,SH601111,115900,3.451034809207916,6.849999904632568,793914.9889469147
2009-06-23,SH601168,72700,5.501650000000001,14.229999542236328,1034520.966720581
2009-06-23,SH601588,160000,2.50075,5.699999809265137,911999.9694824219
2009-06-23,SZ000572,162600,2.4607380381584165,5.380000114440918,874788.0186080933
2009-06-23,SZ000581,96300,4.151245095396042,10.880000114440918,1047744.0110206604
2009-06-23,SZ000751,168700,2.3707111240148544,5.479999542236328,924475.9227752686
2009-06-23,SZ000755,102000,3.921175837826729,7.940000534057617,809880.054473877
2009-06-23,SZ000878,55200,7.242172248029709,20.25,1117800.0
2009-06-23,SZ000960,45400,8.812642465782165,21.170000076293945,961118.0034637451
2009-06-23,SZ002097,58900,6.792037438821792,17.30000114440918,1018970.0674057007
2009-06-23,SZ002202,24200,16.50495,28.600000381469727,692120.0092315674
2009-06-24,SH600008,105800,3.781133732891083,6.589999675750732,697221.9656944275
2009-06-24,SH600026,54700,7.302189713811874,13.300000190734863,727510.010433197
2009-06-24,SH600110,107500,3.7211160286188125,7.190000057220459,772925.0061511993
2009-06-24,SH600117,116200,3.4410320572376247,9.140000343322754,1062068.039894104
2009-06-24,SH600158,120800,3.3109931812524795,9.579999923706055,1157263.9907836914
2009-06-24,SH600307,102500,3.9011703338861468,13.59000015258789,1392975.0156402588
2009-06-24,SH600309,47700,8.372510885524749,16.5,787050.0
2009-06-24,SH600376,83600,4.781433732891083,20.959999084472656,1752255.923461914
2009-06-24,SH600380,138400,2.8908668664455415,6.4800004959106445,896832.0686340332
2009-06-24,SH600432,50800,7.872360408544541,21.73000144958496,1103884.073638916
2009-06-24,SH600456,42100,9.482843542099,23.309999465942383,981350.9775161743
2009-06-24,SH600595,78800,5.071521171712876,10.600000381469727,835280.0300598145
2009-06-24,SH600748,67700,5.901769618415833,15.529999732971191,1051380.9819221497
2009-06-24,SH600804,78500,5.091526675653458,8.470000267028809,664895.0209617615
2009-06-24,SH601111,115900,3.451034809207916,7.139999866485596,827525.9845256805
2009-06-24,SH601168,72700,5.501650000000001,14.859999656677246,1080321.9750404358
2009-06-24,SH601588,160000,2.50075,5.78000020980835,924800.0335693359
2009-06-24,SZ000572,162600,2.4607380381584165,5.460000038146973,887796.0062026978
2009-06-24,SZ000581,96300,4.151245095396042,10.90999984741211,1050632.9853057861
2009-06-24,SZ000751,168700,2.3707111240148544,5.53000020980835,932911.0353946686
2009-06-24,SZ000755,102000,3.921175837826729,8.020000457763672,818040.0466918945
2009-06-24,SZ000878,55200,7.242172248029709,21.639999389648438,1194527.9663085938
2009-06-24,SZ000960,45400,8.812642465782165,22.249998092651367,1010149.9134063721
2009-06-24,SZ002097,58900,6.792037438821792,17.709999084472656,1043118.9460754395
2009-06-24,SZ002202,24200,16.50495,30.169998168945312,730113.9556884766
2009-06-25,SH600008,105800,3.781133732891083,6.619999408721924,700395.9374427795
2009-06-25,SH600026,54700,7.302189713811874,13.089999198913574,716022.9561805725
2009-06-25,SH600110,107500,3.7211160286188125,7.109999656677246,764324.963092804
2009-06-25,SH600117,116200,3.4410320572376247,9.559999465942383,1110871.9379425049
2009-06-25,SH600158,120800,3.3109931812524795,9.610000610351562,1160888.0737304688
2009-06-25,SH600307,102500,3.9011703338861468,13.84000015258789,1418600.0156402588
2009-06-25,SH600309,47700,8.372510885524749,16.420000076293945,783234.0036392212
2009-06-25,SH600376,83600,4.781433732891083,20.989999771118164,1754763.9808654785
2009-06-25,SH600380,138400,2.8908668664455415,6.389999866485596,884375.9815216064
2009-06-25,SH600432,50800,7.872360408544541,21.459999084472656,1090167.953491211
2009-06-25,SH600456,42100,9.482843542099,22.770000457763672,958617.0192718506
2009-06-25,SH600595,78800,5.071521171712876,10.600000381469727,835280.0300598145
2009-06-25,SH600748,67700,5.901769618415833,15.75,1066275.0
2009-06-25,SH600804,78500,5.091526675653458,8.329999923706055,653904.9940109253
2009-06-25,SH601111,115900,3.451034809207916,6.940000057220459,804346.0066318512
2009-06-25,SH601168,72700,5.501650000000001,14.670000076293945,1066509.0055465698
2009-06-25,SH601588,160000,2.50075,5.860000133514404,937600.0213623047
2009-06-25,SZ000572,162600,2.4607380381584165,5.369999885559082,873161.9813919067
2009-06-25,SZ000581,96300,4.151245095396042,11.09000015258789,1067967.0146942139
2009-06-25,SZ000751,168700,2.3707111240148544,5.359999656677246,904231.9420814514
2009-06-25,SZ000755,102000,3.921175837826729,8.029999732971191,819059.9727630615
2009-06-25,SZ000878,55200,7.242172248029709,21.18000030517578,1169136.0168457031
2009-06-25,SZ000960,45400,8.812642465782165,21.76000213623047,987904.0969848633
2009-06-25,SZ002097,58900,6.792037438821792,17.89000129699707,1053721.0763931274
2009-06-25,SZ002202,24200,16.50495,29.619998931884766,716803.9741516113
2009-06-26,SH600008,105800,3.781133732891083,6.569999694824219,695105.9677124023
2009-06-26,SH600026,54700,7.302189713811874,13.360000610351562,730792.0333862305
2009-06-26,SH600110,107500,3.7211160286188125,7.099999904632568,763249.9897480011
2009-06-26,SH600117,116200,3.4410320572376247,9.739999771118164,1131787.9734039307
2009-06-26,SH600158,120800,3.3109931812524795,9.610000610351562,1160888.0737304688
2009-06-26,SH600307,102500,3.9011703338861468,13.579999923706055,1391949.9921798706
2009-06-26,SH600309,47700,8.372510885524749,16.05000114440918,765585.0545883179
2009-06-26,SH600376,83600,4.781433732891083,21.15999984741211,1768975.9872436523
2009-06-26,SH600380,138400,2.8908668664455415,6.450000286102295,892680.0395965576
2009-06-26,SH600432,50800,7.872360408544541,21.56999969482422,1095755.9844970703
2009-06-26,SH600456,42100,9.482843542099,22.559999465942383,949775.9775161743
2009-06-26,SH600595,78800,5.071521171712876,10.410000801086426,820308.0631256104
2009-06-26,SH600748,67700,5.901769618415833,16.850000381469727,1140745.0258255005
2009-06-26,SH600804,78500,5.091526675653458,8.350000381469727,655475.0299453735
2009-06-26,SH601111,115900,3.451034809207916,6.819999694824219,790437.964630127
2009-06-26,SH601168,72700,5.501650000000001,14.539999961853027,1057057.997226715
2009-06-26,SH601588,160000,2.50075,5.980000019073486,956800.0030517578
2009-06-26,SZ000572,162600,2.4607380381584165,5.349999904632568,869909.9844932556
2009-06-26,SZ000581,96300,4.151245095396042,10.99000072479248,1058337.0697975159
2009-06-26,SZ000751,168700,2.3707111240148544,5.450000286102295,919415.0482654572
2009-06-26,SZ000755,102000,3.921175837826729,8.220000267028809,838440.0272369385
2009-06-26,SZ000878,55200,7.242172248029709,21.059999465942383,1162511.9705200195
2009-06-26,SZ000960,45400,8.812642465782165,21.89000129699707,993806.058883667
2009-06-26,SZ002097,58900,6.792037438821792,17.709999084472656,1043118.9460754395
2009-06-26,SZ002202,24200,16.50495,29.969999313354492,725273.9833831787
2009-06-29,SH600008,105800,3.781133732891083,6.679999828338623,706743.9818382263
2009-06-29,SH600026,54700,7.302189713811874,13.239998817443848,724227.9353141785
2009-06-29,SH600110,107500,3.7211160286188125,7.12000036239624,765400.0389575958
2009-06-29,SH600117,116200,3.4410320572376247,10.25,1191050.0
2009-06-29,SH600158,120800,3.3109931812524795,9.770000457763672,1180216.0552978516
2009-06-29,SH600307,102500,3.9011703338861468,13.510000228881836,1384775.0234603882
2009-06-29,SH600309,47700,8.372510885524749,15.899999618530273,758429.981803894
2009-06-29,SH600376,83600,4.781433732891083,21.15999984741211,1768975.9872436523
2009-06-29,SH600380,138400,2.8908668664455415,6.429999828338623,889911.9762420654
2009-06-29,SH600432,50800,7.872360408544541,21.700000762939453,1102360.0387573242
2009-06-29,SH600456,42100,9.482843542099,22.68000030517578,954828.0128479004
2009-06-29,SH600595,78800,5.071521171712876,10.510001182556152,828188.0931854248
2009-06-29,SH600748,67700,5.901769618415833,16.850000381469727,1140745.0258255005
2009-06-29,SH600804,78500,5.091526675653458,8.380000114440918,657830.0089836121
2009-06-29,SH601111,115900,3.451034809207916,7.12000036239624,825208.0420017242
2009-06-29,SH601168,72700,5.501650000000001,14.699999809265137,1068689.9861335754
2009-06-29,SH601588,160000,2.50075,6.139999866485596,982399.9786376953
2009-06-29,SZ000572,162600,2.4607380381584165,5.349999904632568,869909.9844932556
2009-06-29,SZ000581,96300,4.151245095396042,10.770000457763672,1037151.0440826416
2009-06-29,SZ000751,168700,2.3707111240148544,5.450000286102295,919415.0482654572
2009-06-29,SZ000755,102000,3.921175837826729,8.15999984741211,832319.9844360352
2009-06-29,SZ000878,55200,7.242172248029709,21.18000030517578,1169136.0168457031
2009-06-29,SZ000960,45400,8.812642465782165,22.229999542236328,1009241.9792175293
2009-06-29,SZ002097,58900,6.792037438821792,17.42999839782715,1026626.905632019
2009-06-29,SZ002202,24200,16.50495,30.31999969482422,733743.9926147461
2009-06-30,SH600008,105800,3.781133732891083,6.549999713897705,692989.9697303772
2009-06-30,SH600026,54700,7.302189713811874,12.909998893737793,706176.9394874573
2009-06-30,SH600110,107500,3.7211160286188125,7.150000095367432,768625.0102519989
2009-06-30,SH600117,116200,3.4410320572376247,10.15000057220459,1179430.0664901733
2009-06-30,SH600158,120800,3.3109931812524795,9.460000038146973,1142768.0046081543
2009-06-30,SH600307,102500,3.9011703338861468,13.59000015258789,1392975.0156402588
2009-06-30,SH600309,47700,8.372510885524749,15.769998550415039,752228.9308547974
2009-06-30,SH600376,83600,4.781433732891083,21.15999984741211,1768975.9872436523
2009-06-30,SH600380,138400,2.8908668664455415,6.450000286102295,892680.0395965576
2009-06-30,SH600432,50800,7.872360408544541,22.55000114440918,1145540.0581359863
2009-06-30,SH600456,42100,9.482843542099,22.899999618530273,964089.9839401245
2009-06-30,SH600595,78800,5.071521171712876,10.40000057220459,819520.0450897217
2009-06-30,SH600748,67700,5.901769618415833,17.280000686645508,1169856.0464859009
2009-06-30,SH600804,78500,5.091526675653458,8.229999542236328,646054.9640655518
2009-06-30,SH601111,115900,3.451034809207916,7.019999980926514,813617.9977893829
2009-06-30,SH601168,72700,5.501650000000001,15.239999771118164,1107947.9833602905
2009-06-30,SH601588,160000,2.50075,6.03000020980835,964800.0335693359
2009-06-30,SZ000572,162600,2.4607380381584165,5.180000305175781,842268.049621582
2009-06-30,SZ000581,96300,4.151245095396042,10.979999542236328,1057373.9559173584
2009-06-30,SZ000751,168700,2.3707111240148544,5.680000305175781,958216.0514831543
2009-06-30,SZ000755,102000,3.921175837826729,7.78000020980835,793560.0214004517
2009-06-30,SZ000878,55200,7.242172248029709,21.580001831054688,1191216.1010742188
2009-06-30,SZ000960,45400,8.812642465782165,22.68000030517578,1029672.0138549805
2009-06-30,SZ002097,58900,6.792037438821792,17.5,1030750.0
2009-06-30,SZ002202,24200,16.50495,30.1200008392334,728904.0203094482
2009-07-01,SH600008,105800,3.781133732891083,6.560000419616699,694048.0443954468
2009-07-01,SH600026,54700,7.302189713811874,13.140000343322754,718758.0187797546
2009-07-01,SH600110,107500,3.7211160286188125,7.329999923706055,787974.9917984009
2009-07-01,SH600117,116200,3.4410320572376247,10.59999942779541,1231719.9335098267
2009-07-01,SH600158,120800,3.3109931812524795,9.719999313354492,1174175.9170532227
2009-07-01,SH600307,102500,3.9011703338861468,14.949999809265137,1532374.9804496765
2009-07-01,SH600309,47700,8.372510885524749,15.769998550415039,752228.9308547974
2009-07-01,SH600376,83600,4.781433732891083,23.270000457763672,1945372.038269043
2009-07-01,SH600380,138400,2.8908668664455415,6.660000324249268,921744.0448760986
2009-07-01,SH600432,50800,7.872360408544541,23.020000457763672,1169416.0232543945
2009-07-01,SH600456,42100,9.482843542099,22.990001678466797,967879.0706634521
2009-07-01,SH600595,78800,5.071521171712876,10.25999927520752,808487.9428863525
2009-07-01,SH600748,67700,5.901769618415833,18.729999542236328,1268020.9690093994
2009-07-01,SH600804,78500,5.091526675653458,8.239999771118164,646839.9820327759
2009-07-01,SH601111,115900,3.451034809207916,6.989999771118164,810140.9734725952
2009-07-01,SH601168,72700,5.501650000000001,15.220001220703125,1106494.0887451172
2009-07-01,SH601588,160000,2.50075,6.279999732971191,1004799.9572753906
2009-07-01,SZ000572,162600,2.4607380381584165,5.229999542236328,850397.925567627
2009-07-01,SZ000581,96300,4.151245095396042,11.6899995803833,1125746.9595909119
2009-07-01,SZ000751,168700,2.3707111240148544,5.600000381469727,944720.0643539429
2009-07-01,SZ000755,102000,3.921175837826729,7.789999961853027,794579.9961090088
2009-07-01,SZ000878,55200,7.242172248029709,21.380001068115234,1180176.058959961
2009-07-01,SZ000960,45400,8.812642465782165,22.860000610351562,1037844.0277099609
2009-07-01,SZ002097,58900,6.792037438821792,17.30000114440918,1018970.0674057007
2009-07-01,SZ002202,24200,16.50495,30.399999618530273,735679.9907684326
2009-07-02,SH600008,105800,3.781133732891083,6.650000095367432,703570.0100898743
2009-07-02,SH600026,54700,7.302189713811874,13.460000038146973,736262.0020866394
2009-07-02,SH600110,107500,3.7211160286188125,7.230000019073486,777225.0020503998
2009-07-02,SH600117,116200,3.4410320572376247,10.710000038146973,1244502.0044326782
2009-07-02,SH600158,120800,3.3109931812524795,10.100000381469727,1220080.046081543
2009-07-02,SH600307,102500,3.9011703338861468,14.90999984741211,1528274.9843597412
2009-07-02,SH600309,47700,8.372510885524749,16.079999923706055,767015.9963607788
2009-07-02,SH600376,83600,4.781433732891083,23.439998626708984,1959583.885192871
2009-07-02,SH600380,138400,2.8908668664455415,6.590000152587891,912056.0211181641
2009-07-02,SH600432,50800,7.872360408544541,23.5,1193800.0
2009-07-02,SH600456,42100,9.482843542099,23.850000381469727,1004085.0160598755
2009-07-02,SH600595,78800,5.071521171712876,10.430000305175781,821884.0240478516
2009-07-02,SH600748,67700,5.901769618415833,18.979999542236328,1284945.9690093994
2009-07-02,SH600804,78500,5.091526675653458,8.49000072479248,666465.0568962097
2009-07-02,SH601111,115900,3.451034809207916,7.039999961853027,815935.9955787659
2009-07-02,SH601168,72700,5.501650000000001,15.479999542236328,1125395.966720581
2009-07-02,SH601588,160000,2.50075,6.679999351501465,1068799.8962402344
2009-07-02,SZ000572,162600,2.4607380381584165,5.190000057220459,843894.0093040466
2009-07-02,SZ000581,96300,4.151245095396042,11.730000495910645,1129599.047756195
2009-07-02,SZ000751,168700,2.3707111240148544,5.670000076293945,956529.0128707886
2009-07-02,SZ000755,102000,3.921175837826729,7.849999904632568,800699.990272522
2009-07-02,SZ000878,55200,7.242172248029709,21.8799991607666,1207775.9536743164
2009-07-02,SZ000960,45400,8.812642465782165,23.03999900817871,1046015.9549713135
2009-07-02,SZ002097,58900,6.792037438821792,18.1200008392334,1067268.0494308472
2009-07-02,SZ002202,24200,16.50495,31.190000534057617,754798.0129241943
2009-07-03,SH600008,105800,3.781133732891083,6.849999904632568,724729.9899101257
2009-07-03,SH600026,54700,7.302189713811874,13.470000267028809,736809.0146064758
2009-07-03,SH600110,107500,3.7211160286188125,7.139999866485596,767549.9856472015
2009-07-03,SH600117,116200,3.4410320572376247,10.9399995803833,1271227.9512405396
2009-07-03,SH600158,120800,3.3109931812524795,10.1899995803833,1230951.9493103027
2009-07-03,SH600307,102500,3.9011703338861468,15.09000015258789,1546725.0156402588
2009-07-03,SH600309,47700,8.372510885524749,15.819999694824219,754613.9854431152
2009-07-03,SH600376,83600,4.781433732891083,25.510000228881836,2132636.0191345215
2009-07-03,SH600380,138400,2.8908668664455415,6.5,899600.0
2009-07-03,SH600432,50800,7.872360408544541,23.399999618530273,1188719.980621338
2009-07-03,SH600456,42100,9.482843542099,23.64999771118164,995664.9036407471
2009-07-03,SH600595,78800,5.071521171712876,10.350000381469727,815580.0300598145
2009-07-03,SH600748,67700,5.901769618415833,20.8799991607666,1413575.943183899
2009-07-03,SH600804,78500,5.091526675653458,8.40999984741211,660184.9880218506
2009-07-03,SH601111,115900,3.451034809207916,6.980000019073486,808982.0022106171
2009-07-03,SH601168,72700,5.501650000000001,15.220001220703125,1106494.0887451172
2009-07-03,SH601588,160000,2.50075,6.909999847412109,1105599.9755859375
2009-07-03,SZ000572,162600,2.4607380381584165,5.260000228881836,855276.0372161865
2009-07-03,SZ000581,96300,4.151245095396042,11.419999122619629,1099745.9155082703
2009-07-03,SZ000751,168700,2.3707111240148544,5.779999732971191,975085.95495224
2009-07-03,SZ000755,102000,3.921175837826729,7.940000534057617,809880.054473877
2009-07-03,SZ000878,55200,7.242172248029709,21.899999618530273,1208879.978942871
2009-07-03,SZ000960,45400,8.812642465782165,22.68000030517578,1029672.0138549805
2009-07-03,SZ002097,58900,6.792037438821792,17.970001220703125,1058433.071899414
2009-07-03,SZ002202,24200,16.50495,30.89999771118164,747779.9446105957
2009-07-06,SH600008,105800,3.781133732891083,6.7699995040893555,716265.9475326538
2009-07-06,SH600026,54700,7.302189713811874,13.960000038146973,763612.0020866394
2009-07-06,SH600110,107500,3.7211160286188125,7.109999656677246,764324.963092804
2009-07-06,SH600117,116200,3.4410320572376247,12.029999732971191,1397885.9689712524
2009-07-06,SH600158,120800,3.3109931812524795,10.079999923706055,1217663.9907836914
2009-07-06,SH600307,102500,3.9011703338861468,16.28999900817871,1669724.8983383179
2009-07-06,SH600309,47700,8.372510885524749,16.239999771118164,774647.9890823364
2009-07-06,SH600376,83600,4.781433732891083,26.15999984741211,2186975.9872436523
2009-07-06,SH600380,138400,2.8908668664455415,6.590000152587891,912056.0211181641
2009-07-06,SH600432,50800,7.872360408544541,23.369998931884766,1187195.945739746
2009-07-06,SH600456,42100,9.482843542099,23.8799991607666,1005347.9646682739
2009-07-06,SH600595,78800,5.071521171712876,10.710000038146973,843948.0030059814
2009-07-06,SH600748,67700,5.901769618415833,20.71000099182129,1402067.0671463013
2009-07-06,SH600804,78500,5.091526675653458,8.850000381469727,694725.0299453735
2009-07-06,SH601111,115900,3.451034809207916,7.430000305175781,861137.035369873
2009-07-06,SH601168,72700,5.501650000000001,15.279999732971191,1110855.9805870056
2009-07-06,SH601588,160000,2.50075,6.830000400543213,1092800.064086914
2009-07-06,SZ000572,162600,2.4607380381584165,5.360000133514404,871536.0217094421
2009-07-06,SZ000581,96300,4.151245095396042,11.280000686645508,1086264.0661239624
2009-07-06,SZ000751,168700,2.3707111240148544,5.990000247955322,1010513.0418300629
2009-07-06,SZ000755,102000,3.921175837826729,8.050000190734863,821100.019454956
2009-07-06,SZ000878,55200,7.242172248029709,22.89999771118164,1264079.8736572266
2009-07-06,SZ000960,45400,8.812642465782165,23.1299991607666,1050101.9618988037
2009-07-06,SZ002097,58900,6.792037438821792,19.219999313354492,1132057.9595565796
2009-07-06,SZ002202,24200,16.50495,30.959999084472656,749231.9778442383
2009-07-07,SH600008,105800,3.781133732891083,6.960000038146973,736368.0040359497
2009-07-07,SH600026,54700,7.302189713811874,14.039999008178711,767987.9457473755
2009-07-07,SH600110,107500,3.7211160286188125,7.12999963760376,766474.9610424042
2009-07-07,SH600117,116200,3.4410320572376247,11.889999389648438,1381617.9290771484
2009-07-07,SH600158,120800,3.3109931812524795,9.84000015258789,1188672.0184326172
2009-07-07,SH600307,102500,3.9011703338861468,15.660000801086426,1605150.0821113586
2009-07-07,SH600309,47700,8.372510885524749,16.68000030517578,795636.0145568848
2009-07-07,SH600376,83600,4.781433732891083,24.18000030517578,2021448.0255126953
2009-07-07,SH600380,138400,2.8908668664455415,6.9599995613098145,963263.9392852783
2009-07-07,SH600432,50800,7.872360408544541,22.920000076293945,1164336.0038757324
2009-07-07,SH600456,42100,9.482843542099,22.990001678466797,967879.0706634521
2009-07-07,SH600595,78800,5.071521171712876,10.65999984741211,840007.9879760742
2009-07-07,SH600748,67700,5.901769618415833,19.619998931884766,1328273.9276885986
2009-07-07,SH600804,78500,5.091526675653458,8.839999198913574,693939.9371147156
2009-07-07,SH601111,115900,3.451034809207916,7.549999713897705,875044.966840744
2009-07-07,SH601168,72700,5.501650000000001,14.949999809265137,1086864.9861335754
2009-07-07,SH601588,160000,2.50075,6.650000095367432,1064000.015258789
2009-07-07,SZ000572,162600,2.4607380381584165,5.390000343322754,876414.0558242798
2009-07-07,SZ000581,96300,4.151245095396042,11.370000839233398,1094931.0808181763
2009-07-07,SZ000751,168700,2.3707111240148544,5.899999618530273,995329.9356460571
2009-07-07,SZ000755,102000,3.921175837826729,8.039999961853027,820079.9961090088
2009-07-07,SZ000878,55200,7.242172248029709,22.68000030517578,1251936.0168457031
2009-07-07,SZ000960,45400,8.812642465782165,22.829998016357422,1036481.909942627
2009-07-07,SZ002097,58900,6.792037438821792,18.57000160217285,1093773.094367981
2009-07-07,SZ002202,24200,16.50495,30.699996948242188,742939.9261474609
2009-07-08,SH600008,105800,3.781133732891083,6.8600006103515625,725788.0645751953
2009-07-08,SH600026,54700,7.302189713811874,13.879999160766602,759235.9540939331
2009-07-08,SH600110,107500,3.7211160286188125,7.12000036239624,765400.0389575958
2009-07-08,SH600117,116200,3.4410320572376247,11.960000038146973,1389752.0044326782
2009-07-08,SH600158,120800,3.3109931812524795,9.930000305175781,1199544.0368652344
2009-07-08,SH600307,102500,3.9011703338861468,15.569999694824219,1595924.9687194824
2009-07-08,SH600309,47700,8.372510885524749,16.920000076293945,807084.0036392212
2009-07-08,SH600376,83600,4.781433732891083,24.779998779296875,2071607.8979492188
2009-07-08,SH600380,138400,2.8908668664455415,7.659999847412109,1060143.978881836
2009-07-08,SH600432,50800,7.872360408544541,22.729999542236328,1154683.9767456055
2009-07-08,SH600456,42100,9.482843542099,22.600000381469727,951460.0160598755
2009-07-08,SH600595,78800,5.071521171712876,10.960000991821289,863648.0781555176
2009-07-08,SH600748,67700,5.901769618415833,20.600000381469727,1394620.0258255005
2009-07-08,SH600804,78500,5.091526675653458,9.139999389648438,717489.9520874023
2009-07-08,SH601111,115900,3.451034809207916,7.78000020980835,901702.0243167877
2009-07-08,SH601168,72700,5.501650000000001,14.869999885559082,1081048.9916801453
2009-07-08,SH601588,160000,2.50075,6.849999904632568,1095999.984741211
2009-07-08,SZ000572,162600,2.4607380381584165,5.429999828338623,882917.9720878601
2009-07-08,SZ000581,96300,4.151245095396042,11.280000686645508,1086264.0661239624
2009-07-08,SZ000751,168700,2.3707111240148544,5.789999961853027,976772.9935646057
2009-07-08,SZ000755,102000,3.921175837826729,8.140000343322754,830280.0350189209
2009-07-08,SZ000878,55200,7.242172248029709,22.350000381469727,1233720.021057129
2009-07-08,SZ000960,45400,8.812642465782165,22.720001220703125,1031488.0554199219
2009-07-08,SZ002097,58900,6.792037438821792,18.610000610351562,1096129.035949707
2009-07-08,SZ002202,24200,16.50495,30.440000534057617,736648.0129241943
2009-07-09,SH600008,105800,3.781133732891083,7.0,740600.0
2009-07-09,SH600026,54700,7.302189713811874,14.199999809265137,776739.989566803
2009-07-09,SH600110,107500,3.7211160286188125,7.360000133514404,791200.0143527985
2009-07-09,SH600117,116200,3.4410320572376247,12.09000015258789,1404858.017730713
2009-07-09,SH600158,120800,3.3109931812524795,10.109999656677246,1221287.9585266113
2009-07-09,SH600307,102500,3.9011703338861468,15.660000801086426,1605150.0821113586
2009-07-09,SH600309,47700,8.372510885524749,16.889999389648438,805652.9708862305
2009-07-09,SH600376,83600,4.781433732891083,25.18000030517578,2105048.0255126953
2009-07-09,SH600380,138400,2.8908668664455415,7.780000686645508,1076752.0950317383
2009-07-09,SH600432,50800,7.872360408544541,23.059999465942383,1171447.972869873
2009-07-09,SH600456,42100,9.482843542099,23.399999618530273,985139.9839401245
2009-07-09,SH600595,78800,5.071521171712876,11.140000343322754,877832.027053833
2009-07-09,SH600748,67700,5.901769618415833,19.989999771118164,1353322.9845046997
2009-07-09,SH600804,78500,5.091526675653458,9.180000305175781,720630.0239562988
2009-07-09,SH601111,115900,3.451034809207916,8.199999809265137,950379.9778938293
2009-07-09,SH601168,72700,5.501650000000001,15.15999984741211,1102131.9889068604
2009-07-09,SH601588,160000,2.50075,6.7699995040893555,1083199.9206542969
2009-07-09,SZ000572,162600,2.4607380381584165,5.579999923706055,907307.9875946045
2009-07-09,SZ000581,96300,4.151245095396042,11.579999923706055,1115153.992652893
2009-07-09,SZ000751,168700,2.3707111240148544,5.839999675750732,985207.9452991486
2009-07-09,SZ000755,102000,3.921175837826729,8.220000267028809,838440.0272369385
2009-07-09,SZ000878,55200,7.242172248029709,22.55000114440918,1244760.0631713867
2009-07-09,SZ000960,45400,8.812642465782165,22.790000915527344,1034666.0415649414
2009-07-09,SZ002097,58900,6.792037438821792,18.799999237060547,1107319.9550628662
2009-07-09,SZ002202,24200,16.50495,32.349998474121094,782869.9630737305
2009-07-10,SH600008,105800,3.781133732891083,7.059999942779541,746947.9939460754
2009-07-10,SH600026,54700,7.302189713811874,14.010000228881836,766347.0125198364
2009-07-10,SH600110,107500,3.7211160286188125,7.4599995613098145,801949.952840805
2009-07-10,SH600117,116200,3.4410320572376247,11.90999984741211,1383941.982269287
2009-07-10,SH600158,120800,3.3109931812524795,10.130000114440918,1223704.013824463
2009-07-10,SH600307,102500,3.9011703338861468,15.629999160766602,1602074.9139785767
2009-07-10,SH600309,47700,8.372510885524749,17.780000686645508,848106.0327529907
2009-07-10,SH600376,83600,4.781433732891083,25.53999900817871,2135143.9170837402
2009-07-10,SH600380,138400,2.8908668664455415,7.619999885559082,1054607.984161377
2009-07-10,SH600432,50800,7.872360408544541,23.150001525878906,1176020.0775146484
2009-07-10,SH600456,42100,9.482843542099,23.190000534057617,976299.0224838257
2009-07-10,SH600595,78800,5.071521171712876,11.020000457763672,868376.0360717773
2009-07-10,SH600748,67700,5.901769618415833,20.149999618530273,1364154.9741744995
2009-07-10,SH600804,78500,5.091526675653458,9.130000114440918,716705.0089836121
2009-07-10,SH601111,115900,3.451034809207916,8.219999313354492,952697.9204177856
2009-07-10,SH601168,72700,5.501650000000001,15.220001220703125,1106494.0887451172
2009-07-10,SH601588,160000,2.50075,6.960000038146973,1113600.0061035156
2009-07-10,SZ000572,162600,2.4607380381584165,5.519999980926514,897551.9968986511
2009-07-10,SZ000581,96300,4.151245095396042,11.610000610351562,1118043.0587768555
2009-07-10,SZ000751,168700,2.3707111240148544,5.809999942779541,980146.9903469086
2009-07-10,SZ000755,102000,3.921175837826729,8.389999389648438,855779.9377441406
2009-07-10,SZ000878,55200,7.242172248029709,22.990001678466797,1269048.0926513672
2009-07-10,SZ000960,45400,8.812642465782165,22.84000015258789,1036936.0069274902
2009-07-10,SZ002097,58900,6.792037438821792,18.39000129699707,1083171.0763931274
2009-07-10,SZ002202,24200,16.50495,31.749998092651367,768349.9538421631
2009-07-13,SH600008,105800,3.781133732891083,7.0,740600.0
2009-07-13,SH600026,54700,7.302189713811874,13.850000381469727,757595.020866394
2009-07-13,SH600110,107500,3.7211160286188125,7.389999866485596,794424.9856472015
2009-07-13,SH600117,116200,3.4410320572376247,11.59000015258789,1346758.017730713
2009-07-13,SH600158,120800,3.3109931812524795,10.649999618530273,1286519.953918457
2009-07-13,SH600307,102500,3.9011703338861468,15.480000495910645,1586700.050830841
2009-07-13,SH600309,47700,8.372510885524749,17.639999389648438,841427.9708862305
2009-07-13,SH600376,83600,4.781433732891083,25.15999984741211,2103375.9872436523
2009-07-13,SH600380,138400,2.8908668664455415,7.939999580383301,1098895.9419250488
2009-07-13,SH600432,50800,7.872360408544541,22.34000015258789,1134872.0077514648
2009-07-13,SH600456,42100,9.482843542099,23.110000610351562,972931.0256958008
2009-07-13,SH600595,78800,5.071521171712876,11.0,866800.0
2009-07-13,SH600748,67700,5.901769618415833,19.65999984741211,1330981.9896697998
2009-07-13,SH600804,78500,5.091526675653458,8.919999122619629,700219.9311256409
2009-07-13,SH601111,115900,3.451034809207916,7.950000286102295,921405.033159256
2009-07-13,SH601168,72700,5.501650000000001,14.920000076293945,1084684.0055465698
2009-07-13,SH601588,160000,2.50075,7.110000133514404,1137600.0213623047
2009-07-13,SZ000572,162600,2.4607380381584165,5.539999961853027,900803.9937973022
2009-07-13,SZ000581,96300,4.151245095396042,11.800000190734863,1136340.0183677673
2009-07-13,SZ000751,168700,2.3707111240148544,5.75,970025.0
2009-07-13,SZ000755,102000,3.921175837826729,8.289999961853027,845579.9961090088
2009-07-13,SZ000878,55200,7.242172248029709,22.21000099182129,1225992.0547485352
2009-07-13,SZ000960,45400,8.812642465782165,22.1299991607666,1004701.9618988037
2009-07-13,SZ002097,58900,6.792037438821792,18.770000457763672,1105553.0269622803
2009-07-13,SZ002202,24200,16.50495,32.29999923706055,781659.9815368652
2009-07-14,SH600008,105800,3.781133732891083,7.070000171661377,748006.0181617737
2009-07-14,SH600026,54700,7.302189713811874,14.019999504089355,766893.9728736877
2009-07-14,SH600110,107500,3.7211160286188125,7.470000267028809,803025.0287055969
2009-07-14,SH600117,116200,3.4410320572376247,12.15999984741211,1412991.982269287
2009-07-14,SH600158,120800,3.3109931812524795,10.670000076293945,1288936.0092163086
2009-07-14,SH600307,102500,3.9011703338861468,15.90999984741211,1630774.9843597412
2009-07-14,SH600309,47700,8.372510885524749,17.690000534057617,843813.0254745483
2009-07-14,SH600376,83600,4.781433732891083,26.100000381469727,2181960.031890869
2009-07-14,SH600380,138400,2.8908668664455415,7.820000171661377,1082288.0237579346
2009-07-14,SH600432,50800,7.872360408544541,22.81999969482422,1159255.9844970703
2009-07-14,SH600456,42100,9.482843542099,24.209999084472656,1019240.9614562988
2009-07-14,SH600595,78800,5.071521171712876,11.170000076293945,880196.0060119629
2009-07-14,SH600748,67700,5.901769618415833,20.26999855041504,1372278.9018630981
2009-07-14,SH600804,78500,5.091526675653458,9.809999465942383,770084.958076477
2009-07-14,SH601111,115900,3.451034809207916,8.020000457763672,929518.0530548096
2009-07-14,SH601168,72700,5.501650000000001,15.289999961853027,1111582.997226715
2009-07-14,SH601588,160000,2.50075,7.139999866485596,1142399.9786376953
2009-07-14,SZ000572,162600,2.4607380381584165,5.700000286102295,926820.0465202332
2009-07-14,SZ000581,96300,4.151245095396042,12.399999618530273,1194119.9632644653
2009-07-14,SZ000751,168700,2.3707111240148544,5.8299994468688965,983520.9066867828
2009-07-14,SZ000755,102000,3.921175837826729,8.389999389648438,855779.9377441406
2009-07-14,SZ000878,55200,7.242172248029709,22.440000534057617,1238688.0294799805
2009-07-14,SZ000960,45400,8.812642465782165,22.450000762939453,1019230.0346374512
2009-07-14,SZ002097,58900,6.792037438821792,19.15999984741211,1128523.9910125732
2009-07-14,SZ002202,24200,16.50495,32.4900016784668,786258.0406188965
2009-07-15,SH600008,105800,3.781133732891083,7.070000171661377,748006.0181617737
2009-07-15,SH600026,54700,7.302189713811874,15.390000343322754,841833.0187797546
2009-07-15,SH600110,107500,3.7211160286188125,7.840000152587891,842800.0164031982
2009-07-15,SH600117,116200,3.4410320572376247,12.519999504089355,1454823.942375183
2009-07-15,SH600158,120800,3.3109931812524795,10.610000610351562,1281688.0737304688
2009-07-15,SH600307,102500,3.9011703338861468,16.190000534057617,1659475.0547409058
2009-07-15,SH600309,47700,8.372510885524749,17.35999870300293,828071.9381332397
2009-07-15,SH600376,83600,4.781433732891083,26.149999618530273,2186139.968109131
2009-07-15,SH600380,138400,2.8908668664455415,7.800000190734863,1079520.026397705
2009-07-15,SH600432,50800,7.872360408544541,24.279998779296875,1233423.9379882812
2009-07-15,SH600456,42100,9.482843542099,24.90999984741211,1048710.9935760498
2009-07-15,SH600595,78800,5.071521171712876,12.100000381469727,953480.0300598145
2009-07-15,SH600748,67700,5.901769618415833,20.100000381469727,1360770.0258255005
2009-07-15,SH600804,78500,5.091526675653458,10.789999961853027,847014.9970054626
2009-07-15,SH601111,115900,3.451034809207916,8.140000343322754,943426.0397911072
2009-07-15,SH601168,72700,5.501650000000001,16.149999618530273,1174104.9722671509
2009-07-15,SH601588,160000,2.50075,7.190000057220459,1150400.0091552734
2009-07-15,SZ000572,162600,2.4607380381584165,5.690000057220459,925194.0093040466
2009-07-15,SZ000581,96300,4.151245095396042,12.399999618530273,1194119.9632644653
2009-07-15,SZ000751,168700,2.3707111240148544,6.039999961853027,1018947.9935646057
2009-07-15,SZ000755,102000,3.921175837826729,8.630000114440918,880260.0116729736
2009-07-15,SZ000878,55200,7.242172248029709,24.680002212524414,1362336.1221313477
2009-07-15,SZ000960,45400,8.812642465782165,23.869998931884766,1083697.9515075684
2009-07-15,SZ002097,58900,6.792037438821792,19.059999465942383,1122633.9685440063
2009-07-15,SZ002202,24200,16.50495,32.349998474121094,782869.9630737305
2009-07-16,SH600008,105800,3.781133732891083,7.009999752044678,741657.9737663269
2009-07-16,SH600026,54700,7.302189713811874,14.869999885559082,813388.9937400818
2009-07-16,SH600110,107500,3.7211160286188125,7.619999885559082,819149.9876976013
2009-07-16,SH600117,116200,3.4410320572376247,12.369999885559082,1437393.9867019653
2009-07-16,SH600158,120800,3.3109931812524795,10.459999084472656,1263567.8894042969
2009-07-16,SH600307,102500,3.9011703338861468,16.079999923706055,1648199.9921798706
2009-07-16,SH600309,47700,8.372510885524749,17.09000015258789,815193.0072784424
2009-07-16,SH600376,83600,4.781433732891083,26.149999618530273,2186139.968109131
2009-07-16,SH600380,138400,2.8908668664455415,7.580000400543213,1049072.0554351807
2009-07-16,SH600432,50800,7.872360408544541,25.110000610351562,1275588.0310058594
2009-07-16,SH600456,42100,9.482843542099,24.80000114440918,1044080.0481796265
2009-07-16,SH600595,78800,5.071521171712876,12.609999656677246,993667.972946167
2009-07-16,SH600748,67700,5.901769618415833,20.360000610351562,1378372.0413208008
2009-07-16,SH600804,78500,5.091526675653458,10.260000228881836,805410.0179672241
2009-07-16,SH601111,115900,3.451034809207916,8.0,927200.0
2009-07-16,SH601168,72700,5.501650000000001,15.960000038146973,1160292.002773285
2009-07-16,SH601588,160000,2.50075,7.160000324249268,1145600.0518798828
2009-07-16,SZ000572,162600,2.4607380381584165,5.559999942779541,904055.9906959534
2009-07-16,SZ000581,96300,4.151245095396042,12.109999656677246,1166192.9669380188
2009-07-16,SZ000751,168700,2.3707111240148544,5.939999580383301,1002077.9292106628
2009-07-16,SZ000755,102000,3.921175837826729,8.699999809265137,887399.980545044
2009-07-16,SZ000878,55200,7.242172248029709,26.19999885559082,1446239.9368286133
2009-07-16,SZ000960,45400,8.812642465782165,23.8799991607666,1084151.9618988037
2009-07-16,SZ002097,58900,6.792037438821792,18.850000381469727,1110265.022468567
2009-07-16,SZ002202,24200,16.50495,32.630001068115234,789646.0258483887
2009-07-17,SH600008,105800,3.781133732891083,7.009999752044678,741657.9737663269
2009-07-17,SH600026,54700,7.302189713811874,15.1899995803833,830892.9770469666
2009-07-17,SH600110,107500,3.7211160286188125,8.0,860000.0
2009-07-17,SH600117,116200,3.4410320572376247,12.4399995803833,1445527.9512405396
2009-07-17,SH600158,120800,3.3109931812524795,10.459999084472656,1263567.8894042969
2009-07-17,SH600307,102500,3.9011703338861468,15.789999961853027,1618474.9960899353
2009-07-17,SH600309,47700,8.372510885524749,17.189998626708984,819962.9344940186
2009-07-17,SH600376,83600,4.781433732891083,27.73999786376953,2319063.821411133
2009-07-17,SH600380,138400,2.8908668664455415,7.659999847412109,1060143.978881836
2009-07-17,SH600432,50800,7.872360408544541,27.05000114440918,1374140.0581359863
2009-07-17,SH600456,42100,9.482843542099,26.05000114440918,1096705.0481796265
2009-07-17,SH600595,78800,5.071521171712876,13.869999885559082,1092955.9909820557
2009-07-17,SH600748,67700,5.901769618415833,20.969999313354492,1419668.9535140991
2009-07-17,SH600804,78500,5.091526675653458,10.180000305175781,799130.0239562988
2009-07-17,SH601111,115900,3.451034809207916,7.960000038146973,922564.0044212341
2009-07-17,SH601168,72700,5.501650000000001,17.239999771118164,1253347.9833602905
2009-07-17,SH601588,160000,2.50075,7.210000038146973,1153600.0061035156
2009-07-17,SZ000572,162600,2.4607380381584165,5.569999694824219,905681.950378418
2009-07-17,SZ000581,96300,4.151245095396042,11.839999198913574,1140191.9228553772
2009-07-17,SZ000751,168700,2.3707111240148544,6.139999866485596,1035817.97747612
2009-07-17,SZ000755,102000,3.921175837826729,8.819999694824219,899639.9688720703
2009-07-17,SZ000878,55200,7.242172248029709,26.19999885559082,1446239.9368286133
2009-07-17,SZ000960,45400,8.812642465782165,25.219999313354492,1144987.968826294
2009-07-17,SZ002097,58900,6.792037438821792,18.700000762939453,1101430.0449371338
2009-07-17,SZ002202,24200,16.50495,32.939998626708984,797147.9667663574
2009-07-20,SH600008,105800,3.781133732891083,7.7099995613098145,815717.9535865784
2009-07-20,SH600026,54700,7.302189713811874,16.579998016357422,906925.891494751
2009-07-20,SH600110,107500,3.7211160286188125,8.020000457763672,862150.0492095947
2009-07-20,SH600117,116200,3.4410320572376247,12.739999771118164,1480387.9734039307
2009-07-20,SH600158,120800,3.3109931812524795,10.589999198913574,1279271.9032287598
2009-07-20,SH600307,102500,3.9011703338861468,15.969999313354492,1636924.9296188354
2009-07-20,SH600309,47700,8.372510885524749,17.56999969482422,838088.9854431152
2009-07-20,SH600376,83600,4.781433732891083,26.80000114440918,2240480.0956726074
2009-07-20,SH600380,138400,2.8908668664455415,7.670000076293945,1061528.010559082
2009-07-20,SH600432,50800,7.872360408544541,28.250001907348633,1435100.0968933105
2009-07-20,SH600456,42100,9.482843542099,28.650001525878906,1206165.064239502
2009-07-20,SH600595,78800,5.071521171712876,15.260000228881836,1202488.0180358887
2009-07-20,SH600748,67700,5.901769618415833,21.78999900817871,1475182.9328536987
2009-07-20,SH600804,78500,5.091526675653458,10.229999542236328,803054.9640655518
2009-07-20,SH601111,115900,3.451034809207916,8.75,1014125.0
2009-07-20,SH601168,72700,5.501650000000001,18.89000129699707,1373303.094291687
2009-07-20,SH601588,160000,2.50075,7.279999732971191,1164799.9572753906
2009-07-20,SZ000572,162600,2.4607380381584165,5.75,934950.0
2009-07-20,SZ000581,96300,4.151245095396042,12.000000953674316,1155600.0918388367
2009-07-20,SZ000751,168700,2.3707111240148544,6.4499993324279785,1088114.8873806
2009-07-20,SZ000755,102000,3.921175837826729,9.59000015258789,978180.0155639648
2009-07-20,SZ000878,55200,7.242172248029709,26.19999885559082,1446239.9368286133
2009-07-20,SZ000960,45400,8.812642465782165,27.739999771118164,1259395.9896087646
2009-07-20,SZ002097,58900,6.792037438821792,18.94999885559082,1116154.9325942993
2009-07-20,SZ002202,24200,16.50495,33.160003662109375,802472.0886230469
2009-07-21,SH600008,105800,3.781133732891083,7.510000228881836,794558.0242156982
2009-07-21,SH600026,54700,7.302189713811874,16.1299991607666,882310.9540939331
2009-07-21,SH600110,107500,3.7211160286188125,7.909999847412109,850324.9835968018
2009-07-21,SH600117,116200,3.4410320572376247,13.0600004196167,1517572.0487594604
2009-07-21,SH600158,120800,3.3109931812524795,10.799999237060547,1304639.907836914
2009-07-21,SH600307,102500,3.9011703338861468,15.400001525878906,1578500.156402588
2009-07-21,SH600309,47700,8.372510885524749,17.8799991607666,852875.9599685669
2009-07-21,SH600376,83600,4.781433732891083,26.079999923706055,2180287.993621826
2009-07-21,SH600380,138400,2.8908668664455415,7.429999351501465,1028311.9102478027
2009-07-21,SH600432,50800,7.872360408544541,26.619998931884766,1352295.945739746
2009-07-21,SH600456,42100,9.482843542099,27.09000015258789,1140489.0064239502
2009-07-21,SH600595,78800,5.071521171712876,15.640000343322754,1232432.027053833
2009-07-21,SH600748,67700,5.901769618415833,21.530000686645508,1457581.0464859009
2009-07-21,SH600804,78500,5.091526675653458,9.890000343322754,776365.0269508362
2009-07-21,SH601111,115900,3.451034809207916,8.420000076293945,975878.0088424683
2009-07-21,SH601168,72700,5.501650000000001,17.889999389648438,1300602.9556274414
2009-07-21,SH601588,160000,2.50075,7.099999904632568,1135999.984741211
2009-07-21,SZ000572,162600,2.4607380381584165,5.559999942779541,904055.9906959534
2009-07-21,SZ000581,96300,4.151245095396042,11.179999351501465,1076633.937549591
2009-07-21,SZ000751,168700,2.3707111240148544,6.3899993896484375,1077992.8970336914
2009-07-21,SZ000755,102000,3.921175837826729,9.149999618530273,933299.9610900879
2009-07-21,SZ000878,55200,7.242172248029709,26.19999885559082,1446239.9368286133
2009-07-21,SZ000960,45400,8.812642465782165,28.509998321533203,1294353.9237976074
2009-07-21,SZ002097,58900,6.792037438821792,18.0,1060200.0
2009-07-21,SZ002202,24200,16.50495,31.6299991607666,765445.9796905518
2009-07-22,SH600008,105800,3.781133732891083,7.569999694824219,800905.9677124023
2009-07-22,SH600026,54700,7.302189713811874,16.43000030517578,898721.0166931152
2009-07-22,SH600110,107500,3.7211160286188125,7.810000419616699,839575.0451087952
2009-07-22,SH600117,116200,3.4410320572376247,14.329999923706055,1665145.9911346436
2009-07-22,SH600158,120800,3.3109931812524795,11.140000343322754,1345712.0414733887
2009-07-22,SH600307,102500,3.9011703338861468,15.600000381469727,1599000.039100647
2009-07-22,SH600309,47700,8.372510885524749,18.55000114440918,884835.0545883179
2009-07-22,SH600376,83600,4.781433732891083,25.94999885559082,2169419.9043273926
2009-07-22,SH600380,138400,2.8908668664455415,7.529999732971191,1042151.9630432129
2009-07-22,SH600432,50800,7.872360408544541,26.959999084472656,1369567.953491211
2009-07-22,SH600456,42100,9.482843542099,27.250001907348633,1147225.0802993774
2009-07-22,SH600595,78800,5.071521171712876,15.470000267028809,1219036.0210418701
2009-07-22,SH600748,67700,5.901769618415833,21.14999771118164,1431854.845046997
2009-07-22,SH600804,78500,5.091526675653458,10.130000114440918,795205.0089836121
2009-07-22,SH601111,115900,3.451034809207916,8.550000190734863,990945.0221061707
2009-07-22,SH601168,72700,5.501650000000001,18.3700008392334,1335499.061012268
2009-07-22,SH601588,160000,2.50075,7.200000286102295,1152000.0457763672
2009-07-22,SZ000572,162600,2.4607380381584165,5.789999961853027,941453.9937973022
2009-07-22,SZ000581,96300,4.151245095396042,11.399999618530273,1097819.9632644653
2009-07-22,SZ000751,168700,2.3707111240148544,6.470000267028809,1091489.04504776
2009-07-22,SZ000755,102000,3.921175837826729,10.069999694824219,1027139.9688720703
2009-07-22,SZ000878,55200,7.242172248029709,26.19999885559082,1446239.9368286133
2009-07-22,SZ000960,45400,8.812642465782165,30.42999839782715,1381521.9272613525
2009-07-22,SZ002097,58900,6.792037438821792,18.309999465942383,1078458.9685440063
2009-07-22,SZ002202,24200,16.50495,31.73000144958496,767866.035079956
2009-07-23,SH600008,105800,3.781133732891083,7.650000095367432,809370.0100898743
2009-07-23,SH600026,54700,7.302189713811874,16.23000144958496,887781.0792922974
2009-07-23,SH600110,107500,3.7211160286188125,7.670000076293945,824525.0082015991
2009-07-23,SH600117,116200,3.4410320572376247,14.019999504089355,1629123.942375183
2009-07-23,SH600158,120800,3.3109931812524795,11.329999923706055,1368663.9907836914
2009-07-23,SH600307,102500,3.9011703338861468,15.890000343322754,1628725.0351905823
2009-07-23,SH600309,47700,8.372510885524749,18.34000015258789,874818.0072784424
2009-07-23,SH600376,83600,4.781433732891083,26.490001678466797,2214564.140319824
2009-07-23,SH600380,138400,2.8908668664455415,7.650000095367432,1058760.0131988525
2009-07-23,SH600432,50800,7.872360408544541,27.28999900817871,1386331.9496154785
2009-07-23,SH600456,42100,9.482843542099,27.399999618530273,1153539.9839401245
2009-07-23,SH600595,78800,5.071521171712876,15.929999351501465,1255283.9488983154
2009-07-23,SH600748,67700,5.901769618415833,21.60999870300293,1462996.9121932983
2009-07-23,SH600804,78500,5.091526675653458,10.1899995803833,799914.9670600891
2009-07-23,SH601111,115900,3.451034809207916,8.579999923706055,994421.9911575317
2009-07-23,SH601168,72700,5.501650000000001,18.299999237060547,1330409.9445343018
2009-07-23,SH601588,160000,2.50075,7.270000457763672,1163200.0732421875
2009-07-23,SZ000572,162600,2.4607380381584165,5.840000152587891,949584.024810791
2009-07-23,SZ000581,96300,4.151245095396042,11.319999694824219,1090115.9706115723
2009-07-23,SZ000751,168700,2.3707111240148544,6.429999351501465,1084740.8905982971
2009-07-23,SZ000755,102000,3.921175837826729,10.0,1020000.0
2009-07-23,SZ000878,55200,7.242172248029709,28.82000160217285,1590864.0884399414
2009-07-23,SZ000960,45400,8.812642465782165,29.85999870300293,1355643.941116333
2009-07-23,SZ002097,58900,6.792037438821792,18.040000915527344,1062556.0539245605
2009-07-23,SZ002202,24200,16.50495,31.56999969482422,763993.9926147461
2009-07-24,SH600008,105800,3.781133732891083,7.46999979019165,790325.9778022766
2009-07-24,SH600026,54700,7.302189713811874,16.290000915527344,891063.0500793457
2009-07-24,SH600110,107500,3.7211160286188125,7.5799994468688965,814849.9405384064
2009-07-24,SH600117,116200,3.4410320572376247,13.739999771118164,1596587.9734039307
2009-07-24,SH600158,120800,3.3109931812524795,10.899999618530273,1316719.953918457
2009-07-24,SH600307,102500,3.9011703338861468,15.590001106262207,1597975.1133918762
2009-07-24,SH600309,47700,8.372510885524749,17.610000610351562,839997.0291137695
2009-07-24,SH600376,83600,4.781433732891083,25.759998321533203,2153535.859680176
2009-07-24,SH600380,138400,2.8908668664455415,7.480000019073486,1035232.0026397705
2009-07-24,SH600432,50800,7.872360408544541,29.169998168945312,1481835.9069824219
2009-07-24,SH600456,42100,9.482843542099,28.760000228881836,1210796.0096359253
2009-07-24,SH600595,78800,5.071521171712876,17.520000457763672,1380576.0360717773
2009-07-24,SH600748,67700,5.901769618415833,21.96000099182129,1486692.0671463013
2009-07-24,SH600804,78500,5.091526675653458,9.989999771118164,784214.9820327759
2009-07-24,SH601111,115900,3.451034809207916,8.449999809265137,979354.9778938293
2009-07-24,SH601168,72700,5.501650000000001,19.100000381469727,1388570.0277328491
2009-07-24,SH601588,160000,2.50075,7.080000400543213,1132800.064086914
2009-07-24,SZ000572,162600,2.4607380381584165,5.720000267028809,930072.0434188843
2009-07-24,SZ000581,96300,4.151245095396042,11.550000190734863,1112265.0183677673
2009-07-24,SZ000751,168700,2.3707111240148544,6.680000305175781,1126916.0514831543
2009-07-24,SZ000755,102000,3.921175837826729,10.0,1020000.0
2009-07-24,SZ000878,55200,7.242172248029709,31.700000762939453,1749840.0421142578
2009-07-24,SZ000960,45400,8.812642465782165,32.029998779296875,1454161.9445800781
2009-07-24,SZ002097,58900,6.792037438821792,18.3799991607666,1082581.9505691528
2009-07-24,SZ002202,24200,16.50495,30.8700008392334,747054.0203094482
2009-07-27,SH600011,143600,8.382514114475251,8.430000305175781,1210548.0438232422
2009-07-27,SH600037,96100,12.523756457901001,12.600000381469727,1210860.0366592407
2009-07-27,SH600096,43300,27.778329549980164,28.6200008392334,1239246.0363388062
2009-07-27,SH600125,150400,8.0024,8.100000381469727,1218240.0573730469
2009-07-27,SH600176,61300,19.615883610534667,19.56999969482422,1199640.9812927246
2009-07-27,SH600271,73500,16.37490993156433,16.90999984741211,1242884.98878479
2009-07-27,SH600276,33700,35.710710763168336,36.14999771118164,1218254.9228668213
2009-07-27,SH600350,198900,6.051815190792084,6.050000190734863,1203345.0379371643
2009-07-27,SH600548,190100,6.331898923683167,6.429999828338623,1222342.9673671722
2009-07-27,SH600588,56400,21.316392465782165,21.600000381469727,1218240.0215148926
2009-07-27,SH600598,86600,13.904169618415832,14.200000762939453,1229720.0660705566
2009-07-27,SH600737,92800,12.963888038158418,13.25999927520752,1230527.9327392578
2009-07-27,SH600816,64300,18.705610763168334,18.880001068115234,1213984.0686798096
2009-07-27,SH600820,87900,13.694107534217833,14.15000057220459,1243785.0502967834
2009-07-27,SH600874,172200,6.992097248029708,6.990000247955322,1203678.0426979065
2009-07-27,SH601186,110000,10.943282534217834,10.930000305175781,1202300.033569336
2009-07-27,SH601991,136700,8.802640190792083,9.300000190734863,1271310.0260734558
2009-07-27,SZ000423,60100,20.006,21.03999900817871,1264503.9403915405
2009-07-27,SZ000538,32000,37.611282289505006,37.52000045776367,1200640.0146484375
2009-07-27,SZ000729,76700,15.684703351306915,15.559999465942383,1193451.9590377808
2009-07-27,SZ000895,29500,40.71221076316833,40.0,1180000.0
2009-07-27,SZ000917,68000,17.695307534217836,17.90999984741211,1217879.9896240234
2009-07-27,SZ000999,73100,16.454935763168333,16.59000015258789,1212729.0111541748
2009-07-27,SZ002038,35600,33.77013013687134,34.11000061035156,1214316.0217285156
2009-07-27,SZ002269,60400,19.505850000000002,19.40999984741211,1172363.9907836914
2009-07-28,SH600011,143600,8.382514114475251,8.6899995803833,1247883.939743042
2009-07-28,SH600037,96100,12.523756457901001,12.960000038146973,1245456.003665924
2009-07-28,SH600096,43300,27.778329549980164,28.989999771118164,1255266.9900894165
2009-07-28,SH600125,150400,8.0024,8.210000991821289,1234784.1491699219
2009-07-28,SH600176,61300,19.615883610534667,19.18000030517578,1175734.0187072754
2009-07-28,SH600271,73500,16.37490993156433,17.48000144958496,1284780.1065444946
2009-07-28,SH600276,33700,35.710710763168336,35.88999938964844,1209492.9794311523
2009-07-28,SH600350,198900,6.051815190792084,5.999999523162842,1193399.9051570892
2009-07-28,SH600548,190100,6.331898923683167,6.37000036239624,1210937.0688915253
2009-07-28,SH600588,56400,21.316392465782165,21.5,1212600.0
2009-07-28,SH600598,86600,13.904169618415832,14.5600004196167,1260896.0363388062
2009-07-28,SH600737,92800,12.963888038158418,14.00999927520752,1300127.9327392578
2009-07-28,SH600816,64300,18.705610763168334,18.719999313354492,1203695.9558486938
2009-07-28,SH600820,87900,13.694107534217833,15.449999809265137,1358054.9832344055
2009-07-28,SH600874,172200,6.992097248029708,7.139999866485596,1229507.9770088196
2009-07-28,SH601186,110000,10.943282534217834,11.119999885559082,1223199.987411499
2009-07-28,SH601991,136700,8.802640190792083,9.3100004196167,1272677.0573616028
2009-07-28,SZ000423,60100,20.006,20.940000534057617,1258494.0320968628
2009-07-28,SZ000538,32000,37.611282289505006,37.150001525878906,1188800.048828125
2009-07-28,SZ000729,76700,15.684703351306915,15.790000915527344,1211093.0702209473
2009-07-28,SZ000895,29500,40.71221076316833,39.82999801635742,1174984.941482544
2009-07-28,SZ000917,68000,17.695307534217836,17.580001831054688,1195440.1245117188
2009-07-28,SZ000999,73100,16.454935763168333,16.599998474121094,1213459.888458252
2009-07-28,SZ002038,35600,33.77013013687134,33.60000228881836,1196160.0814819336
2009-07-28,SZ002269,60400,19.505850000000002,19.739999771118164,1192295.986175537
2009-07-29,SH600011,143600,8.382514114475251,8.350000381469727,1199060.0547790527
2009-07-29,SH600037,96100,12.523756457901001,12.149999618530273,1167614.9633407593
2009-07-29,SH600096,43300,27.778329549980164,26.6299991607666,1153078.9636611938
2009-07-29,SH600125,150400,8.0024,7.670000076293945,1153568.0114746094
2009-07-29,SH600176,61300,19.615883610534667,18.329999923706055,1123628.9953231812
2009-07-29,SH600271,73500,16.37490993156433,17.219999313354492,1265669.9495315552
2009-07-29,SH600276,33700,35.710710763168336,35.0,1179500.0
2009-07-29,SH600350,198900,6.051815190792084,5.610000133514404,1115829.026556015
2009-07-29,SH600548,190100,6.331898923683167,5.919999599456787,1125391.9238567352
2009-07-29,SH600588,56400,21.316392465782165,20.65999984741211,1165223.991394043
2009-07-29,SH600598,86600,13.904169618415832,13.380000114440918,1158708.0099105835
2009-07-29,SH600737,92800,12.963888038158418,12.979999542236328,1204543.9575195312
2009-07-29,SH600816,64300,18.705610763168334,17.48000144958496,1123964.093208313
2009-07-29,SH600820,87900,13.694107534217833,14.269999504089355,1254332.9564094543
2009-07-29,SH600874,172200,6.992097248029708,6.580000400543213,1133076.0689735413
2009-07-29,SH601186,110000,10.943282534217834,10.350000381469727,1138500.04196167
2009-07-29,SH601991,136700,8.802640190792083,9.129999160766602,1248070.8852767944
2009-07-29,SZ000423,60100,20.006,19.700000762939453,1183970.0458526611
2009-07-29,SZ000538,32000,37.611282289505006,36.36000061035156,1163520.01953125
2009-07-29,SZ000729,76700,15.684703351306915,15.40000057220459,1181180.043888092
2009-07-29,SZ000895,29500,40.71221076316833,38.599998474121094,1138699.9549865723
2009-07-29,SZ000917,68000,17.695307534217836,16.200000762939453,1101600.0518798828
2009-07-29,SZ000999,73100,16.454935763168333,15.709999084472656,1148400.9330749512
2009-07-29,SZ002038,35600,33.77013013687134,32.79999923706055,1167679.9728393555
2009-07-29,SZ002269,60400,19.505850000000002,18.600000381469727,1123440.0230407715
2009-07-30,SH600011,143600,8.382514114475251,8.710000038146973,1250756.0054779053
2009-07-30,SH600037,96100,12.523756457901001,12.190000534057617,1171459.051322937
2009-07-30,SH600096,43300,27.778329549980164,26.719999313354492,1156975.9702682495
2009-07-30,SH600125,150400,8.0024,7.819999694824219,1176127.9541015625
2009-07-30,SH600176,61300,19.615883610534667,18.920000076293945,1159796.0046768188
2009-07-30,SH600271,73500,16.37490993156433,18.900001525878906,1389150.1121520996
2009-07-30,SH600276,33700,35.710710763168336,34.679996490478516,1168715.881729126
2009-07-30,SH600350,198900,6.051815190792084,5.679999828338623,1129751.9658565521
2009-07-30,SH600548,190100,6.331898923683167,6.0,1140600.0
2009-07-30,SH600588,56400,21.316392465782165,21.780000686645508,1228392.0387268066
2009-07-30,SH600598,86600,13.904169618415832,13.359999656677246,1156975.9702682495
2009-07-30,SH600737,92800,12.963888038158418,13.200000762939453,1224960.0708007812
2009-07-30,SH600816,64300,18.705610763168334,17.970001220703125,1155471.078491211
2009-07-30,SH600820,87900,13.694107534217833,15.389999389648438,1352780.9463500977
2009-07-30,SH600874,172200,6.992097248029708,6.630000114440918,1141686.019706726
2009-07-30,SH601186,110000,10.943282534217834,10.40999984741211,1145099.983215332
2009-07-30,SH601991,136700,8.802640190792083,9.520000457763672,1301384.062576294
2009-07-30,SZ000423,60100,20.006,20.5,1232050.0
2009-07-30,SZ000538,32000,37.611282289505006,36.0,1152000.0
2009-07-30,SZ000729,76700,15.684703351306915,15.480000495910645,1187316.0380363464
2009-07-30,SZ000895,29500,40.71221076316833,38.63999938964844,1139879.981994629
2009-07-30,SZ000917,68000,17.695307534217836,16.360000610351562,1112480.0415039062
2009-07-30,SZ000999,73100,16.454935763168333,15.769998550415039,1152786.8940353394
2009-07-30,SZ002038,35600,33.77013013687134,32.70000076293945,1164120.0271606445
2009-07-30,SZ002269,60400,19.505850000000002,18.69999885559082,1129479.9308776855
2009-07-31,SH600011,143600,8.382514114475251,9.110000610351562,1308196.0876464844
2009-07-31,SH600037,96100,12.523756457901001,12.579999923706055,1208937.9926681519
2009-07-31,SH600096,43300,27.778329549980164,27.510000228881836,1191183.0099105835
2009-07-31,SH600125,150400,8.0024,8.049999237060547,1210719.8852539062
2009-07-31,SH600176,61300,19.615883610534667,19.8799991607666,1218643.9485549927
2009-07-31,SH600271,73500,16.37490993156433,19.14000129699707,1406790.0953292847
2009-07-31,SH600276,33700,35.710710763168336,35.029998779296875,1180510.9588623047
2009-07-31,SH600350,198900,6.051815190792084,5.820000171661377,1157598.0341434479
2009-07-31,SH600548,190100,6.331898923683167,6.12000036239624,1163412.0688915253
2009-07-31,SH600588,56400,21.316392465782165,22.229999542236328,1253771.974182129
2009-07-31,SH600598,86600,13.904169618415832,13.640000343322754,1181224.0297317505
2009-07-31,SH600737,92800,12.963888038158418,13.489998817443848,1251871.890258789
2009-07-31,SH600816,64300,18.705610763168334,18.17999839782715,1168973.8969802856
2009-07-31,SH600820,87900,13.694107534217833,15.449999809265137,1358054.9832344055
2009-07-31,SH600874,172200,6.992097248029708,6.820000171661377,1174404.029560089
2009-07-31,SH601186,110000,10.943282534217834,10.59000015258789,1164900.016784668
2009-07-31,SH601991,136700,8.802640190792083,10.470000267028809,1431249.0365028381
2009-07-31,SZ000423,60100,20.006,21.170000076293945,1272317.004585266
2009-07-31,SZ000538,32000,37.611282289505006,36.57999801635742,1170559.9365234375
2009-07-31,SZ000729,76700,15.684703351306915,15.69999885559082,1204189.912223816
2009-07-31,SZ000895,29500,40.71221076316833,39.209999084472656,1156694.9729919434
2009-07-31,SZ000917,68000,17.695307534217836,17.0,1156000.0
2009-07-31,SZ000999,73100,16.454935763168333,16.15999984741211,1181295.9888458252
2009-07-31,SZ002038,35600,33.77013013687134,32.89999771118164,1171239.9185180664
2009-07-31,SZ002269,60400,19.505850000000002,18.989999771118164,1146995.986175537
2009-08-03,SH600011,143600,8.382514114475251,9.609999656677246,1379995.9506988525
2009-08-03,SH600037,96100,12.523756457901001,12.710000991821289,1221431.0953140259
2009-08-03,SH600096,43300,27.778329549980164,30.259998321533203,1310257.9273223877
2009-08-03,SH600125,150400,8.0024,8.070000648498535,1213728.0975341797
2009-08-03,SH600176,61300,19.615883610534667,21.149999618530273,1296494.9766159058
2009-08-03,SH600271,73500,16.37490993156433,19.479999542236328,1431779.9663543701
2009-08-03,SH600276,33700,35.710710763168336,35.0,1179500.0
2009-08-03,SH600350,198900,6.051815190792084,5.869999885559082,1167542.9772377014
2009-08-03,SH600548,190100,6.331898923683167,6.230000019073486,1184323.0036258698
2009-08-03,SH600588,56400,21.316392465782165,22.30000114440918,1257720.0645446777
2009-08-03,SH600598,86600,13.904169618415832,14.140000343322754,1224524.0297317505
2009-08-03,SH600737,92800,12.963888038158418,14.329999923706055,1329823.9929199219
2009-08-03,SH600816,64300,18.705610763168334,19.000001907348633,1221700.122642517
2009-08-03,SH600820,87900,13.694107534217833,15.460000038146973,1358934.003353119
2009-08-03,SH600874,172200,6.992097248029708,6.949999809265137,1196789.9671554565
2009-08-03,SH601186,110000,10.943282534217834,10.730000495910645,1180300.054550171
2009-08-03,SH601991,136700,8.802640190792083,11.520000457763672,1574784.062576294
2009-08-03,SZ000423,60100,20.006,21.30999755859375,1280730.8532714844
2009-08-03,SZ000538,32000,37.611282289505006,37.220001220703125,1191040.0390625
2009-08-03,SZ000729,76700,15.684703351306915,16.020000457763672,1228734.0351104736
2009-08-03,SZ000895,29500,40.71221076316833,40.20000076293945,1185900.0225067139
2009-08-03,SZ000917,68000,17.695307534217836,17.1299991607666,1164839.942932129
2009-08-03,SZ000999,73100,16.454935763168333,16.190000534057617,1183489.0390396118
2009-08-03,SZ002038,35600,33.77013013687134,33.01000213623047,1175156.0760498047
2009-08-03,SZ002269,60400,19.505850000000002,19.09000015258789,1153036.0092163086
2009-08-04,SH600011,143600,8.382514114475251,9.569999694824219,1374251.9561767578
2009-08-04,SH600037,96100,12.523756457901001,12.870000839233398,1236807.0806503296
2009-08-04,SH600096,43300,27.778329549980164,31.420000076293945,1360486.0033035278
2009-08-04,SH600125,150400,8.0024,8.229999542236328,1237791.9311523438
2009-08-04,SH600176,61300,19.615883610534667,20.34000015258789,1246842.0093536377
2009-08-04,SH600271,73500,16.37490993156433,19.15999984741211,1408259.98878479
2009-08-04,SH600276,33700,35.710710763168336,37.150001525878906,1251955.0514221191
2009-08-04,SH600350,198900,6.051815190792084,5.869999885559082,1167542.9772377014
2009-08-04,SH600548,190100,6.331898923683167,6.37999963760376,1212837.9311084747
2009-08-04,SH600588,56400,21.316392465782165,22.090002059936523,1245876.11618042
2009-08-04,SH600598,86600,13.904169618415832,15.549999237060547,1346629.9339294434
2009-08-04,SH600737,92800,12.963888038158418,15.760000228881836,1462528.0212402344
2009-08-04,SH600816,64300,18.705610763168334,18.59000015258789,1195337.0098114014
2009-08-04,SH600820,87900,13.694107534217833,16.0,1406400.0
2009-08-04,SH600874,172200,6.992097248029708,7.139999866485596,1229507.9770088196
2009-08-04,SH601186,110000,10.943282534217834,10.619999885559082,1168199.987411499
2009-08-04,SH601991,136700,8.802640190792083,11.65000057220459,1592555.0782203674
2009-08-04,SZ000423,60100,20.006,21.010000228881836,1262701.0137557983
2009-08-04,SZ000538,32000,37.611282289505006,38.56999969482422,1234239.990234375
2009-08-04,SZ000729,76700,15.684703351306915,15.909998893737793,1220296.9151496887
2009-08-04,SZ000895,29500,40.71221076316833,39.6099967956543,1168494.9054718018
2009-08-04,SZ000917,68000,17.695307534217836,17.600000381469727,1196800.0259399414
2009-08-04,SZ000999,73100,16.454935763168333,16.18000030517578,1182758.0223083496
2009-08-04,SZ002038,35600,33.77013013687134,33.38999938964844,1188683.9782714844
2009-08-04,SZ002269,60400,19.505850000000002,19.279998779296875,1164511.9262695312
2009-08-05,SH600011,143600,8.382514114475251,9.40000057220459,1349840.082168579
2009-08-05,SH600037,96100,12.523756457901001,13.600000381469727,1306960.0366592407
2009-08-05,SH600096,43300,27.778329549980164,30.6299991607666,1326278.9636611938
2009-08-05,SH600125,150400,8.0024,8.569999694824219,1288927.9541015625
2009-08-05,SH600176,61300,19.615883610534667,20.360000610351562,1248068.0374145508
2009-08-05,SH600271,73500,16.37490993156433,18.56999969482422,1364894.97756958
2009-08-05,SH600276,33700,35.710710763168336,36.650001525878906,1235105.0514221191
2009-08-05,SH600350,198900,6.051815190792084,5.939999580383301,1181465.9165382385
2009-08-05,SH600548,190100,6.331898923683167,6.510000228881836,1237551.043510437
2009-08-05,SH600588,56400,21.316392465782165,21.8799991607666,1234031.9526672363
2009-08-05,SH600598,86600,13.904169618415832,15.4399995803833,1337103.9636611938
2009-08-05,SH600737,92800,12.963888038158418,15.360001564025879,1425408.1451416016
2009-08-05,SH600816,64300,18.705610763168334,19.000001907348633,1221700.122642517
2009-08-05,SH600820,87900,13.694107534217833,15.600000381469727,1371240.033531189
2009-08-05,SH600874,172200,6.992097248029708,7.160000324249268,1232952.0558357239
2009-08-05,SH601186,110000,10.943282534217834,10.880000114440918,1196800.012588501
2009-08-05,SH601991,136700,8.802640190792083,11.90999984741211,1628096.9791412354
2009-08-05,SZ000423,60100,20.006,20.829999923706055,1251882.995414734
2009-08-05,SZ000538,32000,37.611282289505006,38.55000305175781,1233600.09765625
2009-08-05,SZ000729,76700,15.684703351306915,16.149999618530273,1238704.970741272
2009-08-05,SZ000895,29500,40.71221076316833,40.150001525878906,1184425.0450134277
2009-08-05,SZ000917,68000,17.695307534217836,17.350000381469727,1179800.0259399414
2009-08-05,SZ000999,73100,16.454935763168333,16.93000030517578,1237583.0223083496
2009-08-05,SZ002038,35600,33.77013013687134,34.099998474121094,1213959.945678711
2009-08-05,SZ002269,60400,19.505850000000002,19.78999900817871,1195315.9400939941
2009-08-06,SH600011,143600,8.382514114475251,9.09000015258789,1305324.021911621
2009-08-06,SH600037,96100,12.523756457901001,13.59000015258789,1305999.0146636963
2009-08-06,SH600096,43300,27.778329549980164,30.190000534057617,1307227.0231246948
2009-08-06,SH600125,150400,8.0024,8.190000534057617,1231776.0803222656
2009-08-06,SH600176,61300,19.615883610534667,19.190000534057617,1176347.032737732
2009-08-06,SH600271,73500,16.37490993156433,18.6299991607666,1369304.9383163452
2009-08-06,SH600276,33700,35.710710763168336,36.6400032043457,1234768.1079864502
2009-08-06,SH600350,198900,6.051815190792084,5.800000190734863,1153620.0379371643
2009-08-06,SH600548,190100,6.331898923683167,6.309999942779541,1199530.9891223907
2009-08-06,SH600588,56400,21.316392465782165,21.350000381469727,1204140.0215148926
2009-08-06,SH600598,86600,13.904169618415832,14.950000762939453,1294670.0660705566
2009-08-06,SH600737,92800,12.963888038158418,14.679999351501465,1362303.939819336
2009-08-06,SH600816,64300,18.705610763168334,19.100000381469727,1228130.0245285034
2009-08-06,SH600820,87900,13.694107534217833,15.559999465942383,1367723.9530563354
2009-08-06,SH600874,172200,6.992097248029708,6.900000095367432,1188180.0164222717
2009-08-06,SH601186,110000,10.943282534217834,10.579999923706055,1163799.991607666
2009-08-06,SH601991,136700,8.802640190792083,11.319999694824219,1547443.9582824707
2009-08-06,SZ000423,60100,20.006,20.700000762939453,1244070.0458526611
2009-08-06,SZ000538,32000,37.611282289505006,39.0,1248000.0
2009-08-06,SZ000729,76700,15.684703351306915,15.880000114440918,1217996.0087776184
2009-08-06,SZ000895,29500,40.71221076316833,40.02000045776367,1180590.0135040283
2009-08-06,SZ000917,68000,17.695307534217836,17.19999885559082,1169599.9221801758
2009-08-06,SZ000999,73100,16.454935763168333,17.060001373291016,1247086.1003875732
2009-08-06,SZ002038,35600,33.77013013687134,36.130001068115234,1286228.0380249023
2009-08-06,SZ002269,60400,19.505850000000002,20.200000762939453,1220080.046081543
2009-08-07,SH600011,143600,8.382514114475251,8.739999771118164,1255063.9671325684
2009-08-07,SH600037,96100,12.523756457901001,12.980000495910645,1247378.047657013
2009-08-07,SH600096,43300,27.778329549980164,29.989999771118164,1298566.9900894165
2009-08-07,SH600125,150400,8.0024,7.950000286102295,1195680.0430297852
2009-08-07,SH600176,61300,19.615883610534667,18.900001525878906,1158570.093536377
2009-08-07,SH600271,73500,16.37490993156433,17.880001068115234,1314180.0785064697
2009-08-07,SH600276,33700,35.710710763168336,37.7400016784668,1271838.056564331
2009-08-07,SH600350,198900,6.051815190792084,5.7699995040893555,1147652.9013633728
2009-08-07,SH600548,190100,6.331898923683167,6.240000247955322,1186224.0471363068
2009-08-07,SH600588,56400,21.316392465782165,21.260000228881836,1199064.0129089355
2009-08-07,SH600598,86600,13.904169618415832,14.140000343322754,1224524.0297317505
2009-08-07,SH600737,92800,12.963888038158418,14.519999504089355,1347455.9539794922
2009-08-07,SH600816,64300,18.705610763168334,19.979999542236328,1284713.970565796
2009-08-07,SH600820,87900,13.694107534217833,15.239999771118164,1339595.9798812866
2009-08-07,SH600874,172200,6.992097248029708,6.890000343322754,1186458.0591201782
2009-08-07,SH601186,110000,10.943282534217834,10.319999694824219,1135199.966430664
2009-08-07,SH601991,136700,8.802640190792083,11.09000015258789,1516003.0208587646
2009-08-07,SZ000423,60100,20.006,20.44999885559082,1229044.9312210083
2009-08-07,SZ000538,32000,37.611282289505006,38.95000076293945,1246400.0244140625
2009-08-07,SZ000729,76700,15.684703351306915,15.279998779296875,1171975.9063720703
2009-08-07,SZ000895,29500,40.71221076316833,39.20000076293945,1156400.0225067139
2009-08-07,SZ000917,68000,17.695307534217836,17.84000015258789,1213120.0103759766
2009-08-07,SZ000999,73100,16.454935763168333,17.309999465942383,1265360.9609603882
2009-08-07,SZ002038,35600,33.77013013687134,35.88999938964844,1277683.9782714844
2009-08-07,SZ002269,60400,19.505850000000002,19.279998779296875,1164511.9262695312
2009-08-10,SH600011,143600,8.382514114475251,8.749999046325684,1256499.8630523682
2009-08-10,SH600037,96100,12.523756457901001,13.1899995803833,1267558.9596748352
2009-08-10,SH600096,43300,27.778329549980164,28.69999885559082,1242709.9504470825
2009-08-10,SH600125,150400,8.0024,8.070000648498535,1213728.0975341797
2009-08-10,SH600176,61300,19.615883610534667,18.600000381469727,1140180.0233840942
2009-08-10,SH600271,73500,16.37490993156433,18.18000030517578,1336230.02243042
2009-08-10,SH600276,33700,35.710710763168336,38.60000228881836,1300820.0771331787
2009-08-10,SH600350,198900,6.051815190792084,5.690000057220459,1131741.0113811493
2009-08-10,SH600548,190100,6.331898923683167,6.200000286102295,1178620.0543880463
2009-08-10,SH600588,56400,21.316392465782165,20.94999885559082,1181579.9354553223
2009-08-10,SH600598,86600,13.904169618415832,14.500000953674316,1255700.0825881958
2009-08-10,SH600737,92800,12.963888038158418,15.489999771118164,1437471.9787597656
2009-08-10,SH600816,64300,18.705610763168334,19.57000160217285,1258351.1030197144
2009-08-10,SH600820,87900,13.694107534217833,15.519999504089355,1364207.9564094543
2009-08-10,SH600874,172200,6.992097248029708,7.25,1248450.0
2009-08-10,SH601186,110000,10.943282534217834,10.40999984741211,1145099.983215332
2009-08-10,SH601991,136700,8.802640190792083,11.09000015258789,1516003.0208587646
2009-08-10,SZ000423,60100,20.006,20.600000381469727,1238060.0229263306
2009-08-10,SZ000538,32000,37.611282289505006,38.880001068115234,1244160.0341796875
2009-08-10,SZ000729,76700,15.684703351306915,15.420000076293945,1182714.0058517456
2009-08-10,SZ000895,29500,40.71221076316833,38.400001525878906,1132800.0450134277
2009-08-10,SZ000917,68000,17.695307534217836,17.899999618530273,1217199.9740600586
2009-08-10,SZ000999,73100,16.454935763168333,17.60999870300293,1287290.9051895142
2009-08-10,SZ002038,35600,33.77013013687134,37.43000030517578,1332508.0108642578
2009-08-10,SZ002269,60400,19.505850000000002,19.099998474121094,1153639.907836914
2009-08-11,SH600011,143600,8.382514114475251,8.90000057220459,1278040.082168579
2009-08-11,SH600037,96100,12.523756457901001,12.820000648498535,1232002.0623207092
2009-08-11,SH600096,43300,27.778329549980164,28.1299991607666,1218028.9636611938
2009-08-11,SH600125,150400,8.0024,8.0,1203200.0
2009-08-11,SH600176,61300,19.615883610534667,18.610000610351562,1140793.0374145508
2009-08-11,SH600271,73500,16.37490993156433,18.239999771118164,1340639.983177185
2009-08-11,SH600276,33700,35.710710763168336,37.869998931884766,1276218.9640045166
2009-08-11,SH600350,198900,6.051815190792084,5.710000038146973,1135719.0075874329
2009-08-11,SH600548,190100,6.331898923683167,6.230000019073486,1184323.0036258698
2009-08-11,SH600588,56400,21.316392465782165,21.0,1184400.0
2009-08-11,SH600598,86600,13.904169618415832,14.279999732971191,1236647.9768753052
2009-08-11,SH600737,92800,12.963888038158418,15.65000057220459,1452320.053100586
2009-08-11,SH600816,64300,18.705610763168334,19.270000457763672,1239061.029434204
2009-08-11,SH600820,87900,13.694107534217833,16.020000457763672,1408158.0402374268
2009-08-11,SH600874,172200,6.992097248029708,7.119999885559082,1226063.980293274
2009-08-11,SH601186,110000,10.943282534217834,10.40999984741211,1145099.983215332
2009-08-11,SH601991,136700,8.802640190792083,10.930000305175781,1494131.0417175293
2009-08-11,SZ000423,60100,20.006,20.57000160217285,1236257.0962905884
2009-08-11,SZ000538,32000,37.611282289505006,38.130001068115234,1220160.0341796875
2009-08-11,SZ000729,76700,15.684703351306915,15.539999961853027,1191917.9970741272
2009-08-11,SZ000895,29500,40.71221076316833,38.849998474121094,1146074.9549865723
2009-08-11,SZ000917,68000,17.695307534217836,17.81999969482422,1211759.9792480469
2009-08-11,SZ000999,73100,16.454935763168333,17.219999313354492,1258781.9498062134
2009-08-11,SZ002038,35600,33.77013013687134,37.349998474121094,1329659.945678711
2009-08-11,SZ002269,60400,19.505850000000002,19.369998931884766,1169947.9354858398
2009-08-12,SH600011,143600,8.382514114475251,8.710000038146973,1250756.0054779053
2009-08-12,SH600037,96100,12.523756457901001,12.070000648498535,1159927.0623207092
2009-08-12,SH600096,43300,27.778329549980164,26.079999923706055,1129263.9966964722
2009-08-12,SH600125,150400,8.0024,7.630000114440918,1147552.017211914
2009-08-12,SH600176,61300,19.615883610534667,18.25,1118725.0
2009-08-12,SH600271,73500,16.37490993156433,16.93000030517578,1244355.02243042
2009-08-12,SH600276,33700,35.710710763168336,36.76000213623047,1238812.0719909668
2009-08-12,SH600350,198900,6.051815190792084,5.460000038146973,1085994.0075874329
2009-08-12,SH600548,190100,6.331898923683167,5.980000019073486,1136798.0036258698
2009-08-12,SH600588,56400,21.316392465782165,20.0,1128000.0
2009-08-12,SH600598,86600,13.904169618415832,13.369998931884766,1157841.9075012207
2009-08-12,SH600737,92800,12.963888038158418,15.369998931884766,1426335.9008789062
2009-08-12,SH600816,64300,18.705610763168334,18.09000015258789,1163187.0098114014
2009-08-12,SH600820,87900,13.694107534217833,14.920000076293945,1311468.0067062378
2009-08-12,SH600874,172200,6.992097248029708,6.799999713897705,1170959.9507331848
2009-08-12,SH601186,110000,10.943282534217834,10.070000648498535,1107700.0713348389
2009-08-12,SH601991,136700,8.802640190792083,10.109999656677246,1382036.9530677795
2009-08-12,SZ000423,60100,20.006,19.65999984741211,1181565.9908294678
2009-08-12,SZ000538,32000,37.611282289505006,36.83000183105469,1178560.05859375
2009-08-12,SZ000729,76700,15.684703351306915,15.0,1150500.0
2009-08-12,SZ000895,29500,40.71221076316833,38.0,1121000.0
2009-08-12,SZ000917,68000,17.695307534217836,17.6299991607666,1198839.942932129
2009-08-12,SZ000999,73100,16.454935763168333,16.700000762939453,1220770.055770874
2009-08-12,SZ002038,35600,33.77013013687134,36.30999755859375,1292635.9130859375
2009-08-12,SZ002269,60400,19.505850000000002,18.499998092651367,1117399.8847961426
2009-08-13,SH600011,143600,8.382514114475251,8.529999732971191,1224907.961654663
2009-08-13,SH600037,96100,12.523756457901001,12.119999885559082,1164731.9890022278
2009-08-13,SH600096,43300,27.778329549980164,26.30000114440918,1138790.0495529175
2009-08-13,SH600125,150400,8.0024,7.659999847412109,1152063.9770507812
2009-08-13,SH600176,61300,19.615883610534667,18.450000762939453,1130985.0467681885
2009-08-13,SH600271,73500,16.37490993156433,17.100000381469727,1256850.028038025
2009-08-13,SH600276,33700,35.710710763168336,36.09000015258789,1216233.005142212
2009-08-13,SH600350,198900,6.051815190792084,5.480000019073486,1089972.0037937164
2009-08-13,SH600548,190100,6.331898923683167,6.009999752044678,1142500.9528636932
2009-08-13,SH600588,56400,21.316392465782165,19.780000686645508,1115592.0387268066
2009-08-13,SH600598,86600,13.904169618415832,13.670000076293945,1183822.0066070557
2009-08-13,SH600737,92800,12.963888038158418,14.720000267028809,1366016.0247802734
2009-08-13,SH600816,64300,18.705610763168334,18.219999313354492,1171545.9558486938
2009-08-13,SH600820,87900,13.694107534217833,13.960000038146973,1227084.003353119
2009-08-13,SH600874,172200,6.992097248029708,6.799999713897705,1170959.9507331848
2009-08-13,SH601186,110000,10.943282534217834,10.0,1100000.0
2009-08-13,SH601991,136700,8.802640190792083,10.239999771118164,1399807.968711853
2009-08-13,SZ000423,60100,20.006,19.43000030517578,1167743.0183410645
2009-08-13,SZ000538,32000,37.611282289505006,36.83000183105469,1178560.05859375
2009-08-13,SZ000729,76700,15.684703351306915,15.069999694824219,1155868.9765930176
2009-08-13,SZ000895,29500,40.71221076316833,37.65999984741211,1110969.9954986572
2009-08-13,SZ000917,68000,17.695307534217836,17.100000381469727,1162800.0259399414
2009-08-13,SZ000999,73100,16.454935763168333,16.96000099182129,1239776.0725021362
2009-08-13,SZ002038,35600,33.77013013687134,35.060001373291016,1248136.0488891602
2009-08-13,SZ002269,60400,19.505850000000002,18.479999542236328,1116191.9723510742
2009-08-14,SH600011,143600,8.382514114475251,8.130000114440918,1167468.0164337158
2009-08-14,SH600037,96100,12.523756457901001,11.4399995803833,1099383.9596748352
2009-08-14,SH600096,43300,27.778329549980164,24.96000099182129,1080768.0429458618
2009-08-14,SH600125,150400,8.0024,7.349999904632568,1105439.9856567383
2009-08-14,SH600176,61300,19.615883610534667,17.309999465942383,1061102.967262268
2009-08-14,SH600271,73500,16.37490993156433,16.239999771118164,1193639.983177185
2009-08-14,SH600276,33700,35.710710763168336,34.91999816894531,1176803.938293457
2009-08-14,SH600350,198900,6.051815190792084,5.210000038146973,1036269.0075874329
2009-08-14,SH600548,190100,6.331898923683167,5.710000038146973,1085471.0072517395
2009-08-14,SH600588,56400,21.316392465782165,19.579999923706055,1104311.9956970215
2009-08-14,SH600598,86600,13.904169618415832,13.110000610351562,1135326.0528564453
2009-08-14,SH600737,92800,12.963888038158418,13.25,1229600.0
2009-08-14,SH600816,64300,18.705610763168334,17.5,1125250.0
2009-08-14,SH600820,87900,13.694107534217833,13.269999504089355,1166432.9564094543
2009-08-14,SH600874,172200,6.992097248029708,6.289999961853027,1083137.9934310913
2009-08-14,SH601186,110000,10.943282534217834,9.670000076293945,1063700.008392334
2009-08-14,SH601991,136700,8.802640190792083,9.90999984741211,1354696.9791412354
2009-08-14,SZ000423,60100,20.006,18.509998321533203,1112450.8991241455
2009-08-14,SZ000538,32000,37.611282289505006,36.60000228881836,1171200.0732421875
2009-08-14,SZ000729,76700,15.684703351306915,14.34999942779541,1100644.956111908
2009-08-14,SZ000895,29500,40.71221076316833,36.900001525878906,1088550.0450134277
2009-08-14,SZ000917,68000,17.695307534217836,16.399999618530273,1115199.9740600586
2009-08-14,SZ000999,73100,16.454935763168333,16.200000762939453,1184220.055770874
2009-08-14,SZ002038,35600,33.77013013687134,33.05000305175781,1176580.1086425781
2009-08-14,SZ002269,60400,19.505850000000002,18.020000457763672,1088408.0276489258
2009-08-17,SH600011,143600,8.382514114475251,7.900000095367432,1134440.0136947632
2009-08-17,SH600037,96100,12.523756457901001,10.829999923706055,1040762.9926681519
2009-08-17,SH600096,43300,27.778329549980164,23.530000686645508,1018849.0297317505
2009-08-17,SH600125,150400,8.0024,7.0,1052800.0
2009-08-17,SH600176,61300,19.615883610534667,16.229999542236328,994898.9719390869
2009-08-17,SH600271,73500,16.37490993156433,15.140000343322754,1112790.0252342224
2009-08-17,SH600276,33700,35.710710763168336,34.18000030517578,1151866.0102844238
2009-08-17,SH600350,198900,6.051815190792084,4.96999979019165,988532.9582691193
2009-08-17,SH600548,190100,6.331898923683167,5.480000019073486,1041748.0036258698
2009-08-17,SH600588,56400,21.316392465782165,18.299999237060547,1032119.9569702148
2009-08-17,SH600598,86600,13.904169618415832,12.4399995803833,1077303.9636611938
2009-08-17,SH600737,92800,12.963888038158418,12.269999504089355,1138655.9539794922
2009-08-17,SH600816,64300,18.705610763168334,16.549999237060547,1064164.9509429932
2009-08-17,SH600820,87900,13.694107534217833,12.770000457763672,1122483.0402374268
2009-08-17,SH600874,172200,6.992097248029708,6.059999942779541,1043531.990146637
2009-08-17,SH601186,110000,10.943282534217834,9.279999732971191,1020799.970626831
2009-08-17,SH601991,136700,8.802640190792083,9.710000038146973,1327357.0052146912
2009-08-17,SZ000423,60100,20.006,17.979999542236328,1080597.9724884033
2009-08-17,SZ000538,32000,37.611282289505006,36.5,1168000.0
2009-08-17,SZ000729,76700,15.684703351306915,14.25,1092975.0
2009-08-17,SZ000895,29500,40.71221076316833,36.04999923706055,1063474.9774932861
2009-08-17,SZ000917,68000,17.695307534217836,15.699999809265137,1067599.9870300293
2009-08-17,SZ000999,73100,16.454935763168333,15.899999618530273,1162289.972114563
2009-08-17,SZ002038,35600,33.77013013687134,33.31999969482422,1186191.9891357422
2009-08-17,SZ002269,60400,19.505850000000002,17.5,1057000.0
2009-08-18,SH600011,143600,8.382514114475251,8.279999732971191,1189007.961654663
2009-08-18,SH600037,96100,12.523756457901001,11.119999885559082,1068631.9890022278
2009-08-18,SH600096,43300,27.778329549980164,24.10999870300293,1043962.9438400269
2009-08-18,SH600125,150400,8.0024,7.149999618530273,1075359.9426269531
2009-08-18,SH600176,61300,19.615883610534667,16.739999771118164,1026161.9859695435
2009-08-18,SH600271,73500,16.37490993156433,15.59000015258789,1145865.01121521
2009-08-18,SH600276,33700,35.710710763168336,35.0,1179500.0
2009-08-18,SH600350,198900,6.051815190792084,5.029999732971191,1000466.94688797
2009-08-18,SH600548,190100,6.331898923683167,5.559999942779541,1056955.9891223907
2009-08-18,SH600588,56400,21.316392465782165,18.64000129699707,1051296.0731506348
2009-08-18,SH600598,86600,13.904169618415832,12.569998741149902,1088561.8909835815
2009-08-18,SH600737,92800,12.963888038158418,12.459999084472656,1156287.9150390625
2009-08-18,SH600816,64300,18.705610763168334,16.8700008392334,1084741.0539627075
2009-08-18,SH600820,87900,13.694107534217833,13.09000015258789,1150611.0134124756
2009-08-18,SH600874,172200,6.992097248029708,6.15000057220459,1059030.0985336304
2009-08-18,SH601186,110000,10.943282534217834,9.5,1045000.0
2009-08-18,SH601991,136700,8.802640190792083,10.680000305175781,1459956.0417175293
2009-08-18,SZ000423,60100,20.006,18.28999900817871,1099228.9403915405
2009-08-18,SZ000538,32000,37.611282289505006,37.68000030517578,1205760.009765625
2009-08-18,SZ000729,76700,15.684703351306915,14.130000114440918,1083771.0087776184
2009-08-18,SZ000895,29500,40.71221076316833,36.060001373291016,1063770.040512085
2009-08-18,SZ000917,68000,17.695307534217836,15.080000877380371,1025440.0596618652
2009-08-18,SZ000999,73100,16.454935763168333,16.07000160217285,1174717.1171188354
2009-08-18,SZ002038,35600,33.77013013687134,33.29999923706055,1185479.9728393555
2009-08-18,SZ002269,60400,19.505850000000002,17.5,1057000.0
2009-08-19,SH600011,143600,8.382514114475251,7.949999809265137,1141619.9726104736
2009-08-19,SH600037,96100,12.523756457901001,10.320000648498535,991752.0623207092
2009-08-19,SH600096,43300,27.778329549980164,22.64000129699707,980312.0561599731
2009-08-19,SH600125,150400,8.0024,6.700000286102295,1007680.0430297852
2009-08-19,SH600176,61300,19.615883610534667,16.350000381469727,1002255.0233840942
2009-08-19,SH600271,73500,16.37490993156433,14.979999542236328,1101029.9663543701
2009-08-19,SH600276,33700,35.710710763168336,35.599998474121094,1199719.9485778809
2009-08-19,SH600350,198900,6.051815190792084,4.809999942779541,956708.9886188507
2009-08-19,SH600548,190100,6.331898923683167,5.21999979019165,992321.9601154327
2009-08-19,SH600588,56400,21.316392465782165,17.65999984741211,996023.991394043
2009-08-19,SH600598,86600,13.904169618415832,12.220000267028809,1058252.0231246948
2009-08-19,SH600737,92800,12.963888038158418,11.489999771118164,1066271.9787597656
2009-08-19,SH600816,64300,18.705610763168334,15.670000076293945,1007581.0049057007
2009-08-19,SH600820,87900,13.694107534217833,12.449999809265137,1094354.9832344055
2009-08-19,SH600874,172200,6.992097248029708,5.710000038146973,983262.0065689087
2009-08-19,SH601186,110000,10.943282534217834,9.140000343322754,1005400.0377655029
2009-08-19,SH601991,136700,8.802640190792083,10.170000076293945,1390239.0104293823
2009-08-19,SZ000423,60100,20.006,17.540000915527344,1054154.0550231934
2009-08-19,SZ000538,32000,37.611282289505006,39.70000076293945,1270400.0244140625
2009-08-19,SZ000729,76700,15.684703351306915,13.600000381469727,1043120.029258728
2009-08-19,SZ000895,29500,40.71221076316833,36.32999801635742,1071734.941482544
2009-08-19,SZ000917,68000,17.695307534217836,14.5600004196167,990080.0285339355
2009-08-19,SZ000999,73100,16.454935763168333,16.610000610351562,1214191.0446166992
2009-08-19,SZ002038,35600,33.77013013687134,33.689998626708984,1199363.9511108398
2009-08-19,SZ002269,60400,19.505850000000002,17.119998931884766,1034047.9354858398
2009-08-20,SH600011,143600,8.382514114475251,8.190000534057617,1176084.0766906738
2009-08-20,SH600037,96100,12.523756457901001,10.630000114440918,1021543.0109977722
2009-08-20,SH600096,43300,27.778329549980164,23.420000076293945,1014086.0033035278
2009-08-20,SH600125,150400,8.0024,6.950000286102295,1045280.0430297852
2009-08-20,SH600176,61300,19.615883610534667,17.209999084472656,1054972.9438781738
2009-08-20,SH600271,73500,16.37490993156433,15.5,1139250.0
2009-08-20,SH600276,33700,35.710710763168336,37.51000213623047,1264087.0719909668
2009-08-20,SH600350,198900,6.051815190792084,4.930000305175781,980577.0606994629
2009-08-20,SH600548,190100,6.331898923683167,5.350000381469727,1017035.072517395
2009-08-20,SH600588,56400,21.316392465782165,18.19999885559082,1026479.9354553223
2009-08-20,SH600598,86600,13.904169618415832,12.590001106262207,1090294.0958023071
2009-08-20,SH600737,92800,12.963888038158418,11.920000076293945,1106176.0070800781
2009-08-20,SH600816,64300,18.705610763168334,16.09000015258789,1034587.0098114014
2009-08-20,SH600820,87900,13.694107534217833,12.800000190734863,1125120.0167655945
2009-08-20,SH600874,172200,6.992097248029708,5.849999904632568,1007369.9835777283
2009-08-20,SH601186,110000,10.943282534217834,9.389999389648438,1032899.9328613281
2009-08-20,SH601991,136700,8.802640190792083,10.839999198913574,1481827.8904914856
2009-08-20,SZ000423,60100,20.006,17.920000076293945,1076992.004585266
2009-08-20,SZ000538,32000,37.611282289505006,41.089996337890625,1314879.8828125
2009-08-20,SZ000729,76700,15.684703351306915,14.25999927520752,1093741.9444084167
2009-08-20,SZ000895,29500,40.71221076316833,37.34000015258789,1101530.0045013428
2009-08-20,SZ000917,68000,17.695307534217836,15.0,1020000.0
2009-08-20,SZ000999,73100,16.454935763168333,17.010000228881836,1243431.0167312622
2009-08-20,SZ002038,35600,33.77013013687134,34.39999771118164,1224639.9185180664
2009-08-20,SZ002269,60400,19.505850000000002,17.470001220703125,1055188.0737304688
2009-08-21,SH600011,143600,8.382514114475251,8.279999732971191,1189007.961654663
2009-08-21,SH600037,96100,12.523756457901001,10.720000267028809,1030192.0256614685
2009-08-21,SH600096,43300,27.778329549980164,24.130001068115234,1044829.0462493896
2009-08-21,SH600125,150400,8.0024,7.25,1090400.0
2009-08-21,SH600176,61300,19.615883610534667,17.219999313354492,1055585.9579086304
2009-08-21,SH600271,73500,16.37490993156433,15.690000534057617,1153215.0392532349
2009-08-21,SH600276,33700,35.710710763168336,38.19000244140625,1287003.0822753906
2009-08-21,SH600350,198900,6.051815190792084,4.989999771118164,992510.9544754028
2009-08-21,SH600548,190100,6.331898923683167,5.400000095367432,1026540.0181293488
2009-08-21,SH600588,56400,21.316392465782165,18.64000129699707,1051296.0731506348
2009-08-21,SH600598,86600,13.904169618415832,12.9399995803833,1120603.9636611938
2009-08-21,SH600737,92800,12.963888038158418,12.219999313354492,1134015.9362792969
2009-08-21,SH600816,64300,18.705610763168334,16.270000457763672,1046161.0294342041
2009-08-21,SH600820,87900,13.694107534217833,13.589999198913574,1194560.9295845032
2009-08-21,SH600874,172200,6.992097248029708,6.0,1033200.0
2009-08-21,SH601186,110000,10.943282534217834,9.380000114440918,1031800.012588501
2009-08-21,SH601991,136700,8.802640190792083,11.09999942779541,1517369.9217796326
2009-08-21,SZ000423,60100,20.006,18.10999870300293,1088410.922050476
2009-08-21,SZ000538,32000,37.611282289505006,41.13999938964844,1316479.98046875
2009-08-21,SZ000729,76700,15.684703351306915,14.340001106262207,1099878.0848503113
2009-08-21,SZ000895,29500,40.71221076316833,38.0,1121000.0
2009-08-21,SZ000917,68000,17.695307534217836,15.949999809265137,1084599.9870300293
2009-08-21,SZ000999,73100,16.454935763168333,17.229999542236328,1259512.9665374756
2009-08-21,SZ002038,35600,33.77013013687134,35.099998474121094,1249559.945678711
2009-08-21,SZ002269,60400,19.505850000000002,18.06999969482422,1091427.9815673828
2009-08-24,SH600011,143600,8.382514114475251,8.200000762939453,1177520.1095581055
2009-08-24,SH600037,96100,12.523756457901001,10.8100004196167,1038841.0403251648
2009-08-24,SH600096,43300,27.778329549980164,24.049999237060547,1041364.9669647217
2009-08-24,SH600125,150400,8.0024,7.269999980926514,1093407.9971313477
2009-08-24,SH600176,61300,19.615883610534667,17.260000228881836,1058038.0140304565
2009-08-24,SH600271,73500,16.37490993156433,16.850000381469727,1238475.028038025
2009-08-24,SH600276,33700,35.710710763168336,39.33000183105469,1325421.061706543
2009-08-24,SH600350,198900,6.051815190792084,4.9800004959106445,990522.0986366272
2009-08-24,SH600548,190100,6.331898923683167,5.389999866485596,1024638.9746189117
2009-08-24,SH600588,56400,21.316392465782165,18.64000129699707,1051296.0731506348
2009-08-24,SH600598,86600,13.904169618415832,12.85999870300293,1113675.8876800537
2009-08-24,SH600737,92800,12.963888038158418,12.510000228881836,1160928.0212402344
2009-08-24,SH600816,64300,18.705610763168334,16.19999885559082,1041659.9264144897
2009-08-24,SH600820,87900,13.694107534217833,13.639999389648438,1198955.9463500977
2009-08-24,SH600874,172200,6.992097248029708,6.050000190734863,1041810.0328445435
2009-08-24,SH601186,110000,10.943282534217834,9.300000190734863,1023000.020980835
2009-08-24,SH601991,136700,8.802640190792083,10.859999656677246,1484561.9530677795
2009-08-24,SZ000423,60100,20.006,18.10999870300293,1088410.922050476
2009-08-24,SZ000538,32000,37.611282289505006,43.0099983215332,1376319.9462890625
2009-08-24,SZ000729,76700,15.684703351306915,14.280000686645508,1095276.0526657104
2009-08-24,SZ000895,29500,40.71221076316833,39.0,1150500.0
2009-08-24,SZ000917,68000,17.695307534217836,16.25,1105000.0
2009-08-24,SZ000999,73100,16.454935763168333,18.30000114440918,1337730.083656311
2009-08-24,SZ002038,35600,33.77013013687134,36.15999984741211,1287295.994567871
2009-08-24,SZ002269,60400,19.505850000000002,18.200000762939453,1099280.046081543
2009-08-25,SH600011,143600,8.382514114475251,7.880000114440918,1131568.0164337158
2009-08-25,SH600037,96100,12.523756457901001,11.449999809265137,1100344.9816703796
2009-08-25,SH600096,43300,27.778329549980164,23.079999923706055,999363.9966964722
2009-08-25,SH600125,150400,8.0024,7.109999656677246,1069343.9483642578
2009-08-25,SH600176,61300,19.615883610534667,16.939998626708984,1038421.9158172607
2009-08-25,SH600271,73500,16.37490993156433,16.669998168945312,1225244.8654174805
2009-08-25,SH600276,33700,35.710710763168336,40.61000061035156,1368557.0205688477
2009-08-25,SH600350,198900,6.051815190792084,4.839999675750732,962675.9355068207
2009-08-25,SH600548,190100,6.331898923683167,5.269999980926514,1001826.9963741302
2009-08-25,SH600588,56400,21.316392465782165,19.280000686645508,1087392.0387268066
2009-08-25,SH600598,86600,13.904169618415832,12.329998970031738,1067777.9108047485
2009-08-25,SH600737,92800,12.963888038158418,13.389999389648438,1242591.943359375
2009-08-25,SH600816,64300,18.705610763168334,15.280000686645508,982504.0441513062
2009-08-25,SH600820,87900,13.694107534217833,13.15000057220459,1155885.0502967834
2009-08-25,SH600874,172200,6.992097248029708,5.830000400543213,1003926.0689735413
2009-08-25,SH601186,110000,10.943282534217834,8.979999542236328,987799.9496459961
2009-08-25,SH601991,136700,8.802640190792083,10.199999809265137,1394339.9739265442
2009-08-25,SZ000423,60100,20.006,18.279998779296875,1098627.9266357422
2009-08-25,SZ000538,32000,37.611282289505006,43.0099983215332,1376319.9462890625
2009-08-25,SZ000729,76700,15.684703351306915,14.679999351501465,1125955.9502601624
2009-08-25,SZ000895,29500,40.71221076316833,39.400001525878906,1162300.0450134277
2009-08-25,SZ000917,68000,17.695307534217836,16.799999237060547,1142399.9481201172
2009-08-25,SZ000999,73100,16.454935763168333,18.689998626708984,1366238.8996124268
2009-08-25,SZ002038,35600,33.77013013687134,36.45000076293945,1297620.0271606445
2009-08-25,SZ002269,60400,19.505850000000002,18.399999618530273,1111359.9769592285
2009-08-26,SH600011,143600,8.382514114475251,7.949999809265137,1141619.9726104736
2009-08-26,SH600037,96100,12.523756457901001,11.539999961853027,1108993.996334076
2009-08-26,SH600096,43300,27.778329549980164,24.100000381469727,1043530.0165176392
2009-08-26,SH600125,150400,8.0024,7.440000057220459,1118976.008605957
2009-08-26,SH600176,61300,19.615883610534667,17.15999984741211,1051907.9906463623
2009-08-26,SH600271,73500,16.37490993156433,17.30000114440918,1271550.0841140747
2009-08-26,SH600276,33700,35.710710763168336,40.52000045776367,1365524.0154266357
2009-08-26,SH600350,198900,6.051815190792084,4.960000038146973,986544.0075874329
2009-08-26,SH600548,190100,6.331898923683167,5.400000095367432,1026540.0181293488
2009-08-26,SH600588,56400,21.316392465782165,19.309999465942383,1089083.9698791504
2009-08-26,SH600598,86600,13.904169618415832,13.020000457763672,1127532.039642334
2009-08-26,SH600737,92800,12.963888038158418,13.440000534057617,1247232.0495605469
2009-08-26,SH600816,64300,18.705610763168334,15.739998817443848,1012081.9239616394
2009-08-26,SH600820,87900,13.694107534217833,13.699999809265137,1204229.9832344055
2009-08-26,SH600874,172200,6.992097248029708,6.0,1033200.0
2009-08-26,SH601186,110000,10.943282534217834,9.190000534057617,1010900.0587463379
2009-08-26,SH601991,136700,8.802640190792083,10.289999961853027,1406642.9947853088
2009-08-26,SZ000423,60100,20.006,18.970001220703125,1140097.0733642578
2009-08-26,SZ000538,32000,37.611282289505006,43.19000244140625,1382080.078125
2009-08-26,SZ000729,76700,15.684703351306915,14.789999961853027,1134392.9970741272
2009-08-26,SZ000895,29500,40.71221076316833,39.38999938964844,1162004.981994629
2009-08-26,SZ000917,68000,17.695307534217836,16.670000076293945,1133560.0051879883
2009-08-26,SZ000999,73100,16.454935763168333,18.40999984741211,1345770.9888458252
2009-08-26,SZ002038,35600,33.77013013687134,36.52000045776367,1300112.0162963867
2009-08-26,SZ002269,60400,19.505850000000002,18.499998092651367,1117399.8847961426
2009-08-27,SH600011,143600,8.382514114475251,7.929999828338623,1138747.9753494263
2009-08-27,SH600037,96100,12.523756457901001,11.539999961853027,1108993.996334076
2009-08-27,SH600096,43300,27.778329549980164,24.100000381469727,1043530.0165176392
2009-08-27,SH600125,150400,8.0024,7.409999847412109,1114463.9770507812
2009-08-27,SH600176,61300,19.615883610534667,17.229999542236328,1056198.971939087
2009-08-27,SH600271,73500,16.37490993156433,16.940000534057617,1245090.0392532349
2009-08-27,SH600276,33700,35.710710763168336,41.13999938964844,1386417.9794311523
2009-08-27,SH600350,198900,6.051815190792084,5.019999980926514,998477.9962062836
2009-08-27,SH600548,190100,6.331898923683167,5.529999732971191,1051252.9492378235
2009-08-27,SH600588,56400,21.316392465782165,19.169998168945312,1081187.8967285156
2009-08-27,SH600598,86600,13.904169618415832,12.99000072479248,1124934.0627670288
2009-08-27,SH600737,92800,12.963888038158418,13.970000267028809,1296416.0247802734
2009-08-27,SH600816,64300,18.705610763168334,16.0,1028800.0
2009-08-27,SH600820,87900,13.694107534217833,13.570000648498535,1192803.0570030212
2009-08-27,SH600874,172200,6.992097248029708,6.189999580383301,1065917.9277420044
2009-08-27,SH601186,110000,10.943282534217834,9.260000228881836,1018600.025177002
2009-08-27,SH601991,136700,8.802640190792083,10.170000076293945,1390239.0104293823
2009-08-27,SZ000423,60100,20.006,19.18000030517578,1152718.0183410645
2009-08-27,SZ000538,32000,37.611282289505006,43.61000061035156,1395520.01953125
2009-08-27,SZ000729,76700,15.684703351306915,14.800000190734863,1135160.014629364
2009-08-27,SZ000895,29500,40.71221076316833,40.35000228881836,1190325.0675201416
2009-08-27,SZ000917,68000,17.695307534217836,17.100000381469727,1162800.0259399414
2009-08-27,SZ000999,73100,16.454935763168333,18.5,1352350.0
2009-08-27,SZ002038,35600,33.77013013687134,36.38999938964844,1295483.9782714844
2009-08-27,SZ002269,60400,19.505850000000002,18.809999465942383,1136123.96774292
2009-08-28,SH600011,143600,8.382514114475251,7.759999752044678,1114335.9643936157
2009-08-28,SH600037,96100,12.523756457901001,11.199999809265137,1076319.9816703796
2009-08-28,SH600096,43300,27.778329549980164,23.779998779296875,1029673.9471435547
2009-08-28,SH600125,150400,8.0024,7.200000286102295,1082880.0430297852
2009-08-28,SH600176,61300,19.615883610534667,17.149999618530273,1051294.9766159058
2009-08-28,SH600271,73500,16.37490993156433,16.750001907348633,1231125.1401901245
2009-08-28,SH600276,33700,35.710710763168336,39.650001525878906,1336205.0514221191
2009-08-28,SH600350,198900,6.051815190792084,4.96999979019165,988532.9582691193
2009-08-28,SH600548,190100,6.331898923683167,5.400000095367432,1026540.0181293488
2009-08-28,SH600588,56400,21.316392465782165,18.84000015258789,1062576.008605957
2009-08-28,SH600598,86600,13.904169618415832,12.920001029968262,1118872.0891952515
2009-08-28,SH600737,92800,12.963888038158418,13.879999160766602,1288063.9221191406
2009-08-28,SH600816,64300,18.705610763168334,15.550000190734863,999865.0122642517
2009-08-28,SH600820,87900,13.694107534217833,13.09999942779541,1151489.9497032166
2009-08-28,SH600874,172200,6.992097248029708,5.949999809265137,1024589.9671554565
2009-08-28,SH601186,110000,10.943282534217834,9.289999961853027,1021899.995803833
2009-08-28,SH601991,136700,8.802640190792083,9.760000228881836,1334192.031288147
2009-08-28,SZ000423,60100,20.006,18.700000762939453,1123870.0458526611
2009-08-28,SZ000538,32000,37.611282289505006,41.810001373291016,1337920.0439453125
2009-08-28,SZ000729,76700,15.684703351306915,14.470000267028809,1109849.0204811096
2009-08-28,SZ000895,29500,40.71221076316833,39.5,1165250.0
2009-08-28,SZ000917,68000,17.695307534217836,16.59000015258789,1128120.0103759766
2009-08-28,SZ000999,73100,16.454935763168333,18.03999900817871,1318723.9274978638
2009-08-28,SZ002038,35600,33.77013013687134,34.849998474121094,1240659.945678711
2009-08-28,SZ002269,60400,19.505850000000002,18.43000030517578,1113172.0184326172
2009-08-31,SH600011,143600,8.382514114475251,7.190000057220459,1032484.0082168579
2009-08-31,SH600037,96100,12.523756457901001,10.399999618530273,999439.9633407593
2009-08-31,SH600096,43300,27.778329549980164,22.09000015258789,956497.0066070557
2009-08-31,SH600125,150400,8.0024,6.90000057220459,1037760.0860595703
2009-08-31,SH600176,61300,19.615883610534667,15.440000534057617,946472.0327377319
2009-08-31,SH600271,73500,16.37490993156433,15.29000186920166,1123815.137386322
2009-08-31,SH600276,33700,35.710710763168336,39.790000915527344,1340923.0308532715
2009-08-31,SH600350,198900,6.051815190792084,4.789999961853027,952730.9924125671
2009-08-31,SH600548,190100,6.331898923683167,5.080000400543213,965708.0761432648
2009-08-31,SH600588,56400,21.316392465782165,17.799999237060547,1003919.9569702148
2009-08-31,SH600598,86600,13.904169618415832,12.600000381469727,1091160.0330352783
2009-08-31,SH600737,92800,12.963888038158418,13.070000648498535,1212896.060180664
2009-08-31,SH600816,64300,18.705610763168334,14.660000801086426,942638.0515098572
2009-08-31,SH600820,87900,13.694107534217833,12.000000953674316,1054800.0838279724
2009-08-31,SH600874,172200,6.992097248029708,5.5,947100.0
2009-08-31,SH601186,110000,10.943282534217834,8.789999961853027,966899.995803833
2009-08-31,SH601991,136700,8.802640190792083,9.109999656677246,1245336.9530677795
2009-08-31,SZ000423,60100,20.006,17.510000228881836,1052351.0137557983
2009-08-31,SZ000538,32000,37.611282289505006,41.15999984741211,1317119.9951171875
2009-08-31,SZ000729,76700,15.684703351306915,13.780000686645508,1056926.0526657104
2009-08-31,SZ000895,29500,40.71221076316833,38.0,1121000.0
2009-08-31,SZ000917,68000,17.695307534217836,15.519999504089355,1055359.9662780762
2009-08-31,SZ000999,73100,16.454935763168333,17.299999237060547,1264629.944229126
2009-08-31,SZ002038,35600,33.77013013687134,34.15999984741211,1216095.994567871
2009-08-31,SZ002269,60400,19.505850000000002,17.389999389648438,1050355.9631347656
2009-09-01,SH600011,143600,8.382514114475251,7.190000057220459,1032484.0082168579
2009-09-01,SH600037,96100,12.523756457901001,10.789999961853027,1036918.9963340759
2009-09-01,SH600096,43300,27.778329549980164,22.0,952600.0
2009-09-01,SH600125,150400,8.0024,6.880000114440918,1034752.0172119141
2009-09-01,SH600176,61300,19.615883610534667,14.670000076293945,899271.0046768188
2009-09-01,SH600271,73500,16.37490993156433,15.1899995803833,1116464.9691581726
2009-09-01,SH600276,33700,35.710710763168336,40.119998931884766,1352043.9640045166
2009-09-01,SH600350,198900,6.051815190792084,4.899999618530273,974609.9241256714
2009-09-01,SH600548,190100,6.331898923683167,5.070000171661377,963807.0326328278
2009-09-01,SH600588,56400,21.316392465782165,18.0,1015200.0
2009-09-01,SH600598,86600,13.904169618415832,12.390000343322754,1072974.0297317505
2009-09-01,SH600737,92800,12.963888038158418,12.880001068115234,1195264.0991210938
2009-09-01,SH600816,64300,18.705610763168334,14.619999885559082,940065.992641449
2009-09-01,SH600820,87900,13.694107534217833,12.169999122619629,1069742.9228782654
2009-09-01,SH600874,172200,6.992097248029708,5.5,947100.0
2009-09-01,SH601186,110000,10.943282534217834,8.899999618530273,978999.9580383301
2009-09-01,SH601991,136700,8.802640190792083,9.179999351501465,1254905.9113502502
2009-09-01,SZ000423,60100,20.006,17.510000228881836,1052351.0137557983
2009-09-01,SZ000538,32000,37.611282289505006,41.880001068115234,1340160.0341796875
2009-09-01,SZ000729,76700,15.684703351306915,13.600000381469727,1043120.029258728
2009-09-01,SZ000895,29500,40.71221076316833,37.0,1091500.0
2009-09-01,SZ000917,68000,17.695307534217836,16.28999900817871,1107719.9325561523
2009-09-01,SZ000999,73100,16.454935763168333,17.450000762939453,1275595.055770874
2009-09-01,SZ002038,35600,33.77013013687134,33.67000198364258,1198652.0706176758
2009-09-01,SZ002269,60400,19.505850000000002,17.40999984741211,1051563.9907836914
2009-09-02,SH600011,143600,8.382514114475251,7.220000267028809,1036792.0383453369
2009-09-02,SH600037,96100,12.523756457901001,10.820000648498535,1039802.0623207092
2009-09-02,SH600096,43300,27.778329549980164,22.10999870300293,957362.9438400269
2009-09-02,SH600125,150400,8.0024,7.020000457763672,1055808.0688476562
2009-09-02,SH600176,61300,19.615883610534667,14.730000495910645,902949.0303993225
2009-09-02,SH600271,73500,16.37490993156433,15.319999694824219,1126019.97756958
2009-09-02,SH600276,33700,35.710710763168336,39.30999755859375,1324746.9177246094
2009-09-02,SH600350,198900,6.051815190792084,4.889999866485596,972620.973443985
2009-09-02,SH600548,190100,6.331898923683167,5.099999904632568,969509.9818706512
2009-09-02,SH600588,56400,21.316392465782165,18.06999969482422,1019147.9827880859
2009-09-02,SH600598,86600,13.904169618415832,11.99000072479248,1038334.0627670288
2009-09-02,SH600737,92800,12.963888038158418,12.420001029968262,1152576.0955810547
2009-09-02,SH600816,64300,18.705610763168334,14.860000610351562,955498.0392456055
2009-09-02,SH600820,87900,13.694107534217833,12.139999389648438,1067105.9463500977
2009-09-02,SH600874,172200,6.992097248029708,5.509999752044678,948821.9573020935
2009-09-02,SH601186,110000,10.943282534217834,8.920000076293945,981200.008392334
2009-09-02,SH601991,136700,8.802640190792083,9.300000190734863,1271310.0260734558
2009-09-02,SZ000423,60100,20.006,17.829999923706055,1071582.995414734
2009-09-02,SZ000538,32000,37.611282289505006,41.900001525878906,1340800.048828125
2009-09-02,SZ000729,76700,15.684703351306915,13.600000381469727,1043120.029258728
2009-09-02,SZ000895,29500,40.71221076316833,37.19999694824219,1097399.9099731445
2009-09-02,SZ000917,68000,17.695307534217836,16.610000610351562,1129480.0415039062
2009-09-02,SZ000999,73100,16.454935763168333,17.330001831054688,1266823.1338500977
2009-09-02,SZ002038,35600,33.77013013687134,33.84000015258789,1204704.005432129
2009-09-02,SZ002269,60400,19.505850000000002,17.80000114440918,1075120.0691223145
2009-09-03,SH600011,143600,8.382514114475251,7.5,1077000.0
2009-09-03,SH600037,96100,12.523756457901001,11.280000686645508,1084008.0659866333
2009-09-03,SH600096,43300,27.778329549980164,23.119998931884766,1001095.9537506104
2009-09-03,SH600125,150400,8.0024,7.25,1090400.0
2009-09-03,SH600176,61300,19.615883610534667,15.289999961853027,937276.9976615906
2009-09-03,SH600271,73500,16.37490993156433,15.880000114440918,1167180.0084114075
2009-09-03,SH600276,33700,35.710710763168336,39.4900016784668,1330813.056564331
2009-09-03,SH600350,198900,6.051815190792084,5.080000400543213,1010412.079668045
2009-09-03,SH600548,190100,6.331898923683167,5.269999980926514,1001826.9963741302
2009-09-03,SH600588,56400,21.316392465782165,18.670000076293945,1052988.0043029785
2009-09-03,SH600598,86600,13.904169618415832,12.449999809265137,1078169.9834823608
2009-09-03,SH600737,92800,12.963888038158418,13.140000343322754,1219392.0318603516
2009-09-03,SH600816,64300,18.705610763168334,15.700000762939453,1009510.0490570068
2009-09-03,SH600820,87900,13.694107534217833,12.8100004196167,1125999.0368843079
2009-09-03,SH600874,172200,6.992097248029708,5.730000019073486,986706.0032844543
2009-09-03,SH601186,110000,10.943282534217834,9.239999771118164,1016399.974822998
2009-09-03,SH601991,136700,8.802640190792083,9.720000267028809,1328724.0365028381
2009-09-03,SZ000423,60100,20.006,18.40999984741211,1106440.9908294678
2009-09-03,SZ000538,32000,37.611282289505006,42.5,1360000.0
2009-09-03,SZ000729,76700,15.684703351306915,14.330000877380371,1099111.0672950745
2009-09-03,SZ000895,29500,40.71221076316833,38.349998474121094,1131324.9549865723
2009-09-03,SZ000917,68000,17.695307534217836,17.219999313354492,1170959.9533081055
2009-09-03,SZ000999,73100,16.454935763168333,17.780000686645508,1299718.0501937866
2009-09-03,SZ002038,35600,33.77013013687134,34.849998474121094,1240659.945678711
2009-09-03,SZ002269,60400,19.505850000000002,18.82000160217285,1136728.0967712402
2009-09-04,SH600011,143600,8.382514114475251,7.5,1077000.0
2009-09-04,SH600037,96100,12.523756457901001,11.390000343322754,1094579.0329933167
2009-09-04,SH600096,43300,27.778329549980164,23.630001068115234,1023179.0462493896
2009-09-04,SH600125,150400,8.0024,7.25,1090400.0
2009-09-04,SH600176,61300,19.615883610534667,15.450000762939453,947085.0467681885
2009-09-04,SH600271,73500,16.37490993156433,16.19999885559082,1190699.9158859253
2009-09-04,SH600276,33700,35.710710763168336,42.08000183105469,1418096.061706543
2009-09-04,SH600350,198900,6.051815190792084,5.210000038146973,1036269.0075874329
2009-09-04,SH600548,190100,6.331898923683167,5.269999980926514,1001826.9963741302
2009-09-04,SH600588,56400,21.316392465782165,18.780000686645508,1059192.0387268066
2009-09-04,SH600598,86600,13.904169618415832,12.769999504089355,1105881.9570541382
2009-09-04,SH600737,92800,12.963888038158418,13.449999809265137,1248159.9822998047
2009-09-04,SH600816,64300,18.705610763168334,15.829999923706055,1017868.9950942993
2009-09-04,SH600820,87900,13.694107534217833,13.0,1142700.0
2009-09-04,SH600874,172200,6.992097248029708,5.800000190734863,998760.0328445435
2009-09-04,SH601186,110000,10.943282534217834,9.179999351501465,1009799.9286651611
2009-09-04,SH601991,136700,8.802640190792083,9.65999984741211,1320521.9791412354
2009-09-04,SZ000423,60100,20.006,18.520000457763672,1113052.0275115967
2009-09-04,SZ000538,32000,37.611282289505006,44.14999771118164,1412799.9267578125
2009-09-04,SZ000729,76700,15.684703351306915,14.369999885559082,1102178.9912223816
2009-09-04,SZ000895,29500,40.71221076316833,38.279998779296875,1129259.9639892578
2009-09-04,SZ000917,68000,17.695307534217836,18.010000228881836,1224680.0155639648
2009-09-04,SZ000999,73100,16.454935763168333,18.18000030517578,1328958.0223083496
2009-09-04,SZ002038,35600,33.77013013687134,35.65999984741211,1269495.994567871
2009-09-04,SZ002269,60400,19.505850000000002,18.889999389648438,1140955.9631347656
2009-09-07,SH600011,143600,8.382514114475251,7.630000114440918,1095668.0164337158
2009-09-07,SH600037,96100,12.523756457901001,11.480000495910645,1103228.047657013
2009-09-07,SH600096,43300,27.778329549980164,24.279998779296875,1051323.9471435547
2009-09-07,SH600125,150400,8.0024,7.230000019073486,1087392.0028686523
2009-09-07,SH600176,61300,19.615883610534667,15.279999732971191,936663.983631134
2009-09-07,SH600271,73500,16.37490993156433,16.059999465942383,1180409.9607467651
2009-09-07,SH600276,33700,35.710710763168336,42.88999938964844,1445392.9794311523
2009-09-07,SH600350,198900,6.051815190792084,5.160000324249268,1026324.0644931793
2009-09-07,SH600548,190100,6.331898923683167,5.309999942779541,1009430.9891223907
2009-09-07,SH600588,56400,21.316392465782165,18.85999870300293,1063703.9268493652
2009-09-07,SH600598,86600,13.904169618415832,12.769999504089355,1105881.9570541382
2009-09-07,SH600737,92800,12.963888038158418,13.779999732971191,1278783.9752197266
2009-09-07,SH600816,64300,18.705610763168334,15.790000915527344,1015297.0588684082
2009-09-07,SH600820,87900,13.694107534217833,13.00999927520752,1143578.936290741
2009-09-07,SH600874,172200,6.992097248029708,6.059999942779541,1043531.990146637
2009-09-07,SH601186,110000,10.943282534217834,9.219999313354492,1014199.9244689941
2009-09-07,SH601991,136700,8.802640190792083,9.609999656677246,1313686.9530677795
2009-09-07,SZ000423,60100,20.006,19.540000915527344,1174354.0550231934
2009-09-07,SZ000538,32000,37.611282289505006,45.39999771118164,1452799.9267578125
2009-09-07,SZ000729,76700,15.684703351306915,15.0,1150500.0
2009-09-07,SZ000895,29500,40.71221076316833,39.20000076293945,1156400.0225067139
2009-09-07,SZ000917,68000,17.695307534217836,19.059999465942383,1296079.963684082
2009-09-07,SZ000999,73100,16.454935763168333,18.39999771118164,1345039.832687378
2009-09-07,SZ002038,35600,33.77013013687134,36.31999969482422,1292991.9891357422
2009-09-07,SZ002269,60400,19.505850000000002,19.420000076293945,1172968.0046081543
2009-09-08,SH600011,143600,8.382514114475251,7.710000514984131,1107156.0739517212
2009-09-08,SH600037,96100,12.523756457901001,11.5,1105150.0
2009-09-08,SH600096,43300,27.778329549980164,24.190000534057617,1047427.0231246948
2009-09-08,SH600125,150400,8.0024,7.319999694824219,1100927.9541015625
2009-09-08,SH600176,61300,19.615883610534667,15.480000495910645,948924.0303993225
2009-09-08,SH600271,73500,16.37490993156433,16.290000915527344,1197315.0672912598
2009-09-08,SH600276,33700,35.710710763168336,42.30999755859375,1425846.9177246094
2009-09-08,SH600350,198900,6.051815190792084,5.160000324249268,1026324.0644931793
2009-09-08,SH600548,190100,6.331898923683167,5.329999923706055,1013232.985496521
2009-09-08,SH600588,56400,21.316392465782165,19.190000534057617,1082316.0301208496
2009-09-08,SH600598,86600,13.904169618415832,12.920001029968262,1118872.0891952515
2009-09-08,SH600737,92800,12.963888038158418,14.410000801086426,1337248.0743408203
2009-09-08,SH600816,64300,18.705610763168334,16.010000228881836,1029443.014717102
2009-09-08,SH600820,87900,13.694107534217833,13.309999465942383,1169948.9530563354
2009-09-08,SH600874,172200,6.992097248029708,6.059999942779541,1043531.990146637
2009-09-08,SH601186,110000,10.943282534217834,9.230000495910645,1015300.0545501709
2009-09-08,SH601991,136700,8.802640190792083,9.780000686645508,1336926.093864441
2009-09-08,SZ000423,60100,20.006,19.779998779296875,1188777.9266357422
2009-09-08,SZ000538,32000,37.611282289505006,45.12999725341797,1444159.912109375
2009-09-08,SZ000729,76700,15.684703351306915,15.079998970031738,1156635.9210014343
2009-09-08,SZ000895,29500,40.71221076316833,39.95000076293945,1178525.0225067139
2009-09-08,SZ000917,68000,17.695307534217836,19.18000030517578,1304240.0207519531
2009-09-08,SZ000999,73100,16.454935763168333,18.249998092651367,1334074.860572815
2009-09-08,SZ002038,35600,33.77013013687134,36.0,1281600.0
2009-09-08,SZ002269,60400,19.505850000000002,19.46000099182129,1175384.0599060059
2009-09-09,SH600011,143600,8.382514114475251,7.650000095367432,1098540.0136947632
2009-09-09,SH600037,96100,12.523756457901001,11.380000114440918,1093618.0109977722
2009-09-09,SH600096,43300,27.778329549980164,23.919998168945312,1035735.920715332
2009-09-09,SH600125,150400,8.0024,7.269999980926514,1093407.9971313477
2009-09-09,SH600176,61300,19.615883610534667,15.369999885559082,942180.9929847717
2009-09-09,SH600271,73500,16.37490993156433,16.270000457763672,1195845.0336456299
2009-09-09,SH600276,33700,35.710710763168336,41.400001525878906,1395180.0514221191
2009-09-09,SH600350,198900,6.051815190792084,5.12000036239624,1018368.0720806122
2009-09-09,SH600548,190100,6.331898923683167,5.429999828338623,1032242.9673671722
2009-09-09,SH600588,56400,21.316392465782165,19.190000534057617,1082316.0301208496
2009-09-09,SH600598,86600,13.904169618415832,12.99000072479248,1124934.0627670288
2009-09-09,SH600737,92800,12.963888038158418,14.080000877380371,1306624.0814208984
2009-09-09,SH600816,64300,18.705610763168334,15.960000038146973,1026228.0024528503
2009-09-09,SH600820,87900,13.694107534217833,13.930000305175781,1224447.0268249512
2009-09-09,SH600874,172200,6.992097248029708,5.9599995613098145,1026311.92445755
2009-09-09,SH601186,110000,10.943282534217834,9.199999809265137,1011999.979019165
2009-09-09,SH601991,136700,8.802640190792083,9.6899995803833,1324622.9426383972
2009-09-09,SZ000423,60100,20.006,19.579999923706055,1176757.995414734
2009-09-09,SZ000538,32000,37.611282289505006,43.89999771118164,1404799.9267578125
2009-09-09,SZ000729,76700,15.684703351306915,14.829998970031738,1137460.9210014343
2009-09-09,SZ000895,29500,40.71221076316833,39.5,1165250.0
2009-09-09,SZ000917,68000,17.695307534217836,19.369998931884766,1317159.927368164
2009-09-09,SZ000999,73100,16.454935763168333,18.100000381469727,1323110.027885437
2009-09-09,SZ002038,35600,33.77013013687134,35.45000076293945,1262020.0271606445
2009-09-09,SZ002269,60400,19.505850000000002,19.689998626708984,1189275.9170532227
2009-09-10,SH600011,143600,8.382514114475251,7.570000171661377,1087052.0246505737
2009-09-10,SH600037,96100,12.523756457901001,11.149999618530273,1071514.9633407593
2009-09-10,SH600096,43300,27.778329549980164,23.660001754760742,1024478.0759811401
2009-09-10,SH600125,150400,8.0024,7.360000133514404,1106944.0200805664
2009-09-10,SH600176,61300,19.615883610534667,15.709999084472656,963022.9438781738
2009-09-10,SH600271,73500,16.37490993156433,16.19999885559082,1190699.9158859253
2009-09-10,SH600276,33700,35.710710763168336,42.98999786376953,1448762.9280090332
2009-09-10,SH600350,198900,6.051815190792084,5.060000419616699,1006434.0834617615
2009-09-10,SH600548,190100,6.331898923683167,5.359999656677246,1018935.9347343445
2009-09-10,SH600588,56400,21.316392465782165,18.920001983642578,1067088.1118774414
2009-09-10,SH600598,86600,13.904169618415832,13.329999923706055,1154377.9933929443
2009-09-10,SH600737,92800,12.963888038158418,13.770000457763672,1277856.0424804688
2009-09-10,SH600816,64300,18.705610763168334,15.79999828338623,1015939.8896217346
2009-09-10,SH600820,87900,13.694107534217833,13.649999618530273,1199834.966468811
2009-09-10,SH600874,172200,6.992097248029708,5.890000343322754,1014258.0591201782
2009-09-10,SH601186,110000,10.943282534217834,9.179999351501465,1009799.9286651611
2009-09-10,SH601991,136700,8.802640190792083,9.489999771118164,1297282.968711853
2009-09-10,SZ000423,60100,20.006,19.399999618530273,1165939.9770736694
2009-09-10,SZ000538,32000,37.611282289505006,43.92000198364258,1405440.0634765625
2009-09-10,SZ000729,76700,15.684703351306915,14.59999942779541,1119819.956111908
2009-09-10,SZ000895,29500,40.71221076316833,39.47999954223633,1164659.9864959717
2009-09-10,SZ000917,68000,17.695307534217836,19.369998931884766,1317159.927368164
2009-09-10,SZ000999,73100,16.454935763168333,17.860000610351562,1305566.0446166992
2009-09-10,SZ002038,35600,33.77013013687134,35.29999923706055,1256679.9728393555
2009-09-10,SZ002269,60400,19.505850000000002,19.5,1177800.0
2009-09-11,SH600011,143600,8.382514114475251,7.640000343322754,1097104.0493011475
2009-09-11,SH600037,96100,12.523756457901001,11.710000038146973,1125331.003665924
2009-09-11,SH600096,43300,27.778329549980164,23.8700008392334,1033571.0363388062
2009-09-11,SH600125,150400,8.0024,7.37999963760376,1109951.9454956055
2009-09-11,SH600176,61300,19.615883610534667,15.789999961853027,967926.9976615906
2009-09-11,SH600271,73500,16.37490993156433,16.469999313354492,1210544.9495315552
2009-09-11,SH600276,33700,35.710710763168336,42.36000061035156,1427532.0205688477
2009-09-11,SH600350,198900,6.051815190792084,5.110000133514404,1016379.026556015
2009-09-11,SH600548,190100,6.331898923683167,5.420000076293945,1030342.014503479
2009-09-11,SH600588,56400,21.316392465782165,19.15999984741211,1080623.991394043
2009-09-11,SH600598,86600,13.904169618415832,13.289999961853027,1150913.9966964722
2009-09-11,SH600737,92800,12.963888038158418,13.920001029968262,1291776.0955810547
2009-09-11,SH600816,64300,18.705610763168334,16.049999237060547,1032014.9509429932
2009-09-11,SH600820,87900,13.694107534217833,13.6899995803833,1203350.9631156921
2009-09-11,SH600874,172200,6.992097248029708,6.099999904632568,1050419.9835777283
2009-09-11,SH601186,110000,10.943282534217834,9.239999771118164,1016399.974822998
2009-09-11,SH601991,136700,8.802640190792083,9.59999942779541,1312319.9217796326
2009-09-11,SZ000423,60100,20.006,19.5,1171950.0
2009-09-11,SZ000538,32000,37.611282289505006,44.019996643066406,1408639.892578125
2009-09-11,SZ000729,76700,15.684703351306915,14.770000457763672,1132859.0351104736
2009-09-11,SZ000895,29500,40.71221076316833,38.709999084472656,1141944.9729919434
2009-09-11,SZ000917,68000,17.695307534217836,21.309999465942383,1449079.963684082
2009-09-11,SZ000999,73100,16.454935763168333,18.0,1315800.0
2009-09-11,SZ002038,35600,33.77013013687134,35.78000259399414,1273768.0923461914
2009-09-11,SZ002269,60400,19.505850000000002,19.579999923706055,1182631.9953918457
2009-09-14,SH600011,143600,8.382514114475251,7.78000020980835,1117208.030128479
2009-09-14,SH600037,96100,12.523756457901001,11.90999984741211,1144550.9853363037
2009-09-14,SH600096,43300,27.778329549980164,24.350000381469727,1054355.0165176392
2009-09-14,SH600125,150400,8.0024,7.480000019073486,1124992.0028686523
2009-09-14,SH600176,61300,19.615883610534667,16.110000610351562,987543.0374145508
2009-09-14,SH600271,73500,16.37490993156433,17.549999237060547,1289924.9439239502
2009-09-14,SH600276,33700,35.710710763168336,42.52000045776367,1432924.0154266357
2009-09-14,SH600350,198900,6.051815190792084,5.160000324249268,1026324.0644931793
2009-09-14,SH600548,190100,6.331898923683167,5.460000038146973,1037946.0072517395
2009-09-14,SH600588,56400,21.316392465782165,19.829999923706055,1118411.9956970215
2009-09-14,SH600598,86600,13.904169618415832,13.789999008178711,1194213.9141082764
2009-09-14,SH600737,92800,12.963888038158418,14.289999961853027,1326111.996459961
2009-09-14,SH600816,64300,18.705610763168334,16.229999542236328,1043588.9705657959
2009-09-14,SH600820,87900,13.694107534217833,13.850000381469727,1217415.033531189
2009-09-14,SH600874,172200,6.992097248029708,6.140000343322754,1057308.0591201782
2009-09-14,SH601186,110000,10.943282534217834,9.369999885559082,1030699.987411499
2009-09-14,SH601991,136700,8.802640190792083,9.84999942779541,1346494.9217796326
2009-09-14,SZ000423,60100,20.006,20.150001525878906,1211015.0917053223
2009-09-14,SZ000538,32000,37.611282289505006,45.64999771118164,1460799.9267578125
2009-09-14,SZ000729,76700,15.684703351306915,15.050000190734863,1154335.014629364
2009-09-14,SZ000895,29500,40.71221076316833,40.05999755859375,1181769.9279785156
2009-09-14,SZ000917,68000,17.695307534217836,22.200000762939453,1509600.0518798828
2009-09-14,SZ000999,73100,16.454935763168333,18.21000099182129,1331151.0725021362
2009-09-14,SZ002038,35600,33.77013013687134,35.78000259399414,1273768.0923461914
2009-09-14,SZ002269,60400,19.505850000000002,19.880001068115234,1200752.0645141602
2009-09-15,SH600011,143600,8.382514114475251,7.810000419616699,1121516.060256958
2009-09-15,SH600037,96100,12.523756457901001,11.859999656677246,1139745.9670066833
2009-09-15,SH600096,43300,27.778329549980164,24.380001068115234,1055654.0462493896
2009-09-15,SH600125,150400,8.0024,7.440000057220459,1118976.008605957
2009-09-15,SH600176,61300,19.615883610534667,16.260000228881836,996738.0140304565
2009-09-15,SH600271,73500,16.37490993156433,17.3799991607666,1277429.9383163452
2009-09-15,SH600276,33700,35.710710763168336,42.5099983215332,1432586.943435669
2009-09-15,SH600350,198900,6.051815190792084,5.12999963760376,1020356.9279193878
2009-09-15,SH600548,190100,6.331898923683167,5.490000247955322,1043649.0471363068
2009-09-15,SH600588,56400,21.316392465782165,20.079999923706055,1132511.9956970215
2009-09-15,SH600598,86600,13.904169618415832,13.9399995803833,1207203.9636611938
2009-09-15,SH600737,92800,12.963888038158418,14.15000057220459,1313120.053100586
2009-09-15,SH600816,64300,18.705610763168334,16.229999542236328,1043588.9705657959
2009-09-15,SH600820,87900,13.694107534217833,13.860000610351562,1218294.0536499023
2009-09-15,SH600874,172200,6.992097248029708,6.179999828338623,1064195.970439911
2009-09-15,SH601186,110000,10.943282534217834,9.319999694824219,1025199.9664306641
2009-09-15,SH601991,136700,8.802640190792083,9.9399995803833,1358797.9426383972
2009-09-15,SZ000423,60100,20.006,19.899999618530273,1195989.9770736694
2009-09-15,SZ000538,32000,37.611282289505006,45.06999969482422,1442239.990234375
2009-09-15,SZ000729,76700,15.684703351306915,14.969999313354492,1148198.9473342896
2009-09-15,SZ000895,29500,40.71221076316833,39.81999588012695,1174689.8784637451
2009-09-15,SZ000917,68000,17.695307534217836,21.93000030517578,1491240.0207519531
2009-09-15,SZ000999,73100,16.454935763168333,18.149999618530273,1326764.972114563
2009-09-15,SZ002038,35600,33.77013013687134,37.07999801635742,1320047.9293823242
2009-09-15,SZ002269,60400,19.505850000000002,19.80000114440918,1195920.0691223145
2009-09-16,SH600011,143600,8.382514114475251,7.660000324249268,1099976.0465621948
2009-09-16,SH600037,96100,12.523756457901001,12.020000457763672,1155122.0439910889
2009-09-16,SH600096,43300,27.778329549980164,24.530000686645508,1062149.0297317505
2009-09-16,SH600125,150400,8.0024,7.329999923706055,1102431.9885253906
2009-09-16,SH600176,61300,19.615883610534667,16.079999923706055,985703.9953231812
2009-09-16,SH600271,73500,16.37490993156433,17.43000030517578,1281105.02243042
2009-09-16,SH600276,33700,35.710710763168336,41.869998931884766,1411018.9640045166
2009-09-16,SH600350,198900,6.051815190792084,5.049999713897705,1004444.9430942535
2009-09-16,SH600548,190100,6.331898923683167,5.5,1045550.0
2009-09-16,SH600588,56400,21.316392465782165,20.6299991607666,1163531.9526672363
2009-09-16,SH600598,86600,13.904169618415832,13.600001335144043,1177760.1156234741
2009-09-16,SH600737,92800,12.963888038158418,13.84000015258789,1284352.0141601562
2009-09-16,SH600816,64300,18.705610763168334,16.610000610351562,1068023.0392456055
2009-09-16,SH600820,87900,13.694107534217833,13.589999198913574,1194560.9295845032
2009-09-16,SH600874,172200,6.992097248029708,6.12999963760376,1055585.9375953674
2009-09-16,SH601186,110000,10.943282534217834,9.170000076293945,1008700.008392334
2009-09-16,SH601991,136700,8.802640190792083,9.760000228881836,1334192.031288147
2009-09-16,SZ000423,60100,20.006,19.75,1186975.0
2009-09-16,SZ000538,32000,37.611282289505006,45.0,1440000.0
2009-09-16,SZ000729,76700,15.684703351306915,15.050000190734863,1154335.014629364
2009-09-16,SZ000895,29500,40.71221076316833,40.029998779296875,1180884.9639892578
2009-09-16,SZ000917,68000,17.695307534217836,22.200000762939453,1509600.0518798828
2009-09-16,SZ000999,73100,16.454935763168333,17.780000686645508,1299718.0501937866
2009-09-16,SZ002038,35600,33.77013013687134,36.59000015258789,1302604.005432129
2009-09-16,SZ002269,60400,19.505850000000002,19.64000129699707,1186256.078338623
2009-09-17,SH600011,143600,8.382514114475251,7.840000152587891,1125824.021911621
2009-09-17,SH600037,96100,12.523756457901001,12.349998474121094,1186834.853363037
2009-09-17,SH600096,43300,27.778329549980164,25.639999389648438,1110211.9735717773
2009-09-17,SH600125,150400,8.0024,7.5400004386901855,1134016.065979004
2009-09-17,SH600176,61300,19.615883610534667,16.56999969482422,1015740.9812927246
2009-09-17,SH600271,73500,16.37490993156433,18.549999237060547,1363424.9439239502
2009-09-17,SH600276,33700,35.710710763168336,41.88999938964844,1411692.9794311523
2009-09-17,SH600350,198900,6.051815190792084,5.289999961853027,1052180.9924125671
2009-09-17,SH600548,190100,6.331898923683167,5.96999979019165,1134896.9601154327
2009-09-17,SH600588,56400,21.316392465782165,21.209999084472656,1196243.9483642578
2009-09-17,SH600598,86600,13.904169618415832,13.730000495910645,1189018.0429458618
2009-09-17,SH600737,92800,12.963888038158418,14.100000381469727,1308480.0354003906
2009-09-17,SH600816,64300,18.705610763168334,17.020002365112305,1094386.1520767212
2009-09-17,SH600820,87900,13.694107534217833,13.9399995803833,1225325.9631156921
2009-09-17,SH600874,172200,6.992097248029708,6.28000020980835,1081416.0361289978
2009-09-17,SH601186,110000,10.943282534217834,9.300000190734863,1023000.020980835
2009-09-17,SH601991,136700,8.802640190792083,10.0,1367000.0
2009-09-17,SZ000423,60100,20.006,19.96000099182129,1199596.0596084595
2009-09-17,SZ000538,32000,37.611282289505006,45.17000198364258,1445440.0634765625
2009-09-17,SZ000729,76700,15.684703351306915,15.459999084472656,1185781.9297790527
2009-09-17,SZ000895,29500,40.71221076316833,41.40999984741211,1221594.9954986572
2009-09-17,SZ000917,68000,17.695307534217836,21.839998245239258,1485119.8806762695
2009-09-17,SZ000999,73100,16.454935763168333,18.0,1315800.0
2009-09-17,SZ002038,35600,33.77013013687134,36.59000015258789,1302604.005432129
2009-09-17,SZ002269,60400,19.505850000000002,19.64000129699707,1186256.078338623
2009-09-18,SH600011,143600,8.382514114475251,7.599999904632568,1091359.9863052368
2009-09-18,SH600037,96100,12.523756457901001,12.129999160766602,1165692.9193496704
2009-09-18,SH600096,43300,27.778329549980164,24.260000228881836,1050458.0099105835
2009-09-18,SH600125,150400,8.0024,7.390000343322754,1111456.0516357422
2009-09-18,SH600176,61300,19.615883610534667,16.170000076293945,991221.0046768188
2009-09-18,SH600271,73500,16.37490993156433,17.40999984741211,1279634.98878479
2009-09-18,SH600276,33700,35.710710763168336,42.099998474121094,1418769.9485778809
2009-09-18,SH600350,198900,6.051815190792084,5.099999904632568,1014389.9810314178
2009-09-18,SH600548,190100,6.331898923683167,5.919999599456787,1125391.9238567352
2009-09-18,SH600588,56400,21.316392465782165,20.200000762939453,1139280.0430297852
2009-09-18,SH600598,86600,13.904169618415832,13.420000076293945,1162172.0066070557
2009-09-18,SH600737,92800,12.963888038158418,13.480000495910645,1250944.0460205078
2009-09-18,SH600816,64300,18.705610763168334,16.149999618530273,1038444.9754714966
2009-09-18,SH600820,87900,13.694107534217833,13.390000343322754,1176981.03017807
2009-09-18,SH600874,172200,6.992097248029708,6.050000190734863,1041810.0328445435
2009-09-18,SH601186,110000,10.943282534217834,9.130000114440918,1004300.012588501
2009-09-18,SH601991,136700,8.802640190792083,9.84999942779541,1346494.9217796326
2009-09-18,SZ000423,60100,20.006,19.850000381469727,1192985.0229263306
2009-09-18,SZ000538,32000,37.611282289505006,46.42000198364258,1485440.0634765625
2009-09-18,SZ000729,76700,15.684703351306915,15.129999160766602,1160470.9356307983
2009-09-18,SZ000895,29500,40.71221076316833,40.099998474121094,1182949.9549865723
2009-09-18,SZ000917,68000,17.695307534217836,20.900001525878906,1421200.1037597656
2009-09-18,SZ000999,73100,16.454935763168333,18.700000762939453,1366970.055770874
2009-09-18,SZ002038,35600,33.77013013687134,37.09000015258789,1320404.005432129
2009-09-18,SZ002269,60400,19.505850000000002,19.099998474121094,1153639.907836914
2009-09-21,SH600011,143600,8.382514114475251,7.619999885559082,1094231.9835662842
2009-09-21,SH600037,96100,12.523756457901001,12.379999160766602,1189717.9193496704
2009-09-21,SH600096,43300,27.778329549980164,23.919998168945312,1035735.920715332
2009-09-21,SH600125,150400,8.0024,7.480000019073486,1124992.0028686523
2009-09-21,SH600176,61300,19.615883610534667,16.170000076293945,991221.0046768188
2009-09-21,SH600271,73500,16.37490993156433,18.09000015258789,1329615.01121521
2009-09-21,SH600276,33700,35.710710763168336,44.0,1482800.0
2009-09-21,SH600350,198900,6.051815190792084,5.12999963760376,1020356.9279193878
2009-09-21,SH600548,190100,6.331898923683167,6.170000076293945,1172917.014503479
2009-09-21,SH600588,56400,21.316392465782165,20.69999885559082,1167479.9354553223
2009-09-21,SH600598,86600,13.904169618415832,13.299999237060547,1151779.9339294434
2009-09-21,SH600737,92800,12.963888038158418,13.380000114440918,1241664.0106201172
2009-09-21,SH600816,64300,18.705610763168334,15.90000057220459,1022370.0367927551
2009-09-21,SH600820,87900,13.694107534217833,13.390000343322754,1176981.03017807
2009-09-21,SH600874,172200,6.992097248029708,6.109999656677246,1052141.9408798218
2009-09-21,SH601186,110000,10.943282534217834,9.149999618530273,1006499.9580383301
2009-09-21,SH601991,136700,8.802640190792083,10.0,1367000.0
2009-09-21,SZ000423,60100,20.006,20.540000915527344,1234454.0550231934
2009-09-21,SZ000538,32000,37.611282289505006,49.290000915527344,1577280.029296875
2009-09-21,SZ000729,76700,15.684703351306915,15.330000877380371,1175811.0672950745
2009-09-21,SZ000895,29500,40.71221076316833,40.0,1180000.0
2009-09-21,SZ000917,68000,17.695307534217836,21.719999313354492,1476959.9533081055
2009-09-21,SZ000999,73100,16.454935763168333,19.920000076293945,1456152.0055770874
2009-09-21,SZ002038,35600,33.77013013687134,37.400001525878906,1331440.054321289
2009-09-21,SZ002269,60400,19.505850000000002,20.200000762939453,1220080.046081543
2009-09-22,SH600011,143600,8.382514114475251,7.420000076293945,1065512.0109558105
2009-09-22,SH600037,96100,12.523756457901001,11.970000267028809,1150317.0256614685
2009-09-22,SH600096,43300,27.778329549980164,23.329999923706055,1010188.9966964722
2009-09-22,SH600125,150400,8.0024,7.409999847412109,1114463.9770507812
2009-09-22,SH600176,61300,19.615883610534667,16.689998626708984,1023096.9158172607
2009-09-22,SH600271,73500,16.37490993156433,17.139999389648438,1259789.9551391602
2009-09-22,SH600276,33700,35.710710763168336,44.369998931884766,1495268.9640045166
2009-09-22,SH600350,198900,6.051815190792084,5.029999732971191,1000466.94688797
2009-09-22,SH600548,190100,6.331898923683167,5.919999599456787,1125391.9238567352
2009-09-22,SH600588,56400,21.316392465782165,20.010000228881836,1128564.0129089355
2009-09-22,SH600598,86600,13.904169618415832,12.9399995803833,1120603.9636611938
2009-09-22,SH600737,92800,12.963888038158418,13.190000534057617,1224032.0495605469
2009-09-22,SH600816,64300,18.705610763168334,15.390000343322754,989577.0220756531
2009-09-22,SH600820,87900,13.694107534217833,13.0,1142700.0
2009-09-22,SH600874,172200,6.992097248029708,5.919999599456787,1019423.9310264587
2009-09-22,SH601186,110000,10.943282534217834,9.0,990000.0
2009-09-22,SH601991,136700,8.802640190792083,9.680000305175781,1323256.0417175293
2009-09-22,SZ000423,60100,20.006,20.229999542236328,1215822.9724884033
2009-09-22,SZ000538,32000,37.611282289505006,48.349998474121094,1547199.951171875
2009-09-22,SZ000729,76700,15.684703351306915,15.079998970031738,1156635.9210014343
2009-09-22,SZ000895,29500,40.71221076316833,41.01000213623047,1209795.0630187988
2009-09-22,SZ000917,68000,17.695307534217836,21.010000228881836,1428680.0155639648
2009-09-22,SZ000999,73100,16.454935763168333,19.790000915527344,1446649.0669250488
2009-09-22,SZ002038,35600,33.77013013687134,37.900001525878906,1349240.054321289
2009-09-22,SZ002269,60400,19.505850000000002,20.509998321533203,1238803.8986206055
2009-09-23,SH600011,143600,8.382514114475251,7.190000057220459,1032484.0082168579
2009-09-23,SH600037,96100,12.523756457901001,11.399999618530273,1095539.9633407593
2009-09-23,SH600096,43300,27.778329549980164,22.839998245239258,988971.9240188599
2009-09-23,SH600125,150400,8.0024,7.339999675750732,1103935.9512329102
2009-09-23,SH600176,61300,19.615883610534667,16.559999465942383,1015127.9672622681
2009-09-23,SH600271,73500,16.37490993156433,16.810001373291016,1235535.1009368896
2009-09-23,SH600276,33700,35.710710763168336,44.61000061035156,1503357.0205688477
2009-09-23,SH600350,198900,6.051815190792084,4.930000305175781,980577.0606994629
2009-09-23,SH600548,190100,6.331898923683167,5.590000152587891,1062659.029006958
2009-09-23,SH600588,56400,21.316392465782165,19.649999618530273,1108259.9784851074
2009-09-23,SH600598,86600,13.904169618415832,12.609999656677246,1092025.9702682495
2009-09-23,SH600737,92800,12.963888038158418,12.880001068115234,1195264.0991210938
2009-09-23,SH600816,64300,18.705610763168334,15.149999618530273,974144.9754714966
2009-09-23,SH600820,87900,13.694107534217833,12.75999927520752,1121603.936290741
2009-09-23,SH600874,172200,6.992097248029708,6.189999580383301,1065917.9277420044
2009-09-23,SH601186,110000,10.943282534217834,8.899999618530273,978999.9580383301
2009-09-23,SH601991,136700,8.802640190792083,9.190000534057617,1256273.0730056763
2009-09-23,SZ000423,60100,20.006,20.0,1202000.0
2009-09-23,SZ000538,32000,37.611282289505006,49.999996185302734,1599999.8779296875
2009-09-23,SZ000729,76700,15.684703351306915,14.880000114440918,1141296.0087776184
2009-09-23,SZ000895,29500,40.71221076316833,41.20000076293945,1215400.0225067139
2009-09-23,SZ000917,68000,17.695307534217836,19.049999237060547,1295399.9481201172
2009-09-23,SZ000999,73100,16.454935763168333,19.34000015258789,1413754.0111541748
2009-09-23,SZ002038,35600,33.77013013687134,36.439998626708984,1297263.9511108398
2009-09-23,SZ002269,60400,19.505850000000002,20.639999389648438,1246655.9631347656
2009-09-24,SH600011,143600,8.382514114475251,7.150000095367432,1026740.0136947632
2009-09-24,SH600037,96100,12.523756457901001,11.109999656677246,1067670.9670066833
2009-09-24,SH600096,43300,27.778329549980164,22.65999984741211,981177.9933929443
2009-09-24,SH600125,150400,8.0024,7.240000247955322,1088896.0372924805
2009-09-24,SH600176,61300,19.615883610534667,16.329999923706055,1001028.9953231812
2009-09-24,SH600271,73500,16.37490993156433,16.899999618530273,1242149.971961975
2009-09-24,SH600276,33700,35.710710763168336,42.98999786376953,1448762.9280090332
2009-09-24,SH600350,198900,6.051815190792084,4.889999866485596,972620.973443985
2009-09-24,SH600548,190100,6.331898923683167,5.519999980926514,1049351.9963741302
2009-09-24,SH600588,56400,21.316392465782165,19.559999465942383,1103183.9698791504
2009-09-24,SH600598,86600,13.904169618415832,12.460000038146973,1079036.0033035278
2009-09-24,SH600737,92800,12.963888038158418,12.720000267028809,1180416.0247802734
2009-09-24,SH600816,64300,18.705610763168334,15.410000801086426,990863.0515098572
2009-09-24,SH600820,87900,13.694107534217833,12.670000076293945,1113693.0067062378
2009-09-24,SH600874,172200,6.992097248029708,6.600000381469727,1136520.065689087
2009-09-24,SH601186,110000,10.943282534217834,8.829999923706055,971299.991607666
2009-09-24,SH601991,136700,8.802640190792083,8.889999389648438,1215262.9165649414
2009-09-24,SZ000423,60100,20.006,19.530000686645508,1173753.041267395
2009-09-24,SZ000538,32000,37.611282289505006,48.999996185302734,1567999.8779296875
2009-09-24,SZ000729,76700,15.684703351306915,14.520000457763672,1113684.0351104736
2009-09-24,SZ000895,29500,40.71221076316833,41.349998474121094,1219824.9549865723
2009-09-24,SZ000917,68000,17.695307534217836,19.700000762939453,1339600.0518798828
2009-09-24,SZ000999,73100,16.454935763168333,19.010000228881836,1389631.0167312622
2009-09-24,SZ002038,35600,33.77013013687134,35.310001373291016,1257036.0488891602
2009-09-24,SZ002269,60400,19.505850000000002,20.739999771118164,1252695.986175537
2009-09-25,SH600011,143600,8.382514114475251,7.100000381469727,1019560.0547790527
2009-09-25,SH600037,96100,12.523756457901001,11.050000190734863,1061905.0183296204
2009-09-25,SH600096,43300,27.778329549980164,22.310001373291016,966023.059463501
2009-09-25,SH600125,150400,8.0024,7.149999618530273,1075359.9426269531
2009-09-25,SH600176,61300,19.615883610534667,15.5,950150.0
2009-09-25,SH600271,73500,16.37490993156433,16.43000030517578,1207605.02243042
2009-09-25,SH600276,33700,35.710710763168336,42.6400032043457,1436968.1079864502
2009-09-25,SH600350,198900,6.051815190792084,4.860000133514404,966654.026556015
2009-09-25,SH600548,190100,6.331898923683167,5.510000228881836,1047451.043510437
2009-09-25,SH600588,56400,21.316392465782165,19.56999969482422,1103747.982788086
2009-09-25,SH600598,86600,13.904169618415832,12.4399995803833,1077303.9636611938
2009-09-25,SH600737,92800,12.963888038158418,12.519999504089355,1161855.9539794922
2009-09-25,SH600816,64300,18.705610763168334,15.170000076293945,975431.0049057007
2009-09-25,SH600820,87900,13.694107534217833,12.770000457763672,1122483.0402374268
2009-09-25,SH600874,172200,6.992097248029708,6.109999656677246,1052141.9408798218
2009-09-25,SH601186,110000,10.943282534217834,8.780000686645508,965800.0755310059
2009-09-25,SH601991,136700,8.802640190792083,8.729999542236328,1193390.937423706
2009-09-25,SZ000423,60100,20.006,19.650001525878906,1180965.0917053223
2009-09-25,SZ000538,32000,37.611282289505006,49.5,1584000.0
2009-09-25,SZ000729,76700,15.684703351306915,14.65000057220459,1123655.043888092
2009-09-25,SZ000895,29500,40.71221076316833,41.69999694824219,1230149.9099731445
2009-09-25,SZ000917,68000,17.695307534217836,18.56999969482422,1262759.9792480469
2009-09-25,SZ000999,73100,16.454935763168333,19.100000381469727,1396210.027885437
2009-09-25,SZ002038,35600,33.77013013687134,34.939998626708984,1243863.9511108398
2009-09-25,SZ002269,60400,19.505850000000002,22.139999389648438,1337255.9631347656
2009-09-28,SH600011,143600,8.382514114475251,7.070000171661377,1015252.0246505737
2009-09-28,SH600037,96100,12.523756457901001,10.729999542236328,1031152.9560089111
2009-09-28,SH600096,43300,27.778329549980164,22.1200008392334,957796.0363388062
2009-09-28,SH600125,150400,8.0024,6.929999828338623,1042271.9741821289
2009-09-28,SH600176,61300,19.615883610534667,15.309999465942383,938502.9672622681
2009-09-28,SH600271,73500,16.37490993156433,15.779999732971191,1159829.9803733826
2009-09-28,SH600276,33700,35.710710763168336,43.39999771118164,1462579.9228668213
2009-09-28,SH600350,198900,6.051815190792084,4.78000020980835,950742.0417308807
2009-09-28,SH600548,190100,6.331898923683167,5.28000020980835,1003728.0398845673
2009-09-28,SH600588,56400,21.316392465782165,18.889999389648438,1065395.9655761719
2009-09-28,SH600598,86600,13.904169618415832,12.15999984741211,1053055.9867858887
2009-09-28,SH600737,92800,12.963888038158418,12.00999927520752,1114527.9327392578
2009-09-28,SH600816,64300,18.705610763168334,14.579999923706055,937493.9950942993
2009-09-28,SH600820,87900,13.694107534217833,12.6899995803833,1115450.9631156921
2009-09-28,SH600874,172200,6.992097248029708,5.800000190734863,998760.0328445435
2009-09-28,SH601186,110000,10.943282534217834,8.59999942779541,945999.9370574951
2009-09-28,SH601991,136700,8.802640190792083,8.569999694824219,1171518.9582824707
2009-09-28,SZ000423,60100,20.006,19.600000381469727,1177960.0229263306
2009-09-28,SZ000538,32000,37.611282289505006,48.0,1536000.0
2009-09-28,SZ000729,76700,15.684703351306915,14.5,1112150.0
2009-09-28,SZ000895,29500,40.71221076316833,42.36000061035156,1249620.018005371
2009-09-28,SZ000917,68000,17.695307534217836,17.920000076293945,1218560.0051879883
2009-09-28,SZ000999,73100,16.454935763168333,18.559999465942383,1356735.9609603882
2009-09-28,SZ002038,35600,33.77013013687134,35.45000076293945,1262020.0271606445
2009-09-28,SZ002269,60400,19.505850000000002,22.149999618530273,1337859.9769592285
2009-09-29,SH600011,143600,8.382514114475251,6.979999542236328,1002327.9342651367
2009-09-29,SH600037,96100,12.523756457901001,10.49000072479248,1008089.0696525574
2009-09-29,SH600096,43300,27.778329549980164,21.75,941775.0
2009-09-29,SH600125,150400,8.0024,6.940000057220459,1043776.008605957
2009-09-29,SH600176,61300,19.615883610534667,14.9399995803833,915821.9742774963
2009-09-29,SH600271,73500,16.37490993156433,15.779999732971191,1159829.9803733826
2009-09-29,SH600276,33700,35.710710763168336,41.11000061035156,1385407.0205688477
2009-09-29,SH600350,198900,6.051815190792084,4.71999979019165,938807.9582691193
2009-09-29,SH600548,190100,6.331898923683167,5.230000019073486,994223.0036258698
2009-09-29,SH600588,56400,21.316392465782165,19.059999465942383,1074983.9698791504
2009-09-29,SH600598,86600,13.904169618415832,12.109999656677246,1048725.9702682495
2009-09-29,SH600737,92800,12.963888038158418,11.989999771118164,1112671.9787597656
2009-09-29,SH600816,64300,18.705610763168334,14.210000038146973,913703.0024528503
2009-09-29,SH600820,87900,13.694107534217833,12.619999885559082,1109297.9899406433
2009-09-29,SH600874,172200,6.992097248029708,5.640000343322754,971208.0591201782
2009-09-29,SH601186,110000,10.943282534217834,8.5600004196167,941600.0461578369
2009-09-29,SH601991,136700,8.802640190792083,8.269999504089355,1130508.932209015
2009-09-29,SZ000423,60100,20.006,19.3799991607666,1164737.9495620728
2009-09-29,SZ000538,32000,37.611282289505006,46.56999969482422,1490239.990234375
2009-09-29,SZ000729,76700,15.684703351306915,14.530000686645508,1114451.0526657104
2009-09-29,SZ000895,29500,40.71221076316833,41.50999450683594,1224544.8379516602
2009-09-29,SZ000917,68000,17.695307534217836,17.8700008392334,1215160.057067871
2009-09-29,SZ000999,73100,16.454935763168333,17.90999984741211,1309220.9888458252
2009-09-29,SZ002038,35600,33.77013013687134,35.47999954223633,1263087.9837036133
2009-09-29,SZ002269,60400,19.505850000000002,21.490001678466797,1297996.1013793945
2009-09-30,SH600011,143600,8.382514114475251,7.070000171661377,1015252.0246505737
2009-09-30,SH600037,96100,12.523756457901001,10.50999927520752,1010010.9303474426
2009-09-30,SH600096,43300,27.778329549980164,21.860000610351562,946538.0264282227
2009-09-30,SH600125,150400,8.0024,6.929999828338623,1042271.9741821289
2009-09-30,SH600176,61300,19.615883610534667,15.010000228881836,920113.0140304565
2009-09-30,SH600271,73500,16.37490993156433,15.529999732971191,1141454.9803733826
2009-09-30,SH600276,33700,35.710710763168336,41.81999969482422,1409333.9897155762
2009-09-30,SH600350,198900,6.051815190792084,4.78000020980835,950742.0417308807
2009-09-30,SH600548,190100,6.331898923683167,5.409999847412109,1028440.970993042
2009-09-30,SH600588,56400,21.316392465782165,19.149999618530273,1080059.9784851074
2009-09-30,SH600598,86600,13.904169618415832,12.1899995803833,1055653.9636611938
2009-09-30,SH600737,92800,12.963888038158418,12.069999694824219,1120095.9716796875
2009-09-30,SH600816,64300,18.705610763168334,14.569999694824219,936850.9803771973
2009-09-30,SH600820,87900,13.694107534217833,12.699999809265137,1116329.9832344055
2009-09-30,SH600874,172200,6.992097248029708,5.630000114440918,969486.0197067261
2009-09-30,SH601186,110000,10.943282534217834,8.619999885559082,948199.987411499
2009-09-30,SH601991,136700,8.802640190792083,8.409998893737793,1149646.8487739563
2009-09-30,SZ000423,60100,20.006,19.459999084472656,1169545.9449768066
2009-09-30,SZ000538,32000,37.611282289505006,47.53000259399414,1520960.0830078125
2009-09-30,SZ000729,76700,15.684703351306915,14.69999885559082,1127489.912223816
2009-09-30,SZ000895,29500,40.71221076316833,41.8599967956543,1234869.9054718018
2009-09-30,SZ000917,68000,17.695307534217836,17.670000076293945,1201560.0051879883
2009-09-30,SZ000999,73100,16.454935763168333,18.139999389648438,1326033.9553833008
2009-09-30,SZ002038,35600,33.77013013687134,36.20000076293945,1288720.0271606445
2009-09-30,SZ002269,60400,19.505850000000002,22.94999885559082,1386179.9308776855
2009-10-09,SH600011,143600,8.382514114475251,7.309999942779541,1049715.991783142
2009-10-09,SH600037,96100,12.523756457901001,11.029999732971191,1059982.9743385315
2009-10-09,SH600096,43300,27.778329549980164,22.780000686645508,986374.0297317505
2009-10-09,SH600125,150400,8.0024,7.210000038146973,1084384.0057373047
2009-10-09,SH600176,61300,19.615883610534667,15.85999870300293,972217.9204940796
2009-10-09,SH600271,73500,16.37490993156433,16.290000915527344,1197315.0672912598
2009-10-09,SH600276,33700,35.710710763168336,43.11000061035156,1452807.0205688477
2009-10-09,SH600350,198900,6.051815190792084,4.920000076293945,978588.0151748657
2009-10-09,SH600548,190100,6.331898923683167,5.619999885559082,1068361.9782447815
2009-10-09,SH600588,56400,21.316392465782165,20.0,1128000.0
2009-10-09,SH600598,86600,13.904169618415832,12.680000305175781,1098088.0264282227
2009-10-09,SH600737,92800,12.963888038158418,12.65999984741211,1174847.9858398438
2009-10-09,SH600816,64300,18.705610763168334,15.180000305175781,976074.0196228027
2009-10-09,SH600820,87900,13.694107534217833,13.119999885559082,1153247.9899406433
2009-10-09,SH600874,172200,6.992097248029708,5.890000343322754,1014258.0591201782
2009-10-09,SH601186,110000,10.943282534217834,8.9399995803833,983399.9538421631
2009-10-09,SH601991,136700,8.802640190792083,8.9399995803833,1222097.9426383972
2009-10-09,SZ000423,60100,20.006,20.290000915527344,1219429.0550231934
2009-10-09,SZ000538,32000,37.611282289505006,49.01000213623047,1568320.068359375
2009-10-09,SZ000729,76700,15.684703351306915,15.050000190734863,1154335.014629364
2009-10-09,SZ000895,29500,40.71221076316833,43.029998779296875,1269384.9639892578
2009-10-09,SZ000917,68000,17.695307534217836,18.610000610351562,1265480.0415039062
2009-10-09,SZ000999,73100,16.454935763168333,19.200000762939453,1403520.055770874
2009-10-09,SZ002038,35600,33.77013013687134,37.37999725341797,1330727.9022216797
2009-10-09,SZ002269,60400,19.505850000000002,24.280000686645508,1466512.0414733887
2009-10-12,SH600011,143600,8.382514114475251,7.230000019073486,1038228.0027389526
2009-10-12,SH600037,96100,12.523756457901001,11.029999732971191,1059982.9743385315
2009-10-12,SH600096,43300,27.778329549980164,22.75,985075.0
2009-10-12,SH600125,150400,8.0024,7.179999828338623,1079871.974182129
2009-10-12,SH600176,61300,19.615883610534667,15.640000343322754,958732.0210456848
2009-10-12,SH600271,73500,16.37490993156433,16.489999771118164,1212014.983177185
2009-10-12,SH600276,33700,35.710710763168336,42.36000061035156,1427532.0205688477
2009-10-12,SH600350,198900,6.051815190792084,4.849999904632568,964664.9810314178
2009-10-12,SH600548,190100,6.331898923683167,5.62999963760376,1070262.9311084747
2009-10-12,SH600588,56400,21.316392465782165,20.010000228881836,1128564.0129089355
2009-10-12,SH600598,86600,13.904169618415832,13.059999465942383,1130995.9537506104
2009-10-12,SH600737,92800,12.963888038158418,12.6899995803833,1177631.9610595703
2009-10-12,SH600816,64300,18.705610763168334,15.00999927520752,965142.9533958435
2009-10-12,SH600820,87900,13.694107534217833,13.119999885559082,1153247.9899406433
2009-10-12,SH600874,172200,6.992097248029708,5.869999408721924,1010813.8981819153
2009-10-12,SH601186,110000,10.943282534217834,8.84000015258789,972400.016784668
2009-10-12,SH601991,136700,8.802640190792083,8.770000457763672,1198859.062576294
2009-10-12,SZ000423,60100,20.006,20.799999237060547,1250079.9541473389
2009-10-12,SZ000538,32000,37.611282289505006,48.099998474121094,1539199.951171875
2009-10-12,SZ000729,76700,15.684703351306915,15.069999694824219,1155868.9765930176
2009-10-12,SZ000895,29500,40.71221076316833,43.189998626708984,1274104.959487915
2009-10-12,SZ000917,68000,17.695307534217836,18.880001068115234,1283840.072631836
2009-10-12,SZ000999,73100,16.454935763168333,19.05000114440918,1392555.083656311
2009-10-12,SZ002038,35600,33.77013013687134,37.37999725341797,1330727.9022216797
2009-10-12,SZ002269,60400,19.505850000000002,24.0,1449600.0
2009-10-13,SH600011,143600,8.382514114475251,7.429999828338623,1066947.9753494263
2009-10-13,SH600037,96100,12.523756457901001,11.269999504089355,1083046.952342987
2009-10-13,SH600096,43300,27.778329549980164,22.869998931884766,990270.9537506104
2009-10-13,SH600125,150400,8.0024,7.2900004386901855,1096416.065979004
2009-10-13,SH600176,61300,19.615883610534667,15.949999809265137,977734.9883079529
2009-10-13,SH600271,73500,16.37490993156433,16.56999969482422,1217894.97756958
2009-10-13,SH600276,33700,35.710710763168336,42.0,1415400.0
2009-10-13,SH600350,198900,6.051815190792084,4.899999618530273,974609.9241256714
2009-10-13,SH600548,190100,6.331898923683167,5.640000343322754,1072164.0652656555
2009-10-13,SH600588,56400,21.316392465782165,20.149999618530273,1136459.9784851074
2009-10-13,SH600598,86600,13.904169618415832,13.230000495910645,1145718.0429458618
2009-10-13,SH600737,92800,12.963888038158418,12.819998741149902,1189695.883178711
2009-10-13,SH600816,64300,18.705610763168334,15.130001068115234,972859.0686798096
2009-10-13,SH600820,87900,13.694107534217833,13.15999984741211,1156763.9865875244
2009-10-13,SH600874,172200,6.992097248029708,5.949999809265137,1024589.9671554565
2009-10-13,SH601186,110000,10.943282534217834,8.889999389648438,977899.9328613281
2009-10-13,SH601991,136700,8.802640190792083,8.99000072479248,1228933.099079132
2009-10-13,SZ000423,60100,20.006,20.649999618530273,1241064.9770736694
2009-10-13,SZ000538,32000,37.611282289505006,48.89999771118164,1564799.9267578125
2009-10-13,SZ000729,76700,15.684703351306915,15.229999542236328,1168140.9648895264
2009-10-13,SZ000895,29500,40.71221076316833,42.650001525878906,1258175.0450134277
2009-10-13,SZ000917,68000,17.695307534217836,18.780000686645508,1277040.0466918945
2009-10-13,SZ000999,73100,16.454935763168333,19.71000099182129,1440801.0725021362
2009-10-13,SZ002038,35600,33.77013013687134,37.349998474121094,1329659.945678711
2009-10-13,SZ002269,60400,19.505850000000002,24.1200008392334,1456848.0506896973
2009-10-14,SH600011,143600,8.382514114475251,7.440000057220459,1068384.008216858
2009-10-14,SH600037,96100,12.523756457901001,11.220000267028809,1078242.0256614685
2009-10-14,SH600096,43300,27.778329549980164,23.15999984741211,1002827.9933929443
2009-10-14,SH600125,150400,8.0024,7.269999980926514,1093407.9971313477
2009-10-14,SH600176,61300,19.615883610534667,16.100000381469727,986930.0233840942
2009-10-14,SH600271,73500,16.37490993156433,16.630001068115234,1222305.0785064697
2009-10-14,SH600276,33700,35.710710763168336,42.2400016784668,1423488.056564331
2009-10-14,SH600350,198900,6.051815190792084,4.920000076293945,978588.0151748657
2009-10-14,SH600548,190100,6.331898923683167,5.690000057220459,1081669.0108776093
2009-10-14,SH600588,56400,21.316392465782165,20.329999923706055,1146611.9956970215
2009-10-14,SH600598,86600,13.904169618415832,13.220000267028809,1144852.0231246948
2009-10-14,SH600737,92800,12.963888038158418,12.770000457763672,1185056.0424804688
2009-10-14,SH600816,64300,18.705610763168334,15.949999809265137,1025584.9877357483
2009-10-14,SH600820,87900,13.694107534217833,13.429999351501465,1180496.9429969788
2009-10-14,SH600874,172200,6.992097248029708,5.96999979019165,1028033.9638710022
2009-10-14,SH601186,110000,10.943282534217834,9.00999927520752,991099.9202728271
2009-10-14,SH601991,136700,8.802640190792083,9.0,1230300.0
2009-10-14,SZ000423,60100,20.006,20.780000686645508,1248878.041267395
2009-10-14,SZ000538,32000,37.611282289505006,48.15999984741211,1541119.9951171875
2009-10-14,SZ000729,76700,15.684703351306915,15.199999809265137,1165839.985370636
2009-10-14,SZ000895,29500,40.71221076316833,41.04999923706055,1210974.9774932861
2009-10-14,SZ000917,68000,17.695307534217836,18.810001373291016,1279080.093383789
2009-10-14,SZ000999,73100,16.454935763168333,19.450000762939453,1421795.055770874
2009-10-14,SZ002038,35600,33.77013013687134,36.750003814697266,1308300.1358032227
2009-10-14,SZ002269,60400,19.505850000000002,23.17999839782715,1400071.9032287598
2009-10-15,SH600011,143600,8.382514114475251,7.570000171661377,1087052.0246505737
2009-10-15,SH600037,96100,12.523756457901001,11.690000534057617,1123409.051322937
2009-10-15,SH600096,43300,27.778329549980164,23.23000144958496,1005859.0627670288
2009-10-15,SH600125,150400,8.0024,7.28000020980835,1094912.0315551758
2009-10-15,SH600176,61300,19.615883610534667,16.03999900817871,983251.939201355
2009-10-15,SH600271,73500,16.37490993156433,16.469999313354492,1210544.9495315552
2009-10-15,SH600276,33700,35.710710763168336,41.78999710083008,1408322.9022979736
2009-10-15,SH600350,198900,6.051815190792084,4.909999847412109,976598.9696502686
2009-10-15,SH600548,190100,6.331898923683167,5.769999980926514,1096876.9963741302
2009-10-15,SH600588,56400,21.316392465782165,20.28999900817871,1144355.9440612793
2009-10-15,SH600598,86600,13.904169618415832,12.950000762939453,1121470.0660705566
2009-10-15,SH600737,92800,12.963888038158418,12.550000190734863,1164640.0177001953
2009-10-15,SH600816,64300,18.705610763168334,15.760001182556152,1013368.0760383606
2009-10-15,SH600820,87900,13.694107534217833,13.429999351501465,1180496.9429969788
2009-10-15,SH600874,172200,6.992097248029708,5.949999809265137,1024589.9671554565
2009-10-15,SH601186,110000,10.943282534217834,8.90999984741211,980099.983215332
2009-10-15,SH601991,136700,8.802640190792083,9.039999961853027,1235767.9947853088
2009-10-15,SZ000423,60100,20.006,20.799999237060547,1250079.9541473389
2009-10-15,SZ000538,32000,37.611282289505006,47.19000244140625,1510080.078125
2009-10-15,SZ000729,76700,15.684703351306915,14.949999809265137,1146664.985370636
2009-10-15,SZ000895,29500,40.71221076316833,40.34000015258789,1190030.0045013428
2009-10-15,SZ000917,68000,17.695307534217836,18.309999465942383,1245079.963684082
2009-10-15,SZ000999,73100,16.454935763168333,19.450000762939453,1421795.055770874
2009-10-15,SZ002038,35600,33.77013013687134,37.60000228881836,1338560.0814819336
2009-10-15,SZ002269,60400,19.505850000000002,22.600000381469727,1365040.0230407715
2009-10-16,SH600011,143600,8.382514114475251,7.539999961853027,1082743.9945220947
2009-10-16,SH600037,96100,12.523756457901001,11.880000114440918,1141668.0109977722
2009-10-16,SH600096,43300,27.778329549980164,22.92999839782715,992868.9306259155
2009-10-16,SH600125,150400,8.0024,7.339999675750732,1103935.9512329102
2009-10-16,SH600176,61300,19.615883610534667,16.350000381469727,1002255.0233840942
2009-10-16,SH600271,73500,16.37490993156433,16.440000534057617,1208340.0392532349
2009-10-16,SH600276,33700,35.710710763168336,41.19000244140625,1388103.0822753906
2009-10-16,SH600350,198900,6.051815190792084,4.899999618530273,974609.9241256714
2009-10-16,SH600548,190100,6.331898923683167,5.670000076293945,1077867.014503479
2009-10-16,SH600588,56400,21.316392465782165,20.020000457763672,1129128.025817871
2009-10-16,SH600598,86600,13.904169618415832,12.870000839233398,1114542.0726776123
2009-10-16,SH600737,92800,12.963888038158418,12.75999927520752,1184127.9327392578
2009-10-16,SH600816,64300,18.705610763168334,15.500000953674316,996650.0613212585
2009-10-16,SH600820,87900,13.694107534217833,13.319999694824219,1170827.9731750488
2009-10-16,SH600874,172200,6.992097248029708,5.9599995613098145,1026311.92445755
2009-10-16,SH601186,110000,10.943282534217834,8.869999885559082,975699.987411499
2009-10-16,SH601991,136700,8.802640190792083,9.129999160766602,1248070.8852767944
2009-10-16,SZ000423,60100,20.006,20.489999771118164,1231448.9862442017
2009-10-16,SZ000538,32000,37.611282289505006,47.400001525878906,1516800.048828125
2009-10-16,SZ000729,76700,15.684703351306915,14.859999656677246,1139761.9736671448
2009-10-16,SZ000895,29500,40.71221076316833,41.66999816894531,1229264.9459838867
2009-10-16,SZ000917,68000,17.695307534217836,18.80000114440918,1278400.0778198242
2009-10-16,SZ000999,73100,16.454935763168333,18.959999084472656,1385975.9330749512
2009-10-16,SZ002038,35600,33.77013013687134,37.790000915527344,1345324.0325927734
2009-10-16,SZ002269,60400,19.505850000000002,22.540000915527344,1361416.0552978516
2009-10-19,SH600011,143600,8.382514114475251,7.700000286102295,1105720.0410842896
2009-10-19,SH600037,96100,12.523756457901001,12.0,1153200.0
2009-10-19,SH600096,43300,27.778329549980164,23.3799991607666,1012353.9636611938
2009-10-19,SH600125,150400,8.0024,7.430000305175781,1117472.0458984375
2009-10-19,SH600176,61300,19.615883610534667,17.059999465942383,1045777.9672622681
2009-10-19,SH600271,73500,16.37490993156433,16.690000534057617,1226715.0392532349
2009-10-19,SH600276,33700,35.710710763168336,41.060001373291016,1383722.0462799072
2009-10-19,SH600350,198900,6.051815190792084,4.96999979019165,988532.9582691193
2009-10-19,SH600548,190100,6.331898923683167,5.720000267028809,1087372.0507621765
2009-10-19,SH600588,56400,21.316392465782165,20.34000015258789,1147176.008605957
2009-10-19,SH600598,86600,13.904169618415832,13.190000534057617,1142254.0462493896
2009-10-19,SH600737,92800,12.963888038158418,13.0,1206400.0
2009-10-19,SH600816,64300,18.705610763168334,15.760001182556152,1013368.0760383606
2009-10-19,SH600820,87900,13.694107534217833,13.589999198913574,1194560.9295845032
2009-10-19,SH600874,172200,6.992097248029708,6.099999904632568,1050419.9835777283
2009-10-19,SH601186,110000,10.943282534217834,8.99000072479248,988900.0797271729
2009-10-19,SH601991,136700,8.802640190792083,9.219999313354492,1260373.906135559
2009-10-19,SZ000423,60100,20.006,20.71000099182129,1244671.0596084595
2009-10-19,SZ000538,32000,37.611282289505006,47.5099983215332,1520319.9462890625
2009-10-19,SZ000729,76700,15.684703351306915,14.960000991821289,1147432.0760726929
2009-10-19,SZ000895,29500,40.71221076316833,41.47999954223633,1223659.9864959717
2009-10-19,SZ000917,68000,17.695307534217836,19.170000076293945,1303560.0051879883
2009-10-19,SZ000999,73100,16.454935763168333,19.40999984741211,1418870.9888458252
2009-10-19,SZ002038,35600,33.77013013687134,39.150001525878906,1393740.054321289
2009-10-19,SZ002269,60400,19.505850000000002,22.94999885559082,1386179.9308776855
2009-10-20,SH600011,143600,8.382514114475251,7.75,1112900.0
2009-10-20,SH600037,96100,12.523756457901001,11.90999984741211,1144550.9853363037
2009-10-20,SH600096,43300,27.778329549980164,23.850000381469727,1032705.0165176392
2009-10-20,SH600125,150400,8.0024,7.480000019073486,1124992.0028686523
2009-10-20,SH600176,61300,19.615883610534667,17.059999465942383,1045777.9672622681
2009-10-20,SH600271,73500,16.37490993156433,17.350000381469727,1275225.028038025
2009-10-20,SH600276,33700,35.710710763168336,40.97999954223633,1381025.9845733643
2009-10-20,SH600350,198900,6.051815190792084,5.029999732971191,1000466.94688797
2009-10-20,SH600548,190100,6.331898923683167,5.749999523162842,1093074.9093532562
2009-10-20,SH600588,56400,21.316392465782165,20.34000015258789,1147176.008605957
2009-10-20,SH600598,86600,13.904169618415832,13.449999809265137,1164769.9834823608
2009-10-20,SH600737,92800,12.963888038158418,13.279999732971191,1232383.9752197266
2009-10-20,SH600816,64300,18.705610763168334,15.949999809265137,1025584.9877357483
2009-10-20,SH600820,87900,13.694107534217833,13.629999160766602,1198076.9262313843
2009-10-20,SH600874,172200,6.992097248029708,6.179999828338623,1064195.970439911
2009-10-20,SH601186,110000,10.943282534217834,9.039999961853027,994399.995803833
2009-10-20,SH601991,136700,8.802640190792083,9.289999961853027,1269942.9947853088
2009-10-20,SZ000423,60100,20.006,21.139999389648438,1270513.963317871
2009-10-20,SZ000538,32000,37.611282289505006,47.21000289916992,1510720.0927734375
2009-10-20,SZ000729,76700,15.684703351306915,15.459999084472656,1185781.9297790527
2009-10-20,SZ000895,29500,40.71221076316833,41.68000411987305,1229560.1215362549
2009-10-20,SZ000917,68000,17.695307534217836,19.750001907348633,1343000.129699707
2009-10-20,SZ000999,73100,16.454935763168333,19.0,1388900.0
2009-10-20,SZ002038,35600,33.77013013687134,38.89999771118164,1384839.9185180664
2009-10-20,SZ002269,60400,19.505850000000002,22.749998092651367,1374099.8847961426
2009-10-21,SH600011,143600,8.382514114475251,7.889999866485596,1133003.9808273315
2009-10-21,SH600037,96100,12.523756457901001,11.800000190734863,1133980.0183296204
2009-10-21,SH600096,43300,27.778329549980164,23.35999870300293,1011487.9438400269
2009-10-21,SH600125,150400,8.0024,7.409999847412109,1114463.9770507812
2009-10-21,SH600176,61300,19.615883610534667,16.709999084472656,1024322.9438781738
2009-10-21,SH600271,73500,16.37490993156433,17.06999969482422,1254644.97756958
2009-10-21,SH600276,33700,35.710710763168336,42.06999969482422,1417758.9897155762
2009-10-21,SH600350,198900,6.051815190792084,4.9800004959106445,990522.0986366272
2009-10-21,SH600548,190100,6.331898923683167,5.720000267028809,1087372.0507621765
2009-10-21,SH600588,56400,21.316392465782165,20.470001220703125,1154508.0688476562
2009-10-21,SH600598,86600,13.904169618415832,13.25999927520752,1148315.9372329712
2009-10-21,SH600737,92800,12.963888038158418,13.300000190734863,1234240.0177001953
2009-10-21,SH600816,64300,18.705610763168334,16.1200008392334,1036516.0539627075
2009-10-21,SH600820,87900,13.694107534217833,13.570000648498535,1192803.0570030212
2009-10-21,SH600874,172200,6.992097248029708,6.080000400543213,1046976.0689735413
2009-10-21,SH601186,110000,10.943282534217834,8.949999809265137,984499.979019165
2009-10-21,SH601991,136700,8.802640190792083,9.34999942779541,1278144.9217796326
2009-10-21,SZ000423,60100,20.006,20.76999855041504,1248276.9128799438
2009-10-21,SZ000538,32000,37.611282289505006,47.47999954223633,1519359.9853515625
2009-10-21,SZ000729,76700,15.684703351306915,15.350000381469727,1177345.029258728
2009-10-21,SZ000895,29500,40.71221076316833,40.15999984741211,1184719.9954986572
2009-10-21,SZ000917,68000,17.695307534217836,19.750001907348633,1343000.129699707
2009-10-21,SZ000999,73100,16.454935763168333,18.829998016357422,1376472.8549957275
2009-10-21,SZ002038,35600,33.77013013687134,38.64999771118164,1375939.9185180664
2009-10-21,SZ002269,60400,19.505850000000002,23.229999542236328,1403091.9723510742
2009-10-22,SH600011,143600,8.382514114475251,7.740000247955322,1111464.0356063843
2009-10-22,SH600037,96100,12.523756457901001,12.100000381469727,1162810.0366592407
2009-10-22,SH600096,43300,27.778329549980164,23.510000228881836,1017983.0099105835
2009-10-22,SH600125,150400,8.0024,7.489999771118164,1126495.9655761719
2009-10-22,SH600176,61300,19.615883610534667,16.549999237060547,1014514.9532318115
2009-10-22,SH600271,73500,16.37490993156433,17.53999900817871,1289189.9271011353
2009-10-22,SH600276,33700,35.710710763168336,41.20000076293945,1388440.0257110596
2009-10-22,SH600350,198900,6.051815190792084,4.940000057220459,982566.0113811493
2009-10-22,SH600548,190100,6.331898923683167,5.679999828338623,1079767.9673671722
2009-10-22,SH600588,56400,21.316392465782165,20.760000228881836,1170864.0129089355
2009-10-22,SH600598,86600,13.904169618415832,13.339999198913574,1155243.9306259155
2009-10-22,SH600737,92800,12.963888038158418,13.369999885559082,1240735.9893798828
2009-10-22,SH600816,64300,18.705610763168334,15.870000839233398,1020441.0539627075
2009-10-22,SH600820,87900,13.694107534217833,13.520000457763672,1188408.0402374268
2009-10-22,SH600874,172200,6.992097248029708,6.15000057220459,1059030.0985336304
2009-10-22,SH601186,110000,10.943282534217834,8.899999618530273,978999.9580383301
2009-10-22,SH601991,136700,8.802640190792083,9.15999984741211,1252171.9791412354
2009-10-22,SZ000423,60100,20.006,20.799999237060547,1250079.9541473389
2009-10-22,SZ000538,32000,37.611282289505006,48.07999801635742,1538559.9365234375
2009-10-22,SZ000729,76700,15.684703351306915,15.199999809265137,1165839.985370636
2009-10-22,SZ000895,29500,40.71221076316833,40.30000305175781,1188850.0900268555
2009-10-22,SZ000917,68000,17.695307534217836,20.100000381469727,1366800.0259399414
2009-10-22,SZ000999,73100,16.454935763168333,19.089998245239258,1395478.8717269897
2009-10-22,SZ002038,35600,33.77013013687134,38.439998626708984,1368463.9511108398
2009-10-22,SZ002269,60400,19.505850000000002,22.749998092651367,1374099.8847961426
2009-10-23,SH600011,143600,8.382514114475251,7.800000190734863,1120080.0273895264
2009-10-23,SH600037,96100,12.523756457901001,12.149999618530273,1167614.9633407593
2009-10-23,SH600096,43300,27.778329549980164,23.989999771118164,1038766.9900894165
2009-10-23,SH600125,150400,8.0024,7.529999732971191,1132511.9598388672
2009-10-23,SH600176,61300,19.615883610534667,16.670000076293945,1021871.0046768188
2009-10-23,SH600271,73500,16.37490993156433,17.729997634887695,1303154.8261642456
2009-10-23,SH600276,33700,35.710710763168336,42.130001068115234,1419781.0359954834
2009-10-23,SH600350,198900,6.051815190792084,5.009999752044678,996488.9506816864
2009-10-23,SH600548,190100,6.331898923683167,5.740000247955322,1091174.0471363068
2009-10-23,SH600588,56400,21.316392465782165,20.770000457763672,1171428.025817871
2009-10-23,SH600598,86600,13.904169618415832,13.840001106262207,1198544.0958023071
2009-10-23,SH600737,92800,12.963888038158418,13.579999923706055,1260223.9929199219
2009-10-23,SH600816,64300,18.705610763168334,16.18000030517578,1040374.0196228027
2009-10-23,SH600820,87900,13.694107534217833,13.55000114440918,1191045.100593567
2009-10-23,SH600874,172200,6.992097248029708,6.189999580383301,1065917.9277420044
2009-10-23,SH601186,110000,10.943282534217834,9.0,990000.0
2009-10-23,SH601991,136700,8.802640190792083,9.179999351501465,1254905.9113502502
2009-10-23,SZ000423,60100,20.006,21.059999465942383,1265705.9679031372
2009-10-23,SZ000538,32000,37.611282289505006,52.88999938964844,1692479.98046875
2009-10-23,SZ000729,76700,15.684703351306915,15.120000839233398,1159704.0643692017
2009-10-23,SZ000895,29500,40.71221076316833,40.38999938964844,1191504.981994629
2009-10-23,SZ000917,68000,17.695307534217836,20.030000686645508,1362040.0466918945
2009-10-23,SZ000999,73100,16.454935763168333,19.169998168945312,1401326.8661499023
2009-10-23,SZ002038,35600,33.77013013687134,38.71999740600586,1378431.9076538086
2009-10-23,SZ002269,60400,19.505850000000002,22.959999084472656,1386783.9447021484
2009-10-26,SH600011,143600,8.382514114475251,7.800000190734863,1120080.0273895264
2009-10-26,SH600037,96100,12.523756457901001,12.170000076293945,1169537.0073318481
2009-10-26,SH600096,43300,27.778329549980164,23.969999313354492,1037900.9702682495
2009-10-26,SH600125,150400,8.0024,7.650000095367432,1150560.0143432617
2009-10-26,SH600176,61300,19.615883610534667,16.92999839782715,1037808.9017868042
2009-10-26,SH600271,73500,16.37490993156433,17.279998779296875,1270079.9102783203
2009-10-26,SH600276,33700,35.710710763168336,42.730003356933594,1440001.113128662
2009-10-26,SH600350,198900,6.051815190792084,5.029999732971191,1000466.94688797
2009-10-26,SH600548,190100,6.331898923683167,5.830000400543213,1108283.0761432648
2009-10-26,SH600588,56400,21.316392465782165,20.6200008392334,1162968.0473327637
2009-10-26,SH600598,86600,13.904169618415832,13.829999923706055,1197677.9933929443
2009-10-26,SH600737,92800,12.963888038158418,13.549999237060547,1257439.9291992188
2009-10-26,SH600816,64300,18.705610763168334,15.85999870300293,1019797.9166030884
2009-10-26,SH600820,87900,13.694107534217833,13.949999809265137,1226204.9832344055
2009-10-26,SH600874,172200,6.992097248029708,6.159999847412109,1060751.9737243652
2009-10-26,SH601186,110000,10.943282534217834,9.020000457763672,992200.0503540039
2009-10-26,SH601991,136700,8.802640190792083,9.039999961853027,1235767.9947853088
2009-10-26,SZ000423,60100,20.006,21.78999900817871,1309578.9403915405
2009-10-26,SZ000538,32000,37.611282289505006,51.959999084472656,1662719.970703125
2009-10-26,SZ000729,76700,15.684703351306915,15.0,1150500.0
2009-10-26,SZ000895,29500,40.71221076316833,41.69999694824219,1230149.9099731445
2009-10-26,SZ000917,68000,17.695307534217836,19.489999771118164,1325319.9844360352
2009-10-26,SZ000999,73100,16.454935763168333,19.489999771118164,1424718.9832687378
2009-10-26,SZ002038,35600,33.77013013687134,38.65999984741211,1376295.994567871
2009-10-26,SZ002269,60400,19.505850000000002,22.799999237060547,1377119.953918457
2009-10-27,SH600011,143600,8.382514114475251,7.550000190734863,1084180.0273895264
2009-10-27,SH600037,96100,12.523756457901001,11.640000343322754,1118604.0329933167
2009-10-27,SH600096,43300,27.778329549980164,23.010000228881836,996333.0099105835
2009-10-27,SH600125,150400,8.0024,7.440000057220459,1118976.008605957
2009-10-27,SH600176,61300,19.615883610534667,16.09000015258789,986317.0093536377
2009-10-27,SH600271,73500,16.37490993156433,16.690000534057617,1226715.0392532349
2009-10-27,SH600276,33700,35.710710763168336,41.73999786376953,1406637.9280090332
2009-10-27,SH600350,198900,6.051815190792084,4.87000036239624,968643.0720806122
2009-10-27,SH600548,190100,6.331898923683167,5.760000228881836,1094976.043510437
2009-10-27,SH600588,56400,21.316392465782165,20.170000076293945,1137588.0043029785
2009-10-27,SH600598,86600,13.904169618415832,13.129999160766602,1137057.9273223877
2009-10-27,SH600737,92800,12.963888038158418,12.800000190734863,1187840.0177001953
2009-10-27,SH600816,64300,18.705610763168334,15.220001220703125,978646.0784912109
2009-10-27,SH600820,87900,13.694107534217833,13.520000457763672,1188408.0402374268
2009-10-27,SH600874,172200,6.992097248029708,5.9599995613098145,1026311.92445755
2009-10-27,SH601186,110000,10.943282534217834,8.819999694824219,970199.9664306641
2009-10-27,SH601991,136700,8.802640190792083,8.6899995803833,1187922.9426383972
2009-10-27,SZ000423,60100,20.006,21.600000381469727,1298160.0229263306
2009-10-27,SZ000538,32000,37.611282289505006,52.499996185302734,1679999.8779296875
2009-10-27,SZ000729,76700,15.684703351306915,14.820000648498535,1136694.0497398376
2009-10-27,SZ000895,29500,40.71221076316833,41.60000228881836,1227200.0675201416
2009-10-27,SZ000917,68000,17.695307534217836,18.540000915527344,1260720.0622558594
2009-10-27,SZ000999,73100,16.454935763168333,18.80000114440918,1374280.083656311
2009-10-27,SZ002038,35600,33.77013013687134,38.279998779296875,1362767.9565429688
2009-10-27,SZ002269,60400,19.505850000000002,21.75,1313700.0
2009-10-28,SH600011,143600,8.382514114475251,7.619999885559082,1094231.9835662842
2009-10-28,SH600037,96100,12.523756457901001,11.550000190734863,1109955.0183296204
2009-10-28,SH600096,43300,27.778329549980164,23.34000015258789,1010622.0066070557
2009-10-28,SH600125,150400,8.0024,7.670000076293945,1153568.0114746094
2009-10-28,SH600176,61300,19.615883610534667,16.0,980800.0
2009-10-28,SH600271,73500,16.37490993156433,16.90999984741211,1242884.98878479
2009-10-28,SH600276,33700,35.710710763168336,41.82999801635742,1409670.9331512451
2009-10-28,SH600350,198900,6.051815190792084,4.920000076293945,978588.0151748657
2009-10-28,SH600548,190100,6.331898923683167,5.760000228881836,1094976.043510437
2009-10-28,SH600588,56400,21.316392465782165,20.200000762939453,1139280.0430297852
2009-10-28,SH600598,86600,13.904169618415832,13.230000495910645,1145718.0429458618
2009-10-28,SH600737,92800,12.963888038158418,12.779999732971191,1185983.9752197266
2009-10-28,SH600816,64300,18.705610763168334,15.34000015258789,986362.0098114014
2009-10-28,SH600820,87900,13.694107534217833,13.729999542236328,1206866.9597625732
2009-10-28,SH600874,172200,6.992097248029708,6.039999485015869,1040087.9113197327
2009-10-28,SH601186,110000,10.943282534217834,8.84000015258789,972400.016784668
2009-10-28,SH601991,136700,8.802640190792083,8.84000015258789,1208428.0208587646
2009-10-28,SZ000423,60100,20.006,22.399999618530273,1346239.9770736694
2009-10-28,SZ000538,32000,37.611282289505006,51.090003967285156,1634880.126953125
2009-10-28,SZ000729,76700,15.684703351306915,15.020000457763672,1152034.0351104736
2009-10-28,SZ000895,29500,40.71221076316833,41.5,1224250.0
2009-10-28,SZ000917,68000,17.695307534217836,20.25,1377000.0
2009-10-28,SZ000999,73100,16.454935763168333,18.790000915527344,1373549.0669250488
2009-10-28,SZ002038,35600,33.77013013687134,39.279998779296875,1398367.9565429688
2009-10-28,SZ002269,60400,19.505850000000002,22.399999618530273,1352959.9769592285
2009-10-29,SH600011,143600,8.382514114475251,7.740000247955322,1111464.0356063843
2009-10-29,SH600037,96100,12.523756457901001,11.390000343322754,1094579.0329933167
2009-10-29,SH600096,43300,27.778329549980164,23.15999984741211,1002827.9933929443
2009-10-29,SH600125,150400,8.0024,7.650000095367432,1150560.0143432617
2009-10-29,SH600176,61300,19.615883610534667,15.440000534057617,946472.0327377319
2009-10-29,SH600271,73500,16.37490993156433,16.869998931884766,1239944.9214935303
2009-10-29,SH600276,33700,35.710710763168336,41.62999725341797,1402930.9074401855
2009-10-29,SH600350,198900,6.051815190792084,4.809999942779541,956708.9886188507
2009-10-29,SH600548,190100,6.331898923683167,5.5400004386901855,1053154.0833950043
2009-10-29,SH600588,56400,21.316392465782165,20.110000610351562,1134204.0344238281
2009-10-29,SH600598,86600,13.904169618415832,12.920001029968262,1118872.0891952515
2009-10-29,SH600737,92800,12.963888038158418,12.499999046325684,1159999.9114990234
2009-10-29,SH600816,64300,18.705610763168334,15.399999618530273,990219.9754714966
2009-10-29,SH600820,87900,13.694107534217833,13.520000457763672,1188408.0402374268
2009-10-29,SH600874,172200,6.992097248029708,5.859999656677246,1009091.9408798218
2009-10-29,SH601186,110000,10.943282534217834,8.670000076293945,953700.008392334
2009-10-29,SH601991,136700,8.802640190792083,8.579999923706055,1172885.9895706177
2009-10-29,SZ000423,60100,20.006,22.6299991607666,1360062.9495620728
2009-10-29,SZ000538,32000,37.611282289505006,50.02000045776367,1600640.0146484375
2009-10-29,SZ000729,76700,15.684703351306915,14.770000457763672,1132859.0351104736
2009-10-29,SZ000895,29500,40.71221076316833,42.81999969482422,1263189.9909973145
2009-10-29,SZ000917,68000,17.695307534217836,19.229999542236328,1307639.9688720703
2009-10-29,SZ000999,73100,16.454935763168333,18.860000610351562,1378666.0446166992
2009-10-29,SZ002038,35600,33.77013013687134,39.79999923706055,1416879.9728393555
2009-10-29,SZ002269,60400,19.505850000000002,22.389999389648438,1352355.9631347656
2009-10-30,SH600011,143600,8.382514114475251,7.71999979019165,1108591.969871521
2009-10-30,SH600037,96100,12.523756457901001,12.529999732971191,1204132.9743385315
2009-10-30,SH600096,43300,27.778329549980164,23.15999984741211,1002827.9933929443
2009-10-30,SH600125,150400,8.0024,7.650000095367432,1150560.0143432617
2009-10-30,SH600176,61300,19.615883610534667,15.59000015258789,955667.0093536377
2009-10-30,SH600271,73500,16.37490993156433,17.23000144958496,1266405.1065444946
2009-10-30,SH600276,33700,35.710710763168336,43.07999801635742,1451795.9331512451
2009-10-30,SH600350,198900,6.051815190792084,4.860000133514404,966654.026556015
2009-10-30,SH600548,190100,6.331898923683167,5.529999732971191,1051252.9492378235
2009-10-30,SH600588,56400,21.316392465782165,20.459999084472656,1153943.9483642578
2009-10-30,SH600598,86600,13.904169618415832,13.079999923706055,1132727.9933929443
2009-10-30,SH600737,92800,12.963888038158418,12.730000495910645,1181344.0460205078
2009-10-30,SH600816,64300,18.705610763168334,15.34999942779541,987004.9632072449
2009-10-30,SH600820,87900,13.694107534217833,13.510000228881836,1187529.0201187134
2009-10-30,SH600874,172200,6.992097248029708,5.929999828338623,1021145.9704399109
2009-10-30,SH601186,110000,10.943282534217834,8.710000038146973,958100.004196167
2009-10-30,SH601991,136700,8.802640190792083,8.699999809265137,1189289.9739265442
2009-10-30,SZ000423,60100,20.006,23.600000381469727,1418360.0229263306
2009-10-30,SZ000538,32000,37.611282289505006,50.20000076293945,1606400.0244140625
2009-10-30,SZ000729,76700,15.684703351306915,15.169999122619629,1163538.9327049255
2009-10-30,SZ000895,29500,40.71221076316833,43.599998474121094,1286199.9549865723
2009-10-30,SZ000917,68000,17.695307534217836,18.80000114440918,1278400.0778198242
2009-10-30,SZ000999,73100,16.454935763168333,19.380001068115234,1416678.0780792236
2009-10-30,SZ002038,35600,33.77013013687134,40.85000228881836,1454260.0814819336
2009-10-30,SZ002269,60400,19.505850000000002,22.19999885559082,1340879.9308776855
