trade_date,symbol,side,requested_shares,filled_shares,price,gross_value,commission,tax,reason
2010-01-04,SH600016,buy,103800,103800,4.821042708873748,500424.2331810951,150.1272699543285,0.0,filled
2010-01-04,SH600019,buy,61400,61400,8.146756133079528,500210.826571083,150.06324797132487,0.0,filled
2010-01-04,SH600161,buy,19000,19000,26.32984472465515,500267.0497684478,150.08011493053434,0.0,filled
2010-01-04,SH600369,buy,28200,28200,17.735449207305905,500139.66764602653,150.04190029380794,0.0,filled
2010-01-04,SH600511,buy,20400,20400,24.50698448562622,499942.4835067749,149.98274505203244,0.0,filled
2010-01-04,SH600553,buy,49400,49400,10.113643006324766,499613.96451244346,149.88418935373303,0.0,filled
2010-01-04,SH600607,buy,22000,22000,22.672666801452635,498798.66963195795,149.63960088958737,0.0,filled
2010-01-04,SH600631,buy,27800,27800,17.968496810913084,499524.21134338377,149.8572634030151,0.0,filled
2010-01-04,SH600736,buy,74600,74600,6.706940375328063,500337.7519994735,150.10132559984203,0.0,filled
2010-01-04,SH600804,buy,46300,46300,10.79464693069458,499792.152891159,149.9376458673477,0.0,filled
2010-01-04,SZ000423,buy,20200,20200,24.67676507377624,498470.6544902801,149.54119634708402,0.0,filled
2010-01-04,SZ000522,buy,37500,37500,13.326623933792114,499748.3975172043,149.92451925516127,0.0,filled
2010-01-04,SZ000527,buy,35600,35600,14.03522901725769,499654.15301437373,149.8962459043121,0.0,filled
2010-01-04,SZ002082,buy,36300,36300,13.784417695999144,500374.3623647689,150.11230870943066,0.0,filled
2010-02-01,SH600511,sell,1600,1600,25.747113389968874,41195.381423950195,12.358614427185058,41.195381423950195,filled
2010-02-01,SH600553,sell,2900,2900,10.44136855316162,30279.9688041687,9.08399064125061,30.2799688041687,filled
2010-02-01,SH600607,sell,1000,1000,23.08685821723938,23086.85821723938,6.926057465171813,23.08685821723938,filled
2010-02-01,SH600631,sell,1200,1200,18.21937225341797,21863.246704101562,6.558974011230468,21.863246704101563,filled
2010-02-01,SH600804,sell,10000,10000,13.380249735832214,133802.49735832214,40.14074920749664,133.80249735832214,filled
2010-02-01,SZ000423,sell,2700,2700,27.78251339149475,75012.78615703582,22.503835847110743,75.01278615703582,filled
2010-02-01,SZ002082,sell,3200,3200,14.659228609085083,46909.531549072264,14.072859464721677,46.90953154907226,filled
2010-02-01,SH600016,buy,8700,8700,4.328884725570679,37661.297112464905,11.298389133739471,0.0,filled
2010-02-01,SH600019,buy,15100,15100,6.3656713695526115,96121.63768024443,28.836491304073327,0.0,filled
2010-02-01,SH600161,buy,2000,2000,23.144990001678465,46289.98000335693,13.886994001007078,0.0,filled
2010-02-01,SH600263,buy,47800,47800,10.182816305160522,486738.6193866729,146.02158581600187,0.0,filled
2010-02-01,SH600369,buy,4100,4100,15.045150015830991,61685.11506490706,18.505534519472118,0.0,filled
2010-02-01,SH600736,buy,13800,13800,5.507729056358337,76006.66097774505,22.801998293323514,0.0,filled
2010-02-01,SH600831,buy,53200,53200,9.14582969379425,486558.1397098541,145.96744191295622,0.0,filled
2010-02-01,SZ000522,buy,5200,5200,11.41088125514984,59336.58252677917,17.80097475803375,0.0,filled
2010-02-01,SZ000527,buy,5200,5200,11.929313941955565,62032.432498168935,18.60972974945068,0.0,filled
2010-02-01,SZ000578,buy,20700,20700,23.469718168258666,485823.1660829544,145.74694982488631,0.0,filled
2010-02-01,SZ000980,buy,60000,60000,8.10962492275238,486577.49536514276,145.97324860954282,0.0,filled
2010-02-01,SZ002254,buy,46200,46200,10.533407253265379,486643.4151008605,145.99302453025814,0.0,filled
2010-03-01,SH600607,sell,21000,0,,0.0,0.0,0.0,missing_open
2010-03-01,SH600016,sell,112500,112500,4.380296067237854,492783.3075642586,147.83499226927756,492.78330756425856,filled
2010-03-01,SH600019,sell,1900,1900,6.752452328681946,12829.659424495696,5.0,12.829659424495697,filled
2010-03-01,SH600161,sell,21000,21000,24.235202894210815,508939.2607784271,152.68177823352812,508.9392607784271,filled
2010-03-01,SH600263,sell,47800,47800,10.890126651763916,520548.0539543152,156.16441618629455,520.5480539543153,filled
2010-03-01,SH600511,sell,18800,18800,26.673361736297608,501459.200642395,150.43776019271849,501.45920064239505,filled
2010-03-01,SH600553,sell,46500,46500,10.280198707580567,478029.23990249634,143.4087719707489,478.02923990249633,filled
2010-03-01,SH600736,sell,88400,88400,5.929941922187806,524206.865921402,157.26205977642059,524.206865921402,filled
2010-03-01,SH600804,sell,36300,36300,13.646740942955017,495376.6962292671,148.61300886878013,495.3766962292671,filled
2010-03-01,SH600831,sell,3800,3800,10.196351669311523,38746.13634338379,11.623840903015136,38.74613634338379,filled
2010-03-01,SZ000522,sell,1700,1700,12.27894849872589,20874.212447834016,6.262263734350205,20.874212447834015,filled
2010-03-01,SZ000527,sell,1700,1700,12.8712063331604,21881.05076637268,6.564315229911803,21.881050766372677,filled
2010-03-01,SZ000980,sell,60000,60000,8.546385283470153,512783.11700820917,153.83493510246274,512.7831170082092,filled
2010-03-01,SZ002254,sell,46200,46200,11.158388966560365,515517.57025508885,154.65527107652665,515.5175702550889,filled
2010-03-01,SH600369,buy,200,200,15.511397008895873,3102.279401779175,5.0,0.0,filled
2010-03-01,SH600631,buy,800,800,18.394241802215575,14715.39344177246,5.0,0.0,filled
2010-03-01,SH600991,buy,53300,53300,9.459902302742003,504212.7927361488,151.26383782084463,0.0,filled
2010-03-01,SZ000423,buy,300,300,28.35743257331848,8507.229771995544,5.0,0.0,filled
2010-03-01,SZ000578,buy,1500,1500,22.655258205413816,33982.88730812072,10.194866192436216,0.0,filled
2010-03-01,SZ000602,buy,44900,44900,11.243847131729124,504848.7362146377,151.4546208643913,0.0,filled
2010-03-01,SZ002082,buy,1900,1900,14.424517720222472,27406.583668422696,8.221975100526809,0.0,filled
2010-04-01,SH600607,sell,21000,0,,0.0,0.0,0.0,missing_open
2010-04-01,SZ000527,sell,39100,39100,13.63658017730713,533190.2849327087,159.9570854798126,533.1902849327088,filled
2010-04-01,SZ000602,sell,1700,1700,11.547492462158203,19630.737185668946,5.8892211557006835,19.630737185668945,filled
2010-04-01,SZ002082,sell,400,400,14.414518501281739,5765.8074005126955,5.0,5.765807400512696,filled
2010-04-01,SH600019,buy,1300,1300,6.597844533920288,8577.197894096375,5.0,0.0,filled
2010-04-01,SH600351,buy,49000,49000,10.206945482254028,500140.3286304474,150.0420985891342,0.0,filled
2010-04-01,SH600369,buy,500,500,15.148719515800474,7574.359757900237,5.0,0.0,filled
2010-04-01,SH600545,buy,36400,36400,13.73494123649597,499951.8610084533,149.98555830253596,0.0,filled
2010-04-01,SH600631,buy,200,200,18.117325223922727,3623.465044784545,5.0,0.0,filled
2010-04-01,SH600831,buy,1800,1800,9.768515394210814,17583.327709579466,5.274998312873839,0.0,filled
2010-04-01,SH600978,buy,73500,73500,6.811174296379089,500621.310783863,150.1863932351589,0.0,filled
2010-04-01,SZ000423,buy,1000,1000,26.610883386611935,26610.883386611935,7.98326501598358,0.0,filled
2010-04-01,SZ000522,buy,1600,1600,11.748948438644408,18798.317501831054,5.639495250549316,0.0,filled
2010-04-01,SZ000578,buy,100,100,22.448000831604002,2244.8000831604004,5.0,0.0,filled
2010-04-01,SZ000791,buy,55900,55900,8.949301383972166,500265.9473640441,150.07978420921322,0.0,filled
2010-04-01,SZ002242,buy,35700,35700,13.992497959136962,499532.1771411895,149.85965314235685,0.0,filled
2010-05-04,SH600607,sell,21000,0,,0.0,0.0,0.0,missing_open
2010-05-04,SH600019,sell,75900,75900,5.69608139705658,432332.57803659444,129.6997734109783,432.33257803659444,filled
2010-05-04,SH600351,sell,49000,49000,9.688952662467957,474758.68046092987,142.42760413827895,474.7586804609299,filled
2010-05-04,SH600369,sell,33000,33000,14.700719593048095,485123.74657058716,145.53712397117613,485.1237465705872,filled
2010-05-04,SH600545,sell,36400,36400,11.23911965560913,409103.95546417235,122.73118663925169,409.1039554641724,filled
2010-05-04,SH600631,sell,27600,27600,14.46716489124298,399293.75099830626,119.78812529949187,399.2937509983063,filled
2010-05-04,SH600831,sell,51200,51200,9.550938692092895,489008.06103515625,146.70241831054688,489.0080610351563,filled
2010-05-04,SH600978,sell,73500,73500,6.195300344467163,455354.5753183365,136.60637259550094,455.3545753183365,filled
2010-05-04,SH600991,sell,53300,53300,10.367643218994141,552595.3835723877,165.7786150717163,552.5953835723877,filled
2010-05-04,SZ000423,sell,18800,18800,30.60805035209656,575431.3466194153,172.62940398582458,575.4313466194153,filled
2010-05-04,SZ000522,sell,42600,42600,13.962890808105469,594819.1484252929,178.44574452758786,594.819148425293,filled
2010-05-04,SZ000578,sell,22300,22300,18.04176226043701,402331.2984077453,120.69938952232359,402.33129840774535,filled
2010-05-04,SZ000602,sell,43200,43200,10.17221544456482,439439.7072052002,131.83191216156004,439.43970720520025,filled
2010-05-04,SZ000791,sell,55900,55900,7.2878284535408016,407389.6105529308,122.21688316587922,407.38961055293083,filled
2010-05-04,SZ002082,sell,34600,34600,11.600784796714782,401387.15396633145,120.41614618989942,401.3871539663315,filled
2010-05-04,SZ002242,sell,35700,35700,13.439092620849609,479775.60656433104,143.9326819692993,479.77560656433104,filled
2010-05-04,SH600104,buy,24600,24600,12.253707034111022,301441.1930391311,90.43235791173933,0.0,filled
2010-05-04,SH600105,buy,31700,31700,9.491567313194274,300882.6838282585,90.26480514847754,0.0,filled
2010-05-04,SH600139,buy,28800,28800,10.46033048057556,301257.5178405761,90.37725535217282,0.0,filled
2010-05-04,SH600157,buy,80200,80200,3.758215033769607,301408.8457083225,90.42265371249674,0.0,filled
2010-05-04,SH600218,buy,31000,31000,9.713220477104185,301109.83479022974,90.33295043706892,0.0,filled
2010-05-04,SH600238,buy,33800,33800,8.899038311004638,300787.4949119568,90.23624847358703,0.0,filled
2010-05-04,SH600273,buy,21100,21100,14.256381956100462,300809.65927371976,90.24289778211592,0.0,filled
2010-05-04,SH600375,buy,19200,19200,15.65139320373535,300506.7495117187,90.1520248535156,0.0,filled
2010-05-04,SH600481,buy,17200,17200,17.516119607925415,301277.2572563171,90.38317717689513,0.0,filled
2010-05-04,SH600525,buy,40100,40100,7.513110826015471,301275.7441232204,90.38272323696611,0.0,filled
2010-05-04,SH600595,buy,27800,27800,10.841833237648009,301402.96400661464,90.42088920198438,0.0,filled
2010-05-04,SH600742,buy,15200,15200,19.83023904800415,301419.6335296631,90.42589005889891,0.0,filled
2010-05-04,SH600773,buy,34800,34800,8.644236644744872,300819.43523712154,90.24583057113645,0.0,filled
2010-05-04,SH600866,buy,23000,23000,13.078204910278318,300798.7129364013,90.23961388092039,0.0,filled
2010-05-04,SZ000066,buy,32800,32800,9.170570787429808,300794.7218276977,90.2384165483093,0.0,filled
2010-05-04,SZ000078,buy,24500,24500,12.27226595687866,300670.51594352716,90.20115478305814,0.0,filled
2010-05-04,SZ000338,buy,12200,12200,24.524076145172117,299193.72897109983,89.75811869132994,0.0,filled
2010-05-04,SZ000521,buy,38300,38300,7.861381550788878,301090.913395214,90.3272740185642,0.0,filled
2010-05-04,SZ000567,buy,33000,33000,9.109801078796385,300623.4356002807,90.1870306800842,0.0,filled
2010-05-04,SZ000608,buy,37200,37200,8.088538145065307,300893.61899642943,90.26808569892881,0.0,filled
2010-05-04,SZ000671,buy,84400,84400,3.568395610809326,301172.5895523071,90.35177686569212,0.0,filled
2010-05-04,SZ000829,buy,23100,23100,13.023493270874022,300842.6945571899,90.25280836715696,0.0,filled
2010-05-04,SZ000961,buy,31800,31800,9.477020691871642,301369.2580015182,90.41077740045546,0.0,filled
2010-05-04,SZ002007,buy,7100,7100,42.1996510848999,299617.5227027893,89.88525681083678,0.0,filled
2010-05-04,SZ002013,buy,38800,38800,7.769108163833617,301441.39675674436,90.4324190270233,0.0,filled
2010-05-04,SZ002069,buy,18200,18200,16.510524028778075,300491.537323761,90.14746119712828,0.0,filled
2010-05-04,SZ002156,buy,35100,35100,8.585889781951904,301364.7313465118,90.40941940395354,0.0,filled
2010-05-04,SZ002158,buy,22500,22500,13.382093547821043,301097.10482597345,90.32913144779202,0.0,filled
2010-05-04,SZ002208,buy,28400,28400,10.595089586257933,300900.5442497253,90.27016327491758,0.0,filled
2010-05-04,SZ002241,buy,41000,37000,7.346508194446563,271820.8031945228,81.54624095835683,0.0,partial_volume_or_cash
2010-06-01,SH600607,sell,21000,0,,0.0,0.0,0.0,missing_open
2010-06-01,SH600104,sell,24600,24600,10.930732558250428,268896.02093296056,80.66880627988816,268.89602093296054,filled
2010-06-01,SH600105,sell,31700,31700,8.722388989448547,276499.7309655189,82.94991928965567,276.49973096551895,filled
2010-06-01,SH600157,sell,300,300,3.5617751784324647,1068.5325535297395,5.0,1.0685325535297396,filled
2010-06-01,SH600218,sell,31000,31000,8.788463976860047,272442.38328266144,81.73271498479842,272.44238328266147,filled
2010-06-01,SH600238,sell,1300,1300,8.762063135147095,11390.682075691224,5.0,11.390682075691224,filled
2010-06-01,SH600273,sell,3900,3900,16.468426054000854,64226.86161060333,19.268058483180997,64.22686161060334,filled
2010-06-01,SH600525,sell,40100,40100,7.555704916477203,302983.76715073583,90.89513014522075,302.98376715073584,filled
2010-06-01,SH600595,sell,2300,2300,11.158593801498412,25664.765743446347,7.699429723033903,25.66476574344635,filled
2010-06-01,SH600742,sell,15200,15200,16.254481201171874,247068.11425781247,74.12043427734373,247.06811425781248,filled
2010-06-01,SH600773,sell,34800,34800,8.240365696907043,286764.7262523651,86.02941787570953,286.7647262523651,filled
2010-06-01,SZ000066,sell,1900,1900,9.192715730667114,17466.159888267517,5.239847966480255,17.466159888267516,filled
2010-06-01,SZ000078,sell,24500,24500,11.688721864700318,286373.6856851578,85.91210570554732,286.3736856851578,filled
2010-06-01,SZ000338,sell,12200,12200,22.50822714614868,274600.3711830139,82.38011135490416,274.6003711830139,filled
2010-06-01,SZ000567,sell,33000,33000,7.6718525190353395,253171.1331281662,75.95133993844985,253.1711331281662,filled
2010-06-01,SZ000608,sell,37200,37200,6.8128848280906675,253439.31560497283,76.03179468149185,253.43931560497282,filled
2010-06-01,SZ000671,sell,84400,84400,3.5290446989536286,297851.37259168626,89.35541177750586,297.85137259168624,filled
2010-06-01,SZ000829,sell,23100,23100,14.125848910331726,326307.1098286629,97.89213294859886,326.3071098286629,filled
2010-06-01,SZ000961,sell,31800,31800,7.978522337436676,253717.0103304863,76.11510309914588,253.7170103304863,filled
2010-06-01,SZ002007,sell,900,900,45.410880638122556,40869.792574310304,12.26093777229309,40.8697925743103,filled
2010-06-01,SZ002013,sell,38800,38800,6.823552441120148,264753.8347154617,79.4261504146385,264.7538347154617,filled
2010-06-01,SZ002158,sell,2800,2800,14.458313163757325,40483.27685852051,12.144983057556152,40.48327685852051,filled
2010-06-01,SH600079,buy,16100,16100,17.656331548690794,284266.93793392176,85.28008138017653,0.0,filled
2010-06-01,SH600139,buy,800,800,9.610644744873046,7688.515795898436,5.0,0.0,filled
2010-06-01,SH600375,buy,200,200,14.690542947769163,2938.1085895538326,5.0,0.0,filled
2010-06-01,SH600481,buy,1300,1300,15.396280328750608,20015.164427375792,6.004549328212737,0.0,filled
2010-06-01,SH600499,buy,12900,12900,21.99097268104553,283683.54758548737,85.1050642756462,0.0,filled
2010-06-01,SH600563,buy,14400,14400,19.77998933982849,284831.84649353026,85.44955394805908,0.0,filled
2010-06-01,SH600703,buy,24800,24800,11.482698873519896,284770.9320632934,85.43127961898801,0.0,filled
2010-06-01,SH600866,buy,800,800,11.99213514614105,9593.70811691284,5.0,0.0,filled
2010-06-01,SH600873,buy,40200,40200,7.091754259586334,285088.5212353706,85.52655637061117,0.0,filled
2010-06-01,SZ000521,buy,2700,2700,6.957399438858031,18784.978484916686,5.635493545475005,0.0,filled
2010-06-01,SZ000536,buy,18000,18000,15.778953459739684,284021.16227531433,85.2063486825943,0.0,filled
2010-06-01,SZ000627,buy,54200,54200,5.265773341655731,285404.9151177406,85.62147453532216,0.0,filled
2010-06-01,SZ000661,buy,6300,6300,45.251218738555906,285082.6780529022,85.52480341587066,0.0,filled
2010-06-01,SZ000788,buy,36000,36000,7.910681881427764,284784.5477313995,85.43536431941983,0.0,filled
2010-06-01,SZ002055,buy,42200,42200,6.75678388929367,285136.2801281929,85.54088403845786,0.0,filled
2010-06-01,SZ002069,buy,1200,1200,14.64578330516815,17574.93996620178,5.272481989860533,0.0,filled
2010-06-01,SZ002106,buy,15800,15800,18.036326948165893,284973.9657810211,85.49218973430632,0.0,filled
2010-06-01,SZ002119,buy,25500,25500,11.192405093193052,285406.3298764228,85.62189896292683,0.0,filled
2010-06-01,SZ002156,buy,600,600,7.9913660845756525,4794.819650745391,5.0,0.0,filled
2010-06-01,SZ002208,buy,3200,3200,9.030971717834472,28899.10949707031,8.669732849121091,0.0,filled
2010-06-01,SZ002213,buy,29800,29800,9.546882277488708,284497.0918691635,85.34912756074904,0.0,filled
2010-06-01,SZ002241,buy,200,200,7.6635878815650935,1532.7175763130188,5.0,0.0,filled
2010-06-01,SZ002273,buy,23700,20400,12.010843945503234,245021.21648826599,73.50636494647979,0.0,partial_volume_or_cash
2010-07-01,SH600607,sell,21000,0,,0.0,0.0,0.0,missing_open
2010-07-01,SH600157,sell,4800,4800,3.4662568359375,16638.0328125,5.0,16.6380328125,filled
2010-07-01,SH600499,sell,12900,12900,19.39446551513672,250188.6051452637,75.0565815435791,250.1886051452637,filled
2010-07-01,SH600563,sell,2100,2100,21.064830602645873,44236.14426555634,13.2708432796669,44.23614426555634,filled
2010-07-01,SH600703,sell,2800,2800,11.803446578979493,33049.65042114258,9.914895126342772,33.04965042114258,filled
2010-07-01,SH600866,sell,23800,23800,10.06986180782318,239662.71102619168,71.8988133078575,239.6627110261917,filled
2010-07-01,SH600873,sell,500,500,6.543051476955414,3271.525738477707,5.0,3.271525738477707,filled
2010-07-01,SZ000521,sell,41000,41000,5.887362454891205,241381.8606505394,72.41455819516182,241.3818606505394,filled
2010-07-01,SZ000536,sell,18000,18000,15.3267742395401,275881.9363117218,82.76458089351654,275.8819363117218,filled
2010-07-01,SZ000788,sell,36000,36000,6.222330458164215,224003.89649391174,67.20116894817352,224.00389649391175,filled
2010-07-01,SZ002007,sell,300,300,43.49783283233643,13049.349849700928,5.0,13.049349849700928,filled
2010-07-01,SZ002069,sell,4100,4100,16.994362146377565,69676.88480014802,20.903065440044404,69.67688480014802,filled
2010-07-01,SZ002156,sell,4100,4100,8.215356780052185,33682.96279821396,10.104888839464186,33.68296279821396,filled
2010-07-01,SZ002208,sell,6100,6100,10.172906167030334,62054.72761888504,18.61641828566551,62.05472761888504,filled
2010-07-01,SZ002241,sell,6000,6000,8.333421732902528,50000.53039741517,15.000159119224548,50.00053039741517,filled
2010-07-01,SH600079,buy,400,400,15.730056459426878,6292.022583770751,5.0,0.0,filled
2010-07-01,SH600105,buy,32700,32700,7.975080131053923,260785.1202854633,78.23553608563898,0.0,filled
2010-07-01,SH600139,buy,3900,3900,7.786255669116973,30366.397109556194,9.109919132866857,0.0,filled
2010-07-01,SH600238,buy,700,700,7.841980168819426,5489.386118173598,5.0,0.0,filled
2010-07-01,SH600273,buy,3100,3100,12.84590955352783,39822.31961593628,11.946695884780882,0.0,filled
2010-07-01,SH600375,buy,700,700,12.980850038528441,9086.59502696991,5.0,0.0,filled
2010-07-01,SH600481,buy,3300,3300,11.964011805534362,39481.23895826339,11.844371687479017,0.0,filled
2010-07-01,SH600595,buy,700,700,9.92450733566284,6947.155134963988,5.0,0.0,filled
2010-07-01,SZ000066,buy,3800,3800,7.510930455684661,28541.53573160171,8.562460719480512,0.0,filled
2010-07-01,SZ000338,buy,10700,10700,24.374617677688597,260808.409151268,78.24252274538038,0.0,filled
2010-07-01,SZ000627,buy,8600,8600,4.154569654464721,35729.2990283966,10.71878970851898,0.0,filled
2010-07-01,SZ000661,buy,1000,1000,35.67933570861816,35679.335708618164,10.703800712585448,0.0,filled
2010-07-01,SZ000665,buy,22900,22900,11.377128473281859,260536.24203815457,78.16087261144636,0.0,filled
2010-07-01,SZ000970,buy,46300,46300,5.633053096294402,260810.35835843082,78.24310750752925,0.0,filled
2010-07-01,SZ002055,buy,1300,1300,5.994948749065398,7793.4333737850175,5.0,0.0,filled
2010-07-01,SZ002101,buy,20400,20400,12.768240065574645,260472.09733772275,78.14162920131682,0.0,filled
2010-07-01,SZ002106,buy,200,200,16.245454383850095,3249.090876770019,5.0,0.0,filled
2010-07-01,SZ002119,buy,100,100,10.191805082321165,1019.1805082321165,5.0,0.0,filled
2010-07-01,SZ002158,buy,400,100,12.924395248413084,1292.4395248413084,5.0,0.0,partial_volume_or_cash
2010-07-01,SZ002213,buy,2100,100,8.17588660621643,817.588660621643,5.0,0.0,partial_volume_or_cash
2010-07-01,SZ002273,buy,4900,0,,0.0,0.0,0.0,insufficient_cash
2010-08-02,SH600607,sell,21000,0,,0.0,0.0,0.0,missing_open
2010-08-02,SH600105,sell,3500,3500,10.119722442626953,35419.028549194336,10.6257085647583,35.41902854919434,filled
2010-08-02,SH600139,sell,33500,33500,8.889987793922424,297814.5910964012,89.34437732892036,297.8145910964012,filled
2010-08-02,SH600238,sell,400,400,8.987933192253113,3595.173276901245,5.0,3.595173276901245,filled
2010-08-02,SH600375,sell,20100,20100,17.218222915649413,346086.2806045532,103.82588418136595,346.08628060455317,filled
2010-08-02,SH600481,sell,21800,21800,12.805756330490112,279165.48800468445,83.74964640140533,279.16548800468445,filled
2010-08-02,SH600595,sell,26200,26200,11.247675086975098,294689.0872787476,88.40672618362427,294.6890872787476,filled
2010-08-02,SZ000338,sell,100,100,27.68764909172058,2768.764909172058,5.0,2.768764909172058,filled
2010-08-02,SZ000627,sell,62800,62800,5.085186441421508,319349.7085212707,95.80491255638121,319.3497085212707,filled
2010-08-02,SZ000661,sell,7300,7300,41.0664592666626,299785.15264663694,89.93554579399107,299.78515264663696,filled
2010-08-02,SZ000665,sell,800,800,13.337899397850036,10670.319518280028,5.0,10.670319518280028,filled
2010-08-02,SZ000970,sell,46300,46300,6.596531497478485,305419.4083332539,91.62582249997615,305.4194083332539,filled
2010-08-02,SZ002055,sell,1300,1300,6.994416695594787,9092.741704273223,5.0,9.092741704273223,filled
2010-08-02,SZ002069,sell,500,500,19.857925998687744,9928.962999343872,5.0,9.928962999343872,filled
2010-08-02,SZ002101,sell,100,100,14.538537958145142,1453.8537958145141,5.0,1.4538537958145141,filled
2010-08-02,SZ002106,sell,1800,1800,20.802201725006103,37443.96310501099,11.233188931503296,37.44396310501099,filled
2010-08-02,SZ002158,sell,1500,1500,16.13073422241211,24196.101333618164,7.258830400085449,24.196101333618163,filled
2010-08-02,SZ002208,sell,25500,25500,12.786023580551147,326043.60130405426,97.81308039121627,326.0436013040543,filled
2010-08-02,SH600071,buy,31500,31500,9.378275881767271,295415.69027566904,88.62470708270071,0.0,filled
2010-08-02,SH600079,buy,1100,1100,16.78724395370483,18465.968349075312,5.5397905047225935,0.0,filled
2010-08-02,SH600157,buy,5700,5700,3.6628238317966457,20878.09584124088,6.263428752372263,0.0,filled
2010-08-02,SH600259,buy,10000,10000,29.533475070953365,295334.75070953363,88.60042521286009,0.0,filled
2010-08-02,SH600273,buy,1000,1000,13.871581913948058,13871.581913948057,5.0,0.0,filled
2010-08-02,SH600460,buy,40400,40400,7.32563954925537,295955.83778991696,88.78675133697507,0.0,filled
2010-08-02,SH600499,buy,15200,15200,19.38448505401611,294644.17282104486,88.39325184631345,0.0,filled
2010-08-02,SH600552,buy,31800,31800,9.30511796569824,295902.75130920403,88.7708253927612,0.0,filled
2010-08-02,SH600563,buy,400,400,23.174092790603634,9269.637116241454,5.0,0.0,filled
2010-08-02,SH600873,buy,1600,1600,7.166885869026183,11467.017390441893,5.0,0.0,filled
2010-08-02,SZ000066,buy,2600,2600,7.935956134796141,20633.485950469967,6.19004578514099,0.0,filled
2010-08-02,SZ000829,buy,17600,17600,16.817035984039304,295979.83331909176,88.79394999572752,0.0,filled
2010-08-02,SZ002007,buy,400,400,46.93457537078857,18773.83014831543,5.632149044494628,0.0,filled
2010-08-02,SZ002045,buy,26500,26500,11.152999004364013,295554.47361564636,88.6663420846939,0.0,filled
2010-08-02,SZ002063,buy,21500,21500,13.71493987083435,294871.20722293854,88.46136216688156,0.0,filled
2010-08-02,SZ002119,buy,300,300,11.431384755134582,3429.4154265403745,5.0,0.0,filled
2010-08-02,SZ002156,buy,1700,1700,8.873280538558959,15084.57691555023,5.0,0.0,filled
2010-08-02,SZ002213,buy,300,300,9.78857594680786,2936.5727840423583,5.0,0.0,filled
2010-08-02,SZ002241,buy,6300,6300,7.879792983531951,49642.69579625129,14.892808738875386,0.0,filled
2010-08-02,SZ002273,buy,5700,4400,11.320332880973815,49809.464676284784,14.942839402885435,0.0,partial_volume_or_cash
2010-09-01,SH600703,sell,22000,0,,0.0,0.0,0.0,missing_open
2010-09-01,SH600607,sell,21000,0,,0.0,0.0,0.0,missing_open
2010-09-01,SH600071,sell,31500,31500,10.947404216766357,344843.23282814026,103.45296984844207,344.8432328281403,filled
2010-09-01,SH600079,sell,17600,17600,18.855275173187255,331852.8430480957,99.5558529144287,331.85284304809574,filled
2010-09-01,SH600105,sell,300,300,11.27331470489502,3381.994411468506,5.0,3.381994411468506,filled
2010-09-01,SH600238,sell,32800,32800,9.122063873291015,299203.6950439453,89.76110851318357,299.2036950439453,filled
2010-09-01,SH600259,sell,10000,10000,32.972190422058105,329721.90422058105,98.9165712661743,329.72190422058105,filled
2010-09-01,SH600273,sell,21300,21300,15.145574395179748,322600.7346173286,96.78022038519858,322.6007346173286,filled
2010-09-01,SH600460,sell,4200,4200,8.985285581588744,37738.199442672725,11.321459832801816,37.73819944267272,filled
2010-09-01,SH600552,sell,1900,1900,10.890119029998779,20691.22615699768,6.207367847099303,20.69122615699768,filled
2010-09-01,SH600563,sell,12700,12700,27.353973930358887,347395.46891555784,104.21864067466734,347.39546891555784,filled
2010-09-01,SH600873,sell,2700,2700,8.445638886451722,22803.224993419648,6.840967498025893,22.803224993419647,filled
2010-09-01,SZ000066,sell,37300,37300,7.910538097858429,295063.0710501194,88.51892131503581,295.0630710501194,filled
2010-09-01,SZ000338,sell,10600,10600,31.22173011016846,330950.33916778566,99.28510175033568,330.95033916778567,filled
2010-09-01,SZ000665,sell,22100,22100,14.152157338142395,312762.6771729469,93.82880315188407,312.76267717294695,filled
2010-09-01,SZ000829,sell,400,400,18.861471668243407,7544.588667297363,5.0,7.544588667297363,filled
2010-09-01,SZ002045,sell,26500,26500,11.8029940366745,312779.34197187424,93.83380259156226,312.77934197187426,filled
2010-09-01,SZ002055,sell,42200,42200,8.900840234756469,375615.45790672296,112.68463737201688,375.61545790672295,filled
2010-09-01,SZ002063,sell,1300,1300,16.141568561553957,20984.039130020145,6.295211739006043,20.984039130020143,filled
2010-09-01,SZ002069,sell,14800,14800,25.523206890106202,377743.4619735718,113.32303859207153,377.7434619735718,filled
2010-09-01,SZ002101,sell,20300,20300,13.606028331756592,276202.3751346588,82.86071254039764,276.20237513465884,filled
2010-09-01,SZ002119,sell,25900,25900,12.207202918052673,316166.5555775642,94.84996667326926,316.1665555775642,filled
2010-09-01,SZ002156,sell,33300,33300,9.878054371833802,328939.21058206557,98.68176317461966,328.9392105820656,filled
2010-09-01,SZ002158,sell,18300,18300,16.261944814682007,297593.5901086807,89.2780770326042,297.5935901086807,filled
2010-09-01,SZ002213,sell,30200,30200,11.354396947860717,342902.78782539367,102.8708363476181,342.90278782539366,filled
2010-09-01,SH600081,buy,25500,25500,12.769231924057005,325615.4140634536,97.68462421903608,0.0,filled
2010-09-01,SH600157,buy,8900,8900,3.640931348085403,32404.288997960084,9.721286699388024,0.0,filled
2010-09-01,SH600199,buy,19700,19700,16.541684995651245,325871.19441432954,97.76135832429885,0.0,filled
2010-09-01,SH600375,buy,19300,19300,16.849703353881836,325199.27472991945,97.55978241897583,0.0,filled
2010-09-01,SH600461,buy,34800,34800,9.364926363945006,325899.43746528623,97.76983123958586,0.0,filled
2010-09-01,SH600584,buy,25900,25900,12.56989796257019,325560.3572305679,97.66810716917036,0.0,filled
2010-09-01,SH600673,buy,20800,20800,15.663508387565612,325800.97446136473,97.74029233840942,0.0,filled
2010-09-01,SH600710,buy,34700,34700,9.416756936073302,326761.4656817436,98.02843970452307,0.0,filled
2010-09-01,SH600729,buy,6500,6500,49.989354393005364,324930.80355453485,97.47924106636044,0.0,filled
2010-09-01,SH600815,buy,29200,29200,11.154389897346496,325708.18500251765,97.71245550075528,0.0,filled
2010-09-01,SZ000883,buy,78300,78300,4.169479034423827,326470.20839538565,97.94106251861568,0.0,filled
2010-09-01,SZ000970,buy,35800,35800,9.103781194686889,325915.3667697906,97.77461003093717,0.0,filled
2010-09-01,SZ000982,buy,121200,121200,2.695347741603851,326676.14628238673,98.00284388471601,0.0,filled
2010-09-01,SZ002007,buy,200,200,49.84893625259399,9969.787250518797,5.0,0.0,filled
2010-09-01,SZ002081,buy,36700,36700,8.89712523651123,326524.4961799621,97.95734885398863,0.0,filled
2010-09-01,SZ002106,buy,400,400,22.33620243835449,8934.480975341796,5.0,0.0,filled
2010-09-01,SZ002126,buy,34600,34600,9.43514307117462,326455.9502626418,97.93678507879254,0.0,filled
2010-09-01,SZ002189,buy,26200,26200,12.430488863945007,325678.80823535915,97.70364247060773,0.0,filled
2010-09-01,SZ002236,buy,33600,33600,9.725674553871153,326782.6650100707,98.0347995030212,0.0,filled
2010-09-01,SZ002241,buy,200,200,8.64573922920227,1729.147845840454,5.0,0.0,filled
2010-09-01,SZ002268,buy,15000,15000,21.687095499038694,325306.4324855804,97.59192974567411,0.0,filled
2010-09-01,SZ002271,buy,20200,3200,16.125717304229735,51602.29537353515,15.480688612060543,0.0,partial_volume_or_cash
2010-09-01,SZ002273,buy,1800,100,12.270855971336363,1227.0855971336364,5.0,0.0,partial_volume_or_cash
2010-10-08,SH600607,sell,21000,0,,0.0,0.0,0.0,missing_open
2010-10-08,SH600081,sell,5100,5100,16.111830339431762,82170.33473110199,24.651100419330596,82.17033473110199,filled
2010-10-08,SH600105,sell,2000,2000,12.269165963172913,24538.331926345825,7.361499577903747,24.538331926345826,filled
2010-10-08,SH600460,sell,100,100,9.13360417842865,913.360417842865,5.0,0.913360417842865,filled
2010-10-08,SH600461,sell,34800,34800,8.880875020980834,309054.45073013304,92.7163352190399,309.05445073013306,filled
2010-10-08,SH600552,sell,29900,29900,11.6045947265625,346977.38232421875,104.09321469726562,346.97738232421875,filled
2010-10-08,SH600729,sell,6500,6500,50.35172799682617,327286.2319793701,98.18586959381102,327.28623197937014,filled
2010-10-08,SH600873,sell,38600,38600,8.910216911315917,343934.3727767944,103.18031183303832,343.9343727767944,filled
2010-10-08,SZ000883,sell,78300,78300,4.44164222574234,347780.5862756252,104.33417588268756,347.78058627562524,filled
2010-10-08,SZ000982,sell,10500,10500,2.982240451812744,31313.524744033813,9.394057423210143,31.313524744033813,filled
2010-10-08,SZ002007,sell,6500,6500,49.75894902420044,323433.16865730286,97.02995059719085,323.4331686573029,filled
2010-10-08,SZ002063,sell,300,300,16.575527097702025,4972.658129310607,5.0,4.972658129310608,filled
2010-10-08,SZ002081,sell,1500,1500,9.361930349349976,14042.895524024963,5.0,14.042895524024964,filled
2010-10-08,SZ002106,sell,1900,1900,25.96165845680237,49327.1510679245,14.798145320377348,49.3271510679245,filled
2010-10-08,SZ002126,sell,4500,4500,10.95483162689209,49296.74232101441,14.789022696304322,49.29674232101441,filled
2010-10-08,SZ002189,sell,26200,26200,12.195482548713684,319521.6427762985,95.85649283288954,319.5216427762985,filled
2010-10-08,SZ002241,sell,6100,6100,10.445427143096923,63717.10557289123,19.115131671867367,63.717105572891235,filled
2010-10-08,SZ002271,sell,3200,3200,14.20524293231964,45456.77738342285,13.637033215026854,45.45677738342285,filled
2010-10-08,SH600111,buy,12900,12900,25.59440695762634,330167.84975337976,99.05035492601392,0.0,filled
2010-10-08,SH600157,buy,3200,3200,3.559525923490524,11390.482955169677,5.0,0.0,filled
2010-10-08,SH600199,buy,2200,2200,15.081101305961607,33178.42287311554,9.95352686193466,0.0,filled
2010-10-08,SH600303,buy,38400,38400,8.598243622779846,330172.5551147461,99.05176653442382,0.0,filled
2010-10-08,SH600375,buy,500,500,16.629928897857663,8314.964448928831,5.0,0.0,filled
2010-10-08,SH600499,buy,800,800,20.557272270202635,16445.817816162107,5.0,0.0,filled
2010-10-08,SH600584,buy,2900,2900,11.456582160949706,33224.088266754145,9.967226480026243,0.0,filled
2010-10-08,SH600673,buy,1100,1100,15.055630876541136,16561.19396419525,5.0,0.0,filled
2010-10-08,SH600703,buy,3400,3400,13.01861512184143,44263.291414260864,13.278987424278258,0.0,filled
2010-10-08,SH600710,buy,3300,3300,8.68836814212799,28671.614869022367,8.60148446070671,0.0,filled
2010-10-08,SH600815,buy,3400,3400,10.136829010963439,34465.21863727569,10.339565591182707,0.0,filled
2010-10-08,SZ000559,buy,37400,37400,8.833820035934448,330384.8693439483,99.11546080318449,0.0,filled
2010-10-08,SZ000598,buy,73100,73100,4.521903345584869,330551.13456225395,99.16534036867618,0.0,filled
2010-10-08,SZ000829,buy,2700,2700,16.616566015243528,44864.72824115753,13.459418472347258,0.0,filled
2010-10-08,SZ000970,buy,300,300,9.14336198043823,2743.008594131469,5.0,0.0,filled
2010-10-08,SZ002094,buy,27600,27600,11.983119639396666,330734.102047348,99.22023061420438,0.0,filled
2010-10-08,SZ002139,buy,18800,18800,17.57808069229126,330467.9170150757,99.14037510452269,0.0,filled
2010-10-08,SZ002156,buy,36800,36800,8.984460332870482,330628.14024963375,99.18844207489012,0.0,filled
2010-10-08,SZ002236,buy,1100,1100,9.514148083686827,10465.56289205551,5.0,0.0,filled
2010-10-08,SZ002268,buy,200,200,21.63451268005371,4326.902536010742,5.0,0.0,filled
2010-10-08,SZ002273,buy,3300,3300,11.719554488182066,38674.529811000815,11.602358943300244,0.0,filled
2010-11-01,SH600607,sell,21000,0,,0.0,0.0,0.0,missing_open
2010-11-01,SH600081,sell,20400,20400,15.526667415618897,316744.0152786255,95.02320458358763,316.7440152786255,filled
2010-11-01,SH600105,sell,26900,26900,14.021178256988525,377169.6951129913,113.1509085338974,377.16969511299135,filled
2010-11-01,SH600111,sell,200,200,29.26598708152771,5853.197416305542,5.0,5.853197416305542,filled
2010-11-01,SH600157,sell,92900,92900,4.377442192554474,406664.3796883106,121.99931390649317,406.66437968831065,filled
2010-11-01,SH600303,sell,38400,38400,8.759935709953307,336381.531262207,100.9144593786621,336.38153126220703,filled
2010-11-01,SH600375,sell,3500,3500,22.823880643844603,79883.58225345612,23.96507467603683,79.88358225345611,filled
2010-11-01,SH600460,sell,36100,36100,9.114476406097411,329032.59826011653,98.70977947803495,329.0325982601165,filled
2010-11-01,SH600584,sell,28800,28800,13.581136599540711,391136.7340667725,117.34102022003174,391.13673406677253,filled
2010-11-01,SH600673,sell,21900,21900,17.72235313796997,388119.5337215424,116.4358601164627,388.1195337215424,filled
2010-11-01,SH600703,sell,25400,25400,12.340361824035645,313445.1903305054,94.03355709915161,313.4451903305054,filled
2010-11-01,SH600710,sell,38000,38000,9.645455248832702,366527.2994556427,109.9581898366928,366.5272994556427,filled
2010-11-01,SH600815,sell,32600,32600,13.253716049194336,432071.14320373535,129.6213429611206,432.07114320373535,filled
2010-11-01,SZ000559,sell,37400,37400,9.384501254081727,350980.34690265654,105.29410407079695,350.98034690265655,filled
2010-11-01,SZ000970,sell,36100,36100,14.12798872089386,510020.3928242684,153.0061178472805,510.0203928242684,filled
2010-11-01,SZ000982,sell,110700,110700,3.9254789035320283,434550.51462099556,130.36515438629866,434.55051462099556,filled
2010-11-01,SZ002063,sell,19900,19900,16.43188540649414,326994.5195892334,98.09835587677,326.9945195892334,filled
2010-11-01,SZ002081,sell,1300,1300,10.955576654434203,14242.249650764465,5.0,14.242249650764466,filled
2010-11-01,SZ002094,sell,3000,3000,15.096430206298828,45289.290618896484,13.586787185668944,45.28929061889649,filled
2010-11-01,SZ002106,sell,2300,2300,35.77764022064209,82288.57250747681,24.68657175224304,82.28857250747681,filled
2010-11-01,SZ002139,sell,18800,18800,18.135277507781982,340943.21714630123,102.28296514389037,340.94321714630127,filled
2010-11-01,SZ002156,sell,36800,36800,11.010589602470398,405189.69737091067,121.5569092112732,405.18969737091066,filled
2010-11-01,SZ002241,sell,300,300,11.882245150566101,3564.6735451698305,5.0,3.5646735451698306,filled
2010-11-01,SZ002268,sell,15200,15200,22.53948591041565,342600.18583831785,102.78005575149534,342.6001858383178,filled
2010-11-01,SZ002273,sell,28200,28200,12.958352643013,365425.5445329666,109.62766335988998,365.4255445329666,filled
2010-11-01,SH600199,buy,1000,1000,16.291354806900024,16291.354806900024,5.0,0.0,filled
2010-11-01,SH600238,buy,34900,34900,10.683472864151,372853.20295886986,111.85596088766096,0.0,filled
2010-11-01,SH600259,buy,4300,4300,85.10257279205321,365941.0630058288,109.78231890174864,0.0,filled
2010-11-01,SH600335,buy,21000,21000,17.736279733657835,372461.8744068145,111.73856232204434,0.0,filled
2010-11-01,SH600403,buy,23200,23200,16.037691057205198,372074.43252716056,111.62232975814815,0.0,filled
2010-11-01,SH600406,buy,27800,27800,13.420693930625914,373095.2912714004,111.92858738142012,0.0,filled
2010-11-01,SH600458,buy,22400,22400,16.591065992355343,371639.8782287597,111.4919634686279,0.0,filled
2010-11-01,SH600499,buy,3000,3000,19.588363044738767,58765.0891342163,17.62952674026489,0.0,filled
2010-11-01,SH600559,buy,9600,9600,38.70192085647582,371538.4402221679,111.46153206665035,0.0,filled
2010-11-01,SH600723,buy,26300,26300,14.187148515701292,373122.005962944,111.9366017888832,0.0,filled
2010-11-01,SH600729,buy,8300,8300,44.72342401504516,371204.4193248748,111.36132579746244,0.0,filled
2010-11-01,SH600770,buy,25500,25500,14.626065464019774,372964.6693325043,111.88940079975127,0.0,filled
2010-11-01,SH600778,buy,26400,26400,14.090533480644224,371990.0838890075,111.59702516670224,0.0,filled
2010-11-01,SZ000596,buy,11900,11900,31.209251956939696,371390.0982875824,111.41702948627471,0.0,filled
2010-11-01,SZ000598,buy,4500,4500,4.804589218139648,21620.651481628414,6.486195444488524,0.0,filled
2010-11-01,SZ000829,buy,4800,4800,15.10566292953491,72507.18206176757,21.75215461853027,0.0,filled
2010-11-01,SZ002056,buy,8400,8400,44.14435813140869,370812.608303833,111.24378249114989,0.0,filled
2010-11-01,SZ002057,buy,25000,25000,14.889313678741454,372232.8419685363,111.66985259056088,0.0,filled
2010-11-01,SZ002085,buy,33100,33100,11.25842525577545,372653.87596616737,111.7961627898502,0.0,filled
2010-11-01,SZ002099,buy,29800,29800,12.512419811248778,372870.11037521355,111.86103311256406,0.0,filled
2010-11-01,SZ002126,buy,1100,1100,11.926502562522886,13119.152818775176,5.0,0.0,filled
2010-11-01,SZ002190,buy,11500,11500,32.34485832214355,371965.8707046508,111.58976121139524,0.0,filled
2010-11-01,SZ002236,buy,1600,1600,10.254276892662046,16406.843028259274,5.0,0.0,filled
2010-11-01,SZ002271,buy,20100,20100,18.530350751876828,372460.05011272425,111.73801503381726,0.0,filled
2010-12-01,SH600607,sell,21000,0,,0.0,0.0,0.0,missing_open
2010-12-01,SH600199,sell,22900,22900,17.450797267913817,399623.2574352264,119.88697723056791,399.62325743522644,filled
2010-12-01,SH600238,sell,1100,1100,11.351715991973878,12486.887591171266,5.0,12.486887591171266,filled
2010-12-01,SH600335,sell,1200,1200,19.33256725502014,23199.080706024168,6.9597242118072495,23.19908070602417,filled
2010-12-01,SH600375,sell,16300,16300,22.35809933280945,364437.019124794,109.3311057374382,364.437019124794,filled
2010-12-01,SH600406,sell,27800,27800,18.644857292175292,518327.03272247314,155.49810981674193,518.3270327224732,filled
2010-12-01,SH600458,sell,5500,5500,22.645253145217897,124548.89229869843,37.364667689609526,124.54889229869843,filled
2010-12-01,SH600499,sell,19000,19000,24.943552597045898,473927.49934387207,142.1782498031616,473.92749934387206,filled
2010-12-01,SH600559,sell,9600,9600,42.34854305648804,406546.0133422852,121.96380400268555,406.54601334228516,filled
2010-12-01,SH600729,sell,8300,8300,47.11857141494751,391084.14274406433,117.32524282321928,391.08414274406437,filled
2010-12-01,SZ000596,sell,2800,2800,42.13092260742187,117966.58330078125,35.38997499023437,117.96658330078125,filled
2010-12-01,SZ000598,sell,3100,3100,5.156847706317902,15986.227889585496,5.0,15.986227889585496,filled
2010-12-01,SZ000829,sell,24700,24700,12.807207324028015,316338.020903492,94.90140627104759,316.338020903492,filled
2010-12-01,SZ002081,sell,4500,4500,13.027793592453003,58625.07116603851,17.587521349811553,58.625071166038516,filled
2010-12-01,SZ002085,sell,33100,33100,10.622858024597168,351616.60061416624,105.48498018424986,351.61660061416626,filled
2010-12-01,SZ002106,sell,1200,1200,41.74475825500488,50093.70990600586,15.028112971801757,50.09370990600586,filled
2010-12-01,SZ002236,sell,1600,1600,11.04226089477539,17667.617431640625,5.300285229492187,17.667617431640625,filled
2010-12-01,SZ002241,sell,200,200,12.335424825668335,2467.084965133667,5.0,2.467084965133667,filled
2010-12-01,SZ002271,sell,20100,20100,17.455168350219726,350848.8838394165,105.25466515182494,350.8488838394165,filled
2010-12-01,SH600029,buy,46900,46900,8.207481928825377,384930.9024619102,115.47927073857305,0.0,filled
2010-12-01,SH600081,buy,29200,29200,13.173374638557434,384662.5394458771,115.39876183376312,0.0,filled
2010-12-01,SH600086,buy,15100,15100,25.327189399719234,382440.55993576045,114.73216798072812,0.0,filled
2010-12-01,SH600111,buy,3900,3900,23.084082826614377,90027.92302379607,27.00837690713882,0.0,filled
2010-12-01,SH600259,buy,1400,1400,66.77645706176757,93487.03988647461,28.04611196594238,0.0,filled
2010-12-01,SH600403,buy,3300,3300,14.4952680644989,47834.38461284637,14.35031538385391,0.0,filled
2010-12-01,SH600468,buy,12500,12500,30.673554822921748,383419.43528652185,115.02583058595654,0.0,filled
2010-12-01,SH600549,buy,8600,8600,44.259933032989494,380635.42408370966,114.19062722511289,0.0,filled
2010-12-01,SH600584,buy,31600,31600,12.16836711025238,384520.4006839752,115.35612020519255,0.0,filled
2010-12-01,SH600723,buy,1400,1400,13.851185332298277,19391.659465217588,5.817497839565276,0.0,filled
2010-12-01,SH600770,buy,1000,1000,14.493948768615722,14493.948768615723,5.0,0.0,filled
2010-12-01,SH600778,buy,1500,1500,13.761068449974058,20641.602674961086,6.192480802488325,0.0,filled
2010-12-01,SH601111,buy,32800,32800,11.702343500137328,383836.86680450436,115.1510600413513,0.0,filled
2010-12-01,SZ000970,buy,28100,28100,13.658282699584959,383797.74385833734,115.1393231575012,0.0,filled
2010-12-01,SZ002008,buy,36700,36700,10.481531813621519,384672.21755990974,115.40166526797292,0.0,filled
2010-12-01,SZ002056,buy,1100,1100,40.45436200714111,44499.798207855216,13.349939462356563,0.0,filled
2010-12-01,SZ002057,buy,2600,2600,13.938897506713866,36241.13351745605,10.872340055236815,0.0,filled
2010-12-01,SZ002094,buy,1000,1000,15.019686268806456,15019.686268806456,5.0,0.0,filled
2010-12-01,SZ002099,buy,400,400,12.73131123638153,5092.524494552612,5.0,0.0,filled
2010-12-01,SZ002126,buy,2500,2500,11.396250626564024,28490.62656641006,8.547187969923018,0.0,filled
2010-12-01,SZ002190,buy,3500,3500,25.513255941390987,89296.39579486845,26.788918738460534,0.0,filled
2011-01-04,SH600607,sell,21000,0,,0.0,0.0,0.0,missing_open
2011-01-04,SH600029,sell,46900,46900,9.114464973449707,427468.40725479124,128.24052217643737,427.46840725479126,filled
2011-01-04,SH600081,sell,29200,29200,12.283673040390015,358683.25277938845,107.60497583381652,358.68325277938845,filled
2011-01-04,SH600111,sell,300,300,23.493349817276002,7048.004945182801,5.0,7.048004945182801,filled
2011-01-04,SH600403,sell,2100,2100,15.731989193916322,33037.17730722427,9.91115319216728,33.037177307224276,filled
2011-01-04,SH600458,sell,2400,2400,26.365823513031007,63277.976431274416,18.983392929382322,63.27797643127442,filled
2011-01-04,SH600549,sell,500,500,47.21181227874756,23605.90613937378,7.081771841812134,23.60590613937378,filled
2011-01-04,SH600584,sell,31600,31600,11.012636046409607,347999.2990665436,104.39978971996307,347.9992990665436,filled
2011-01-04,SH600723,sell,27700,27700,12.095924194335938,335057.10018310545,100.51713005493163,335.05710018310543,filled
2011-01-04,SH601111,sell,32800,32800,12.938440781593323,424380.85763626103,127.3142572908783,424.38085763626106,filled
2011-01-04,SZ000970,sell,28100,28100,13.738209746360779,386043.6938727379,115.81310816182135,386.0436938727379,filled
2011-01-04,SZ002008,sell,9200,9200,13.946829843521119,128310.83456039429,38.49325036811828,128.31083456039428,filled
2011-01-04,SZ002081,sell,500,500,13.271083193778992,6635.541596889496,5.0,6.635541596889496,filled
2011-01-04,SZ002099,sell,30200,30200,11.719792943000794,353937.74687862396,106.18132406358718,353.93774687862395,filled
2011-01-04,SZ002106,sell,800,800,45.64941902160645,36519.535217285156,10.955860565185546,36.51953521728516,filled
2011-01-04,SZ002126,sell,33700,33700,12.615754300117493,425150.9199139595,127.54527597418785,425.1509199139595,filled
2011-01-04,SZ002241,sell,5400,5400,14.914480570793152,80538.19508228303,24.161458524684907,80.53819508228302,filled
2011-01-04,SH600086,buy,500,500,24.57541222000122,12287.70611000061,5.0,0.0,filled
2011-01-04,SH600113,buy,57200,57200,6.7230215611457815,384556.8332975387,115.3670499892616,0.0,filled
2011-01-04,SH600238,buy,1600,1600,10.863569162368773,17381.710659790035,5.21451319793701,0.0,filled
2011-01-04,SH600259,buy,100,100,65.38787046051024,6538.787046051024,5.0,0.0,filled
2011-01-04,SH600335,buy,4100,4100,16.061783958435058,65853.31422958373,19.755994268875117,0.0,filled
2011-01-04,SH600375,buy,16800,16800,22.796764621734617,382985.64564514154,114.89569369354246,0.0,filled
2011-01-04,SH600406,buy,22800,22800,16.813505769729613,383347.9315498352,115.00437946495055,0.0,filled
2011-01-04,SH600468,buy,300,300,29.96697736930847,8990.093210792542,5.0,0.0,filled
2011-01-04,SH600559,buy,10300,10300,37.0833452796936,381958.4563808441,114.58753691425322,0.0,filled
2011-01-04,SH600770,buy,100,100,14.43467400741577,1443.467400741577,5.0,0.0,filled
2011-01-04,SH600778,buy,3200,3200,12.362599539756774,39560.31852722168,11.868095558166504,0.0,filled
2011-01-04,SH600873,buy,36700,36700,10.482811969757078,384719.19929008477,115.41575978702542,0.0,filled
2011-01-04,SH601002,buy,28100,28100,13.686498639106748,384590.61175889964,115.37718352766989,0.0,filled
2011-01-04,SZ000596,buy,1000,1000,38.022137901306145,38022.137901306145,11.406641370391842,0.0,filled
2011-01-04,SZ000598,buy,9100,9100,4.604292037010192,41899.05753679275,12.569717261037825,0.0,filled
2011-01-04,SZ000650,buy,38500,38500,9.986067476272583,384463.59783649445,115.33907935094832,0.0,filled
2011-01-04,SZ002056,buy,300,300,39.18732627868652,11756.197883605955,5.0,0.0,filled
2011-01-04,SZ002057,buy,1500,1500,13.213470923423765,19820.206385135647,5.946061915540693,0.0,filled
2011-01-04,SZ002094,buy,2500,2500,13.693160033226011,34232.900083065026,10.269870024919507,0.0,filled
2011-01-04,SZ002190,buy,1600,1600,23.121889913558956,36995.02386169433,11.098507158508298,0.0,filled
2011-01-04,SZ002236,buy,2500,2500,10.328200420379638,25820.501050949093,7.746150315284727,0.0,filled
2011-01-04,SZ002310,buy,16900,16900,22.683234533309935,383346.6636129379,115.00399908388137,0.0,filled
2011-02-01,SH600607,sell,21000,0,,0.0,0.0,0.0,missing_open
2011-02-01,SH600086,sell,15600,15600,22.00770582962036,343320.2109420776,102.99606328262328,343.3202109420776,filled
2011-02-01,SH600113,sell,57200,57200,5.95308017206192,340516.18584194186,102.15485575258255,340.5161858419419,filled
2011-02-01,SH600375,sell,200,200,21.518975383758544,4303.795076751709,5.0,4.303795076751709,filled
2011-02-01,SH600403,sell,24400,24400,14.35937121963501,350368.65775909426,105.11059732772827,350.3686577590943,filled
2011-02-01,SH600406,sell,900,900,16.318685045242308,14686.816540718077,5.0,14.686816540718077,filled
2011-02-01,SH600770,sell,500,500,13.722148781776427,6861.074390888214,5.0,6.861074390888215,filled
2011-02-01,SH600778,sell,31100,31100,11.81675703907013,367501.14391508105,110.2503431745243,367.50114391508106,filled
2011-02-01,SH600873,sell,36700,36700,11.892804153442382,436465.9124313354,130.93977372940063,436.4659124313354,filled
2011-02-01,SH601002,sell,14500,14500,26.346410877227783,382022.95771980286,114.60688731594085,382.0229577198029,filled
2011-02-01,SZ000598,sell,400,400,4.313097822189331,1725.2391288757324,5.0,1.7252391288757325,filled
2011-02-01,SZ002094,sell,3600,3600,14.59987125492096,52559.53651771545,15.767860955314635,52.55953651771545,filled
2011-02-01,SH600111,buy,1700,1700,19.924222173690794,33871.177695274346,10.161353308582303,0.0,filled
2011-02-01,SH600238,buy,100,100,10.12921967124939,1012.921967124939,5.0,0.0,filled
2011-02-01,SH600259,buy,800,800,54.26040202713012,43408.3216217041,13.022496486511228,0.0,filled
2011-02-01,SH600335,buy,2400,2400,13.629282055854796,32710.27693405151,9.813083080215453,0.0,filled
2011-02-01,SH600458,buy,300,300,24.242439886093138,7272.731965827941,5.0,0.0,filled
2011-02-01,SH600461,buy,30200,30200,11.89764320373535,359308.8247528076,107.79264742584228,0.0,filled
2011-02-01,SH600468,buy,200,200,27.53536422538757,5507.072845077514,5.0,0.0,filled
2011-02-01,SH600549,buy,900,900,39.616450653076164,35654.80558776855,10.696441676330563,0.0,filled
2011-02-01,SH600559,buy,800,800,32.17647340011597,25741.178720092772,7.7223536160278305,0.0,filled
2011-02-01,SH600815,buy,26000,26000,13.783305554389953,358365.9444141388,107.50978332424162,0.0,filled
2011-02-01,SH601989,buy,41400,41400,8.683319114685057,359489.41134796134,107.84682340438839,0.0,filled
2011-02-01,SZ000581,buy,14300,14300,24.972951772689818,357113.2103494644,107.13396310483931,0.0,filled
2011-02-01,SZ000596,buy,300,300,34.350665378570554,10305.199613571167,5.0,0.0,filled
2011-02-01,SZ000650,buy,3500,3500,8.542364473342895,29898.27565670013,8.969482697010038,0.0,filled
2011-02-01,SZ002008,buy,1000,1000,12.579846140861509,12579.84614086151,5.0,0.0,filled
2011-02-01,SZ002056,buy,1600,1600,31.338848434448238,50142.15749511718,15.042647248535152,0.0,filled
2011-02-01,SZ002057,buy,2200,2200,11.464854012489317,25222.6788274765,7.566803648242949,0.0,filled
2011-02-01,SZ002081,buy,700,700,12.145069414138792,8501.548589897155,5.0,0.0,filled
2011-02-01,SZ002106,buy,1300,1300,36.77722281265258,47810.38965644836,14.343116896934506,0.0,filled
2011-02-01,SZ002118,buy,24300,24300,14.776933917045591,359079.49418420787,107.72384825526235,0.0,filled
2011-02-01,SZ002190,buy,300,300,21.25128109169006,6375.3843275070185,5.0,0.0,filled
2011-02-01,SZ002236,buy,5600,5600,8.383015105247496,46944.884589385976,14.083465376815791,0.0,filled
2011-02-01,SZ002241,buy,4100,4100,12.031863899230956,49330.64198684692,14.799192596054073,0.0,filled
2011-02-01,SZ002310,buy,3800,3800,17.365614868164062,65989.33649902344,19.79680094970703,0.0,filled
2011-03-01,SZ000650,sell,42000,0,,0.0,0.0,0.0,missing_open
2011-03-01,SH600607,sell,21000,0,,0.0,0.0,0.0,missing_open
2011-03-01,SH600111,sell,1500,1500,23.769871267318724,35654.80690097809,10.696442070293426,35.65480690097809,filled
2011-03-01,SH600238,sell,35500,35500,10.448998892784118,370939.4606938362,111.28183820815086,370.9394606938362,filled
2011-03-01,SH600259,sell,1000,1000,69.78399746704102,69783.99746704102,20.935199240112304,69.78399746704102,filled
2011-03-01,SH600335,sell,26300,26300,13.921492238044738,366135.24586057663,109.84057375817298,366.1352458605766,filled
2011-03-01,SH600375,sell,700,700,24.632475969314577,17242.733178520204,5.17281995355606,17.242733178520204,filled
2011-03-01,SH600461,sell,30200,30200,11.945009433746337,360739.28489913937,108.2217854697418,360.73928489913936,filled
2011-03-01,SH600468,sell,200,200,30.628627212524414,6125.725442504883,5.0,6.1257254425048835,filled
2011-03-01,SH600549,sell,600,600,46.54219448089599,27925.316688537598,8.377595006561279,27.9253166885376,filled
2011-03-01,SH600559,sell,11100,11100,33.31619116973877,369809.72198410035,110.9429165952301,369.80972198410035,filled
2011-03-01,SH600815,sell,2100,2100,16.457618391036988,34560.99862117768,10.368299586353302,34.56099862117768,filled
2011-03-01,SZ000581,sell,1100,1100,29.7686920337677,32745.56123714447,9.82366837114334,32.74556123714447,filled
2011-03-01,SZ000598,sell,83200,83200,4.661454885005951,387833.0464324951,116.34991392974852,387.8330464324951,filled
2011-03-01,SZ002008,sell,2500,2500,15.096560729026795,37741.401822566986,11.322420546770095,37.741401822566985,filled
2011-03-01,SZ002056,sell,1500,1500,39.48523643875122,59227.85465812683,17.768356397438048,59.22785465812683,filled
2011-03-01,SZ002057,sell,1300,1300,13.119356715202331,17055.16372976303,5.1165491189289085,17.05516372976303,filled
2011-03-01,SZ002118,sell,24300,24300,16.136467695236206,392116.1649942398,117.63484949827193,392.1161649942398,filled
2011-03-01,SZ002190,sell,1500,1500,25.504525943756104,38256.788915634155,11.477036674690245,38.256788915634154,filled
2011-03-01,SZ002241,sell,100,100,13.253770354270936,1325.3770354270935,5.0,1.3253770354270935,filled
2011-03-01,SH600160,buy,33400,33400,11.78795931148529,393717.84100360866,118.11535230108258,0.0,filled
2011-03-01,SH600403,buy,24700,24700,15.935468537330626,393606.07287206646,118.08182186161993,0.0,filled
2011-03-01,SH600406,buy,700,700,17.40591735267639,12184.142146873473,5.0,0.0,filled
2011-03-01,SH600458,buy,700,700,25.332651781082152,17732.856246757507,5.319856874027251,0.0,filled
2011-03-01,SH600703,buy,28200,28200,13.970942459106444,393980.57734680176,118.19417320404051,0.0,filled
2011-03-01,SH601002,buy,2200,2200,24.8315809135437,54629.47800979614,16.38884340293884,0.0,filled
2011-03-01,SH601989,buy,4900,4900,8.519727379798889,41746.66416101455,12.523999248304365,0.0,filled
2011-03-01,SZ000596,buy,200,200,37.07037379455566,7414.0747589111315,5.0,0.0,filled
2011-03-01,SZ002081,buy,1200,1200,12.78917314815521,15347.007777786253,5.0,0.0,filled
2011-03-01,SZ002094,buy,1100,1100,15.397080307006835,16936.78833770752,5.081036501312256,0.0,filled
2011-03-01,SZ002236,buy,1100,1100,8.972436793327331,9869.680472660064,5.0,0.0,filled
2011-03-01,SZ002283,buy,22900,22900,17.169541915893554,393182.5098739624,117.9547529621887,0.0,filled
2011-03-01,SZ002310,buy,400,400,18.645459794998168,7458.183917999267,5.0,0.0,filled
2011-03-01,SZ002344,buy,32400,32400,12.158926794052123,393949.2281272888,118.18476843818664,0.0,filled
2011-03-01,SZ002353,buy,24200,24200,16.295969478607176,394362.46138229367,118.3087384146881,0.0,filled
2011-03-01,SZ300024,buy,28700,12600,13.738974539756773,173111.07920093535,51.9333237602806,0.0,partial_volume_or_cash
2011-04-01,SH600607,sell,21000,0,,0.0,0.0,0.0,missing_open
2011-04-01,SH601989,sell,46300,0,,0.0,0.0,0.0,missing_open
2011-04-01,SH600111,sell,3700,3700,29.219860158920287,108113.48258800506,32.434044776401514,108.11348258800507,filled
2011-04-01,SH600160,sell,33400,33400,13.439414640426635,448876.4489902496,134.66293469707486,448.8764489902496,filled
2011-04-01,SH600259,sell,700,700,74.93648600006104,52455.54020004273,15.736662060012817,52.455540200042726,filled
2011-04-01,SH600403,sell,200,200,15.254376997947693,3050.8753995895386,5.0,3.050875399589539,filled
2011-04-01,SH600458,sell,15500,15500,22.06343236541748,341983.20166397095,102.59496049919127,341.98320166397093,filled
2011-04-01,SH600468,sell,300,300,29.833614229202272,8950.084268760682,5.0,8.950084268760682,filled
2011-04-01,SH600549,sell,8400,8400,50.553739070892334,424651.4081954956,127.39542245864867,424.6514081954956,filled
2011-04-01,SH600703,sell,28200,28200,12.672300175666809,357358.864953804,107.2076594861412,357.358864953804,filled
2011-04-01,SH600770,sell,26100,26100,15.004135394096375,391607.9337859154,117.4823801357746,391.6079337859154,filled
2011-04-01,SZ000596,sell,10600,10600,35.332022289276125,374519.4362663269,112.35583087989806,374.5194362663269,filled
2011-04-01,SZ000650,sell,42000,42000,8.171291544914245,343194.2448863983,102.95827346591949,343.19424488639834,filled
2011-04-01,SZ002057,sell,30000,30000,12.15787009048462,364736.1027145386,109.42083081436157,364.73610271453856,filled
2011-04-01,SZ002094,sell,25600,25600,15.267980895996093,390860.3109375,117.25809328124998,390.8603109375,filled
2011-04-01,SZ002236,sell,1300,1300,8.78758652114868,11423.862477493285,5.0,11.423862477493286,filled
2011-04-01,SZ002353,sell,24200,24200,16.374920333862306,396273.0720794678,118.88192162384034,396.27307207946785,filled
2011-04-01,SZ300024,sell,12600,12600,11.973618681907654,150867.59539203643,45.26027861761092,150.86759539203643,filled
2011-04-01,SH600343,buy,33200,33200,11.296278164863585,375036.43507347105,112.5109305220413,0.0,filled
2011-04-01,SH600375,buy,700,700,22.586817106246947,15810.771974372863,5.0,0.0,filled
2011-04-01,SH600406,buy,1500,1500,15.56083814716339,23341.257220745083,7.002377166223524,0.0,filled
2011-04-01,SH600503,buy,41500,41500,9.043430567741392,375302.3685612678,112.59071056838033,0.0,filled
2011-04-01,SH600636,buy,17000,17000,22.07464582443237,375268.9790153503,112.58069370460508,0.0,filled
2011-04-01,SH600801,buy,24900,24900,15.059356789588927,374977.98406076425,112.49339521822927,0.0,filled
2011-04-01,SH600815,buy,300,300,15.491541701316832,4647.462510395049,5.0,0.0,filled
2011-04-01,SH601002,buy,1500,1500,21.640851409912106,32461.277114868157,9.738383134460447,0.0,filled
2011-04-01,SZ000039,buy,17000,17000,22.02861939048767,374486.5296382904,112.34595889148711,0.0,filled
2011-04-01,SZ000581,buy,1700,1700,25.165500238418577,42781.35040531158,12.834405121593473,0.0,filled
2011-04-01,SZ000610,buy,27300,27300,13.741380202293394,375139.67952260963,112.54190385678288,0.0,filled
2011-04-01,SZ000680,buy,26000,26000,14.394837381362914,374265.77191543573,112.27973157463072,0.0,filled
2011-04-01,SZ000789,buy,23300,23300,16.090711095809933,374913.5685323714,112.47407055971142,0.0,filled
2011-04-01,SZ002008,buy,1900,1900,13.420917313575742,25499.742895793912,7.649922868738173,0.0,filled
2011-04-01,SZ002056,buy,200,200,36.813937805175776,7362.787561035155,5.0,0.0,filled
2011-04-01,SZ002081,buy,200,200,12.073422674179076,2414.684534835815,5.0,0.0,filled
2011-04-01,SZ002106,buy,1900,1900,32.33142097854614,61429.69985923767,18.4289099577713,0.0,filled
2011-04-01,SZ002118,buy,25200,25200,14.871940403938291,374772.89817924495,112.43186945377347,0.0,filled
2011-04-01,SZ002190,buy,400,400,23.675413770675657,9470.165508270264,5.0,0.0,filled
2011-04-01,SZ002241,buy,800,800,12.274979009628295,9819.983207702635,5.0,0.0,filled
2011-04-01,SZ002283,buy,500,500,16.010979611396788,8005.489805698394,5.0,0.0,filled
2011-04-01,SZ002304,buy,4600,4600,80.09080638885497,368417.70938873285,110.52531281661985,0.0,filled
2011-04-01,SZ002310,buy,1100,1100,16.867404066085815,18554.144472694396,5.566243341808319,0.0,filled
2011-04-01,SZ002344,buy,3100,3100,10.544854197502135,32689.04801225662,9.806714403676985,0.0,filled
2011-05-03,SH600607,sell,21000,0,,0.0,0.0,0.0,missing_open
2011-05-03,SH600343,sell,33200,33200,9.64938426876068,320359.5577228546,96.10786731685637,320.3595577228546,filled
2011-05-03,SH600375,sell,16600,16600,20.35850447845459,337951.1743423462,101.38535230270385,337.95117434234623,filled
2011-05-03,SH600403,sell,1600,1600,16.088517265319823,25741.627624511715,7.722488287353514,25.741627624511715,filled
2011-05-03,SH600406,sell,24100,24100,16.942804716110228,408321.59365825646,122.49647809747692,408.32159365825646,filled
2011-05-03,SH600468,sell,12500,12500,29.410341407775878,367629.2675971985,110.28878027915954,367.6292675971985,filled
2011-05-03,SH600503,sell,41500,41500,11.234754289627075,466242.3030195236,139.87269090585707,466.2423030195236,filled
2011-05-03,SH600636,sell,4100,4100,28.62566544342041,117365.22831802368,35.209568495407105,117.36522831802368,filled
2011-05-03,SH600801,sell,300,300,15.012248763084411,4503.674628925323,5.0,4.5036746289253236,filled
2011-05-03,SH600815,sell,24200,24200,14.917477829933166,361002.9634843826,108.30088904531478,361.00296348438263,filled
2011-05-03,SH601989,sell,46300,46300,7.435207191467285,344250.0929649353,103.27502788948058,344.2500929649353,filled
2011-05-03,SZ000581,sell,14900,14900,24.85964458465576,370408.70431137085,111.12261129341124,370.40870431137085,filled
2011-05-03,SZ000610,sell,27300,27300,12.64165591621399,345117.2065126419,103.53516195379257,345.1172065126419,filled
2011-05-03,SZ000680,sell,26000,26000,13.979701563835144,363472.24065971375,109.04167219791411,363.47224065971375,filled
2011-05-03,SZ002008,sell,27900,27900,11.765522581100464,328258.08001270297,98.47742400381088,328.258080012703,filled
2011-05-03,SZ002056,sell,10100,10100,30.869295879364014,311779.8883815765,93.53396651447295,311.77988838157654,filled
2011-05-03,SZ002081,sell,31000,31000,11.4686148147583,355527.0592575073,106.65811777725219,355.52705925750735,filled
2011-05-03,SZ002106,sell,11600,11600,32.50936254501343,377108.6055221558,113.13258165664674,377.1086055221558,filled
2011-05-03,SZ002118,sell,3200,3200,16.735304065704344,53552.9730102539,16.06589190307617,53.55297301025391,filled
2011-05-03,SZ002236,sell,42600,42600,10.332852719306945,440179.5258424759,132.05385775274274,440.17952584247587,filled
2011-05-03,SZ002241,sell,30500,30500,11.44472629737854,349064.1520700455,104.71924562101363,349.06415207004545,filled
2011-05-03,SZ002283,sell,23400,23400,14.239236004829406,333198.12251300813,99.95943675390242,333.1981225130081,filled
2011-05-03,SZ002304,sell,4600,4600,90.82641817474365,417801.52360382077,125.34045708114621,417.8015236038208,filled
2011-05-03,SZ002310,sell,22200,22200,14.727270964622498,326945.41541461943,98.08362462438582,326.94541541461945,filled
2011-05-03,SZ002344,sell,2300,2300,11.105644446372986,25542.98222665787,7.66289466799736,25.54298222665787,filled
2011-05-03,SH600031,buy,21800,21800,16.959968614578244,369727.3157978057,110.91819473934171,0.0,filled
2011-05-03,SH600086,buy,14900,14900,24.785735858917235,369307.4642978668,110.79223928936003,0.0,filled
2011-05-03,SH600111,buy,300,300,28.130792432785032,8439.23772983551,5.0,0.0,filled
2011-05-03,SH600160,buy,22300,22300,16.5278906211853,368571.9608524322,110.57158825572965,0.0,filled
2011-05-03,SH600199,buy,21500,21500,17.196179855346678,369717.86688995356,110.91536006698605,0.0,filled
2011-05-03,SH600252,buy,22500,22500,16.43950161552429,369888.7863492965,110.96663590478894,0.0,filled
2011-05-03,SH600259,buy,900,900,63.374243091583246,57036.81878242492,17.111045634727475,0.0,filled
2011-05-03,SH600502,buy,51300,51300,7.210462250232696,369896.7134369373,110.96901403108119,0.0,filled
2011-05-03,SH600644,buy,24600,24600,15.038880019187925,369956.44847202295,110.98693454160687,0.0,filled
2011-05-03,SH600673,buy,20000,20000,18.50175582504272,370035.11650085443,111.01053495025631,0.0,filled
2011-05-03,SH601002,buy,2600,2600,18.5731906375885,48290.2956577301,14.48708869731903,0.0,filled
2011-05-03,SZ000039,buy,500,500,21.074631000518796,10537.315500259398,5.0,0.0,filled
2011-05-03,SZ000049,buy,23500,23500,15.739181748390196,369870.7710871696,110.96123132615087,0.0,filled
2011-05-03,SZ000758,buy,15600,15600,23.687873575210567,369530.82777328487,110.85924833198546,0.0,filled
2011-05-03,SZ000789,buy,100,100,15.785268323898313,1578.5268323898313,5.0,0.0,filled
2011-05-03,SZ000790,buy,27100,27100,13.633308676719665,369462.6651391029,110.83879954173086,0.0,filled
2011-05-03,SZ000795,buy,20000,20000,18.50633803939819,370126.7607879638,111.03802823638914,0.0,filled
2011-05-03,SZ000876,buy,21800,21800,16.920916692733762,368875.983901596,110.66279517047879,0.0,filled
2011-05-03,SZ000962,buy,16900,16900,21.831654815673826,368954.96638488764,110.68648991546628,0.0,filled
2011-05-03,SZ002006,buy,17700,17700,20.805437362670897,368256.2413192749,110.47687239578245,0.0,filled
2011-05-03,SZ002077,buy,30500,30500,12.098495978355407,369004.12733983994,110.70123820195197,0.0,filled
2011-05-03,SZ002155,buy,19500,19500,18.92032583236694,368946.35373115534,110.68390611934659,0.0,filled
2011-05-03,SZ002163,buy,40700,40700,9.089280395507812,369933.71209716797,110.98011362915038,0.0,filled
2011-05-03,SZ002176,buy,30100,30100,12.265813626289367,369200.99015130993,110.76029704539297,0.0,filled
2011-05-03,SZ002190,buy,1600,1600,21.260603988647457,34016.96638183593,10.20508991455078,0.0,filled
2011-06-01,SH600607,sell,21000,0,,0.0,0.0,0.0,missing_open
2011-06-01,SH600111,sell,3100,3100,34.20637903976441,106039.77502326966,31.811932506980895,106.03977502326966,filled
2011-06-01,SH600199,sell,21500,21500,15.376368112564087,330591.91442012787,99.17757432603835,330.59191442012786,filled
2011-06-01,SH600252,sell,900,900,15.855638042449952,14270.074238204958,5.0,14.270074238204957,filled
2011-06-01,SH600259,sell,300,300,61.634851913452145,18490.455574035645,5.5471366722106925,18.490455574035646,filled
2011-06-01,SH600502,sell,5900,5900,7.544130313396454,44510.36884903908,13.353110654711722,44.510368849039075,filled
2011-06-01,SH600636,sell,1200,1200,29.215873975753784,35059.04877090454,10.517714631271362,35.05904877090454,filled
2011-06-01,SZ000049,sell,23500,23500,13.769171261787415,323575.52465200424,97.07265739560127,323.5755246520043,filled
2011-06-01,SZ000758,sell,2700,2700,26.588872564315796,71789.95592365265,21.536986777095795,71.78995592365266,filled
2011-06-01,SZ000790,sell,500,500,12.876418667793274,6438.209333896637,5.0,6.438209333896637,filled
2011-06-01,SZ000876,sell,2500,2500,17.748436723709105,44371.09180927276,13.311327542781827,44.37109180927276,filled
2011-06-01,SZ000962,sell,16900,16900,20.373692750930786,344315.4074907303,103.29462224721908,344.3154074907303,filled
2011-06-01,SZ002006,sell,200,200,19.520891544342042,3904.1783088684083,5.0,3.9041783088684086,filled
2011-06-01,SZ002077,sell,30500,30500,11.110906322479249,338882.64283561707,101.66479285068512,338.88264283561705,filled
2011-06-01,SZ002118,sell,1000,1000,16.293731386184692,16293.731386184692,5.0,16.293731386184692,filled
2011-06-01,SZ002155,sell,19500,19500,16.625072381973265,324188.91144847864,97.25667343454359,324.1889114484786,filled
2011-06-01,SZ002163,sell,40700,40700,7.049391058444977,286910.21607871057,86.07306482361317,286.91021607871056,filled
2011-06-01,SZ002344,sell,33200,33200,10.102502017021179,335403.06696510315,100.62092008953094,335.40306696510316,filled
2011-06-01,SH600031,buy,300,300,15.527513993263243,4658.254197978973,5.0,0.0,filled
2011-06-01,SH600086,buy,3500,3500,18.59861810874939,65095.16338062286,19.528549014186854,0.0,filled
2011-06-01,SH600160,buy,1000,1000,14.750160420417783,14750.160420417784,5.0,0.0,filled
2011-06-01,SH600172,buy,37400,37400,9.190701027870178,343732.21844234463,103.11966553270338,0.0,filled
2011-06-01,SH600531,buy,13900,13900,24.562979145050047,341425.4101161957,102.4276230348587,0.0,filled
2011-06-01,SH600587,buy,24000,24000,14.315753134727476,343578.0752334594,103.07342257003782,0.0,filled
2011-06-01,SH600644,buy,300,300,13.78046362686157,4134.139088058471,5.0,0.0,filled
2011-06-01,SH600673,buy,2600,2600,15.15332273197174,39398.63910312652,11.819591730937956,0.0,filled
2011-06-01,SH600801,buy,600,600,13.615490545272825,8169.294327163695,5.0,0.0,filled
2011-06-01,SZ000039,buy,500,500,19.08522063446045,9542.610317230225,5.0,0.0,filled
2011-06-01,SZ000157,buy,34900,34900,9.842079981803893,343488.5913649559,103.04657740948676,0.0,filled
2011-06-01,SZ000666,buy,29300,29300,11.712360411643981,343172.16006116866,102.95164801835058,0.0,filled
2011-06-01,SZ000789,buy,3300,3300,12.850916577339172,42408.024705219264,12.722407411565777,0.0,filled
2011-06-01,SZ000795,buy,1000,1000,16.366615768432617,16366.615768432617,5.0,0.0,filled
2011-06-01,SZ002167,buy,19800,19800,17.313469268798826,342806.6915222168,102.84200745666503,0.0,filled
2011-06-01,SZ002176,buy,4600,4600,9.887763704299926,45483.713039779665,13.645113911933898,0.0,filled
2011-06-01,SZ002190,buy,600,600,19.049542367935178,11429.725420761108,5.0,0.0,filled
2011-06-01,SZ002204,buy,24100,24100,14.219804430007933,342697.28676319116,102.80918602895734,0.0,filled
2011-07-01,SH600607,sell,21000,0,,0.0,0.0,0.0,missing_open
2011-07-01,SH600160,sell,1700,1700,17.26407354927063,29348.92503376007,8.804677510128021,29.34892503376007,filled
2011-07-01,SH600252,sell,800,800,17.92806076812744,14342.448614501953,5.0,14.342448614501953,filled
2011-07-01,SH600259,sell,400,400,71.94800713348388,28779.20285339355,8.633760856018064,28.779202853393553,filled
2011-07-01,SH600403,sell,22900,22900,14.573911522865295,333742.57387361524,100.12277216208456,333.74257387361524,filled
2011-07-01,SH600502,sell,9700,9700,10.455142988204956,101414.88698558808,30.42446609567642,101.41488698558808,filled
2011-07-01,SH600673,sell,22600,22600,15.777933194160461,356581.29018802644,106.97438705640792,356.58129018802646,filled
2011-07-01,SH600801,sell,1000,1000,15.40467534828186,15404.67534828186,5.0,15.404675348281861,filled
2011-07-01,SZ000666,sell,1300,1300,13.34488093471527,17348.34521512985,5.204503564538955,17.348345215129854,filled
2011-07-01,SZ000789,sell,4600,4600,16.911168674468993,77791.37590255737,23.33741277076721,77.79137590255736,filled
2011-07-01,SZ000790,sell,800,800,14.461641969680786,11569.313575744629,5.0,11.56931357574463,filled
2011-07-01,SZ002118,sell,600,600,18.27156229019165,10962.93737411499,5.0,10.96293737411499,filled
2011-07-01,SZ002167,sell,19800,19800,19.828174438476562,392597.85388183594,117.77935616455078,392.59785388183593,filled
2011-07-01,SZ002176,sell,3300,3300,11.884122010231017,39217.602633762355,11.765280790128706,39.217602633762354,filled
2011-07-01,SZ002190,sell,2600,2600,24.24841141319275,63045.869674301146,18.913760902290342,63.045869674301144,filled
2011-07-01,SH600031,buy,200,200,16.747476060867307,3349.4952121734614,5.0,0.0,filled
2011-07-01,SH600086,buy,600,600,19.710839906692502,11826.503944015501,5.0,0.0,filled
2011-07-01,SH600111,buy,700,700,34.969577434539794,24478.704204177855,7.343611261253356,0.0,filled
2011-07-01,SH600113,buy,47000,47000,7.970569036483764,374616.7447147369,112.38502341442106,0.0,filled
2011-07-01,SH600172,buy,3200,3200,9.212739569664,29480.766622924803,8.84422998687744,0.0,filled
2011-07-01,SH600176,buy,19200,19200,19.428760700225826,373032.2054443359,111.90966163330076,0.0,filled
2011-07-01,SH600531,buy,1300,1300,24.621073986053464,32007.396181869502,9.60221885456085,0.0,filled
2011-07-01,SH600587,buy,2200,2200,14.297031925201415,31453.470235443114,9.436041070632934,0.0,filled
2011-07-01,SH600644,buy,1300,1300,14.266884773254393,18546.95020523071,5.564085061569212,0.0,filled
2011-07-01,SH600684,buy,101900,101900,3.673824964761734,374362.7639092207,112.3088291727662,0.0,filled
2011-07-01,SH601002,buy,300,300,18.49095898246765,5547.287694740295,5.0,0.0,filled
2011-07-01,SZ000039,buy,300,300,20.438529912948606,6131.558973884582,5.0,0.0,filled
2011-07-01,SZ000157,buy,200,200,10.660574202537536,2132.1148405075073,5.0,0.0,filled
2011-07-01,SZ000758,buy,1700,1700,25.492962459564207,43338.03618125915,13.001410854377744,0.0,filled
2011-07-01,SZ000795,buy,1600,1600,16.517397350311278,26427.835760498045,7.928350728149413,0.0,filled
2011-07-01,SZ002006,buy,2000,2000,19.194903572082517,38389.80714416503,11.516942143249508,0.0,filled
2011-07-01,SZ002204,buy,2200,2200,14.20249416065216,31245.48715343475,9.373646146030424,0.0,filled
2011-08-01,SH600607,sell,21000,0,,0.0,0.0,0.0,missing_open
2011-08-01,SH600086,sell,800,800,20.69071435546875,16552.571484375,5.0,16.552571484375,filled
2011-08-01,SH600172,sell,40600,40600,10.402464205741882,422340.04675312043,126.70201402593612,422.3400467531204,filled
2011-08-01,SH600176,sell,300,300,19.890190835952758,5967.057250785828,5.0,5.967057250785828,filled
2011-08-01,SH600252,sell,2500,2500,20.538429582595825,51346.07395648956,15.403822186946867,51.34607395648956,filled
2011-08-01,SH600531,sell,800,800,26.058386278152465,20846.709022521973,6.254012706756591,20.846709022521974,filled
2011-08-01,SH600587,sell,900,900,14.882716864585877,13394.44517812729,5.0,13.39444517812729,filled
2011-08-01,SH600644,sell,26200,26200,14.967855792045594,392157.82175159454,117.64734652547835,392.15782175159455,filled
2011-08-01,SH600684,sell,101900,101900,3.548289417743683,361570.6916680813,108.47120750042437,361.5706916680813,filled
2011-08-01,SZ000758,sell,400,400,26.372740264892577,10549.09610595703,5.0,10.54909610595703,filled
2011-08-01,SZ000790,sell,25800,25800,15.307309204101562,394928.5774658203,118.47857323974608,394.9285774658203,filled
2011-08-01,SZ000795,sell,22600,22600,18.631850749969484,421079.8269493103,126.32394808479309,421.0798269493103,filled
2011-08-01,SZ000876,sell,19300,19300,18.905813192367553,364882.1946126938,109.46465838380813,364.8821946126938,filled
2011-08-01,SZ002006,sell,1700,1700,21.076409969329834,35829.89694786072,10.748969084358214,35.82989694786072,filled
2011-08-01,SZ002118,sell,3200,3200,21.87713737106323,70006.83958740234,21.0020518762207,70.00683958740234,filled
2011-08-01,SZ002176,sell,31400,31400,13.127340514183045,412198.4921453476,123.65954764360427,412.1984921453476,filled
2011-08-01,SZ002190,sell,15400,15400,21.40670868873596,329663.3138065338,98.89899414196013,329.66331380653384,filled
2011-08-01,SH600031,buy,1600,1600,15.786308868408202,25258.094189453124,7.577428256835937,0.0,filled
2011-08-01,SH600111,buy,800,800,32.585722419738765,26068.57793579101,7.820573380737303,0.0,filled
2011-08-01,SH600113,buy,600,600,7.929125294208526,4757.475176525116,5.0,0.0,filled
2011-08-01,SH600160,buy,1500,1500,16.330213893890377,24495.320840835568,7.34859625225067,0.0,filled
2011-08-01,SH600259,buy,200,200,70.54053995513915,14108.107991027831,5.0,0.0,filled
2011-08-01,SH600502,buy,500,500,10.424656032562254,5212.328016281127,5.0,0.0,filled
2011-08-01,SH600516,buy,31500,31500,11.9748019657135,377206.2619199752,113.16187857599256,0.0,filled
2011-08-01,SH600585,buy,15900,15900,23.679438482284542,376503.07186832424,112.95092156049726,0.0,filled
2011-08-01,SH600636,buy,600,600,30.673447904586787,18404.06874275207,5.521220622825621,0.0,filled
2011-08-01,SH600784,buy,48500,48500,7.772130993366241,376948.35317826265,113.08450595347878,0.0,filled
2011-08-01,SH600801,buy,900,900,15.00302037334442,13502.718336009977,5.0,0.0,filled
2011-08-01,SH601002,buy,4800,4800,15.101768047332762,72488.48662719726,21.746545988159173,0.0,filled
2011-08-01,SZ000039,buy,1300,1300,19.215796560287473,24980.535528373715,7.494160658512114,0.0,filled
2011-08-01,SZ000059,buy,32700,32700,11.540727845191954,377381.8005377769,113.21454016133306,0.0,filled
2011-08-01,SZ000157,buy,800,800,10.506015157699585,8404.812126159668,5.0,0.0,filled
2011-08-01,SZ000666,buy,2600,2600,12.311325515747068,32009.446340942377,9.602833902282713,0.0,filled
2011-08-01,SZ000789,buy,1100,1100,16.214396516799926,17835.83616847992,5.350750850543975,0.0,filled
2011-08-01,SZ000962,buy,17100,17100,22.047939151763913,377019.7594951629,113.10592784854887,0.0,filled
2011-08-01,SZ002155,buy,20900,20900,18.03053999328613,376838.2858596801,113.05148575790402,0.0,filled
2011-08-01,SZ002161,buy,36400,36400,10.35202125263214,376813.57359580987,113.04407207874296,0.0,filled
2011-08-01,SZ002204,buy,2100,2100,13.26203475856781,27850.2729929924,8.355081897897719,0.0,filled
2011-08-01,SZ002246,buy,37800,37800,9.985595890045165,377455.5246437072,113.23665739311215,0.0,filled
2011-09-01,SZ002118,sell,17200,0,,0.0,0.0,0.0,missing_open
2011-09-01,SH600607,sell,21000,0,,0.0,0.0,0.0,missing_open
2011-09-01,SH600031,sell,500,500,14.98917577457428,7494.58788728714,5.0,7.49458788728714,filled
2011-09-01,SH600086,sell,18200,18200,19.48032660484314,354541.94420814514,106.36258326244354,354.54194420814514,filled
2011-09-01,SH600176,sell,18900,18900,15.280419616699218,288799.93075561523,86.63997922668456,288.79993075561526,filled
2011-09-01,SH600252,sell,18300,0,,0.0,0.0,0.0,price_limit
2011-09-01,SH600516,sell,31500,31500,11.716629910469056,369073.84217977524,110.72215265393257,369.0738421797752,filled
2011-09-01,SH600531,sell,14400,14400,26.65056503677368,383768.136529541,115.1304409588623,383.768136529541,filled
2011-09-01,SH600587,sell,25300,25300,14.713857610702515,372260.59755077364,111.67817926523209,372.26059755077364,filled
2011-09-01,SH600784,sell,48500,48500,6.748962512969971,327324.6818790436,98.19740456371306,327.32468187904357,filled
2011-09-01,SH601002,sell,25000,25000,12.367307621955872,309182.6905488968,92.75480716466903,309.1826905488968,filled
2011-09-01,SZ000039,sell,19600,19600,16.895349700927735,331148.8541381836,99.34465624145507,331.1488541381836,filled
2011-09-01,SZ000059,sell,32700,32700,10.287971955299378,336416.68293828965,100.92500488148688,336.4166829382897,filled
2011-09-01,SZ000157,sell,35900,35900,9.768512457847596,350689.5972367287,105.2068791710186,350.68959723672873,filled
2011-09-01,SZ000666,sell,1800,1800,12.147140550613404,21864.852991104126,6.559455897331238,21.864852991104126,filled
2011-09-01,SZ000758,sell,14200,14200,24.658633867263795,350152.6009151459,105.04578027454376,350.1526009151459,filled
2011-09-01,SZ000789,sell,23200,23200,15.264334834098817,354132.56815109256,106.23977044532776,354.1325681510926,filled
2011-09-01,SZ000962,sell,200,200,20.693227632522582,4138.645526504516,5.0,4.138645526504516,filled
2011-09-01,SZ002006,sell,3400,3400,24.35990830993652,82823.68825378417,24.84710647613525,82.82368825378417,filled
2011-09-01,SZ002155,sell,1800,1800,18.307933353424072,32954.28003616333,9.886284010848998,32.954280036163325,filled
2011-09-01,SZ002161,sell,36400,36400,9.965791368484497,362754.8058128357,108.8264417438507,362.7548058128357,filled
2011-09-01,SZ002204,sell,1000,1000,12.782439445495605,12782.439445495605,5.0,12.782439445495605,filled
2011-09-01,SZ002246,sell,37800,37800,9.277632674217225,350694.5150854111,105.20835452562332,350.69451508541107,filled
2011-09-01,SH600111,buy,100,100,30.050066280364987,3005.0066280364986,5.0,0.0,filled
2011-09-01,SH600113,buy,1900,1900,7.100938735485076,13491.783597421643,5.0,0.0,filled
2011-09-01,SH600160,buy,1100,1100,14.48305073547363,15931.355809020994,5.0,0.0,filled
2011-09-01,SH600259,buy,300,300,62.57300854492187,18771.90256347656,5.631570769042968,0.0,filled
2011-09-01,SH600340,buy,48500,48500,7.2425792770385735,351265.0949363708,105.37952848091123,0.0,filled
2011-09-01,SH600403,buy,23200,23200,15.140480121612548,351259.1388214111,105.37774164642333,0.0,filled
2011-09-01,SH600585,buy,800,800,21.022468217849728,16817.974574279782,5.045392372283934,0.0,filled
2011-09-01,SH600636,buy,200,200,28.019083774566646,5603.8167549133295,5.0,0.0,filled
2011-09-01,SH600721,buy,19900,19900,17.594479291915892,350130.13790912624,105.03904137273786,0.0,filled
2011-09-01,SH600801,buy,300,300,13.81311858654022,4143.935575962066,5.0,0.0,filled
2011-09-01,SZ000596,buy,7200,7200,48.18780717849731,346952.2116851806,104.08566350555417,0.0,filled
2011-09-01,SZ000656,buy,25400,25400,13.82832103729248,351239.35434722895,105.37180630416867,0.0,filled
2011-09-01,SZ000795,buy,21000,21000,16.676812587738034,350213.0643424987,105.06391930274961,0.0,filled
2011-09-01,SZ000970,buy,26000,26000,13.51639538669586,351426.28005409235,105.4278840162277,0.0,filled
2011-09-01,SZ002036,buy,21400,21400,16.36470651245117,350204.71936645504,105.0614158099365,0.0,filled
2011-09-01,SZ002044,buy,27300,27300,12.855842457771299,350964.49909715645,105.28934972914692,0.0,filled
2011-09-01,SZ002055,buy,35700,35700,9.846326167106627,351513.8441657066,105.45415324971196,0.0,filled
2011-09-01,SZ002129,buy,17800,17800,19.6995829334259,350652.57621498103,105.1957728644943,0.0,filled
2011-09-01,SZ002167,buy,16400,16400,21.305857173919676,349416.0576522827,104.8248172956848,0.0,filled
2011-09-01,SZ002176,buy,31200,31200,11.259687273979186,351302.2429481506,105.39067288444518,0.0,filled
2011-09-01,SZ002233,buy,28300,28300,12.405218906402586,351067.6950511932,105.32030851535795,0.0,filled
2011-09-01,SZ002408,buy,15100,5300,23.19932933616638,122956.4454816818,36.88693364450454,0.0,partial_volume_or_cash
2011-09-01,SZ300064,buy,33800,200,10.372811141014099,2074.56222820282,5.0,0.0,partial_volume_or_cash
2011-10-10,SZ002118,sell,17200,0,,0.0,0.0,0.0,missing_open
2011-10-10,SH600607,sell,21000,0,,0.0,0.0,0.0,missing_open
2011-10-10,SH600031,sell,800,800,13.35644219970703,10685.153759765624,5.0,10.685153759765624,filled
2011-10-10,SH600111,sell,400,400,26.87256990623474,10749.027962493896,5.0,10.749027962493896,filled
2011-10-10,SH600113,sell,4600,4600,6.728260846138,30949.999892234802,9.28499996767044,30.949999892234803,filled
2011-10-10,SH600252,sell,18300,18300,12.16038241481781,222534.99819116594,66.76049945734978,222.53499819116595,filled
2011-10-10,SH600259,sell,100,100,54.75347266387939,5475.347266387939,5.0,5.4753472663879394,filled
2011-10-10,SH600340,sell,9300,9300,7.69626979637146,71575.30910625459,21.472592731876375,71.5753091062546,filled
2011-10-10,SH600403,sell,800,800,13.484063893318176,10787.25111465454,5.0,10.787251114654541,filled
2011-10-10,SH600721,sell,19900,19900,13.931496757507324,277236.7854743957,83.17103564231871,277.23678547439573,filled
2011-10-10,SZ000666,sell,1200,1200,10.936825206756591,13124.190248107909,5.0,13.12419024810791,filled
2011-10-10,SZ000795,sell,900,900,14.985440156936646,13486.896141242982,5.0,13.486896141242982,filled
2011-10-10,SZ000962,sell,16900,16900,18.721558925628663,316394.34584312444,94.91830375293732,316.3943458431244,filled
2011-10-10,SZ000970,sell,2100,2100,12.628542669296264,26519.939605522155,7.955981881656646,26.519939605522154,filled
2011-10-10,SZ002006,sell,14400,14400,18.69905185317993,269266.346685791,80.7799040057373,269.266346685791,filled
2011-10-10,SZ002044,sell,27300,27300,10.38554960346222,283525.50417451863,85.05765125235558,283.52550417451863,filled
2011-10-10,SZ002055,sell,35700,35700,8.504156893730164,303598.4011061668,91.07952033185003,303.5984011061668,filled
2011-10-10,SZ002155,sell,19100,19100,14.336374448776246,273824.7519716263,82.14742559148789,273.8247519716263,filled
2011-10-10,SZ002167,sell,200,200,18.627401544570922,3725.4803089141847,5.0,3.7254803089141846,filled
2011-10-10,SZ002176,sell,700,700,9.889017328262328,6922.31212978363,5.0,6.92231212978363,filled
2011-10-10,SZ002204,sell,27400,27400,11.800121583938598,323323.3313999176,96.99699941997527,323.3233313999176,filled
2011-10-10,SZ002233,sell,500,500,10.865815126419067,5432.907563209534,5.0,5.432907563209533,filled
2011-10-10,SZ002408,sell,5300,5300,22.096325998306273,117110.52779102325,35.13315833730697,117.11052779102326,filled
2011-10-10,SZ300064,sell,200,200,8.933131748199463,1786.6263496398926,5.0,1.7866263496398926,filled
2011-10-10,SH600160,buy,2700,2700,11.257648188591002,30395.650109195707,9.118695032758712,0.0,filled
2011-10-10,SH600266,buy,35600,35600,8.495414914131164,302436.7709430694,90.73103128292082,0.0,filled
2011-10-10,SH600502,buy,2000,2000,7.9152025222778315,15830.405044555662,5.0,0.0,filled
2011-10-10,SH600585,buy,1900,1900,16.222904161453247,30823.517906761168,9.247055372028349,0.0,filled
2011-10-10,SH600636,buy,600,600,23.042764617919918,13825.65877075195,5.0,0.0,filled
2011-10-10,SH600684,buy,122100,122100,2.480429000854492,302860.3810043335,90.85811430130003,0.0,filled
2011-10-10,SH600801,buy,3500,3500,10.467533148765563,36636.366020679474,10.990909806203842,0.0,filled
2011-10-10,SH600807,buy,30300,30300,9.973306009292601,302191.17208156583,90.65735162446974,0.0,filled
2011-10-10,SZ000596,buy,100,100,41.04685377883911,4104.68537788391,5.0,0.0,filled
2011-10-10,SZ000626,buy,28100,28100,10.761959513664245,302411.06233396527,90.72331870018957,0.0,filled
2011-10-10,SZ000707,buy,34200,34200,8.846045001983642,302534.73906784056,90.76042172035216,0.0,filled
2011-10-10,SZ000876,buy,16400,16400,18.444590791702268,302491.2889839172,90.74738669517515,0.0,filled
2011-10-10,SZ002036,buy,3400,3400,12.192231855392455,41453.58830833435,12.436076492500304,0.0,filled
2011-10-10,SZ002049,buy,33300,33300,9.082907299041747,302460.81305809016,90.73824391742704,0.0,filled
2011-10-10,SZ002129,buy,4300,4300,13.65133491706848,58700.74014339446,17.610222043018336,0.0,filled
2011-10-10,SZ002136,buy,21400,17300,14.091748722076414,243787.25289192196,73.13617586757658,0.0,partial_volume_or_cash
2011-10-10,SZ002475,buy,24700,0,,0.0,0.0,0.0,insufficient_cash
2011-11-01,SH600607,sell,21000,0,,0.0,0.0,0.0,missing_open
2011-11-01,SH600340,sell,39200,0,,0.0,0.0,0.0,missing_open
2011-11-01,SH600031,sell,22600,22600,13.716184750556947,309985.775362587,92.9957326087761,309.985775362587,filled
2011-11-01,SH600111,sell,11200,11200,22.90520297241211,256538.27329101562,76.96148198730468,256.5382732910156,filled
2011-11-01,SH600113,sell,44900,44900,6.021241141319275,270353.72724523547,81.10611817357064,270.35372724523546,filled
2011-11-01,SH600160,sell,26900,26900,11.250916242599487,302649.6469259262,90.79489407777785,302.6496469259262,filled
2011-11-01,SH600259,sell,5500,5500,47.176893161773684,259472.91238975525,77.84187371692657,259.47291238975527,filled
2011-11-01,SH600266,sell,35600,35600,8.848895999908446,315020.6975967407,94.5062092790222,315.02069759674066,filled
2011-11-01,SH600403,sell,22400,22400,13.26065661907196,297038.7082672119,89.11161248016357,297.0387082672119,filled
2011-11-01,SH600502,sell,4800,4800,9.304145936965943,44659.90049743653,13.397970149230957,44.65990049743653,filled
2011-11-01,SH600585,sell,18600,18600,18.711778295516968,348039.0762966156,104.41172288898467,348.0390762966156,filled
2011-11-01,SH600636,sell,200,200,23.963542224884034,4792.708444976806,5.0,4.792708444976807,filled
2011-11-01,SH600684,sell,122100,122100,2.6441534793376924,322851.1398271322,96.85534194813965,322.8511398271322,filled
2011-11-01,SH600801,sell,2400,2400,11.736126385688781,28166.703325653074,8.450010997695921,28.166703325653074,filled
2011-11-01,SH600807,sell,30300,30300,11.964843172073364,362534.7481138229,108.76042443414686,362.5347481138229,filled
2011-11-01,SZ000596,sell,100,100,42.78006453323364,4278.006453323364,5.0,4.278006453323364,filled
2011-11-01,SZ000626,sell,28100,28100,10.908767583847046,306536.369106102,91.96091073183058,306.536369106102,filled
2011-11-01,SZ000656,sell,25400,25400,11.385926284790038,289202.527633667,86.76075829010009,289.202527633667,filled
2011-11-01,SZ000666,sell,27600,27600,11.63755981349945,321196.6508525848,96.35899525577543,321.1966508525848,filled
2011-11-01,SZ000707,sell,34200,34200,10.908591330528258,373073.82350406644,111.92214705121992,373.07382350406647,filled
2011-11-01,SZ000795,sell,800,800,16.085742942810057,12868.594354248045,5.0,12.868594354248046,filled
2011-11-01,SZ000876,sell,16400,16400,18.15946517944336,297815.2289428711,89.34456868286132,297.8152289428711,filled
2011-11-01,SZ002049,sell,33300,33300,10.033868021965027,334127.8051314354,100.2383415394306,334.1278051314354,filled
2011-11-01,SZ002118,sell,17200,17200,14.635027599334716,251722.47470855713,75.51674241256713,251.72247470855714,filled
2011-11-01,SZ002129,sell,22100,22100,14.897531670570373,329235.4499196053,98.77063497588158,329.2354499196053,filled
2011-11-01,SZ002136,sell,600,600,18.54648698043823,11127.892188262938,5.0,11.127892188262939,filled
2011-11-01,SZ002167,sell,16200,16200,17.62669998550415,285552.5397651672,85.66576192955016,285.55253976516724,filled
2011-11-01,SZ002176,sell,30500,30500,10.530406966209412,321177.41246938705,96.3532237408161,321.17741246938704,filled
2011-11-01,SZ002233,sell,27800,27800,11.40251219844818,316989.8391168594,95.09695173505781,316.98983911685946,filled
2011-11-01,SH600242,buy,33800,33800,9.211224575042724,311339.3906364441,93.40181719093322,0.0,filled
2011-11-01,SH600252,buy,22300,22300,13.991909908294677,312019.59095497127,93.60587728649138,0.0,filled
2011-11-01,SH600318,buy,19700,19700,15.800996774673461,311279.6364610672,93.38389093832015,0.0,filled
2011-11-01,SH600366,buy,17000,17000,18.333563737869262,311670.58354377747,93.50117506313323,0.0,filled
2011-11-01,SH600470,buy,29600,29600,10.537359413146971,311905.83862915036,93.5717515887451,0.0,filled
2011-11-01,SH600503,buy,34300,34300,9.07538196659088,311285.6014540672,93.38568043622016,0.0,filled
2011-11-01,SH600714,buy,16300,16300,19.09152690696716,311191.8885835647,93.35756657506941,0.0,filled
2011-11-01,SH600773,buy,20200,20200,15.419244859695432,311468.74616584776,93.44062384975432,0.0,filled
2011-11-01,SZ000703,buy,15600,15600,19.88164576530456,310153.67393875116,93.04610218162534,0.0,filled
2011-11-01,SZ000789,buy,23000,23000,13.561423279762266,311912.7354345321,93.57382063035962,0.0,filled
2011-11-01,SZ000799,buy,14300,14300,21.687085952758785,310125.3291244506,93.03759873733517,0.0,filled
2011-11-01,SZ000970,buy,2100,2100,11.958538923263548,25112.93173885345,7.533879521656035,0.0,filled
2011-11-01,SZ002006,buy,16500,16500,18.803607286453246,310259.5202264786,93.07785606794357,0.0,filled
2011-11-01,SZ002059,buy,32600,32600,9.55898696041107,311622.9749094009,93.48689247282027,0.0,filled
2011-11-01,SZ002204,buy,27300,27300,11.411786242485045,311541.7644198417,93.4625293259525,0.0,filled
2011-11-01,SZ002304,buy,2700,2700,112.54427082824706,303869.53123626707,91.16085937088012,0.0,filled
2011-11-01,SZ002346,buy,41200,41200,7.569705946445464,311871.8849935531,93.56156549806592,0.0,filled
2011-11-01,SZ002458,buy,20700,20700,15.018692501068113,310886.93477210996,93.26608043163299,0.0,filled
2011-11-01,SZ002469,buy,23900,23900,13.019433238029478,311164.4543889045,93.34933631667134,0.0,filled
2011-11-01,SZ002475,buy,24200,24200,12.846768718719481,310891.8029930114,93.26754089790342,0.0,filled
2011-11-01,SZ300058,buy,43800,43800,7.121298086643218,311912.85619497293,93.57385685849187,0.0,filled
2011-11-01,SZ300064,buy,35000,35000,8.893933915138243,311287.6870298385,93.38630610895154,0.0,filled
2011-12-01,SH600607,sell,21000,0,,0.0,0.0,0.0,missing_open
2011-12-01,SH600242,sell,200,200,9.016102283477784,1803.2204566955568,5.0,1.8032204566955568,filled
2011-12-01,SH600252,sell,22300,22300,12.380370374679565,276082.2593553543,82.82467780660629,276.0822593553543,filled
2011-12-01,SH600340,sell,39200,39200,8.020888395309449,314418.8250961304,94.3256475288391,314.4188250961304,filled
2011-12-01,SH600366,sell,17000,17000,17.33414234161377,294680.4198074341,88.40412594223022,294.6804198074341,filled
2011-12-01,SH600470,sell,29600,29600,9.501218107223512,281236.05597381596,84.37081679214478,281.23605597381595,filled
2011-12-01,SH600502,sell,1400,1400,9.481713057518006,13274.398280525207,5.0,13.274398280525208,filled
2011-12-01,SH600773,sell,20200,20200,13.254567781448364,267742.26918525697,80.32268075557708,267.742269185257,filled
2011-12-01,SZ000596,sell,7200,7200,46.03666566467285,331463.99278564454,99.43919783569335,331.46399278564456,filled
2011-12-01,SZ000795,sell,19300,19300,15.525306930541992,299638.42375946045,89.89152712783813,299.63842375946047,filled
2011-12-01,SZ000799,sell,3800,3800,28.71208673286438,109105.92958488464,32.73177887546539,109.10592958488463,filled
2011-12-01,SZ000970,sell,26000,26000,11.39151113319397,296179.2894630432,88.85378683891295,296.17928946304323,filled
2011-12-01,SZ002036,sell,24800,24800,13.141917140007019,325919.54507217405,97.77586352165221,325.91954507217406,filled
2011-12-01,SZ002059,sell,4100,4100,10.623089535713195,43554.6670964241,13.066400128927228,43.5546670964241,filled
2011-12-01,SZ002204,sell,2900,2900,12.411985456466676,35994.75782375336,10.798427347126006,35.99475782375336,filled
2011-12-01,SZ002304,sell,100,100,113.55183895111084,11355.183895111084,5.0,11.355183895111084,filled
2011-12-01,SZ002346,sell,41200,41200,6.960455539226532,286770.7682161331,86.03123046483992,286.77076821613315,filled
2011-12-01,SZ002458,sell,1600,1600,15.84734079837799,25355.745277404785,7.606723583221435,25.355745277404786,filled
2011-12-01,SZ002469,sell,23900,23900,12.098086870193482,289144.2761976242,86.74328285928726,289.1442761976242,filled
2011-12-01,SZ002475,sell,300,300,12.669108561515808,3800.7325684547422,5.0,3.8007325684547424,filled
2011-12-01,SZ300058,sell,5200,5200,7.862650071144104,40885.780369949345,12.265734110984802,40.885780369949345,filled
2011-12-01,SZ300064,sell,35000,35000,8.2466822347641,288633.87821674347,86.59016346502304,288.6338782167435,filled
2011-12-01,SH600318,buy,3700,3700,13.004509538650511,48116.68529300689,14.435005587902067,0.0,filled
2011-12-01,SH600503,buy,900,900,8.627937326431274,7765.143593788147,5.0,0.0,filled
2011-12-01,SH600585,buy,19000,19000,15.950068617820738,303051.30373859406,90.91539112157821,0.0,filled
2011-12-01,SH600612,buy,11400,11400,26.568205787658687,302877.545979309,90.8632637937927,0.0,filled
2011-12-01,SH600636,buy,100,100,23.31232674217224,2331.232674217224,5.0,0.0,filled
2011-12-01,SH600714,buy,400,400,18.120454494476316,7248.181797790527,5.0,0.0,filled
2011-12-01,SH600745,buy,36400,36400,8.362270084381102,304386.6310714721,91.31598932144162,0.0,filled
2011-12-01,SH600801,buy,5200,5200,9.578875679969787,49810.153535842896,14.943046060752867,0.0,filled
2011-12-01,SH600883,buy,29900,29900,10.181224940299987,304418.62571496965,91.32558771449088,0.0,filled
2011-12-01,SZ000666,buy,26700,26700,11.375975282669065,303738.5400472641,91.12156201417922,0.0,filled
2011-12-01,SZ000703,buy,800,800,18.554852233886717,14843.881787109372,5.0,0.0,filled
2011-12-01,SZ000707,buy,30200,30200,10.074886064529418,304261.5591487884,91.27846774463652,0.0,filled
2011-12-01,SZ000731,buy,41800,41800,7.275684821128844,304123.6255231857,91.23708765695571,0.0,filled
2011-12-01,SZ000789,buy,3000,3000,11.689141949653624,35067.42584896088,10.520227754688262,0.0,filled
2011-12-01,SZ000812,buy,58200,58200,5.226779652118682,304198.5757533073,91.25957272599219,0.0,filled
2011-12-01,SZ000876,buy,15700,15700,19.364991550445556,304030.36734199524,91.20911020259857,0.0,filled
2011-12-01,SZ000885,buy,42700,42700,7.128211979866027,304374.65154027933,91.31239546208378,0.0,filled
2011-12-01,SZ002006,buy,1200,1200,17.122515031814572,20547.018038177488,6.164105411453246,0.0,filled
2011-12-01,SZ002136,buy,500,500,17.68921848297119,8844.609241485594,5.0,0.0,filled
2011-12-01,SZ300115,buy,24200,24200,12.554018680572508,303807.2520698547,91.14217562095641,0.0,filled
2011-12-01,SZ300127,buy,19500,19500,15.611094537734983,304416.34348583216,91.32490304574964,0.0,filled
2012-01-04,SH600607,sell,21000,0,,0.0,0.0,0.0,missing_open
2012-01-04,SH600318,sell,900,900,11.457438448905945,10311.69460401535,5.0,10.31169460401535,filled
2012-01-04,SH600502,sell,2900,2900,8.859354014396667,25692.126641750332,7.707637992525099,25.69212664175033,filled
2012-01-04,SH600585,sell,19000,19000,14.87402043056488,282606.3881807327,84.78191645421981,282.6063881807327,filled
2012-01-04,SH600883,sell,29900,29900,8.672286363601685,259301.3622716904,77.79040868150712,259.3013622716904,filled
2012-01-04,SZ000666,sell,26700,26700,9.072796783447266,242243.67411804202,72.6731022354126,242.24367411804204,filled
2012-01-04,SZ000789,sell,26000,26000,9.932377550125121,258241.81630325314,77.47254489097594,258.24181630325313,filled
2012-01-04,SZ000812,sell,58200,58200,4.233225534439087,246373.72610435486,73.91211783130645,246.37372610435486,filled
2012-01-04,SZ000876,sell,15700,15700,16.160962142944335,253727.10564422607,76.11813169326781,253.72710564422607,filled
2012-01-04,SZ000885,sell,42700,42700,6.549273219108581,279653.96645593643,83.89618993678093,279.6539664559364,filled
2012-01-04,SZ002006,sell,1500,1500,15.902626224517823,23853.939336776733,7.15618180103302,23.853939336776733,filled
2012-01-04,SZ002059,sell,1900,1900,9.689590032577515,18410.22106189728,5.5230663185691835,18.41022106189728,filled
2012-01-04,SZ002204,sell,2400,2400,11.716851894378662,28120.44454650879,8.436133363952635,28.12044454650879,filled
2012-01-04,SZ002475,sell,1900,1900,11.692407940864562,22215.57508764267,6.6646725262928,22.21557508764267,filled
2012-01-04,SZ300058,sell,4100,4100,7.4820519890785215,30676.413155221937,9.20292394656658,30.676413155221937,filled
2012-01-04,SZ300115,sell,24200,24200,12.2052365026474,295366.7233640671,88.61001700922012,295.36672336406707,filled
2012-01-04,SH600111,buy,13900,13900,18.555010702133178,257914.64875965117,77.37439462789534,0.0,filled
2012-01-04,SH600242,buy,6900,6900,6.385195898532866,44057.85169987678,13.217355509963033,0.0,filled
2012-01-04,SH600503,buy,600,600,7.221245728015899,4332.747436809539,5.0,0.0,filled
2012-01-04,SH600612,buy,900,900,20.897198114395138,18807.478302955624,5.6422434908866865,0.0,filled
2012-01-04,SH600636,buy,900,900,18.55998049545288,16703.982445907594,5.011194733772277,0.0,filled
2012-01-04,SH600714,buy,300,300,15.179758290290831,4553.92748708725,5.0,0.0,filled
2012-01-04,SH600745,buy,6600,6600,6.006901646137237,39645.55086450576,11.893665259351728,0.0,filled
2012-01-04,SH600801,buy,1800,1800,7.71804845380783,13892.487216854093,5.0,0.0,filled
2012-01-04,SZ000415,buy,39400,39400,6.565644454479217,258686.39150648113,77.60591745194434,0.0,filled
2012-01-04,SZ000563,buy,53800,53800,4.8007797751426695,258281.95190267562,77.48458557080268,0.0,filled
2012-01-04,SZ000596,buy,6200,6200,41.09407731628418,254783.2793609619,76.43498380828856,0.0,filled
2012-01-04,SZ000703,buy,1300,1300,14.600411746025085,18980.53526983261,5.694160580949783,0.0,filled
2012-01-04,SZ000707,buy,3500,3500,7.666439355373382,26832.537743806835,8.04976132314205,0.0,filled
2012-01-04,SZ000731,buy,1000,1000,6.04131789445877,6041.317894458771,5.0,0.0,filled
2012-01-04,SZ000799,buy,500,500,23.501887222290037,11750.943611145018,5.0,0.0,filled
2012-01-04,SZ002044,buy,28300,28300,9.131124604225157,258410.82629957193,77.52324788987157,0.0,filled
2012-01-04,SZ002136,buy,800,800,14.360068875312804,11488.055100250243,5.0,0.0,filled
2012-01-04,SZ002458,buy,3100,3100,11.650000292778014,36115.000907611844,10.834500272283552,0.0,filled
2012-01-04,SZ300005,buy,27200,27200,9.50649101257324,258576.55554199216,77.57296666259764,0.0,filled
2012-01-04,SZ300127,buy,3200,3200,11.360890251159667,36354.848803710935,10.90645464111328,0.0,filled
2012-01-04,SZ300146,buy,20400,20400,12.663338859558104,258332.11273498533,77.49963382049559,0.0,filled
2012-02-01,SH600607,sell,21000,0,,0.0,0.0,0.0,missing_open
2012-02-01,SH600111,sell,13900,13900,22.67072508430481,315123.0786718369,94.53692360155105,315.1230786718369,filled
2012-02-01,SH600242,sell,40500,40500,6.271099275112152,253979.52064204216,76.19385619261264,253.97952064204216,filled
2012-02-01,SH600318,sell,22500,22500,12.515717679977417,281603.6477994919,84.48109433984756,281.6036477994919,filled
2012-02-01,SH600503,sell,35800,35800,6.987704778671264,250159.83107643126,75.04794932292937,250.15983107643126,filled
2012-02-01,SH600612,sell,600,600,22.444779762268066,13466.86785736084,5.0,13.466867857360839,filled
2012-02-01,SH600636,sell,800,800,20.043853242874146,16035.082594299316,5.0,16.035082594299315,filled
2012-02-01,SH600714,sell,700,700,16.058639945983888,11241.04796218872,5.0,11.241047962188722,filled
2012-02-01,SH600745,sell,43000,43000,6.3164216251373295,271606.12988090515,81.48183896427153,271.60612988090514,filled
2012-02-01,SH600801,sell,33500,33500,8.715432223320008,291966.97948122025,87.59009384436607,291.9669794812203,filled
2012-02-01,SZ000415,sell,39400,39400,6.7180510153770445,264691.21000585554,79.40736300175665,264.69121000585557,filled
2012-02-01,SZ000563,sell,53800,53800,4.871759868621826,262100.68093185424,78.63020427955627,262.10068093185424,filled
2012-02-01,SZ000703,sell,17700,17700,16.75419842147827,296549.3120601654,88.96479361804961,296.5493120601654,filled
2012-02-01,SZ000707,sell,33700,33700,8.23838975429535,277633.73471975327,83.29012041592597,277.63373471975325,filled
2012-02-01,SZ000731,sell,1900,1900,6.418020230770111,12194.238438463211,5.0,12.194238438463211,filled
2012-02-01,SZ000799,sell,200,200,24.316687185287474,4863.337437057495,5.0,4.863337437057495,filled
2012-02-01,SZ002006,sell,700,700,16.870468448638917,11809.327914047242,5.0,11.809327914047243,filled
2012-02-01,SZ002044,sell,28300,28300,8.209350829124451,232324.62846422198,69.69738853926658,232.324628464222,filled
2012-02-01,SZ002136,sell,200,200,14.688420922279358,2937.6841844558717,5.0,2.937684184455872,filled
2012-02-01,SZ002458,sell,1000,1000,12.377706567764282,12377.706567764282,5.0,12.377706567764282,filled
2012-02-01,SZ300127,sell,1600,1600,12.409022495269776,19854.43599243164,5.956330797729492,19.854435992431643,filled
2012-02-01,SH600016,buy,55700,55700,4.719053118228912,262851.25868535036,78.8553776056051,0.0,filled
2012-02-01,SH600502,buy,500,500,8.86486644744873,4432.433223724365,5.0,0.0,filled
2012-02-01,SH600521,buy,34200,34200,7.68123943042755,262698.3885206222,78.80951655618667,0.0,filled
2012-02-01,SH600587,buy,22900,22900,11.49139553451538,263152.9577404022,78.94588732212065,0.0,filled
2012-02-01,SZ000596,buy,800,800,37.398070854187004,29918.456683349603,8.97553700500488,0.0,filled
2012-02-01,SZ000812,buy,60600,60600,4.34053786945343,263036.5948888778,78.91097846666334,0.0,filled
2012-02-01,SZ000876,buy,16200,16200,16.193455797195433,262333.983914566,78.7001951743698,0.0,filled
2012-02-01,SZ002029,buy,18600,18600,14.139731188774107,262999.0001111984,78.89970003335951,0.0,filled
2012-02-01,SZ002033,buy,18500,18500,14.213467609405516,262949.150774002,78.8847452322006,0.0,filled
2012-02-01,SZ002059,buy,1000,1000,9.537925957679747,9537.925957679747,5.0,0.0,filled
2012-02-01,SZ002181,buy,25700,25700,10.223428089141844,262742.1018909454,78.82263056728361,0.0,filled
2012-02-01,SZ002327,buy,21000,21000,12.504755103111266,262599.8571653366,78.77995714960097,0.0,filled
2012-02-01,SZ002445,buy,21500,21500,12.191251452445982,262111.90622758862,78.63357186827658,0.0,filled
2012-02-01,SZ002475,buy,3100,3100,10.466782811164855,32447.02671461105,9.734108014383313,0.0,filled
2012-02-01,SZ300005,buy,4600,4600,8.277574534416198,38076.842858314514,11.423052857494353,0.0,filled
2012-02-01,SZ300058,buy,11000,11000,5.785372106552123,63639.09317207336,19.091727951622005,0.0,filled
2012-02-01,SZ300115,buy,25600,25600,10.253918907165525,262500.32402343745,78.75009720703123,0.0,filled
2012-02-01,SZ300146,buy,1100,1100,12.235758118629454,13459.3339304924,5.0,0.0,filled
2012-03-01,SH600607,sell,21000,0,,0.0,0.0,0.0,missing_open
2012-03-01,SH600521,sell,34200,34200,8.890257413864136,304046.8035541535,91.21404106624604,304.0468035541535,filled
2012-03-01,SH600587,sell,22900,22900,12.035772271156311,275619.1850094795,82.68575550284385,275.6191850094795,filled
2012-03-01,SH600612,sell,100,100,24.801700115203857,2480.1700115203857,5.0,2.4801700115203857,filled
2012-03-01,SZ000596,sell,600,600,44.931932727813724,26959.159636688233,8.087747891006469,26.959159636688234,filled
2012-03-01,SZ000799,sell,400,400,27.71901837158203,11087.607348632813,5.0,11.087607348632813,filled
2012-03-01,SZ000812,sell,60600,60600,4.715274550437927,285745.6377565384,85.72369132696151,285.74563775653843,filled
2012-03-01,SZ000876,sell,16200,16200,17.09772280883789,276983.1095031738,83.09493285095213,276.9831095031738,filled
2012-03-01,SZ002029,sell,18600,18600,15.93378971672058,296368.4887310028,88.91054661930083,296.3684887310028,filled
2012-03-01,SZ002033,sell,18500,18500,15.67321681022644,289954.51098918915,86.98635329675673,289.95451098918915,filled
2012-03-01,SZ002059,sell,27600,27600,10.291703762054443,284051.0238327026,85.21530714981077,284.0510238327026,filled
2012-03-01,SZ002136,sell,17800,17800,16.860442016601564,300115.86789550784,90.03476036865234,300.11586789550785,filled
2012-03-01,SZ002304,sell,100,100,114.95916739654541,11495.916739654542,5.0,11.495916739654541,filled
2012-03-01,SZ002327,sell,21000,21000,14.030368200302124,294637.7322063446,88.39131966190337,294.6377322063446,filled
2012-03-01,SZ002445,sell,21500,21500,13.413434901237487,288388.850376606,86.5166551129818,288.388850376606,filled
2012-03-01,SZ002458,sell,2400,2400,15.309978727340699,36743.948945617674,11.023184683685301,36.743948945617674,filled
2012-03-01,SZ002475,sell,100,100,11.551709203720092,1155.1709203720093,5.0,1.1551709203720093,filled
2012-03-01,SZ300005,sell,31800,31800,9.400065851211547,298922.0940685272,89.67662822055816,298.9220940685272,filled
2012-03-01,SZ300058,sell,3400,3400,6.858685920238495,23319.532128810883,6.995859638643264,23.319532128810884,filled
2012-03-01,SZ300127,sell,1100,1100,14.407882802009583,15848.671082210541,5.0,15.848671082210542,filled
2012-03-01,SZ300146,sell,200,200,13.528549278259277,2705.7098556518554,5.0,2.7057098556518553,filled
2012-03-01,SH600016,buy,4100,4100,4.844818673610686,19863.756561803813,5.959126968541144,0.0,filled
2012-03-01,SH600039,buy,142600,142600,2.0318263969421384,289738.44420394895,86.92153326118468,0.0,filled
2012-03-01,SH600111,buy,10800,10800,26.814060680389403,289591.85534820554,86.87755660446166,0.0,filled
2012-03-01,SH600366,buy,16200,16200,17.78390803337097,288099.31014060974,86.42979304218291,0.0,filled
2012-03-01,SH600470,buy,30600,30600,9.460602999687193,289494.45179042814,86.84833553712843,0.0,filled
2012-03-01,SH600491,buy,56400,56400,5.136897130966186,289720.9981864929,86.91629945594786,0.0,filled
2012-03-01,SH600502,buy,700,700,9.545362509727477,6681.753756809234,5.0,0.0,filled
2012-03-01,SH600636,buy,200,200,21.77884670448303,4355.769340896606,5.0,0.0,filled
2012-03-01,SH600702,buy,13200,13200,21.79800036048889,287733.6047584533,86.320081427536,0.0,filled
2012-03-01,SH600714,buy,500,500,17.19074038505554,8595.370192527771,5.0,0.0,filled
2012-03-01,SH600850,buy,10800,10800,26.779245397567745,289215.85029373167,86.76475508811949,0.0,filled
2012-03-01,SZ000001,buy,33500,33500,8.639770895004272,289432.3249826431,86.82969749479292,0.0,filled
2012-03-01,SZ000402,buy,48000,48000,6.02515556526184,289207.4671325683,86.76224013977048,0.0,filled
2012-03-01,SZ000552,buy,33500,33500,8.64761698246002,289695.1689124107,86.9085506737232,0.0,filled
2012-03-01,SZ000731,buy,900,900,6.92466238117218,6232.196143054962,5.0,0.0,filled
2012-03-01,SZ002006,buy,800,800,17.701325075149533,14161.060060119627,5.0,0.0,filled
2012-03-01,SZ002157,buy,29300,29300,9.887661559104918,289708.4836817741,86.91254510453223,0.0,filled
2012-03-01,SZ002204,buy,900,900,12.598884286880491,11338.995858192442,5.0,0.0,filled
2012-03-01,SZ002288,buy,34800,31800,8.30546303653717,264113.724561882,79.23411736856458,0.0,partial_volume_or_cash
2012-03-01,SZ300115,buy,200,0,,0.0,0.0,0.0,insufficient_cash
2012-04-05,SH600607,sell,21000,0,,0.0,0.0,0.0,missing_open
2012-04-05,SH600016,sell,59800,59800,4.576980480194091,273703.43271560664,82.11102981468198,273.70343271560665,filled
2012-04-05,SH600039,sell,142600,142600,2.3635760593414306,337045.946062088,101.1137838186264,337.04594606208803,filled
2012-04-05,SH600111,sell,10800,10800,32.23730744934082,348162.92045288085,104.44887613586424,348.1629204528809,filled
2012-04-05,SH600470,sell,30600,30600,9.00945419883728,275689.2984844208,82.70678954532623,275.6892984844208,filled
2012-04-05,SH600491,sell,56400,56400,6.056106429576873,341564.40262813563,102.46932078844068,341.56440262813567,filled
2012-04-05,SH600636,sell,13300,13300,20.938635131835937,278483.84725341795,83.54515417602538,278.48384725341793,filled
2012-04-05,SH600702,sell,2200,2200,25.599346418380737,56318.56212043762,16.895568636131284,56.318562120437626,filled
2012-04-05,SH600714,sell,16800,16800,14.65864363861084,246265.21312866212,73.87956393859862,246.2652131286621,filled
2012-04-05,SH600850,sell,100,100,26.52943613433838,2652.943613433838,5.0,2.652943613433838,filled
2012-04-05,SZ000552,sell,33500,33500,7.23370534658432,242329.12911057472,72.6987387331724,242.32912911057474,filled
2012-04-05,SZ000596,sell,6400,6400,41.55786876296997,265970.3600830078,79.79110802490233,265.9703600830078,filled
2012-04-05,SZ000799,sell,300,300,27.888507373809816,8366.552212142944,5.0,8.366552212142944,filled
2012-04-05,SZ002006,sell,16300,16300,14.583165298461914,237705.5943649292,71.31167830947875,237.7055943649292,filled
2012-04-05,SZ002181,sell,25700,25700,9.972892948150635,256303.34876747133,76.8910046302414,256.30334876747133,filled
2012-04-05,SZ002204,sell,22900,22900,10.922111389160156,250116.35081176757,75.03490524353026,250.11635081176757,filled
2012-04-05,SZ002288,sell,5400,5400,10.721114009857178,57894.015653228766,17.36820469596863,57.89401565322877,filled
2012-04-05,SZ002458,sell,18800,18800,14.801233526229858,278263.1902931213,83.4789570879364,278.26319029312134,filled
2012-04-05,SZ300115,sell,600,600,11.346806622505188,6808.083973503112,5.0,6.808083973503113,filled
2012-04-05,SZ300146,sell,4100,0,,0.0,0.0,0.0,price_limit
2012-04-05,SH600106,buy,60300,60300,4.717485619068145,284464.38282980915,85.33931484894273,0.0,filled
2012-04-05,SH600157,buy,73500,73500,3.8715520486831663,284559.07557821274,85.36772267346382,0.0,filled
2012-04-05,SH600366,buy,100,100,17.368184726715086,1736.8184726715085,5.0,0.0,filled
2012-04-05,SH600376,buy,40400,40400,7.041903108596801,284492.88558731077,85.34786567619322,0.0,filled
2012-04-05,SH600397,buy,46800,46800,6.072265501976013,284182.0254924774,85.25460764774321,0.0,filled
2012-04-05,SH600502,buy,1600,1600,8.91070577430725,14257.129238891599,5.0,0.0,filled
2012-04-05,SH600612,buy,2100,2100,20.66413714599609,43394.68800659179,13.018406401977535,0.0,filled
2012-04-05,SH600684,buy,107000,107000,2.6595212690830228,284568.7757918834,85.37063273756502,0.0,filled
2012-04-05,SZ000001,buy,2300,2300,7.946767296791076,18277.564782619473,5.483269434785841,0.0,filled
2012-04-05,SZ000046,buy,69500,69500,4.092425281524657,284423.5570659637,85.32706711978909,0.0,filled
2012-04-05,SZ000402,buy,1200,1200,5.785494298934936,6942.593158721924,5.0,0.0,filled
2012-04-05,SZ000517,buy,42300,42300,6.72574034166336,284498.81645236013,85.34964493570803,0.0,filled
2012-04-05,SZ000731,buy,1000,1000,6.639224793434142,6639.224793434142,5.0,0.0,filled
2012-04-05,SZ000982,buy,74100,74100,3.837711441040039,284374.41778106685,85.31232533432005,0.0,filled
2012-04-05,SZ002157,buy,700,700,9.477984866142272,6634.58940629959,5.0,0.0,filled
2012-04-05,SZ002231,buy,30600,30600,9.294930175781248,284424.8633789062,85.32745901367186,0.0,filled
2012-04-05,SZ002241,buy,19800,19800,14.35006437397003,284131.2746046066,85.23938238138197,0.0,filled
2012-04-05,SZ002358,buy,24500,24500,11.603003002166746,284273.57355308527,85.28207206592558,0.0,filled
2012-04-05,SZ002475,buy,2200,2200,10.440038908004759,22968.08559761047,6.8904256792831395,0.0,filled
2012-04-05,SZ300005,buy,27500,27500,10.336875124931334,284264.06593561167,85.27921978068349,0.0,filled
2012-04-05,SZ300127,buy,3800,3800,11.92599183654785,45318.768978881824,13.595630693664546,0.0,filled
2012-04-05,SZ300133,buy,33300,20900,8.540236607551574,178490.94509782788,53.547283529348356,0.0,partial_volume_or_cash
2012-05-02,SH600607,sell,21000,0,,0.0,0.0,0.0,missing_open
2012-05-02,SH600106,sell,60300,60300,4.859239690303802,293012.1533253193,87.90364599759577,293.0121533253193,filled
2012-05-02,SH600157,sell,73500,73500,4.710374231815338,346212.50603842735,103.8637518115282,346.21250603842736,filled
2012-05-02,SH600366,sell,300,300,18.970535316467284,5691.160594940186,5.0,5.691160594940186,filled
2012-05-02,SH600376,sell,40400,40400,7.647875874996186,308974.1853498459,92.69225560495377,308.9741853498459,filled
2012-05-02,SH600397,sell,46800,46800,7.137673011302948,334043.096928978,100.21292907869339,334.043096928978,filled
2012-05-02,SH600502,sell,31900,31900,9.454108929634094,301586.0748553276,90.47582245659828,301.58607485532764,filled
2012-05-02,SH600612,sell,13700,13700,21.576502561569214,295598.08509349823,88.67942552804946,295.59808509349824,filled
2012-05-02,SH600684,sell,107000,107000,3.0895827720165254,330585.3566057682,99.17560698173045,330.5853566057682,filled
2012-05-02,SH600702,sell,900,900,30.076939081192016,27069.245173072813,8.120773551921843,27.069245173072815,filled
2012-05-02,SH600850,sell,10700,10700,30.380712152481077,325073.62003154756,97.52208600946426,325.0736200315476,filled
2012-05-02,SZ000001,sell,35800,35800,8.440737138748169,302178.38956718444,90.65351687015533,302.17838956718447,filled
2012-05-02,SZ000046,sell,69500,69500,4.335984077453613,301350.8933830261,90.40526801490783,301.3508933830261,filled
2012-05-02,SZ000402,sell,49200,49200,6.25199674987793,307598.2400939941,92.27947202819823,307.59824009399415,filled
2012-05-02,SZ000517,sell,42300,42300,7.247734158039093,306579.15488505363,91.97374646551609,306.57915488505364,filled
2012-05-02,SZ000731,sell,800,800,7.223313069820404,5778.650455856323,5.0,5.778650455856323,filled
2012-05-02,SZ000799,sell,1300,1300,34.279246925354,44563.0210029602,13.36890630088806,44.563021002960205,filled
2012-05-02,SZ002231,sell,30600,30600,9.988950101852417,305661.873116684,91.69856193500519,305.661873116684,filled
2012-05-02,SZ002304,sell,200,200,127.79224584960937,25558.449169921874,7.667534750976562,25.558449169921875,filled
2012-05-02,SZ002475,sell,27200,27200,10.301187143325805,280192.2902984619,84.05768708953856,280.1922902984619,filled
2012-05-02,SZ300058,sell,800,800,7.349538551330566,5879.630841064452,5.0,5.879630841064452,filled
2012-05-02,SZ300115,sell,25000,25000,11.346135907173156,283653.3976793289,85.09601930379867,283.6533976793289,filled
2012-05-02,SZ300127,sell,23800,23800,10.98492426109314,261441.19741401673,78.43235922420502,261.44119741401676,filled
2012-05-02,SZ300133,sell,20900,20900,8.664654118537904,181091.2710774422,54.32738132323265,181.0912710774422,filled
2012-05-02,SZ300146,sell,21300,21300,16.902232154846192,360017.5448982239,108.00526346946715,360.0175448982239,filled
2012-05-02,SH600077,buy,55600,55600,5.470478040218353,304158.5790361404,91.24757371084212,0.0,filled
2012-05-02,SH600111,buy,8600,8600,35.053084472656245,301456.5264648437,90.43695793945311,0.0,filled
2012-05-02,SH600260,buy,30600,30600,9.945043292999266,304318.3247657775,91.29549742973325,0.0,filled
2012-05-02,SH600422,buy,20900,20900,14.522129386901854,303512.50418624876,91.05375125587462,0.0,filled
2012-05-02,SH600519,buy,1500,1500,190.79560072326657,286193.40108489984,85.85802032546995,0.0,filled
2012-05-02,SH600988,buy,42100,42100,7.232295547008514,304479.64252905844,91.34389275871753,0.0,filled
2012-05-02,SH601888,buy,10700,10700,28.266737186431882,302454.08789482113,90.73622636844634,0.0,filled
2012-05-02,SZ000525,buy,22500,22500,13.497714271545409,303698.57110977167,91.1095713329315,0.0,filled
2012-05-02,SZ000656,buy,21400,21400,14.216634110450743,304235.9699636459,91.27079098909377,0.0,filled
2012-05-02,SZ000970,buy,20700,20700,14.70668093395233,304428.2953328132,91.32848859984396,0.0,filled
2012-05-02,SZ000982,buy,1600,1600,4.023376561641693,6437.402498626709,5.0,0.0,filled
2012-05-02,SZ002157,buy,400,400,10.005532341003416,4002.2129364013663,5.0,0.0,filled
2012-05-02,SZ002236,buy,24400,24400,12.470615696907043,304283.02300453186,91.28490690135955,0.0,filled
2012-05-02,SZ002241,buy,1100,1100,14.558560854911802,16014.416940402982,5.0,0.0,filled
2012-05-02,SZ002288,buy,1300,1300,10.976376597404478,14269.28957662582,5.0,0.0,filled
2012-05-02,SZ002311,buy,24300,24300,12.492887167930602,303577.15818071365,91.0731474542141,0.0,filled
2012-05-02,SZ002325,buy,40300,40300,7.554286317825317,304437.73860836023,91.33132158250807,0.0,filled
2012-05-02,SZ002358,buy,1200,1200,11.849606323242186,14219.527587890623,5.0,0.0,filled
2012-05-02,SZ002445,buy,22300,22300,13.637530041694639,304116.9199297904,91.23507597893712,0.0,filled
2012-05-02,SZ300005,buy,1100,1100,10.638353326797484,11702.188659477231,5.0,0.0,filled
2012-05-02,SZ300017,buy,40200,40200,7.574175992012023,304481.8748788833,91.34456246366499,0.0,filled
2012-05-02,SZ300026,buy,34500,34500,8.809180132865905,303916.7145838737,91.17501437516209,0.0,filled
2012-05-02,SZ300072,buy,42900,42900,7.092575239658355,304271.4777813434,91.28144333440301,0.0,filled
2012-05-02,SZ300204,buy,11700,11700,25.90498753738403,303088.35418739315,90.92650625621793,0.0,filled
2012-06-01,SH600607,sell,21000,0,,0.0,0.0,0.0,missing_open
2012-06-01,SH600077,sell,9800,9800,7.201624384403229,70575.91896715165,21.172775690145492,70.57591896715165,filled
2012-06-01,SH600111,sell,1100,1100,43.661243476867675,48027.36782455444,14.408210347366332,48.027367824554446,filled
2012-06-01,SH600260,sell,3500,3500,12.165792915344237,42580.275203704834,12.774082561111449,42.580275203704836,filled
2012-06-01,SH600366,sell,1500,1500,22.726121978759764,34089.18296813965,10.226754890441894,34.089182968139646,filled
2012-06-01,SH600422,sell,1100,1100,16.65973426437378,18325.707690811156,5.497712307243346,18.325707690811157,filled
2012-06-01,SH600519,sell,1500,1500,200.5238237915039,300785.73568725586,90.23572070617675,300.78573568725585,filled
2012-06-01,SZ000525,sell,22500,22500,13.073678524017334,294157.76679039,88.247330037117,294.15776679039004,filled
2012-06-01,SZ000799,sell,400,400,38.97096164703369,15588.384658813477,5.0,15.588384658813476,filled
2012-06-01,SZ000970,sell,5200,5200,21.268059253692627,110593.90811920166,33.178172435760494,110.59390811920166,filled
2012-06-01,SZ000982,sell,5000,5000,4.660303998470306,23301.519992351532,6.990455997705459,23.301519992351533,filled
2012-06-01,SZ002236,sell,1600,1600,14.448458221435548,23117.533154296878,6.9352599462890625,23.11753315429688,filled
2012-06-01,SZ002241,sell,1200,1200,16.692565017700197,20031.078021240235,6.00932340637207,20.031078021240237,filled
2012-06-01,SZ002325,sell,40300,40300,9.33858678817749,376345.04756355286,112.90351426906585,376.34504756355284,filled
2012-06-01,SZ002358,sell,25700,25700,11.98480457496643,308009.4775766373,92.40284327299118,308.0094775766373,filled
2012-06-01,SZ300005,sell,1200,1200,12.018490871429444,14422.189045715333,5.0,14.422189045715333,filled
2012-06-01,SZ300026,sell,34500,34500,9.723796514511108,335470.97975063324,100.64129392518997,335.47097975063326,filled
2012-06-01,SZ300072,sell,3500,3500,8.369704193115235,29293.96467590332,8.788189402770996,29.29396467590332,filled
2012-06-01,SH600157,buy,60300,60300,5.476505561351775,330233.28534951207,99.06998560485361,0.0,filled
2012-06-01,SH600702,buy,400,400,31.219369104385372,12487.74764175415,5.0,0.0,filled
2012-06-01,SH600988,buy,1500,1500,7.580530473232268,11370.795709848402,5.0,0.0,filled
2012-06-01,SH601888,buy,1800,1800,26.372413496017455,47470.34429283142,14.241103287849425,0.0,filled
2012-06-01,SZ000049,buy,14600,14600,22.621279176712033,330270.6759799957,99.0812027939987,0.0,filled
2012-06-01,SZ000656,buy,2300,2300,13.918144848823546,32011.733152294157,9.603519945688246,0.0,filled
2012-06-01,SZ002157,buy,5300,5300,9.252927498817442,49040.515743732445,14.712154723119733,0.0,filled
2012-06-01,SZ002288,buy,4800,4800,10.144052680969237,48691.45286865233,14.607435860595698,0.0,filled
2012-06-01,SZ002304,buy,100,100,132.70809126281736,13270.809126281736,5.0,0.0,filled
2012-06-01,SZ002311,buy,1100,1100,12.994700736045836,14294.170809650419,5.0,0.0,filled
2012-06-01,SZ002313,buy,18000,18000,18.345840253829955,330225.1245689392,99.06753737068175,0.0,filled
2012-06-01,SZ002445,buy,5200,5200,11.982423715591429,62308.60332107543,18.69258099632263,0.0,filled
2012-06-01,SZ300017,buy,3000,3000,7.639517414093016,22918.55224227905,6.875565672683714,0.0,filled
2012-06-01,SZ300058,buy,2100,2100,7.612605019092559,15986.470540094373,5.0,0.0,filled
2012-06-01,SZ300146,buy,17200,17200,19.12453985214233,328942.0854568481,98.68262563705441,0.0,filled
2012-06-01,SZ300204,buy,900,900,26.112321281433104,23501.089153289795,7.050326745986938,0.0,filled
2012-07-02,SH600607,sell,21000,0,,0.0,0.0,0.0,missing_open
2012-07-02,SH600111,sell,7500,7500,38.67504280471802,290062.82103538513,87.01884631061553,290.0628210353851,filled
2012-07-02,SH600422,sell,1900,1900,18.5064555644989,35162.26557254791,10.548679671764372,35.162265572547916,filled
2012-07-02,SH600702,sell,1200,1200,35.68381629180908,42820.57955017089,12.846173865051266,42.82057955017089,filled
2012-07-02,SH600988,sell,4900,4900,8.574108501434326,42013.1316570282,12.603939497108458,42.013131657028204,filled
2012-07-02,SH601888,sell,12500,12500,27.541555097579955,344269.43871974945,103.28083161592482,344.2694387197495,filled
2012-07-02,SZ000049,sell,100,100,22.898960746765137,2289.8960746765138,5.0,2.289896074676514,filled
2012-07-02,SZ000656,sell,23700,23700,10.510342669486999,249095.12126684186,74.72853638005255,249.09512126684186,filled
2012-07-02,SZ000799,sell,2100,2100,52.43449726867676,110112.4442642212,33.03373327926636,110.1124442642212,filled
2012-07-02,SZ002157,sell,35700,35700,10.387816125869751,370845.03569355013,111.25351070806504,370.84503569355013,filled
2012-07-02,SZ002236,sell,1400,1400,15.486124388694764,21680.574144172668,6.5041722432518,21.680574144172667,filled
2012-07-02,SZ002241,sell,3300,3300,20.200286161422728,66660.944332695,19.9982832998085,66.660944332695,filled
2012-07-02,SZ002288,sell,1500,1500,10.713172130584717,16069.758195877075,5.0,16.069758195877075,filled
2012-07-02,SZ002311,sell,400,400,13.259920166015625,5303.96806640625,5.0,5.30396806640625,filled
2012-07-02,SZ002313,sell,18000,18000,17.286268129348755,311152.8263282776,93.34584789848327,311.15282632827757,filled
2012-07-02,SZ002445,sell,27500,27500,10.323137826919556,283886.2902402878,85.16588707208632,283.8862902402878,filled
2012-07-02,SZ300017,sell,2200,2200,8.086614686965943,17790.552311325075,5.337165693397522,17.790552311325076,filled
2012-07-02,SZ300058,sell,43400,43400,8.287744494438172,359688.11105861666,107.90643331758498,359.68811105861664,filled
2012-07-02,SZ300146,sell,2100,2100,21.934049091339112,46061.503091812134,13.818450927543639,46.061503091812135,filled
2012-07-02,SZ300204,sell,400,400,27.157475297927856,10862.990119171143,5.0,10.862990119171144,filled
2012-07-02,SH600039,buy,140700,140700,2.364072736263275,332625.03399224277,99.78751019767282,0.0,filled
2012-07-02,SH600077,buy,11200,11200,5.8376589908599845,65381.780697631824,19.614534209289545,0.0,filled
2012-07-02,SH600157,buy,14200,14200,4.462872491836547,63372.78938407898,19.011836815223692,0.0,filled
2012-07-02,SH600260,buy,1400,1400,11.671897549629211,16340.656569480896,5.0,0.0,filled
2012-07-02,SH600366,buy,2000,2000,20.167869966506956,40335.73993301391,12.100721979904172,0.0,filled
2012-07-02,SZ000552,buy,41800,41800,7.948996830463408,332268.0675133705,99.68042025401114,0.0,filled
2012-07-02,SZ000731,buy,8900,8900,6.526052213191986,58081.86469740867,17.4245594092226,0.0,filled
2012-07-02,SZ000970,buy,1500,1500,19.537009786605832,29305.51467990875,8.791654403972624,0.0,filled
2012-07-02,SZ000982,buy,700,700,4.659846612930298,3261.892629051208,5.0,0.0,filled
2012-07-02,SZ002081,buy,19900,19900,16.678618743896482,331904.51300354,99.57135390106198,0.0,filled
2012-07-02,SZ002304,buy,200,200,126.08570706176756,25217.141412353514,7.565142423706053,0.0,filled
2012-07-02,SZ002325,buy,33600,33600,9.892924423217773,332402.2606201172,99.72067818603514,0.0,filled
2012-07-02,SZ002358,buy,26500,26500,12.512044642448425,331569.18302488327,99.47075490746498,0.0,filled
2012-07-02,SZ300005,buy,600,600,11.852765187263488,7111.659112358093,5.0,0.0,filled
2012-07-02,SZ300026,buy,31000,31000,10.717933025360106,332255.9237861633,99.67677713584898,0.0,filled
2012-07-02,SZ300070,buy,21100,21100,15.75329401397705,332394.50369491574,99.7183511084747,0.0,filled
2012-07-02,SZ300072,buy,1900,1900,8.049428945541381,15293.914996528623,5.0,0.0,filled
2012-07-02,SZ300202,buy,51000,51000,6.523571135044097,332702.12788724893,99.81063836617467,0.0,filled
2012-08-01,SH600607,sell,21000,0,,0.0,0.0,0.0,missing_open
2012-08-01,SH600039,sell,140700,140700,2.1565100877285004,303420.9693434,91.02629080301999,303.4209693434,filled
2012-08-01,SH600077,sell,3200,3200,6.059607677936554,19390.74456939697,5.817223370819091,19.390744569396972,filled
2012-08-01,SH600260,sell,2400,2400,12.472940523147583,29935.0572555542,8.98051717666626,29.9350572555542,filled
2012-08-01,SH600988,sell,38700,38700,8.713652541160583,337218.35334291455,101.16550600287435,337.21835334291455,filled
2012-08-01,SZ000552,sell,41800,41800,7.241238508701325,302683.7696637154,90.8051308991146,302.6837696637154,filled
2012-08-01,SZ000731,sell,50900,50900,6.28911474609375,320115.94057617185,96.03478217285155,320.11594057617185,filled
2012-08-01,SZ000982,sell,300,300,4.583819585323334,1375.1458755970002,5.0,1.3751458755970003,filled
2012-08-01,SZ002081,sell,800,800,17.056769159317017,13645.415327453615,5.0,13.645415327453614,filled
2012-08-01,SZ002236,sell,2400,2400,17.154335374832154,41170.40489959717,12.35112146987915,41.170404899597166,filled
2012-08-01,SZ002288,sell,31000,31000,10.290540490150452,319006.755194664,95.7020265583992,319.006755194664,filled
2012-08-01,SZ002304,sell,200,200,131.9983321838379,26399.66643676758,7.919899931030273,26.399666436767582,filled
2012-08-01,SZ002311,sell,25000,25000,12.930868557929992,323271.7139482498,96.98151418447493,323.27171394824984,filled
2012-08-01,SZ300005,sell,2400,2400,12.715604187011719,30517.450048828126,9.155235014648436,30.517450048828128,filled
2012-08-01,SZ300017,sell,41000,41000,8.33777661895752,341848.8413772583,102.55465241317748,341.8488413772583,filled
2012-08-01,SZ300026,sell,4900,4900,12.485938490867614,61181.09860525131,18.354329581575392,61.181098605251314,filled
2012-08-01,SZ300070,sell,21100,21100,15.187755148887634,320461.6336415291,96.13849009245871,320.4616336415291,filled
2012-08-01,SZ300072,sell,900,900,8.0648678855896,7258.3810970306395,5.0,7.2583810970306395,filled
2012-08-01,SZ300204,sell,2200,2200,32.31636039733887,71095.99287414551,21.32879786224365,71.09599287414551,filled
2012-08-01,SH600111,buy,9300,9300,34.97519064712524,325269.27301826474,97.58078190547941,0.0,filled
2012-08-01,SH600157,buy,2700,2700,4.23464050912857,11433.52937464714,5.0,0.0,filled
2012-08-01,SH600366,buy,1500,1500,18.14601752281189,27219.026284217834,8.16570788526535,0.0,filled
2012-08-01,SH600422,buy,1800,1800,16.546181293487546,29783.126328277584,8.934937898483275,0.0,filled
2012-08-01,SH600578,buy,92700,92700,3.5241292722225186,326686.78353502747,98.00603506050824,0.0,filled
2012-08-01,SH600702,buy,900,900,31.8492307434082,28664.30766906738,8.599292300720213,0.0,filled
2012-08-01,SZ000049,buy,2300,2300,19.4594481716156,44756.73079471588,13.427019238414761,0.0,filled
2012-08-01,SZ000539,buy,57600,57600,5.673139357566833,326772.82699584955,98.03184809875485,0.0,filled
2012-08-01,SZ000799,buy,500,500,47.58437918853759,23792.189594268795,7.137656878280638,0.0,filled
2012-08-01,SZ000970,buy,1000,1000,18.09677208328247,18096.77208328247,5.429031624984741,0.0,filled
2012-08-01,SZ002241,buy,900,900,18.799882328033444,16919.894095230098,5.075968228569029,0.0,filled
2012-08-01,SZ002325,buy,200,200,9.654951893806457,1930.9903787612914,5.0,0.0,filled
2012-08-01,SZ002358,buy,400,400,12.137778920173643,4855.1115680694575,5.0,0.0,filled
2012-08-01,SZ002382,buy,40900,40900,7.978424192905425,326317.5494898319,97.89526484694956,0.0,filled
2012-08-01,SZ002456,buy,43300,43300,7.547928018093108,326825.2831834316,98.04758495502948,0.0,filled
2012-08-01,SZ002589,buy,21600,21600,15.12797354030609,326764.22847061156,98.02926854118346,0.0,filled
2012-08-01,SZ300058,buy,35600,35600,9.180159070968626,326813.6629264831,98.04409887794492,0.0,filled
2012-08-01,SZ300146,buy,1300,1300,19.89363398361206,25861.724178695677,7.758517253608702,0.0,filled
2012-08-01,SZ300202,buy,2800,2800,6.0692655835151665,16993.943633842468,5.09818309015274,0.0,filled
2012-08-01,SZ300238,buy,14300,14300,22.852814649581905,326795.24948902125,98.03857484670637,0.0,filled
2012-09-03,SH600607,sell,21000,0,,0.0,0.0,0.0,missing_open
2012-09-03,SZ300058,sell,35600,0,,0.0,0.0,0.0,missing_open
2012-09-03,SZ000982,sell,71100,0,,0.0,0.0,0.0,missing_open
2012-09-03,SH600077,sell,53800,53800,5.311893463611603,285779.86834230425,85.73396050269127,285.77986834230427,filled
2012-09-03,SH600111,sell,9300,9300,30.802704517364504,286465.1520114899,85.93954560344696,286.4651520114899,filled
2012-09-03,SH600366,sell,18000,18000,15.422781804084778,277610.072473526,83.2830217420578,277.61007247352603,filled
2012-09-03,SH600422,sell,19700,19700,17.583560794830323,346396.14765815734,103.9188442974472,346.39614765815736,filled
2012-09-03,SZ000049,sell,16800,16800,24.185880546569823,406322.79318237305,121.8968379547119,406.32279318237306,filled
2012-09-03,SZ000799,sell,100,100,48.17771857452392,4817.771857452392,5.0,4.817771857452392,filled
2012-09-03,SZ002081,sell,19100,19100,15.604275086402893,298041.65415029525,89.41249624508856,298.04165415029524,filled
2012-09-03,SZ002236,sell,1600,1600,18.693318380355834,29909.309408569334,8.9727928225708,29.909309408569335,filled
2012-09-03,SZ002241,sell,1200,1200,20.309368864059447,24371.242636871335,7.3113727910614,24.371242636871337,filled
2012-09-03,SZ002304,sell,2400,2400,114.65747506713868,275177.94016113284,82.55338204833984,275.1779401611328,filled
2012-09-03,SZ002325,sell,33800,33800,9.174143394470216,310086.0467330933,93.02581401992798,310.08604673309327,filled
2012-09-03,SZ002358,sell,26900,26900,12.554698245048522,337721.38279180526,101.31641483754157,337.72138279180524,filled
2012-09-03,SZ002382,sell,40900,40900,8.463490965843201,346156.7805029869,103.84703415089606,346.1567805029869,filled
2012-09-03,SZ002456,sell,43300,43300,8.717193803787232,377454.4917039872,113.23634751119614,377.4544917039872,filled
2012-09-03,SZ002589,sell,21600,21600,16.809896375656127,363093.7617141723,108.92812851425168,363.09376171417233,filled
2012-09-03,SZ300005,sell,25600,25600,12.107303489685059,309946.9693359375,92.98409080078125,309.9469693359375,filled
2012-09-03,SZ300026,sell,4500,4500,15.07174045085907,67822.83202886581,20.346849608659742,67.82283202886582,filled
2012-09-03,SZ300072,sell,2700,2700,8.668990902900696,23406.27543783188,7.021882631349563,23.40627543783188,filled
2012-09-03,SZ300202,sell,53800,53800,7.700786644935608,414302.3214975357,124.2906964492607,414.3023214975357,filled
2012-09-03,SZ300238,sell,14300,14300,24.29315689086914,347392.1435394287,104.21764306182861,347.39214353942873,filled
2012-09-03,SH600157,buy,19200,19200,3.3971367812156674,65225.02619934081,19.56750785980224,0.0,filled
2012-09-03,SH600260,buy,2100,2100,11.602270802497863,24364.76868524551,7.309430605573653,0.0,filled
2012-09-03,SH600332,buy,15100,15100,21.666053588867186,327157.4091918945,98.14722275756834,0.0,filled
2012-09-03,SH600436,buy,3900,3900,82.67823773193358,322445.12715454097,96.73353814636228,0.0,filled
2012-09-03,SH600568,buy,44200,44200,7.407368592739104,327405.6917990684,98.22170753972051,0.0,filled
2012-09-03,SH600578,buy,4300,4300,3.37651968050003,14519.034626150129,5.0,0.0,filled
2012-09-03,SH600613,buy,20500,20500,15.915769788742063,326273.2806692123,97.88198420076368,0.0,filled
2012-09-03,SH600637,buy,21700,21700,15.07796153450012,327191.76529865264,98.15752958959578,0.0,filled
2012-09-03,SH600702,buy,900,900,29.28394104194641,26355.54693775177,7.9066640813255304,0.0,filled
2012-09-03,SH600850,buy,12700,12700,25.778485963821407,327386.77174053184,98.21603152215954,0.0,filled
2012-09-03,SZ000539,buy,2000,2000,5.495321756362914,10990.643512725828,5.0,0.0,filled
2012-09-03,SZ000543,buy,60100,60100,5.450736810684203,327589.2823221206,98.27678469663618,0.0,filled
2012-09-03,SZ000563,buy,51600,51600,6.34313976240158,327306.0117399215,98.19180352197645,0.0,filled
2012-09-03,SZ000970,buy,3400,3400,15.24579372692108,51835.698671531674,15.5507096014595,0.0,filled
2012-09-03,SZ000993,buy,34600,34600,9.44746827316284,326882.4022514343,98.06472067543028,0.0,filled
2012-09-03,SZ002004,buy,21000,21000,15.557327980041503,326703.8875808716,98.01116627426147,0.0,filled
2012-09-03,SZ002051,buy,13600,13600,23.93508594894409,325517.1689056396,97.65515067169187,0.0,filled
2012-09-03,SZ002311,buy,27300,27300,11.961840026855468,326558.23273315426,97.96746981994627,0.0,filled
2012-09-03,SZ002568,buy,20100,20100,16.292137601852414,327471.9657972335,98.24158973917004,0.0,filled
2012-09-03,SZ300016,buy,53600,53600,6.104314272880553,327191.24502639764,98.15737350791929,0.0,filled
2012-09-03,SZ300146,buy,400,400,19.479777929306028,7791.911171722411,5.0,0.0,filled
2012-09-03,SZ300204,buy,2100,2100,26.975631467819213,56648.826082420346,16.9946478247261,0.0,filled
2012-09-03,SZ300212,buy,29900,29900,10.930966853141783,326835.9089089393,98.05077267268177,0.0,filled
2012-09-03,SZ300228,buy,10900,300,30.040120965957637,9012.036289787291,5.0,0.0,partial_volume_or_cash
2012-10-08,SH600607,sell,21000,0,,0.0,0.0,0.0,missing_open
2012-10-08,SH600157,sell,16600,16600,4.131252985954284,68578.79956684112,20.573639870052332,68.57879956684111,filled
2012-10-08,SH600436,sell,300,300,90.07350972747803,27022.052918243407,8.106615875473022,27.022052918243407,filled
2012-10-08,SH600568,sell,44200,44200,7.672679956912995,339132.45409555436,101.7397362286663,339.13245409555435,filled
2012-10-08,SH600637,sell,1300,1300,16.13307410430908,20972.996335601805,6.291898900680541,20.972996335601806,filled
2012-10-08,SH600702,sell,800,800,31.826947803497315,25461.55824279785,7.638467472839355,25.461558242797853,filled
2012-10-08,SZ000539,sell,59600,59600,5.212505646228791,310665.33651523595,93.19960095457077,310.66533651523594,filled
2012-10-08,SZ000543,sell,60100,60100,5.47897732257843,329286.53708696365,98.78596112608909,329.2865370869637,filled
2012-10-08,SZ000563,sell,51600,51600,6.538153063774109,337368.69809074403,101.2106094272232,337.36869809074403,filled
2012-10-08,SZ000799,sell,700,700,54.19524315261841,37936.67020683289,11.381001062049865,37.936670206832886,filled
2012-10-08,SZ000982,sell,71100,71100,4.0326240105628965,286719.56715102197,86.01587014530658,286.719567151022,filled
2012-10-08,SZ000993,sell,1000,1000,9.805339874267577,9805.339874267578,5.0,9.805339874267577,filled
2012-10-08,SZ002051,sell,200,200,24.493386377334595,4898.677275466919,5.0,4.89867727546692,filled
2012-10-08,SZ002236,sell,1200,1200,20.356446601867678,24427.735922241212,7.3283207766723635,24.42773592224121,filled
2012-10-08,SZ002311,sell,27300,27300,12.243898859024048,334258.4388513565,100.27753165540695,334.2584388513565,filled
2012-10-08,SZ300016,sell,1400,1400,6.30683963727951,8829.575492191314,5.0,8.829575492191314,filled
2012-10-08,SZ300058,sell,35600,35600,10.626828011512757,378315.07720985415,113.49452316295624,378.31507720985417,filled
2012-10-08,SZ300212,sell,2500,2500,12.032530162811279,30081.3254070282,9.02439762210846,30.0813254070282,filled
2012-10-08,SH600260,buy,1600,1600,11.056136720657348,17689.818753051757,5.306945625915526,0.0,filled
2012-10-08,SH600332,buy,900,900,20.601368446350094,18541.231601715084,5.5623694805145245,0.0,filled
2012-10-08,SH600578,buy,12400,12400,3.0186005306243895,37430.64657974243,11.229193973922728,0.0,filled
2012-10-08,SH600613,buy,2200,2200,14.504487861633299,31909.873295593257,9.572961988677976,0.0,filled
2012-10-08,SH600850,buy,300,300,25.246922369003293,7574.076710700988,5.0,0.0,filled
2012-10-08,SZ000661,buy,6600,6600,49.694397254943844,327983.0218826294,98.3949065647888,0.0,filled
2012-10-08,SZ000848,buy,25400,25400,12.99457281589508,330062.149523735,99.01864485712049,0.0,filled
2012-10-08,SZ000970,buy,300,300,15.21106531524658,4563.319594573974,5.0,0.0,filled
2012-10-08,SZ002004,buy,1100,1100,14.912567461967466,16403.824208164213,5.0,0.0,filled
2012-10-08,SZ002116,buy,34800,34800,9.470028996467589,329557.0090770721,98.86710272312162,0.0,filled
2012-10-08,SZ002568,buy,300,300,16.164003614425656,4849.201084327697,5.0,0.0,filled
2012-10-08,SZ300026,buy,1000,1000,14.570255047798154,14570.255047798155,5.0,0.0,filled
2012-10-08,SZ300072,buy,700,700,8.601456900596618,6021.019830417633,5.0,0.0,filled
2012-10-08,SZ300113,buy,30200,30200,10.913899059295654,329599.75159072876,98.87992547721862,0.0,filled
2012-10-08,SZ300135,buy,60100,60100,5.491823044776916,330058.5649910926,99.01756949732777,0.0,filled
2012-10-08,SZ300146,buy,2300,2300,17.2876752204895,39761.65300712585,11.928495902137755,0.0,filled
2012-10-08,SZ300187,buy,18500,18500,17.836107091903685,329967.98120021814,98.99039436006544,0.0,filled
2012-10-08,SZ300204,buy,900,900,25.30476327896118,22774.28695106506,6.8322860853195175,0.0,filled
2012-10-08,SZ300228,buy,10500,10500,30.58855092811584,321179.7847452163,96.35393542356489,0.0,filled
2012-11-01,SH600578,sell,109400,0,,0.0,0.0,0.0,missing_open
2012-11-01,SH600607,sell,21000,0,,0.0,0.0,0.0,missing_open
2012-11-01,SH600157,sell,79800,79800,3.9648867638111116,316397.9637521267,94.919389125638,316.3979637521267,filled
2012-11-01,SH600260,sell,29800,29800,10.004548996925354,298135.56010837556,89.44066803251266,298.13556010837556,filled
2012-11-01,SH600332,sell,300,300,21.250868362426758,6375.260508728027,5.0,6.375260508728028,filled
2012-11-01,SH600436,sell,3600,3600,87.3260463180542,314373.7667449951,94.31213002349851,314.37376674499507,filled
2012-11-01,SH600613,sell,1700,1700,15.883973859786988,27002.755561637878,8.100826668491363,27.00275556163788,filled
2012-11-01,SH600637,sell,20400,20400,15.86413916873932,323628.4390422821,97.08853171268463,323.62843904228214,filled
2012-11-01,SH600702,sell,10300,10300,28.462508222579956,293163.8346925735,87.94915040777205,293.1638346925735,filled
2012-11-01,SH600850,sell,13000,13000,22.002673559188842,286034.75626945496,85.81042688083647,286.034756269455,filled
2012-11-01,SZ000661,sell,6600,6600,61.79485943984985,407846.07230300904,122.3538216909027,407.84607230300907,filled
2012-11-01,SZ000848,sell,25400,25400,11.669396879196167,296402.68073158263,88.92080421947477,296.4026807315826,filled
2012-11-01,SZ000970,sell,21700,21700,13.276162147521973,288092.7186012268,86.42781558036803,288.0927186012268,filled
2012-11-01,SZ000993,sell,33600,33600,10.15383460521698,341168.8427352905,102.35065282058714,341.1688427352905,filled
2012-11-01,SZ002004,sell,22100,22100,14.910457231521606,329521.1048166275,98.85633144498824,329.52110481662754,filled
2012-11-01,SZ002116,sell,34800,34800,9.06521789073944,315469.5825977325,94.64087477931973,315.4695825977325,filled
2012-11-01,SZ002236,sell,700,700,21.49879676055908,15049.157732391357,5.0,15.049157732391357,filled
2012-11-01,SZ002568,sell,20400,20400,15.136687417030334,308788.4233074188,92.63652699222564,308.78842330741884,filled
2012-11-01,SZ300016,sell,52200,52200,6.722768887996674,350928.5359534264,105.27856078602791,350.9285359534264,filled
2012-11-01,SZ300026,sell,100,100,14.872729494094848,1487.272949409485,5.0,1.487272949409485,filled
2012-11-01,SZ300072,sell,38400,38400,8.707630393981933,334373.00712890626,100.31190213867187,334.3730071289063,filled
2012-11-01,SZ300113,sell,30200,30200,12.57685281085968,379820.9548879624,113.9462864663887,379.8209548879624,filled
2012-11-01,SZ300146,sell,19100,19100,19.112725061416626,365053.0486730576,109.51591460191726,365.05304867305756,filled
2012-11-01,SZ300187,sell,18500,18500,18.831245653152465,348378.0445833206,104.51341337499618,348.3780445833206,filled
2012-11-01,SZ300204,sell,100,100,25.79680729866028,2579.680729866028,5.0,2.579680729866028,filled
2012-11-01,SZ300212,sell,27400,27400,13.564486853599549,371666.9397886276,111.50008193658827,371.66693978862764,filled
2012-11-01,SZ300228,sell,10800,10800,34.76577468109131,375470.3665557861,112.64110996673583,375.47036655578614,filled
2012-11-01,SH600048,buy,48000,48000,6.992351710796355,335632.88211822504,100.6898646354675,0.0,filled
2012-11-01,SH600077,buy,65200,65200,5.144816724777221,335442.0504554748,100.63261513664244,0.0,filled
2012-11-01,SH600086,buy,20100,20100,16.678689386367797,335241.6566659927,100.57249699979779,0.0,filled
2012-11-01,SH600340,buy,24600,24600,13.62606495952606,335201.1980043411,100.56035940130232,0.0,filled
2012-11-01,SH600383,buy,66300,66300,5.0608958554267875,335537.395214796,100.6612185644388,0.0,filled
2012-11-01,SH600519,buy,1500,1500,212.8306447601318,319245.9671401977,95.7737901420593,0.0,filled
2012-11-01,SH600684,buy,90000,90000,3.729245415449142,335632.08739042276,100.68962621712681,0.0,filled
2012-11-01,SH600809,buy,7700,7700,43.03196450042724,331346.1266532898,99.40383799598692,0.0,filled
2012-11-01,SH600988,buy,37600,37600,8.909143048286436,334983.77861557,100.49513358467098,0.0,filled
2012-11-01,SH601633,buy,18200,18200,18.390753591537475,334711.71536598203,100.4135146097946,0.0,filled
2012-11-01,SZ000043,buy,66900,66900,5.012249444961547,335319.4878679275,100.59584636037825,0.0,filled
2012-11-01,SZ000049,buy,14500,14500,23.0916950302124,334829.5779380798,100.44887338142392,0.0,filled
2012-11-01,SZ000671,buy,59500,59500,5.635699325084686,335324.10984253883,100.59723295276164,0.0,filled
2012-11-01,SZ000739,buy,103800,103800,3.232309757709503,335513.75285024644,100.65412585507393,0.0,filled
2012-11-01,SZ000799,buy,100,100,54.42024875640868,5442.024875640868,5.0,0.0,filled
2012-11-01,SZ001914,buy,66900,66900,5.012963984012603,335367.29053044313,100.61018715913293,0.0,filled
2012-11-01,SZ002051,buy,900,900,23.422339981079098,21080.10598297119,6.324031794891356,0.0,filled
2012-11-01,SZ002339,buy,44300,44300,7.566774283885955,335208.1007761478,100.56243023284433,0.0,filled
2012-11-01,SZ002353,buy,14500,14500,23.046235645294185,334170.4168567657,100.2511250570297,0.0,filled
2012-11-01,SZ002421,buy,22100,22100,15.139222876548766,334576.8255717277,100.37304767151831,0.0,filled
2012-11-01,SZ002429,buy,57200,57200,5.864737968444824,335463.01179504395,100.63890353851318,0.0,filled
2012-11-01,SZ002447,buy,23000,23000,14.5806433095932,335354.79612064356,100.60643883619306,0.0,filled
2012-11-01,SZ300135,buy,1700,1700,5.429500633716582,9230.15107731819,5.0,0.0,filled
2012-11-01,SZ300262,buy,41200,2100,8.13482901096344,17083.140923023224,5.124942276906967,0.0,partial_volume_or_cash
2012-12-03,SH600607,sell,21000,0,,0.0,0.0,0.0,missing_open
2012-12-03,SH600048,sell,5800,5800,7.2106761832237245,41821.9218626976,12.54657655880928,41.8219218626976,filled
2012-12-03,SH600086,sell,400,400,15.464681505203247,6185.872602081299,5.0,6.185872602081299,filled
2012-12-03,SH600332,sell,15700,15700,18.270137020111083,286841.151215744,86.05234536472318,286.841151215744,filled
2012-12-03,SH600340,sell,24600,24600,14.371294518470764,353533.8451543808,106.06015354631423,353.5338451543808,filled
2012-12-03,SH600383,sell,6900,6900,5.128339922904968,35385.54546804428,10.615663640413283,35.38554546804428,filled
2012-12-03,SH600578,sell,109400,109400,3.1343184843063354,342894.4421831131,102.86833265493391,342.8944421831131,filled
2012-12-03,SH600684,sell,12500,12500,3.9293055059909823,49116.318824887276,14.734895647466182,49.11631882488728,filled
2012-12-03,SH600988,sell,3000,3000,8.805514818191527,26416.54445457458,7.9249633363723735,26.41654445457458,filled
2012-12-03,SH601633,sell,500,500,17.179494821548463,8589.747410774231,5.0,8.589747410774232,filled
2012-12-03,SZ000043,sell,4400,4400,4.870972445011139,21432.27875804901,6.429683627414703,21.432278758049012,filled
2012-12-03,SZ000049,sell,14500,14500,18.823722970962525,272943.9830789566,81.88319492368697,272.9439830789566,filled
2012-12-03,SZ000671,sell,11800,11800,6.376275346755982,75240.04909172059,22.572014727516176,75.24004909172059,filled
2012-12-03,SZ000739,sell,103800,103800,2.980119933843613,309336.44913296704,92.80093473989011,309.33644913296706,filled
2012-12-03,SZ001914,sell,4400,4400,4.871666501998901,21435.332608795165,6.430599782638549,21.435332608795164,filled
2012-12-03,SZ002051,sell,1100,1100,22.920326459884645,25212.35910587311,7.563707731761933,25.212359105873112,filled
2012-12-03,SZ002241,sell,16100,16100,19.75767692184448,318098.59844169614,95.42957953250884,318.09859844169614,filled
2012-12-03,SZ002353,sell,14500,14500,21.97247803115845,318600.9314517975,95.58027943553924,318.60093145179746,filled
2012-12-03,SZ002447,sell,23000,23000,12.418977473258972,285636.48188495636,85.6909445654869,285.63648188495637,filled
2012-12-03,SZ300204,sell,12900,12900,24.469196800231934,315652.638722992,94.69579161689758,315.652638722992,filled
2012-12-03,SZ300262,sell,2100,2100,7.413074061870575,15567.455529928207,5.0,15.567455529928207,filled
2012-12-03,SH600077,buy,3600,3600,4.434875162124634,15965.550583648681,5.0,0.0,filled
2012-12-03,SH600197,buy,26200,26200,11.622849718093871,304518.6626140594,91.35559878421782,0.0,filled
2012-12-03,SH600490,buy,60200,60200,5.067777768611907,305080.2216704368,91.52406650113103,0.0,filled
2012-12-03,SH600519,buy,100,100,182.63881622314452,18263.881622314453,5.479164486694335,0.0,filled
2012-12-03,SH600613,buy,2000,2000,13.26330345916748,26526.60691833496,7.957982075500488,0.0,filled
2012-12-03,SH600809,buy,1200,1200,34.10739179992675,40928.870159912105,12.27866104797363,0.0,filled
2012-12-03,SZ000007,buy,24800,24800,12.312510209083555,305350.25318527216,91.60507595558164,0.0,filled
2012-12-03,SZ000042,buy,34600,34600,8.814044917106628,304965.95413188933,91.4897862395668,0.0,filled
2012-12-03,SZ000537,buy,53300,53300,5.7283851113319395,305322.9264339924,91.5968779301977,0.0,filled
2012-12-03,SZ000563,buy,62400,62400,4.88945994234085,305102.30040206906,91.5306901206207,0.0,filled
2012-12-03,SZ000616,buy,105600,105600,2.890070611238479,305191.4565467834,91.557436964035,0.0,filled
2012-12-03,SZ000799,buy,4600,4600,28.441668947219846,130831.67715721129,39.24950314716338,0.0,filled
2012-12-03,SZ002236,buy,300,300,19.293142429351803,5787.942728805541,5.0,0.0,filled
2012-12-03,SZ002339,buy,8200,8200,5.812610984325408,47663.410071468345,14.299023021440503,0.0,filled
2012-12-03,SZ002421,buy,1600,1600,12.863646541595458,20581.834466552733,6.174550339965819,0.0,filled
2012-12-03,SZ002429,buy,3000,3000,5.070195841312408,15210.587523937225,5.0,0.0,filled
2012-12-03,SZ300026,buy,1300,1300,12.794512382507323,16632.86609725952,5.0,0.0,filled
2012-12-03,SZ300058,buy,34500,34500,8.841621255874633,305035.93332767487,91.51077999830245,0.0,filled
2012-12-03,SZ300135,buy,8700,8700,4.331658397197723,37685.428055620185,11.305628416686055,0.0,filled
2013-01-04,SH600607,sell,21000,0,,0.0,0.0,0.0,missing_open
2013-01-04,SZ000042,sell,34600,0,,0.0,0.0,0.0,missing_open
2013-01-04,SH600077,sell,5100,5100,5.9209425230026245,30196.806867313386,9.059042060194015,30.196806867313388,filled
2013-01-04,SH600086,sell,2300,2300,21.680225257873534,49864.51809310913,14.959355427932739,49.86451809310913,filled
2013-01-04,SH600197,sell,200,200,14.484034715652466,2896.8069431304934,5.0,2.8968069431304935,filled
2013-01-04,SH600383,sell,5200,5200,6.961134352684021,36197.89863395691,10.859369590187072,36.19789863395691,filled
2013-01-04,SH600519,sell,1600,1600,181.4188176727295,290270.1082763672,87.08103248291015,290.2701082763672,filled
2013-01-04,SH600613,sell,1100,1100,17.152913915634155,18868.20530719757,5.660461592159271,18.86820530719757,filled
2013-01-04,SH600684,sell,19900,19900,6.541670984745026,130179.25259642601,39.0537757789278,130.179252596426,filled
2013-01-04,SH601633,sell,1000,1000,22.53626762008667,22536.26762008667,6.760880286026,22.53626762008667,filled
2013-01-04,SZ000043,sell,10000,10000,7.174015492916107,71740.15492916107,21.52204647874832,71.74015492916108,filled
2013-01-04,SZ000537,sell,53300,53300,7.49493896484375,399480.2468261719,119.84407404785155,399.4802468261719,filled
2013-01-04,SZ000563,sell,62400,62400,6.198010834693909,386755.8760848999,116.02676282546996,386.7558760848999,filled
2013-01-04,SZ000671,sell,1100,1100,8.08697862625122,8895.676488876343,5.0,8.895676488876344,filled
2013-01-04,SZ001914,sell,10000,10000,7.17503823852539,71750.3823852539,21.52511471557617,71.75038238525391,filled
2013-01-04,SZ002051,sell,13200,13200,23.748385511398315,313478.6887504578,94.04360662513733,313.47868875045776,filled
2013-01-04,SZ002339,sell,52500,52500,7.330015399932861,384825.8084964752,115.44774254894256,384.82580849647525,filled
2013-01-04,SZ002421,sell,1400,1400,16.853959705352782,23595.543587493896,7.078663076248168,23.595543587493896,filled
2013-01-04,SZ300058,sell,34500,34500,11.396319514274596,393173.0232424736,117.95190697274207,393.1730232424736,filled
2013-01-04,SZ300135,sell,70500,70500,6.110626821041107,430799.19088339806,129.2397572650194,430.79919088339807,filled
2013-01-04,SH600048,buy,1300,1300,8.685175866127013,11290.728625965117,5.0,0.0,filled
2013-01-04,SH600340,buy,20100,20100,18.754768518447875,376970.8472208023,113.09125416624067,0.0,filled
2013-01-04,SH600365,buy,41200,41200,9.160719981193541,377421.6632251739,113.22649896755216,0.0,filled
2013-01-04,SH600490,buy,4600,4600,5.834282471656799,26837.699369621274,8.051309810886382,0.0,filled
2013-01-04,SH600809,buy,600,600,39.47011381912231,23682.068291473388,7.104620487442015,0.0,filled
2013-01-04,SZ000007,buy,1300,1300,14.483882216453551,18829.04688138962,5.648714064416885,0.0,filled
2013-01-04,SZ000543,buy,51400,51400,7.350164896965026,377798.47570400237,113.3395427112007,0.0,filled
2013-01-04,SZ000616,buy,5300,5300,3.4071572725772854,18057.933544659612,5.417380063397883,0.0,filled
2013-01-04,SZ000631,buy,56300,56300,6.704304647445678,377452.35165119165,113.2357054953575,0.0,filled
2013-01-04,SZ000732,buy,47100,47100,8.025704530715942,378010.68339672085,113.40320501901624,0.0,filled
2013-01-04,SZ000799,buy,800,800,32.732960422515866,26186.368338012693,7.855910501403807,0.0,filled
2013-01-04,SZ002236,buy,700,700,22.884567485809324,16019.197240066527,5.0,0.0,filled
2013-01-04,SZ002241,buy,18000,18000,20.98581241226196,377744.6234207153,113.32338702621458,0.0,filled
2013-01-04,SZ002294,buy,15300,15300,24.64468766403198,377063.7212596893,113.11911637790678,0.0,filled
2013-01-04,SZ002429,buy,6100,6100,5.698597376823424,34761.44399862289,10.428433199586866,0.0,filled
2013-01-04,SZ300026,buy,1500,1500,14.92476378917694,22387.145683765408,6.716143705129622,0.0,filled
2013-01-04,SZ300204,buy,14600,14600,25.848878322601315,377393.6235099792,113.21808705299375,0.0,filled
2013-02-01,SH600607,sell,21000,0,,0.0,0.0,0.0,missing_open
2013-02-01,SH600988,sell,34600,0,,0.0,0.0,0.0,missing_open
2013-02-01,SZ000042,sell,34600,0,,0.0,0.0,0.0,missing_open
2013-02-01,SH600048,sell,43500,43500,8.328741969108581,362300.2756562233,108.69008269686698,362.3002756562233,filled
2013-02-01,SH600077,sell,200,200,6.038940309047699,1207.7880618095398,5.0,1.2077880618095398,filled
2013-02-01,SH600365,sell,41200,41200,9.0170578622818,371502.78392601013,111.45083517780303,371.5027839260101,filled
2013-02-01,SH600383,sell,54200,54200,7.154476145267487,387772.6070734978,116.33178212204932,387.7726070734978,filled
2013-02-01,SH600490,sell,8400,8400,6.794777419567108,57076.13032436371,17.12283909730911,57.07613032436371,filled
2013-02-01,SH601633,sell,2200,2200,26.340498292922973,57949.09624443054,17.38472887332916,57.94909624443054,filled
2013-02-01,SZ000007,sell,5200,5200,18.340383018493654,95369.991696167,28.610997508850097,95.36999169616699,filled
2013-02-01,SZ000616,sell,110900,110900,3.2039342579841614,355316.3092104435,106.59489276313305,355.31630921044353,filled
2013-02-01,SZ000671,sell,5000,5000,9.222539697647095,46112.69848823547,13.833809546470642,46.11269848823547,filled
2013-02-01,SZ002236,sell,700,700,24.22896829032898,16960.277803230285,5.088083340969085,16.960277803230284,filled
2013-02-01,SZ002241,sell,18000,18000,19.55288009262085,351951.8416671753,105.58555250015257,351.9518416671753,filled
2013-02-01,SZ002294,sell,2600,2600,30.095338022232056,78247.87885780334,23.474363657341,78.24787885780334,filled
2013-02-01,SZ300026,sell,25300,25300,16.93737420845032,428515.56747379305,128.55467024213792,428.51556747379306,filled
2013-02-01,SZ300204,sell,14600,14600,28.21297353744507,411909.413646698,123.57282409400939,411.909413646698,filled
2013-02-01,SH600086,buy,200,200,21.74271976280212,4348.543952560424,5.0,0.0,filled
2013-02-01,SH600197,buy,1200,1200,14.101585208892821,16921.902250671385,5.076570675201415,0.0,filled
2013-02-01,SH600340,buy,2300,2300,17.121778059005734,39380.08953571319,11.814026860713955,0.0,filled
2013-02-01,SH600559,buy,10100,10100,37.98035956192016,383601.6315753936,115.08048947261807,0.0,filled
2013-02-01,SH600562,buy,16500,16500,23.23310980224609,383346.3117370605,115.00389352111813,0.0,filled
2013-02-01,SH600613,buy,500,500,17.167035062789914,8583.517531394957,5.0,0.0,filled
2013-02-01,SH600684,buy,9000,9000,5.771477496147155,51943.297465324395,15.582989239597318,0.0,filled
2013-02-01,SH600809,buy,2300,2300,32.544597045898435,74852.5732055664,22.455771961669917,0.0,filled
2013-02-01,SH601886,buy,33600,33600,11.442099499702453,384454.5431900024,115.3363629570007,0.0,filled
2013-02-01,SZ000043,buy,1400,1400,7.131970350265502,9984.758490371703,5.0,0.0,filled
2013-02-01,SZ000543,buy,4300,4300,6.896742376327514,29655.99221820831,8.896797665462492,0.0,filled
2013-02-01,SZ000631,buy,5700,5700,6.204134948730468,35363.56920776367,10.6090707623291,0.0,filled
2013-02-01,SZ000732,buy,1000,1000,7.986975273132323,7986.975273132323,5.0,0.0,filled
2013-02-01,SZ000799,buy,1700,1700,29.122954486846922,49509.022627639766,14.852706788291929,0.0,filled
2013-02-01,SZ001914,buy,1400,1400,7.132987029075622,9986.18184070587,5.0,0.0,filled
2013-02-01,SZ002004,buy,24900,24900,15.442788849830626,384525.4423607826,115.35763270823476,0.0,filled
2013-02-01,SZ002421,buy,600,600,16.727932916641233,10036.75974998474,5.0,0.0,filled
2013-02-01,SZ002429,buy,300,300,5.775233957290649,1732.5701871871945,5.0,0.0,filled
2013-02-01,SZ002571,buy,32600,32600,11.785849583625792,384218.6964262008,115.26560892786023,0.0,filled
2013-02-01,SZ300058,buy,28800,28800,13.335432286262511,384060.44984436035,115.2181349533081,0.0,filled
2013-02-01,SZ300135,buy,67900,67900,5.657631903171539,384153.2062253475,115.24596186760424,0.0,filled
2013-02-01,SZ300215,buy,60700,20500,6.3332388381958005,129831.39618301392,38.949418854904174,0.0,partial_volume_or_cash
2013-02-01,SZ300262,buy,34600,0,,0.0,0.0,0.0,insufficient_cash
2013-03-01,SH600607,sell,21000,0,,0.0,0.0,0.0,missing_open
2013-03-01,SH600613,sell,22400,0,,0.0,0.0,0.0,missing_open
2013-03-01,SH600077,sell,63500,63500,5.459586599349976,346683.74905872345,104.00512471761702,346.68374905872344,filled
2013-03-01,SH600086,sell,800,800,23.677952779769896,18942.362223815915,5.682708667144774,18.942362223815916,filled
2013-03-01,SH600490,sell,6100,6100,7.939360755443573,48430.100608205794,14.529030182461737,48.4301006082058,filled
2013-03-01,SH600559,sell,10100,10100,40.22543940353393,406276.93797569274,121.88308139270781,406.27693797569276,filled
2013-03-01,SH600809,sell,11800,11800,34.50243507385254,407128.73387145996,122.13862016143798,407.12873387146,filled
2013-03-01,SH600988,sell,34600,34600,9.99316398525238,345763.4738897323,103.72904216691968,345.7634738897323,filled
2013-03-01,SH601633,sell,700,700,28.784167671203612,20148.91736984253,6.044675210952758,20.14891736984253,filled
2013-03-01,SZ000007,sell,600,600,19.638920293807985,11783.35217628479,5.0,11.78335217628479,filled
2013-03-01,SZ000042,sell,34600,34600,11.597919013023377,401287.99785060884,120.38639935518265,401.28799785060886,filled
2013-03-01,SZ000543,sell,55700,55700,6.655294830322266,370699.9220489502,111.20997661468506,370.6999220489502,filled
2013-03-01,SZ000732,sell,800,800,8.440097863197327,6752.078290557862,5.0,6.752078290557862,filled
2013-03-01,SZ000799,sell,13200,13200,28.76816577529907,379739.7882339477,113.9219364701843,379.7397882339477,filled
2013-03-01,SZ002236,sell,1400,1400,27.58065284729004,38612.913986206055,11.583874195861815,38.61291398620605,filled
2013-03-01,SZ002294,sell,300,300,32.009893032073975,9602.967909622193,5.0,9.602967909622194,filled
2013-03-01,SZ002421,sell,1200,1200,18.372160062789916,22046.5920753479,6.613977622604369,22.046592075347903,filled
2013-03-01,SZ002429,sell,66600,66600,6.389748722076416,425557.26489028934,127.6671794670868,425.55726489028933,filled
2013-03-01,SZ002571,sell,1800,1800,12.9450679063797,23301.12223148346,6.990336669445037,23.30112223148346,filled
2013-03-01,SZ300058,sell,2300,2300,15.066735809326172,34653.4923614502,10.396047708435058,34.6534923614502,filled
2013-03-01,SZ300135,sell,67900,67900,6.056150731086731,411212.63464078907,123.36379039223671,411.2126346407891,filled
2013-03-01,SH600048,buy,49400,49400,8.099857169151305,400132.94415607443,120.03988324682231,0.0,filled
2013-03-01,SH600197,buy,200,200,14.580793186187742,2916.1586372375486,5.0,0.0,filled
2013-03-01,SH600340,buy,1300,1300,16.865137779235837,21924.67911300659,6.577403733901977,0.0,filled
2013-03-01,SH600383,buy,56700,56700,7.052263686180114,399863.3510064124,119.95900530192371,0.0,filled
2013-03-01,SH600557,buy,18500,18500,21.521230794906614,398142.76970577234,119.44283091173169,0.0,filled
2013-03-01,SH600684,buy,2600,2600,5.775851601600646,15017.21416416168,5.0,0.0,filled
2013-03-01,SH601886,buy,100,100,11.84763024330139,1184.763024330139,5.0,0.0,filled
2013-03-01,SZ000043,buy,4000,4000,6.904168427467345,27616.67370986938,8.285002112960814,0.0,filled
2013-03-01,SZ000409,buy,19800,19800,20.118647438049315,398349.21927337645,119.50476578201292,0.0,filled
2013-03-01,SZ000631,buy,2300,2300,6.221708218097686,14309.928901624678,5.0,0.0,filled
2013-03-01,SZ000671,buy,700,700,9.459365801811217,6621.556061267852,5.0,0.0,filled
2013-03-01,SZ001914,buy,4000,4000,6.905152648925781,27620.610595703125,8.286183178710937,0.0,filled
2013-03-01,SZ002004,buy,900,900,15.491017610549925,13941.915849494932,5.0,0.0,filled
2013-03-01,SZ002016,buy,52300,52300,7.6475601549148555,399967.39610204694,119.99021883061407,0.0,filled
2013-03-01,SZ002353,buy,12000,12000,33.15773169326782,397892.78031921387,119.36783409576415,0.0,filled
2013-03-01,SZ300044,buy,43400,43400,9.217330375671386,400032.13830413815,120.00964149124144,0.0,filled
2013-03-01,SZ300054,buy,37800,37800,10.570378086090086,399560.29165420524,119.86808749626157,0.0,filled
2013-03-01,SZ300215,buy,37600,37600,6.878788210391997,258642.4367107391,77.59273101322172,0.0,filled
2013-03-01,SZ300262,buy,30400,10500,13.156033821105956,138138.35512161252,41.44150653648375,0.0,partial_volume_or_cash
2013-04-01,SH600607,sell,21000,0,,0.0,0.0,0.0,missing_open
2013-04-01,SZ300058,sell,26500,0,,0.0,0.0,0.0,missing_open
2013-04-01,SH600048,sell,49400,49400,7.242031648635864,357756.3634426117,107.3269090327835,357.7563634426117,filled
2013-04-01,SH600197,sell,27400,27400,11.543802575111389,316300.19055805204,94.8900571674156,316.30019055805207,filled
2013-04-01,SH600340,sell,23700,23700,15.57576301574707,369145.58347320557,110.74367504196167,369.1455834732056,filled
2013-04-01,SH600490,sell,5700,5700,8.613597819328309,49097.50757017136,14.729252271051406,49.09750757017136,filled
2013-04-01,SH600557,sell,2600,2600,24.084638734817506,62620.06071052552,18.786018213157654,62.62006071052552,filled
2013-04-01,SH600613,sell,22400,22400,16.23368521499634,363634.548815918,109.09036464477539,363.634548815918,filled
2013-04-01,SH601633,sell,1300,1300,30.577936758041382,39751.31778545379,11.925395335636138,39.75131778545379,filled
2013-04-01,SH601886,sell,33700,33700,10.297050430297851,347010.59950103756,104.10317985031126,347.0105995010376,filled
2013-04-01,SZ000007,sell,20300,20300,15.783277956962586,320400.54252634046,96.12016275790214,320.4005425263405,filled
2013-04-01,SZ000043,sell,57900,57900,5.672451066970825,328434.9167776108,98.53047503328322,328.4349167776108,filled
2013-04-01,SZ000409,sell,19800,19800,17.981651304244995,356036.69582405087,106.81100874721525,356.03669582405087,filled
2013-04-01,SZ000631,sell,64300,64300,5.3217603149414066,342189.18825073243,102.65675647521972,342.18918825073246,filled
2013-04-01,SZ000732,sell,47300,47300,9.716843559265136,459606.70035324094,137.88201010597228,459.60670035324097,filled
2013-04-01,SZ001914,sell,57900,57900,5.67325992679596,328481.7497614861,98.54452492844581,328.48174976148607,filled
2013-04-01,SZ002004,sell,25800,25800,15.393088359832763,397141.6796836853,119.14250390510558,397.1416796836853,filled
2013-04-01,SZ002016,sell,3300,3300,7.848052485466003,25898.573202037813,7.769571960611343,25.898573202037813,filled
2013-04-01,SZ002236,sell,3300,3300,34.35810551834106,113381.7482105255,34.01452446315765,113.3817482105255,filled
2013-04-01,SZ002294,sell,12400,12400,33.9494874458313,420973.6443283081,126.29209329849242,420.9736443283081,filled
2013-04-01,SZ002353,sell,2300,2300,39.48820511627197,90822.87176742553,27.246861530227658,90.82287176742554,filled
2013-04-01,SZ002571,sell,500,500,12.694977785110474,6347.488892555237,5.0,6.347488892555237,filled
2013-04-01,SZ300044,sell,43400,43400,7.720448893547058,335067.4819799423,100.52024459398268,335.06748197994233,filled
2013-04-01,SZ300054,sell,3800,3800,11.293455219268798,42915.129833221436,12.87453894996643,42.915129833221435,filled
2013-04-01,SZ300215,sell,58100,58100,7.422556014060974,431250.5044169426,129.37515132508275,431.2505044169426,filled
2013-04-01,SH600086,buy,1500,1500,20.961826429367065,31442.739644050598,9.432821893215179,0.0,filled
2013-04-01,SH600383,buy,3100,3100,6.440484610557555,19965.502292728423,5.989650687818526,0.0,filled
2013-04-01,SH600562,buy,900,900,22.071722753524778,19864.5504781723,5.95936514345169,0.0,filled
2013-04-01,SH600684,buy,12100,12100,4.737540443897247,57324.23937115669,17.197271811347004,0.0,filled
2013-04-01,SZ000042,buy,35800,35800,10.763439187049865,385331.1228963852,115.59933686891556,0.0,filled
2013-04-01,SZ000563,buy,59300,59300,6.499614745616912,385427.1544150829,115.62814632452485,0.0,filled
2013-04-01,SZ000671,buy,2600,2600,8.570820024490356,22284.132063674926,6.685239619102477,0.0,filled
2013-04-01,SZ000739,buy,72100,72100,5.340399475574493,385042.80218892096,115.51284065667627,0.0,filled
2013-04-01,SZ002008,buy,30500,30500,12.627711188316344,385145.19124364847,115.54355737309453,0.0,filled
2013-04-01,SZ002221,buy,43800,43800,8.780071616172789,384567.13678836817,115.37014103651045,0.0,filled
2013-04-01,SZ002400,buy,26100,26100,14.732779508590697,384525.5451742172,115.35766355226515,0.0,filled
2013-04-01,SZ002421,buy,600,600,17.25381838417053,10352.291030502318,5.0,0.0,filled
2013-04-01,SZ002450,buy,18000,18000,21.383094215393065,384895.6958770752,115.46870876312255,0.0,filled
2013-04-01,SZ002456,buy,20500,20500,18.761317266464232,384607.0039625168,115.38210118875503,0.0,filled
2013-04-01,SZ300017,buy,26100,26100,14.71801618671417,384140.2224732398,115.24206674197194,0.0,filled
2013-04-01,SZ300026,buy,18900,18900,20.34119031524658,384448.4969581603,115.33454908744808,0.0,filled
2013-04-01,SZ300057,buy,31200,31200,12.342213459014891,385077.0599212646,115.52311797637937,0.0,filled
2013-04-01,SZ300070,buy,14000,14000,27.391753808975217,383484.553325653,115.0453659976959,0.0,filled
2013-04-01,SZ300088,buy,21600,21600,17.824775657653806,385015.1542053222,115.50454626159666,0.0,filled
2013-04-01,SZ300128,buy,31100,31100,12.381742694854735,385072.19780998223,115.52165934299465,0.0,filled
2013-04-01,SZ300228,buy,6600,6000,57.6605425453186,345963.2552719116,103.78897658157348,0.0,partial_volume_or_cash
2013-04-01,SZ300262,buy,21100,100,12.177106729507445,1217.7106729507445,5.0,0.0,partial_volume_or_cash
2013-05-02,SZ300088,sell,21600,0,,0.0,0.0,0.0,missing_open
2013-05-02,SZ300054,sell,34000,0,,0.0,0.0,0.0,missing_open
2013-05-02,SH600607,sell,21000,0,,0.0,0.0,0.0,missing_open
2013-05-02,SH600086,sell,18300,18300,19.67951000404358,360135.0330739975,108.04050992219923,360.1350330739975,filled
2013-05-02,SH600383,sell,59800,59800,6.631041420936585,396536.27697200776,118.96088309160231,396.5362769720078,filled
2013-05-02,SH600557,sell,15900,15900,23.57220650482178,374798.0834266663,112.43942502799987,374.79808342666627,filled
2013-05-02,SH600684,sell,7800,7800,5.375623805522919,41929.865683078766,12.578959704923628,41.929865683078766,filled
2013-05-02,SH601633,sell,800,800,33.56896701049805,26855.17360839844,8.05655208251953,26.85517360839844,filled
2013-05-02,SZ000042,sell,35800,35800,11.187045850753783,400496.2414569854,120.14887243709562,400.49624145698544,filled
2013-05-02,SZ000563,sell,59300,59300,7.8389721050262455,464851.04582805635,139.4553137484169,464.85104582805633,filled
2013-05-02,SZ000671,sell,4900,4900,9.864976375579834,48338.38424034119,14.501515272102356,48.33838424034119,filled
2013-05-02,SZ000739,sell,72100,72100,4.634864928245545,334173.76132650377,100.25212839795113,334.1737613265038,filled
2013-05-02,SZ002008,sell,30500,30500,10.519739353179931,320852.0502719879,96.25561508159636,320.85205027198793,filled
2013-05-02,SZ002016,sell,49000,49000,7.4449854397773745,364804.28654909134,109.4412859647274,364.80428654909133,filled
2013-05-02,SZ002221,sell,43800,43800,10.448983649253845,457665.48383731843,137.2996451511955,457.66548383731845,filled
2013-05-02,SZ002236,sell,400,400,36.82665043258667,14730.660173034667,5.0,14.730660173034666,filled
2013-05-02,SZ002353,sell,100,100,40.857036026000976,4085.703602600098,5.0,4.085703602600098,filled
2013-05-02,SZ002400,sell,26100,26100,16.53578911972046,431584.096024704,129.47522880741118,431.584096024704,filled
2013-05-02,SZ002450,sell,800,800,22.92371242904663,18338.969943237305,5.5016909829711915,18.338969943237306,filled
2013-05-02,SZ002456,sell,3300,3300,22.8849576587677,75520.36027393342,22.656108082180022,75.52036027393342,filled
2013-05-02,SZ300017,sell,26100,26100,16.470062828063966,429868.63981246954,128.96059194374084,429.86863981246955,filled
2013-05-02,SZ300058,sell,26500,26500,17.871939805984496,473606.4048585892,142.08192145757673,473.6064048585892,filled
2013-05-02,SZ300070,sell,14000,14000,26.53312506866455,371463.7509613037,111.4391252883911,371.46375096130373,filled
2013-05-02,SZ300128,sell,31100,31100,11.910601927757263,370419.7199532509,111.12591598597525,370.4197199532509,filled
2013-05-02,SH600256,buy,33000,33000,11.988603977203368,395623.9312477112,118.68717937431335,0.0,filled
2013-05-02,SH600291,buy,48400,48400,8.180601513862609,395941.11327095027,118.78233398128508,0.0,filled
2013-05-02,SH600332,buy,11900,11900,33.16524652481079,394666.4336452484,118.39993009357451,0.0,filled
2013-05-02,SH600340,buy,23500,23500,16.85227321243286,396028.4204921722,118.80852614765165,0.0,filled
2013-05-02,SH600352,buy,40500,40500,9.762052562713622,395363.1287899017,118.60893863697049,0.0,filled
2013-05-02,SH600490,buy,5800,5800,7.857430345535278,45573.09600410461,13.671928801231383,0.0,filled
2013-05-02,SH600562,buy,1100,1100,21.349119005203246,23484.03090572357,7.045209271717071,0.0,filled
2013-05-02,SZ000625,buy,38700,38700,10.2155504989624,395341.8043098449,118.60254129295346,0.0,filled
2013-05-02,SZ000661,buy,4400,4400,89.89743244171142,395548.7027435302,118.66461082305905,0.0,filled
2013-05-02,SZ000732,buy,37400,37400,10.580597378730772,395714.3419645309,118.71430258935925,0.0,filled
2013-05-02,SZ002241,buy,14400,14400,27.427844474792476,394960.9604370117,118.48828813110349,0.0,filled
2013-05-02,SZ002273,buy,18500,18500,21.389473039627074,395705.2512331009,118.71157536993026,0.0,filled
2013-05-02,SZ002421,buy,600,600,17.285596040725707,10371.357624435424,5.0,0.0,filled
2013-05-02,SZ002571,buy,2600,2600,12.019549198150633,31250.827915191647,9.375248374557493,0.0,filled
2013-05-02,SZ002635,buy,9800,9800,40.19912503051757,393951.4252990722,118.18542758972164,0.0,filled
2013-05-02,SZ300026,buy,800,800,20.0756166267395,16060.4933013916,5.0,0.0,filled
2013-05-02,SZ300057,buy,1200,1200,12.205425768852233,14646.51092262268,5.0,0.0,filled
2013-05-02,SZ300074,buy,36500,36500,10.854505924224853,396189.46623420715,118.85683987026214,0.0,filled
2013-05-02,SZ300228,buy,500,500,60.24907361984252,30124.53680992126,9.037361042976377,0.0,filled
2013-05-02,SZ300251,buy,28400,28400,13.909007149696349,395015.8030513763,118.50474091541288,0.0,filled
2013-05-02,SZ300262,buy,21800,21800,12.224393272399901,266491.7733383178,79.94753200149533,0.0,filled
2013-05-02,SZ300270,buy,20200,9900,19.591249839782712,193953.37341384884,58.18601202415464,0.0,partial_volume_or_cash
2013-05-02,SZ300273,buy,32800,0,,0.0,0.0,0.0,insufficient_cash
2013-06-03,SZ300088,sell,21600,0,,0.0,0.0,0.0,missing_open
2013-06-03,SH600607,sell,21000,0,,0.0,0.0,0.0,missing_open
2013-06-03,SH600256,sell,33000,33000,14.110563460350036,465648.5941915512,139.69457825746534,465.64859419155124,filled
2013-06-03,SH600291,sell,48400,48400,9.036234223365783,437353.7364109039,131.20612092327116,437.35373641090393,filled
2013-06-03,SH600340,sell,3200,3200,22.01497699356079,70447.92637939453,21.134377913818355,70.44792637939453,filled
2013-06-03,SH600490,sell,50400,50400,7.328107576847076,369336.6218730926,110.80098656192777,369.3366218730926,filled
2013-06-03,SH600562,sell,18500,18500,23.288852142333983,430843.7646331787,129.2531293899536,430.8437646331787,filled
2013-06-03,SZ000671,sell,5800,5800,13.069038774490357,75800.42489204407,22.74012746761322,75.80042489204408,filled
2013-06-03,SZ002241,sell,14400,14400,34.7706297454834,500697.0683349609,150.20912050048827,500.69706833496093,filled
2013-06-03,SZ002273,sell,18500,18500,21.759015254974365,402541.78221702576,120.76253466510772,402.54178221702574,filled
2013-06-03,SZ002353,sell,300,300,48.08612020111084,14425.836060333251,5.0,14.425836060333252,filled
2013-06-03,SZ002421,sell,22900,22900,18.688926338195802,427976.4131446839,128.39292394340515,427.9764131446839,filled
2013-06-03,SZ002450,sell,600,600,26.832271728515625,16099.363037109375,5.0,16.099363037109374,filled
2013-06-03,SZ002571,sell,3700,3700,15.292618251800537,56582.687531661984,16.974806259498592,56.58268753166199,filled
2013-06-03,SZ002635,sell,9800,9800,55.56320899200439,544519.448121643,163.3558344364929,544.5194481216431,filled
2013-06-03,SZ300026,sell,400,400,23.170428966522216,9268.171586608887,5.0,9.268171586608887,filled
2013-06-03,SZ300054,sell,34000,34000,12.291288136482239,417903.7966403961,125.37113899211883,417.90379664039614,filled
2013-06-03,SZ300057,sell,3900,3900,15.696208817481995,61215.21438817978,18.364564316453933,61.21521438817978,filled
2013-06-03,SZ300228,sell,1200,1200,83.63820952606201,100365.85143127442,30.109755429382325,100.36585143127442,filled
2013-06-03,SZ300262,sell,1500,1500,14.452839783668518,21679.259675502777,6.503777902650833,21.679259675502777,filled
2013-06-03,SH600332,buy,100,100,37.302210929870604,3730.2210929870603,5.0,0.0,filled
2013-06-03,SH600352,buy,2800,2800,10.342833912849425,28959.93495597839,8.687980486793517,0.0,filled
2013-06-03,SH600684,buy,1000,1000,6.013890000343322,6013.890000343322,5.0,0.0,filled
2013-06-03,SH600804,buy,34700,34700,12.902707055091856,447723.9348116874,134.3171804435062,0.0,filled
2013-06-03,SH601633,buy,900,900,35.47850489044189,31930.6544013977,9.579196320419308,0.0,filled
2013-06-03,SZ000625,buy,5100,5100,10.21603926849365,52101.80026931762,15.630540080795283,0.0,filled
2013-06-03,SZ000661,buy,300,300,94.35108513641356,28305.325540924066,8.491597662277218,0.0,filled
2013-06-03,SZ000732,buy,5100,5100,10.527946781158446,53692.528583908075,16.107758575172422,0.0,filled
2013-06-03,SZ002016,buy,51900,51900,8.622949395179747,447531.0736098289,134.25932208294864,0.0,filled
2013-06-03,SZ002049,buy,30100,30100,14.884442212104796,448021.71058435435,134.4065131753063,0.0,filled
2013-06-03,SZ002236,buy,200,200,40.76955725860595,8153.91145172119,5.0,0.0,filled
2013-06-03,SZ002456,buy,1500,1500,23.917243951797484,35875.86592769623,10.762759778308867,0.0,filled
2013-06-03,SZ002554,buy,29400,29400,15.243676362037657,448164.0850439071,134.4492255131721,0.0,filled
2013-06-03,SZ300027,buy,29500,29500,15.185526152610777,447973.0215020179,134.39190645060538,0.0,filled
2013-06-03,SZ300074,buy,1500,1500,11.769035720825194,17653.55358123779,5.296066074371336,0.0,filled
2013-06-03,SZ300083,buy,22800,22800,19.61682432365417,447263.5945793151,134.1790783737945,0.0,filled
2013-06-03,SZ300207,buy,25900,25900,17.27669508934021,447466.4028139114,134.2399208441734,0.0,filled
2013-06-03,SZ300233,buy,24000,24000,18.66072429656982,447857.3831176757,134.3572149353027,0.0,filled
2013-06-03,SZ300251,buy,1100,1100,15.16765551662445,16684.421068286894,5.005326320486068,0.0,filled
2013-06-03,SZ300270,buy,13000,13000,19.555756771087644,254224.83802413938,76.26745140724181,0.0,filled
2013-06-03,SZ300293,buy,41600,27500,10.761498428344725,295941.2067794799,88.78236203384397,0.0,partial_volume_or_cash
2013-07-01,SZ300027,sell,29500,0,,0.0,0.0,0.0,missing_open
2013-07-01,SH600607,sell,21000,0,,0.0,0.0,0.0,missing_open
2013-07-01,SH600340,sell,700,700,21.215286151885987,14850.700306320192,5.0,14.850700306320192,filled
2013-07-01,SH601633,sell,12600,12600,34.43245964813232,433848.9915664673,130.15469746994017,433.8489915664673,filled
2013-07-01,SZ000625,sell,43800,43800,9.201965695381164,403046.097457695,120.91382923730849,403.046097457695,filled
2013-07-01,SZ000661,sell,500,500,97.2266658782959,48613.33293914795,14.583999881744383,48.61333293914795,filled
2013-07-01,SZ000732,sell,42500,42500,9.04732389163971,384511.26539468765,115.35337961840628,384.51126539468765,filled
2013-07-01,SZ002016,sell,51900,51900,7.028689391613007,364788.97942471504,109.4366938274145,364.788979424715,filled
2013-07-01,SZ002049,sell,30100,30100,13.462375207901001,405217.4937578201,121.56524812734602,405.21749375782014,filled
2013-07-01,SZ002353,sell,400,400,46.23487347793579,18493.949391174316,5.548184817352294,18.493949391174315,filled
2013-07-01,SZ002450,sell,1800,1800,28.02586301422119,50446.55342559814,15.13396602767944,50.44655342559814,filled
2013-07-01,SZ002456,sell,1400,1400,23.98413813972473,33577.79339561462,10.073338018684385,33.57779339561462,filled
2013-07-01,SZ300026,sell,700,700,22.28648141670227,15600.536991691588,5.0,15.600536991691587,filled
2013-07-01,SZ300074,sell,5400,5400,12.74135336780548,68803.30818614959,20.640992455844874,68.8033081861496,filled
2013-07-01,SZ300088,sell,21600,21600,20.504648014068604,442900.3971038818,132.87011913116453,442.9003971038818,filled
2013-07-01,SZ300207,sell,25900,25900,17.651087728500364,457163.17216815945,137.14895165044783,457.16317216815946,filled
2013-07-01,SZ300233,sell,24000,24000,15.51907423210144,372457.78157043457,111.73733447113037,372.4577815704346,filled
2013-07-01,SZ300251,sell,3200,3200,15.795126943588256,50544.40621948242,15.163321865844726,50.544406219482426,filled
2013-07-01,SZ300262,sell,30900,30900,12.378892704963684,382507.7845833778,114.75233537501333,382.5077845833778,filled
2013-07-01,SZ300270,sell,2000,2000,19.858442373275757,39716.884746551514,11.915065423965453,39.716884746551514,filled
2013-07-01,SH600038,buy,18500,18500,22.44629777526855,415256.5088424682,124.57695265274045,0.0,filled
2013-07-01,SH600332,buy,200,200,34.01724055099487,6803.448110198974,5.0,0.0,filled
2013-07-01,SH600352,buy,2100,2100,9.183431535720825,19285.20622501373,5.785561867504119,0.0,filled
2013-07-01,SH600684,buy,10700,10700,4.888484312534332,52306.78214411735,15.692034643235203,0.0,filled
2013-07-01,SH600804,buy,5400,5400,10.396994731903074,56143.7715522766,16.84313146568298,0.0,filled
2013-07-01,SZ000563,buy,56600,56600,7.362221371173858,416701.72960844036,125.0105188825321,0.0,filled
2013-07-01,SZ000671,buy,1900,1900,11.543713921546935,21933.056450939177,6.579916935281752,0.0,filled
2013-07-01,SZ000977,buy,34700,34700,11.996339327812194,416272.9746750831,124.88189240252493,0.0,filled
2013-07-01,SZ002236,buy,100,100,37.89739093399047,3789.7390933990473,5.0,0.0,filled
2013-07-01,SZ002241,buy,11600,11600,35.70815783691406,414214.63090820314,124.26438927246093,0.0,filled
2013-07-01,SZ002467,buy,48400,48400,8.609878628730772,416718.1256305694,125.01543768917081,0.0,filled
2013-07-01,SZ002554,buy,7300,7300,11.337533368110655,82763.99358720779,24.829198076162335,0.0,filled
2013-07-01,SZ002571,buy,700,700,13.902425944328307,9731.698161029815,5.0,0.0,filled
2013-07-01,SZ002635,buy,9300,9300,44.739519042968745,416077.5270996093,124.82325812988279,0.0,filled
2013-07-01,SZ300057,buy,900,900,14.179937255859373,12761.943530273436,5.0,0.0,filled
2013-07-01,SZ300075,buy,23000,23000,18.12745191764831,416931.3941059112,125.07941823177335,0.0,filled
2013-07-01,SZ300083,buy,1800,1800,16.902410274505613,30424.338494110103,9.12730154823303,0.0,filled
2013-07-01,SZ300241,buy,33500,33500,12.413483120918272,415851.6845507621,124.75550536522863,0.0,filled
2013-07-01,SZ300273,buy,25600,21900,16.2724340801239,356366.30635471345,106.90989190641403,0.0,partial_volume_or_cash
2013-07-01,SZ300293,buy,20100,100,8.745874932289123,874.5874932289123,5.0,0.0,partial_volume_or_cash
2013-08-01,SH600607,sell,21000,0,,0.0,0.0,0.0,missing_open
2013-08-01,SH600038,sell,18500,18500,23.376555793762208,432466.28218460083,129.73988465538025,432.46628218460086,filled
2013-08-01,SH600332,sell,12200,12200,35.155753726959226,428900.19546890253,128.67005864067076,428.90019546890255,filled
2013-08-01,SH600804,sell,8100,8100,14.337431015968322,116133.19122934341,34.83995736880302,116.13319122934341,filled
2013-08-01,SZ000563,sell,56600,56600,8.411400012016296,476085.24068012234,142.8255722040367,476.08524068012235,filled
2013-08-01,SZ000977,sell,1700,1700,13.878754142761231,23593.88204269409,7.0781646128082265,23.59388204269409,filled
2013-08-01,SZ002467,sell,48400,48400,9.614516598701478,465342.60337715154,139.60278101314546,465.34260337715153,filled
2013-08-01,SZ002571,sell,500,500,15.58245968914032,7791.22984457016,5.0,7.79122984457016,filled
2013-08-01,SZ002635,sell,9300,9300,53.314475784301756,495824.62479400635,148.74738743820188,495.82462479400635,filled
2013-08-01,SZ300027,sell,29500,29500,19.895678506851198,586922.5159521103,176.07675478563309,586.9225159521103,filled
2013-08-01,SZ300074,sell,6300,6300,17.386669641494752,109536.01874141693,32.860805622425076,109.53601874141694,filled
2013-08-01,SZ300075,sell,5800,5800,26.573116470336913,154124.0755279541,46.23722265838622,154.1240755279541,filled
2013-08-01,SZ300083,sell,1300,1300,19.654066646575927,25550.286640548704,7.66508599216461,25.550286640548705,filled
2013-08-01,SZ300241,sell,1900,1900,14.48278284072876,27517.287397384644,8.255186219215393,27.517287397384646,filled
2013-08-01,SZ300251,sell,2400,2400,19.183180658340454,46039.63358001709,13.811890074005127,46.039633580017096,filled
2013-08-01,SZ300270,sell,20900,20900,18.659938859939576,389992.7221727371,116.99781665182113,389.9927221727371,filled
2013-08-01,SH600340,buy,1300,1300,21.925460380554195,28503.098494720452,8.550929548416136,0.0,filled
2013-08-01,SH600352,buy,500,500,9.999101966857909,4999.550983428954,5.0,0.0,filled
2013-08-01,SH600684,buy,7300,7300,4.970677782535552,36285.947812509534,10.88578434375286,0.0,filled
2013-08-01,SH601633,buy,12600,12600,36.43273957443237,459052.51863784785,137.71575559135434,0.0,filled
2013-08-01,SZ000661,buy,100,100,105.71722202301024,10571.722202301024,5.0,0.0,filled
2013-08-01,SZ000671,buy,4100,4100,11.434619034767149,46881.93804254531,14.064581412763593,0.0,filled
2013-08-01,SZ002236,buy,1200,1200,37.51815159988403,45021.781919860834,13.506534575958248,0.0,filled
2013-08-01,SZ002241,buy,1400,1400,35.10985047149658,49153.79066009521,14.746137198028562,0.0,filled
2013-08-01,SZ002353,buy,1300,1300,44.93165129089355,58411.14667816161,17.523344003448482,0.0,filled
2013-08-01,SZ002450,buy,2700,2700,26.1988182144165,70736.80917892455,21.221042753677363,0.0,filled
2013-08-01,SZ002456,buy,2400,2400,23.279035045623775,55869.68410949706,16.760905232849115,0.0,filled
2013-08-01,SZ002554,buy,600,600,12.303576800346374,7382.1460802078245,5.0,0.0,filled
2013-08-01,SZ002573,buy,23300,23300,19.723139333724973,459549.1464757919,137.86474394273756,0.0,filled
2013-08-01,SZ300014,buy,31700,31700,14.498699952125548,459608.78848237987,137.88263654471396,0.0,filled
2013-08-01,SZ300052,buy,24500,24500,18.739473468780517,459117.0999851227,137.7351299955368,0.0,filled
2013-08-01,SZ300057,buy,7900,7900,12.297965497016905,97153.92742643355,29.146178227930065,0.0,filled
2013-08-01,SZ300071,buy,47900,47900,9.595640856742857,459631.19703798287,137.88935911139484,0.0,filled
2013-08-01,SZ300088,buy,23600,23600,19.421440612792967,458345.998461914,137.50379953857419,0.0,filled
2013-08-01,SZ300228,buy,1000,1000,71.93211263275145,71932.11263275145,21.579633789825433,0.0,filled
2013-08-01,SZ300273,buy,7000,7000,15.871677431106566,111101.74201774596,33.330522605323786,0.0,filled
2013-08-01,SZ300293,buy,5000,5000,14.079611581802366,70398.05790901183,21.119417372703545,0.0,filled
2013-09-02,SH600607,sell,21000,0,,0.0,0.0,0.0,missing_open
2013-09-02,SH600340,sell,20900,20900,24.246786071777343,506757.8289001465,152.02734867004392,506.7578289001465,filled
2013-09-02,SH600352,sell,4700,4700,11.79388983821869,55431.28223962784,16.629384671888353,55.43128223962784,filled
2013-09-02,SH600684,sell,92500,92500,5.57420175075531,515613.6619448662,154.68409858345984,515.6136619448662,filled
2013-09-02,SH601633,sell,1500,1500,43.820805130004885,65731.20769500732,19.719362308502195,65.73120769500733,filled
2013-09-02,SZ000661,sell,4300,4300,112.35625076293945,483131.87828063965,144.9395634841919,483.1318782806397,filled
2013-09-02,SZ000671,sell,40200,40200,12.353856159210205,496625.0176002502,148.98750528007506,496.6250176002502,filled
2013-09-02,SZ000977,sell,33000,33000,18.8748535823822,622870.1682186127,186.8610504655838,622.8701682186127,filled
2013-09-02,SZ002236,sell,900,900,42.81784943389893,38536.06449050904,11.56081934715271,38.53606449050904,filled
2013-09-02,SZ002241,sell,13000,13000,40.81328709411621,530572.7322235107,159.1718196670532,530.5727322235108,filled
2013-09-02,SZ002450,sell,17500,17500,26.33453807258606,460854.41627025604,138.2563248810768,460.854416270256,filled
2013-09-02,SZ002554,sell,37300,37300,10.777488395690918,402000.3171592713,120.60009514778137,402.0003171592713,filled
2013-09-02,SZ002571,sell,29400,29400,15.083692331314086,443460.55454063416,133.03816636219022,443.4605545406342,filled
2013-09-02,SZ300014,sell,3900,3900,17.4817530670166,68178.83696136475,20.453651088409423,68.17883696136475,filled
2013-09-02,SZ300026,sell,18600,18600,25.694984327316284,477926.70848808286,143.37801254642486,477.92670848808285,filled
2013-09-02,SZ300052,sell,24500,24500,30.45394207191467,746121.5807619095,223.83647422857283,746.1215807619095,filled
2013-09-02,SZ300057,sell,37300,37300,15.349565222740173,572538.7828082085,171.76163484246254,572.5387828082085,filled
2013-09-02,SZ300071,sell,2100,2100,10.628500036239624,22319.85007610321,6.695955022830962,22.319850076103208,filled
2013-09-02,SZ300088,sell,23600,23600,18.05875689125061,426186.6626335144,127.8559987900543,426.1866626335144,filled
2013-09-02,SZ300241,sell,31600,31600,11.59896510028839,366527.2971691131,109.95818915073393,366.5272971691131,filled
2013-09-02,SZ300273,sell,28900,28900,15.096961824417114,436302.1967256546,130.89065901769638,436.3021967256546,filled
2013-09-02,SH600038,buy,19100,19100,25.414135007858274,485409.978650093,145.6229935950279,0.0,filled
2013-09-02,SH600067,buy,59600,59600,8.177849321365356,487399.8195533752,146.21994586601255,0.0,filled
2013-09-02,SH600280,buy,38100,38100,12.779531405448912,486900.14654760354,146.07004396428104,0.0,filled
2013-09-02,SH600633,buy,28800,28800,16.932450508117675,487654.5746337891,146.2963723901367,0.0,filled
2013-09-02,SH600804,buy,1100,1100,14.724590709686277,16197.049780654905,5.0,0.0,filled
2013-09-02,SZ002219,buy,34300,34300,14.188438218116758,486663.4308814048,145.9990292644214,0.0,filled
2013-09-02,SZ002305,buy,53500,53500,9.10976671218872,487372.5191020965,146.21175573062894,0.0,filled
2013-09-02,SZ002353,buy,1000,1000,43.336819221496576,43336.819221496575,13.001045766448971,0.0,filled
2013-09-02,SZ002456,buy,1700,1700,22.705855398178098,38599.954176902764,11.579986253070828,0.0,filled
2013-09-02,SZ002467,buy,46900,46900,10.381339787483213,486884.8360329627,146.0654508098888,0.0,filled
2013-09-02,SZ002573,buy,3800,3800,17.984960325241087,68342.84923591613,20.50285477077484,0.0,filled
2013-09-02,SZ300017,buy,18300,18300,26.569800016403196,486227.3403001785,145.86820209005353,0.0,filled
2013-09-02,SZ300055,buy,15000,15000,32.415894100189206,486238.4115028381,145.8715234508514,0.0,filled
2013-09-02,SZ300074,buy,2000,2000,17.221775341033933,34443.550682067864,10.333065204620357,0.0,filled
2013-09-02,SZ300075,buy,2100,2100,25.199933670043944,52919.86070709228,15.875958212127683,0.0,filled
2013-09-02,SZ300178,buy,39100,39100,12.450184748649596,486802.2236721992,146.04066710165975,0.0,filled
2013-09-02,SZ300205,buy,40900,40900,11.918782485961913,487478.2036758422,146.24346110275266,0.0,filled
2013-09-02,SZ300212,buy,21000,21000,23.215435819625853,487524.1522121429,146.25724566364286,0.0,filled
2013-09-02,SZ300228,buy,800,800,67.84167679595947,54273.34143676758,16.28200243103027,0.0,filled
2013-09-02,SZ300244,buy,19200,19200,25.371453590393063,487131.9089355468,146.13957268066403,0.0,filled
2013-09-02,SZ300251,buy,3100,3100,18.012663629531858,55839.257251548755,16.751777175464625,0.0,filled
2013-09-02,SZ300253,buy,18500,18500,26.229310941696163,485242.25242137903,145.5726757264137,0.0,filled
2013-09-02,SZ300274,buy,50300,50300,9.678865324974058,486846.92584619514,146.05407775385854,0.0,filled
2013-09-02,SZ300293,buy,2700,2700,13.81373909473419,37297.09555578231,11.189128666734693,0.0,filled
2013-10-08,SH600607,sell,21000,0,,0.0,0.0,0.0,missing_open
2013-10-08,SH600038,sell,19100,19100,25.554924865722658,488099.06493530277,146.42971948059082,488.0990649353028,filled
2013-10-08,SH600280,sell,1800,1800,15.503850708961487,27906.931276130676,8.372079382839202,27.906931276130678,filled
2013-10-08,SH600633,sell,5500,5500,24.189411329269408,133041.76231098175,39.91252869329452,133.04176231098177,filled
2013-10-08,SH600804,sell,2700,2700,18.504439607620238,49961.98694057464,14.988596082172391,49.96198694057465,filled
2013-10-08,SZ002219,sell,34300,34300,14.173793623924256,486161.121300602,145.84833639018058,486.161121300602,filled
2013-10-08,SZ002305,sell,53500,53500,8.62714741230011,461552.3865580559,138.46571596741674,461.5523865580559,filled
2013-10-08,SZ002467,sell,4100,4100,13.144396119117737,53892.02408838272,16.167607226514814,53.89202408838272,filled
2013-10-08,SZ002573,sell,27100,27100,21.127862600326537,572565.0764688492,171.76952294065475,572.5650764688493,filled
2013-10-08,SZ300055,sell,15000,15000,35.0378793182373,525568.1897735596,157.67045693206785,525.5681897735595,filled
2013-10-08,SZ300071,sell,18100,18100,20.34995095252991,368334.1122407914,110.5002336722374,368.3341122407914,filled
2013-10-08,SZ300178,sell,200,200,14.472952669143677,2894.5905338287353,5.0,2.8945905338287354,filled
2013-10-08,SZ300205,sell,4700,4700,15.533754704475403,73008.64711103438,21.902594133310313,73.00864711103439,filled
2013-10-08,SZ300244,sell,19200,19200,33.870895614624025,650321.1958007812,195.09635874023436,650.3211958007813,filled
2013-10-08,SZ300251,sell,9600,9600,32.38654542160034,310910.83604736323,93.27325081420896,310.91083604736326,filled
2013-10-08,SZ300274,sell,11700,11700,14.579087654113769,170575.3255531311,51.17259766593932,170.57532555313108,filled
2013-10-08,SZ300293,sell,35300,35300,13.81291543006897,487595.91468143463,146.27877440443038,487.59591468143464,filled
2013-10-08,SH600067,buy,15800,15800,7.487255204200744,118298.63222637174,35.48958966791152,0.0,filled
2013-10-08,SH600352,buy,6100,6100,11.916383505821226,72689.93938550948,21.806981815652843,0.0,filled
2013-10-08,SH600566,buy,35100,35100,16.078335298538207,564349.568978691,169.30487069360728,0.0,filled
2013-10-08,SH601012,buy,34000,34000,16.57001453590393,563380.4942207336,169.01414826622008,0.0,filled
2013-10-08,SH601633,buy,200,200,49.76565450668335,9953.13090133667,5.0,0.0,filled
2013-10-08,SZ000625,buy,55700,55700,10.133943170547484,564460.6345994949,169.33819037984844,0.0,filled
2013-10-08,SZ000732,buy,47100,47100,11.989916590690612,564725.0714215278,169.4175214264583,0.0,filled
2013-10-08,SZ002236,buy,1200,1200,45.12759441375732,54153.11329650879,16.245933988952636,0.0,filled
2013-10-08,SZ002353,buy,900,900,46.55970059585571,41903.73053627014,12.57111916088104,0.0,filled
2013-10-08,SZ002410,buy,30700,30700,18.34298209762573,563129.5503971098,168.93886511913294,0.0,filled
2013-10-08,SZ002456,buy,5200,5200,21.17612704849243,110115.86065216063,33.03475819564819,0.0,filled
2013-10-08,SZ300014,buy,2600,2600,18.552022716522213,48235.25906295775,14.470577718887325,0.0,filled
2013-10-08,SZ300017,buy,1100,1100,28.99564911651611,31895.21402816772,9.568564208450315,0.0,filled
2013-10-08,SZ300052,buy,12900,12900,43.70449610137939,563787.9997077942,169.13639991233825,0.0,filled
2013-10-08,SZ300074,buy,1000,1000,19.229665395736692,19229.66539573669,5.768899618721007,0.0,filled
2013-10-08,SZ300075,buy,500,500,28.519755607604978,14259.877803802488,5.0,0.0,filled
2013-10-08,SZ300083,buy,7300,7300,18.427386486053464,134519.92134819028,40.35597640445708,0.0,filled
2013-10-08,SZ300212,buy,4100,4100,22.467452331542965,92116.55455932616,27.634966367797848,0.0,filled
2013-10-08,SZ300228,buy,100,100,77.47985301208496,7747.985301208496,5.0,0.0,filled
2013-10-08,SZ300253,buy,700,700,29.402341642379756,20581.63914966583,6.174491744899748,0.0,filled
2013-10-08,SZ300303,buy,33500,33500,16.850037473678587,564476.2553682326,169.34287661046977,0.0,filled
2013-11-01,SH600607,sell,21000,0,,0.0,0.0,0.0,missing_open
2013-11-01,SH600067,sell,75400,75400,7.142621918678284,538553.6926683426,161.56610780050278,538.5536926683426,filled
2013-11-01,SH600280,sell,36300,36300,13.803042386054992,501050.4386137962,150.31513158413884,501.0504386137962,filled
2013-11-01,SH600352,sell,2800,2800,11.628160271644592,32558.84876060486,9.767654628181457,32.55884876060486,filled
2013-11-01,SH601012,sell,34000,34000,15.183011552810669,516222.39279556274,154.86671783866882,516.2223927955628,filled
2013-11-01,SH601633,sell,11300,11300,40.546712047576904,458177.846137619,137.4533538412857,458.177846137619,filled
2013-11-01,SZ000625,sell,10700,10700,11.491229544639587,122956.15612764358,36.886846838293074,122.95615612764358,filled
2013-11-01,SZ000732,sell,47100,47100,11.358002042770385,534961.8962144852,160.48856886434552,534.9618962144851,filled
2013-11-01,SZ002236,sell,12500,12500,40.03124063873291,500390.5079841614,150.1171523952484,500.3905079841614,filled
2013-11-01,SZ002353,sell,12100,12100,50.04290550613403,605519.1566242218,181.65574698726653,605.5191566242219,filled
2013-11-01,SZ002410,sell,4800,4800,19.930005031585694,95664.02415161133,28.699207245483397,95.66402415161133,filled
2013-11-01,SZ002456,sell,26600,26600,20.924567258834838,556593.4890850066,166.97804672550197,556.5934890850067,filled
2013-11-01,SZ300014,sell,3200,3200,18.980556032180786,60737.77930297852,18.221333790893553,60.73777930297852,filled
2013-11-01,SZ300017,sell,4700,4700,35.02341701889038,164610.05998878478,49.38301799663543,164.61005998878477,filled
2013-11-01,SZ300083,sell,30600,30600,16.54180269241333,506179.1623878479,151.85374871635435,506.1791623878479,filled
2013-11-01,SZ300178,sell,38900,38900,11.97930166053772,465994.8345949173,139.79845037847517,465.99483459491734,filled
2013-11-01,SZ300205,sell,3200,3200,15.677920392036437,50169.3452545166,15.050803576354978,50.1693452545166,filled
2013-11-01,SZ300212,sell,25100,25100,24.332241302490235,610739.2566925049,183.22177700775146,610.7392566925049,filled
2013-11-01,SZ300228,sell,100,100,72.49681233215333,7249.681233215332,5.0,7.249681233215332,filled
2013-11-01,SZ300251,sell,17400,17400,19.855559440612794,345486.7342666626,103.64602027999878,345.4867342666626,filled
2013-11-01,SZ300253,sell,19200,19200,26.79635606575012,514490.0364624023,154.34701093872067,514.4900364624024,filled
2013-11-01,SZ300274,sell,6900,6900,16.306059591293334,112511.811179924,33.7535433539772,112.511811179924,filled
2013-11-01,SZ300303,sell,600,600,15.70662300682068,9423.973804092408,5.0,9.423973804092407,filled
2013-11-01,SH600284,buy,48900,48900,10.601329034805296,518404.989801979,155.5214969405937,0.0,filled
2013-11-01,SH600340,buy,21900,21900,23.67000484848022,518373.10618171684,155.51193185451504,0.0,filled
2013-11-01,SH600398,buy,99900,99900,5.188577826499938,518338.92486734386,155.50167746020315,0.0,filled
2013-11-01,SH600566,buy,1500,1500,14.136555141448973,21204.83271217346,6.361449813652037,0.0,filled
2013-11-01,SH600633,buy,8400,8400,16.34034440612793,137258.8930114746,41.17766790344238,0.0,filled
2013-11-01,SH600661,buy,35100,35100,14.767795263290404,518349.6137414932,155.50488412244795,0.0,filled
2013-11-01,SH600804,buy,2200,2200,15.897717773437499,34974.9791015625,10.49249373046875,0.0,filled
2013-11-01,SZ002183,buy,64600,64600,8.023196722984313,518298.50830478664,155.48955249143597,0.0,filled
2013-11-01,SZ002305,buy,62200,62200,8.331510061264037,518219.9258106231,155.46597774318693,0.0,filled
2013-11-01,SZ002312,buy,39000,39000,13.280123049736021,517924.79893970484,155.37743968191143,0.0,filled
2013-11-01,SZ002440,buy,38200,38200,13.556265424728393,517849.3392246246,155.35480176738739,0.0,filled
2013-11-01,SZ002467,buy,6400,6400,10.532591046333312,67408.5826965332,20.222574808959955,0.0,filled
2013-11-01,SZ002573,buy,22400,22400,23.09840606498718,517404.29585571284,155.22128875671385,0.0,filled
2013-11-01,SZ002681,buy,33900,33900,15.265022798538206,517484.2728704452,155.24528186113355,0.0,filled
2013-11-01,SZ300052,buy,4600,4600,29.49522694587707,135678.04395103452,40.70341318531035,0.0,filled
2013-11-01,SZ300071,buy,14500,14500,12.269088000297545,177901.7760043144,53.37053280129431,0.0,filled
2013-11-01,SZ300074,buy,2100,2100,16.48996516036987,34628.92683677673,10.388678051033018,0.0,filled
2013-11-01,SZ300075,buy,1700,1700,24.104816896438596,40978.18872394561,12.293456617183683,0.0,filled
2013-11-01,SZ300097,buy,49400,49400,10.499825349807738,518691.3722805022,155.60741168415066,0.0,filled
2013-11-01,SZ300124,buy,20600,20600,25.145422502517697,517995.70355186454,155.39871106555935,0.0,filled
2013-11-01,SZ300273,buy,29200,29200,17.728892822265625,517683.67041015625,155.30510112304685,0.0,filled
2013-12-02,SZ300071,sell,42200,0,,0.0,0.0,0.0,missing_open
2013-12-02,SH600607,sell,21000,0,,0.0,0.0,0.0,missing_open
2013-12-02,SH600284,sell,48900,48900,10.296454979896545,503496.64851694106,151.04899455508232,503.4966485169411,filled
2013-12-02,SH600340,sell,21900,21900,21.13208124732971,462792.5793165207,138.8377737949562,462.79257931652074,filled
2013-12-02,SH600352,sell,1400,1400,13.10887011909485,18352.41816673279,5.5057254500198365,18.35241816673279,filled
2013-12-02,SH600398,sell,99900,99900,6.594652256011963,658805.7603755951,197.6417281126785,658.8057603755951,filled
2013-12-02,SH600566,sell,100,100,15.486554065704345,1548.6554065704345,5.0,1.5486554065704345,filled
2013-12-02,SH600661,sell,35100,0,,0.0,0.0,0.0,price_limit
2013-12-02,SZ002183,sell,64600,64600,7.532081731796264,486572.47987403866,145.97174396221158,486.57247987403866,filled
2013-12-02,SZ002440,sell,4000,4000,16.52089619064331,66083.58476257324,19.82507542877197,66.08358476257324,filled
2013-12-02,SZ002467,sell,49200,49200,10.75211553955078,529004.0845458984,158.7012253637695,529.0040845458984,filled
2013-12-02,SZ300052,sell,17500,17500,30.53196989250183,534309.473118782,160.2928419356346,534.3094731187821,filled
2013-12-02,SZ300074,sell,31400,31400,15.85993576526642,498001.98302936554,149.40059490880964,498.00198302936553,filled
2013-12-02,SZ300075,sell,21500,21500,25.116452339172362,540003.7252922058,162.00111758766172,540.0037252922058,filled
2013-12-02,SZ300097,sell,5500,5500,12.853583859443665,70694.71122694016,21.208413368082045,70.69471122694016,filled
2013-12-02,SZ300124,sell,100,100,27.511024211883544,2751.1024211883546,5.0,2.751102421188355,filled
2013-12-02,SZ300205,sell,2300,2300,18.415630800247193,42355.95084056854,12.706785252170562,42.35595084056854,filled
2013-12-02,SZ300273,sell,1700,1700,20.506231435775756,34860.59344081879,10.458178032245636,34.86059344081879,filled
2013-12-02,SZ300303,sell,1100,1100,17.73136968612671,19504.50665473938,5.851351996421814,19.50450665473938,filled
2013-12-02,SH600119,buy,27800,27800,20.346677516937255,565637.6349708557,169.6912904912567,0.0,filled
2013-12-02,SH600499,buy,28600,28600,19.763101970672604,565224.7163612365,169.56741490837095,0.0,filled
2013-12-02,SH600633,buy,1500,1500,17.030395339965818,25545.593009948727,7.663677902984618,0.0,filled
2013-12-02,SH600804,buy,4900,4900,15.101908377647398,73999.35105047225,22.199805315141674,0.0,filled
2013-12-02,SZ000625,buy,3600,3600,11.643624332427978,41917.04759674072,12.575114279022214,0.0,filled
2013-12-02,SZ002305,buy,9600,9600,7.8907306337356555,75751.01408386229,22.725304225158684,0.0,filled
2013-12-02,SZ002312,buy,1800,1800,13.88627363872528,24995.292549705504,7.49858776491165,0.0,filled
2013-12-02,SZ002353,buy,11200,11200,50.315524047851554,563533.8693359374,169.0601608007812,0.0,filled
2013-12-02,SZ002410,buy,1200,1200,20.887737751007077,25065.285301208492,7.5195855903625475,0.0,filled
2013-12-02,SZ002549,buy,58700,58700,9.642450085639952,566011.8200270652,169.80354600811955,0.0,filled
2013-12-02,SZ002554,buy,44900,44900,12.6027934885025,565865.4276337622,169.75962829012866,0.0,filled
2013-12-02,SZ002573,buy,1500,1500,23.64366093444824,35465.491401672356,10.639647420501706,0.0,filled
2013-12-02,SZ300014,buy,4200,4200,18.01113240623474,75646.7561061859,22.69402683185577,0.0,filled
2013-12-02,SZ300056,buy,32200,32200,17.555870317459103,565299.0242221832,169.58970726665493,0.0,filled
2013-12-02,SZ300098,buy,36200,36200,15.643297958374022,566287.3860931396,169.88621582794187,0.0,filled
2013-12-02,SZ300213,buy,56700,45200,9.986973418235777,451411.19850425713,135.42335955127712,0.0,partial_volume_or_cash
2013-12-02,SZ300228,buy,400,0,,0.0,0.0,0.0,insufficient_cash
2013-12-02,SZ300263,buy,42700,0,,0.0,0.0,0.0,insufficient_cash
2013-12-02,SZ300274,buy,6400,0,,0.0,0.0,0.0,insufficient_cash
2013-12-02,SZ300315,buy,26300,0,,0.0,0.0,0.0,insufficient_cash
2014-01-02,SZ000625,sell,48600,0,,0.0,0.0,0.0,missing_open
2014-01-02,SZ002573,sell,23900,0,,0.0,0.0,0.0,missing_open
2014-01-02,SZ300071,sell,42200,0,,0.0,0.0,0.0,missing_open
2014-01-02,SH600607,sell,21000,0,,0.0,0.0,0.0,missing_open
2014-01-02,SH600352,sell,400,400,12.91254488182068,5165.017952728272,5.0,5.165017952728272,filled
2014-01-02,SH600499,sell,28600,28600,19.99053137397766,571729.1972957611,171.51875918872832,571.7291972957611,filled
2014-01-02,SH600566,sell,8300,8300,19.55840015602112,162334.7212949753,48.700416388492584,162.33472129497528,filled
2014-01-02,SH600633,sell,33200,33200,14.999134563446045,497971.2675064087,149.39138025192258,497.9712675064087,filled
2014-01-02,SZ002305,sell,71800,71800,7.142431850910187,512826.60689535143,153.8479820686054,512.8266068953515,filled
2014-01-02,SZ002312,sell,7800,7800,16.729461982727052,130489.803465271,39.1469410395813,130.489803465271,filled
2014-01-02,SZ002353,sell,11200,11200,52.63982762145996,589566.0693603515,176.86982080810546,589.5660693603515,filled
2014-01-02,SZ002410,sell,27100,27100,21.93869455718994,594538.6224998474,178.36158674995423,594.5386224998474,filled
2014-01-02,SZ002549,sell,58700,58700,10.432069999694825,612362.5089820862,183.70875269462584,612.3625089820862,filled
2014-01-02,SZ002554,sell,44900,44900,12.609732152938843,566176.9736669541,169.8530921000862,566.1769736669542,filled
2014-01-02,SZ002681,sell,33900,33900,24.592067276000975,833671.080656433,250.10132419692988,833.671080656433,filled
2014-01-02,SZ300014,sell,200,200,17.647008178710937,3529.4016357421874,5.0,3.5294016357421873,filled
2014-01-02,SZ300017,sell,1600,1600,41.897090663909914,67035.34506225586,20.110603518676758,67.03534506225586,filled
2014-01-02,SZ300097,sell,10000,10000,16.2459391078949,162459.39107894897,48.73781732368469,162.45939107894898,filled
2014-01-02,SZ300098,sell,500,500,15.454057717323304,7727.028858661652,5.0,7.727028858661652,filled
2014-01-02,SZ300124,sell,20500,20500,28.689126165390014,588127.0863904953,176.43812591714857,588.1270863904953,filled
2014-01-02,SZ300228,sell,7100,7100,79.55212788391113,564820.107975769,169.44603239273067,564.820107975769,filled
2014-01-02,SH600119,buy,3300,3300,17.741495820999145,58546.93620929718,17.56408086278915,0.0,filled
2014-01-02,SH600392,buy,28600,28600,19.318835287094114,552518.6892108916,165.75560676326748,0.0,filled
2014-01-02,SH600661,buy,11000,11000,11.993053498268127,131923.5884809494,39.577076544284814,0.0,filled
2014-01-02,SH600804,buy,2000,2000,13.998147447586058,27996.294895172116,8.398888468551634,0.0,filled
2014-01-02,SH600855,buy,35000,35000,15.783823971748351,552433.8390111923,165.73015170335768,0.0,filled
2014-01-02,SZ002437,buy,32900,32900,16.820799127578734,553404.2912973404,166.02128738920212,0.0,filled
2014-01-02,SZ002440,buy,800,800,15.804119362831115,12643.29549026489,5.0,0.0,filled
2014-01-02,SZ002683,buy,18000,18000,30.705540588378902,552699.7305908202,165.80991917724603,0.0,filled
2014-01-02,SZ300001,buy,48500,48500,11.390813065528869,552454.4336781502,165.73633010344503,0.0,filled
2014-01-02,SZ300052,buy,22500,22500,24.52403986930847,551790.8970594406,165.53726911783218,0.0,filled
2014-01-02,SZ300067,buy,107900,107900,5.125027763843536,552990.4957187176,165.89714871561526,0.0,filled
2014-01-02,SZ300074,buy,36500,36500,15.160975029945371,553375.588593006,166.0126765779018,0.0,filled
2014-01-02,SZ300202,buy,26100,26100,21.138938560485837,551726.2964286803,165.51788892860407,0.0,filled
2014-01-02,SZ300205,buy,2700,2700,16.529675775527952,44630.12459392547,13.38903737817764,0.0,filled
2014-01-02,SZ300213,buy,14300,14300,9.28767977619171,132813.82079954146,39.84414623986243,0.0,filled
2014-01-02,SZ300232,buy,55900,55900,9.883563341140746,552491.1907697677,165.7473572309303,0.0,filled
2014-01-02,SZ300237,buy,26900,25600,20.524904653549193,525437.5591308593,157.6312677392578,0.0,partial_volume_or_cash
2014-01-02,SZ300273,buy,300,0,,0.0,0.0,0.0,insufficient_cash
2014-01-02,SZ300274,buy,2700,0,,0.0,0.0,0.0,insufficient_cash
2014-01-02,SZ300303,buy,4700,0,,0.0,0.0,0.0,insufficient_cash
2014-01-02,SZ300317,buy,45000,100,12.287127605438231,1228.7127605438232,5.0,0.0,partial_volume_or_cash
2014-01-02,SZ300327,buy,33900,0,,0.0,0.0,0.0,insufficient_cash
2014-02-07,SZ300056,sell,32200,0,,0.0,0.0,0.0,missing_open
2014-02-07,SZ300014,sell,31200,0,,0.0,0.0,0.0,missing_open
2014-02-07,SZ002573,sell,23900,0,,0.0,0.0,0.0,missing_open
2014-02-07,SZ300071,sell,42200,0,,0.0,0.0,0.0,missing_open
2014-02-07,SH600607,sell,21000,0,,0.0,0.0,0.0,missing_open
2014-02-07,SZ300052,sell,22500,0,,0.0,0.0,0.0,missing_open
2014-02-07,SH600392,sell,28600,28600,18.550642747879028,530548.3825893402,159.16451477680204,530.5483825893402,filled
2014-02-07,SH600566,sell,900,900,22.19692377090454,19977.231393814087,5.993169418144226,19.977231393814087,filled
2014-02-07,SH600661,sell,10600,10600,17.04276035499573,180653.25976295472,54.195977928886414,180.65325976295472,filled
2014-02-07,SH600804,sell,1800,1800,16.073473806381227,28932.252851486206,8.679675855445861,28.932252851486208,filled
2014-02-07,SZ000625,sell,48600,48600,10.609053102493286,515599.9807811737,154.67999423435208,515.5999807811737,filled
2014-02-07,SZ002312,sell,4300,4300,21.122380645751953,90826.23677673339,27.247871033020015,90.8262367767334,filled
2014-02-07,SZ002440,sell,300,300,17.46099709510803,5238.299128532409,5.0,5.238299128532409,filled
2014-02-07,SZ300001,sell,48500,48500,11.164230096817017,541465.1596956253,162.4395479086876,541.4651596956253,filled
2014-02-07,SZ300017,sell,3000,3000,59.79417276763916,179382.51830291748,53.81475549087524,179.38251830291748,filled
2014-02-07,SZ300067,sell,107900,107900,5.6523200798034665,609885.3366107941,182.9656009832382,609.8853366107941,filled
2014-02-07,SZ300074,sell,36500,36500,15.369170308113098,560974.7162461281,168.2924148738384,560.9747162461281,filled
2014-02-07,SZ300097,sell,9000,9000,24.349967622756957,219149.70860481262,65.74491258144378,219.14970860481262,filled
2014-02-07,SZ300202,sell,1200,1200,24.324396600723265,29189.275920867916,8.756782776260374,29.189275920867917,filled
2014-02-07,SZ300213,sell,8300,8300,11.836508843421935,98243.02340040206,29.472907020120616,98.24302340040207,filled
2014-02-07,SZ300232,sell,6600,6600,12.282137254714966,81062.10588111878,24.31863176433563,81.06210588111878,filled
2014-02-07,SZ300273,sell,1500,1500,23.28744211578369,34931.16317367554,10.47934895210266,34.931163173675536,filled
2014-02-07,SZ300303,sell,31800,31800,18.86741283416748,599983.7281265259,179.99511843795776,599.9837281265259,filled
2014-02-07,SZ300317,sell,100,100,13.592457778930664,1359.2457778930664,5.0,1.3592457778930664,filled
2014-02-07,SH600119,buy,11600,11600,14.199864160537718,164718.42426223753,49.415527278671256,0.0,filled
2014-02-07,SH600352,buy,10300,10300,11.443257463455199,117865.55187358854,35.35966556207656,0.0,filled
2014-02-07,SH600398,buy,70900,70900,8.562539581298827,607084.0563140868,182.125216894226,0.0,filled
2014-02-07,SH600499,buy,26900,26900,22.522335803985595,605850.8331272125,181.75524993816373,0.0,filled
2014-02-07,SH600633,buy,30000,30000,20.243085105895993,607292.5531768798,182.18776595306392,0.0,filled
2014-02-07,SH600658,buy,60400,60400,10.055414517402648,607347.03685112,182.20411105533597,0.0,filled
2014-02-07,SH600855,buy,2200,2200,16.320978822708128,35906.15340995788,10.771846022987363,0.0,filled
2014-02-07,SZ002410,buy,18400,18400,33.00938250350952,607372.6380645751,182.21179141937253,0.0,filled
2014-02-07,SZ002437,buy,1200,1200,17.78740579032898,21344.886948394775,6.403466084518432,0.0,filled
2014-02-07,SZ002554,buy,52600,52600,11.538683032035827,606934.7274850846,182.08041824552535,0.0,filled
2014-02-07,SZ002681,buy,21000,11700,28.87433880996704,337829.76407661434,101.3489292229843,0.0,partial_volume_or_cash
2014-02-07,SZ002683,buy,3600,0,,0.0,0.0,0.0,insufficient_cash
2014-02-07,SZ300098,buy,3300,0,,0.0,0.0,0.0,insufficient_cash
2014-02-07,SZ300205,buy,3300,0,,0.0,0.0,0.0,insufficient_cash
2014-02-07,SZ300228,buy,7800,0,,0.0,0.0,0.0,insufficient_cash
2014-02-07,SZ300237,buy,7200,0,,0.0,0.0,0.0,insufficient_cash
2014-02-07,SZ300274,buy,2300,0,,0.0,0.0,0.0,insufficient_cash
2014-02-07,SZ300286,buy,19700,0,,0.0,0.0,0.0,insufficient_cash
2014-02-07,SZ300327,buy,34600,0,,0.0,0.0,0.0,insufficient_cash
2014-03-03,SZ300014,sell,31200,0,,0.0,0.0,0.0,missing_open
2014-03-03,SZ002573,sell,23900,0,,0.0,0.0,0.0,missing_open
2014-03-03,SZ300071,sell,42200,0,,0.0,0.0,0.0,missing_open
2014-03-03,SH600607,sell,21000,0,,0.0,0.0,0.0,missing_open
2014-03-03,SZ300052,sell,22500,0,,0.0,0.0,0.0,missing_open
2014-03-03,SZ300237,sell,25600,0,,0.0,0.0,0.0,missing_open
2014-03-03,SH600119,sell,42700,42700,14.142071837425233,603866.4674580575,181.15994023741723,603.8664674580575,filled
2014-03-03,SH600352,sell,53000,53000,12.127139133453369,642738.3740730286,192.82151222190856,642.7383740730286,filled
2014-03-03,SH600398,sell,2900,2900,8.935881299972534,25914.05576992035,7.774216730976104,25.91405576992035,filled
2014-03-03,SH600499,sell,26900,26900,21.298332904815673,572925.1551395416,171.87754654186247,572.9251551395416,filled
2014-03-03,SH600566,sell,1500,1500,23.49376329803467,35240.644947052,10.5721934841156,35.240644947052004,filled
2014-03-03,SH600658,sell,60400,60400,9.957678952217101,601443.808713913,180.43314261417387,601.443808713913,filled
2014-03-03,SH600661,sell,6100,6100,20.62945251274109,125839.66032772065,37.75189809831619,125.83966032772065,filled
2014-03-03,SH600855,sell,2400,2400,17.44695018196106,41872.68043670655,12.561804131011964,41.87268043670655,filled
2014-03-03,SZ002312,sell,6500,6500,27.36189866065979,177852.34129428864,53.35570238828659,177.85234129428864,filled
2014-03-03,SZ002440,sell,2100,2100,18.617337003707885,39096.40770778656,11.728922312335966,39.09640770778656,filled
2014-03-03,SZ002554,sell,52600,52600,13.385419198036194,704073.0498167038,211.22191494501112,704.0730498167038,filled
2014-03-03,SZ002683,sell,18000,18000,26.597313669204713,478751.6460456848,143.62549381370542,478.7516460456848,filled
2014-03-03,SZ300056,sell,32200,32200,18.571960824966432,598017.1385639191,179.40514156917573,598.0171385639192,filled
2014-03-03,SZ300213,sell,51200,51200,12.495994457244873,639794.9162109374,191.93847486328121,639.7949162109375,filled
2014-03-03,SZ300273,sell,2600,2600,25.952249387741087,67475.84840812683,20.242754522438045,67.47584840812682,filled
2014-03-03,SH600633,buy,5400,5400,17.206678853988645,92916.06581153869,27.874819743461604,0.0,filled
2014-03-03,SH600804,buy,3600,3600,14.753611400604246,53113.00104217529,15.933900312652586,0.0,filled
2014-03-03,SZ002410,buy,3100,3100,28.273717426300045,87648.52402153015,26.294557206459043,0.0,filled
2014-03-03,SZ002437,buy,500,500,17.57927206802368,8789.63603401184,5.0,0.0,filled
2014-03-03,SZ002518,buy,29900,29900,20.362001205444333,608823.8360427856,182.64715081283566,0.0,filled
2014-03-03,SZ002614,buy,29900,29900,20.34685698699951,608371.0239112853,182.51130717338557,0.0,filled
2014-03-03,SZ002681,buy,10900,10900,26.88103165245056,293003.2450117111,87.90097350351331,0.0,filled
2014-03-03,SZ300017,buy,1600,1600,51.97782922363281,83164.52675781249,24.949358027343745,0.0,filled
2014-03-03,SZ300097,buy,3400,3400,21.502623186111446,73108.91883277892,21.932675649833673,0.0,filled
2014-03-03,SZ300098,buy,2800,2800,15.791794160842894,44217.023650360105,13.26510709510803,0.0,filled
2014-03-03,SZ300148,buy,28500,28500,21.324329225540158,607743.3829278945,182.32301487836833,0.0,filled
2014-03-03,SZ300201,buy,101900,101900,5.974835691928863,608835.7570075511,182.65072710226534,0.0,filled
2014-03-03,SZ300202,buy,3700,3700,21.25402660179138,78639.8984266281,23.59196952798843,0.0,filled
2014-03-03,SZ300205,buy,14800,14800,12.616174509048461,186719.3827339172,56.01581482017516,0.0,filled
2014-03-03,SZ300228,buy,8700,8700,69.35752676391601,603410.4828460693,181.02314485382075,0.0,filled
2014-03-03,SZ300232,buy,2200,2200,11.822837599754331,26010.24271945953,7.803072815837858,0.0,filled
2014-03-03,SZ300263,buy,33500,33500,18.169505189895627,608678.4238615035,182.60352715845102,0.0,filled
2014-03-03,SZ300267,buy,24100,24100,25.21162213516235,607600.0934574127,182.2800280372238,0.0,filled
2014-03-03,SZ300274,buy,4200,3900,16.949864831924437,66104.4728445053,19.83134185335159,0.0,partial_volume_or_cash
2014-03-03,SZ300286,buy,20300,0,,0.0,0.0,0.0,insufficient_cash
2014-03-03,SZ300315,buy,30000,0,,0.0,0.0,0.0,insufficient_cash
2014-03-03,SZ300317,buy,45600,0,,0.0,0.0,0.0,insufficient_cash
2014-03-03,SZ300327,buy,38900,0,,0.0,0.0,0.0,insufficient_cash
2014-04-01,SZ300071,sell,42200,0,,0.0,0.0,0.0,missing_open
2014-04-01,SH600607,sell,21000,0,,0.0,0.0,0.0,missing_open
2014-04-01,SZ300052,sell,22500,0,,0.0,0.0,0.0,missing_open
2014-04-01,SZ300273,sell,23400,0,,0.0,0.0,0.0,missing_open
2014-04-01,SZ300237,sell,25600,0,,0.0,0.0,0.0,missing_open
2014-04-01,SH600398,sell,68000,68000,8.995468259811402,611691.8416671753,183.50755250015257,611.6918416671753,filled
2014-04-01,SH600855,sell,34800,34800,13.87450500869751,482832.77430267335,144.849832290802,482.8327743026734,filled
2014-04-01,SZ002410,sell,21500,21500,25.71368242263794,552844.1720867157,165.8532516260147,552.8441720867157,filled
2014-04-01,SZ002437,sell,34600,34600,21.222976512908936,734314.9873466492,220.29449620399473,734.3149873466492,filled
2014-04-01,SZ002440,sell,8000,8000,22.756073610305787,182048.5888824463,54.61457666473388,182.0485888824463,filled
2014-04-01,SZ002518,sell,29900,29900,17.597946876525878,526178.6116081238,157.8535834824371,526.1786116081238,filled
2014-04-01,SZ002573,sell,23900,23900,17.634037839889526,421453.50437335967,126.43605131200789,421.4535043733597,filled
2014-04-01,SZ002614,sell,29900,29900,18.320061487197876,547769.8384672165,164.33095154016493,547.7698384672165,filled
2014-04-01,SZ300014,sell,31200,31200,16.982274026870726,529846.9496383667,158.95408489151,529.8469496383667,filled
2014-04-01,SZ300017,sell,1100,1100,52.49900788879395,57748.908677673346,17.324672603302,57.74890867767335,filled
2014-04-01,SZ300097,sell,28300,28300,17.842279706954955,504936.5157068252,151.48095471204755,504.9365157068252,filled
2014-04-01,SZ300098,sell,1700,1700,15.222900060653686,25878.930103111266,7.763679030933379,25.878930103111266,filled
2014-04-01,SZ300201,sell,101900,101900,5.104108902454376,520108.6971601009,156.03260914803025,520.108697160101,filled
2014-04-01,SZ300202,sell,28600,28600,22.264069616317748,636752.3910266876,191.02571730800625,636.7523910266876,filled
2014-04-01,SZ300228,sell,8700,8700,61.14975704956055,532002.8863311767,159.600865899353,532.0028863311768,filled
2014-04-01,SZ300232,sell,51500,51500,10.738915595054626,553054.1531453133,165.91624594359396,553.0541531453133,filled
2014-04-01,SZ300267,sell,4800,4800,28.969673812866212,139054.4343017578,41.71633029052734,139.05443430175782,filled
2014-04-01,SH600566,buy,1800,1800,20.298304607391355,36536.94829330444,10.961084487991332,0.0,filled
2014-04-01,SH600633,buy,6100,6100,13.50859989452362,82402.45935659407,24.72073780697822,0.0,filled
2014-04-01,SH600661,buy,4000,4000,16.787975198745727,67151.90079498291,20.145570238494873,0.0,filled
2014-04-01,SH600804,buy,400,400,13.441280483245848,5376.512193298339,5.0,0.0,filled
2014-04-01,SZ000851,buy,46900,46900,11.954424476623533,560662.5079536437,168.19875238609308,0.0,filled
2014-04-01,SZ000957,buy,48700,48700,11.522260566711424,561134.0895988464,168.3402268796539,0.0,filled
2014-04-01,SZ002185,buy,59200,59200,9.475901867866515,560973.3905776977,168.2920171733093,0.0,filled
2014-04-01,SZ002198,buy,55300,55300,10.15138804244995,561371.7587474822,168.41152762424466,0.0,filled
2014-04-01,SZ002268,buy,18800,18800,29.79020317649841,560055.8197181701,168.01674591545103,0.0,filled
2014-04-01,SZ002462,buy,32400,32400,17.32935236930847,561471.0167655945,168.44130502967832,0.0,filled
2014-04-01,SZ002602,buy,30900,30900,18.168762489318844,561414.7609199523,168.42442827598566,0.0,filled
2014-04-01,SZ002681,buy,3600,3600,21.37090552520752,76935.25989074707,23.08057796722412,0.0,filled
2014-04-01,SZ300036,buy,32900,32900,17.036608058929442,560504.4051387786,168.15132154163356,0.0,filled
2014-04-01,SZ300056,buy,33200,33200,16.88019035339355,560422.3197326659,168.12669591979974,0.0,filled
2014-04-01,SZ300124,buy,16300,16300,34.392359710693356,560595.4632843017,168.1786389852905,0.0,filled
2014-04-01,SZ300147,buy,28300,28300,19.845154155731198,561617.862607193,168.48535878215787,0.0,filled
2014-04-01,SZ300148,buy,3500,3500,17.5449016418457,61407.155746459954,18.422146723937985,0.0,filled
2014-04-01,SZ300177,buy,38000,38000,14.760805477142332,560910.6081314086,168.27318243942256,0.0,filled
2014-04-01,SZ300205,buy,3400,3400,10.871053445816038,36961.58171577453,11.08847451473236,0.0,filled
2014-04-01,SZ300263,buy,5100,5100,14.540189039230345,74154.96410007477,22.246489230022426,0.0,filled
2014-04-01,SZ300274,buy,2800,2800,14.59244251155853,40858.83903236389,12.257651709709165,0.0,filled
2014-04-01,SZ300286,buy,23300,13800,24.0746468334198,332230.1263011932,99.66903789035796,0.0,partial_volume_or_cash
2014-04-01,SZ300296,buy,46000,100,12.204569467544554,1220.4569467544554,5.0,0.0,partial_volume_or_cash
2014-04-01,SZ300315,buy,28200,0,,0.0,0.0,0.0,insufficient_cash
2014-04-01,SZ300352,buy,30900,0,,0.0,0.0,0.0,insufficient_cash
2014-05-05,SZ300071,sell,42200,0,,0.0,0.0,0.0,missing_open
2014-05-05,SH600607,sell,21000,0,,0.0,0.0,0.0,missing_open
2014-05-05,SZ300273,sell,23400,0,,0.0,0.0,0.0,missing_open
2014-05-05,SZ300237,sell,25600,0,,0.0,0.0,0.0,missing_open
2014-05-05,SH600566,sell,27600,27600,21.137050638198854,583382.5976142883,175.01477928428648,583.3825976142883,filled
2014-05-05,SH600661,sell,33400,33400,18.981878408432006,633994.738841629,190.1984216524887,633.994738841629,filled
2014-05-05,SH600804,sell,41700,41700,13.851001390457153,577586.7579820632,173.27602739461895,577.5867579820632,filled
2014-05-05,SZ000851,sell,46900,46900,10.709697558403015,502284.8154891014,150.68544464673042,502.2848154891014,filled
2014-05-05,SZ000957,sell,48700,48700,11.419499207496644,556129.6114050866,166.83888342152596,556.1296114050866,filled
2014-05-05,SZ002185,sell,59200,59200,9.147921664237977,541556.9625228882,162.46708875686645,541.5569625228882,filled
2014-05-05,SZ002198,sell,8000,8000,11.569951898574828,92559.61518859863,27.767884556579588,92.55961518859864,filled
2014-05-05,SZ002268,sell,18800,18800,28.133735761642455,528914.2323188782,158.67426969566344,528.9142323188781,filled
2014-05-05,SZ002312,sell,22200,22200,18.050472032546995,400720.4791225433,120.21614373676297,400.7204791225433,filled
2014-05-05,SZ002462,sell,500,500,17.13573826789856,8567.86913394928,5.0,8.56786913394928,filled
2014-05-05,SZ002602,sell,30900,30900,17.541019912719726,542017.5153030396,162.60525459091187,542.0175153030395,filled
2014-05-05,SZ002681,sell,26200,26200,28.069735799789427,735427.077954483,220.62812338634487,735.427077954483,filled
2014-05-05,SZ300017,sell,1000,1000,56.86288381576538,56862.88381576538,17.058865144729612,56.86288381576538,filled
2014-05-05,SZ300036,sell,32900,32900,16.503482362747192,542964.5697343827,162.88937092031478,542.9645697343827,filled
2014-05-05,SZ300052,sell,22500,22500,25.563726099014282,575183.8372278214,172.55515116834638,575.1838372278214,filled
2014-05-05,SZ300056,sell,33200,33200,13.024975444793702,432429.1847671509,129.72875543014527,432.4291847671509,filled
2014-05-05,SZ300098,sell,36800,36800,17.03674868774414,626952.3517089844,188.08570551269528,626.9523517089843,filled
2014-05-05,SZ300147,sell,100,100,19.430501220703125,1943.0501220703125,5.0,1.9430501220703125,filled
2014-05-05,SZ300148,sell,32000,32000,16.883301595687865,540265.6510620117,162.0796953186035,540.2656510620118,filled
2014-05-05,SZ300177,sell,38000,38000,12.12808327960968,460867.16462516785,138.26014938755034,460.86716462516785,filled
2014-05-05,SZ300205,sell,6000,6000,12.008813135147095,72052.87881088257,21.61586364326477,72.05287881088258,filled
2014-05-05,SZ300263,sell,38600,38600,13.345147696495056,515122.70108470914,154.53681032541272,515.1227010847092,filled
2014-05-05,SZ300267,sell,1100,1100,29.9875967502594,32986.35642528534,9.895906927585601,32.98635642528534,filled
2014-05-05,SZ300296,sell,100,100,13.667513111114502,1366.7513111114501,5.0,1.3667513111114502,filled
2014-05-05,SH600290,buy,60200,60200,9.117924962997435,548899.0827724456,164.66972483173367,0.0,filled
2014-05-05,SH600398,buy,62200,62200,8.816866797447204,548409.114801216,164.52273444036481,0.0,filled
2014-05-05,SH600633,buy,1600,1600,12.737927762985228,20380.684420776364,6.114205326232908,0.0,filled
2014-05-05,SZ000413,buy,70500,70500,7.785408914089202,548871.3284432887,164.6613985329866,0.0,filled
2014-05-05,SZ000977,buy,22900,22900,23.975422800064084,549037.1821214675,164.71115463644026,0.0,filled
2014-05-05,SZ002126,buy,50300,50300,10.909671011924743,548756.4518998145,164.62693556994435,0.0,filled
2014-05-05,SZ002180,buy,41600,41600,13.191895376205443,548782.8476501465,164.63485429504394,0.0,filled
2014-05-05,SZ002328,buy,52300,52300,10.493589719772338,548814.7423440933,164.64442270322797,0.0,filled
2014-05-05,SZ002440,buy,4800,4800,18.625509979248044,89402.44790039062,26.820734370117183,0.0,filled
2014-05-05,SZ002577,buy,22400,22400,24.455209281921384,547796.687915039,164.33900637451168,0.0,filled
2014-05-05,SZ002610,buy,50300,50300,10.912757324218749,548911.6934082031,164.6735080224609,0.0,filled
2014-05-05,SZ002699,buy,36700,36700,14.93905934333801,548263.477900505,164.47904337015146,0.0,filled
2014-05-05,SZ300001,buy,50500,50500,10.867086966514586,548787.8918089865,164.63636754269595,0.0,filled
2014-05-05,SZ300011,buy,52700,52700,10.40055549430847,548109.2745500564,164.43278236501692,0.0,filled
2014-05-05,SZ300025,buy,37400,37400,14.666150293350219,548514.0209712982,164.55420629138945,0.0,filled
2014-05-05,SZ300067,buy,68300,68300,8.032284781455992,548605.0505734442,164.58151517203325,0.0,filled
2014-05-05,SZ300124,buy,2300,2300,29.495543882369994,67839.75092945098,20.351925278835292,0.0,filled
2014-05-05,SZ300134,buy,18100,18100,30.216377750396724,546916.4372821806,164.0749311846542,0.0,filled
2014-05-05,SZ300212,buy,18900,18900,29.048861989974974,549023.491610527,164.7070474831581,0.0,filled
2014-05-05,SZ300266,buy,20200,20200,27.136234262466427,548151.9321018219,164.44557963054655,0.0,filled
2014-05-05,SZ300274,buy,4200,3400,12.870803387641905,43760.73151798247,13.12821945539474,0.0,partial_volume_or_cash
2014-05-05,SZ300286,buy,10300,0,,0.0,0.0,0.0,insufficient_cash
2014-05-05,SZ300292,buy,42800,0,,0.0,0.0,0.0,insufficient_cash
2014-05-05,SZ300315,buy,33200,0,,0.0,0.0,0.0,insufficient_cash
2014-06-03,SZ300071,sell,42200,0,,0.0,0.0,0.0,missing_open
2014-06-03,SH600607,sell,21000,0,,0.0,0.0,0.0,missing_open
2014-06-03,SH600633,sell,300,300,13.31676138496399,3995.028415489197,5.0,3.995028415489197,filled
2014-06-03,SZ000977,sell,22900,22900,35.614454418182376,815571.0061763764,244.67130185291288,815.5710061763764,filled
2014-06-03,SZ002180,sell,500,500,13.836710580825805,6918.355290412903,5.0,6.918355290412903,filled
2014-06-03,SZ002328,sell,52300,52300,10.267155009269715,536972.2069848061,161.09166209544182,536.9722069848061,filled
2014-06-03,SZ002577,sell,700,700,26.181218645095825,18326.85305156708,5.498055915470124,18.32685305156708,filled
2014-06-03,SZ002610,sell,50300,50300,10.805699406623841,543526.6801531792,163.05800404595374,543.5266801531792,filled
2014-06-03,SZ002699,sell,3200,3200,16.984307132720946,54349.78282470703,16.304934847412106,54.34978282470703,filled
2014-06-03,SZ300001,sell,50500,50500,12.087921340942383,610440.0277175903,183.1320083152771,610.4400277175904,filled
2014-06-03,SZ300011,sell,52700,52700,11.388934023857116,600196.82305727,180.05904691718098,600.1968230572701,filled
2014-06-03,SZ300067,sell,2000,2000,8.590861141204835,17181.722282409668,5.1545166847229,17.18172228240967,filled
2014-06-03,SZ300124,sell,18600,18600,27.55314589691162,512488.5136825561,153.74655410476683,512.4885136825561,filled
2014-06-03,SZ300147,sell,28200,28200,19.308269067764282,544493.1877109527,163.3479563132858,544.4931877109527,filled
2014-06-03,SZ300205,sell,45600,45600,14.475772722244262,660095.2361343383,198.02857084030148,660.0952361343383,filled
2014-06-03,SZ300212,sell,18900,18900,32.268152732849124,609868.0866508485,182.96042599525452,609.8680866508486,filled
2014-06-03,SZ300237,sell,25600,25600,21.724486753463744,556146.8608886718,166.84405826660154,556.1468608886719,filled
2014-06-03,SZ300273,sell,23400,23400,21.679337322235106,507296.4933403015,152.18894800209043,507.29649334030154,filled
2014-06-03,SH600057,buy,90500,90500,6.306088740825652,570701.0310447215,171.21030931341642,0.0,filled
2014-06-03,SH600290,buy,3600,3600,8.938599049568175,32178.95657844543,9.65368697353363,0.0,filled
2014-06-03,SH600398,buy,2300,2300,8.848768555641174,20352.1676779747,6.10565030339241,0.0,filled
2014-06-03,SH600856,buy,61400,61400,9.287544219017027,570255.2150476455,171.07656451429364,0.0,filled
2014-06-03,SZ002126,buy,4500,4500,10.4087843875885,46839.529744148254,14.051858923244476,0.0,filled
2014-06-03,SZ002198,buy,1300,1300,11.73175272464752,15251.278542041777,5.0,0.0,filled
2014-06-03,SZ002217,buy,93200,93200,6.126541353702544,570993.6541650771,171.29809624952313,0.0,filled
2014-06-03,SZ002440,buy,100,100,19.31254428863525,1931.2544288635252,5.0,0.0,filled
2014-06-03,SZ002462,buy,900,900,17.410612213134765,15669.550991821288,5.0,0.0,filled
2014-06-03,SZ002475,buy,18800,18800,30.33186864471435,570239.1305206298,171.07173915618893,0.0,filled
2014-06-03,SZ300017,buy,100,100,58.859494205474846,5885.949420547485,5.0,0.0,filled
2014-06-03,SZ300025,buy,2900,2900,14.1377665643692,40999.52303667068,12.299856911001203,0.0,filled
2014-06-03,SZ300044,buy,44000,44000,12.97372660446167,570843.9705963135,171.25319117889404,0.0,filled
2014-06-03,SZ300052,buy,22200,22200,25.657813348770137,569603.456342697,170.8810369028091,0.0,filled
2014-06-03,SZ300134,buy,1000,1000,29.810290458679194,29810.290458679196,8.943087137603758,0.0,filled
2014-06-03,SZ300202,buy,25700,25700,22.142632520675658,569065.6557813644,170.7196967344093,0.0,filled
2014-06-03,SZ300238,buy,13300,13300,42.84249757385253,569805.2177322387,170.94156531967158,0.0,filled
2014-06-03,SZ300266,buy,900,900,27.06548678207397,24358.938103866574,7.307681431159971,0.0,filled
2014-06-03,SZ300267,buy,500,500,30.380170911788937,15190.085455894468,5.0,0.0,filled
2014-06-03,SZ300274,buy,1500,1500,13.164495643615721,19746.74346542358,5.924023039627073,0.0,filled
2014-06-03,SZ300286,buy,10600,10600,23.342554082870482,247431.0732784271,74.22932198352812,0.0,filled
2014-06-03,SZ300292,buy,46300,46300,12.330120231628417,570884.5667243957,171.2653700173187,0.0,filled
2014-06-03,SZ300315,buy,32500,32500,17.546198026657102,570251.4358663558,171.0754307599067,0.0,filled
2014-06-03,SZ300351,buy,24100,15600,23.61490372085571,368392.4980453491,110.51774941360472,0.0,partial_volume_or_cash
2014-07-01,SZ300025,sell,40300,0,,0.0,0.0,0.0,missing_open
2014-07-01,SH600607,sell,21000,0,,0.0,0.0,0.0,missing_open
2014-07-01,SZ300351,sell,15600,0,,0.0,0.0,0.0,missing_open
2014-07-01,SH600057,sell,90500,90500,6.1248199768066405,554296.207901001,166.28886237030028,554.296207901001,filled
2014-07-01,SH600633,sell,42800,42800,13.286848814964294,568677.1292804718,170.60313878414152,568.6771292804718,filled
2014-07-01,SZ002126,sell,54800,54800,11.248069513320923,616394.2093299866,184.91826279899595,616.3942093299866,filled
2014-07-01,SZ002217,sell,93200,93200,6.193495415210724,577233.7726976394,173.1701318092918,577.2337726976394,filled
2014-07-01,SZ002462,sell,32800,32800,18.579270097732543,609400.0592056274,182.8200177616882,609.4000592056275,filled
2014-07-01,SZ002475,sell,300,300,32.767454566955564,9830.23637008667,5.0,9.83023637008667,filled
2014-07-01,SZ002699,sell,33500,33500,17.062403549194336,571590.5188980103,171.47715566940306,571.5905188980103,filled
2014-07-01,SZ300017,sell,300,300,63.947950927734375,19184.38527832031,5.755315583496093,19.18438527832031,filled
2014-07-01,SZ300044,sell,700,700,14.004932464599609,9803.452725219726,5.0,9.803452725219726,filled
2014-07-01,SZ300052,sell,500,500,27.892148672103882,13946.074336051941,5.0,13.946074336051941,filled
2014-07-01,SZ300071,sell,42200,42200,15.234213618278503,642883.8146913528,192.8651444074058,642.8838146913528,filled
2014-07-01,SZ300134,sell,100,100,31.802262811660768,3180.2262811660767,5.0,3.180226281166077,filled
2014-07-01,SZ300202,sell,4000,4000,27.942105531692505,111768.42212677002,33.530526638031006,111.76842212677002,filled
2014-07-01,SZ300238,sell,13300,13300,51.701226299285885,687626.3097805022,206.28789293415065,687.6263097805022,filled
2014-07-01,SZ300266,sell,1100,1100,30.2205331363678,33242.58645000458,9.972775935001373,33.24258645000458,filled
2014-07-01,SZ300267,sell,1300,1300,34.84451132583618,45297.86472358704,13.58935941707611,45.29786472358704,filled
2014-07-01,SZ300274,sell,6700,6700,16.563719078063965,110976.91782302856,33.293075346908566,110.97691782302856,filled
2014-07-01,SZ300286,sell,1600,1600,26.523018608093263,42436.82977294922,12.731048931884764,42.43682977294922,filled
2014-07-01,SZ300292,sell,8300,8300,15.983237823486329,132660.87393493654,39.798262180480954,132.66087393493655,filled
2014-07-01,SZ300315,sell,32500,32500,17.781505657196046,577898.9338588715,173.36968015766143,577.8989338588715,filled
2014-07-01,SH600081,buy,44400,44400,13.676033052444456,607215.8675285339,182.16476025856016,0.0,filled
2014-07-01,SH600290,buy,1900,1900,9.257861970901489,17589.937744712828,5.276981323413848,0.0,filled
2014-07-01,SH600398,buy,1500,1500,9.207967384338378,13811.951076507567,5.0,0.0,filled
2014-07-01,SH600856,buy,4500,4500,9.229090437889099,41530.906970500946,12.459272091150282,0.0,filled
2014-07-01,SZ000062,buy,38800,38800,15.677224482536314,608276.309922409,182.4828929767227,0.0,filled
2014-07-01,SZ000413,buy,10000,10000,7.557947793483733,75579.47793483733,22.673843380451196,0.0,filled
2014-07-01,SZ000700,buy,54400,54400,11.181526152610777,608275.0227020263,182.48250681060787,0.0,filled
2014-07-01,SZ000977,buy,17400,17400,34.95484561538696,608214.3137077331,182.4642941123199,0.0,filled
2014-07-01,SZ002198,buy,19600,19600,8.918835386276244,174809.1735710144,52.44275207130431,0.0,filled
2014-07-01,SZ002261,buy,32300,32300,18.838945705413817,608497.9462848663,182.5493838854599,0.0,filled
2014-07-01,SZ002427,buy,45700,45700,13.295900186538695,607622.6385248184,182.2867915574455,0.0,filled
2014-07-01,SZ002440,buy,4000,4000,18.131837478637692,72527.34991455077,21.758204974365228,0.0,filled
2014-07-01,SZ002520,buy,28500,28500,21.320464891433712,607633.2494058608,182.28997482175822,0.0,filled
2014-07-01,SZ002577,buy,1200,1200,26.544517648696896,31853.421178436274,9.556026353530882,0.0,filled
2014-07-01,SZ300011,buy,51100,51100,11.891989896774291,607680.6837251663,182.30420511754986,0.0,filled
2014-07-01,SZ300067,buy,7600,7600,8.229028837203979,62540.619162750234,18.76218574882507,0.0,filled
2014-07-01,SZ300237,buy,31500,29800,19.308615039825437,575396.728186798,172.6190184560394,0.0,partial_volume_or_cash
2014-07-01,SZ300322,buy,38500,100,15.793101046562192,1579.3101046562192,5.0,0.0,partial_volume_or_cash
2014-08-01,SH600607,sell,21000,0,,0.0,0.0,0.0,missing_open
2014-08-01,SZ300351,sell,15600,0,,0.0,0.0,0.0,missing_open
2014-08-01,SZ300266,sell,20000,0,,0.0,0.0,0.0,missing_open
2014-08-01,SH600081,sell,3200,3200,14.834165267944336,47469.328857421875,14.240798657226561,47.46932885742188,filled
2014-08-01,SH600290,sell,1300,1300,9.489024235725402,12335.731506443024,5.0,12.335731506443024,filled
2014-08-01,SH600398,sell,66000,66000,9.189646064758302,606516.6402740479,181.95499208221435,606.5166402740479,filled
2014-08-01,SH600856,sell,65900,65900,9.041277926445007,595820.2153527259,178.74606460581776,595.820215352726,filled
2014-08-01,SZ000413,sell,80500,80500,7.633391663074494,614488.0288774967,184.346408663249,614.4880288774967,filled
2014-08-01,SZ000700,sell,54400,54400,11.638664016723633,633143.3225097656,189.94299675292967,633.1433225097657,filled
2014-08-01,SZ000977,sell,1100,1100,37.36125247192383,41097.37771911621,12.329213315734862,41.09737771911621,filled
2014-08-01,SZ002180,sell,41100,41100,20.108779249191283,826470.8271417618,247.9412481425285,826.4708271417618,filled
2014-08-01,SZ002261,sell,32300,32300,18.163270345687867,586673.6321657181,176.00208964971543,586.6736321657181,filled
2014-08-01,SZ002427,sell,2700,2700,14.208580312728882,38363.16684436798,11.508950053310393,38.36316684436798,filled
2014-08-01,SZ002440,sell,33500,33500,18.621288888931275,623813.1777791977,187.1439533337593,623.8131777791978,filled
2014-08-01,SZ002520,sell,28500,28500,18.950585346221924,540091.6823673248,162.02750471019743,540.0916823673249,filled
2014-08-01,SZ300011,sell,51100,51100,12.837542901992798,655998.442291832,196.79953268754957,655.9984422918319,filled
2014-08-01,SZ300025,sell,40300,40300,13.936220346450806,561629.6799619675,168.48890398859024,561.6296799619676,filled
2014-08-01,SZ300044,sell,43300,43300,15.974768136978149,691707.4603311538,207.51223809934612,691.7074603311538,filled
2014-08-01,SZ300052,sell,21700,21700,26.324589763641356,571243.5978710174,171.3730793613052,571.2435978710174,filled
2014-08-01,SZ300067,sell,7000,7000,9.130669798851013,63914.68859195709,19.174406577587128,63.914688591957095,filled
2014-08-01,SZ300134,sell,19000,19000,39.43306545639038,749228.2436714172,224.76847310142514,749.2282436714172,filled
2014-08-01,SZ300237,sell,29800,29800,19.391336780548095,577861.8360603332,173.35855081809993,577.8618360603332,filled
2014-08-01,SZ300267,sell,500,500,35.962159343719485,17981.07967185974,5.394323901557922,17.981079671859742,filled
2014-08-01,SZ300286,sell,22800,22800,24.376607597351075,555786.6532196045,166.73599596588133,555.7866532196045,filled
2014-08-01,SZ300292,sell,200,200,16.164056579589843,3232.811315917969,5.0,3.232811315917969,filled
2014-08-01,SZ300322,sell,100,100,15.983988567352295,1598.3988567352294,5.0,1.5983988567352294,filled
2014-08-01,SH600109,buy,54300,54300,11.266181608200071,611753.6613252639,183.52609839757915,0.0,filled
2014-08-01,SH600323,buy,50100,50100,12.21022945690155,611732.4957907676,183.51974873723026,0.0,filled
2014-08-01,SZ000062,buy,900,900,15.415674551010131,13874.107095909118,5.0,0.0,filled
2014-08-01,SZ000673,buy,41900,41900,14.614742621421813,612357.715837574,183.70731475127218,0.0,filled
2014-08-01,SZ000712,buy,40700,40700,15.015168969154356,611117.3770445823,183.33521311337466,0.0,filled
2014-08-01,SZ002194,buy,47300,47300,12.944882519721983,612292.9431828498,183.68788295485493,0.0,filled
2014-08-01,SZ002210,buy,41800,41800,14.625754255294797,611356.5278713226,183.40695836139676,0.0,filled
2014-08-01,SZ002437,buy,27900,27900,21.883426200866698,610547.5910041808,183.16427730125423,0.0,filled
2014-08-01,SZ002475,buy,1300,1300,30.78052852630615,40014.68708419799,12.004406125259397,0.0,filled
2014-08-01,SZ002504,buy,52700,52700,11.621226850509641,612438.655021858,183.7315965065574,0.0,filled
2014-08-01,SZ002576,buy,49700,49700,12.313198495864867,611965.9652444839,183.58978957334514,0.0,filled
2014-08-01,SZ002577,buy,1200,1200,25.33358540725708,30400.302488708494,9.120090746612547,0.0,filled
2014-08-01,SZ002587,buy,48200,48200,12.682432374000548,611293.2404268264,183.38797212804792,0.0,filled
2014-08-01,SZ002610,buy,40200,40200,15.215628437042234,611668.2631690978,183.50047895072933,0.0,filled
2014-08-01,SZ002626,buy,26000,26000,23.513961357116695,611362.9952850341,183.4088985855102,0.0,filled
2014-08-01,SZ300017,buy,1900,1900,53.764770629882804,102153.06419677733,30.645919259033196,0.0,filled
2014-08-01,SZ300061,buy,59300,59300,10.320961476325987,612033.0155461311,183.6099046638393,0.0,filled
2014-08-01,SZ300084,buy,26200,26200,23.326749261856076,611160.8306606292,183.34824919818874,0.0,filled
2014-08-01,SZ300130,buy,19700,19700,31.030507411956783,611300.9960155486,183.39029880466455,0.0,filled
2014-08-01,SZ300202,buy,1800,1800,26.026918352127073,46848.45303382873,14.054535910148617,0.0,filled
2014-08-01,SZ300238,buy,11900,3700,51.4036854019165,190193.63598709105,57.05809079612731,0.0,partial_volume_or_cash
2014-08-01,SZ300274,buy,5400,200,14.566122463226316,2913.224492645263,5.0,0.0,partial_volume_or_cash
2014-09-01,SH600607,sell,21000,0,,0.0,0.0,0.0,missing_open
2014-09-01,SZ300084,sell,26200,0,,0.0,0.0,0.0,missing_open
2014-09-01,SZ300266,sell,20000,0,,0.0,0.0,0.0,missing_open
2014-09-01,SH600081,sell,41200,41200,13.416415964126587,552756.3377220155,165.82690131660462,552.7563377220155,filled
2014-09-01,SH600109,sell,54300,54300,11.143728501319885,605104.4576216697,181.5313372865009,605.1044576216698,filled
2014-09-01,SH600290,sell,2600,2600,10.429015577316283,27115.440501022338,8.1346321503067,27.115440501022338,filled
2014-09-01,SH600323,sell,50100,50100,12.635220288276672,633024.5364426613,189.90736093279838,633.0245364426613,filled
2014-09-01,SZ000062,sell,39700,39700,16.333804721832276,648452.0474567413,194.53561423702237,648.4520474567413,filled
2014-09-01,SZ000673,sell,4200,4200,17.07285298919678,71705.98255462648,21.51179476638794,71.70598255462647,filled
2014-09-01,SZ000712,sell,40700,40700,16.21368189239502,659896.8530204773,197.96905590614318,659.8968530204774,filled
2014-09-01,SZ000977,sell,16300,16300,40.57026711273193,661295.3539375305,198.38860618125915,661.2953539375305,filled
2014-09-01,SZ002194,sell,47300,47300,12.409193984985352,586954.8754898071,176.08646264694212,586.9548754898071,filled
2014-09-01,SZ002198,sell,68200,68200,8.891063415527343,606370.5249389648,181.9111574816894,606.3705249389648,filled
2014-09-01,SZ002210,sell,41800,41800,15.534525455474853,649343.1640388488,194.80294921165464,649.3431640388488,filled
2014-09-01,SZ002475,sell,1100,1100,34.37578420257568,37813.36262283325,11.344008786849974,37.81336262283325,filled
2014-09-01,SZ002504,sell,52700,52700,12.375089444160462,652167.2137072564,195.6501641121769,652.1672137072563,filled
2014-09-01,SZ002576,sell,49700,49700,13.634254586219788,677622.4529351235,203.286735880537,677.6224529351235,filled
2014-09-01,SZ002587,sell,48200,48200,14.826204334259034,714623.0489112855,214.38691467338563,714.6230489112855,filled
2014-09-01,SZ002610,sell,5300,5300,18.42639273262024,97659.88148288727,29.297964444866178,97.65988148288727,filled
2014-09-01,SZ300061,sell,59300,59300,12.368676681518554,733462.5272140503,220.03875816421507,733.4625272140503,filled
2014-09-01,SZ300067,sell,66900,66900,9.161361694335938,612895.0973510742,183.86852920532226,612.8950973510742,filled
2014-09-01,SZ300202,sell,23500,23500,27.323816511154174,642109.6880121231,192.63290640363692,642.1096880121231,filled
2014-09-01,SZ300238,sell,3700,3700,51.89157607269287,191998.83146896362,57.59964944068908,191.99883146896363,filled
2014-09-01,SZ300267,sell,16900,16900,33.93611124801636,573520.2800914765,172.05608402744295,573.5202800914765,filled
2014-09-01,SZ300274,sell,36800,36800,17.883932653427124,658128.7216461181,197.4386164938354,658.1287216461182,filled
2014-09-01,SZ300351,sell,15600,15600,32.21738034439087,502591.13337249757,150.77734001174926,502.5911333724976,filled
2014-09-01,SH600279,buy,59800,59800,10.797544226646423,645693.1447534561,193.70794342603682,0.0,filled
2014-09-01,SH600382,buy,57100,57100,11.292234360694884,644786.5819956779,193.43597459870335,0.0,filled
2014-09-01,SZ000151,buy,48700,48700,13.241911200523376,644881.0754654884,193.4643226396465,0.0,filled
2014-09-01,SZ000421,buy,95100,95100,6.786607422351836,645406.3658656597,193.62190975969787,0.0,filled
2014-09-01,SZ002019,buy,20700,20700,31.1312435760498,644416.7420242309,193.32502260726926,0.0,filled
2014-09-01,SZ002180,buy,30900,30900,20.868509634017943,644836.9476911544,193.45108430734632,0.0,filled
2014-09-01,SZ002212,buy,90800,90800,7.105656507015228,645193.6108369827,193.5580832510948,0.0,filled
2014-09-01,SZ002227,buy,27400,27400,23.567550354003902,645750.8796997069,193.72526390991206,0.0,filled
2014-09-01,SZ002377,buy,96100,96100,6.716710038185119,645475.83466959,193.642750400877,0.0,filled
2014-09-01,SZ002427,buy,5700,5700,13.255460235595702,75556.1233428955,22.66683700286865,0.0,filled
2014-09-01,SZ002437,buy,2400,2400,21.28764669036865,51090.35205688476,15.327105617065426,0.0,filled
2014-09-01,SZ002520,buy,29300,29300,22.02186826133728,645240.7400571823,193.57222201715467,0.0,filled
2014-09-01,SZ002577,buy,1000,1000,25.725101257324216,25725.101257324215,7.717530377197264,0.0,filled
2014-09-01,SZ002626,buy,1000,1000,23.90503425979614,23905.03425979614,7.171510277938841,0.0,filled
2014-09-01,SZ002669,buy,41300,41300,15.616041419982908,644942.5106452941,193.48275319358822,0.0,filled
2014-09-01,SZ300008,buy,42300,42300,15.253305694580076,645214.8308807373,193.56444926422117,0.0,filled
2014-09-01,SZ300017,buy,600,600,54.055741241455074,32433.444744873046,9.730033423461913,0.0,filled
2014-09-01,SZ300107,buy,60100,60100,10.7308166847229,644922.0827518463,193.47662482555387,0.0,filled
2014-09-01,SZ300130,buy,400,400,32.03498225784301,12813.992903137205,5.0,0.0,filled
2014-09-01,SZ300190,buy,25000,25000,25.826232637405393,645655.8159351349,193.69674478054046,0.0,filled
2014-09-01,SZ300208,buy,60900,60900,10.600692297935485,645582.160944271,193.6746482832813,0.0,filled
2014-09-01,SZ300213,buy,41500,41500,15.53588608074188,644739.272350788,193.42178170523638,0.0,filled
2014-09-01,SZ300232,buy,41500,41500,15.5336923456192,644648.2323431968,193.39446970295901,0.0,filled
2014-09-01,SZ300234,buy,42700,39000,15.105137884140014,589100.3774814606,176.73011324443814,0.0,partial_volume_or_cash
2014-09-01,SZ300292,buy,100,0,,0.0,0.0,0.0,insufficient_cash
2014-09-01,SZ300296,buy,27800,0,,0.0,0.0,0.0,insufficient_cash
2014-10-08,SZ002377,sell,96100,0,,0.0,0.0,0.0,missing_open
2014-10-08,SH600607,sell,21000,0,,0.0,0.0,0.0,missing_open
2014-10-08,SZ300292,sell,37800,0,,0.0,0.0,0.0,missing_open
2014-10-08,SH600279,sell,59800,59800,12.12455535507202,725048.4102333068,217.51452306999204,725.0484102333069,filled
2014-10-08,SH600382,sell,3300,3300,13.42568021965027,44304.74472484589,13.291423417453766,44.30474472484589,filled
2014-10-08,SZ000421,sell,95100,95100,7.5917482438087465,721975.2579862118,216.59257739586351,721.9752579862118,filled
2014-10-08,SZ000673,sell,37700,37700,18.75209171676636,706953.8577220917,212.0861573166275,706.9538577220917,filled
2014-10-08,SZ002212,sell,90800,90800,7.521313130378723,682935.232238388,204.88056967151638,682.935232238388,filled
2014-10-08,SZ002227,sell,27400,27400,26.237855981826783,718917.2539020538,215.6751761706161,718.9172539020539,filled
2014-10-08,SZ002427,sell,48700,48700,14.372760755538941,699953.4487947464,209.98603463842392,699.9534487947465,filled
2014-10-08,SZ002520,sell,1600,1600,26.062574438095094,41700.11910095215,12.510035730285644,41.70011910095215,filled
2014-10-08,SZ002577,sell,2600,2600,32.036111904144285,83293.89095077514,24.98816728523254,83.29389095077514,filled
2014-10-08,SZ002669,sell,1000,1000,17.882551208496093,17882.551208496094,5.364765362548828,17.882551208496093,filled
2014-10-08,SZ300084,sell,26200,26200,27.574932712554933,722463.2370689393,216.73897112068175,722.4632370689393,filled
2014-10-08,SZ300130,sell,200,200,36.15386198043823,7230.772396087646,5.0,7.230772396087645,filled
2014-10-08,SZ300190,sell,25000,25000,28.779874711990356,719496.8677997589,215.84906033992766,719.4968677997589,filled
2014-10-08,SZ300208,sell,2300,2300,12.317004924774169,28329.11132698059,8.498733398094176,28.32911132698059,filled
2014-10-08,SZ300213,sell,41500,41500,22.85799185371399,948606.6619291306,284.58199857873916,948.6066619291306,filled
2014-10-08,SZ300232,sell,2000,2000,18.2847327003479,36569.4654006958,10.97083962020874,36.569465400695805,filled
2014-10-08,SZ300234,sell,39000,39000,15.773772663116455,615177.1338615417,184.5531401584625,615.1771338615417,filled
2014-10-08,SZ300266,sell,20000,20000,32.86880117797852,657376.0235595703,197.21280706787107,657.3760235595703,filled
2014-10-08,SH600290,buy,4400,4400,10.920569045066832,48050.50379829406,14.415151139488218,0.0,filled
2014-10-08,SH600416,buy,57100,57100,12.672365821838378,723592.0884269713,217.07762652809137,0.0,filled
2014-10-08,SH600661,buy,25600,25600,28.2279525604248,722635.5855468749,216.79067566406246,0.0,filled
2014-10-08,SH600711,buy,100800,100800,7.177114707946776,723453.162561035,217.03594876831048,0.0,filled
2014-10-08,SH600982,buy,99400,99400,7.275800808429717,723214.6003579139,216.96438010737415,0.0,filled
2014-10-08,SH601099,buy,110000,110000,6.577339124679565,723507.3037147521,217.0521911144256,0.0,filled
2014-10-08,SZ000062,buy,42700,42700,16.926892663955687,722778.3167509078,216.83349502527233,0.0,filled
2014-10-08,SZ000151,buy,400,400,14.713667856216428,5885.467142486571,5.0,0.0,filled
2014-10-08,SZ000801,buy,33800,33800,21.3711441822052,722344.6733585357,216.7034020075607,0.0,filled
2014-10-08,SZ002475,buy,3300,3300,32.84363235473632,108383.98677062987,32.51519603118896,0.0,filled
2014-10-08,SZ002610,buy,500,500,20.391069627761837,10195.534813880919,5.0,0.0,filled
2014-10-08,SZ002626,buy,900,900,25.92574114990234,23333.167034912105,6.999950110473631,0.0,filled
2014-10-08,SZ300008,buy,3000,3000,15.974540506362914,47923.62151908874,14.37708645572662,0.0,filled
2014-10-08,SZ300017,buy,1000,1000,55.87596097946167,55875.96097946167,16.7627882938385,0.0,filled
2014-10-08,SZ300061,buy,54600,54600,13.25535236263275,723742.2389997481,217.1226716999244,0.0,filled
2014-10-08,SZ300107,buy,900,900,11.862632222175597,10676.368999958037,5.0,0.0,filled
2014-10-08,SZ300121,buy,63200,63200,11.439813165664672,722996.1920700073,216.89885762100218,0.0,filled
2014-10-08,SZ300252,buy,20600,20600,35.0486129951477,722001.4277000426,216.60042831001277,0.0,filled
2014-10-08,SZ300322,buy,35700,30800,20.271168352127074,624351.9852455138,187.30559557365413,0.0,partial_volume_or_cash
2014-11-03,SZ002377,sell,96100,0,,0.0,0.0,0.0,missing_open
2014-11-03,SH600290,sell,66200,0,,0.0,0.0,0.0,missing_open
2014-11-03,SZ002626,sell,27900,0,,0.0,0.0,0.0,missing_open
2014-11-03,SH600607,sell,21000,0,,0.0,0.0,0.0,missing_open
2014-11-03,SZ300292,sell,37800,0,,0.0,0.0,0.0,missing_open
2014-11-03,SH600382,sell,300,300,13.305940383911134,3991.78211517334,5.0,3.9917821151733404,filled
2014-11-03,SH600661,sell,25600,25600,28.910721364974975,740114.4669433594,222.03434008300778,740.1144669433594,filled
2014-11-03,SH600711,sell,100800,100800,7.362750404834747,742165.2408073425,222.6495722422027,742.1652408073425,filled
2014-11-03,SH600982,sell,99400,99400,7.111797595024109,706912.6809453964,212.0738042836189,706.9126809453965,filled
2014-11-03,SH601099,sell,10500,10500,7.153852113246917,75115.44718909264,22.53463415672779,75.11544718909263,filled
2014-11-03,SZ000062,sell,42700,42700,16.373975234985352,699168.7425338745,209.75062276016232,699.1687425338745,filled
2014-11-03,SZ000151,sell,2200,2200,15.166644764900207,33366.61848278045,10.009985544834135,33.36661848278045,filled
2014-11-03,SZ000801,sell,33800,33800,19.930448999404906,673649.1761798859,202.09475285396573,673.6491761798859,filled
2014-11-03,SZ002019,sell,20700,20700,30.529614767074584,631963.0256784438,189.58890770353312,631.9630256784438,filled
2014-11-03,SZ002180,sell,30900,30900,22.727366231918335,702275.6165662765,210.68268496988293,702.2756165662765,filled
2014-11-03,SZ002437,sell,30300,30300,24.176862092971803,732558.9214170456,219.76767642511368,732.5589214170457,filled
2014-11-03,SZ002475,sell,22000,22000,32.3175608253479,710986.3381576537,213.2959014472961,710.9863381576537,filled
2014-11-03,SZ002520,sell,300,300,25.952075992584227,7785.622797775268,5.0,7.785622797775268,filled
2014-11-03,SZ002577,sell,22500,22500,30.096896673202515,677180.1751470566,203.15405254411695,677.1801751470566,filled
2014-11-03,SZ300008,sell,45300,45300,15.993652965545655,724512.4793392181,217.3537438017654,724.5124793392181,filled
2014-11-03,SZ300017,sell,12900,12900,47.1524654045105,608266.8037181855,182.48004111545563,608.2668037181855,filled
2014-11-03,SZ300061,sell,54600,54600,13.389034772872925,731041.2985988617,219.3123895796585,731.0412985988617,filled
2014-11-03,SZ300107,sell,61000,61000,12.758481379508972,778267.3641500473,233.48020924501418,778.2673641500473,filled
2014-11-03,SZ300121,sell,63200,63200,11.108207264900207,702038.6991416931,210.6116097425079,702.0386991416931,filled
2014-11-03,SZ300130,sell,19900,19900,32.32795310211181,643326.2667320251,192.9978800196075,643.3262667320251,filled
2014-11-03,SZ300208,sell,58600,58600,11.419685940742493,669193.5961275101,200.758078838253,669.1935961275101,filled
2014-11-03,SZ300232,sell,39500,39500,17.115990274429322,676081.6158399582,202.82448475198743,676.0816158399582,filled
2014-11-03,SZ300252,sell,4800,4800,44.933274158477786,215679.71596069337,64.70391478820801,215.6797159606934,filled
2014-11-03,SH600398,buy,66500,66500,10.730560844421385,713582.2961540221,214.0746888462066,0.0,filled
2014-11-03,SH600416,buy,3600,3600,11.741720950126647,42270.19542045593,12.681058626136778,0.0,filled
2014-11-03,SZ000065,buy,39400,39400,18.068180974960324,711886.3304134367,213.565899124031,0.0,filled
2014-11-03,SZ000802,buy,46100,46100,15.467043083190916,713030.6861351012,213.90920584053035,0.0,filled
2014-11-03,SZ002190,buy,13100,13100,54.412191696166985,712799.7112197875,213.8399133659362,0.0,filled
2014-11-03,SZ002252,buy,14600,14600,48.64877030563354,710272.0464622497,213.0816139386749,0.0,filled
2014-11-03,SZ002390,buy,31100,31100,22.923455211639403,712919.4570819854,213.87583712459562,0.0,filled
2014-11-03,SZ002446,buy,26900,26900,26.52041329193115,713399.117552948,214.01973526588438,0.0,filled
2014-11-03,SZ002568,buy,16100,16100,44.28288228988647,712954.4048671722,213.88632146015166,0.0,filled
2014-11-03,SZ002581,buy,18800,18800,37.79629201126098,710570.2898117064,213.1710869435119,0.0,filled
2014-11-03,SZ002669,buy,3700,3700,16.18431046104431,59881.94870586394,17.964584611759182,0.0,filled
2014-11-03,SZ300011,buy,37100,37100,19.219166397094725,713031.0733322143,213.90932199966426,0.0,filled
2014-11-03,SZ300095,buy,56100,56100,12.70296451282501,712636.3091694831,213.79089275084493,0.0,filled
2014-11-03,SZ300098,buy,26500,26500,26.855016130447385,711657.9274568557,213.49737823705667,0.0,filled
2014-11-03,SZ300134,buy,17600,17600,40.351044528961175,710178.3837097167,213.053515112915,0.0,filled
2014-11-03,SZ300162,buy,20100,20100,35.35284148025512,710592.113753128,213.17763412593837,0.0,filled
2014-11-03,SZ300213,buy,33700,33700,21.149844230651855,712749.7505729675,213.82492517189021,0.0,filled
2014-11-03,SZ300248,buy,20300,20300,35.10460383605957,712623.4578720093,213.78703736160276,0.0,filled
2014-11-03,SZ300264,buy,63400,63400,11.243347861289976,712828.2544057845,213.84847632173535,0.0,filled
2014-11-03,SZ300266,buy,17800,16400,39.94043230056762,655023.089729309,196.5069269187927,0.0,partial_volume_or_cash
2014-11-03,SZ300276,buy,57500,0,,0.0,0.0,0.0,insufficient_cash
2014-11-03,SZ300322,buy,700,0,,0.0,0.0,0.0,insufficient_cash
2014-11-03,SZ300338,buy,33900,0,,0.0,0.0,0.0,insufficient_cash
2014-12-01,SZ300252,sell,15800,0,,0.0,0.0,0.0,missing_open
2014-12-01,SZ300248,sell,20300,0,,0.0,0.0,0.0,missing_open
2014-12-01,SZ002252,sell,14600,0,,0.0,0.0,0.0,missing_open
2014-12-01,SZ002190,sell,13100,0,,0.0,0.0,0.0,missing_open
2014-12-01,SH600290,sell,66200,0,,0.0,0.0,0.0,missing_open
2014-12-01,SH600607,sell,21000,0,,0.0,0.0,0.0,missing_open
2014-12-01,SZ300292,sell,37800,0,,0.0,0.0,0.0,missing_open
2014-12-01,SH600398,sell,66500,66500,10.54823999118805,701457.9594140053,210.43738782420158,701.4579594140052,filled
2014-12-01,SH600416,sell,60700,60700,11.178750512123107,678550.1560858727,203.56504682576178,678.5501560858727,filled
2014-12-01,SH601099,sell,21200,21200,9.488478326797486,201155.7405281067,60.346722158432,201.1557405281067,filled
2014-12-01,SZ000065,sell,1000,1000,19.35083853149414,19350.83853149414,5.805251559448242,19.35083853149414,filled
2014-12-01,SZ000151,sell,800,800,16.115292526245117,12892.234020996093,5.0,12.892234020996094,filled
2014-12-01,SZ002377,sell,96100,96100,8.052123341560364,773809.053123951,232.14271593718527,773.809053123951,filled
2014-12-01,SZ002446,sell,26900,26900,37.66368030166626,1013153.0001148224,303.9459000344467,1013.1530001148225,filled
2014-12-01,SZ002520,sell,3400,3400,30.866386270523073,104945.71331977844,31.48371399593353,104.94571331977845,filled
2014-12-01,SZ002581,sell,1300,1300,42.4233544921875,55150.36083984375,16.545108251953124,55.15036083984375,filled
2014-12-01,SZ002610,sell,35400,35400,19.91493108558655,704988.5604297639,211.49656812892914,704.9885604297639,filled
2014-12-01,SZ002626,sell,27900,27900,26.573678575515746,741405.6322568894,222.42168967706678,741.4056322568894,filled
2014-12-01,SZ002669,sell,44000,44000,15.87198101234436,698367.1645431519,209.51014936294553,698.3671645431518,filled
2014-12-01,SZ300098,sell,26500,26500,26.22391386795044,694933.7175006866,208.48011525020598,694.9337175006866,filled
2014-12-01,SZ300134,sell,400,400,42.96522388458252,17186.089553833008,5.155826866149902,17.186089553833007,filled
2014-12-01,SZ300162,sell,3600,3600,44.9936499710083,161977.1398956299,48.59314196868896,161.9771398956299,filled
2014-12-01,SZ300213,sell,5800,5800,26.61440357208252,154363.5407180786,46.30906221542358,154.3635407180786,filled
2014-12-01,SZ300264,sell,2200,2200,12.140688726425171,26709.515198135377,8.012854559440612,26.709515198135378,filled
2014-12-01,SZ300266,sell,16400,16400,43.40620778274536,711861.807637024,213.55854229110716,711.861807637024,filled
2014-12-01,SZ300322,sell,1700,1700,25.484088180541992,43322.949906921385,12.996884972076414,43.32294990692139,filled
2014-12-01,SH600109,buy,43300,43300,17.167523832321166,743353.7819395065,223.00613458185194,0.0,filled
2014-12-01,SH600382,buy,2600,2600,13.262127357482909,34481.531129455565,10.34445933883667,0.0,filled
2014-12-01,SH600629,buy,37400,37400,19.86794112586975,743060.9981075285,222.91829943225855,0.0,filled
2014-12-01,SH600816,buy,25300,25300,29.42980819892883,744574.1474328993,223.37224422986978,0.0,filled
2014-12-01,SH600990,buy,15100,15100,49.018661922454825,740181.7950290679,222.05453850872036,0.0,filled
2014-12-01,SZ000802,buy,4100,4100,14.815322372436523,60742.82172698974,18.222846518096922,0.0,filled
2014-12-01,SZ000887,buy,38900,38900,19.128310632705688,744091.2836122513,223.22738508367536,0.0,filled
2014-12-01,SZ002183,buy,55500,55500,13.413174325942991,744431.175089836,223.32935252695077,0.0,filled
2014-12-01,SZ002268,buy,14600,14600,50.953181179046624,743916.4452140807,223.1749335642242,0.0,filled
2014-12-01,SZ002390,buy,4200,4200,21.082037004470823,88544.55541877745,26.563366625633233,0.0,filled
2014-12-01,SZ002542,buy,51000,51000,14.595556508064268,744373.3819112777,223.31201457338327,0.0,filled
2014-12-01,SZ002568,buy,1500,1500,42.244377315521234,63366.56597328185,19.009969791984553,0.0,filled
2014-12-01,SZ300095,buy,5700,5700,12.030735528945922,68575.19251499175,20.572557754497524,0.0,filled
2014-12-01,SZ300222,buy,17200,17200,43.09972017669677,741315.1870391845,222.39455611175532,0.0,filled
2014-12-01,SZ300234,buy,44500,29800,16.70534069061279,497819.1525802611,149.34574577407832,0.0,partial_volume_or_cash
2014-12-01,SZ300276,buy,50700,0,,0.0,0.0,0.0,insufficient_cash
2014-12-01,SZ300351,buy,15800,0,,0.0,0.0,0.0,insufficient_cash
