trade_date,cash,positions_value,total_value,daily_return
2010-01-04,3000602.231987995,6942023.251247406,9942625.4832354,-0.005737451676460004
2010-01-05,3000602.231987995,6963869.169521332,9964471.401509326,0.0021971981455763956
2010-01-06,3000602.231987995,6964569.789505005,9965172.021492999,7.031180636096757e-05
2010-01-07,3000602.231987995,6802658.517932892,9803260.749920886,-0.016247714662918078
2010-01-08,3000602.231987995,6933911.817455292,9934514.049443286,0.013388738999261962
2010-01-11,3000602.231987995,6986493.515586853,9987095.747574847,0.005292830416250505
2010-01-12,3000602.231987995,7079562.556838989,10080164.788826983,0.009318929507082796
2010-01-13,3000602.231987995,7029642.148399353,10030244.380387347,-0.004952340510838593
2010-01-14,3000602.231987995,7184982.675647736,10185584.90763573,0.01548721260990682
2010-01-15,3000602.231987995,7259043.497657776,10259645.72964577,0.007271140801596854
2010-01-18,3000602.231987995,7309231.374835968,10309833.606823962,0.004891774872223031
2010-01-19,3000602.231987995,7257477.615737915,10258079.84772591,-0.00501984426439217
2010-01-20,3000602.231987995,6940590.067481995,9941192.299469989,-0.030891507276205377
2010-01-21,3000602.231987995,6964659.440422058,9965261.672410052,0.0024211756713876653
2010-01-22,3000602.231987995,6862545.1228141785,9863147.354802173,-0.010247028223111743
2010-01-25,3000602.231987995,6745100.938510895,9745703.170498889,-0.011907373993160775
2010-01-26,3000602.231987995,6499020.359992981,9499622.591980975,-0.02525016145195369
2010-01-27,3000602.231987995,6488141.85667038,9488744.088658374,-0.0011451511065064812
2010-01-28,3000602.231987995,6639681.473636627,9640283.705624621,0.015970460953560695
2010-01-29,3000602.231987995,6728251.38835907,9728853.620347064,0.009187480101935819
2010-02-01,499932.7229790039,9229449.279737473,9729382.002716476,5.4310856143047204e-05
2010-02-02,499932.7229790039,9070992.634773254,9570925.357752258,-0.016286403896976887
2010-02-03,499932.7229790039,9107612.844371796,9607545.5673508,0.0038261932080454475
2010-02-04,499932.7229790039,9234928.391456604,9734861.114435608,0.013251620426080857
2010-02-05,499932.7229790039,9002699.846792221,9502632.569771225,-0.023855352627477844
2010-02-08,499932.7229790039,9023130.919742584,9523063.642721588,0.002150043453785333
2010-02-09,499932.7229790039,8986353.569602966,9486286.29258197,-0.003861924220964985
2010-02-10,499932.7229790039,9082934.349155426,9582867.07213443,0.010181094748108466
2010-02-11,499932.7229790039,9113582.146787643,9613514.869766647,0.0031981866597456943
2010-02-12,499932.7229790039,9209467.886924744,9709400.609903747,0.009974056464888692
2010-02-22,499932.7229790039,9243235.03112793,9743167.754106933,0.0034777784499635533
2010-02-23,499932.7229790039,9280486.586236954,9780419.309215957,0.0038233515063230694
2010-02-24,499932.7229790039,9487855.68614006,9987788.409119064,0.021202475409996646
2010-02-25,499932.7229790039,9595514.35599327,10095447.078972274,0.010779029895638947
2010-02-26,499932.7229790039,9588858.885335922,10088791.608314926,-0.0006592546724564219
2010-03-01,4040756.738589312,6114755.844402313,10155512.582991626,0.006613376236427548
2010-03-02,4040756.738589312,6068124.773311615,10108881.511900928,-0.0045917003902683495
2010-03-03,4040756.738589312,6118358.49275589,10159115.231345203,0.004969265826801461
2010-03-04,4040756.738589312,5919453.069496155,9960209.808085468,-0.019579010448274814
2010-03-05,4040756.738589312,5889531.520938873,9930288.259528186,-0.003004108260148519
2010-03-08,4040756.738589312,5923462.310218811,9964219.048808124,0.003416898723698214
2010-03-09,4040756.738589312,5922083.553791046,9962840.292380359,-0.000138370746469052
2010-03-10,4040756.738589312,5859052.835178375,9899809.573767688,-0.006326581252223518
2010-03-11,4040756.738589312,5807244.766521454,9848001.505110767,-0.005233238909382765
2010-03-12,4040756.738589312,5764096.500682831,9804853.239272144,-0.004381423562560438
2010-03-15,4040756.738589312,5725257.557106018,9766014.295695331,-0.003961195810789686
2010-03-16,4040756.738589312,5761896.498680115,9802653.237269428,0.0037516780607464995
2010-03-17,4040756.738589312,5881379.708480835,9922136.447070148,0.012188864270588295
2010-03-18,4040756.738589312,5899601.417636871,9940358.156226184,0.0018364703260471682
2010-03-19,4040756.738589312,5923305.044269562,9964061.782858875,0.002384584766479847
2010-03-22,4040756.738589312,5967289.290142059,10008046.028731372,0.004414288754026385
2010-03-23,4040756.738589312,5928125.336742401,9968882.075331714,-0.003913246730403275
2010-03-24,4040756.738589312,5888316.117572784,9929072.856162097,-0.003993348388394047
2010-03-25,4040756.738589312,5799125.1496315,9839881.888220813,-0.008982809294820648
2010-03-26,4040756.738589312,5886278.257846832,9927034.996436145,0.008857129506774086
2010-03-29,4040756.738589312,5957018.257808685,9997774.996397998,0.007125994819928483
2010-03-30,4040756.738589312,5951113.706874847,9991870.44546416,-0.0005905864990926046
2010-03-31,4040756.738589312,5962033.771514893,10002790.510104205,0.0010928949389052978
2010-04-01,2012301.1074200296,8123275.03452301,10135576.14194304,0.013274858821116231
2010-04-02,2012301.1074200296,8138150.73056221,10150451.83798224,0.001467671480227084
2010-04-06,2012301.1074200296,8158454.58445549,10170755.69187552,0.0020002906488658656
2010-04-07,2012301.1074200296,8166994.078350067,10179295.185770096,0.0008396125276510791
2010-04-08,2012301.1074200296,8149511.693382263,10161812.800802292,-0.0017174455253290422
2010-04-09,2012301.1074200296,8228860.540151596,10241161.647571625,0.007808532623536202
2010-04-12,2012301.1074200296,8266079.25028801,10278380.357708039,0.0036342273872065345
2010-04-13,2012301.1074200296,8329664.983558655,10341966.090978684,0.006186357291492861
2010-04-14,2012301.1074200296,8383388.66724968,10395689.774669709,0.005194726342981237
2010-04-15,2012301.1074200296,8304121.087503433,10316422.194923462,-0.007625042826825301
2010-04-16,2012301.1074200296,8261213.435935974,10273514.543356003,-0.004159160099959203
2010-04-19,2012301.1074200296,7860575.927972794,9872877.035392823,-0.03899712277355727
2010-04-20,2012301.1074200296,7963134.089040756,9975435.196460785,0.010387869787125581
2010-04-21,2012301.1074200296,8131854.399108887,10144155.506528916,0.01691357888104883
2010-04-22,2012301.1074200296,8168997.641849518,10181298.749269547,0.0036615411422591393
2010-04-23,2012301.1074200296,8196949.38044548,10209250.48786551,0.0027454000991737892
2010-04-26,2012301.1074200296,8237441.0749435425,10249742.182363572,0.003966177002532101
2010-04-27,2012301.1074200296,8059506.562662125,10071807.670082154,-0.017359901265378563
2010-04-28,2012301.1074200296,8111425.7575035095,10123726.864923539,0.005154903324416038
2010-04-29,2012301.1074200296,7806091.675949097,9818392.783369126,-0.030160244900751643
2010-04-30,2012301.1074200296,7644626.590013504,9656927.697433533,-0.01644516465149881
2010-05-04,65.70454207563307,9614343.630361557,9614409.334903633,-0.0044028871150396665
2010-05-05,65.70454207563307,9847247.24559784,9847312.950139916,0.024224433048711802
2010-05-06,65.70454207563307,9577293.205308914,9577358.90985099,-0.027413980002035987
2010-05-07,65.70454207563307,9343455.660772324,9343521.3653144,-0.024415660594704458
2010-05-10,65.70454207563307,9215339.949512482,9215405.654054558,-0.013711715984879191
2010-05-11,65.70454207563307,8994176.802015305,8994242.50655738,-0.02399928508842919
2010-05-12,65.70454207563307,8866728.47905159,8866794.183593666,-0.014169989620670842
2010-05-13,65.70454207563307,9106015.527629852,9106081.232171929,0.02698687300321212
2010-05-14,65.70454207563307,9144145.123195648,9144210.827737724,0.004187267233141334
2010-05-17,65.70454207563307,8535559.56864357,8535625.273185646,-0.06655419106326999
2010-05-18,65.70454207563307,8711546.522474289,8711612.227016365,0.02061793344930174
2010-05-19,65.70454207563307,8777274.548959732,8777340.253501808,0.0075448751359257216
2010-05-20,65.70454207563307,8649272.239875793,8649337.94441787,-0.014583268437482588
2010-05-21,65.70454207563307,8893047.263717651,8893112.968259728,0.02818424085269866
2010-05-24,65.70454207563307,9326899.454450607,9326965.158992684,0.0487851883003636
2010-05-25,65.70454207563307,9230047.031211853,9230112.73575393,-0.010384130484863308
2010-05-26,65.70454207563307,9247832.16805458,9247897.872596657,0.0019268601968245314
2010-05-27,65.70454207563307,9387978.700971603,9388044.40551368,0.015154420479956299
2010-05-28,65.70454207563307,9396454.138803482,9396519.843345558,0.000902790556348565
2010-05-31,65.70454207563307,9125177.636003494,9125243.34054557,-0.02886989090882419
2010-06-01,785.531292599655,8830492.123484612,8831277.654777212,-0.032214558538094074
2010-06-02,785.531292599655,9002583.23571682,9003368.76700942,0.019486547582287406
2010-06-03,785.531292599655,9028784.089303017,9029569.620595617,0.002910116675682861
2010-06-04,785.531292599655,9135786.090445518,9136571.621738119,0.011850177321678812
2010-06-07,785.531292599655,9192762.18316555,9193547.71445815,0.006236047292013991
2010-06-08,785.531292599655,9381095.900297165,9381881.431589765,0.020485423362238464
2010-06-09,785.531292599655,9538287.107682228,9539072.638974829,0.0167547637999117
2010-06-10,785.531292599655,9636602.575039864,9637388.106332464,0.010306606425863452
2010-06-11,785.531292599655,9485796.217083931,9486581.748376532,-0.015648052801447543
2010-06-17,785.531292599655,9346704.482579231,9347490.013871832,-0.01466194443836455
2010-06-18,785.531292599655,8900508.241677284,8901293.772969885,-0.04773433726484699
2010-06-21,785.531292599655,9201718.539905548,9202504.071198149,0.03383893464374066
2010-06-22,785.531292599655,9258937.183904648,9259722.715197248,0.006217725475197833
2010-06-23,785.531292599655,9278333.55987072,9279119.09116332,0.0020947037576231065
2010-06-24,785.531292599655,9255266.324567795,9256051.855860395,-0.002485929437514467
2010-06-25,785.531292599655,9087213.87515068,9087999.406443281,-0.018155953751567755
2010-06-28,785.531292599655,8840407.341909409,8841192.87320201,-0.027157410801137316
2010-06-29,785.531292599655,8338393.942642212,8339179.473934812,-0.05678118399484522
2010-06-30,785.531292599655,8239810.492634773,8240596.023927373,-0.011821720627979482
2010-07-01,17.269993421704044,8156646.224474907,8156663.494468329,-0.01018524985514857
2010-07-02,17.269993421704044,7992901.319265366,7992918.589258787,-0.020074985969519177
2010-07-05,17.269993421704044,7942631.005787849,7942648.275781271,-0.0062893563741623915
2010-07-06,17.269993421704044,8170743.519759178,8170760.7897526,0.02871995662541038
2010-07-07,17.269993421704044,8308504.514980316,8308521.784973738,0.016860240896283685
2010-07-08,17.269993421704044,8285052.374243736,8285069.644237158,-0.0028226610392950713
2010-07-09,17.269993421704044,8497816.052746773,8497833.322740195,0.02568037296476189
2010-07-12,17.269993421704044,8578585.007953644,8578602.277947066,0.009504652790815804
2010-07-13,17.269993421704044,8498255.973935127,8498273.24392855,-0.009363883697583009
2010-07-14,17.269993421704044,8521445.122098923,8521462.392092345,0.002728689405269824
2010-07-15,17.269993421704044,8308039.135098457,8308056.405091879,-0.02504335255865242
2010-07-16,17.269993421704044,8357482.632613182,8357499.902606604,0.005951271284631909
2010-07-19,17.269993421704044,8516085.001301765,8516102.271295188,0.01897725043815046
2010-07-20,17.269993421704044,8743638.610434532,8743655.880427955,0.026720394129104097
2010-07-21,17.269993421704044,8742151.950192451,8742169.220185874,-0.00017002730464366067
2010-07-22,17.269993421704044,8878049.28252697,8878066.552520392,0.015545035666974849
2010-07-23,17.269993421704044,8891710.633468628,8891727.90346205,0.001538775459819064
2010-07-26,17.269993421704044,9007470.146274567,9007487.41626799,0.013018787131449105
2010-07-27,17.269993421704044,9062770.360541344,9062787.630534766,0.0061393607019535335
2010-07-28,17.269993421704044,9255706.338143349,9255723.608136771,0.021288811507836236
2010-07-29,17.269993421704044,9319158.419966698,9319175.68996012,0.0068554425898768034
2010-07-30,17.269993421704044,9349114.660072327,9349131.93006575,0.0032144731575241003
2010-08-02,823.3329756227467,9469517.193841934,9470340.526817556,0.012964689947524866
2010-08-03,823.3329756227467,9308375.804328918,9309199.13730454,-0.017015374373994807
2010-08-04,823.3329756227467,9388849.891757965,9389673.224733587,0.008644576858020336
2010-08-05,823.3329756227467,9446947.042703629,9447770.37567925,0.006187345347932638
2010-08-06,823.3329756227467,9649766.546964645,9650589.879940268,0.02146744641287235
2010-08-09,823.3329756227467,9734679.293966293,9735502.626941916,0.00879871055117043
2010-08-10,823.3329756227467,9400219.71411705,9401043.047092672,-0.034354628894420314
2010-08-11,823.3329756227467,9467711.98797226,9468535.320947882,0.007179232508256916
2010-08-12,823.3329756227467,9363920.050525665,9364743.383501288,-0.010961773276271014
2010-08-13,823.3329756227467,9514042.104196548,9514865.43717217,0.016030557114396382
2010-08-16,823.3329756227467,9734431.367444992,9735254.700420614,0.023162625336501153
2010-08-17,823.3329756227467,9789176.40633583,9789999.739311453,0.0056233802376504105
2010-08-18,823.3329756227467,9862767.983055115,9863591.316030737,0.00751701518681136
2010-08-19,823.3329756227467,9907185.377407074,9908008.710382696,0.004503166537300762
2010-08-20,823.3329756227467,9685084.105014801,9685907.437990423,-0.022416338023555693
2010-08-23,823.3329756227467,9776700.015211105,9777523.348186728,0.00945868115949211
2010-08-24,823.3329756227467,9864217.176771164,9865040.509746786,0.008950851707890672
2010-08-25,823.3329756227467,9675144.37303543,9675967.706011053,-0.019165942962821814
2010-08-26,823.3329756227467,9724356.482028961,9725179.815004583,0.005086014183672605
2010-08-27,823.3329756227467,9785076.998329163,9785900.331304785,0.006243639444745153
2010-08-30,823.3329756227467,10099893.755722046,10100717.088697668,0.03217044387686996
2010-08-31,823.3329756227467,10282905.611085892,10283728.944061514,0.018118699272215988
2010-09-01,212.6914769192722,10095479.133534431,10095691.82501135,-0.018284915916492395
2010-09-02,212.6914769192722,10312410.140514374,10312622.831991293,0.021487483051187306
2010-09-03,212.6914769192722,10389551.930356026,10389764.621832944,0.0074803268866137085
2010-09-06,212.6914769192722,10225483.218455315,10225695.909932233,-0.015791379099767022
2010-09-07,212.6914769192722,10308511.477279663,10308724.168756582,0.008119570497270745
2010-09-08,212.6914769192722,10429576.941370964,10429789.632847883,0.011743981321977959
2010-09-09,212.6914769192722,10252346.480035782,10252559.1715127,-0.016992716782801343
2010-09-10,212.6914769192722,10284198.535609245,10284411.227086164,0.003106741940291924
2010-09-13,212.6914769192722,10517402.938699722,10517615.630176641,0.022675522977560814
2010-09-14,212.6914769192722,10669550.400590897,10669763.092067815,0.014465965218831478
2010-09-15,212.6914769192722,10494194.619631767,10494407.311108686,-0.016434833599022758
2010-09-16,212.6914769192722,10308445.386767387,10308658.078244306,-0.01769983071533332
2010-09-17,212.6914769192722,10293462.005901337,10293674.697378255,-0.0014534753944038803
2010-09-20,212.6914769192722,10118602.856850624,10118815.548327543,-0.01698704827880837
2010-09-21,212.6914769192722,10040283.962893486,10040496.654370405,-0.007739927028325266
2010-09-27,212.6914769192722,10360573.754906654,10360786.446383573,0.03189979570121704
2010-09-28,212.6914769192722,10306073.274040222,10306285.96551714,-0.005260264860053709
2010-09-29,212.6914769192722,10208740.8670187,10208953.558495618,-0.009443984704788688
2010-09-30,212.6914769192722,10364430.867934227,10364643.559411146,0.01525033883477378
2010-10-08,38948.99981197232,10568640.002775192,10607589.002587164,0.023439826153541343
2010-10-11,38948.99981197232,10503914.874315262,10542863.874127233,-0.006101775666849885
2010-10-12,38948.99981197232,10497770.797038078,10536719.79685005,-0.0005827711853760853
2010-10-13,38948.99981197232,10509729.173374176,10548678.173186148,0.0011349240149360895
2010-10-14,38948.99981197232,10208625.992560387,10247574.992372358,-0.02854416220405398
2010-10-15,38948.99981197232,10185626.289820671,10224575.289632643,-0.0022444044329351653
2010-10-18,38948.99981197232,9986403.202962875,10025352.202774847,-0.019484729801911738
2010-10-19,38948.99981197232,10361225.4134655,10400174.413277471,0.03738743566524083
2010-10-20,38948.99981197232,10442939.036560059,10481888.03637203,0.00785694737871312
2010-10-21,38948.99981197232,10671800.047111511,10710749.046923483,0.021833949166152777
2010-10-22,38948.99981197232,10942873.592329025,10981822.592140997,0.02530855162696355
2010-10-25,38948.99981197232,11263841.756868362,11302790.756680334,0.02922722178821524
2010-10-26,38948.99981197232,11279947.422075272,11318896.421887243,0.0014249281928351287
2010-10-27,38948.99981197232,11213266.207456589,11252215.20726856,-0.005891140985241461
2010-10-28,38948.99981197232,11314232.002067566,11353181.001879537,0.008972970455253693
2010-10-29,38948.99981197232,11641127.67264843,11680076.672460401,0.028793310925523397
2010-11-01,100954.61020712159,11981642.227935791,12082596.838142913,0.03446211672835875
2010-11-02,100954.61020712159,11798937.416267395,11899892.026474517,-0.015121319871538308
2010-11-03,100954.61020712159,11552119.044208527,11653073.654415648,-0.020741227862383527
2010-11-04,100954.61020712159,11912707.554149628,12013662.16435675,0.03094363947527823
2010-11-05,100954.61020712159,12025318.441200256,12126273.051407378,0.009373568651258823
2010-11-08,100954.61020712159,12190210.222434998,12291164.83264212,0.013597894467303195
2010-11-09,100954.61020712159,12301400.269031525,12402354.879238646,0.009046339229072498
2010-11-10,100954.61020712159,12572648.05803299,12673602.668240111,0.021870668243458402
2010-11-11,100954.61020712159,12451349.166202545,12552303.776409667,-0.009570987429992406
2010-11-12,100954.61020712159,11755676.258182526,11856630.868389647,-0.05542193054054678
2010-11-15,100954.61020712159,12185763.361740112,12286717.971947234,0.036273972626087225
2010-11-16,100954.61020712159,11796072.399425507,11897027.009632628,-0.03171644072927693
2010-11-17,100954.61020712159,11243558.582019806,11344513.192226928,-0.04644133504600334
2010-11-18,100954.61020712159,11456441.497135162,11557396.107342284,0.018765275469133424
2010-11-19,100954.61020712159,11852476.078224182,11953430.688431304,0.03426676540379403
2010-11-22,100954.61020712159,12037483.235263824,12138437.845470946,0.015477327125734242
2010-11-23,100954.61020712159,11854444.647598267,11955399.257805388,-0.015079254018988353
2010-11-24,100954.61020712159,12268674.54738617,12369629.157593291,0.03464793528475951
2010-11-25,100954.61020712159,12294513.865375519,12395468.47558264,0.0020889323083292943
2010-11-26,100954.61020712159,12296348.34432602,12397302.954533141,0.00014799593529790656
2010-11-29,100954.61020712159,12321812.710857391,12422767.321064513,0.0020540247039828596
2010-11-30,100954.61020712159,12078732.833862305,12179687.444069427,-0.019567288890850576
2010-12-01,132919.32968067366,12047024.723672867,12179944.05335354,2.1068626374187716e-05
2010-12-02,132919.32968067366,12133063.119316101,12265982.448996775,0.007063940135221269
2010-12-03,132919.32968067366,12125201.400613785,12258120.730294459,-0.0006409367317299353
2010-12-06,132919.32968067366,11944462.521314621,12077381.850995295,-0.014744419905450057
2010-12-07,132919.32968067366,12084518.609285355,12217437.938966028,0.011596560388557275
2010-12-08,132919.32968067366,12097608.763933182,12230528.093613856,0.0010714320558222745
2010-12-09,132919.32968067366,11820185.929584503,11953105.259265177,-0.02268281730970667
2010-12-10,132919.32968067366,12020110.761594772,12153030.091275446,0.016725765202753706
2010-12-13,132919.32968067366,12330788.59949112,12463707.929171793,0.025563817053277926
2010-12-14,132919.32968067366,12554642.739343643,12687562.069024317,0.017960477020532828
2010-12-15,132919.32968067366,12533548.395586014,12666467.725266688,-0.0016626002413127061
2010-12-16,132919.32968067366,12509561.91353798,12642481.243218653,-0.0018936993776241806
2010-12-17,132919.32968067366,12575341.012048721,12708260.341729395,0.005203021246009465
2010-12-20,132919.32968067366,12401334.696626663,12534254.026307337,-0.013692378873501942
2010-12-21,132919.32968067366,12470893.250703812,12603812.580384485,0.005549476971757228
2010-12-22,132919.32968067366,12379431.464099884,12512350.793780558,-0.007256676185924182
2010-12-23,132919.32968067366,12092588.035964966,12225507.36564564,-0.022924823069818134
2010-12-24,132919.32968067366,11870552.839422226,12003472.1691029,-0.018161634515608815
2010-12-27,132919.32968067366,11532089.742898941,11665009.072579615,-0.028197099285529492
2010-12-28,132919.32968067366,11184376.822900772,11317296.152581446,-0.02980819970517823
2010-12-29,132919.32968067366,11467036.274766922,11599955.604447596,0.024975881876315054
2010-12-30,132919.32968067366,11588315.538930893,11721234.868611567,0.010455148993628205
2010-12-31,132919.32968067366,11934959.381866455,12067878.711547129,0.029574003662689474
2011-01-04,134526.65333504195,12140846.796703339,12275373.45003838,0.01719396949960328
2011-01-05,134526.65333504195,12074145.569324493,12208672.222659536,-0.005433743229916743
2011-01-06,134526.65333504195,12060345.771980286,12194872.425315328,-0.0011303274502361127
2011-01-07,134526.65333504195,11941005.656051636,12075532.309386678,-0.0097860897405464
2011-01-10,134526.65333504195,11648174.183940887,11782700.83727593,-0.024249984564500005
2011-01-11,134526.65333504195,11452064.476299286,11586591.129634328,-0.01664386717018107
2011-01-12,134526.65333504195,11442573.981380463,11577100.634715505,-0.0008190929336023833
2011-01-13,134526.65333504195,11529154.480266571,11663681.133601613,0.007478599488587312
2011-01-14,134526.65333504195,11296796.448040009,11431323.10137505,-0.019921500730774255
2011-01-17,134526.65333504195,10890854.81414795,11025381.467482992,-0.035511342850875205
2011-01-18,134526.65333504195,10940283.180141449,11074809.833476491,0.004483143385040966
2011-01-19,134526.65333504195,11268158.289813995,11402684.943149038,0.02960548439228794
2011-01-20,134526.65333504195,10888483.547592163,11023010.200927205,-0.0332969598050632
2011-01-21,134526.65333504195,10913117.489910126,11047644.143245168,0.0022347745188415757
2011-01-24,134526.65333504195,10610928.168725967,10745454.82206101,-0.027353281592521705
2011-01-25,134526.65333504195,10427038.657808304,10561565.311143346,-0.017113236616111194
2011-01-26,134526.65333504195,10680908.718013763,10815435.371348806,0.024037162364332954
2011-01-27,134526.65333504195,10980210.77413559,11114737.427470632,0.02767360220326487
2011-01-28,134526.65333504195,11050152.750301361,11184679.403636403,0.006292724108165393
2011-01-31,134526.65333504195,11197400.687980652,11331927.341315694,0.013165146032832808
2011-02-01,99501.28561608936,11337369.379234314,11436870.664850403,0.00926085390188569
2011-02-09,99501.28561608936,11213505.184078217,11313006.469694305,-0.010830252329142476
2011-02-10,99501.28561608936,11443316.185855865,11542817.471471954,0.020313875219047706
2011-02-11,99501.28561608936,11581496.44021988,11680997.725835968,0.01197110278365976
2011-02-14,99501.28561608936,11780841.615486145,11880342.901102234,0.01706576612247379
2011-02-15,99501.28561608936,11992491.02563858,12091992.311254669,0.01781509270517767
2011-02-16,99501.28561608936,12273832.888317108,12373334.173933197,0.023266791396870712
2011-02-17,99501.28561608936,12420033.760356903,12519535.045972992,0.011815802433251532
2011-02-18,99501.28561608936,12353613.084888458,12453114.370504547,-0.0053053627969842365
2011-02-21,99501.28561608936,12491480.540084839,12590981.825700928,0.01107092178667557
2011-02-22,99501.28561608936,12204339.239120483,12303840.524736572,-0.022805314544910082
2011-02-23,99501.28561608936,12244345.038318634,12343846.323934723,0.00325148876220549
2011-02-24,99501.28561608936,12286133.372211456,12385634.657827545,0.003385357594074545
2011-02-25,99501.28561608936,12221200.383090973,12320701.668707062,-0.0052426049140280595
2011-02-28,99501.28561608936,12312466.944789886,12411968.230405975,0.007407578249436719
2011-03-01,1245.6549594794924,12505854.18434143,12507099.83930091,0.007664506315919084
2011-03-02,1245.6549594794924,12362008.110618591,12363253.76557807,-0.011501153390559349
2011-03-03,1245.6549594794924,12194844.587612152,12196090.242571631,-0.013520997479794405
2011-03-04,1245.6549594794924,12248458.852386475,12249704.507345954,0.004396020667933209
2011-03-07,1245.6549594794924,12401083.198356628,12402328.853316108,0.012459430827790774
2011-03-08,1245.6549594794924,12483799.54328537,12485045.19824485,0.00666942038927032
2011-03-09,1245.6549594794924,12558548.370075226,12559794.025034705,0.005987068977560739
2011-03-10,1245.6549594794924,12417957.575130463,12419203.230089942,-0.011193718198286629
2011-03-11,1245.6549594794924,12420826.886177063,12422072.541136542,0.00023103825530834676
2011-03-14,1245.6549594794924,12428756.482887268,12430002.137846747,0.0006383473195754608
2011-03-15,1245.6549594794924,12334652.080917358,12335897.735876838,-0.007570747046243942
2011-03-16,1245.6549594794924,12598556.128406525,12599801.783366004,0.021393177305746303
2011-03-17,1245.6549594794924,12310943.148851395,12312188.803810874,-0.022826786047922654
2011-03-18,1245.6549594794924,12314499.64337349,12315745.298332969,0.00028885964784697293
2011-03-21,1245.6549594794924,12218052.187299728,12219297.842259208,-0.007831231788044235
2011-03-22,1245.6549594794924,12143131.892442703,12144377.547402183,-0.006131309329241552
2011-03-23,1245.6549594794924,12253648.95939827,12254894.614357749,0.009100266071619956
2011-03-24,1245.6549594794924,12252164.072275162,12253409.727234641,-0.00012116686188134995
2011-03-25,1245.6549594794924,12323702.24070549,12324947.89566497,0.005838225442778233
2011-03-28,1245.6549594794924,12206831.047677994,12208076.702637473,-0.009482489826070806
2011-03-29,1245.6549594794924,11974615.130758286,11975860.785717765,-0.01902149884670523
2011-03-30,1245.6549594794924,11906015.707349777,11907261.362309257,-0.005728141353339655
2011-03-31,1245.6549594794924,11816806.986570358,11818052.641529838,-0.007491959575339213
2011-04-01,126641.95749756263,11817904.462480545,11944546.419978108,0.010703436706971381
2011-04-06,126641.95749756263,11804158.484125137,11930800.4416227,-0.0011508162697929647
2011-04-07,126641.95749756263,11885738.926362991,12012380.883860555,0.0068378012554166645
2011-04-08,126641.95749756263,12131087.20498085,12257729.162478413,0.020424616983923727
2011-04-11,126641.95749756263,12110303.882169724,12236945.839667287,-0.001695527983661571
2011-04-12,126641.95749756263,12051046.78068161,12177688.738179173,-0.0048424747698094794
2011-04-13,126641.95749756263,12146255.774307251,12272897.731804814,0.007818313940570976
2011-04-14,126641.95749756263,12121514.384651184,12248156.342148747,-0.002015937083216346
2011-04-15,126641.95749756263,12115511.387825012,12242153.345322575,-0.0004901143207581837
2011-04-18,126641.95749756263,12070473.144721985,12197115.102219548,-0.0036789477988555808
2011-04-19,126641.95749756263,11903592.313337326,12030234.27083489,-0.013681992010905142
2011-04-20,126641.95749756263,12133854.40196991,12260496.359467473,0.019140283011014336
2011-04-21,126641.95749756263,12223601.808643341,12350243.766140904,0.007320046761738919
2011-04-22,126641.95749756263,12194933.110141754,12321575.067639317,-0.002321306287102143
2011-04-25,126641.95749756263,12006007.138824463,12132649.096322026,-0.015332940008090046
2011-04-26,126641.95749756263,11821191.355085373,11947833.312582936,-0.015232929121399952
2011-04-27,126641.95749756263,11694102.786827087,11820744.74432465,-0.010636955248148783
2011-04-28,126641.95749756263,11322864.676237106,11449506.63373467,-0.03140564478970065
2011-04-29,126641.95749756263,11525405.324554443,11652047.282052007,0.017689901826911436
2011-05-03,87338.73420761165,11767721.755218506,11855060.489426117,0.01742296460526882
2011-05-04,87338.73420761165,11537103.422021866,11624442.156229477,-0.01945315533415759
2011-05-05,87338.73420761165,11555792.959070206,11643131.693277817,0.001607779263482767
2011-05-06,87338.73420761165,11745629.590463638,11832968.32467125,0.016304602266333124
2011-05-09,87338.73420761165,11825847.959280014,11913186.693487626,0.006779226193745824
2011-05-10,87338.73420761165,11992557.437229156,12079896.171436768,0.013993693059496382
2011-05-11,87338.73420761165,11915390.558576584,12002729.292784195,-0.006388041549151402
2011-05-12,87338.73420761165,11685379.78758812,11772718.521795731,-0.01916320574910757
2011-05-13,87338.73420761165,11773715.710020065,11861054.444227677,0.007503443004128751
2011-05-16,87338.73420761165,11631448.27079773,11718787.005005341,-0.01199450182876216
2011-05-17,87338.73420761165,11437890.283489227,11525229.017696839,-0.01651689609392415
2011-05-18,87338.73420761165,11501960.882139206,11589299.616346817,0.005559160564323706
2011-05-19,87338.73420761165,11494744.92778778,11582083.661995392,-0.0006226393820423226
2011-05-20,87338.73420761165,11531289.573526382,11618628.307733994,0.0031552738527107493
2011-05-23,87338.73420761165,11175543.854570389,11262882.588778,-0.03061856438932553
2011-05-24,87338.73420761165,11352599.697208405,11439938.431416016,0.015720295514261018
2011-05-25,87338.73420761165,11267073.824357986,11354412.558565598,-0.007476078071849579
2011-05-26,87338.73420761165,11177641.738557816,11264980.472765427,-0.007876416797336194
2011-05-27,87338.73420761165,10675077.270412445,10762416.004620057,-0.04461299061817159
2011-05-30,87338.73420761165,10494607.056713104,10581945.790920716,-0.016768559552229667
2011-05-31,87338.73420761165,10765297.087621689,10852635.8218293,0.02558036454324264
2011-06-01,65777.27516420878,10982300.144290924,11048077.419455133,0.018008675572870114
2011-06-02,65777.27516420878,11009942.597866058,11075719.873030268,0.0025020148325949343
2011-06-03,65777.27516420878,11154505.713748932,11220282.988913141,0.013052254620026016
2011-06-07,65777.27516420878,11334221.629619598,11399998.904783808,0.016017057328076678
2011-06-08,65777.27516420878,11440535.200881958,11506312.476046167,0.009325752761059292
2011-06-09,65777.27516420878,11097421.402931213,11163198.678095423,-0.02981961411747147
2011-06-10,65777.27516420878,11064687.24784851,11130464.52301272,-0.00293232755472983
2011-06-13,65777.27516420878,11092406.99338913,11158184.268553339,0.002490439233987729
2011-06-14,65777.27516420878,11331946.139717102,11397723.414881311,0.021467573985406885
2011-06-15,65777.27516420878,11230401.586723328,11296178.861887537,-0.008909196099739836
2011-06-16,65777.27516420878,11043906.02760315,11109683.302767359,-0.016509614569702014
2011-06-17,65777.27516420878,10773244.06080246,10839021.335966669,-0.02436270768702009
2011-06-20,65777.27516420878,10738867.332649231,10804644.60781344,-0.003171571222870262
2011-06-21,65777.27516420878,10863344.255447388,10929121.530611597,0.011520686456280238
2011-06-22,65777.27516420878,10872872.408294678,10938649.683458887,0.0008718132395730827
2011-06-23,65777.27516420878,11099945.770549774,11165723.045713983,0.020758811080536788
2011-06-24,65777.27516420878,11365318.981647491,11431096.2568117,0.023766773545362385
2011-06-27,65777.27516420878,11497908.446216583,11563685.721380793,0.011599015666593049
2011-06-28,65777.27516420878,11628882.597923279,11694659.873087488,0.011326332698970765
2011-06-29,65777.27516420878,11503169.717216492,11568946.992380701,-0.01074959700162681
2011-06-30,65777.27516420878,11706381.64730072,11772158.92246493,0.017565291829763297
2011-07-01,129169.1261668501,11653722.094273567,11782891.220440418,0.0009116677787119887
2011-07-04,129169.1261668501,12001092.142653465,12130261.268820316,0.029480883925780077
2011-07-05,129169.1261668501,12214890.628314018,12344059.754480869,0.017625216878889738
2011-07-06,129169.1261668501,12332075.443410873,12461244.569577724,0.009493215151872292
2011-07-07,129169.1261668501,12215039.538407326,12344208.664574176,-0.009391991654611576
2011-07-08,129169.1261668501,12133824.643182755,12262993.769349605,-0.006579190082685815
2011-07-11,129169.1261668501,12263183.232951164,12392352.359118015,0.010548695710156153
2011-07-12,129169.1261668501,12066799.29869175,12195968.4248586,-0.01584718773065874
2011-07-13,129169.1261668501,12349322.007989883,12478491.134156734,0.023165254242728084
2011-07-14,129169.1261668501,12444571.310424805,12573740.436591655,0.007633078503714197
2011-07-15,129169.1261668501,12515476.699495316,12644645.825662166,0.0056391643702271566
2011-07-18,129169.1261668501,12475920.385098457,12605089.511265308,-0.0031283054458179915
2011-07-19,129169.1261668501,12370714.678311348,12499883.804478198,-0.008346287957184728
2011-07-20,129169.1261668501,12403961.399412155,12533130.525579005,0.002659762412263067
2011-07-21,129169.1261668501,12236193.080806732,12365362.206973583,-0.013385986706435649
2011-07-22,129169.1261668501,12265034.20073986,12394203.32690671,0.0023324120596210918
2011-07-25,129169.1261668501,11793099.346089363,11922268.472256213,-0.03807706249468801
2011-07-26,129169.1261668501,11873552.015209198,12002721.141376048,0.006748100775205046
2011-07-27,129169.1261668501,12032941.146874428,12162110.273041278,0.013279416374657016
2011-07-28,129169.1261668501,11883561.632108688,12012730.758275539,-0.012282368060488325
2011-07-29,129169.1261668501,11788535.241866112,11917704.368032962,-0.007910473659547668
2011-08-01,115603.03276012494,11886868.354415894,12002471.387176018,0.007112696919251427
2011-08-02,115603.03276012494,11833628.63149643,11949231.664256554,-0.004435730042759989
2011-08-03,115603.03276012494,11934888.619184494,12050491.651944619,0.008474183992177586
2011-08-04,115603.03276012494,12061590.259218216,12177193.29197834,0.010514229932956809
2011-08-05,115603.03276012494,11824468.658304214,11940071.69106434,-0.01947259891737152
2011-08-08,115603.03276012494,11274037.315177917,11389640.347938042,-0.046099500687104444
2011-08-09,115603.03276012494,11240115.173912048,11355718.206672173,-0.0029783329613222165
2011-08-10,115603.03276012494,11401566.230344772,11517169.263104897,0.014217599758495458
2011-08-11,115603.03276012494,11491928.228664398,11607531.261424523,0.007845851376787394
2011-08-12,115603.03276012494,11546172.70436287,11661775.737122994,0.004673213836497991
2011-08-15,115603.03276012494,11706181.279706955,11821784.31246708,0.013720772800897674
2011-08-16,115603.03276012494,11708187.374925613,11823790.407685738,0.0001696947910430069
2011-08-17,115603.03276012494,11624404.045724869,11740007.078484993,-0.00708599580268976
2011-08-18,115603.03276012494,11361815.93208313,11477418.964843255,-0.02236694679025908
2011-08-19,115603.03276012494,11181908.610868454,11297511.643628579,-0.015674893612035445
2011-08-22,115603.03276012494,11028721.615123749,11144324.647883873,-0.013559357190934818
2011-08-23,115603.03276012494,11199053.069877625,11314656.10263775,0.015284143286889984
2011-08-24,115603.03276012494,11096196.33307457,11211799.365834694,-0.009090575610077645
2011-08-25,115603.03276012494,11290438.956594467,11406041.989354592,0.017324839410862714
2011-08-26,115603.03276012494,11309473.530340195,11425076.56310032,0.0016688149809980235
2011-08-29,115603.03276012494,11148745.640707016,11264348.67346714,-0.014067992345213942
2011-08-30,115603.03276012494,11032829.800796509,11148432.833556633,-0.010290505316436382
2011-08-31,115603.03276012494,10981427.040672302,11097030.073432427,-0.004610761072128877
2011-09-01,137.85383051687677,10929300.824737549,10929438.678568065,-0.015102364664721812
2011-09-02,137.85383051687677,10875829.985237122,10875967.839067638,-0.004892368315792872
2011-09-05,137.85383051687677,10524017.530918121,10524155.384748638,-0.03234769167441376
2011-09-06,137.85383051687677,10445819.701623917,10445957.555454433,-0.007430318770048516
2011-09-07,137.85383051687677,10674883.396863937,10675021.250694454,0.02192845356914308
2011-09-08,137.85383051687677,10564637.000751495,10564774.854582012,-0.010327510692802577
2011-09-09,137.85383051687677,10436850.786161423,10436988.639991939,-0.012095498138765426
2011-09-13,137.85383051687677,10298465.246677399,10298603.100507915,-0.013259144400499356
2011-09-14,137.85383051687677,10394763.6469841,10394901.500814617,0.00935062739741399
2011-09-15,137.85383051687677,10391900.227975845,10392038.081806362,-0.00027546379424858713
2011-09-16,137.85383051687677,10362702.66714096,10362840.520971477,-0.002809608722085244
2011-09-19,137.85383051687677,10126027.457523346,10126165.311353862,-0.02283883546587928
2011-09-20,137.85383051687677,10158644.933986664,10158782.78781718,0.0032211084315150185
2011-09-21,137.85383051687677,10547874.567317963,10548012.421148479,0.03831459353556399
2011-09-22,137.85383051687677,10237062.859296799,10237200.713127315,-0.029466376755301726
2011-09-23,137.85383051687677,10186411.687135696,10186549.540966213,-0.00494775608884479
2011-09-26,137.85383051687677,10010793.289279938,10010931.143110454,-0.01724022419460991
2011-09-27,137.85383051687677,10051573.982906342,10051711.836736858,0.00407361643421833
2011-09-28,137.85383051687677,9902833.511972427,9902971.365802944,-0.01479752636663334
2011-09-29,137.85383051687677,9584705.30052185,9584843.154352367,-0.03212452098459462
2011-09-30,137.85383051687677,9512511.706161499,9512649.559992015,-0.007532057979224183
2011-10-10,1043.647360883333,9410970.744729042,9412014.392089926,-0.010579089166212752
2011-10-11,1043.647360883333,9291291.749548912,9292335.396909796,-0.012715555904877385
2011-10-12,1043.647360883333,9681616.902041435,9682660.549402319,0.042005065015445764
2011-10-13,1043.647360883333,9836998.054265976,9838041.70162686,0.01604736130444362
2011-10-14,1043.647360883333,9894362.816023827,9895406.46338471,0.005830912644776198
2011-10-17,1043.647360883333,9973170.50435543,9974214.151716314,0.007964067835233513
2011-10-18,1043.647360883333,9592342.569208145,9593386.216569029,-0.03818124709922677
2011-10-19,1043.647360883333,9599833.671450615,9600877.318811499,0.0007808611134128007
2011-10-20,1043.647360883333,9375377.675485611,9376421.322846495,-0.02337869639529877
2011-10-21,1043.647360883333,9171894.01113987,9172937.658500753,-0.021701634060527497
2011-10-24,1043.647360883333,9370439.591121674,9371483.238482557,0.021644710492260577
2011-10-25,1043.647360883333,9662740.780234337,9663784.42759522,0.03119049372167404
2011-10-26,1043.647360883333,9709336.62056923,9710380.267930113,0.004821696995003011
2011-10-27,1043.647360883333,9669897.808814049,9670941.456174932,-0.004061510534806967
2011-10-28,1043.647360883333,9880648.16339016,9881691.810751043,0.021792123913804362
2011-10-31,1043.647360883333,9948417.38524437,9949461.032605253,0.006858058635311748
2011-11-01,12750.297593110357,9893626.888656616,9906377.186249727,-0.0043302693698016315
2011-11-02,12750.297593110357,9983846.926498413,9996597.224091524,0.009107268595327067
2011-11-03,12750.297593110357,10058560.058784485,10071310.356377596,0.007473856414462299
2011-11-04,12750.297593110357,10120482.971096039,10133233.26868915,0.006148446440471522
2011-11-07,12750.297593110357,10101204.181194305,10113954.478787417,-0.0019025309484687059
2011-11-08,12750.297593110357,9973747.44682312,9986497.744416231,-0.012602067236757608
2011-11-09,12750.297593110357,10127668.713665009,10140419.01125812,0.015412937626501755
2011-11-10,12750.297593110357,9977123.545646667,9989873.843239779,-0.014846050035131952
2011-11-11,12750.297593110357,10003291.454696655,10016041.752289766,0.0026194433944424222
2011-11-14,12750.297593110357,10252163.592624664,10264913.890217775,0.024847354282555134
2011-11-15,12750.297593110357,10252702.205371857,10265452.502964968,5.247123872176296e-05
2011-11-16,12750.297593110357,10009691.874599457,10022442.172192568,-0.02367263700282196
2011-11-17,12750.297593110357,9986830.765533447,9999581.063126558,-0.002280991865379667
2011-11-18,12750.297593110357,9672125.759983063,9684876.057576174,-0.031471819025584824
2011-11-21,12750.297593110357,9640345.95708847,9653096.254681582,-0.003281384573809998
2011-11-22,12750.297593110357,9610427.782917023,9623178.080510134,-0.003099334491452721
2011-11-23,12750.297593110357,9593464.829444885,9606215.127037996,-0.0017627184418931297
2011-11-24,12750.297593110357,9550066.94908142,9562817.246674532,-0.004517687745854815
2011-11-25,12750.297593110357,9518818.40248108,9531568.70007419,-0.003267713456639454
2011-11-28,12750.297593110357,9532234.4039917,9544984.70158481,0.0014075334221235192
2011-11-29,12750.297593110357,9699454.169082642,9712204.466675753,0.017519123426481542
2011-11-30,12750.297593110357,9348677.647686005,9361427.945279116,-0.036117085734779564
2011-12-01,1366.9124751916388,9495949.598407745,9497316.510882936,0.014515794641387858
2011-12-02,1366.9124751916388,9302676.968288422,9304043.880763613,-0.02035023576373951
2011-12-05,1366.9124751916388,8954620.00656128,8955986.91903647,-0.03740921326121005
2011-12-06,1366.9124751916388,8974842.539930344,8976209.452405535,0.0022579904986328447
2011-12-07,1366.9124751916388,8980720.124292374,8982087.036767565,0.0006547958125526776
2011-12-08,1366.9124751916388,8983418.143606186,8984785.056081377,0.0003003777744268188
2011-12-09,1366.9124751916388,8838353.46159935,8839720.374074541,-0.016145592921964047
2011-12-12,1366.9124751916388,8710937.742137909,8712304.6546131,-0.01441399886755812
2011-12-13,1366.9124751916388,8370364.152288437,8371731.064763629,-0.0390911019932183
2011-12-14,1366.9124751916388,8199306.810474396,8200673.722949588,-0.020432732548471
2011-12-15,1366.9124751916388,7989091.616821289,7990458.529296481,-0.025633893111101314
2011-12-16,1366.9124751916388,8269480.039548874,8270846.952024066,0.03509040459938051
2011-12-19,1366.9124751916388,8258012.213516235,8259379.125991427,-0.0013865358770581704
2011-12-20,1366.9124751916388,8325356.839752197,8326723.752227389,0.008153715334853207
2011-12-21,1366.9124751916388,8065876.432418823,8067243.344894015,-0.03116236530171468
2011-12-22,1366.9124751916388,8032747.870063782,8034114.782538974,-0.004106552999421975
2011-12-23,1366.9124751916388,8170703.802156448,8172070.71463164,0.017171267255540634
2011-12-26,1366.9124751916388,8109277.478599548,8110644.39107474,-0.0075166167427943575
2011-12-27,1366.9124751916388,7854909.415864944,7856276.328340136,-0.03136225070039067
2011-12-28,1366.9124751916388,7902592.305898666,7903959.218373858,0.006069400825644777
2011-12-29,1366.9124751916388,7895458.064031601,7896824.976506793,-0.0009026162294057949
2011-12-30,1366.9124751916388,8079026.464939117,8080393.377414309,0.023245848990402607
2012-01-04,180014.57317297425,7703185.621070862,7883200.194243836,-0.024403908814842112
2012-01-05,180014.57317297425,7443030.995512009,7623045.568684983,-0.03300114409739496
2012-01-06,180014.57317297425,7521606.243419647,7701620.816592622,0.010307592575652613
2012-01-09,180014.57317297425,7860179.290533066,8040193.86370604,0.04396127194213273
2012-01-10,180014.57317297425,8165247.008419037,8345261.581592011,0.03794283111294949
2012-01-11,180014.57317297425,8174813.776302338,8354828.349475312,0.0011463712419037542
2012-01-12,180014.57317297425,8219026.66144371,8399041.234616684,0.005291896289425058
2012-01-13,180014.57317297425,8036807.786083221,8216822.359256196,-0.02169519951985377
2012-01-16,180014.57317297425,7737520.868206024,7917535.441378999,-0.03642368117403105
2012-01-17,180014.57317297425,8180150.044775009,8360164.617947984,0.055904918878631804
2012-01-18,180014.57317297425,8002409.037303925,8182423.610476899,-0.021260467418249385
2012-01-19,180014.57317297425,8052324.3062496185,8232338.879422593,0.006100303690190545
2012-01-20,180014.57317297425,8137118.697214127,8317133.270387101,0.01030015797533057
2012-01-30,180014.57317297425,8108661.077785492,8288675.650958466,-0.003421565881354449
2012-01-31,180014.57317297425,8139831.135320663,8319845.708493638,0.00376055944854925
2012-02-01,196067.40584963694,8071560.827541351,8267628.233390988,-0.0062762552254234105
2012-02-02,196067.40584963694,8216966.952228546,8413034.358078184,0.017587404825477604
2012-02-03,196067.40584963694,8310488.454532623,8506555.86038226,0.011116262970479518
2012-02-06,196067.40584963694,8408158.671426773,8604226.07727641,0.011481758128343289
2012-02-07,196067.40584963694,8274644.841814041,8470712.247663679,-0.015517238670115785
2012-02-08,196067.40584963694,8457992.35754013,8654059.763389768,0.021644875940232566
2012-02-09,196067.40584963694,8484690.93375206,8680758.339601697,0.0030850926549959024
2012-02-10,196067.40584963694,8517153.041696548,8713220.447546186,0.0037395474766757086
2012-02-13,196067.40584963694,8617826.43661499,8813893.842464628,0.011554097078628756
2012-02-14,196067.40584963694,8639544.811964035,8835612.217813672,0.0024641067543162976
2012-02-15,196067.40584963694,8723233.182573318,8919300.588422956,0.009471711585594234
2012-02-16,196067.40584963694,8694956.462669373,8891023.86851901,-0.0031702844436758415
2012-02-17,196067.40584963694,8657958.750152588,8854026.156002225,-0.004161243189075736
2012-02-20,196067.40584963694,8655385.2871418,8851452.692991437,-0.00029065455256682693
2012-02-21,196067.40584963694,8758989.531087875,8955056.936937513,0.011704772938357255
2012-02-22,196067.40584963694,8922126.819849014,9118194.225698652,0.01821733685335225
2012-02-23,196067.40584963694,8993425.737857819,9189493.143707456,0.007819412072607168
2012-02-24,196067.40584963694,9067332.985448837,9263400.391298475,0.008042581504250634
2012-02-27,196067.40584963694,9077416.128444672,9273483.53429431,0.0010884926236489623
2012-02-28,196067.40584963694,9056265.64464569,9252333.050495328,-0.0022807485149204387
2012-02-29,196067.40584963694,9001865.839481354,9197933.245330991,-0.005879577060990515
2012-03-01,305.13992931926623,9248480.568218231,9248785.70814755,0.005528683614046903
2012-03-02,305.13992931926623,9414452.212667465,9414757.352596784,0.01794523623820421
2012-03-05,305.13992931926623,9452564.540529251,9452869.68045857,0.0040481476510145775
2012-03-06,305.13992931926623,9341017.903804779,9341323.043734098,-0.011800293508231308
2012-03-07,305.13992931926623,9264178.166913986,9264483.306843305,-0.008225787346294089
2012-03-08,305.13992931926623,9434711.607551575,9435016.747480894,0.01840722628445146
2012-03-09,305.13992931926623,9708758.476829529,9709063.616758848,0.029045721551169912
2012-03-12,305.13992931926623,9752387.255525589,9752692.395454908,0.004493613433611987
2012-03-13,305.13992931926623,9851881.420993805,9852186.560923124,0.010201712658812312
2012-03-14,305.13992931926623,9578491.043949127,9578796.183878446,-0.027749208295448913
2012-03-15,305.13992931926623,9652199.951791763,9652505.091721082,0.007695007433887291
2012-03-16,305.13992931926623,9901729.935216904,9902035.075146222,0.02585131849753286
2012-03-19,305.13992931926623,9949793.944644928,9950099.084574247,0.004853952653496751
2012-03-20,305.13992931926623,9755006.544685364,9755311.684614683,-0.019576428164574278
2012-03-21,305.13992931926623,9816670.241260529,9816975.381189847,0.006321038073280327
2012-03-22,305.13992931926623,9788092.561864853,9788397.701794172,-0.0029110472712841062
2012-03-23,305.13992931926623,9602080.581760406,9602385.721689725,-0.01900331246965492
2012-03-26,305.13992931926623,9583857.897758484,9584163.037687803,-0.0018977246415712301
2012-03-27,305.13992931926623,9565081.794786453,9565386.934715772,-0.0019590759149440418
2012-03-28,305.13992931926623,9231380.8511734,9231685.99110272,-0.03488629847287694
2012-03-29,305.13992931926623,9155617.967176437,9155923.107105756,-0.008206830699179157
2012-03-30,305.13992931926623,9064706.017637253,9065011.157566572,-0.009929304612511403
2012-04-05,586.4898680423503,9331766.321611404,9332352.811479447,0.02949159678526425
2012-04-06,586.4898680423503,9404545.382809639,9405131.872677682,0.007798575843458444
2012-04-09,586.4898680423503,9323635.021686554,9324221.511554597,-0.008602788585892474
2012-04-10,586.4898680423503,9395622.080612183,9396208.570480226,0.007720436374921258
2012-04-11,586.4898680423503,9471829.36258316,9472415.852451203,0.008110428945819148
2012-04-12,586.4898680423503,9630011.624526978,9630598.11439502,0.016699252271835663
2012-04-13,586.4898680423503,9690081.518697739,9690668.008565782,0.006237400154926354
2012-04-16,586.4898680423503,9661736.408424377,9662322.89829242,-0.0029249903358887774
2012-04-17,586.4898680423503,9563312.518548965,9563899.008417008,-0.010186359006156387
2012-04-18,586.4898680423503,9733987.763023376,9734574.25289142,0.017845780713932946
2012-04-19,586.4898680423503,9666132.859230042,9666719.349098084,-0.006970505543494099
2012-04-20,586.4898680423503,9683506.086874008,9684092.576742051,0.0017972206512426592
2012-04-23,586.4898680423503,9418099.955892563,9418686.445760606,-0.02740640167142372
2012-04-24,586.4898680423503,9374416.12713337,9375002.617001412,-0.004637995861817457
2012-04-25,586.4898680423503,9480103.276062012,9480689.765930055,0.011273292738818164
2012-04-26,586.4898680423503,9465354.594492912,9465941.084360955,-0.0015556549083697302
2012-04-27,586.4898680423503,9505591.98577404,9506178.475642083,0.004250754459860895
2012-05-02,13345.441774917359,9683480.62210083,9696826.063875748,0.020055124014572767
2012-05-03,13345.441774917359,9816891.091489792,9830236.53326471,0.013758158443819557
2012-05-04,13345.441774917359,10050016.035985947,10063361.477760864,0.023715090039520437
2012-05-07,13345.441774917359,10204115.696144104,10217461.137919022,0.015312940959012922
2012-05-08,13345.441774917359,10185000.910043716,10198346.351818634,-0.0018707960659081202
2012-05-09,13345.441774917359,10041887.404251099,10055232.846026016,-0.01403301092702125
2012-05-10,13345.441774917359,10205787.777376175,10219133.219151093,0.016300007730785993
2012-05-11,13345.441774917359,10109784.734869003,10123130.176643921,-0.009394440844283869
2012-05-14,13345.441774917359,9946334.52758789,9959679.969362808,-0.01614621213290579
2012-05-15,13345.441774917359,10062882.161474228,10076227.603249146,0.011701945669424285
2012-05-16,13345.441774917359,9954010.384464264,9967355.826239182,-0.010804815184490058
2012-05-17,13345.441774917359,9996308.550214767,10009653.991989685,0.0042436696841055
2012-05-18,13345.441774917359,9849605.459165573,9862950.90094049,-0.0146561600597378
2012-05-21,13345.441774917359,10017771.4468956,10031116.888670517,0.017050271203721712
2012-05-22,13345.441774917359,10162730.40714264,10176075.848917557,0.014450929229103293
2012-05-23,13345.441774917359,10227464.190387726,10240809.632162644,0.006361369962859742
2012-05-24,13345.441774917359,10118744.85874176,10132090.300516678,-0.010616282847844216
2012-05-25,13345.441774917359,9969290.905714035,9982636.347488953,-0.014750554781386427
2012-05-28,13345.441774917359,10082353.615665436,10095699.057440354,0.01132593695851103
2012-05-29,13345.441774917359,10286349.923086166,10299695.364861084,0.02020625875039217
2012-05-30,13345.441774917359,10344660.948133469,10358006.389908386,0.0056614320114980465
2012-05-31,13345.441774917359,10412414.7439003,10425760.185675217,0.00654120042181483
2012-06-01,401846.21179266763,10058054.058265686,10459900.270058354,0.0032745894568000367
2012-06-04,401846.21179266763,9821021.172952652,10222867.38474532,-0.02266110375751329
2012-06-05,401846.21179266763,9779847.49493599,10181693.706728658,-0.004027605608784679
2012-06-06,401846.21179266763,9790928.350543976,10192774.562336644,0.001088311623503646
2012-06-07,401846.21179266763,9756218.179273605,10158064.391066274,-0.0034053702510628003
2012-06-08,401846.21179266763,9681242.24243164,10083088.454224309,-0.007380927503068735
2012-06-11,401846.21179266763,9890337.66822815,10292183.880020818,0.020737240057524975
2012-06-12,401846.21179266763,9923786.370944977,10325632.582737645,0.0032499130511802754
2012-06-13,401846.21179266763,10068776.03392601,10470622.245718678,0.01404172207554888
2012-06-14,401846.21179266763,10097873.013401031,10499719.2251937,0.002778915979603669
2012-06-15,401846.21179266763,10073060.207271576,10474906.419064244,-0.0023631875859992935
2012-06-18,401846.21179266763,10208885.735082626,10610731.946875295,0.012966753341476123
2012-06-19,401846.21179266763,10158838.292312622,10560684.50410529,-0.004716681471228945
2012-06-20,401846.21179266763,10137458.98513794,10539305.196930608,-0.0020244243795344286
2012-06-21,401846.21179266763,10041368.01147461,10443214.223267278,-0.009117391694028809
2012-06-25,401846.21179266763,9793970.486927032,10195816.6987197,-0.02368978738331151
2012-06-26,401846.21179266763,9730063.395690918,10131909.607483586,-0.006267971769651326
2012-06-27,401846.21179266763,9890701.295900345,10292547.507693013,0.015854651929659624
2012-06-28,401846.21179266763,9831172.801589966,10233019.013382634,-0.005783650186300893
2012-06-29,401846.21179266763,10037785.90836525,10439632.120157918,0.020190826041178722
2012-07-02,41524.73220438277,10666802.028775215,10708326.760979598,0.025737941503020778
2012-07-03,41524.73220438277,10729722.09277153,10771246.824975913,0.005875807248018505
2012-07-04,41524.73220438277,10671949.804639816,10713474.5368442,-0.005363565525000724
2012-07-05,41524.73220438277,10496831.35676384,10538356.088968223,-0.016345625994044655
2012-07-06,41524.73220438277,10907109.855413437,10948634.58761782,0.038931925927145894
2012-07-09,41524.73220438277,10829581.55374527,10871106.285949653,-0.00708109317629857
2012-07-10,41524.73220438277,10711822.542619705,10753347.274824088,-0.010832293239351531
2012-07-11,41524.73220438277,10819018.168330193,10860542.900534576,0.009968582151294925
2012-07-12,41524.73220438277,11065944.903111458,11107469.635315841,0.02273613179771261
2012-07-13,41524.73220438277,11031702.200603485,11073226.932807868,-0.0030828535780191846
2012-07-16,41524.73220438277,10784721.598887444,10826246.331091827,-0.022304302369554496
2012-07-17,41524.73220438277,10819965.27645588,10861490.008660262,0.003255392172928806
2012-07-18,41524.73220438277,10794804.59792614,10836329.330130523,-0.0023165033995959927
2012-07-19,41524.73220438277,10836730.612969398,10878255.345173782,0.003869023704058394
2012-07-20,41524.73220438277,10784270.57814598,10825795.310350364,-0.00482246768060024
2012-07-23,41524.73220438277,10613547.187137604,10655071.919341987,-0.015770055327496424
2012-07-24,41524.73220438277,10707834.01954174,10749358.751746124,0.008849009478103964
2012-07-25,41524.73220438277,10706491.180562973,10748015.912767356,-0.00012492270560315877
2012-07-26,41524.73220438277,10648577.326202393,10690102.058406776,-0.005388329793202695
2012-07-27,41524.73220438277,10593420.376825333,10634945.109029716,-0.005159627950762524
2012-07-30,41524.73220438277,10456984.188580513,10498508.920784896,-0.01282904489360992
2012-07-31,41524.73220438277,10280181.495845318,10321706.228049701,-0.01684074320165241
2012-08-01,44362.25056716986,10469538.496375084,10513900.746942254,0.0186204213379233
2012-08-02,44362.25056716986,10531175.459170341,10575537.709737511,0.005862425780762903
2012-08-03,44362.25056716986,10840357.784676552,10884720.035243722,0.029235612787946286
2012-08-06,44362.25056716986,11078446.905374527,11122809.155941697,0.021873701843232007
2012-08-07,44362.25056716986,11205433.688163757,11249795.938730927,0.01141679057950884
2012-08-08,44362.25056716986,11093400.705647469,11137762.956214638,-0.009958667972863378
2012-08-09,44362.25056716986,11380846.412754059,11425208.663321229,0.02580820836613351
2012-08-10,44362.25056716986,11357525.145030022,11401887.395597192,-0.0020412115359351723
2012-08-13,44362.25056716986,11225541.998505592,11269904.249072762,-0.011575552533117817
2012-08-14,44362.25056716986,11243918.200874329,11288280.451441498,0.001630555323506755
2012-08-15,44362.25056716986,11140387.013816833,11184749.264384003,-0.009171564039611946
2012-08-16,44362.25056716986,10975492.311120033,11019854.561687203,-0.014742816204372122
2012-08-17,44362.25056716986,10931677.126407623,10976039.376974793,-0.003976022048851946
2012-08-20,44362.25056716986,11029475.505828857,11073837.756396027,0.008910170241042792
2012-08-21,44362.25056716986,11277176.717734337,11321538.968301507,0.02236814529474329
2012-08-22,44362.25056716986,11185328.710103035,11229690.960670205,-0.008112678663957373
2012-08-23,44362.25056716986,11081254.671645164,11125616.922212334,-0.009267756238561686
2012-08-24,44362.25056716986,10840234.415769577,10884596.666336747,-0.021663540778074974
2012-08-27,44362.25056716986,10577160.017418861,10621522.267986031,-0.024169420917941498
2012-08-28,44362.25056716986,10616967.038679123,10661329.289246293,0.0037477698823118466
2012-08-29,44362.25056716986,10517797.490048409,10562159.740615578,-0.009301799610555439
2012-08-30,44362.25056716986,10229352.527403831,10273714.777971001,-0.027309278568794504
2012-08-31,44362.25056716986,10327816.486907005,10372178.737474175,0.009584065903240901
2012-09-03,1744.7485206268975,10622462.241458893,10624206.98997952,0.024298487220894005
2012-09-04,1744.7485206268975,10603205.990982056,10604950.739502683,-0.0018124882633592243
2012-09-05,1744.7485206268975,10645184.527683258,10646929.276203886,0.003958390541583201
2012-09-06,1744.7485206268975,10739693.60408783,10741438.352608457,0.008876651093738586
2012-09-07,1744.7485206268975,11083656.517982483,11085401.26650311,0.03202205352797338
2012-09-10,1744.7485206268975,11088465.345144272,11090210.0936649,0.00043379820415889725
2012-09-11,1744.7485206268975,11050214.749336243,11051959.49785687,-0.003449041585774748
2012-09-12,1744.7485206268975,11090031.04314804,11091775.791668668,0.003602645650259584
2012-09-13,1744.7485206268975,10928199.11365509,10929943.862175718,-0.014590263320550245
2012-09-14,1744.7485206268975,10865141.203689575,10866885.952210203,-0.005769280314762981
2012-09-17,1744.7485206268975,10576021.54955864,10577766.298079267,-0.026605566249835566
2012-09-18,1744.7485206268975,10574796.963787079,10576541.712307706,-0.00011576978891880696
2012-09-19,1744.7485206268975,10624977.30808258,10626722.056603208,0.0047444945295405105
2012-09-20,1744.7485206268975,10360332.723808289,10362077.472328916,-0.024903689290513453
2012-09-21,1744.7485206268975,10262769.944524765,10264514.693045393,-0.009415368640512178
2012-09-24,1744.7485206268975,10286433.780670166,10288178.529190794,0.0023054023354298625
2012-09-25,1744.7485206268975,10202997.250890732,10204741.99941136,-0.00810994186606484
2012-09-26,1744.7485206268975,9922786.170101166,9924530.918621793,-0.027458908888213895
2012-09-27,1744.7485206268975,10213559.397602081,10215304.146122709,0.029298435350261887
2012-09-28,1744.7485206268975,10440622.516584396,10442367.265105024,0.022227739451937678
2012-10-08,50884.3353414195,10453083.55937004,10503967.89471146,0.005899105829411555
2012-10-09,50884.3353414195,10796704.250335693,10847588.585677113,0.03271341786361126
2012-10-10,50884.3353414195,10923982.619905472,10974866.955246892,0.011733333041210159
2012-10-11,50884.3353414195,10791831.114959717,10842715.450301137,-0.012041285373630473
2012-10-12,50884.3353414195,10773413.303947449,10824297.639288869,-0.0016986345437808303
2012-10-15,50884.3353414195,10795401.09987259,10846285.43521401,0.002031336965950592
2012-10-16,50884.3353414195,10884636.835765839,10935521.171107259,0.008227308457468219
2012-10-17,50884.3353414195,10920160.100030899,10971044.43537232,0.0032484290148802053
2012-10-18,50884.3353414195,11063750.303936005,11114634.639277425,0.013088107039485486
2012-10-19,50884.3353414195,11075116.548395157,11126000.883736577,0.0010226377049755708
2012-10-22,50884.3353414195,11049909.006595612,11100793.341937032,-0.0022656426206465463
2012-10-23,50884.3353414195,10791384.908533096,10842269.243874516,-0.02328879478242807
2012-10-24,50884.3353414195,10707530.310821533,10758414.646162953,-0.007734044951792529
2012-10-25,50884.3353414195,10572461.816501617,10623346.151843037,-0.012554683823056467
2012-10-26,50884.3353414195,10426758.82434845,10477643.15968987,-0.01371535767267551
2012-10-29,50884.3353414195,10430056.263971329,10480940.599312749,0.00031471196075516517
2012-10-30,50884.3353414195,10504141.86782837,10555026.20316979,0.007068602589151096
2012-10-31,50884.3353414195,10526498.910617828,10577383.245959248,0.0021181418557487675
2012-11-01,410.0518316171365,10872981.820678711,10873391.872510329,0.027985052604022842
2012-11-02,410.0518316171365,10928945.919132233,10929355.97096385,0.005146885085141495
2012-11-05,410.0518316171365,10845915.06409645,10846325.115928069,-0.007597049200005146
2012-11-06,410.0518316171365,10767396.39043808,10767806.442269698,-0.007239196024381056
2012-11-07,410.0518316171365,10668786.837100983,10669196.8889326,-0.00915781258381454
2012-11-08,410.0518316171365,10531222.25613594,10531632.307967559,-0.01289362099107394
2012-11-09,410.0518316171365,10480728.280258179,10481138.332089797,-0.004794506150728517
2012-11-12,410.0518316171365,10494430.119228363,10494840.171059981,0.00130728538599989
2012-11-13,410.0518316171365,10204388.157749176,10204798.209580794,-0.027636624927265818
2012-11-14,410.0518316171365,10243129.833841324,10243539.885672942,0.003796417655351103
2012-11-15,410.0518316171365,10127338.584327698,10127748.636159316,-0.011303831566622513
2012-11-16,410.0518316171365,10065635.769891739,10066045.821723357,-0.006092451210297667
2012-11-19,410.0518316171365,10075130.927753448,10075540.979585066,0.0009432857777398329
2012-11-20,410.0518316171365,10139678.92446518,10140088.976296797,0.006406405059789622
2012-11-21,410.0518316171365,10294558.54048729,10294968.592318907,0.01527398984211592
2012-11-22,410.0518316171365,10114623.617315292,10115033.66914691,-0.017477947752676637
2012-11-23,410.0518316171365,10101312.296295166,10101722.348126784,-0.0013159937431279634
2012-11-26,410.0518316171365,9926722.741794586,9927132.793626204,-0.01728314721825186
2012-11-27,410.0518316171365,9674080.323123932,9674490.37495555,-0.02544968662380198
2012-11-28,410.0518316171365,9480367.34881401,9480777.400645629,-0.0200230675521047
2012-11-29,410.0518316171365,9408411.812114716,9408821.863946334,-0.007589624105550086
2012-11-30,410.0518316171365,9645977.725219727,9646387.777051345,0.025249273133264527
2012-12-03,308781.89868495864,9213916.669368744,9522698.568053702,-0.012822334313772665
2012-12-04,308781.89868495864,9357916.386175156,9666698.284860114,0.015121734220328698
2012-12-05,308781.89868495864,9714158.351135254,10022940.249820212,0.03685249652593803
2012-12-06,308781.89868495864,9784065.690231323,10092847.588916281,0.006974733696264668
2012-12-07,308781.89868495864,9930822.361373901,10239604.26005886,0.014540660586586318
2012-12-10,308781.89868495864,10083994.914960861,10392776.81364582,0.014958835292534944
2012-12-11,308781.89868495864,10069646.588945389,10378428.487630347,-0.0013806056141446588
2012-12-12,308781.89868495864,10095805.665540695,10404587.564225653,0.002520523856428314
2012-12-13,308781.89868495864,10002166.878652573,10310948.77733753,-0.008999759607010605
2012-12-14,308781.89868495864,10387403.520011902,10696185.41869686,0.03736190041075971
2012-12-17,308781.89868495864,10320078.559494019,10628860.458178977,-0.006294296319901083
2012-12-18,308781.89868495864,10192226.47576332,10501008.374448279,-0.012028766793369172
2012-12-19,308781.89868495864,10260029.948949814,10568811.847634772,0.00645685354860559
2012-12-20,308781.89868495864,10277335.204410553,10586117.103095511,0.001637388924149663
2012-12-21,308781.89868495864,10309294.70129013,10618076.599975089,0.0030190008827912784
2012-12-24,308781.89868495864,10470381.079912186,10779162.978597144,0.015170956538628877
2012-12-25,308781.89868495864,10850781.838655472,11159563.73734043,0.03529038010637753
2012-12-26,308781.89868495864,11086811.687469482,11395593.58615444,0.021150454835814347
2012-12-27,308781.89868495864,11032057.49115944,11340839.389844397,-0.004804856885785136
2012-12-28,308781.89868495864,11337417.979621887,11646199.878306845,0.02692573961817102
2012-12-31,308781.89868495864,11527471.868753433,11836253.767438391,0.01631896164563984
2013-01-04,151419.9359789219,11665025.79407692,11816445.73005584,-0.0016735056354606481
2013-01-07,151419.9359789219,11768585.175657272,11920005.111636193,0.00876400433312563
2013-01-08,151419.9359789219,11961972.861862183,12113392.797841104,0.01622379222103909
2013-01-09,151419.9359789219,11984002.6034832,12135422.539462121,0.0018186268693394236
2013-01-10,151419.9359789219,12091035.196685791,12242455.132664712,0.00881984890551113
2013-01-11,151419.9359789219,11748407.636356354,11899827.572335275,-0.027986834063639332
2013-01-14,151419.9359789219,12078393.448162079,12229813.384141,0.027730301956044867
2013-01-15,151419.9359789219,12166415.498781204,12317835.434760125,0.007197333912982495
2013-01-16,151419.9359789219,12115170.95682621,12266590.892805131,-0.004160190499897798
2013-01-17,151419.9359789219,12082413.706827164,12233833.642806085,-0.002670444484967671
2013-01-18,151419.9359789219,12340907.30934143,12492327.245320352,0.02112940310139577
2013-01-21,151419.9359789219,12359823.674082756,12511243.610061677,0.0015142386498410154
2013-01-22,151419.9359789219,12108521.8593359,12259941.79531482,-0.02008607797747275
2013-01-23,151419.9359789219,12094047.110438347,12245467.046417268,-0.0011806539655093706
2013-01-24,151419.9359789219,11818349.87707138,11969769.813050302,-0.022514227699271694
2013-01-25,151419.9359789219,11725845.704603195,11877265.640582116,-0.007728149656422878
2013-01-28,151419.9359789219,12030014.766335487,12181434.702314408,0.025609350749301374
2013-01-29,151419.9359789219,12097680.669236183,12249100.605215104,0.005554838535385187
2013-01-30,151419.9359789219,12194757.556939125,12346177.492918046,0.007925225764054078
2013-01-31,151419.9359789219,11982683.279156685,12134103.215135606,-0.01717732293287455
2013-02-01,231.93147145025432,12220524.94339943,12220756.87487088,0.007141332012668755
2013-02-04,231.93147145025432,12039310.148382187,12039542.079853637,-0.014828442859367241
2013-02-05,231.93147145025432,12244154.635477066,12244386.566948516,0.017014308828045444
2013-02-06,231.93147145025432,12289029.564666748,12289261.496138198,0.003664938945231677
2013-02-07,231.93147145025432,12297054.805898666,12297286.737370117,0.0006530287629114007
2013-02-08,231.93147145025432,12508148.107481003,12508380.038952453,0.017165843660524427
2013-02-18,231.93147145025432,12479794.01974678,12480025.95121823,-0.002266807344030508
2013-02-19,231.93147145025432,12259493.788671494,12259725.720142944,-0.017652225398920973
2013-02-20,231.93147145025432,12521743.494081497,12521975.425552947,0.02139115600107777
2013-02-21,231.93147145025432,12432463.407421112,12432695.338892562,-0.007129872374465496
2013-02-22,231.93147145025432,12540389.734268188,12540621.665739639,0.008680847065354769
2013-02-25,231.93147145025432,12552422.082805634,12552654.014277084,0.0009594698618742292
2013-02-26,231.93147145025432,12409422.20082283,12409654.13229428,-0.011392003780249071
2013-02-27,231.93147145025432,12430710.915613174,12430942.847084625,0.001715496222811197
2013-02-28,231.93147145025432,12646209.069776535,12646441.001247985,0.017335624241398673
2013-03-01,997.0154577532958,12849916.841125488,12850913.856583241,0.016168410963612434
2013-03-04,997.0154577532958,12312196.550607681,12313193.566065434,-0.04184296124919895
2013-03-05,997.0154577532958,12503761.991214752,12504759.006672505,0.015557738094446494
2013-03-06,997.0154577532958,12655617.79847145,12656614.813929204,0.012143841170842995
2013-03-07,997.0154577532958,12541574.210453033,12542571.225910787,-0.009010591670444712
2013-03-08,997.0154577532958,12460255.70693016,12461252.722387914,-0.0064833997796944765
2013-03-11,997.0154577532958,12459284.57479477,12460281.590252522,-7.79321435032676e-05
2013-03-12,997.0154577532958,12126746.346712112,12127743.362169866,-0.026687858189560987
2013-03-13,997.0154577532958,11945395.357465744,11946392.372923497,-0.014953399311866789
2013-03-14,997.0154577532958,12021056.276893616,12022053.292351369,0.0063333696957215135
2013-03-15,997.0154577532958,12018419.13433075,12019416.149788503,-0.0002193587483548809
2013-03-18,997.0154577532958,11865477.407836914,11866474.423294667,-0.012724555385040581
2013-03-19,997.0154577532958,12034286.820268631,12035283.835726384,0.014225742744646386
2013-03-20,997.0154577532958,12351740.088796616,12352737.104254369,0.02637688257801063
2013-03-21,997.0154577532958,12427029.273557663,12428026.289015416,0.0060949394555736
2013-03-22,997.0154577532958,12441085.918521881,12442082.933979634,0.0011310440320393411
2013-03-25,997.0154577532958,12482152.171707153,12483149.187164906,0.003300593108338745
2013-03-26,997.0154577532958,12488733.427715302,12489730.443173055,0.0005272111956264869
2013-03-27,997.0154577532958,12401117.650842667,12402114.66630042,-0.007015025446007628
2013-03-28,997.0154577532958,12095923.536586761,12096920.552044515,-0.02460823194008943
2013-03-29,997.0154577532958,12140586.468553543,12141583.484011296,0.0036920910387587824
2013-04-01,614.6175636434696,12300835.991811752,12301450.609375395,0.013166909042351849
2013-04-02,614.6175636434696,11962537.431573868,11963152.04913751,-0.027500704671370557
2013-04-03,614.6175636434696,11835321.82059288,11835936.438156523,-0.01063395420023594
2013-04-08,614.6175636434696,12054094.36826706,12054708.985830702,0.01848375486107745
2013-04-09,614.6175636434696,12202865.712499619,12203480.330063261,0.012341346805420761
2013-04-10,614.6175636434696,12066894.153213501,12067508.770777144,-0.01114203125735791
2013-04-11,614.6175636434696,12069850.745630264,12070465.363193907,0.00024500437272712006
2013-04-12,614.6175636434696,12040359.214353561,12040973.831917204,-0.0024432803864075092
2013-04-15,614.6175636434696,11964601.045560837,11965215.66312448,-0.006291697818652464
2013-04-16,614.6175636434696,12104890.272760391,12105504.890324034,0.011724755420156052
2013-04-17,614.6175636434696,12444516.370725632,12445130.988289274,0.028055508716262167
2013-04-18,614.6175636434696,12469375.9704113,12469990.587974943,0.0019975362018336273
2013-04-19,614.6175636434696,12749920.178890228,12750534.79645387,0.022497547732671208
2013-04-22,614.6175636434696,13015234.412193298,13015849.02975694,0.02080808668330203
2013-04-23,614.6175636434696,12746253.606033325,12746868.223596968,-0.020665636605420645
2013-04-24,614.6175636434696,13162823.241853714,13163437.859417357,0.03268015551060888
2013-04-25,614.6175636434696,12870089.890098572,12870704.507662214,-0.022238366214166083
2013-04-26,614.6175636434696,12614383.183526993,12614997.801090635,-0.019867343424701533
2013-05-02,407.8226803446887,12807642.637968063,12808050.460648408,0.015303423956291251
2013-05-03,407.8226803446887,13072282.415485382,13072690.238165727,0.02066198742192671
2013-05-06,407.8226803446887,13166985.794067383,13167393.616747728,0.0072443679806253325
2013-05-07,407.8226803446887,13158840.53196907,13159248.354649415,-0.0006185933477337313
2013-05-08,407.8226803446887,13361530.583620071,13361938.406300416,0.015402859357038112
2013-05-09,407.8226803446887,13245851.099681854,13246258.922362199,-0.00865738790441306
2013-05-10,407.8226803446887,13263922.335195541,13264330.157875886,0.0013642520216163856
2013-05-13,407.8226803446887,13281490.135145187,13281897.957825532,0.0013244392849505182
2013-05-14,407.8226803446887,13101570.420646667,13101978.243327012,-0.013546235264705775
2013-05-15,407.8226803446887,13423459.217834473,13423867.040514817,0.024567953877632664
2013-05-16,407.8226803446887,13592582.957315445,13592990.77999579,0.012598734699214242
2013-05-17,407.8226803446887,13774435.417604446,13774843.240284791,0.013378399443676914
2013-05-20,407.8226803446887,13962396.786642075,13962804.60932242,0.013645263743396585
2013-05-21,407.8226803446887,14311315.950632095,14311723.77331244,0.024989189045663496
2013-05-22,407.8226803446887,14182397.410154343,14182805.232834687,-0.009007897477601667
2013-05-23,407.8226803446887,14160566.820144653,14160974.642824998,-0.001539229345062787
2013-05-24,407.8226803446887,14396361.23085022,14396769.053530565,0.0166510015484731
2013-05-27,407.8226803446887,14536243.83277893,14536651.655459275,0.009716249625773221
2013-05-28,407.8226803446887,14394731.532907486,14395139.35558783,-0.009734862141949963
2013-05-29,407.8226803446887,14498700.585985184,14499108.408665529,0.007222511051088842
2013-05-30,407.8226803446887,14388885.71152687,14389293.534207216,-0.007573905330115371
2013-05-31,407.8226803446887,14184672.73426056,14185080.556940904,-0.0141920085778251
2013-06-03,757.6343517078785,13939807.298898697,13940564.933250405,-0.017237520979100474
2013-06-04,757.6343517078785,13598353.01952362,13599110.653875329,-0.024493575476317697
2013-06-05,757.6343517078785,13660074.841117859,13660832.475469567,0.004538666032300354
2013-06-06,757.6343517078785,13430325.548887253,13431083.18323896,-0.01681810333617384
2013-06-07,757.6343517078785,13416966.489696503,13417724.12404821,-0.0009946375142267927
2013-06-13,757.6343517078785,13132868.865060806,13133626.499412514,-0.021173309423355602
2013-06-14,757.6343517078785,13614960.22825241,13615717.862604119,0.036706644826024926
2013-06-17,757.6343517078785,13731748.80156517,13732506.435916878,0.00857748188463292
2013-06-18,757.6343517078785,13883051.82685852,13883809.461210229,0.011017873976568726
2013-06-19,757.6343517078785,13879772.645902634,13880530.280254342,-0.00023618740699726803
2013-06-20,757.6343517078785,13415167.54951477,13415925.183866479,-0.03347171087899892
2013-06-21,757.6343517078785,13433404.03418541,13434161.668537118,0.0013593162171603446
2013-06-24,757.6343517078785,12626482.985782623,12627240.620134331,-0.060064860637534245
2013-06-25,757.6343517078785,12749968.19396019,12750725.828311898,0.009779271013547364
2013-06-26,757.6343517078785,13384087.026834488,13384844.661186196,0.049731979293782036
2013-06-27,757.6343517078785,13262701.020765305,13263458.655117013,-0.009068914069745082
2013-06-28,757.6343517078785,13179883.645153046,13180641.279504754,-0.006244025616976456
2013-07-01,244.36106802446307,13741600.500774384,13741844.861842409,0.042577866314463586
2013-07-02,244.36106802446307,14173781.377124786,14174025.738192812,0.03144998948070343
2013-07-03,244.36106802446307,14397884.515571594,14398128.87663962,0.015810831910862744
2013-07-04,244.36106802446307,14273387.636566162,14273631.997634187,-0.008646740147424503
2013-07-05,244.36106802446307,14007908.759975433,14008153.121043459,-0.018599251867690847
2013-07-08,244.36106802446307,13546394.339370728,13546638.700438753,-0.03294612905904104
2013-07-09,244.36106802446307,13696419.08941269,13696663.450480714,0.011074684529462031
2013-07-10,244.36106802446307,13932957.19461441,13933201.555682436,0.01726976106676692
2013-07-11,244.36106802446307,14185644.006252289,14185888.367320314,0.01813558862462772
2013-07-12,244.36106802446307,14187860.898017883,14188105.259085909,0.00015627444035870575
2013-07-15,244.36106802446307,14606975.281906128,14607219.642974153,0.029539841736080152
2013-07-16,244.36106802446307,14752151.86843872,14752396.229506746,0.009938687175311989
2013-07-17,244.36106802446307,14664324.358177185,14664568.71924521,-0.005953440301845303
2013-07-18,244.36106802446307,14550247.86119461,14550492.222262636,-0.0077790557067569654
2013-07-19,244.36106802446307,14211386.56167984,14211630.922747865,-0.0232886485445698
2013-07-22,244.36106802446307,14625548.049640656,14625792.41070868,0.02914243201305533
2013-07-23,244.36106802446307,15136138.275909424,15136382.636977449,0.03491026071824499
2013-07-24,244.36106802446307,15358461.93113327,15358706.292201295,0.014688030856244483
2013-07-25,244.36106802446307,14950024.1979599,14950268.559027925,-0.02659323808938019
2013-07-26,244.36106802446307,14885609.969043732,14885854.330111757,-0.004308566676367254
2013-07-29,244.36106802446307,14751900.804328918,14752145.165396944,-0.008982297001545958
2013-07-30,244.36106802446307,14525758.976364136,14526003.337432161,-0.015329419920245058
2013-07-31,244.36106802446307,14507361.93780899,14507606.298877016,-0.001266490040501167
2013-08-01,260367.6906789912,14916695.031499863,15177062.722178854,0.04614520200714711
2013-08-02,260367.6906789912,14782203.486967087,15042571.177646078,-0.008861500212174689
2013-08-05,260367.6906789912,15114269.531011581,15374637.221690573,0.022075085444033693
2013-08-06,260367.6906789912,15369588.094902039,15629955.78558103,0.016606477291721378
2013-08-07,260367.6906789912,15073954.026460648,15334321.717139639,-0.018914581237275185
2013-08-08,260367.6906789912,15250916.690254211,15511284.380933203,0.01154029940533774
2013-08-09,260367.6906789912,15190525.861024857,15450893.551703848,-0.003893348077841252
2013-08-12,260367.6906789912,15143644.75493431,15404012.445613302,-0.003034200315578217
2013-08-13,260367.6906789912,15282278.571891785,15542646.262570776,0.008999851009400706
2013-08-14,260367.6906789912,15337292.840623856,15597660.531302847,0.003539568989905817
2013-08-15,260367.6906789912,15109124.283313751,15369491.973992743,-0.014628383330448469
2013-08-16,260367.6906789912,14674287.259817123,14934654.950496115,-0.02829221839163132
2013-08-19,260367.6906789912,15122636.36007309,15383004.050752081,0.03002072038102721
2013-08-20,260367.6906789912,15216151.590681076,15476519.281360067,0.006079126697195125
2013-08-21,260367.6906789912,15095617.299985886,15355984.990664877,-0.0077882040854213574
2013-08-22,260367.6906789912,15377393.47372055,15637761.164399542,0.018349599449723364
2013-08-23,260367.6906789912,15748344.22879219,16008711.919471182,0.023721474651763774
2013-08-26,260367.6906789912,15981157.641363144,16241525.332042135,0.014542919739081839
2013-08-27,260367.6906789912,16059248.583650589,16319616.27432958,0.004808103961355448
2013-08-28,260367.6906789912,15826315.78116417,16086683.47184316,-0.014273178889188554
2013-08-29,260367.6906789912,15805614.72659111,16065982.417270102,-0.0012868441533826491
2013-08-30,260367.6906789912,15200979.21257019,15461346.903249182,-0.03763451859445377
2013-09-02,282658.1918559855,15434742.864990234,15717401.05684622,0.01656092158072142
2013-09-03,282658.1918559855,15909653.438186646,16192311.630042631,0.03021559171766186
2013-09-04,282658.1918559855,15844978.053760529,16127636.245616514,-0.00399420329251321
2013-09-05,282658.1918559855,16094412.147426605,16377070.33928259,0.015466252454315654
2013-09-06,282658.1918559855,16120278.22637558,16402936.418231566,0.0015794081855367015
2013-09-09,282658.1918559855,15956065.61126709,16238723.803123076,-0.010011171836645683
2013-09-10,282658.1918559855,15838273.344039917,16120931.535895903,-0.007253788453777332
2013-09-11,282658.1918559855,15355686.695671082,15638344.887527067,-0.02993540710065523
2013-09-12,282658.1918559855,15365446.20923996,15648104.401095945,0.0006240758621880449
2013-09-13,282658.1918559855,15694908.725738525,15977566.917594511,0.02105446819970669
2013-09-16,282658.1918559855,16185374.581241608,16468032.773097593,0.030697155457567238
2013-09-17,282658.1918559855,16259680.477046967,16542338.668902952,0.004512129458883907
2013-09-18,282658.1918559855,16377587.408542633,16660245.600398619,0.007127585395003022
2013-09-23,282658.1918559855,16986441.26253128,17269099.454387266,0.036545310831076705
2013-09-24,282658.1918559855,17185071.06332779,17467729.255183775,0.01150203583696685
2013-09-25,282658.1918559855,17085584.417533875,17368242.60938986,-0.005695453847522347
2013-09-26,282658.1918559855,16636834.524822235,16919492.71667822,-0.025837380488284434
2013-09-27,282658.1918559855,16914202.154541016,17196860.346397,0.016393377411686227
2013-09-30,282658.1918559855,17488620.701503754,17771278.89335974,0.03340252437899727
2013-10-08,413289.40686654486,17721235.327720642,18134524.734587185,0.020440050679930044
2013-10-09,413289.40686654486,18114514.093971252,18527803.500837795,0.0216867423881546
2013-10-10,413289.40686654486,17831579.8828125,18244869.289679043,-0.015270790795355649
2013-10-11,413289.40686654486,17951824.733924866,18365114.14079141,0.006590611815475489
2013-10-14,413289.40686654486,18182488.602161407,18595778.00902795,0.012559892983414978
2013-10-15,413289.40686654486,18062370.188236237,18475659.59510278,-0.006459445464817581
2013-10-16,413289.40686654486,17372485.04152298,17785774.448389523,-0.03734021744458427
2013-10-17,413289.40686654486,17265269.8387146,17678559.245581143,-0.006028143622280546
2013-10-18,413289.40686654486,17573268.447303772,17986557.854170315,0.01742215552243942
2013-10-21,413289.40686654486,18096755.072021484,18510044.478888027,0.029104324961006345
2013-10-22,413289.40686654486,17415574.42703247,17828863.833899014,-0.03680059471310004
2013-10-23,413289.40686654486,16791449.9707222,17204739.37758874,-0.035006406584562555
2013-10-24,413289.40686654486,16636959.732151031,17050249.139017574,-0.008979516351895978
2013-10-25,413289.40686654486,16268518.051242828,16681807.458109373,-0.021609166992467177
2013-10-28,413289.40686654486,16495023.738193512,16908313.145060055,0.013578006311334878
2013-10-29,413289.40686654486,16198116.799163818,16611406.206030363,-0.01755982021875646
2013-10-30,413289.40686654486,16472497.83296585,16885787.239832394,0.0165176283331403
2013-10-31,413289.40686654486,16039820.51782608,16453109.924692625,-0.02562375736436573
2013-11-01,326753.9591300958,16088672.909593582,16415426.868723677,-0.002290330286579656
2013-11-04,326753.9591300958,16032169.747304916,16358923.706435012,-0.0034420769402178086
2013-11-05,326753.9591300958,16497360.705184937,16824114.664315034,0.028436525912583832
2013-11-06,326753.9591300958,16299754.6936512,16626508.652781295,-0.011745403278359379
2013-11-07,326753.9591300958,15907706.101369858,16234460.060499953,-0.02357973044543893
2013-11-08,326753.9591300958,15729780.358695984,16056534.31782608,-0.010959757331676534
2013-11-11,326753.9591300958,15831047.520542145,16157801.47967224,0.006306912802081621
2013-11-12,326753.9591300958,16003638.059473038,16330392.018603133,0.010681560801946155
2013-11-13,326753.9591300958,15736923.79937172,16063677.758501815,-0.016332385640068225
2013-11-14,326753.9591300958,16063771.548461914,16390525.50759201,0.020347006084407315
2013-11-15,326753.9591300958,16380633.465194702,16707387.424324797,0.01933201693783526
2013-11-18,326753.9591300958,16814461.946821213,17141215.90595131,0.02596626693380477
2013-11-19,326753.9591300958,16884429.0954113,17211183.054541398,0.004081807788547609
2013-11-20,326753.9591300958,16955534.10577774,17282288.064907838,0.004131326134938718
2013-11-21,326753.9591300958,16952284.577941895,17279038.53707199,-0.00018802648258386956
2013-11-22,326753.9591300958,16921987.905216217,17248741.864346314,-0.0017533772299122008
2013-11-25,326753.9591300958,17078307.877635956,17405061.836766053,0.009062688377455386
2013-11-26,326753.9591300958,17174619.519519806,17501373.478649903,0.0055335420688023
2013-11-27,326753.9591300958,17476858.101654053,17803612.06078415,0.017269420740203545
2013-11-28,326753.9591300958,17850583.545207977,18177337.504338074,0.020991551729950597
2013-11-29,326753.9591300958,18182682.317447662,18509436.27657776,0.01826993486589701
2013-12-02,980.4209921297734,17476009.898757935,17476990.319750063,-0.05577943819575837
2013-12-03,980.4209921297734,17627085.476589203,17628065.89758133,0.008644255965544856
2013-12-04,980.4209921297734,17374202.144622803,17375182.56561493,-0.014345495043849188
2013-12-05,980.4209921297734,16921551.244449615,16922531.665441744,-0.026051576636033302
2013-12-06,980.4209921297734,16879241.350078583,16880221.77107071,-0.0025002106781359945
2013-12-09,980.4209921297734,17149998.689460754,17150979.110452883,0.016039916006683974
2013-12-10,980.4209921297734,17041906.819343567,17042887.240335695,-0.006302373142726858
2013-12-11,980.4209921297734,16965343.33257675,16966323.75356888,-0.0044924011810399955
2013-12-12,980.4209921297734,17241539.422798157,17242519.843790285,0.01627907696641162
2013-12-13,980.4209921297734,17371288.053798676,17372268.474790804,0.00752492281731354
2013-12-16,980.4209921297734,17236687.586402893,17237668.00739502,-0.007748007555323233
2013-12-17,980.4209921297734,17133674.52583313,17134654.94682526,-0.005976043889786564
2013-12-18,980.4209921297734,17043576.618289948,17044557.039282076,-0.0052582271322525465
2013-12-19,980.4209921297734,16885434.147834778,16886414.568826906,-0.009278180130507518
2013-12-20,980.4209921297734,16695519.09160614,16696499.51259827,-0.011246618129299502
2013-12-23,980.4209921297734,16753845.974349976,16754826.395342106,0.00349335995247535
2013-12-24,980.4209921297734,17074214.91174698,17075195.332739107,0.019120994144473213
2013-12-25,980.4209921297734,17542484.479522705,17543464.900514834,0.02742396550380244
2013-12-26,980.4209921297734,17198939.192199707,17199919.613191836,-0.019582521997288937
2013-12-27,980.4209921297734,17430736.334705353,17431716.75569748,0.013476641037779347
2013-12-30,980.4209921297734,17541131.075286865,17542111.496278994,0.006332981549016514
2013-12-31,980.4209921297734,17452842.318439484,17453822.739431612,-0.0050329606482155675
2014-01-02,38.93385345218712,17820422.863674164,17820461.797527615,0.021006232478097298
2014-01-03,38.93385345218712,17921532.421207428,17921571.35506088,0.005673789977052701
2014-01-06,38.93385345218712,17523184.58237648,17523223.51622993,-0.022227283028865563
2014-01-07,38.93385345218712,17799917.535161972,17799956.469015423,0.0157923542166305
2014-01-08,38.93385345218712,18287664.216327667,18287703.15018112,0.027401565954092044
2014-01-09,38.93385345218712,17939640.688705444,17939679.622558895,-0.019030466798602652
2014-01-10,38.93385345218712,17577046.684217453,17577085.618070904,-0.020211843918998107
2014-01-13,38.93385345218712,17599048.409748077,17599087.34360153,0.001251727732838992
2014-01-14,38.93385345218712,17982324.56483841,17982363.49869186,0.021778183584598265
2014-01-15,38.93385345218712,18282843.51439476,18282882.44824821,0.016711871583410698
2014-01-16,38.93385345218712,18252833.7038517,18252872.63770515,-0.0016414157137424334
2014-01-17,38.93385345218712,18085342.858600616,18085381.792454068,-0.009176136193768003
2014-01-20,38.93385345218712,17783652.049779892,17783690.983633343,-0.016681473041758044
2014-01-21,38.93385345218712,18198630.04798889,18198668.981842343,0.023334750845081187
2014-01-22,38.93385345218712,18691157.89141655,18691196.82527,0.027063948683229366
2014-01-23,38.93385345218712,19063901.049613953,19063939.983467404,0.01994217714798574
2014-01-24,38.93385345218712,19378223.15196991,19378262.08582336,0.016487782831279496
2014-01-27,38.93385345218712,19279472.430467606,19279511.364321057,-0.0050959534485059965
2014-01-28,38.93385345218712,19139687.61034012,19139726.54419357,-0.007250433762868824
2014-01-29,38.93385345218712,19415186.370515823,19415225.304369275,0.014394080267530418
2014-01-30,38.93385345218712,19264985.341072083,19265024.274925534,-0.00773624962312125
2014-02-07,964.4264517588308,19735053.582763672,19736018.00921543,0.024448125658627973
2014-02-10,964.4264517588308,20138501.48458481,20139465.911036566,0.020442213907220452
2014-02-11,964.4264517588308,19970959.146595,19971923.57304676,-0.008319105319371634
2014-02-12,964.4264517588308,20205178.48892212,20206142.915373877,0.01172743033341117
2014-02-13,964.4264517588308,19808933.397483826,19809897.823935583,-0.019610130102406087
2014-02-14,964.4264517588308,20331630.953025818,20332595.379477575,0.026385676503108302
2014-02-17,964.4264517588308,20812240.82698822,20813205.253439978,0.023637409046535218
2014-02-18,964.4264517588308,20676527.273082733,20677491.69953449,-0.006520550403117609
2014-02-19,964.4264517588308,20713697.452259064,20714661.87871082,0.0017976154804679734
2014-02-20,964.4264517588308,20408911.393737793,20409875.82018955,-0.014713542528758783
2014-02-21,964.4264517588308,20471179.334449768,20472143.760901526,0.003050873080294725
2014-02-24,964.4264517588308,20671612.279701233,20672576.70615299,0.009790520601670405
2014-02-25,964.4264517588308,19838475.280094147,19839439.706545904,-0.04030155560429538
2014-02-26,964.4264517588308,19624398.949813843,19625363.3762656,-0.010790442343473594
2014-02-27,964.4264517588308,19033325.146484375,19034289.572936133,-0.03011785269893641
2014-02-28,964.4264517588308,19202625.40359497,19203589.83004673,0.0088944878379551
2014-03-03,400.8780802544643,19580155.9466362,19580556.824716456,0.01963002740664188
2014-03-04,400.8780802544643,19495844.75274086,19496245.630821116,-0.004305862935874982
2014-03-05,400.8780802544643,19582962.850618362,19583363.72869862,0.004468455082438094
2014-03-06,400.8780802544643,19817541.24507904,19817942.123159297,0.011978452614701318
2014-03-07,400.8780802544643,19724237.021636963,19724637.89971722,-0.004708068217286865
2014-03-10,400.8780802544643,19072614.993095398,19073015.871175654,-0.03303594377014685
2014-03-11,400.8780802544643,18981613.899087906,18982014.777168162,-0.004771195841399067
2014-03-12,400.8780802544643,18731023.335695267,18731424.213775523,-0.01320147341229827
2014-03-13,400.8780802544643,19080375.454998016,19080776.333078273,0.018650590329689187
2014-03-14,400.8780802544643,19206451.986932755,19206852.86501301,0.006607515843900513
2014-03-17,400.8780802544643,19808682.66763687,19809083.545717128,0.031354990061965404
2014-03-18,400.8780802544643,19999152.39663124,19999553.274711497,0.009615272132846853
2014-03-19,400.8780802544643,19844204.13274765,19844605.010827906,-0.007747586246314553
2014-03-20,400.8780802544643,19239531.35318756,19239932.231267817,-0.030470386245035286
2014-03-21,400.8780802544643,19298414.910030365,19298815.78811062,0.003060486707282095
2014-03-24,400.8780802544643,18984848.386478424,18985249.26455868,-0.016247967077084535
2014-03-25,400.8780802544643,18987562.732601166,18987963.610681422,0.0001429713186757997
2014-03-26,400.8780802544643,19099032.45549202,19099433.333572276,0.005870546477566796
2014-03-27,400.8780802544643,18432781.815481186,18433182.693561442,-0.03488326739200809
2014-03-28,400.8780802544643,17739575.821256638,17739976.699336894,-0.03760641912732088
2014-03-31,400.8780802544643,17683535.529899597,17683936.407979853,-0.0031589833688527857
2014-04-01,450.8497465476046,18021578.651332855,18022029.501079403,0.01911865578452243
2014-04-02,450.8497465476046,17756094.127559662,17756544.97730621,-0.01473111137440386
2014-04-03,450.8497465476046,17812742.269039154,17813193.1187857,0.0031902682392261905
2014-04-04,450.8497465476046,18161476.65157318,18161927.50131973,0.019577308807495752
2014-04-08,450.8497465476046,18243721.46396637,18244172.313712917,0.004528418714765392
2014-04-09,450.8497465476046,18534585.60295105,18535036.452697597,0.015942851995870422
2014-04-10,450.8497465476046,18750575.14410019,18751025.993846737,0.011653041077116733
2014-04-11,450.8497465476046,18476439.229679108,18476890.079425655,-0.014619782112778257
2014-04-14,450.8497465476046,18648175.526046753,18648626.3757933,0.00929465378802452
2014-04-15,450.8497465476046,18721216.310310364,18721667.16005691,0.0039166844137334955
2014-04-16,450.8497465476046,18599608.733654022,18600059.58340057,-0.006495552752683986
2014-04-17,450.8497465476046,18656174.36504364,18656625.214790188,0.0030411532358798343
2014-04-18,450.8497465476046,18761854.737758636,18762305.587505184,0.005664495668338709
2014-04-21,450.8497465476046,18691190.60983658,18691641.459583126,-0.0037662816860374315
2014-04-22,450.8497465476046,18290525.69656372,18290976.54631027,-0.02143551245294395
2014-04-23,450.8497465476046,18141557.44409561,18142008.29384216,-0.008144357524648371
2014-04-24,450.8497465476046,17917454.220867157,17917905.070613705,-0.012352724108527724
2014-04-25,450.8497465476046,17571615.30714035,17572066.156886898,-0.019301302934906173
2014-04-28,450.8497465476046,16808564.190769196,16809015.040515743,-0.04342409763077848
2014-04-29,450.8497465476046,17036131.723213196,17036582.572959743,0.01353842160861185
2014-04-30,450.8497465476046,17353638.57269287,17354089.42243942,0.018636768736919107
2014-05-05,1250.1518499547892,17526954.607868195,17528204.75971815,0.010033101307729497
2014-05-06,1250.1518499547892,17642896.39430046,17644146.546150416,0.00661458420994232
2014-05-07,1250.1518499547892,17289142.84133911,17290392.993189067,-0.02004934339193254
2014-05-08,1250.1518499547892,17137749.38402176,17138999.535871714,-0.008755929224800618
2014-05-09,1250.1518499547892,16867758.717155457,16869008.869005412,-0.01575300041879435
2014-05-12,1250.1518499547892,17158696.840381622,17159946.992231578,0.017246900839605672
2014-05-13,1250.1518499547892,17098454.65531349,17099704.807163447,-0.0035106276898991817
2014-05-14,1250.1518499547892,17253744.82831955,17254994.980169505,0.009081453437781217
2014-05-15,1250.1518499547892,17089352.598381042,17090602.750230998,-0.009527225602061096
2014-05-16,1250.1518499547892,16799336.2970829,16800586.448932856,-0.016969343067448128
2014-05-19,1250.1518499547892,16725057.247400284,16726307.39925024,-0.004421217670489974
2014-05-20,1250.1518499547892,16969610.518312454,16970860.67016241,0.014620876268430338
2014-05-21,1250.1518499547892,17148464.212846756,17149714.36469671,0.010538870008446777
2014-05-22,1250.1518499547892,17220276.382160187,17221526.534010142,0.00418736824336019
2014-05-23,1250.1518499547892,17590267.110967636,17591517.26281759,0.021484200490401895
2014-05-26,1250.1518499547892,18040392.254543304,18041642.40639326,0.02558762481091259
2014-05-27,1250.1518499547892,17898542.995214462,17899793.147064418,-0.00786232517714558
2014-05-28,1250.1518499547892,18342020.157384872,18343270.309234828,0.024775546763407208
2014-05-29,1250.1518499547892,18004896.412420273,18006146.56427023,-0.018378606392496777
2014-05-30,1250.1518499547892,18022266.519260406,18023516.67111036,0.0009646765218829234
2014-06-03,1867.0643370175385,17932558.520555496,17934425.584892515,-0.004943046789567362
2014-06-04,1867.0643370175385,17911438.644456863,17913305.708793882,-0.001177616534115411
2014-06-05,1867.0643370175385,18318214.47095871,18320081.53529573,0.022708026821769423
2014-06-06,1867.0643370175385,18373403.21917534,18375270.283512358,0.0030124728490046326
2014-06-09,1867.0643370175385,18271378.469324112,18273245.53366113,-0.005552285668568913
2014-06-10,1867.0643370175385,18574020.837926865,18575887.902263884,0.016562047943002645
2014-06-11,1867.0643370175385,18625738.10005188,18627605.1643889,0.002784107139164549
2014-06-12,1867.0643370175385,18629202.548599243,18631069.612936262,0.0001859846457334946
2014-06-13,1867.0643370175385,18743210.49976349,18745077.564100508,0.006119238107783476
2014-06-16,1867.0643370175385,19010464.702749252,19012331.76708627,0.014257300460446931
2014-06-17,1867.0643370175385,18808602.22759247,18810469.291929487,-0.010617449644248489
2014-06-18,1867.0643370175385,18576793.819904327,18578660.884241346,-0.012323371846315267
2014-06-19,1867.0643370175385,17966273.80657196,17968140.87090898,-0.03286135729245254
2014-06-20,1867.0643370175385,18215535.03332138,18217402.0976584,0.013872399406272606
2014-06-23,1867.0643370175385,18442321.331596375,18444188.395933393,0.012448882505818215
2014-06-24,1867.0643370175385,18429356.814050674,18431223.878387693,-0.0007029052874215624
2014-06-25,1867.0643370175385,18378230.94472885,18380098.00906587,-0.00277387273135854
2014-06-26,1867.0643370175385,18614643.393039703,18616510.457376722,0.012862414998779714
2014-06-27,1867.0643370175385,18766959.759283066,18768826.823620085,0.00818178930966118
2014-06-30,1867.0643370175385,19164574.468374252,19166441.53271127,0.02118484617220706
2014-07-01,47.609586293390294,19244039.772462845,19244087.38204914,0.004051135376660797
2014-07-02,47.609586293390294,19364412.581157684,19364460.19074398,0.0062550541527433
2014-07-03,47.609586293390294,19601005.291843414,19601052.90142971,0.012217883088670778
2014-07-04,47.609586293390294,19660626.988077164,19660674.59766346,0.003041759875532124
2014-07-07,47.609586293390294,19716274.817037582,19716322.426623877,0.0028304129995129212
2014-07-08,47.609586293390294,19900231.84800148,19900279.457587775,0.009330189828681945
2014-07-09,47.609586293390294,19492318.090581894,19492365.70016819,-0.020497890910976757
2014-07-10,47.609586293390294,19476787.639951706,19476835.249538,-0.00079674529346907
2014-07-11,47.609586293390294,19443442.366075516,19443489.97566181,-0.0017120478480702195
2014-07-14,47.609586293390294,19822901.462221146,19822949.07180744,0.019515997211437597
2014-07-15,47.609586293390294,19603797.487974167,19603845.09756046,-0.011053046317845427
2014-07-16,47.609586293390294,19366139.541196823,19366187.150783118,-0.012123027171180745
2014-07-17,47.609586293390294,19155834.839773178,19155882.449359473,-0.01085937566265549
2014-07-18,47.609586293390294,19187434.113502502,19187481.723088797,0.001649585907246065
2014-07-21,47.609586293390294,19101069.639348984,19101117.24893528,-0.004501084373651487
2014-07-22,47.609586293390294,19326633.83512497,19326681.444711264,0.011808952996639865
2014-07-23,47.609586293390294,18873045.504045486,18873093.11363178,-0.02346954040594529
2014-07-24,47.609586293390294,18384401.33242607,18384448.942012366,-0.02589104863084013
2014-07-25,47.609586293390294,18535315.681886673,18535363.291472968,0.008208804622679144
2014-07-28,47.609586293390294,18891932.6672554,18891980.276841696,0.01923981633167049
2014-07-29,47.609586293390294,19168564.60199356,19168612.211579856,0.014642823604747335
2014-07-30,47.609586293390294,19302188.414001465,19302236.02358776,0.006970969548185657
2014-07-31,47.609586293390294,19402941.130447388,19402988.740033682,0.005219743263050081
2014-08-01,337.43154759580557,19027800.22764206,19028137.659189656,-0.01931924436314314
2014-08-04,337.43154759580557,19187299.9625206,19187637.394068196,0.008382309279831635
2014-08-05,337.43154759580557,19443246.494960785,19443583.926508382,0.013339137444785765
2014-08-06,337.43154759580557,19557914.6692276,19558252.100775197,0.005897481385130909
2014-08-07,337.43154759580557,19652914.044570923,19653251.47611852,0.004857252828822878
2014-08-08,337.43154759580557,19974113.383483887,19974450.815031484,0.016343318015508368
2014-08-11,337.43154759580557,20246753.31878662,20247090.75033422,0.013649433360018337
2014-08-12,337.43154759580557,20276615.740299225,20276953.171846822,0.0014748993759565732
2014-08-13,337.43154759580557,20170866.691589355,20171204.123136953,-0.0052152336602865335
2014-08-14,337.43154759580557,20134454.440021515,20134791.871569112,-0.0018051600363349074
2014-08-15,337.43154759580557,20331415.67440033,20331753.105947927,0.009782134110704721
2014-08-18,337.43154759580557,20553461.953544617,20553799.385092214,0.01092115756015799
2014-08-19,337.43154759580557,20566271.017360687,20566608.448908284,0.0006231968881316163
2014-08-20,337.43154759580557,20456943.29061508,20457280.72216268,-0.005315787822634865
2014-08-21,337.43154759580557,20590326.34115219,20590663.77269979,0.006520077245291356
2014-08-22,337.43154759580557,20852903.652191162,20853241.08373876,0.012752250920007313
2014-08-25,337.43154759580557,20813485.342884064,20813822.77443166,-0.0018902725551778188
2014-08-26,337.43154759580557,20383891.861343384,20384229.29289098,-0.02063981644296531
2014-08-27,337.43154759580557,20418267.3163414,20418604.747888997,0.0016863750159052948
2014-08-28,337.43154759580557,20088386.914730072,20088724.34627767,-0.01615587380648198
2014-08-29,337.43154759580557,20359619.03476715,20359956.466314748,0.013501709484471824
2014-09-01,67.83459596056491,20760237.51244545,20760305.34704141,0.019663543062532263
2014-09-02,67.83459596056491,21122489.051914215,21122556.886510175,0.017449239469899736
2014-09-03,67.83459596056491,21511906.330013275,21511974.164609235,0.018436086132534335
2014-09-04,67.83459596056491,21752057.089996338,21752124.924592298,0.011163585366244622
2014-09-05,67.83459596056491,21775398.68159294,21775466.5161889,0.001073071788504354
2014-09-09,67.83459596056491,21783665.40670395,21783733.24129991,0.0003796348108024983
2014-09-10,67.83459596056491,21952723.86507988,21952791.69967584,0.0077607660956575675
2014-09-11,67.83459596056491,22047523.33803177,22047591.17262773,0.004318333369568217
2014-09-12,67.83459596056491,22225859.927415848,22225927.762011807,0.008088710825039591
2014-09-15,67.83459596056491,22495872.393465042,22495940.228061,0.012148535212586076
2014-09-16,67.83459596056491,21804508.95175934,21804576.786355298,-0.030732809329005573
2014-09-17,67.83459596056491,21848090.679311752,21848158.513907712,0.0019987421897444957
2014-09-18,67.83459596056491,22044215.993833542,22044283.8284295,0.008976743481467597
2014-09-19,67.83459596056491,22176141.339874268,22176209.174470227,0.0059845603090351585
2014-09-22,67.83459596056491,21996690.785074234,21996758.619670194,-0.008092030219782664
2014-09-23,67.83459596056491,22453540.434598923,22453608.269194882,0.020768953163679216
2014-09-24,67.83459596056491,22718645.1379776,22718712.97257356,0.011806775116068424
2014-09-25,67.83459596056491,22683730.769968033,22683798.604563992,-0.0015368110003289859
2014-09-26,67.83459596056491,22618398.407268524,22618466.241864484,-0.0028801332545054237
2014-09-29,67.83459596056491,22659144.56410408,22659212.39870004,0.001801455341836622
2014-09-30,67.83459596056491,22748844.26059723,22748912.09519319,0.0039586414088379485
2014-10-08,248.72454452200327,23063817.33675003,23064066.061294552,0.013853584065145474
2014-10-09,248.72454452200327,23089020.775699615,23089269.500244137,0.0010927578373476354
2014-10-10,248.72454452200327,23060348.992538452,23060597.717082974,-0.0012417795704130485
2014-10-13,248.72454452200327,23106622.138500214,23106870.863044735,0.002006589184263996
2014-10-14,248.72454452200327,22884905.667877197,22885154.39242172,-0.009595261597173277
2014-10-15,248.72454452200327,22966152.947235107,22966401.67177963,0.0035502176635877625
2014-10-16,248.72454452200327,22635307.152175903,22635555.876720425,-0.014405643504255883
2014-10-17,248.72454452200327,22407044.493293762,22407293.217838284,-0.010084252409144456
2014-10-20,248.72454452200327,22624101.477241516,22624350.201786038,0.009686889970938362
2014-10-21,248.72454452200327,22556028.083705902,22556276.808250424,-0.0030088551904682292
2014-10-22,248.72454452200327,22252426.448631287,22252675.173175808,-0.013459740614797155
2014-10-23,248.72454452200327,21950385.19306183,21950633.91760635,-0.013573255944235862
2014-10-24,248.72454452200327,21828223.042678833,21828471.767223354,-0.005565313094899271
2014-10-27,248.72454452200327,22017466.66240692,22017715.386951443,0.008669577135136386
2014-10-28,248.72454452200327,22601459.77497101,22601708.49951553,0.02652378333994565
2014-10-29,248.72454452200327,22841614.806175232,22841863.530719753,0.010625525553051407
2014-10-30,248.72454452200327,22688317.68989563,22688566.41444015,-0.006711235100123725
2014-10-31,248.72454452200327,22499056.98633194,22499305.71087646,-0.008341677482242127
2014-11-03,386.30825306125917,22644310.50310135,22644696.81135441,0.006462026088550177
2014-11-04,386.30825306125917,22515954.801130295,22516341.109383356,-0.005668245551722073
2014-11-05,386.30825306125917,22598533.19168091,22598919.49993397,0.003667487099678013
2014-11-06,386.30825306125917,22775244.253969193,22775630.562222254,0.007819447398305979
2014-11-07,386.30825306125917,22623809.319782257,22624195.628035318,-0.006648989751270373
2014-11-10,386.30825306125917,22555692.18044281,22556078.48869587,-0.003010809332599562
2014-11-11,386.30825306125917,21874605.07502556,21874991.38327862,-0.030195279988876722
2014-11-12,386.30825306125917,22219931.21881485,22220317.52706791,0.015786344220151793
2014-11-13,386.30825306125917,21920277.76966095,21920664.07791401,-0.013485561076653108
2014-11-14,386.30825306125917,21937820.41797638,21938206.72622944,0.0008002790541872251
2014-11-17,386.30825306125917,22300272.41206169,22300658.720314752,0.0165214959731399
2014-11-18,386.30825306125917,22305783.37621689,22306169.68446995,0.0002471211377346183
2014-11-19,386.30825306125917,22388129.428625107,22388515.736878168,0.003691626737043485
2014-11-20,386.30825306125917,22393956.59236908,22394342.90062214,0.00026027467887801414
2014-11-21,386.30825306125917,22699163.64955902,22699549.957812082,0.013628756983151469
2014-11-24,386.30825306125917,23010320.59431076,23010706.90256382,0.013707626156907793
2014-11-25,386.30825306125917,23324921.263599396,23325307.571852457,0.013671925448478284
2014-11-26,386.30825306125917,23503129.117679596,23503515.425932657,0.007640107361124304
2014-11-27,386.30825306125917,23663806.049633026,23664192.357886087,0.006836293594453036
2014-11-28,386.30825306125917,23498020.671081543,23498406.979334604,-0.007005748433930203
2014-12-01,1117.2308927408885,23317569.629764557,23318686.860657297,-0.007648183080468329
2014-12-02,1117.2308927408885,23753864.246559143,23754981.477451883,0.018710085151951272
2014-12-03,1117.2308927408885,23686908.05463791,23688025.28553065,-0.0028186168860956373
2014-12-04,1117.2308927408885,24171972.160434723,24173089.391327463,0.020477186255500435
2014-12-05,1117.2308927408885,23978312.787914276,23979430.018807016,-0.008011362113686915
2014-12-08,1117.2308927408885,24441556.26783371,24442673.49872645,0.01931836910035445
2014-12-09,1117.2308927408885,23296454.590129852,23297571.821022592,-0.046848462700429305
2014-12-10,1117.2308927408885,24029064.261627197,24030181.492519937,0.03144575224943713
2014-12-11,1117.2308927408885,24046693.72653961,24047810.957432352,0.0007336384420526532
2014-12-12,1117.2308927408885,24415005.363082886,24416122.593975626,0.015315807214021815
2014-12-15,1117.2308927408885,24990435.608768463,24991552.839661203,0.02356763419215291
2014-12-16,1117.2308927408885,25152884.407138824,25154001.638031565,0.006500148246592952
2014-12-17,1117.2308927408885,24837513.13085556,24838630.3617483,-0.012537618499890657
2014-12-18,1117.2308927408885,24703844.254779816,24704961.485672556,-0.005381491415951678
2014-12-19,1117.2308927408885,24226619.615268707,24227736.846161447,-0.019316955413505532
2014-12-22,1117.2308927408885,22988720.002269745,22989837.233162485,-0.05109431478718951
2014-12-23,1117.2308927408885,22590419.7347641,22591536.96565684,-0.017325058175318597
2014-12-24,1117.2308927408885,22857492.613887787,22858609.844780527,0.011821810952025391
2014-12-25,1117.2308927408885,23169991.680049896,23171108.910942636,0.013670956732894535
2014-12-26,1117.2308927408885,23440157.99188614,23441275.22277888,0.011659619437059288
2014-12-29,1117.2308927408885,22881483.155345917,22882600.386238657,-0.023832954104703874
2014-12-30,1117.2308927408885,22210502.14395523,22211619.37484797,-0.029322760528309844
2014-12-31,1117.2308927408885,22505797.223186493,22506914.454079233,0.013294621803471518
