2019-01-02 09:30:00 - INFO  - QR_CANDIDATES|2019-01-02|2018-12-28|3453|1883|000636.XSHE,600097.XSHG,600230.XSHG,300159.XSHE,600596.XSHG,600382.XSHG,300061.XSHE,000910.XSHE,000791.XSHE,603980.XSHG,601126.XSHG,002884.XSHE,002530.XSHE,600383.XSHG,002396.XSHE,002541.XSHE,603669.XSHG,600668.XSHG,300145.XSHE,600720.XSHG
2019-01-02 09:30:00 - INFO  - QR_ORDER|2019-01-02|target|000636.XSHE|46300|46300|held
2019-01-02 09:30:00 - INFO  - QR_ORDER|2019-01-02|target|600097.XSHG|48500|48500|held
2019-01-02 09:30:00 - INFO  - QR_ORDER|2019-01-02|target|600230.XSHG|30900|30900|held
2019-01-02 09:30:00 - INFO  - QR_ORDER|2019-01-02|target|300159.XSHE|107900|107900|held
2019-01-02 09:30:00 - INFO  - QR_ORDER|2019-01-02|target|600596.XSHG|46700|46700|held
2019-01-02 09:30:00 - INFO  - QR_ORDER|2019-01-02|target|600382.XSHG|64700|64700|held
2019-01-02 09:30:00 - INFO  - QR_ORDER|2019-01-02|target|300061.XSHE|83300|83300|held
2019-01-02 09:30:00 - INFO  - QR_ORDER|2019-01-02|target|000910.XSHE|48400|48400|held
2019-01-02 09:30:00 - INFO  - QR_ORDER|2019-01-02|target|000791.XSHE|99000|99000|held
2019-01-02 09:30:00 - INFO  - QR_ORDER|2019-01-02|target|603980.XSHG|42400|42400|held
2019-01-02 09:30:00 - INFO  - QR_ORDER|2019-01-02|target|601126.XSHG|97400|97400|held
2019-01-02 09:30:00 - INFO  - QR_ORDER|2019-01-02|target|002884.XSHE|23900|23900|held
2019-01-02 09:30:00 - INFO  - QR_ORDER|2019-01-02|target|002530.XSHE|76900|76900|held
2019-01-02 09:30:00 - INFO  - QR_ORDER|2019-01-02|target|600383.XSHG|52000|52000|held
2019-01-02 09:30:00 - INFO  - QR_ORDER|2019-01-02|target|002396.XSHE|28900|28900|held
2019-01-02 09:30:00 - INFO  - QR_ORDER|2019-01-02|target|002541.XSHE|71000|71000|held
2019-01-02 09:30:00 - INFO  - QR_ORDER|2019-01-02|target|603669.XSHG|50000|50000|held
2019-01-02 09:30:00 - INFO  - QR_ORDER|2019-01-02|target|600668.XSHG|42300|42300|held
2019-01-02 09:30:00 - INFO  - QR_ORDER|2019-01-02|target|300145.XSHE|153800|153800|held
2019-01-02 09:30:00 - INFO  - QR_ORDER|2019-01-02|target|600720.XSHG|77000|77000|held
2019-01-02 15:30:00 - INFO  - QR_HOLDINGS|2019-01-02|20|000636.XSHE,000791.XSHE,000910.XSHE,002396.XSHE,002530.XSHE,002541.XSHE,002884.XSHE,300061.XSHE,300145.XSHE,300159.XSHE,600097.XSHG,600230.XSHG,600382.XSHG,600383.XSHG,600596.XSHG,600668.XSHG,600720.XSHG,601126.XSHG,603669.XSHG,603980.XSHG|9904950.999700
2019-02-01 09:30:00 - INFO  - QR_CANDIDATES|2019-02-01|2019-01-31|3474|1899|600097.XSHG,000636.XSHE,600230.XSHG,300159.XSHE,600596.XSHG,000791.XSHE,600382.XSHG,002530.XSHE,000910.XSHE,603980.XSHG,600668.XSHG,300145.XSHE,002884.XSHE,002517.XSHE,603669.XSHG,001914.XSHE,300061.XSHE,600720.XSHG,002359.XSHE,002541.XSHE
2019-02-01 09:30:00 - INFO  - QR_ORDER|2019-02-01|sell|002396.XSHE|28900|28900|held
2019-02-01 09:30:00 - INFO  - QR_ORDER|2019-02-01|sell|600383.XSHG|52000|52000|held
2019-02-01 09:30:00 - INFO  - QR_ORDER|2019-02-01|sell|601126.XSHG|97400|97400|held
2019-02-01 09:30:00 - INFO  - QR_ORDER|2019-02-01|target|600097.XSHG|900|900|held
2019-02-01 09:30:00 - INFO  - QR_ORDER|2019-02-01|target|000636.XSHE|2800|2800|held
2019-02-01 09:30:00 - INFO  - QR_ORDER|2019-02-01|target|600230.XSHG|800|800|held
2019-02-01 09:30:00 - INFO  - QR_ORDER|2019-02-01|target|300159.XSHE|1700|1700|held
2019-02-01 09:30:00 - INFO  - QR_ORDER|2019-02-01|target|600596.XSHG|500|500|held
2019-02-01 09:30:00 - INFO  - QR_ORDER|2019-02-01|target|000791.XSHE|2100|2100|held
2019-02-01 09:30:00 - INFO  - QR_ORDER|2019-02-01|target|600382.XSHG|2500|2500|held
2019-02-01 09:30:00 - INFO  - QR_ORDER|2019-02-01|target|002530.XSHE|14000|14000|held
2019-02-01 09:30:00 - INFO  - QR_ORDER|2019-02-01|target|000910.XSHE|1600|1600|held
2019-02-01 09:30:00 - INFO  - QR_ORDER|2019-02-01|target|603980.XSHG|700|700|held
2019-02-01 09:30:00 - INFO  - QR_ORDER|2019-02-01|target|600668.XSHG|1000|1000|held
2019-02-01 09:30:00 - INFO  - QR_ORDER|2019-02-01|target|300145.XSHE|13100|13100|held
2019-02-01 09:30:00 - ERROR - 订单委托失败：StockOrder(entrust_id=1785142004 security=002884.XSHE mode=OrderTargetValue: _value=500888.96680499986 style=MarketOrderStyle: _limit_price=0.0 side=long action=open margin=False entrust_time=2019-02-01 09:30:00 cancel_time=None finish_time=None comment= error=开仓数量不能小于 100)
2019-02-01 09:30:00 - INFO  - QR_ORDER|2019-02-01|target|002884.XSHE|none
2019-02-01 09:30:00 - INFO  - QR_ORDER|2019-02-01|target|002517.XSHE|160500|160500|held
2019-02-01 09:30:00 - INFO  - QR_ORDER|2019-02-01|target|603669.XSHG|2600|2600|held
2019-02-01 09:30:00 - INFO  - QR_ORDER|2019-02-01|target|001914.XSHE|66700|66700|held
2019-02-01 09:30:00 - INFO  - QR_ORDER|2019-02-01|target|300061.XSHE|9300|9300|held
2019-02-01 09:30:00 - INFO  - QR_ORDER|2019-02-01|target|600720.XSHG|2600|2600|held
2019-02-01 09:30:00 - INFO  - QR_ORDER|2019-02-01|target|002359.XSHE|77000|77000|held
2019-02-01 09:30:00 - ERROR - 订单委托失败：StockOrder(entrust_id=1785142011 security=002541.XSHE mode=OrderTargetValue: _value=500888.96680499986 style=MarketOrderStyle: _limit_price=0.0 side=long action=open margin=False entrust_time=2019-02-01 09:30:00 cancel_time=None finish_time=None comment= error=开仓数量不能小于 100)
2019-02-01 09:30:00 - INFO  - QR_ORDER|2019-02-01|target|002541.XSHE|none
2019-02-01 15:30:00 - INFO  - QR_HOLDINGS|2019-02-01|20|000636.XSHE,000791.XSHE,000910.XSHE,001914.XSHE,002359.XSHE,002517.XSHE,002530.XSHE,002541.XSHE,002884.XSHE,300061.XSHE,300145.XSHE,300159.XSHE,600097.XSHG,600230.XSHG,600382.XSHG,600596.XSHG,600668.XSHG,600720.XSHG,603669.XSHG,603980.XSHG|10334828.534900
2019-03-01 09:30:00 - INFO  - QR_CANDIDATES|2019-03-01|2019-02-28|3487|1813|600097.XSHG,000636.XSHE,600230.XSHG,600596.XSHG,300159.XSHE,000791.XSHE,600382.XSHG,603980.XSHG,002884.XSHE,000910.XSHE,002541.XSHE,600668.XSHG,600383.XSHG,002406.XSHE,601126.XSHG,002396.XSHE,600720.XSHG,002530.XSHE,001914.XSHE,603858.XSHG
2019-03-01 09:30:00 - INFO  - QR_ORDER|2019-03-01|sell|002359.XSHE|77000|77000|held
2019-03-01 09:30:00 - INFO  - QR_ORDER|2019-03-01|sell|002517.XSHE|160500|160500|held
2019-03-01 09:30:00 - INFO  - QR_ORDER|2019-03-01|sell|300061.XSHE|74000|74000|held
2019-03-01 09:30:00 - INFO  - QR_ORDER|2019-03-01|sell|300145.XSHE|166900|166900|held
2019-03-01 09:30:00 - INFO  - QR_ORDER|2019-03-01|sell|603669.XSHG|52600|52600|held
2019-03-01 09:30:00 - INFO  - QR_ORDER|2019-03-01|target|600097.XSHG|4600|4600|held
2019-03-01 09:30:00 - INFO  - QR_ORDER|2019-03-01|target|000636.XSHE|4400|4400|held
2019-03-01 09:30:00 - INFO  - QR_ORDER|2019-03-01|target|600230.XSHG|1200|1200|held
2019-03-01 09:30:00 - INFO  - QR_ORDER|2019-03-01|target|600596.XSHG|1900|1900|held
2019-03-01 09:30:00 - INFO  - QR_ORDER|2019-03-01|target|300159.XSHE|2500|2500|held
2019-03-01 09:30:00 - INFO  - QR_ORDER|2019-03-01|target|000791.XSHE|7000|7000|held
2019-03-01 09:30:00 - INFO  - QR_ORDER|2019-03-01|target|600382.XSHG|2100|2100|held
2019-03-01 09:30:00 - INFO  - QR_ORDER|2019-03-01|target|603980.XSHG|2800|2800|held
2019-03-01 09:30:00 - INFO  - QR_ORDER|2019-03-01|target|002884.XSHE|2000|2000|held
2019-03-01 09:30:00 - ERROR - 订单委托失败：StockOrder(entrust_id=1785142026 security=000910.XSHE mode=OrderTargetValue: _value=623988.9742349999 style=MarketOrderStyle: _limit_price=0.0 side=long action=close margin=False entrust_time=2019-03-01 09:30:00 cancel_time=None finish_time=None comment= error=平仓数量不能小于 100)
2019-03-01 09:30:00 - INFO  - QR_ORDER|2019-03-01|target|000910.XSHE|none
2019-03-01 09:30:00 - INFO  - QR_ORDER|2019-03-01|target|002541.XSHE|7000|7000|held
2019-03-01 09:30:00 - INFO  - QR_ORDER|2019-03-01|target|600668.XSHG|3000|3000|held
2019-03-01 09:30:00 - INFO  - QR_ORDER|2019-03-01|target|600383.XSHG|54600|54600|held
2019-03-01 09:30:00 - INFO  - QR_ORDER|2019-03-01|target|002406.XSHE|98500|98500|held
2019-03-01 09:30:00 - INFO  - QR_ORDER|2019-03-01|target|601126.XSHG|99600|99600|held
2019-03-01 09:30:00 - INFO  - QR_ORDER|2019-03-01|target|002396.XSHE|29400|29400|held
2019-03-01 09:30:00 - INFO  - QR_ORDER|2019-03-01|target|600720.XSHG|7400|7400|held
2019-03-01 09:30:00 - INFO  - QR_ORDER|2019-03-01|target|002530.XSHE|17700|17700|held
2019-03-01 09:30:00 - INFO  - QR_ORDER|2019-03-01|target|001914.XSHE|8500|8500|held
2019-03-01 09:30:00 - INFO  - QR_ORDER|2019-03-01|target|603858.XSHG|22000|22000|held
2019-03-01 15:30:00 - INFO  - QR_HOLDINGS|2019-03-01|20|000636.XSHE,000791.XSHE,000910.XSHE,001914.XSHE,002396.XSHE,002406.XSHE,002530.XSHE,002541.XSHE,002884.XSHE,300159.XSHE,600097.XSHG,600230.XSHG,600382.XSHG,600383.XSHG,600596.XSHG,600668.XSHG,600720.XSHG,601126.XSHG,603858.XSHG,603980.XSHG|12533743.613200
2019-04-01 09:30:00 - INFO  - QR_CANDIDATES|2019-04-01|2019-03-29|3495|1793|600097.XSHG,600823.XSHG,600596.XSHG,600971.XSHG,000910.XSHE,601006.XSHG,603980.XSHG,300230.XSHE,000919.XSHE,600668.XSHG,300061.XSHE,600782.XSHG,002406.XSHE,000402.XSHE,603858.XSHG,600051.XSHG,600884.XSHG,002541.XSHE,002150.XSHE,600801.XSHG
2019-04-01 09:30:00 - INFO  - QR_ORDER|2019-04-01|sell|000636.XSHE|44700|44700|held
2019-04-01 09:30:00 - INFO  - QR_ORDER|2019-04-01|sell|000791.XSHE|108100|108100|held
2019-04-01 09:30:00 - INFO  - QR_ORDER|2019-04-01|sell|001914.XSHE|75200|75200|held
2019-04-01 09:30:00 - INFO  - QR_ORDER|2019-04-01|sell|002396.XSHE|29400|29400|held
2019-04-01 09:30:00 - INFO  - QR_ORDER|2019-04-01|sell|002530.XSHE|73200|73200|held
2019-04-01 09:30:00 - INFO  - QR_ORDER|2019-04-01|sell|002884.XSHE|25900|25900|held
2019-04-01 09:30:00 - INFO  - QR_ORDER|2019-04-01|sell|300159.XSHE|107100|107100|held
2019-04-01 09:30:00 - INFO  - QR_ORDER|2019-04-01|sell|600230.XSHG|30500|30500|held
2019-04-01 09:30:00 - INFO  - QR_ORDER|2019-04-01|sell|600382.XSHG|69300|69300|held
2019-04-01 09:30:00 - INFO  - QR_ORDER|2019-04-01|sell|600383.XSHG|54600|54600|held
2019-04-01 09:30:00 - INFO  - QR_ORDER|2019-04-01|sell|600720.XSHG|81800|81800|held
2019-04-01 09:30:00 - INFO  - QR_ORDER|2019-04-01|sell|601126.XSHG|99600|99600|held
2019-04-01 09:30:00 - INFO  - QR_ORDER|2019-04-01|target|600097.XSHG|1000|1000|held
2019-04-01 09:30:00 - INFO  - QR_ORDER|2019-04-01|target|600823.XSHG|131900|131900|held
2019-04-01 09:30:00 - INFO  - QR_ORDER|2019-04-01|target|600596.XSHG|700|700|held
2019-04-01 09:30:00 - INFO  - QR_ORDER|2019-04-01|target|600971.XSHG|89400|89400|held
2019-04-01 09:30:00 - ERROR - 订单委托失败：StockOrder(entrust_id=1785142053 security=000910.XSHE mode=OrderTargetValue: _value=701802.7021349999 style=MarketOrderStyle: _limit_price=0.0 side=long action=close margin=False entrust_time=2019-04-01 09:30:00 cancel_time=None finish_time=None comment= error=平仓数量不能小于 100)
2019-04-01 09:30:00 - INFO  - QR_ORDER|2019-04-01|target|000910.XSHE|none
2019-04-01 09:30:00 - INFO  - QR_ORDER|2019-04-01|target|601006.XSHG|83800|83800|held
2019-04-01 09:30:00 - INFO  - QR_ORDER|2019-04-01|target|603980.XSHG|1400|1400|held
2019-04-01 09:30:00 - INFO  - QR_ORDER|2019-04-01|target|300230.XSHE|118700|118700|held
2019-04-01 09:30:00 - INFO  - QR_ORDER|2019-04-01|target|000919.XSHE|89400|89400|held
2019-04-01 09:30:00 - INFO  - QR_ORDER|2019-04-01|target|600668.XSHG|2000|2000|held
2019-04-01 09:30:00 - INFO  - QR_ORDER|2019-04-01|target|300061.XSHE|82300|82300|held
2019-04-01 09:30:00 - INFO  - QR_ORDER|2019-04-01|target|600782.XSHG|113900|113900|held
2019-04-01 09:30:00 - INFO  - QR_ORDER|2019-04-01|target|002406.XSHE|7300|7300|held
2019-04-01 09:30:00 - INFO  - QR_ORDER|2019-04-01|target|000402.XSHE|80700|80700|held
2019-04-01 09:30:00 - INFO  - QR_ORDER|2019-04-01|target|603858.XSHG|2100|2100|held
2019-04-01 09:30:00 - INFO  - QR_ORDER|2019-04-01|target|600051.XSHG|101800|101800|held
2019-04-01 09:30:00 - INFO  - QR_ORDER|2019-04-01|target|600884.XSHG|46700|46700|held
2019-04-01 09:30:00 - ERROR - 订单委托失败：StockOrder(entrust_id=1785142066 security=002541.XSHE mode=OrderTargetValue: _value=701802.7021349999 style=MarketOrderStyle: _limit_price=0.0 side=long action=close margin=False entrust_time=2019-04-01 09:30:00 cancel_time=None finish_time=None comment= error=平仓数量不能小于 100)
2019-04-01 09:30:00 - INFO  - QR_ORDER|2019-04-01|target|002541.XSHE|none
2019-04-01 09:30:00 - INFO  - QR_ORDER|2019-04-01|target|002150.XSHE|86000|86000|held
2019-04-01 09:30:00 - INFO  - QR_ORDER|2019-04-01|target|600801.XSHG|29400|29400|held
2019-04-01 15:30:00 - INFO  - QR_HOLDINGS|2019-04-01|20|000402.XSHE,000910.XSHE,000919.XSHE,002150.XSHE,002406.XSHE,002541.XSHE,300061.XSHE,300230.XSHE,600051.XSHG,600097.XSHG,600596.XSHG,600668.XSHG,600782.XSHG,600801.XSHG,600823.XSHG,600884.XSHG,600971.XSHG,601006.XSHG,603858.XSHG,603980.XSHG|14479593.103500
2019-05-06 09:30:00 - INFO  - QR_CANDIDATES|2019-05-06|2019-04-30|3506|1306|002195.XSHE,600261.XSHG,000919.XSHE,600269.XSHG,600382.XSHG,000581.XSHE,000636.XSHE,600173.XSHG,601006.XSHG,000999.XSHE,600677.XSHG,600694.XSHG,002406.XSHE,600587.XSHG,002884.XSHE,002635.XSHE,600603.XSHG,603585.XSHG,600426.XSHG,600328.XSHG
2019-05-06 09:30:00 - INFO  - QR_ORDER|2019-05-06|sell|000402.XSHE|80700|80700|held
2019-05-06 09:30:00 - INFO  - QR_ORDER|2019-05-06|sell|000910.XSHE|46800|46800|held
2019-05-06 09:30:00 - INFO  - QR_ORDER|2019-05-06|sell|002150.XSHE|86000|86000|held
2019-05-06 09:30:00 - INFO  - QR_ORDER|2019-05-06|sell|002541.XSHE|78000|78000|held
2019-05-06 09:30:00 - INFO  - QR_ORDER|2019-05-06|sell|300061.XSHE|82300|82300|held
2019-05-06 09:30:00 - INFO  - QR_ORDER|2019-05-06|sell|300230.XSHE|118700|118700|held
2019-05-06 09:30:00 - INFO  - QR_ORDER|2019-05-06|sell|600051.XSHG|101800|101800|held
2019-05-06 09:30:00 - INFO  - QR_ORDER|2019-05-06|sell|600097.XSHG|53200|53200|held
2019-05-06 09:30:00 - INFO  - QR_ORDER|2019-05-06|sell|600596.XSHG|49800|49800|held
2019-05-06 09:30:00 - INFO  - QR_ORDER|2019-05-06|sell|600668.XSHG|48300|48300|held
2019-05-06 09:30:00 - INFO  - QR_ORDER|2019-05-06|sell|600782.XSHG|113900|113900|held
2019-05-06 09:30:00 - INFO  - QR_ORDER|2019-05-06|sell|600801.XSHG|29400|29400|held
2019-05-06 09:30:00 - INFO  - QR_ORDER|2019-05-06|sell|600823.XSHG|131900|131900|held
2019-05-06 09:30:00 - INFO  - QR_ORDER|2019-05-06|sell|600884.XSHG|46700|46700|held
2019-05-06 09:30:00 - INFO  - QR_ORDER|2019-05-06|sell|600971.XSHG|89400|89400|held
2019-05-06 09:30:00 - INFO  - QR_ORDER|2019-05-06|sell|603858.XSHG|24100|0|canceled
2019-05-06 09:30:00 - INFO  - QR_ORDER|2019-05-06|sell|603980.XSHG|43100|43100|held
2019-05-06 09:30:00 - INFO  - QR_ORDER|2019-05-06|target|002195.XSHE|122100|122100|held
2019-05-06 09:30:00 - INFO  - QR_ORDER|2019-05-06|target|600261.XSHG|154500|154500|held
2019-05-06 09:30:00 - INFO  - QR_ORDER|2019-05-06|target|000919.XSHE|12500|12500|held
2019-05-06 09:30:00 - INFO  - QR_ORDER|2019-05-06|target|600269.XSHG|138500|138500|held
2019-05-06 09:30:00 - INFO  - QR_ORDER|2019-05-06|target|600382.XSHG|64500|64500|held
2019-05-06 09:30:00 - INFO  - QR_ORDER|2019-05-06|target|000581.XSHE|32500|32500|held
2019-05-06 09:30:00 - INFO  - QR_ORDER|2019-05-06|target|000636.XSHE|51800|51800|held
2019-05-06 09:30:00 - INFO  - QR_ORDER|2019-05-06|target|600173.XSHG|142400|142400|held
2019-05-06 09:30:00 - INFO  - QR_ORDER|2019-05-06|target|601006.XSHG|5400|5400|held
2019-05-06 09:30:00 - INFO  - QR_ORDER|2019-05-06|target|000999.XSHE|22700|22700|held
2019-05-06 09:30:00 - INFO  - QR_ORDER|2019-05-06|target|600677.XSHG|43800|43800|held
2019-05-06 09:30:00 - INFO  - QR_ORDER|2019-05-06|target|600694.XSHG|22500|22500|held
2019-05-06 09:30:00 - INFO  - QR_ORDER|2019-05-06|target|002406.XSHE|2900|2900|held
2019-05-06 09:30:00 - INFO  - QR_ORDER|2019-05-06|target|600587.XSHG|41100|41100|held
2019-05-06 09:30:00 - INFO  - QR_ORDER|2019-05-06|target|002884.XSHE|22600|22600|held
2019-05-06 09:30:00 - INFO  - QR_ORDER|2019-05-06|target|002635.XSHE|46600|46600|held
2019-05-06 09:30:00 - INFO  - QR_ORDER|2019-05-06|target|600603.XSHG|131100|131100|held
2019-05-06 09:30:00 - INFO  - QR_ORDER|2019-05-06|target|603585.XSHG|28000|28000|held
2019-05-06 09:30:00 - INFO  - QR_ORDER|2019-05-06|target|600426.XSHG|42500|42500|held
2019-05-06 09:30:00 - ERROR - 订单委托失败：StockOrder(entrust_id=1785142105 security=600328.XSHG mode=OrderTargetValue: _value=658314.64542 style=MarketOrderStyle: _limit_price=0.0 side=long action=open margin=False entrust_time=2019-05-06 09:30:00 cancel_time=None finish_time=None comment= error=因为剩余可用资金/保证金不足，无法继续下单，aval_cash=-91.86279999973718)
2019-05-06 09:30:00 - INFO  - QR_ORDER|2019-05-06|target|600328.XSHG|none
2019-05-06 15:30:00 - INFO  - QR_HOLDINGS|2019-05-06|20|000581.XSHE,000636.XSHE,000919.XSHE,000999.XSHE,002195.XSHE,002406.XSHE,002635.XSHE,002884.XSHE,600173.XSHG,600261.XSHG,600269.XSHG,600382.XSHG,600426.XSHG,600587.XSHG,600603.XSHG,600677.XSHG,600694.XSHG,601006.XSHG,603585.XSHG,603858.XSHG|12772237.137200
2019-06-03 09:30:00 - INFO  - QR_CANDIDATES|2019-06-03|2019-05-31|3513|1311|002195.XSHE,600261.XSHG,000919.XSHE,000636.XSHE,600269.XSHG,600382.XSHG,002884.XSHE,000999.XSHE,000581.XSHE,600173.XSHG,002635.XSHE,600677.XSHG,601006.XSHG,002406.XSHE,000789.XSHE,600516.XSHG,600694.XSHG,601222.XSHG,600062.XSHG,600603.XSHG
2019-06-03 09:30:00 - INFO  - QR_ORDER|2019-06-03|sell|600426.XSHG|42500|42500|held
2019-06-03 09:30:00 - INFO  - QR_ORDER|2019-06-03|sell|600587.XSHG|41100|41100|held
2019-06-03 09:30:00 - INFO  - QR_ORDER|2019-06-03|sell|603585.XSHG|28000|28000|held
2019-06-03 09:30:00 - INFO  - QR_ORDER|2019-06-03|sell|603858.XSHG|24100|24100|held
2019-06-03 09:30:00 - INFO  - QR_ORDER|2019-06-03|target|002195.XSHE|2500|2500|held
2019-06-03 09:30:00 - INFO  - QR_ORDER|2019-06-03|target|600261.XSHG|29800|29800|held
2019-06-03 09:30:00 - INFO  - QR_ORDER|2019-06-03|target|000919.XSHE|5600|5600|held
2019-06-03 09:30:00 - ERROR - 订单委托失败：StockOrder(entrust_id=1785142113 security=000636.XSHE mode=OrderTargetValue: _value=635962.68484 style=MarketOrderStyle: _limit_price=0.0 side=long action=close margin=False entrust_time=2019-06-03 09:30:00 cancel_time=None finish_time=None comment= error=平仓数量不能小于 100)
2019-06-03 09:30:00 - INFO  - QR_ORDER|2019-06-03|target|000636.XSHE|none
2019-06-03 09:30:00 - INFO  - QR_ORDER|2019-06-03|target|600269.XSHG|3400|3400|held
2019-06-03 09:30:00 - INFO  - QR_ORDER|2019-06-03|target|600382.XSHG|3900|3900|held
2019-06-03 09:30:00 - INFO  - QR_ORDER|2019-06-03|target|002884.XSHE|4800|4800|held
2019-06-03 09:30:00 - INFO  - QR_ORDER|2019-06-03|target|000999.XSHE|300|300|held
2019-06-03 09:30:00 - INFO  - QR_ORDER|2019-06-03|target|000581.XSHE|200|200|held
2019-06-03 09:30:00 - INFO  - QR_ORDER|2019-06-03|target|600173.XSHG|3100|3100|held
2019-06-03 09:30:00 - INFO  - QR_ORDER|2019-06-03|target|002635.XSHE|1900|1900|held
2019-06-03 09:30:00 - INFO  - QR_ORDER|2019-06-03|target|600677.XSHG|9600|9600|held
2019-06-03 09:30:00 - INFO  - QR_ORDER|2019-06-03|target|601006.XSHG|2700|2700|held
2019-06-03 09:30:00 - INFO  - QR_ORDER|2019-06-03|target|002406.XSHE|1100|1100|held
2019-06-03 09:30:00 - INFO  - QR_ORDER|2019-06-03|target|000789.XSHE|66900|66900|held
2019-06-03 09:30:00 - INFO  - QR_ORDER|2019-06-03|target|600516.XSHG|35700|35700|held
2019-06-03 09:30:00 - INFO  - QR_ORDER|2019-06-03|target|600694.XSHG|300|300|held
2019-06-03 09:30:00 - INFO  - QR_ORDER|2019-06-03|target|601222.XSHG|140000|140000|held
2019-06-03 09:30:00 - INFO  - QR_ORDER|2019-06-03|target|600062.XSHG|49300|49300|held
2019-06-03 09:30:00 - INFO  - QR_ORDER|2019-06-03|target|600603.XSHG|5000|5000|held
2019-06-03 15:30:00 - INFO  - QR_HOLDINGS|2019-06-03|20|000581.XSHE,000636.XSHE,000789.XSHE,000919.XSHE,000999.XSHE,002195.XSHE,002406.XSHE,002635.XSHE,002884.XSHE,600062.XSHG,600173.XSHG,600261.XSHG,600269.XSHG,600382.XSHG,600516.XSHG,600603.XSHG,600677.XSHG,600694.XSHG,601006.XSHG,601222.XSHG|12597717.910900
2019-07-01 09:30:00 - INFO  - QR_CANDIDATES|2019-07-01|2019-06-28|3520|1315|002195.XSHE,600261.XSHG,000919.XSHE,000636.XSHE,600269.XSHG,600382.XSHG,601006.XSHG,000581.XSHE,002884.XSHE,600173.XSHG,600694.XSHG,600677.XSHG,002635.XSHE,002406.XSHE,600516.XSHG,603980.XSHG,000999.XSHE,600062.XSHG,601222.XSHG,600603.XSHG
2019-07-01 09:30:00 - INFO  - QR_ORDER|2019-07-01|sell|000789.XSHE|66900|66900|held
2019-07-01 09:30:00 - INFO  - QR_ORDER|2019-07-01|target|002195.XSHE|1600|1600|held
2019-07-01 09:30:00 - INFO  - QR_ORDER|2019-07-01|target|600261.XSHG|10100|10100|held
2019-07-01 09:30:00 - INFO  - QR_ORDER|2019-07-01|target|000919.XSHE|200|200|held
2019-07-01 09:30:00 - INFO  - QR_ORDER|2019-07-01|target|000636.XSHE|500|500|held
2019-07-01 09:30:00 - INFO  - QR_ORDER|2019-07-01|target|600269.XSHG|2700|2700|held
2019-07-01 09:30:00 - INFO  - QR_ORDER|2019-07-01|target|600382.XSHG|4100|4100|held
2019-07-01 09:30:00 - INFO  - QR_ORDER|2019-07-01|target|601006.XSHG|3900|3900|held
2019-07-01 09:30:00 - INFO  - QR_ORDER|2019-07-01|target|000581.XSHE|2100|2100|held
2019-07-01 09:30:00 - INFO  - QR_ORDER|2019-07-01|target|002884.XSHE|2600|2600|held
2019-07-01 09:30:00 - INFO  - QR_ORDER|2019-07-01|target|600173.XSHG|4100|4100|held
2019-07-01 09:30:00 - INFO  - QR_ORDER|2019-07-01|target|600694.XSHG|100|100|held
2019-07-01 09:30:00 - INFO  - QR_ORDER|2019-07-01|target|600677.XSHG|2200|2200|held
2019-07-01 09:30:00 - INFO  - QR_ORDER|2019-07-01|target|002635.XSHE|1500|1500|held
2019-07-01 09:30:00 - INFO  - QR_ORDER|2019-07-01|target|002406.XSHE|2800|2800|held
2019-07-01 09:30:00 - INFO  - QR_ORDER|2019-07-01|target|600516.XSHG|1100|1100|held
2019-07-01 09:30:00 - INFO  - QR_ORDER|2019-07-01|target|603980.XSHG|69500|69500|held
2019-07-01 09:30:00 - INFO  - QR_ORDER|2019-07-01|target|000999.XSHE|1100|1100|held
2019-07-01 09:30:00 - INFO  - QR_ORDER|2019-07-01|target|600062.XSHG|1400|1400|held
2019-07-01 09:30:00 - INFO  - QR_ORDER|2019-07-01|target|601222.XSHG|4100|4100|held
2019-07-01 09:30:00 - INFO  - QR_ORDER|2019-07-01|target|600603.XSHG|5300|5300|held
2019-07-01 15:30:00 - INFO  - QR_HOLDINGS|2019-07-01|20|000581.XSHE,000636.XSHE,000919.XSHE,000999.XSHE,002195.XSHE,002406.XSHE,002635.XSHE,002884.XSHE,600062.XSHG,600173.XSHG,600261.XSHG,600269.XSHG,600382.XSHG,600516.XSHG,600603.XSHG,600677.XSHG,600694.XSHG,601006.XSHG,601222.XSHG,603980.XSHG|13123720.664100
2019-08-01 09:30:00 - INFO  - QR_CANDIDATES|2019-08-01|2019-07-31|3527|1332|002195.XSHE,000919.XSHE,600261.XSHG,000636.XSHE,002884.XSHE,600269.XSHG,000789.XSHE,600173.XSHG,000581.XSHE,601006.XSHG,603980.XSHG,600694.XSHG,002635.XSHE,000155.XSHE,600516.XSHG,000999.XSHE,002406.XSHE,300349.XSHE,601222.XSHG,600995.XSHG
2019-08-01 09:30:00 - INFO  - QR_ORDER|2019-08-01|sell|600062.XSHG|50700|50700|held
2019-08-01 09:30:00 - INFO  - QR_ORDER|2019-08-01|sell|600382.XSHG|82880|82880|held
2019-08-01 09:30:00 - INFO  - QR_ORDER|2019-08-01|sell|600603.XSHG|141400|141400|held
2019-08-01 09:30:00 - INFO  - QR_ORDER|2019-08-01|sell|600677.XSHG|36400|36400|held
2019-08-01 09:30:00 - INFO  - QR_ORDER|2019-08-01|target|002195.XSHE|5400|5400|held
2019-08-01 09:30:00 - INFO  - QR_ORDER|2019-08-01|target|000919.XSHE|900|900|held
2019-08-01 09:30:00 - INFO  - QR_ORDER|2019-08-01|target|600261.XSHG|21800|21800|held
2019-08-01 09:30:00 - INFO  - QR_ORDER|2019-08-01|target|000636.XSHE|7000|7000|held
2019-08-01 09:30:00 - INFO  - QR_ORDER|2019-08-01|target|002884.XSHE|1600|1600|held
2019-08-01 09:30:00 - INFO  - QR_ORDER|2019-08-01|target|600269.XSHG|2700|2700|held
2019-08-01 09:30:00 - INFO  - QR_ORDER|2019-08-01|target|000789.XSHE|66500|66500|held
2019-08-01 09:30:00 - INFO  - QR_ORDER|2019-08-01|target|600173.XSHG|4000|4000|held
2019-08-01 09:30:00 - INFO  - QR_ORDER|2019-08-01|target|000581.XSHE|300|300|held
2019-08-01 09:30:00 - INFO  - QR_ORDER|2019-08-01|target|601006.XSHG|1300|1300|held
2019-08-01 09:30:00 - INFO  - QR_ORDER|2019-08-01|target|603980.XSHG|5000|5000|held
2019-08-01 09:30:00 - INFO  - QR_ORDER|2019-08-01|target|600694.XSHG|300|300|held
2019-08-01 09:30:00 - INFO  - QR_ORDER|2019-08-01|target|002635.XSHE|3600|3600|held
2019-08-01 09:30:00 - INFO  - QR_ORDER|2019-08-01|target|000155.XSHE|152700|152700|held
2019-08-01 09:30:00 - INFO  - QR_ORDER|2019-08-01|target|600516.XSHG|2200|2200|held
2019-08-01 09:30:00 - INFO  - QR_ORDER|2019-08-01|target|000999.XSHE|600|600|held
2019-08-01 09:30:00 - INFO  - QR_ORDER|2019-08-01|target|002406.XSHE|2000|2000|held
2019-08-01 09:30:00 - INFO  - QR_ORDER|2019-08-01|target|300349.XSHE|40600|40600|held
2019-08-01 09:30:00 - INFO  - QR_ORDER|2019-08-01|target|601222.XSHG|5900|5900|held
2019-08-01 09:30:00 - INFO  - QR_ORDER|2019-08-01|target|600995.XSHG|81500|81500|held
2019-08-01 15:30:00 - INFO  - QR_HOLDINGS|2019-08-01|20|000155.XSHE,000581.XSHE,000636.XSHE,000789.XSHE,000919.XSHE,000999.XSHE,002195.XSHE,002406.XSHE,002635.XSHE,002884.XSHE,300349.XSHE,600173.XSHG,600261.XSHG,600269.XSHG,600516.XSHG,600694.XSHG,600995.XSHG,601006.XSHG,601222.XSHG,603980.XSHG|12386365.597800
2019-09-02 09:30:00 - INFO  - QR_CANDIDATES|2019-09-02|2019-08-30|3530|1741|600449.XSHG,600261.XSHG,600720.XSHG,600516.XSHG,600823.XSHG,600387.XSHG,600376.XSHG,603277.XSHG,601567.XSHG,002406.XSHE,002195.XSHE,600782.XSHG,300017.XSHE,000581.XSHE,603608.XSHG,002444.XSHE,000789.XSHE,002150.XSHE,600382.XSHG,600328.XSHG
2019-09-02 09:30:00 - INFO  - QR_ORDER|2019-09-02|sell|000155.XSHE|152700|152700|held
2019-09-02 09:30:00 - INFO  - QR_ORDER|2019-09-02|sell|000636.XSHE|59300|59300|held
2019-09-02 09:30:00 - INFO  - QR_ORDER|2019-09-02|sell|000919.XSHE|81400|81400|held
2019-09-02 09:30:00 - INFO  - QR_ORDER|2019-09-02|sell|000999.XSHE|21300|21300|held
2019-09-02 09:30:00 - INFO  - QR_ORDER|2019-09-02|sell|002635.XSHE|43400|43400|held
2019-09-02 09:30:00 - INFO  - QR_ORDER|2019-09-02|sell|002884.XSHE|45160|45160|held
2019-09-02 09:30:00 - INFO  - QR_ORDER|2019-09-02|sell|300349.XSHE|40600|40600|held
2019-09-02 09:30:00 - INFO  - QR_ORDER|2019-09-02|sell|600173.XSHG|145600|145600|held
2019-09-02 09:30:00 - INFO  - QR_ORDER|2019-09-02|sell|600269.XSHG|141900|141900|held
2019-09-02 09:30:00 - INFO  - QR_ORDER|2019-09-02|sell|600694.XSHG|22600|22600|held
2019-09-02 09:30:00 - INFO  - QR_ORDER|2019-09-02|sell|600995.XSHG|81500|81500|held
2019-09-02 09:30:00 - INFO  - QR_ORDER|2019-09-02|sell|601006.XSHG|78300|78300|held
2019-09-02 09:30:00 - INFO  - QR_ORDER|2019-09-02|sell|601222.XSHG|141800|141800|held
2019-09-02 09:30:00 - INFO  - QR_ORDER|2019-09-02|sell|603980.XSHG|74500|74500|held
2019-09-02 09:30:00 - INFO  - QR_ORDER|2019-09-02|target|600449.XSHG|69500|69500|held
2019-09-02 09:30:00 - INFO  - QR_ORDER|2019-09-02|target|600261.XSHG|6200|6200|held
2019-09-02 09:30:00 - INFO  - QR_ORDER|2019-09-02|target|600720.XSHG|69200|69200|held
2019-09-02 09:30:00 - INFO  - QR_ORDER|2019-09-02|target|600516.XSHG|5300|5300|held
2019-09-02 09:30:00 - INFO  - QR_ORDER|2019-09-02|target|600823.XSHG|151600|151600|held
2019-09-02 09:30:00 - INFO  - QR_ORDER|2019-09-02|target|600387.XSHG|88300|88300|held
2019-09-02 09:30:00 - INFO  - QR_ORDER|2019-09-02|target|600376.XSHG|79800|79800|held
2019-09-02 09:30:00 - INFO  - QR_ORDER|2019-09-02|target|603277.XSHG|67100|67100|held
2019-09-02 09:30:00 - INFO  - QR_ORDER|2019-09-02|target|601567.XSHG|96300|96300|held
2019-09-02 09:30:00 - INFO  - QR_ORDER|2019-09-02|target|002406.XSHE|2600|2600|held
2019-09-02 09:30:00 - INFO  - QR_ORDER|2019-09-02|target|002195.XSHE|16900|16900|held
2019-09-02 09:30:00 - INFO  - QR_ORDER|2019-09-02|target|600782.XSHG|138500|138500|held
2019-09-02 09:30:00 - INFO  - QR_ORDER|2019-09-02|target|300017.XSHE|60500|60500|held
2019-09-02 09:30:00 - INFO  - QR_ORDER|2019-09-02|target|000581.XSHE|1700|1700|held
2019-09-02 09:30:00 - INFO  - QR_ORDER|2019-09-02|target|603608.XSHG|96200|96200|held
2019-09-02 09:30:00 - INFO  - QR_ORDER|2019-09-02|target|002444.XSHE|56800|56800|held
2019-09-02 09:30:00 - INFO  - QR_ORDER|2019-09-02|target|000789.XSHE|1200|1200|held
2019-09-02 09:30:00 - INFO  - QR_ORDER|2019-09-02|target|002150.XSHE|115600|115600|held
2019-09-02 09:30:00 - INFO  - QR_ORDER|2019-09-02|target|600382.XSHG|87700|87700|held
2019-09-02 09:30:00 - INFO  - QR_ORDER|2019-09-02|target|600328.XSHG|77200|77200|held
2019-09-02 15:30:00 - INFO  - QR_HOLDINGS|2019-09-02|20|000581.XSHE,000789.XSHE,002150.XSHE,002195.XSHE,002406.XSHE,002444.XSHE,300017.XSHE,600261.XSHG,600328.XSHG,600376.XSHG,600382.XSHG,600387.XSHG,600449.XSHG,600516.XSHG,600720.XSHG,600782.XSHG,600823.XSHG,601567.XSHG,603277.XSHG,603608.XSHG|12486897.628100
2019-10-08 09:30:00 - INFO  - QR_CANDIDATES|2019-10-08|2019-09-30|3540|1760|600449.XSHG,002440.XSHE,600261.XSHG,600668.XSHG,002406.XSHE,000581.XSHE,601019.XSHG,002195.XSHE,603608.XSHG,603898.XSHG,300017.XSHE,600720.XSHG,002150.XSHE,600782.XSHG,603277.XSHG,600382.XSHG,002444.XSHE,000719.XSHE,600376.XSHG,600387.XSHG
2019-10-08 09:30:00 - INFO  - QR_ORDER|2019-10-08|sell|000789.XSHE|67700|67700|held
2019-10-08 09:30:00 - INFO  - QR_ORDER|2019-10-08|sell|600328.XSHG|77200|77200|held
2019-10-08 09:30:00 - INFO  - QR_ORDER|2019-10-08|sell|600516.XSHG|59593|59593|held
2019-10-08 09:30:00 - INFO  - QR_ORDER|2019-10-08|sell|600823.XSHG|151600|151600|held
2019-10-08 09:30:00 - INFO  - QR_ORDER|2019-10-08|sell|601567.XSHG|96300|96300|held
2019-10-08 09:30:00 - INFO  - QR_ORDER|2019-10-08|target|600449.XSHG|2500|2500|held
2019-10-08 09:30:00 - INFO  - QR_ORDER|2019-10-08|target|002440.XSHE|53800|53800|held
2019-10-08 09:30:00 - INFO  - QR_ORDER|2019-10-08|target|600261.XSHG|900|900|held
2019-10-08 09:30:00 - INFO  - QR_ORDER|2019-10-08|target|600668.XSHG|44400|44400|held
2019-10-08 09:30:00 - INFO  - QR_ORDER|2019-10-08|target|002406.XSHE|10100|10100|held
2019-10-08 09:30:00 - INFO  - QR_ORDER|2019-10-08|target|000581.XSHE|2600|2600|held
2019-10-08 09:30:00 - INFO  - QR_ORDER|2019-10-08|target|601019.XSHG|88200|88200|held
2019-10-08 09:30:00 - INFO  - QR_ORDER|2019-10-08|target|002195.XSHE|4900|4900|held
2019-10-08 09:30:00 - INFO  - QR_ORDER|2019-10-08|target|603608.XSHG|4000|4000|held
2019-10-08 09:30:00 - INFO  - QR_ORDER|2019-10-08|target|603898.XSHG|43600|43600|held
2019-10-08 09:30:00 - INFO  - QR_ORDER|2019-10-08|target|300017.XSHE|2300|2300|held
2019-10-08 09:30:00 - INFO  - QR_ORDER|2019-10-08|target|600720.XSHG|2200|2200|held
2019-10-08 09:30:00 - INFO  - QR_ORDER|2019-10-08|target|002150.XSHE|2400|2400|held
2019-10-08 09:30:00 - INFO  - QR_ORDER|2019-10-08|target|600782.XSHG|3100|3100|held
2019-10-08 09:30:00 - INFO  - QR_ORDER|2019-10-08|target|603277.XSHG|700|700|held
2019-10-08 09:30:00 - INFO  - QR_ORDER|2019-10-08|target|600382.XSHG|5400|5400|held
2019-10-08 09:30:00 - INFO  - QR_ORDER|2019-10-08|target|002444.XSHE|600|600|held
2019-10-08 09:30:00 - INFO  - QR_ORDER|2019-10-08|target|000719.XSHE|70700|70700|held
2019-10-08 09:30:00 - INFO  - QR_ORDER|2019-10-08|target|600376.XSHG|1800|1800|held
2019-10-08 09:30:00 - INFO  - QR_ORDER|2019-10-08|target|600387.XSHG|15500|15500|held
2019-10-08 15:30:00 - INFO  - QR_HOLDINGS|2019-10-08|20|000581.XSHE,000719.XSHE,002150.XSHE,002195.XSHE,002406.XSHE,002440.XSHE,002444.XSHE,300017.XSHE,600261.XSHG,600376.XSHG,600382.XSHG,600387.XSHG,600449.XSHG,600668.XSHG,600720.XSHG,600782.XSHG,601019.XSHG,603277.XSHG,603608.XSHG,603898.XSHG|12712965.742696
2019-11-01 09:30:00 - INFO  - QR_CANDIDATES|2019-11-01|2019-10-31|3547|1824|600382.XSHG,600449.XSHG,000910.XSHE,600720.XSHG,002884.XSHE,000933.XSHE,600510.XSHG,600267.XSHG,000791.XSHE,002444.XSHE,600261.XSHG,002150.XSHE,601006.XSHG,600097.XSHG,601222.XSHG,000069.XSHE,000932.XSHE,603886.XSHG,300625.XSHE,002664.XSHE
2019-11-01 09:30:00 - INFO  - QR_ORDER|2019-11-01|sell|000581.XSHE|38400|38400|held
2019-11-01 09:30:00 - INFO  - QR_ORDER|2019-11-01|sell|000719.XSHE|70700|70700|held
2019-11-01 09:30:00 - INFO  - QR_ORDER|2019-11-01|sell|002195.XSHE|190780|190780|held
2019-11-01 09:30:00 - INFO  - QR_ORDER|2019-11-01|sell|002406.XSHE|116300|116300|held
2019-11-01 09:30:00 - INFO  - QR_ORDER|2019-11-01|sell|002440.XSHE|53800|53800|held
2019-11-01 09:30:00 - INFO  - QR_ORDER|2019-11-01|sell|300017.XSHE|62800|62800|held
2019-11-01 09:30:00 - INFO  - QR_ORDER|2019-11-01|sell|600376.XSHG|78000|78000|held
2019-11-01 09:30:00 - INFO  - QR_ORDER|2019-11-01|sell|600387.XSHG|72800|72800|held
2019-11-01 09:30:00 - INFO  - QR_ORDER|2019-11-01|sell|600668.XSHG|44400|44400|held
2019-11-01 09:30:00 - INFO  - QR_ORDER|2019-11-01|sell|600782.XSHG|141600|141600|held
2019-11-01 09:30:00 - INFO  - QR_ORDER|2019-11-01|sell|601019.XSHG|88200|88200|held
2019-11-01 09:30:00 - INFO  - QR_ORDER|2019-11-01|sell|603277.XSHG|67800|67800|held
2019-11-01 09:30:00 - INFO  - QR_ORDER|2019-11-01|sell|603608.XSHG|100200|100200|held
2019-11-01 09:30:00 - INFO  - QR_ORDER|2019-11-01|sell|603898.XSHG|43600|43600|held
2019-11-01 09:30:00 - INFO  - QR_ORDER|2019-11-01|target|600382.XSHG|4600|4600|held
2019-11-01 09:30:00 - INFO  - QR_ORDER|2019-11-01|target|600449.XSHG|4600|4600|held
2019-11-01 09:30:00 - INFO  - QR_ORDER|2019-11-01|target|000910.XSHE|58100|58100|held
2019-11-01 09:30:00 - INFO  - QR_ORDER|2019-11-01|target|600720.XSHG|4300|4300|held
2019-11-01 09:30:00 - INFO  - QR_ORDER|2019-11-01|target|002884.XSHE|44700|44700|held
2019-11-01 09:30:00 - INFO  - QR_ORDER|2019-11-01|target|000933.XSHE|134500|134500|held
2019-11-01 09:30:00 - INFO  - QR_ORDER|2019-11-01|target|600510.XSHG|93800|93800|held
2019-11-01 09:30:00 - INFO  - QR_ORDER|2019-11-01|target|600267.XSHG|59500|59500|held
2019-11-01 09:30:00 - INFO  - QR_ORDER|2019-11-01|target|000791.XSHE|173000|173000|held
2019-11-01 09:30:00 - INFO  - QR_ORDER|2019-11-01|target|002444.XSHE|4400|4400|held
2019-11-01 09:30:00 - INFO  - QR_ORDER|2019-11-01|target|600261.XSHG|7100|7100|held
2019-11-01 09:30:00 - INFO  - QR_ORDER|2019-11-01|target|002150.XSHE|3100|3100|held
2019-11-01 09:30:00 - INFO  - QR_ORDER|2019-11-01|target|601006.XSHG|82300|82300|held
2019-11-01 09:30:00 - INFO  - QR_ORDER|2019-11-01|target|600097.XSHG|63700|63700|held
2019-11-01 09:30:00 - INFO  - QR_ORDER|2019-11-01|target|601222.XSHG|141700|141700|held
2019-11-01 09:30:00 - INFO  - QR_ORDER|2019-11-01|target|000069.XSHE|89400|89400|held
2019-11-01 09:30:00 - INFO  - QR_ORDER|2019-11-01|target|000932.XSHE|155100|155100|held
2019-11-01 09:30:00 - INFO  - QR_ORDER|2019-11-01|target|603886.XSHG|34600|34600|held
2019-11-01 09:30:00 - INFO  - QR_ORDER|2019-11-01|target|300625.XSHE|41200|41200|held
2019-11-01 09:30:00 - INFO  - QR_ORDER|2019-11-01|target|002664.XSHE|43200|43200|held
2019-11-01 15:30:00 - INFO  - QR_HOLDINGS|2019-11-01|20|000069.XSHE,000791.XSHE,000910.XSHE,000932.XSHE,000933.XSHE,002150.XSHE,002444.XSHE,002664.XSHE,002884.XSHE,300625.XSHE,600097.XSHG,600261.XSHG,600267.XSHG,600382.XSHG,600449.XSHG,600510.XSHG,600720.XSHG,601006.XSHG,601222.XSHG,603886.XSHG|12699038.251376
2019-12-02 09:30:00 - INFO  - QR_CANDIDATES|2019-12-02|2019-11-29|3550|1825|600382.XSHG,600510.XSHG,600720.XSHG,002884.XSHE,000933.XSHE,600449.XSHG,000910.XSHE,000791.XSHE,600267.XSHG,600261.XSHG,002444.XSHE,300625.XSHE,603886.XSHG,601222.XSHG,600097.XSHG,000932.XSHE,000069.XSHE,002664.XSHE,601006.XSHG,603585.XSHG
2019-12-02 09:30:00 - INFO  - QR_ORDER|2019-12-02|sell|002150.XSHE|114900|114900|held
2019-12-02 09:30:00 - INFO  - QR_ORDER|2019-12-02|target|600382.XSHG|5900|5900|held
2019-12-02 09:30:00 - INFO  - QR_ORDER|2019-12-02|target|600510.XSHG|8500|8500|held
2019-12-02 09:30:00 - INFO  - QR_ORDER|2019-12-02|target|600720.XSHG|4100|4100|held
2019-12-02 09:30:00 - INFO  - QR_ORDER|2019-12-02|target|002884.XSHE|1500|1500|held
2019-12-02 09:30:00 - INFO  - QR_ORDER|2019-12-02|target|000933.XSHE|2400|2400|held
2019-12-02 09:30:00 - INFO  - QR_ORDER|2019-12-02|target|600449.XSHG|5000|5000|held
2019-12-02 09:30:00 - INFO  - QR_ORDER|2019-12-02|target|000910.XSHE|6400|6400|held
2019-12-02 09:30:00 - INFO  - QR_ORDER|2019-12-02|target|000791.XSHE|4000|4000|held
2019-12-02 09:30:00 - INFO  - QR_ORDER|2019-12-02|target|600267.XSHG|700|700|held
2019-12-02 09:30:00 - INFO  - QR_ORDER|2019-12-02|target|600261.XSHG|3900|3900|held
2019-12-02 09:30:00 - INFO  - QR_ORDER|2019-12-02|target|002444.XSHE|2600|2600|held
2019-12-02 09:30:00 - INFO  - QR_ORDER|2019-12-02|target|300625.XSHE|2200|2200|held
2019-12-02 09:30:00 - INFO  - QR_ORDER|2019-12-02|target|603886.XSHG|200|200|held
2019-12-02 09:30:00 - INFO  - QR_ORDER|2019-12-02|target|601222.XSHG|2600|2600|held
2019-12-02 09:30:00 - INFO  - QR_ORDER|2019-12-02|target|600097.XSHG|2600|2600|held
2019-12-02 09:30:00 - INFO  - QR_ORDER|2019-12-02|target|000932.XSHE|13900|13900|held
2019-12-02 09:30:00 - INFO  - QR_ORDER|2019-12-02|target|000069.XSHE|2400|2400|held
2019-12-02 09:30:00 - INFO  - QR_ORDER|2019-12-02|target|002664.XSHE|4500|4500|held
2019-12-02 09:30:00 - INFO  - QR_ORDER|2019-12-02|target|601006.XSHG|2000|2000|held
2019-12-02 09:30:00 - INFO  - QR_ORDER|2019-12-02|target|603585.XSHG|32200|32200|held
2019-12-02 15:30:00 - INFO  - QR_HOLDINGS|2019-12-02|20|000069.XSHE,000791.XSHE,000910.XSHE,000932.XSHE,000933.XSHE,002444.XSHE,002664.XSHE,002884.XSHE,300625.XSHE,600097.XSHG,600261.XSHG,600267.XSHG,600382.XSHG,600449.XSHG,600510.XSHG,600720.XSHG,601006.XSHG,601222.XSHG,603585.XSHG,603886.XSHG|12708600.584276
2020-01-02 09:30:00 - INFO  - QR_CANDIDATES|2020-01-02|2019-12-31|3554|1811|600382.XSHG,600510.XSHG,600449.XSHG,002884.XSHE,600720.XSHG,000933.XSHE,600267.XSHG,000910.XSHE,000791.XSHE,600097.XSHG,603886.XSHG,600261.XSHG,002444.XSHE,300625.XSHE,603858.XSHG,601006.XSHG,000932.XSHE,603585.XSHG,601222.XSHG,603458.XSHG
2020-01-02 09:30:00 - INFO  - QR_ORDER|2020-01-02|sell|000069.XSHE|91800|91800|held
2020-01-02 09:30:00 - INFO  - QR_ORDER|2020-01-02|sell|002664.XSHE|47700|47700|held
2020-01-02 09:30:00 - INFO  - QR_ORDER|2020-01-02|target|600382.XSHG|4000|4000|held
2020-01-02 09:30:00 - INFO  - QR_ORDER|2020-01-02|target|600510.XSHG|200|200|held
2020-01-02 09:30:00 - INFO  - QR_ORDER|2020-01-02|target|600449.XSHG|1200|1200|held
2020-01-02 09:30:00 - INFO  - QR_ORDER|2020-01-02|target|002884.XSHE|700|700|held
2020-01-02 09:30:00 - INFO  - QR_ORDER|2020-01-02|target|600720.XSHG|4500|4500|held
2020-01-02 09:30:00 - INFO  - QR_ORDER|2020-01-02|target|000933.XSHE|7700|7700|held
2020-01-02 09:30:00 - INFO  - QR_ORDER|2020-01-02|target|600267.XSHG|10000|10000|held
2020-01-02 09:30:00 - INFO  - QR_ORDER|2020-01-02|target|000910.XSHE|2400|2400|held
2020-01-02 09:30:00 - INFO  - QR_ORDER|2020-01-02|target|000791.XSHE|9100|9100|held
2020-01-02 09:30:00 - INFO  - QR_ORDER|2020-01-02|target|600097.XSHG|3400|3400|held
2020-01-02 09:30:00 - INFO  - QR_ORDER|2020-01-02|target|603886.XSHG|4400|4400|held
2020-01-02 09:30:00 - INFO  - QR_ORDER|2020-01-02|target|600261.XSHG|3600|3600|held
2020-01-02 09:30:00 - ERROR - 订单委托失败：StockOrder(entrust_id=1785142303 security=002444.XSHE mode=OrderTargetValue: _value=692434.2360437999 style=MarketOrderStyle: _limit_price=0.0 side=long action=open margin=False entrust_time=2020-01-02 09:30:00 cancel_time=None finish_time=None comment= error=开仓数量不能小于 100)
2020-01-02 09:30:00 - INFO  - QR_ORDER|2020-01-02|target|002444.XSHE|none
2020-01-02 09:30:00 - INFO  - QR_ORDER|2020-01-02|target|300625.XSHE|1000|1000|held
2020-01-02 09:30:00 - INFO  - QR_ORDER|2020-01-02|target|603858.XSHG|33400|33400|held
2020-01-02 09:30:00 - INFO  - QR_ORDER|2020-01-02|target|601006.XSHG|3900|3900|held
2020-01-02 09:30:00 - INFO  - QR_ORDER|2020-01-02|target|000932.XSHE|2100|2100|held
2020-01-02 09:30:00 - INFO  - QR_ORDER|2020-01-02|target|603585.XSHG|500|500|held
2020-01-02 09:30:00 - INFO  - QR_ORDER|2020-01-02|target|601222.XSHG|2600|2600|held
2020-01-02 09:30:00 - INFO  - QR_ORDER|2020-01-02|target|603458.XSHG|36100|36100|held
2020-01-02 15:30:00 - INFO  - QR_HOLDINGS|2020-01-02|20|000791.XSHE,000910.XSHE,000932.XSHE,000933.XSHE,002444.XSHE,002884.XSHE,300625.XSHE,600097.XSHG,600261.XSHG,600267.XSHG,600382.XSHG,600449.XSHG,600510.XSHG,600720.XSHG,601006.XSHG,601222.XSHG,603458.XSHG,603585.XSHG,603858.XSHG,603886.XSHG|13905076.040376
2020-02-03 09:30:00 - INFO  - QR_CANDIDATES|2020-02-03|2020-01-23|3560|1799|600382.XSHG,600449.XSHG,000933.XSHE,600720.XSHG,002884.XSHE,000910.XSHE,600510.XSHG,600261.XSHG,000791.XSHE,600267.XSHG,600097.XSHG,603585.XSHG,603886.XSHG,300625.XSHE,603858.XSHG,601006.XSHG,000932.XSHE,300107.XSHE,603277.XSHG,601222.XSHG
2020-02-03 09:30:00 - INFO  - QR_ORDER|2020-02-03|sell|002444.XSHE|64400|0|canceled
2020-02-03 09:30:00 - INFO  - QR_ORDER|2020-02-03|sell|603458.XSHG|36100|0|canceled
2020-02-03 09:30:00 - INFO  - QR_ORDER|2020-02-03|target|600382.XSHG|200|200|held
2020-02-03 09:30:00 - ERROR - 订单委托失败：StockOrder(entrust_id=1785142314 security=600449.XSHG mode=OrderTargetValue: _value=615254.9520187998 style=MarketOrderStyle: _limit_price=0.0 side=long action=open margin=False entrust_time=2020-02-03 09:30:00 cancel_time=None finish_time=None comment= error=因为资金有限，下单数量调整为 49
开仓数量不能小于 100)
2020-02-03 09:30:00 - INFO  - QR_ORDER|2020-02-03|target|600449.XSHG|none
2020-02-03 09:30:00 - INFO  - QR_ORDER|2020-02-03|target|000933.XSHE|100|100|held
2020-02-03 09:30:00 - ERROR - 订单委托失败：StockOrder(entrust_id=1785142316 security=600720.XSHG mode=OrderTargetValue: _value=615254.9520187998 style=MarketOrderStyle: _limit_price=0.0 side=long action=open margin=False entrust_time=2020-02-03 09:30:00 cancel_time=None finish_time=None comment= error=因为资金有限，下单数量调整为 1
开仓数量不能小于 100)
2020-02-03 09:30:00 - INFO  - QR_ORDER|2020-02-03|target|600720.XSHG|none
2020-02-03 09:30:00 - INFO  - QR_ORDER|2020-02-03|target|002884.XSHE|1300|0|canceled
2020-02-03 09:30:00 - ERROR - 订单委托失败：StockOrder(entrust_id=1785142318 security=000910.XSHE mode=OrderTargetValue: _value=615254.9520187998 style=MarketOrderStyle: _limit_price=0.0 side=long action=open margin=False entrust_time=2020-02-03 09:30:00 cancel_time=None finish_time=None comment= error=因为资金有限，下单数量调整为 1
开仓数量不能小于 100)
2020-02-03 09:30:00 - INFO  - QR_ORDER|2020-02-03|target|000910.XSHE|none
2020-02-03 09:30:00 - ERROR - 订单委托失败：StockOrder(entrust_id=1785142319 security=600510.XSHG mode=OrderTargetValue: _value=615254.9520187998 style=MarketOrderStyle: _limit_price=0.0 side=long action=open margin=False entrust_time=2020-02-03 09:30:00 cancel_time=None finish_time=None comment= error=因为资金有限，下单数量调整为 2
开仓数量不能小于 100)
2020-02-03 09:30:00 - INFO  - QR_ORDER|2020-02-03|target|600510.XSHG|none
2020-02-03 09:30:00 - ERROR - 订单委托失败：StockOrder(entrust_id=1785142320 security=600261.XSHG mode=OrderTargetValue: _value=615254.9520187998 style=MarketOrderStyle: _limit_price=0.0 side=long action=open margin=False entrust_time=2020-02-03 09:30:00 cancel_time=None finish_time=None comment= error=因为资金有限，下单数量调整为 3
开仓数量不能小于 100)
2020-02-03 09:30:00 - INFO  - QR_ORDER|2020-02-03|target|600261.XSHG|none
2020-02-03 09:30:00 - ERROR - 订单委托失败：StockOrder(entrust_id=1785142321 security=000791.XSHE mode=OrderTargetValue: _value=615254.9520187998 style=MarketOrderStyle: _limit_price=0.0 side=long action=open margin=False entrust_time=2020-02-03 09:30:00 cancel_time=None finish_time=None comment= error=因为资金有限，下单数量调整为 3
开仓数量不能小于 100)
2020-02-03 09:30:00 - INFO  - QR_ORDER|2020-02-03|target|000791.XSHE|none
2020-02-03 09:30:00 - INFO  - QR_ORDER|2020-02-03|target|600267.XSHG|21600|21600|held
2020-02-03 09:30:00 - INFO  - QR_ORDER|2020-02-03|target|600097.XSHG|1200|1200|held
2020-02-03 09:30:00 - INFO  - QR_ORDER|2020-02-03|target|603585.XSHG|1200|1200|held
2020-02-03 09:30:00 - INFO  - QR_ORDER|2020-02-03|target|603886.XSHG|1200|1200|held
2020-02-03 09:30:00 - INFO  - QR_ORDER|2020-02-03|target|300625.XSHE|2200|0|canceled
2020-02-03 09:30:00 - INFO  - QR_ORDER|2020-02-03|target|603858.XSHG|600|600|held
2020-02-03 09:30:00 - INFO  - QR_ORDER|2020-02-03|target|601006.XSHG|3000|3000|held
2020-02-03 09:30:00 - INFO  - QR_ORDER|2020-02-03|target|000932.XSHE|10800|10800|held
2020-02-03 09:30:00 - INFO  - QR_ORDER|2020-02-03|target|300107.XSHE|28100|28100|held
2020-02-03 09:30:00 - ERROR - 订单委托失败：StockOrder(entrust_id=1785142331 security=603277.XSHG mode=OrderTargetValue: _value=615254.9520187998 style=MarketOrderStyle: _limit_price=0.0 side=long action=open margin=False entrust_time=2020-02-03 09:30:00 cancel_time=None finish_time=None comment= error=因为资金有限，下单数量调整为 26
开仓数量不能小于 100)
2020-02-03 09:30:00 - INFO  - QR_ORDER|2020-02-03|target|603277.XSHG|none
2020-02-03 09:30:00 - INFO  - QR_ORDER|2020-02-03|target|601222.XSHG|9100|0|canceled
2020-02-03 15:30:00 - INFO  - QR_HOLDINGS|2020-02-03|21|000791.XSHE,000910.XSHE,000932.XSHE,000933.XSHE,002444.XSHE,002884.XSHE,300107.XSHE,300625.XSHE,600097.XSHG,600261.XSHG,600267.XSHG,600382.XSHG,600449.XSHG,600510.XSHG,600720.XSHG,601006.XSHG,601222.XSHG,603458.XSHG,603585.XSHG,603858.XSHG,603886.XSHG|12317813.859676
2020-03-02 09:30:00 - INFO  - QR_CANDIDATES|2020-03-02|2020-02-28|3574|1813|600382.XSHG,600449.XSHG,000933.XSHE,300625.XSHE,000910.XSHE,600261.XSHG,000791.XSHE,603585.XSHG,603886.XSHG,600720.XSHG,603458.XSHG,002724.XSHE,600097.XSHG,300107.XSHE,002884.XSHE,002360.XSHE,601006.XSHG,600516.XSHG,603858.XSHG,600750.XSHG
2020-03-02 09:30:00 - INFO  - QR_ORDER|2020-03-02|sell|000932.XSHE|154100|154100|held
2020-03-02 09:30:00 - INFO  - QR_ORDER|2020-03-02|sell|002444.XSHE|64400|64400|held
2020-03-02 09:30:00 - INFO  - QR_ORDER|2020-03-02|sell|600267.XSHG|48600|48600|held
2020-03-02 09:30:00 - INFO  - QR_ORDER|2020-03-02|sell|600510.XSHG|102500|102500|held
2020-03-02 09:30:00 - INFO  - QR_ORDER|2020-03-02|sell|601222.XSHG|141700|141700|held
2020-03-02 09:30:00 - INFO  - QR_ORDER|2020-03-02|target|600382.XSHG|10800|10800|held
2020-03-02 09:30:00 - INFO  - QR_ORDER|2020-03-02|target|600449.XSHG|1500|1500|held
2020-03-02 09:30:00 - INFO  - QR_ORDER|2020-03-02|target|000933.XSHE|29200|29200|held
2020-03-02 09:30:00 - INFO  - QR_ORDER|2020-03-02|target|300625.XSHE|200|200|held
2020-03-02 09:30:00 - INFO  - QR_ORDER|2020-03-02|target|000910.XSHE|4800|4800|held
2020-03-02 09:30:00 - INFO  - QR_ORDER|2020-03-02|target|600261.XSHG|20600|20600|held
2020-03-02 09:30:00 - INFO  - QR_ORDER|2020-03-02|target|000791.XSHE|21200|21200|held
2020-03-02 09:30:00 - INFO  - QR_ORDER|2020-03-02|target|603585.XSHG|100|100|held
2020-03-02 09:30:00 - INFO  - QR_ORDER|2020-03-02|target|603886.XSHG|2600|2600|held
2020-03-02 09:30:00 - ERROR - 订单委托失败：StockOrder(entrust_id=1785142347 security=600720.XSHG mode=OrderTargetValue: _value=671936.3485937997 style=MarketOrderStyle: _limit_price=0.0 side=long action=close margin=False entrust_time=2020-03-02 09:30:00 cancel_time=None finish_time=None comment= error=平仓数量不能小于 100)
2020-03-02 09:30:00 - INFO  - QR_ORDER|2020-03-02|target|600720.XSHG|none
2020-03-02 09:30:00 - INFO  - QR_ORDER|2020-03-02|target|603458.XSHG|3000|3000|held
2020-03-02 09:30:00 - INFO  - QR_ORDER|2020-03-02|target|002724.XSHE|89700|89700|held
2020-03-02 09:30:00 - INFO  - QR_ORDER|2020-03-02|target|600097.XSHG|1600|1600|held
2020-03-02 09:30:00 - INFO  - QR_ORDER|2020-03-02|target|300107.XSHE|82400|82400|held
2020-03-02 09:30:00 - INFO  - QR_ORDER|2020-03-02|target|002884.XSHE|6200|6200|held
2020-03-02 09:30:00 - INFO  - QR_ORDER|2020-03-02|target|002360.XSHE|131200|131200|held
2020-03-02 09:30:00 - INFO  - QR_ORDER|2020-03-02|target|601006.XSHG|7700|7700|held
2020-03-02 09:30:00 - INFO  - QR_ORDER|2020-03-02|target|600516.XSHG|66500|66500|held
2020-03-02 09:30:00 - INFO  - QR_ORDER|2020-03-02|target|603858.XSHG|1400|1400|held
2020-03-02 09:30:00 - INFO  - QR_ORDER|2020-03-02|target|600750.XSHG|54100|54100|held
2020-03-02 15:30:00 - INFO  - QR_HOLDINGS|2020-03-02|20|000791.XSHE,000910.XSHE,000933.XSHE,002360.XSHE,002724.XSHE,002884.XSHE,300107.XSHE,300625.XSHE,600097.XSHG,600261.XSHG,600382.XSHG,600449.XSHG,600516.XSHG,600720.XSHG,600750.XSHG,601006.XSHG,603458.XSHG,603585.XSHG,603858.XSHG,603886.XSHG|13957506.694476
2020-04-01 09:30:00 - INFO  - QR_CANDIDATES|2020-04-01|2020-03-31|3583|1870|000933.XSHE,000910.XSHE,000877.XSHE,600382.XSHG,300625.XSHE,600261.XSHG,002746.XSHE,601006.XSHG,600097.XSHG,002444.XSHE,603858.XSHG,603458.XSHG,603277.XSHG,600668.XSHG,002233.XSHE,002724.XSHE,600516.XSHG,002664.XSHE,603808.XSHG,600987.XSHG
2020-04-01 09:30:00 - INFO  - QR_ORDER|2020-04-01|sell|000791.XSHE|207300|207300|held
2020-04-01 09:30:00 - INFO  - QR_ORDER|2020-04-01|sell|002360.XSHE|131200|131200|held
2020-04-01 09:30:00 - INFO  - QR_ORDER|2020-04-01|sell|002884.XSHE|39300|39300|held
2020-04-01 09:30:00 - INFO  - QR_ORDER|2020-04-01|sell|300107.XSHE|110500|110500|held
2020-04-01 09:30:00 - INFO  - QR_ORDER|2020-04-01|sell|600449.XSHG|62700|62700|held
2020-04-01 09:30:00 - INFO  - QR_ORDER|2020-04-01|sell|600720.XSHG|54100|54100|held
2020-04-01 09:30:00 - INFO  - QR_ORDER|2020-04-01|sell|600750.XSHG|54100|54100|held
2020-04-01 09:30:00 - INFO  - QR_ORDER|2020-04-01|sell|603585.XSHG|34000|34000|held
2020-04-01 09:30:00 - INFO  - QR_ORDER|2020-04-01|sell|603886.XSHG|42600|42600|held
2020-04-01 09:30:00 - INFO  - QR_ORDER|2020-04-01|target|000933.XSHE|5400|5400|held
2020-04-01 09:30:00 - INFO  - QR_ORDER|2020-04-01|target|000910.XSHE|6000|6000|held
2020-04-01 09:30:00 - INFO  - QR_ORDER|2020-04-01|target|000877.XSHE|57900|57900|held
2020-04-01 09:30:00 - INFO  - QR_ORDER|2020-04-01|target|600382.XSHG|1500|1500|held
2020-04-01 09:30:00 - INFO  - QR_ORDER|2020-04-01|target|300625.XSHE|1500|1500|held
2020-04-01 09:30:00 - INFO  - QR_ORDER|2020-04-01|target|600261.XSHG|18600|18600|held
2020-04-01 09:30:00 - INFO  - QR_ORDER|2020-04-01|target|002746.XSHE|42000|42000|held
2020-04-01 09:30:00 - INFO  - QR_ORDER|2020-04-01|target|601006.XSHG|1800|1800|held
2020-04-01 09:30:00 - INFO  - QR_ORDER|2020-04-01|target|600097.XSHG|5800|5800|held
2020-04-01 09:30:00 - INFO  - QR_ORDER|2020-04-01|target|002444.XSHE|70000|70000|held
2020-04-01 09:30:00 - INFO  - QR_ORDER|2020-04-01|target|603858.XSHG|1200|1200|held
2020-04-01 09:30:00 - INFO  - QR_ORDER|2020-04-01|target|603458.XSHG|4900|4900|held
2020-04-01 09:30:00 - INFO  - QR_ORDER|2020-04-01|target|603277.XSHG|76000|76000|held
2020-04-01 09:30:00 - INFO  - QR_ORDER|2020-04-01|target|600668.XSHG|46500|46500|held
2020-04-01 09:30:00 - INFO  - QR_ORDER|2020-04-01|target|002233.XSHE|53300|53300|held
2020-04-01 09:30:00 - INFO  - QR_ORDER|2020-04-01|target|002724.XSHE|10800|10800|held
2020-04-01 09:30:00 - INFO  - QR_ORDER|2020-04-01|target|600516.XSHG|6400|6400|held
2020-04-01 09:30:00 - INFO  - QR_ORDER|2020-04-01|target|002664.XSHE|48400|48400|held
2020-04-01 09:30:00 - INFO  - QR_ORDER|2020-04-01|target|603808.XSHG|59500|59500|held
2020-04-01 09:30:00 - INFO  - QR_ORDER|2020-04-01|target|600987.XSHG|117700|117700|held
2020-04-01 15:30:00 - INFO  - QR_HOLDINGS|2020-04-01|20|000877.XSHE,000910.XSHE,000933.XSHE,002233.XSHE,002444.XSHE,002664.XSHE,002724.XSHE,002746.XSHE,300625.XSHE,600097.XSHG,600261.XSHG,600382.XSHG,600516.XSHG,600668.XSHG,600987.XSHG,601006.XSHG,603277.XSHG,603458.XSHG,603808.XSHG,603858.XSHG|13098458.675976
2020-05-06 09:30:00 - INFO  - QR_CANDIDATES|2020-05-06|2020-04-30|3594|1045|600051.XSHG,603357.XSHG,600750.XSHG,601000.XSHG,600566.XSHG,002884.XSHE,000922.XSHE,600064.XSHG,002270.XSHE,000600.XSHE,600382.XSHG,600352.XSHG,600035.XSHG,002234.XSHE,002583.XSHE,600211.XSHG,600682.XSHG,002440.XSHE,002394.XSHE,600261.XSHG
2020-05-06 09:30:00 - INFO  - QR_ORDER|2020-05-06|sell|000877.XSHE|57900|57900|held
2020-05-06 09:30:00 - INFO  - QR_ORDER|2020-05-06|sell|000910.XSHE|60100|60100|held
2020-05-06 09:30:00 - INFO  - QR_ORDER|2020-05-06|sell|000933.XSHE|159100|159100|held
2020-05-06 09:30:00 - INFO  - QR_ORDER|2020-05-06|sell|002233.XSHE|53300|53300|held
2020-05-06 09:30:00 - INFO  - QR_ORDER|2020-05-06|sell|002444.XSHE|70000|70000|held
2020-05-06 09:30:00 - INFO  - QR_ORDER|2020-05-06|sell|002664.XSHE|48400|48400|held
2020-05-06 09:30:00 - INFO  - QR_ORDER|2020-05-06|sell|002724.XSHE|100500|100500|held
2020-05-06 09:30:00 - INFO  - QR_ORDER|2020-05-06|sell|002746.XSHE|42000|42000|held
2020-05-06 09:30:00 - INFO  - QR_ORDER|2020-05-06|sell|300625.XSHE|44100|44100|held
2020-05-06 09:30:00 - INFO  - QR_ORDER|2020-05-06|sell|600097.XSHG|66700|66700|held
2020-05-06 09:30:00 - INFO  - QR_ORDER|2020-05-06|sell|600516.XSHG|72900|72900|held
2020-05-06 09:30:00 - INFO  - QR_ORDER|2020-05-06|sell|600668.XSHG|46500|46500|held
2020-05-06 09:30:00 - INFO  - QR_ORDER|2020-05-06|sell|600987.XSHG|117700|117700|held
2020-05-06 09:30:00 - INFO  - QR_ORDER|2020-05-06|sell|601006.XSHG|96700|96700|held
2020-05-06 09:30:00 - INFO  - QR_ORDER|2020-05-06|sell|603277.XSHG|76000|76000|held
2020-05-06 09:30:00 - INFO  - QR_ORDER|2020-05-06|sell|603458.XSHG|34200|34200|held
2020-05-06 09:30:00 - INFO  - QR_ORDER|2020-05-06|sell|603808.XSHG|59500|59500|held
2020-05-06 09:30:00 - INFO  - QR_ORDER|2020-05-06|sell|603858.XSHG|32600|32600|held
2020-05-06 09:30:00 - INFO  - QR_ORDER|2020-05-06|target|600051.XSHG|77300|77300|held
2020-05-06 09:30:00 - INFO  - QR_ORDER|2020-05-06|target|603357.XSHG|65600|65600|held
2020-05-06 09:30:00 - INFO  - QR_ORDER|2020-05-06|target|600750.XSHG|55000|55000|held
2020-05-06 09:30:00 - INFO  - QR_ORDER|2020-05-06|target|601000.XSHG|291100|291100|held
2020-05-06 09:30:00 - INFO  - QR_ORDER|2020-05-06|target|600566.XSHG|31300|31300|held
2020-05-06 09:30:00 - INFO  - QR_ORDER|2020-05-06|target|002884.XSHE|43000|43000|held
2020-05-06 09:30:00 - INFO  - QR_ORDER|2020-05-06|target|000922.XSHE|89500|89500|held
2020-05-06 09:30:00 - INFO  - QR_ORDER|2020-05-06|target|600064.XSHG|74400|74400|held
2020-05-06 09:30:00 - INFO  - QR_ORDER|2020-05-06|target|002270.XSHE|118900|118900|held
2020-05-06 09:30:00 - INFO  - QR_ORDER|2020-05-06|target|000600.XSHE|139000|139000|held
2020-05-06 09:30:00 - INFO  - QR_ORDER|2020-05-06|target|600382.XSHG|2100|2100|held
2020-05-06 09:30:00 - INFO  - QR_ORDER|2020-05-06|target|600352.XSHG|54900|54900|held
2020-05-06 09:30:00 - INFO  - QR_ORDER|2020-05-06|target|600035.XSHG|199900|199900|held
2020-05-06 09:30:00 - INFO  - QR_ORDER|2020-05-06|target|002234.XSHE|28000|28000|held
2020-05-06 09:30:00 - INFO  - QR_ORDER|2020-05-06|target|002583.XSHE|102300|102300|held
2020-05-06 09:30:00 - INFO  - QR_ORDER|2020-05-06|target|600211.XSHG|24000|24000|held
2020-05-06 09:30:00 - INFO  - QR_ORDER|2020-05-06|target|600682.XSHG|81700|81700|held
2020-05-06 09:30:00 - INFO  - QR_ORDER|2020-05-06|target|002440.XSHE|71000|71000|held
2020-05-06 09:30:00 - INFO  - QR_ORDER|2020-05-06|target|002394.XSHE|73600|73600|held
2020-05-06 09:30:00 - INFO  - QR_ORDER|2020-05-06|target|600261.XSHG|700|700|held
2020-05-06 15:30:00 - INFO  - QR_HOLDINGS|2020-05-06|20|000600.XSHE,000922.XSHE,002234.XSHE,002270.XSHE,002394.XSHE,002440.XSHE,002583.XSHE,002884.XSHE,600035.XSHG,600051.XSHG,600064.XSHG,600211.XSHG,600261.XSHG,600352.XSHG,600382.XSHG,600566.XSHG,600682.XSHG,600750.XSHG,601000.XSHG,603357.XSHG|13480222.332176
2020-06-01 09:30:00 - INFO  - QR_CANDIDATES|2020-06-01|2020-05-29|3605|1036|600051.XSHG,601000.XSHG,603357.XSHG,600750.XSHG,002583.XSHE,600566.XSHG,002270.XSHE,002884.XSHE,002234.XSHE,000922.XSHE,600035.XSHG,000600.XSHE,600382.XSHG,002440.XSHE,600682.XSHG,600064.XSHG,600777.XSHG,600062.XSHG,601677.XSHG,600352.XSHG
2020-06-01 09:30:00 - INFO  - QR_ORDER|2020-06-01|sell|002394.XSHE|73600|73600|held
2020-06-01 09:30:00 - INFO  - QR_ORDER|2020-06-01|sell|600211.XSHG|24000|24000|held
2020-06-01 09:30:00 - INFO  - QR_ORDER|2020-06-01|sell|600261.XSHG|184800|184800|held
2020-06-01 09:30:00 - INFO  - QR_ORDER|2020-06-01|target|600051.XSHG|2100|2100|held
2020-06-01 09:30:00 - INFO  - QR_ORDER|2020-06-01|target|601000.XSHG|11200|11200|held
2020-06-01 09:30:00 - INFO  - QR_ORDER|2020-06-01|target|603357.XSHG|2100|2100|held
2020-06-01 09:30:00 - INFO  - QR_ORDER|2020-06-01|target|600750.XSHG|2000|2000|held
2020-06-01 09:30:00 - INFO  - QR_ORDER|2020-06-01|target|002583.XSHE|3500|3500|held
2020-06-01 09:30:00 - INFO  - QR_ORDER|2020-06-01|target|600566.XSHG|600|600|held
2020-06-01 09:30:00 - INFO  - QR_ORDER|2020-06-01|target|002270.XSHE|8300|8300|held
2020-06-01 09:30:00 - INFO  - QR_ORDER|2020-06-01|target|002884.XSHE|1300|1300|held
2020-06-01 09:30:00 - INFO  - QR_ORDER|2020-06-01|target|002234.XSHE|3200|3200|held
2020-06-01 09:30:00 - INFO  - QR_ORDER|2020-06-01|target|000922.XSHE|8000|8000|held
2020-06-01 09:30:00 - INFO  - QR_ORDER|2020-06-01|target|600035.XSHG|27900|27900|held
2020-06-01 09:30:00 - INFO  - QR_ORDER|2020-06-01|target|000600.XSHE|900|900|held
2020-06-01 09:30:00 - INFO  - QR_ORDER|2020-06-01|target|600382.XSHG|1800|1800|held
2020-06-01 09:30:00 - INFO  - QR_ORDER|2020-06-01|target|002440.XSHE|4500|4500|held
2020-06-01 09:30:00 - INFO  - QR_ORDER|2020-06-01|target|600682.XSHG|8600|8600|held
2020-06-01 09:30:00 - INFO  - QR_ORDER|2020-06-01|target|600064.XSHG|2100|2100|held
2020-06-01 09:30:00 - INFO  - QR_ORDER|2020-06-01|target|600777.XSHG|449500|449500|held
2020-06-01 09:30:00 - INFO  - QR_ORDER|2020-06-01|target|600062.XSHG|54000|54000|held
2020-06-01 09:30:00 - INFO  - QR_ORDER|2020-06-01|target|601677.XSHG|76100|76100|held
2020-06-01 09:30:00 - ERROR - 订单委托失败：StockOrder(entrust_id=1785142447 security=600352.XSHG mode=OrderTargetValue: _value=674327.6137687997 style=MarketOrderStyle: _limit_price=0.0 side=long action=open margin=False entrust_time=2020-06-01 09:30:00 cancel_time=None finish_time=None comment= error=因为资金有限，下单数量调整为 39
开仓数量不能小于 100)
2020-06-01 09:30:00 - INFO  - QR_ORDER|2020-06-01|target|600352.XSHG|none
2020-06-01 15:30:00 - INFO  - QR_HOLDINGS|2020-06-01|20|000600.XSHE,000922.XSHE,002234.XSHE,002270.XSHE,002440.XSHE,002583.XSHE,002884.XSHE,600035.XSHG,600051.XSHG,600062.XSHG,600064.XSHG,600352.XSHG,600382.XSHG,600566.XSHG,600682.XSHG,600750.XSHG,600777.XSHG,601000.XSHG,601677.XSHG,603357.XSHG|13769954.094076
2020-07-01 09:30:00 - INFO  - QR_CANDIDATES|2020-07-01|2020-06-30|3617|1015|600051.XSHG,601000.XSHG,603357.XSHG,002270.XSHE,000922.XSHE,002884.XSHE,600566.XSHG,600750.XSHG,002234.XSHE,600382.XSHG,002583.XSHE,600777.XSHG,600261.XSHG,002440.XSHE,600064.XSHG,601677.XSHG,000600.XSHE,600496.XSHG,002746.XSHE,002394.XSHE
2020-07-01 09:30:00 - INFO  - QR_ORDER|2020-07-01|sell|600035.XSHG|227800|227800|held
2020-07-01 09:30:00 - INFO  - QR_ORDER|2020-07-01|sell|600062.XSHG|54000|54000|held
2020-07-01 09:30:00 - INFO  - QR_ORDER|2020-07-01|sell|600352.XSHG|54900|54900|held
2020-07-01 09:30:00 - INFO  - QR_ORDER|2020-07-01|sell|600682.XSHG|73100|73100|held
2020-07-01 09:30:00 - INFO  - QR_ORDER|2020-07-01|target|600051.XSHG|2000|2000|held
2020-07-01 09:30:00 - INFO  - QR_ORDER|2020-07-01|target|601000.XSHG|17900|17900|held
2020-07-01 09:30:00 - INFO  - QR_ORDER|2020-07-01|target|603357.XSHG|4400|4400|held
2020-07-01 09:30:00 - INFO  - QR_ORDER|2020-07-01|target|002270.XSHE|300|300|held
2020-07-01 09:30:00 - INFO  - QR_ORDER|2020-07-01|target|000922.XSHE|3600|3600|held
2020-07-01 09:30:00 - INFO  - QR_ORDER|2020-07-01|target|002884.XSHE|500|500|held
2020-07-01 09:30:00 - INFO  - QR_ORDER|2020-07-01|target|600566.XSHG|2600|2600|held
2020-07-01 09:30:00 - INFO  - QR_ORDER|2020-07-01|target|600750.XSHG|7500|7500|held
2020-07-01 09:30:00 - INFO  - QR_ORDER|2020-07-01|target|002234.XSHE|800|800|held
2020-07-01 09:30:00 - INFO  - QR_ORDER|2020-07-01|target|600382.XSHG|5300|5300|held
2020-07-01 09:30:00 - INFO  - QR_ORDER|2020-07-01|target|002583.XSHE|12200|12200|held
2020-07-01 09:30:00 - INFO  - QR_ORDER|2020-07-01|target|600777.XSHG|20300|20300|held
2020-07-01 09:30:00 - INFO  - QR_ORDER|2020-07-01|target|600261.XSHG|200000|200000|held
2020-07-01 09:30:00 - INFO  - QR_ORDER|2020-07-01|target|002440.XSHE|3400|3400|held
2020-07-01 09:30:00 - INFO  - QR_ORDER|2020-07-01|target|600064.XSHG|1100|1100|held
2020-07-01 09:30:00 - INFO  - QR_ORDER|2020-07-01|target|601677.XSHG|6000|6000|held
2020-07-01 09:30:00 - INFO  - QR_ORDER|2020-07-01|target|000600.XSHE|100|100|held
2020-07-01 09:30:00 - INFO  - QR_ORDER|2020-07-01|target|600496.XSHG|203400|203400|held
2020-07-01 09:30:00 - INFO  - QR_ORDER|2020-07-01|target|002746.XSHE|53700|53700|held
2020-07-01 09:30:00 - INFO  - QR_ORDER|2020-07-01|target|002394.XSHE|80200|80200|held
2020-07-01 15:30:00 - INFO  - QR_HOLDINGS|2020-07-01|20|000600.XSHE,000922.XSHE,002234.XSHE,002270.XSHE,002394.XSHE,002440.XSHE,002583.XSHE,002746.XSHE,002884.XSHE,600051.XSHG,600064.XSHG,600261.XSHG,600382.XSHG,600496.XSHG,600566.XSHG,600750.XSHG,600777.XSHG,601000.XSHG,601677.XSHG,603357.XSHG|14399631.785076
2020-08-03 09:30:00 - INFO  - QR_CANDIDATES|2020-08-03|2020-07-31|3647|1025|601000.XSHG,603357.XSHG,600051.XSHG,002884.XSHE,002234.XSHE,002270.XSHE,600750.XSHG,002664.XSHE,600566.XSHG,600382.XSHG,000922.XSHE,600064.XSHG,002440.XSHE,000581.XSHE,002583.XSHE,603586.XSHG,002543.XSHE,002394.XSHE,600062.XSHG,600352.XSHG
2020-08-03 09:30:00 - INFO  - QR_ORDER|2020-08-03|sell|000600.XSHE|139800|139800|held
2020-08-03 09:30:00 - INFO  - QR_ORDER|2020-08-03|sell|002746.XSHE|53700|53700|held
2020-08-03 09:30:00 - INFO  - QR_ORDER|2020-08-03|sell|600261.XSHG|200000|200000|held
2020-08-03 09:30:00 - INFO  - QR_ORDER|2020-08-03|sell|600496.XSHG|203400|203400|held
2020-08-03 09:30:00 - INFO  - QR_ORDER|2020-08-03|sell|600777.XSHG|469800|469800|held
2020-08-03 09:30:00 - INFO  - QR_ORDER|2020-08-03|sell|601677.XSHG|82100|82100|held
2020-08-03 09:30:00 - INFO  - QR_ORDER|2020-08-03|target|601000.XSHG|18100|18100|held
2020-08-03 09:30:00 - INFO  - QR_ORDER|2020-08-03|target|603357.XSHG|5400|5400|held
2020-08-03 09:30:00 - INFO  - QR_ORDER|2020-08-03|target|600051.XSHG|12400|12400|held
2020-08-03 09:30:00 - INFO  - QR_ORDER|2020-08-03|target|002884.XSHE|5200|5200|held
2020-08-03 09:30:00 - INFO  - QR_ORDER|2020-08-03|target|002234.XSHE|3200|3200|held
2020-08-03 09:30:00 - INFO  - QR_ORDER|2020-08-03|target|002270.XSHE|3300|3300|held
2020-08-03 09:30:00 - INFO  - QR_ORDER|2020-08-03|target|600750.XSHG|5400|5400|held
2020-08-03 09:30:00 - INFO  - QR_ORDER|2020-08-03|target|002664.XSHE|52400|52400|held
2020-08-03 09:30:00 - INFO  - QR_ORDER|2020-08-03|target|600566.XSHG|4500|4500|held
2020-08-03 09:30:00 - INFO  - QR_ORDER|2020-08-03|target|600382.XSHG|7900|7900|held
2020-08-03 09:30:00 - INFO  - QR_ORDER|2020-08-03|target|000922.XSHE|300|300|held
2020-08-03 09:30:00 - INFO  - QR_ORDER|2020-08-03|target|600064.XSHG|4800|4800|held
2020-08-03 09:30:00 - INFO  - QR_ORDER|2020-08-03|target|002440.XSHE|6500|6500|held
2020-08-03 09:30:00 - INFO  - QR_ORDER|2020-08-03|target|000581.XSHE|36800|36800|held
2020-08-03 09:30:00 - INFO  - QR_ORDER|2020-08-03|target|002583.XSHE|5500|5500|held
2020-08-03 09:30:00 - INFO  - QR_ORDER|2020-08-03|target|603586.XSHG|43200|43200|held
2020-08-03 09:30:00 - INFO  - QR_ORDER|2020-08-03|target|002543.XSHE|98300|98300|held
2020-08-03 09:30:00 - INFO  - QR_ORDER|2020-08-03|target|002394.XSHE|1100|1100|held
2020-08-03 09:30:00 - INFO  - QR_ORDER|2020-08-03|target|600062.XSHG|56200|56200|held
2020-08-03 09:30:00 - INFO  - QR_ORDER|2020-08-03|target|600352.XSHG|54900|54900|held
2020-08-03 15:30:00 - INFO  - QR_HOLDINGS|2020-08-03|20|000581.XSHE,000922.XSHE,002234.XSHE,002270.XSHE,002394.XSHE,002440.XSHE,002543.XSHE,002583.XSHE,002664.XSHE,002884.XSHE,600051.XSHG,600062.XSHG,600064.XSHG,600352.XSHG,600382.XSHG,600566.XSHG,600750.XSHG,601000.XSHG,603357.XSHG,603586.XSHG|17026709.351176
2020-09-01 09:30:00 - INFO  - QR_CANDIDATES|2020-09-01|2020-08-31|3656|1661|600449.XSHG,601677.XSHG,601717.XSHG,600261.XSHG,601000.XSHG,002394.XSHE,002403.XSHE,600668.XSHG,002869.XSHE,600023.XSHG,000027.XSHE,002432.XSHE,300552.XSHE,603556.XSHG,601006.XSHG,600026.XSHG,002406.XSHE,000922.XSHE,000581.XSHE,600273.XSHG
2020-09-01 09:30:00 - INFO  - QR_ORDER|2020-09-01|sell|002234.XSHE|35200|35200|held
2020-09-01 09:30:00 - INFO  - QR_ORDER|2020-09-01|sell|002270.XSHE|130200|130200|held
2020-09-01 09:30:00 - INFO  - QR_ORDER|2020-09-01|sell|002440.XSHE|85400|85400|held
2020-09-01 09:30:00 - INFO  - QR_ORDER|2020-09-01|sell|002543.XSHE|98300|98300|held
2020-09-01 09:30:00 - INFO  - QR_ORDER|2020-09-01|sell|002583.XSHE|88100|88100|held
2020-09-01 09:30:00 - INFO  - QR_ORDER|2020-09-01|sell|002664.XSHE|52400|52400|held
2020-09-01 09:30:00 - INFO  - QR_ORDER|2020-09-01|sell|002884.XSHE|47400|47400|held
2020-09-01 09:30:00 - INFO  - QR_ORDER|2020-09-01|sell|600051.XSHG|69000|69000|held
2020-09-01 09:30:00 - INFO  - QR_ORDER|2020-09-01|sell|600062.XSHG|56200|56200|held
2020-09-01 09:30:00 - INFO  - QR_ORDER|2020-09-01|sell|600064.XSHG|78200|78200|held
2020-09-01 09:30:00 - INFO  - QR_ORDER|2020-09-01|sell|600352.XSHG|54900|54900|held
2020-09-01 09:30:00 - INFO  - QR_ORDER|2020-09-01|sell|600382.XSHG|149990|149990|held
2020-09-01 09:30:00 - INFO  - QR_ORDER|2020-09-01|sell|600566.XSHG|32600|32600|held
2020-09-01 09:30:00 - INFO  - QR_ORDER|2020-09-01|sell|600750.XSHG|61500|61500|held
2020-09-01 09:30:00 - INFO  - QR_ORDER|2020-09-01|sell|603357.XSHG|77500|77500|held
2020-09-01 09:30:00 - INFO  - QR_ORDER|2020-09-01|sell|603586.XSHG|43200|43200|held
2020-09-01 09:30:00 - INFO  - QR_ORDER|2020-09-01|target|600449.XSHG|50200|50200|held
2020-09-01 09:30:00 - INFO  - QR_ORDER|2020-09-01|target|601677.XSHG|76800|76800|held
2020-09-01 09:30:00 - INFO  - QR_ORDER|2020-09-01|target|601717.XSHG|97100|97100|held
2020-09-01 09:30:00 - INFO  - QR_ORDER|2020-09-01|target|600261.XSHG|197400|197400|held
2020-09-01 09:30:00 - INFO  - QR_ORDER|2020-09-01|target|601000.XSHG|11700|11700|held
2020-09-01 09:30:00 - INFO  - QR_ORDER|2020-09-01|target|002394.XSHE|800|800|held
2020-09-01 09:30:00 - INFO  - QR_ORDER|2020-09-01|target|002403.XSHE|89300|89300|held
2020-09-01 09:30:00 - INFO  - QR_ORDER|2020-09-01|target|600668.XSHG|50700|50700|held
2020-09-01 09:30:00 - INFO  - QR_ORDER|2020-09-01|target|002869.XSHE|16000|16000|held
2020-09-01 09:30:00 - INFO  - QR_ORDER|2020-09-01|target|600023.XSHG|224000|224000|held
2020-09-01 09:30:00 - INFO  - QR_ORDER|2020-09-01|target|000027.XSHE|148100|148100|held
2020-09-01 09:30:00 - INFO  - QR_ORDER|2020-09-01|target|002432.XSHE|70500|70500|held
2020-09-01 09:30:00 - INFO  - QR_ORDER|2020-09-01|target|300552.XSHE|17300|17300|held
2020-09-01 09:30:00 - INFO  - QR_ORDER|2020-09-01|target|603556.XSHG|55800|55800|held
2020-09-01 09:30:00 - INFO  - QR_ORDER|2020-09-01|target|601006.XSHG|128200|128200|held
2020-09-01 09:30:00 - INFO  - QR_ORDER|2020-09-01|target|600026.XSHG|112000|112000|held
2020-09-01 09:30:00 - INFO  - QR_ORDER|2020-09-01|target|002406.XSHE|118400|118400|held
2020-09-01 09:30:00 - INFO  - QR_ORDER|2020-09-01|target|000922.XSHE|400|400|held
2020-09-01 09:30:00 - INFO  - QR_ORDER|2020-09-01|target|000581.XSHE|2700|2700|held
2020-09-01 09:30:00 - INFO  - QR_ORDER|2020-09-01|target|600273.XSHG|78000|78000|held
2020-09-01 15:30:00 - INFO  - QR_HOLDINGS|2020-09-01|20|000027.XSHE,000581.XSHE,000922.XSHE,002394.XSHE,002403.XSHE,002406.XSHE,002432.XSHE,002869.XSHE,300552.XSHE,600023.XSHG,600026.XSHG,600261.XSHG,600273.XSHG,600449.XSHG,600668.XSHG,601000.XSHG,601006.XSHG,601677.XSHG,601717.XSHG,603556.XSHG|16996732.745076
2020-10-09 09:30:00 - INFO  - QR_CANDIDATES|2020-10-09|2020-09-30|3666|1700|600449.XSHG,600720.XSHG,601677.XSHG,002869.XSHE,600261.XSHG,002432.XSHE,601000.XSHG,002394.XSHE,002403.XSHE,000027.XSHE,603556.XSHG,601717.XSHG,600023.XSHG,000922.XSHE,600668.XSHG,300552.XSHE,601006.XSHG,600026.XSHG,002406.XSHE,603012.XSHG
2020-10-09 09:30:00 - INFO  - QR_ORDER|2020-10-09|sell|000581.XSHE|34100|34100|held
2020-10-09 09:30:00 - INFO  - QR_ORDER|2020-10-09|sell|600273.XSHG|78000|78000|held
2020-10-09 09:30:00 - INFO  - QR_ORDER|2020-10-09|target|600449.XSHG|4000|4000|held
2020-10-09 09:30:00 - INFO  - QR_ORDER|2020-10-09|target|600720.XSHG|52600|52600|held
2020-10-09 09:30:00 - INFO  - QR_ORDER|2020-10-09|target|601677.XSHG|5800|5800|held
2020-10-09 09:30:00 - INFO  - QR_ORDER|2020-10-09|target|002869.XSHE|1500|1500|held
2020-10-09 09:30:00 - INFO  - QR_ORDER|2020-10-09|target|600261.XSHG|6900|6900|held
2020-10-09 09:30:00 - INFO  - QR_ORDER|2020-10-09|target|002432.XSHE|5200|5200|held
2020-10-09 09:30:00 - INFO  - QR_ORDER|2020-10-09|target|601000.XSHG|6500|6500|held
2020-10-09 09:30:00 - INFO  - QR_ORDER|2020-10-09|target|002394.XSHE|4700|4700|held
2020-10-09 09:30:00 - INFO  - QR_ORDER|2020-10-09|target|002403.XSHE|4200|4200|held
2020-10-09 09:30:00 - INFO  - QR_ORDER|2020-10-09|target|000027.XSHE|400|400|held
2020-10-09 09:30:00 - INFO  - QR_ORDER|2020-10-09|target|603556.XSHG|1400|1400|held
2020-10-09 09:30:00 - INFO  - QR_ORDER|2020-10-09|target|601717.XSHG|13100|13100|held
2020-10-09 09:30:00 - INFO  - QR_ORDER|2020-10-09|target|600023.XSHG|4500|4500|held
2020-10-09 09:30:00 - INFO  - QR_ORDER|2020-10-09|target|000922.XSHE|5000|5000|held
2020-10-09 09:30:00 - INFO  - QR_ORDER|2020-10-09|target|600668.XSHG|1500|1500|held
2020-10-09 09:30:00 - INFO  - QR_ORDER|2020-10-09|target|300552.XSHE|600|600|held
2020-10-09 09:30:00 - INFO  - QR_ORDER|2020-10-09|target|601006.XSHG|2600|2600|held
2020-10-09 09:30:00 - INFO  - QR_ORDER|2020-10-09|target|600026.XSHG|300|300|held
2020-10-09 09:30:00 - INFO  - QR_ORDER|2020-10-09|target|002406.XSHE|3100|3100|held
2020-10-09 09:30:00 - INFO  - QR_ORDER|2020-10-09|target|603012.XSHG|108300|108300|held
2020-10-09 15:30:00 - INFO  - QR_HOLDINGS|2020-10-09|20|000027.XSHE,000922.XSHE,002394.XSHE,002403.XSHE,002406.XSHE,002432.XSHE,002869.XSHE,300552.XSHE,600023.XSHG,600026.XSHG,600261.XSHG,600449.XSHG,600668.XSHG,600720.XSHG,601000.XSHG,601006.XSHG,601677.XSHG,601717.XSHG,603012.XSHG,603556.XSHG|16274349.405376
2020-11-02 09:30:00 - INFO  - QR_CANDIDATES|2020-11-02|2020-10-30|3676|1724|600720.XSHG,600449.XSHG,300552.XSHE,600261.XSHG,603886.XSHG,002724.XSHE,603277.XSHG,000922.XSHE,000883.XSHE,002124.XSHE,000910.XSHE,002236.XSHE,600668.XSHG,002033.XSHE,600368.XSHG,600023.XSHG,000069.XSHE,000581.XSHE,600067.XSHG,000791.XSHE
2020-11-02 09:30:00 - INFO  - QR_ORDER|2020-11-02|sell|000027.XSHE|147700|147700|held
2020-11-02 09:30:00 - INFO  - QR_ORDER|2020-11-02|sell|002394.XSHE|83000|83000|held
2020-11-02 09:30:00 - INFO  - QR_ORDER|2020-11-02|sell|002403.XSHE|93500|93500|held
2020-11-02 09:30:00 - INFO  - QR_ORDER|2020-11-02|sell|002406.XSHE|115300|115300|held
2020-11-02 09:30:00 - INFO  - QR_ORDER|2020-11-02|sell|002432.XSHE|75700|75700|held
2020-11-02 09:30:00 - INFO  - QR_ORDER|2020-11-02|sell|002869.XSHE|17500|17500|held
2020-11-02 09:30:00 - INFO  - QR_ORDER|2020-11-02|sell|600026.XSHG|112300|112300|held
2020-11-02 09:30:00 - INFO  - QR_ORDER|2020-11-02|sell|601000.XSHG|320100|320100|held
2020-11-02 09:30:00 - INFO  - QR_ORDER|2020-11-02|sell|601006.XSHG|125600|125600|held
2020-11-02 09:30:00 - INFO  - QR_ORDER|2020-11-02|sell|601677.XSHG|71000|71000|held
2020-11-02 09:30:00 - INFO  - QR_ORDER|2020-11-02|sell|601717.XSHG|84000|84000|held
2020-11-02 09:30:00 - INFO  - QR_ORDER|2020-11-02|sell|603012.XSHG|108300|108300|held
2020-11-02 09:30:00 - INFO  - QR_ORDER|2020-11-02|sell|603556.XSHG|57200|57200|held
2020-11-02 09:30:00 - INFO  - QR_ORDER|2020-11-02|target|600720.XSHG|2900|2900|held
2020-11-02 09:30:00 - INFO  - QR_ORDER|2020-11-02|target|600449.XSHG|1400|1400|held
2020-11-02 09:30:00 - INFO  - QR_ORDER|2020-11-02|target|300552.XSHE|3000|3000|held
2020-11-02 09:30:00 - INFO  - QR_ORDER|2020-11-02|target|600261.XSHG|600|600|held
2020-11-02 09:30:00 - INFO  - QR_ORDER|2020-11-02|target|603886.XSHG|44900|44900|held
2020-11-02 09:30:00 - INFO  - QR_ORDER|2020-11-02|target|002724.XSHE|109100|109100|held
2020-11-02 09:30:00 - INFO  - QR_ORDER|2020-11-02|target|603277.XSHG|72700|72700|held
2020-11-02 09:30:00 - INFO  - QR_ORDER|2020-11-02|target|000922.XSHE|24400|24400|held
2020-11-02 09:30:00 - INFO  - QR_ORDER|2020-11-02|target|000883.XSHE|202800|202800|held
2020-11-02 09:30:00 - INFO  - QR_ORDER|2020-11-02|target|002124.XSHE|54800|54800|held
2020-11-02 09:30:00 - INFO  - QR_ORDER|2020-11-02|target|000910.XSHE|49700|49700|held
2020-11-02 09:30:00 - INFO  - QR_ORDER|2020-11-02|target|002236.XSHE|35300|35300|held
2020-11-02 09:30:00 - INFO  - QR_ORDER|2020-11-02|target|600668.XSHG|2800|2800|held
2020-11-02 09:30:00 - INFO  - QR_ORDER|2020-11-02|target|002033.XSHE|129900|129900|held
2020-11-02 09:30:00 - INFO  - QR_ORDER|2020-11-02|target|600368.XSHG|228100|228100|held
2020-11-02 09:30:00 - INFO  - QR_ORDER|2020-11-02|target|600023.XSHG|4800|4800|held
2020-11-02 09:30:00 - INFO  - QR_ORDER|2020-11-02|target|000069.XSHE|122700|122700|held
2020-11-02 09:30:00 - INFO  - QR_ORDER|2020-11-02|target|000581.XSHE|31400|31400|held
2020-11-02 09:30:00 - INFO  - QR_ORDER|2020-11-02|target|600067.XSHG|220600|220600|held
2020-11-02 09:30:00 - INFO  - QR_ORDER|2020-11-02|target|000791.XSHE|228100|228100|held
2020-11-02 15:30:00 - INFO  - QR_HOLDINGS|2020-11-02|20|000069.XSHE,000581.XSHE,000791.XSHE,000883.XSHE,000910.XSHE,000922.XSHE,002033.XSHE,002124.XSHE,002236.XSHE,002724.XSHE,300552.XSHE,600023.XSHG,600067.XSHG,600261.XSHG,600368.XSHG,600449.XSHG,600668.XSHG,600720.XSHG,603277.XSHG,603886.XSHG|16151807.755876
2020-12-01 09:30:00 - INFO  - QR_CANDIDATES|2020-12-01|2020-11-30|3712|1758|600720.XSHG,600449.XSHG,600261.XSHG,603886.XSHG,300552.XSHE,000922.XSHE,002236.XSHE,300625.XSHE,000883.XSHE,002033.XSHE,002124.XSHE,000910.XSHE,000069.XSHE,600368.XSHG,002382.XSHE,600067.XSHG,000581.XSHE,603556.XSHG,002312.XSHE,600023.XSHG
2020-12-01 09:30:00 - INFO  - QR_ORDER|2020-12-01|sell|000791.XSHE|228100|228100|held
2020-12-01 09:30:00 - INFO  - QR_ORDER|2020-12-01|sell|002724.XSHE|109100|109100|held
2020-12-01 09:30:00 - INFO  - QR_ORDER|2020-12-01|sell|600668.XSHG|55000|55000|held
2020-12-01 09:30:00 - INFO  - QR_ORDER|2020-12-01|sell|603277.XSHG|72700|72700|held
2020-12-01 09:30:00 - INFO  - QR_ORDER|2020-12-01|target|600720.XSHG|600|600|held
2020-12-01 09:30:00 - INFO  - QR_ORDER|2020-12-01|target|600449.XSHG|1500|1500|held
2020-12-01 09:30:00 - INFO  - QR_ORDER|2020-12-01|target|600261.XSHG|2800|2800|held
2020-12-01 09:30:00 - INFO  - QR_ORDER|2020-12-01|target|603886.XSHG|2800|2800|held
2020-12-01 09:30:00 - INFO  - QR_ORDER|2020-12-01|target|300552.XSHE|300|300|held
2020-12-01 09:30:00 - INFO  - QR_ORDER|2020-12-01|target|000922.XSHE|12900|12900|held
2020-12-01 09:30:00 - INFO  - QR_ORDER|2020-12-01|target|002236.XSHE|5400|5400|held
2020-12-01 09:30:00 - INFO  - QR_ORDER|2020-12-01|target|300625.XSHE|49500|49500|held
2020-12-01 09:30:00 - INFO  - QR_ORDER|2020-12-01|target|000883.XSHE|3900|3900|held
2020-12-01 09:30:00 - INFO  - QR_ORDER|2020-12-01|target|002033.XSHE|2400|2400|held
2020-12-01 09:30:00 - INFO  - QR_ORDER|2020-12-01|target|002124.XSHE|800|800|held
2020-12-01 09:30:00 - INFO  - QR_ORDER|2020-12-01|target|000910.XSHE|3200|3200|held
2020-12-01 09:30:00 - INFO  - QR_ORDER|2020-12-01|target|000069.XSHE|6200|6200|held
2020-12-01 09:30:00 - INFO  - QR_ORDER|2020-12-01|target|600368.XSHG|2200|2200|held
2020-12-01 09:30:00 - INFO  - QR_ORDER|2020-12-01|target|002382.XSHE|42300|42300|held
2020-12-01 09:30:00 - INFO  - QR_ORDER|2020-12-01|target|600067.XSHG|11200|11200|held
2020-12-01 09:30:00 - INFO  - QR_ORDER|2020-12-01|target|000581.XSHE|1500|1500|held
2020-12-01 09:30:00 - INFO  - QR_ORDER|2020-12-01|target|603556.XSHG|56800|56800|held
2020-12-01 09:30:00 - INFO  - QR_ORDER|2020-12-01|target|002312.XSHE|142100|142100|held
2020-12-01 09:30:00 - INFO  - QR_ORDER|2020-12-01|target|600023.XSHG|1700|1700|held
2020-12-01 15:30:00 - INFO  - QR_HOLDINGS|2020-12-01|20|000069.XSHE,000581.XSHE,000883.XSHE,000910.XSHE,000922.XSHE,002033.XSHE,002124.XSHE,002236.XSHE,002312.XSHE,002382.XSHE,300552.XSHE,300625.XSHE,600023.XSHG,600067.XSHG,600261.XSHG,600368.XSHG,600449.XSHG,600720.XSHG,603556.XSHG,603886.XSHG|17170687.498476
2021-01-04 09:30:00 - INFO  - QR_CANDIDATES|2021-01-04|2020-12-31|3737|1772|600720.XSHG,600449.XSHG,603886.XSHG,600261.XSHG,002124.XSHE,002724.XSHE,000883.XSHE,000910.XSHE,300625.XSHE,002100.XSHE,600023.XSHG,000922.XSHE,603556.XSHG,000581.XSHE,000612.XSHE,600067.XSHG,600368.XSHG,300552.XSHE,002381.XSHE,002322.XSHE
2021-01-04 09:30:00 - INFO  - QR_ORDER|2021-01-04|sell|000069.XSHE|116500|116500|held
2021-01-04 09:30:00 - INFO  - QR_ORDER|2021-01-04|sell|002033.XSHE|132300|132300|held
2021-01-04 09:30:00 - INFO  - QR_ORDER|2021-01-04|sell|002236.XSHE|40700|40700|held
2021-01-04 09:30:00 - INFO  - QR_ORDER|2021-01-04|sell|002312.XSHE|142100|142100|held
2021-01-04 09:30:00 - INFO  - QR_ORDER|2021-01-04|sell|002382.XSHE|42300|42300|held
2021-01-04 09:30:00 - INFO  - QR_ORDER|2021-01-04|target|600720.XSHG|4200|4200|held
2021-01-04 09:30:00 - INFO  - QR_ORDER|2021-01-04|target|600449.XSHG|4300|4300|held
2021-01-04 09:30:00 - INFO  - QR_ORDER|2021-01-04|target|603886.XSHG|100|100|held
2021-01-04 09:30:00 - INFO  - QR_ORDER|2021-01-04|target|600261.XSHG|13200|13200|held
2021-01-04 09:30:00 - INFO  - QR_ORDER|2021-01-04|target|002124.XSHE|800|800|held
2021-01-04 09:30:00 - INFO  - QR_ORDER|2021-01-04|target|002724.XSHE|111500|111500|held
2021-01-04 09:30:00 - INFO  - QR_ORDER|2021-01-04|target|000883.XSHE|3400|3400|held
2021-01-04 09:30:00 - INFO  - QR_ORDER|2021-01-04|target|000910.XSHE|6100|6100|held
2021-01-04 09:30:00 - INFO  - QR_ORDER|2021-01-04|target|300625.XSHE|2100|2100|held
2021-01-04 09:30:00 - INFO  - QR_ORDER|2021-01-04|target|002100.XSHE|75400|75400|held
2021-01-04 09:30:00 - INFO  - QR_ORDER|2021-01-04|target|600023.XSHG|1300|1300|held
2021-01-04 09:30:00 - INFO  - QR_ORDER|2021-01-04|target|000922.XSHE|12200|12200|held
2021-01-04 09:30:00 - INFO  - QR_ORDER|2021-01-04|target|603556.XSHG|2400|2400|held
2021-01-04 09:30:00 - INFO  - QR_ORDER|2021-01-04|target|000581.XSHE|2100|2100|held
2021-01-04 09:30:00 - INFO  - QR_ORDER|2021-01-04|target|000612.XSHE|116100|116100|held
2021-01-04 09:30:00 - INFO  - QR_ORDER|2021-01-04|target|600067.XSHG|12100|12100|held
2021-01-04 09:30:00 - INFO  - QR_ORDER|2021-01-04|target|600368.XSHG|6900|6900|held
2021-01-04 09:30:00 - INFO  - QR_ORDER|2021-01-04|target|300552.XSHE|3600|3600|held
2021-01-04 09:30:00 - INFO  - QR_ORDER|2021-01-04|target|002381.XSHE|97800|97800|held
2021-01-04 09:30:00 - INFO  - QR_ORDER|2021-01-04|target|002322.XSHE|72600|72600|held
2021-01-04 15:30:00 - INFO  - QR_HOLDINGS|2021-01-04|20|000581.XSHE,000612.XSHE,000883.XSHE,000910.XSHE,000922.XSHE,002100.XSHE,002124.XSHE,002322.XSHE,002381.XSHE,002724.XSHE,300552.XSHE,300625.XSHE,600023.XSHG,600067.XSHG,600261.XSHG,600368.XSHG,600449.XSHG,600720.XSHG,603556.XSHG,603886.XSHG|16723596.837076
2021-02-01 09:30:00 - INFO  - QR_CANDIDATES|2021-02-01|2021-01-29|3754|1798|600720.XSHG,600449.XSHG,603886.XSHG,002100.XSHE,000910.XSHE,600261.XSHG,002724.XSHE,000883.XSHE,300625.XSHE,002124.XSHE,600273.XSHG,002322.XSHE,603556.XSHG,600368.XSHG,600067.XSHG,600023.XSHG,600028.XSHG,300552.XSHE,002033.XSHE,000069.XSHE
2021-02-01 09:30:00 - INFO  - QR_ORDER|2021-02-01|sell|000581.XSHE|35000|35000|held
2021-02-01 09:30:00 - INFO  - QR_ORDER|2021-02-01|sell|000612.XSHE|116100|116100|held
2021-02-01 09:30:00 - INFO  - QR_ORDER|2021-02-01|sell|000922.XSHE|99600|99600|held
2021-02-01 09:30:00 - INFO  - QR_ORDER|2021-02-01|sell|002381.XSHE|97800|97800|held
2021-02-01 09:30:00 - INFO  - QR_ORDER|2021-02-01|target|600720.XSHG|900|900|held
2021-02-01 09:30:00 - INFO  - QR_ORDER|2021-02-01|target|600449.XSHG|300|300|held
2021-02-01 09:30:00 - INFO  - QR_ORDER|2021-02-01|target|603886.XSHG|100|100|held
2021-02-01 09:30:00 - INFO  - QR_ORDER|2021-02-01|target|002100.XSHE|3000|3000|held
2021-02-01 09:30:00 - INFO  - QR_ORDER|2021-02-01|target|000910.XSHE|2400|2400|held
2021-02-01 09:30:00 - INFO  - QR_ORDER|2021-02-01|target|600261.XSHG|1300|1300|held
2021-02-01 09:30:00 - INFO  - QR_ORDER|2021-02-01|target|002724.XSHE|1600|1600|held
2021-02-01 09:30:00 - INFO  - QR_ORDER|2021-02-01|target|000883.XSHE|8800|8800|held
2021-02-01 09:30:00 - INFO  - QR_ORDER|2021-02-01|target|300625.XSHE|1800|1800|held
2021-02-01 09:30:00 - INFO  - QR_ORDER|2021-02-01|target|002124.XSHE|200|200|held
2021-02-01 09:30:00 - INFO  - QR_ORDER|2021-02-01|target|600273.XSHG|94100|94100|held
2021-02-01 09:30:00 - INFO  - QR_ORDER|2021-02-01|target|002322.XSHE|5100|5100|held
2021-02-01 09:30:00 - INFO  - QR_ORDER|2021-02-01|target|603556.XSHG|1100|1100|held
2021-02-01 09:30:00 - INFO  - QR_ORDER|2021-02-01|target|600368.XSHG|15900|15900|held
2021-02-01 09:30:00 - INFO  - QR_ORDER|2021-02-01|target|600067.XSHG|8500|8500|held
2021-02-01 09:30:00 - INFO  - QR_ORDER|2021-02-01|target|600023.XSHG|5100|5100|held
2021-02-01 09:30:00 - INFO  - QR_ORDER|2021-02-01|target|600028.XSHG|195600|195600|held
2021-02-01 09:30:00 - INFO  - QR_ORDER|2021-02-01|target|300552.XSHE|1600|1600|held
2021-02-01 09:30:00 - INFO  - QR_ORDER|2021-02-01|target|002033.XSHE|125100|125100|held
2021-02-01 09:30:00 - INFO  - QR_ORDER|2021-02-01|target|000069.XSHE|117100|117100|held
2021-02-01 15:30:00 - INFO  - QR_HOLDINGS|2021-02-01|20|000069.XSHE,000883.XSHE,000910.XSHE,002033.XSHE,002100.XSHE,002124.XSHE,002322.XSHE,002724.XSHE,300552.XSHE,300625.XSHE,600023.XSHG,600028.XSHG,600067.XSHG,600261.XSHG,600273.XSHG,600368.XSHG,600449.XSHG,600720.XSHG,603556.XSHG,603886.XSHG|15563427.517276
2021-03-01 09:30:00 - INFO  - QR_CANDIDATES|2021-03-01|2021-02-26|3772|1818|600720.XSHG,600449.XSHG,603886.XSHG,600261.XSHG,000910.XSHE,300552.XSHE,000883.XSHE,002724.XSHE,300625.XSHE,600273.XSHG,002100.XSHE,300462.XSHE,603556.XSHG,002322.XSHE,600368.XSHG,002432.XSHE,300259.XSHE,600067.XSHG,002381.XSHE,600023.XSHG
2021-03-01 09:30:00 - INFO  - QR_ORDER|2021-03-01|sell|000069.XSHE|117100|117100|held
2021-03-01 09:30:00 - INFO  - QR_ORDER|2021-03-01|sell|002033.XSHE|125100|125100|held
2021-03-01 09:30:00 - INFO  - QR_ORDER|2021-03-01|sell|002124.XSHE|54600|54600|held
2021-03-01 09:30:00 - INFO  - QR_ORDER|2021-03-01|sell|600028.XSHG|195600|195600|held
2021-03-01 09:30:00 - INFO  - QR_ORDER|2021-03-01|target|600720.XSHG|4400|4400|held
2021-03-01 09:30:00 - INFO  - QR_ORDER|2021-03-01|target|600449.XSHG|2200|2200|held
2021-03-01 09:30:00 - INFO  - QR_ORDER|2021-03-01|target|603886.XSHG|2400|2400|held
2021-03-01 09:30:00 - INFO  - QR_ORDER|2021-03-01|target|600261.XSHG|6400|6400|held
2021-03-01 09:30:00 - INFO  - QR_ORDER|2021-03-01|target|000910.XSHE|400|400|held
2021-03-01 09:30:00 - INFO  - QR_ORDER|2021-03-01|target|300552.XSHE|5000|5000|held
2021-03-01 09:30:00 - INFO  - QR_ORDER|2021-03-01|target|000883.XSHE|12800|12800|held
2021-03-01 09:30:00 - INFO  - QR_ORDER|2021-03-01|target|002724.XSHE|9100|9100|held
2021-03-01 09:30:00 - INFO  - QR_ORDER|2021-03-01|target|300625.XSHE|1300|1300|held
2021-03-01 09:30:00 - INFO  - QR_ORDER|2021-03-01|target|600273.XSHG|600|600|held
2021-03-01 09:30:00 - INFO  - QR_ORDER|2021-03-01|target|002100.XSHE|5400|5400|held
2021-03-01 09:30:00 - INFO  - QR_ORDER|2021-03-01|target|300462.XSHE|54000|54000|held
2021-03-01 09:30:00 - INFO  - QR_ORDER|2021-03-01|target|603556.XSHG|3600|3600|held
2021-03-01 09:30:00 - INFO  - QR_ORDER|2021-03-01|target|002322.XSHE|100|100|held
2021-03-01 09:30:00 - INFO  - QR_ORDER|2021-03-01|target|600368.XSHG|5200|5200|held
2021-03-01 09:30:00 - INFO  - QR_ORDER|2021-03-01|target|002432.XSHE|104800|104800|held
2021-03-01 09:30:00 - INFO  - QR_ORDER|2021-03-01|target|300259.XSHE|190500|190500|held
2021-03-01 09:30:00 - INFO  - QR_ORDER|2021-03-01|target|600067.XSHG|3000|3000|held
2021-03-01 09:30:00 - INFO  - QR_ORDER|2021-03-01|target|002381.XSHE|88000|88000|held
2021-03-01 09:30:00 - INFO  - QR_ORDER|2021-03-01|target|600023.XSHG|18700|18700|held
2021-03-01 15:30:00 - INFO  - QR_HOLDINGS|2021-03-01|20|000883.XSHE,000910.XSHE,002100.XSHE,002322.XSHE,002381.XSHE,002432.XSHE,002724.XSHE,300259.XSHE,300462.XSHE,300552.XSHE,300625.XSHE,600023.XSHG,600067.XSHG,600261.XSHG,600273.XSHG,600368.XSHG,600449.XSHG,600720.XSHG,603556.XSHG,603886.XSHG|16997728.347676
2021-04-01 09:30:00 - INFO  - QR_CANDIDATES|2021-04-01|2021-03-31|3785|1892|603886.XSHG,600273.XSHG,600261.XSHG,300625.XSHE,002100.XSHE,600023.XSHG,600390.XSHG,002322.XSHE,601000.XSHG,300462.XSHE,603556.XSHG,300552.XSHE,600585.XSHG,601006.XSHG,002724.XSHE,002432.XSHE,300259.XSHE,002382.XSHE,601163.XSHG,000581.XSHE
2021-04-01 09:30:00 - INFO  - QR_ORDER|2021-04-01|sell|000883.XSHE|231700|231700|held
2021-04-01 09:30:00 - INFO  - QR_ORDER|2021-04-01|sell|000910.XSHE|61800|61800|held
2021-04-01 09:30:00 - INFO  - QR_ORDER|2021-04-01|sell|002381.XSHE|88000|88000|held
2021-04-01 09:30:00 - INFO  - QR_ORDER|2021-04-01|sell|600067.XSHG|233000|233000|held
2021-04-01 09:30:00 - INFO  - QR_ORDER|2021-04-01|sell|600368.XSHG|244500|244500|held
2021-04-01 09:30:00 - INFO  - QR_ORDER|2021-04-01|sell|600449.XSHG|58900|58900|held
2021-04-01 09:30:00 - INFO  - QR_ORDER|2021-04-01|sell|600720.XSHG|56800|56800|held
2021-04-01 09:30:00 - INFO  - QR_ORDER|2021-04-01|target|603886.XSHG|1400|1400|held
2021-04-01 09:30:00 - INFO  - QR_ORDER|2021-04-01|target|600273.XSHG|2800|2800|held
2021-04-01 09:30:00 - INFO  - QR_ORDER|2021-04-01|target|600261.XSHG|4500|4500|held
2021-04-01 09:30:00 - INFO  - QR_ORDER|2021-04-01|target|300625.XSHE|6300|6300|held
2021-04-01 09:30:00 - INFO  - QR_ORDER|2021-04-01|target|002100.XSHE|17100|17100|held
2021-04-01 09:30:00 - INFO  - QR_ORDER|2021-04-01|target|600023.XSHG|6500|6500|held
2021-04-01 09:30:00 - INFO  - QR_ORDER|2021-04-01|target|600390.XSHG|139300|139300|held
2021-04-01 09:30:00 - INFO  - QR_ORDER|2021-04-01|target|002322.XSHE|2300|2300|held
2021-04-01 09:30:00 - INFO  - QR_ORDER|2021-04-01|target|601000.XSHG|318700|318700|held
2021-04-01 09:30:00 - INFO  - QR_ORDER|2021-04-01|target|300462.XSHE|8000|8000|held
2021-04-01 09:30:00 - INFO  - QR_ORDER|2021-04-01|target|603556.XSHG|1900|1900|held
2021-04-01 09:30:00 - INFO  - QR_ORDER|2021-04-01|target|300552.XSHE|1300|1300|held
2021-04-01 09:30:00 - INFO  - QR_ORDER|2021-04-01|target|600585.XSHG|17600|17600|held
2021-04-01 09:30:00 - INFO  - QR_ORDER|2021-04-01|target|601006.XSHG|129400|129400|held
2021-04-01 09:30:00 - INFO  - QR_ORDER|2021-04-01|target|002724.XSHE|8600|8600|held
2021-04-01 09:30:00 - INFO  - QR_ORDER|2021-04-01|target|002432.XSHE|5100|5100|held
2021-04-01 09:30:00 - INFO  - QR_ORDER|2021-04-01|target|300259.XSHE|18300|18300|held
2021-04-01 09:30:00 - INFO  - QR_ORDER|2021-04-01|target|002382.XSHE|47100|47100|held
2021-04-01 09:30:00 - INFO  - QR_ORDER|2021-04-01|target|601163.XSHG|54700|54700|held
2021-04-01 09:30:00 - INFO  - QR_ORDER|2021-04-01|target|000581.XSHE|38300|38300|held
2021-04-01 15:30:00 - INFO  - QR_HOLDINGS|2021-04-01|20|000581.XSHE,002100.XSHE,002322.XSHE,002382.XSHE,002432.XSHE,002724.XSHE,300259.XSHE,300462.XSHE,300552.XSHE,300625.XSHE,600023.XSHG,600261.XSHG,600273.XSHG,600390.XSHG,600585.XSHG,601000.XSHG,601006.XSHG,601163.XSHG,603556.XSHG,603886.XSHG|18085128.902976
2021-05-06 09:30:00 - INFO  - QR_CANDIDATES|2021-05-06|2021-04-30|3800|1259|600512.XSHG,002382.XSHE,000848.XSHE,002022.XSHE,601678.XSHG,600750.XSHG,600618.XSHG,600694.XSHG,600075.XSHG,600089.XSHG,600035.XSHG,002154.XSHE,603685.XSHG,600033.XSHG,002664.XSHE,601126.XSHG,603900.XSHG,002406.XSHE,601000.XSHG,002531.XSHE
2021-05-06 09:30:00 - INFO  - QR_ORDER|2021-05-06|sell|000581.XSHE|38300|38300|held
2021-05-06 09:30:00 - INFO  - QR_ORDER|2021-05-06|sell|002100.XSHE|84100|84100|held
2021-05-06 09:30:00 - INFO  - QR_ORDER|2021-05-06|sell|002322.XSHE|80100|80100|held
2021-05-06 09:30:00 - INFO  - QR_ORDER|2021-05-06|sell|002432.XSHE|109900|109900|held
2021-05-06 09:30:00 - INFO  - QR_ORDER|2021-05-06|sell|002724.XSHE|113600|113600|held
2021-05-06 09:30:00 - INFO  - QR_ORDER|2021-05-06|sell|300259.XSHE|208800|208800|held
2021-05-06 09:30:00 - INFO  - QR_ORDER|2021-05-06|sell|300462.XSHE|62000|62000|held
2021-05-06 09:30:00 - INFO  - QR_ORDER|2021-05-06|sell|300552.XSHE|22900|22900|held
2021-05-06 09:30:00 - INFO  - QR_ORDER|2021-05-06|sell|300625.XSHE|61000|61000|held
2021-05-06 09:30:00 - INFO  - QR_ORDER|2021-05-06|sell|600023.XSHG|231800|231800|held
2021-05-06 09:30:00 - INFO  - QR_ORDER|2021-05-06|sell|600261.XSHG|230500|230500|held
2021-05-06 09:30:00 - INFO  - QR_ORDER|2021-05-06|sell|600273.XSHG|90700|90700|held
2021-05-06 09:30:00 - INFO  - QR_ORDER|2021-05-06|sell|600390.XSHG|139300|139300|held
2021-05-06 09:30:00 - INFO  - QR_ORDER|2021-05-06|sell|600585.XSHG|17600|17600|held
2021-05-06 09:30:00 - INFO  - QR_ORDER|2021-05-06|sell|601006.XSHG|129400|129400|held
2021-05-06 09:30:00 - INFO  - QR_ORDER|2021-05-06|sell|601163.XSHG|54700|54700|held
2021-05-06 09:30:00 - INFO  - QR_ORDER|2021-05-06|sell|603556.XSHG|65800|65800|held
2021-05-06 09:30:00 - INFO  - QR_ORDER|2021-05-06|sell|603886.XSHG|51700|51700|held
2021-05-06 09:30:00 - INFO  - QR_ORDER|2021-05-06|target|600512.XSHG|290900|290900|held
2021-05-06 09:30:00 - INFO  - QR_ORDER|2021-05-06|target|002382.XSHE|10300|10300|held
2021-05-06 09:30:00 - INFO  - QR_ORDER|2021-05-06|target|000848.XSHE|131400|131400|held
2021-05-06 09:30:00 - INFO  - QR_ORDER|2021-05-06|target|002022.XSHE|50300|50300|held
2021-05-06 09:30:00 - INFO  - QR_ORDER|2021-05-06|target|601678.XSHG|141700|141700|held
2021-05-06 09:30:00 - INFO  - QR_ORDER|2021-05-06|target|600750.XSHG|80500|80500|held
2021-05-06 09:30:00 - INFO  - QR_ORDER|2021-05-06|target|600618.XSHG|105900|105900|held
2021-05-06 09:30:00 - INFO  - QR_ORDER|2021-05-06|target|600694.XSHG|42200|42200|held
2021-05-06 09:30:00 - INFO  - QR_ORDER|2021-05-06|target|600075.XSHG|120500|120500|held
2021-05-06 09:30:00 - INFO  - QR_ORDER|2021-05-06|target|600089.XSHG|72400|72400|held
2021-05-06 09:30:00 - INFO  - QR_ORDER|2021-05-06|target|600035.XSHG|296800|296800|held
2021-05-06 09:30:00 - INFO  - QR_ORDER|2021-05-06|target|002154.XSHE|214300|214300|held
2021-05-06 09:30:00 - INFO  - QR_ORDER|2021-05-06|target|603685.XSHG|77000|77000|held
2021-05-06 09:30:00 - INFO  - QR_ORDER|2021-05-06|target|600033.XSHG|329900|329900|held
2021-05-06 09:30:00 - INFO  - QR_ORDER|2021-05-06|target|002664.XSHE|65200|65200|held
2021-05-06 09:30:00 - INFO  - QR_ORDER|2021-05-06|target|601126.XSHG|131200|131200|held
2021-05-06 09:30:00 - INFO  - QR_ORDER|2021-05-06|target|603900.XSHG|119900|119900|held
2021-05-06 09:30:00 - INFO  - QR_ORDER|2021-05-06|target|002406.XSHE|141000|141000|held
2021-05-06 09:30:00 - INFO  - QR_ORDER|2021-05-06|target|601000.XSHG|13600|13600|held
2021-05-06 09:30:00 - INFO  - QR_ORDER|2021-05-06|target|002531.XSHE|104400|104400|held
2021-05-06 15:30:00 - INFO  - QR_HOLDINGS|2021-05-06|20|000848.XSHE,002022.XSHE,002154.XSHE,002382.XSHE,002406.XSHE,002531.XSHE,002664.XSHE,600033.XSHG,600035.XSHG,600075.XSHG,600089.XSHG,600512.XSHG,600618.XSHG,600694.XSHG,600750.XSHG,601000.XSHG,601126.XSHG,601678.XSHG,603685.XSHG,603900.XSHG|17976309.196776
2021-06-01 09:30:00 - INFO  - QR_CANDIDATES|2021-06-01|2021-05-31|3820|1260|600512.XSHG,002382.XSHE,300677.XSHE,600075.XSHG,600694.XSHG,600566.XSHG,600089.XSHG,601000.XSHG,002753.XSHE,002406.XSHE,002664.XSHE,600483.XSHG,600035.XSHG,603685.XSHG,601678.XSHG,600033.XSHG,002531.XSHE,601515.XSHG,002128.XSHE,002567.XSHE
2021-06-01 09:30:00 - INFO  - QR_ORDER|2021-06-01|sell|000848.XSHE|131400|131400|held
2021-06-01 09:30:00 - INFO  - QR_ORDER|2021-06-01|sell|002022.XSHE|50300|50300|held
2021-06-01 09:30:00 - INFO  - QR_ORDER|2021-06-01|sell|002154.XSHE|214300|214300|held
2021-06-01 09:30:00 - INFO  - QR_ORDER|2021-06-01|sell|600618.XSHG|105900|105900|held
2021-06-01 09:30:00 - INFO  - QR_ORDER|2021-06-01|sell|600750.XSHG|80500|80500|held
2021-06-01 09:30:00 - INFO  - QR_ORDER|2021-06-01|sell|601126.XSHG|131200|131200|held
2021-06-01 09:30:00 - INFO  - QR_ORDER|2021-06-01|sell|603900.XSHG|119900|119900|held
2021-06-01 09:30:00 - INFO  - QR_ORDER|2021-06-01|target|600512.XSHG|5000|5000|held
2021-06-01 09:30:00 - INFO  - QR_ORDER|2021-06-01|target|002382.XSHE|5900|5900|held
2021-06-01 09:30:00 - INFO  - QR_ORDER|2021-06-01|target|300677.XSHE|6500|6500|held
2021-06-01 09:30:00 - INFO  - QR_ORDER|2021-06-01|target|600075.XSHG|5400|5400|held
2021-06-01 09:30:00 - INFO  - QR_ORDER|2021-06-01|target|600694.XSHG|1000|1000|held
2021-06-01 09:30:00 - INFO  - QR_ORDER|2021-06-01|target|600566.XSHG|50300|50300|held
2021-06-01 09:30:00 - INFO  - QR_ORDER|2021-06-01|target|600089.XSHG|5900|5900|held
2021-06-01 09:30:00 - INFO  - QR_ORDER|2021-06-01|target|601000.XSHG|48500|48500|held
2021-06-01 09:30:00 - INFO  - QR_ORDER|2021-06-01|target|002753.XSHE|108000|108000|held
2021-06-01 09:30:00 - INFO  - QR_ORDER|2021-06-01|target|002406.XSHE|9100|9100|held
2021-06-01 09:30:00 - INFO  - QR_ORDER|2021-06-01|target|002664.XSHE|3300|3300|held
2021-06-01 09:30:00 - INFO  - QR_ORDER|2021-06-01|target|600483.XSHG|92800|92800|held
2021-06-01 09:30:00 - INFO  - QR_ORDER|2021-06-01|target|600035.XSHG|11900|11900|held
2021-06-01 09:30:00 - INFO  - QR_ORDER|2021-06-01|target|603685.XSHG|1000|1000|held
2021-06-01 09:30:00 - INFO  - QR_ORDER|2021-06-01|target|601678.XSHG|4000|4000|held
2021-06-01 09:30:00 - INFO  - QR_ORDER|2021-06-01|target|600033.XSHG|2000|2000|held
2021-06-01 09:30:00 - INFO  - QR_ORDER|2021-06-01|target|002531.XSHE|6200|6200|held
2021-06-01 09:30:00 - INFO  - QR_ORDER|2021-06-01|target|601515.XSHG|146500|146500|held
2021-06-01 09:30:00 - INFO  - QR_ORDER|2021-06-01|target|002128.XSHE|88100|88100|held
2021-06-01 09:30:00 - INFO  - QR_ORDER|2021-06-01|target|002567.XSHE|137800|137800|held
2021-06-01 15:30:00 - INFO  - QR_HOLDINGS|2021-06-01|20|002128.XSHE,002382.XSHE,002406.XSHE,002531.XSHE,002567.XSHE,002664.XSHE,002753.XSHE,300677.XSHE,600033.XSHG,600035.XSHG,600075.XSHG,600089.XSHG,600483.XSHG,600512.XSHG,600566.XSHG,600694.XSHG,601000.XSHG,601515.XSHG,601678.XSHG,603685.XSHG|18723380.950376
2021-07-01 09:30:00 - INFO  - QR_CANDIDATES|2021-07-01|2021-06-30|3844|1248|600512.XSHG,002382.XSHE,300677.XSHE,600075.XSHG,600089.XSHG,600694.XSHG,600566.XSHG,601000.XSHG,002128.XSHE,600033.XSHG,300443.XSHE,002753.XSHE,002531.XSHE,600368.XSHG,603685.XSHG,002567.XSHE,002763.XSHE,600618.XSHG,002406.XSHE,603900.XSHG
2021-07-01 09:30:00 - INFO  - QR_ORDER|2021-07-01|sell|002664.XSHE|68500|68500|held
2021-07-01 09:30:00 - INFO  - QR_ORDER|2021-07-01|sell|600035.XSHG|308700|308700|held
2021-07-01 09:30:00 - INFO  - QR_ORDER|2021-07-01|sell|600483.XSHG|92800|92800|held
2021-07-01 09:30:00 - INFO  - QR_ORDER|2021-07-01|sell|601515.XSHG|146500|146500|held
2021-07-01 09:30:00 - INFO  - QR_ORDER|2021-07-01|sell|601678.XSHG|137700|137700|held
2021-07-01 09:30:00 - INFO  - QR_ORDER|2021-07-01|target|600512.XSHG|13600|13600|held
2021-07-01 09:30:00 - INFO  - QR_ORDER|2021-07-01|target|002382.XSHE|2400|2400|held
2021-07-01 09:30:00 - INFO  - QR_ORDER|2021-07-01|target|300677.XSHE|900|900|held
2021-07-01 09:30:00 - INFO  - QR_ORDER|2021-07-01|target|600075.XSHG|13700|13700|held
2021-07-01 09:30:00 - INFO  - QR_ORDER|2021-07-01|target|600089.XSHG|4700|4700|held
2021-07-01 09:30:00 - INFO  - QR_ORDER|2021-07-01|target|600694.XSHG|2000|2000|held
2021-07-01 09:30:00 - INFO  - QR_ORDER|2021-07-01|target|600566.XSHG|2000|2000|held
2021-07-01 09:30:00 - INFO  - QR_ORDER|2021-07-01|target|601000.XSHG|9700|9700|held
2021-07-01 09:30:00 - INFO  - QR_ORDER|2021-07-01|target|002128.XSHE|2500|2500|held
2021-07-01 09:30:00 - INFO  - QR_ORDER|2021-07-01|target|600033.XSHG|25900|25900|held
2021-07-01 09:30:00 - INFO  - QR_ORDER|2021-07-01|target|300443.XSHE|35600|35600|held
2021-07-01 09:30:00 - INFO  - QR_ORDER|2021-07-01|target|002753.XSHE|4400|4400|held
2021-07-01 09:30:00 - INFO  - QR_ORDER|2021-07-01|target|002531.XSHE|1700|1700|held
2021-07-01 09:30:00 - INFO  - QR_ORDER|2021-07-01|target|600368.XSHG|272000|272000|held
2021-07-01 09:30:00 - INFO  - QR_ORDER|2021-07-01|target|603685.XSHG|800|800|held
2021-07-01 09:30:00 - INFO  - QR_ORDER|2021-07-01|target|002567.XSHE|3700|3700|held
2021-07-01 09:30:00 - INFO  - QR_ORDER|2021-07-01|target|002763.XSHE|99200|99200|held
2021-07-01 09:30:00 - INFO  - QR_ORDER|2021-07-01|target|600618.XSHG|102700|102700|held
2021-07-01 09:30:00 - INFO  - QR_ORDER|2021-07-01|target|002406.XSHE|3000|3000|held
2021-07-01 09:30:00 - INFO  - QR_ORDER|2021-07-01|target|603900.XSHG|129200|129200|held
2021-07-01 15:30:00 - INFO  - QR_HOLDINGS|2021-07-01|20|002128.XSHE,002382.XSHE,002406.XSHE,002531.XSHE,002567.XSHE,002753.XSHE,002763.XSHE,300443.XSHE,300677.XSHE,600033.XSHG,600075.XSHG,600089.XSHG,600368.XSHG,600512.XSHG,600566.XSHG,600618.XSHG,600694.XSHG,601000.XSHG,603685.XSHG,603900.XSHG|18673177.490476
2021-08-02 09:30:00 - INFO  - QR_CANDIDATES|2021-08-02|2021-07-30|3874|1287|600512.XSHG,002382.XSHE,300677.XSHE,002022.XSHE,002606.XSHE,600694.XSHG,002128.XSHE,600012.XSHG,600089.XSHG,002763.XSHE,600035.XSHG,002753.XSHE,601006.XSHG,601678.XSHG,600075.XSHG,603900.XSHG,002406.XSHE,002035.XSHE,603089.XSHG,600707.XSHG
2021-08-02 09:30:00 - INFO  - QR_ORDER|2021-08-02|sell|002531.XSHE|108900|108900|held
2021-08-02 09:30:00 - INFO  - QR_ORDER|2021-08-02|sell|002567.XSHE|141500|141500|held
2021-08-02 09:30:00 - INFO  - QR_ORDER|2021-08-02|sell|300443.XSHE|35600|35600|held
2021-08-02 09:30:00 - INFO  - QR_ORDER|2021-08-02|sell|600033.XSHG|357800|357800|held
2021-08-02 09:30:00 - INFO  - QR_ORDER|2021-08-02|sell|600368.XSHG|272000|272000|held
2021-08-02 09:30:00 - INFO  - QR_ORDER|2021-08-02|sell|600566.XSHG|52300|52300|held
2021-08-02 09:30:00 - INFO  - QR_ORDER|2021-08-02|sell|600618.XSHG|102700|102700|held
2021-08-02 09:30:00 - INFO  - QR_ORDER|2021-08-02|sell|601000.XSHG|390500|390500|held
2021-08-02 09:30:00 - INFO  - QR_ORDER|2021-08-02|sell|603685.XSHG|77200|77200|held
2021-08-02 09:30:00 - INFO  - QR_ORDER|2021-08-02|target|600512.XSHG|9800|9800|held
2021-08-02 09:30:00 - INFO  - QR_ORDER|2021-08-02|target|002382.XSHE|1500|1500|held
2021-08-02 09:30:00 - INFO  - QR_ORDER|2021-08-02|target|300677.XSHE|600|600|held
2021-08-02 09:30:00 - INFO  - QR_ORDER|2021-08-02|target|002022.XSHE|68300|68300|held
2021-08-02 09:30:00 - INFO  - QR_ORDER|2021-08-02|target|002606.XSHE|147800|147800|held
2021-08-02 09:30:00 - INFO  - QR_ORDER|2021-08-02|target|600694.XSHG|6800|6800|held
2021-08-02 09:30:00 - INFO  - QR_ORDER|2021-08-02|target|002128.XSHE|5900|5900|held
2021-08-02 09:30:00 - INFO  - QR_ORDER|2021-08-02|target|600012.XSHG|175100|175100|held
2021-08-02 09:30:00 - INFO  - QR_ORDER|2021-08-02|target|600089.XSHG|9000|9000|held
2021-08-02 09:30:00 - INFO  - QR_ORDER|2021-08-02|target|002763.XSHE|15000|15000|held
2021-08-02 09:30:00 - INFO  - QR_ORDER|2021-08-02|target|600035.XSHG|356600|356600|held
2021-08-02 09:30:00 - INFO  - QR_ORDER|2021-08-02|target|002753.XSHE|800|800|held
2021-08-02 09:30:00 - INFO  - QR_ORDER|2021-08-02|target|601006.XSHG|166100|166100|held
2021-08-02 09:30:00 - INFO  - QR_ORDER|2021-08-02|target|601678.XSHG|121200|121200|held
2021-08-02 09:30:00 - INFO  - QR_ORDER|2021-08-02|target|600075.XSHG|17400|17400|held
2021-08-02 09:30:00 - INFO  - QR_ORDER|2021-08-02|target|603900.XSHG|6700|6700|held
2021-08-02 09:30:00 - INFO  - QR_ORDER|2021-08-02|target|002406.XSHE|16000|16000|held
2021-08-02 09:30:00 - INFO  - QR_ORDER|2021-08-02|target|002035.XSHE|141600|141600|held
2021-08-02 09:30:00 - INFO  - QR_ORDER|2021-08-02|target|603089.XSHG|115700|115700|held
2021-08-02 09:30:00 - INFO  - QR_ORDER|2021-08-02|target|600707.XSHG|117400|117400|held
2021-08-02 15:30:00 - INFO  - QR_HOLDINGS|2021-08-02|20|002022.XSHE,002035.XSHE,002128.XSHE,002382.XSHE,002406.XSHE,002606.XSHE,002753.XSHE,002763.XSHE,300677.XSHE,600012.XSHG,600035.XSHG,600075.XSHG,600089.XSHG,600512.XSHG,600694.XSHG,600707.XSHG,601006.XSHG,601678.XSHG,603089.XSHG,603900.XSHG|19731962.562876
2021-09-01 09:30:00 - INFO  - QR_CANDIDATES|2021-09-01|2021-08-31|3927|1881|600097.XSHG,600707.XSHG,002270.XSHE,000690.XSHE,300677.XSHE,002382.XSHE,002774.XSHE,600720.XSHG,000923.XSHE,600535.XSHG,600449.XSHG,000581.XSHE,002543.XSHE,000612.XSHE,300443.XSHE,000910.XSHE,002467.XSHE,002763.XSHE,601019.XSHG,002233.XSHE
2021-09-01 09:30:00 - INFO  - QR_ORDER|2021-09-01|sell|002022.XSHE|68300|68300|held
2021-09-01 09:30:00 - INFO  - QR_ORDER|2021-09-01|sell|002035.XSHE|141600|141600|held
2021-09-01 09:30:00 - INFO  - QR_ORDER|2021-09-01|sell|002128.XSHE|96500|96500|held
2021-09-01 09:30:00 - INFO  - QR_ORDER|2021-09-01|sell|002406.XSHE|163100|163100|held
2021-09-01 09:30:00 - INFO  - QR_ORDER|2021-09-01|sell|002606.XSHE|147800|147800|held
2021-09-01 09:30:00 - INFO  - QR_ORDER|2021-09-01|sell|002753.XSHE|102800|102800|held
2021-09-01 09:30:00 - INFO  - QR_ORDER|2021-09-01|sell|600012.XSHG|175100|175100|held
2021-09-01 09:30:00 - INFO  - QR_ORDER|2021-09-01|sell|600035.XSHG|356600|356600|held
2021-09-01 09:30:00 - INFO  - QR_ORDER|2021-09-01|sell|600075.XSHG|122200|122200|held
2021-09-01 09:30:00 - INFO  - QR_ORDER|2021-09-01|sell|600089.XSHG|64600|64600|held
2021-09-01 09:30:00 - INFO  - QR_ORDER|2021-09-01|sell|600512.XSHG|319300|319300|held
2021-09-01 09:30:00 - INFO  - QR_ORDER|2021-09-01|sell|600694.XSHG|52000|52000|held
2021-09-01 09:30:00 - INFO  - QR_ORDER|2021-09-01|sell|601006.XSHG|166100|166100|held
2021-09-01 09:30:00 - INFO  - QR_ORDER|2021-09-01|sell|601678.XSHG|121200|121200|held
2021-09-01 09:30:00 - INFO  - QR_ORDER|2021-09-01|sell|603089.XSHG|115700|115700|held
2021-09-01 09:30:00 - INFO  - QR_ORDER|2021-09-01|sell|603900.XSHG|135900|135900|held
2021-09-01 09:30:00 - INFO  - QR_ORDER|2021-09-01|target|600097.XSHG|107200|107200|held
2021-09-01 09:30:00 - INFO  - QR_ORDER|2021-09-01|target|600707.XSHG|15700|15700|held
2021-09-01 09:30:00 - INFO  - QR_ORDER|2021-09-01|target|002270.XSHE|149400|149400|held
2021-09-01 09:30:00 - INFO  - QR_ORDER|2021-09-01|target|000690.XSHE|197600|197600|held
2021-09-01 09:30:00 - INFO  - QR_ORDER|2021-09-01|target|300677.XSHE|2800|2800|held
2021-09-01 09:30:00 - INFO  - QR_ORDER|2021-09-01|target|002382.XSHE|8400|8400|held
2021-09-01 09:30:00 - INFO  - QR_ORDER|2021-09-01|target|002774.XSHE|105700|105700|held
2021-09-01 09:30:00 - INFO  - QR_ORDER|2021-09-01|target|600720.XSHG|105700|105700|held
2021-09-01 09:30:00 - INFO  - QR_ORDER|2021-09-01|target|000923.XSHE|57600|57600|held
2021-09-01 09:30:00 - INFO  - QR_ORDER|2021-09-01|target|600535.XSHG|84300|84300|held
2021-09-01 09:30:00 - INFO  - QR_ORDER|2021-09-01|target|600449.XSHG|96000|96000|held
2021-09-01 09:30:00 - INFO  - QR_ORDER|2021-09-01|target|000581.XSHE|47400|47400|held
2021-09-01 09:30:00 - INFO  - QR_ORDER|2021-09-01|target|002543.XSHE|127400|127400|held
2021-09-01 09:30:00 - INFO  - QR_ORDER|2021-09-01|target|000612.XSHE|113000|113000|held
2021-09-01 09:30:00 - INFO  - QR_ORDER|2021-09-01|target|300443.XSHE|33100|33100|held
2021-09-01 09:30:00 - INFO  - QR_ORDER|2021-09-01|target|000910.XSHE|84700|84700|held
2021-09-01 09:30:00 - INFO  - QR_ORDER|2021-09-01|target|002467.XSHE|276100|276100|held
2021-09-01 09:30:00 - INFO  - QR_ORDER|2021-09-01|target|002763.XSHE|5800|5800|held
2021-09-01 09:30:00 - INFO  - QR_ORDER|2021-09-01|target|601019.XSHG|197200|197200|held
2021-09-01 09:30:00 - INFO  - QR_ORDER|2021-09-01|target|002233.XSHE|106600|106600|held
2021-09-01 15:30:00 - INFO  - QR_HOLDINGS|2021-09-01|20|000581.XSHE,000612.XSHE,000690.XSHE,000910.XSHE,000923.XSHE,002233.XSHE,002270.XSHE,002382.XSHE,002467.XSHE,002543.XSHE,002763.XSHE,002774.XSHE,300443.XSHE,300677.XSHE,600097.XSHG,600449.XSHG,600535.XSHG,600707.XSHG,600720.XSHG,601019.XSHG|22236316.072476
2021-10-08 09:30:00 - INFO  - QR_CANDIDATES|2021-10-08|2021-09-30|3989|1927|300677.XSHE,600097.XSHG,000923.XSHE,600707.XSHG,002270.XSHE,002382.XSHE,600449.XSHG,600720.XSHG,002774.XSHE,000690.XSHE,600535.XSHG,000581.XSHE,002543.XSHE,000949.XSHE,000910.XSHE,000612.XSHE,002109.XSHE,000725.XSHE,002467.XSHE,002110.XSHE
2021-10-08 09:30:00 - INFO  - QR_ORDER|2021-10-08|sell|002233.XSHE|106600|106600|held
2021-10-08 09:30:00 - INFO  - QR_ORDER|2021-10-08|sell|002763.XSHE|120000|120000|held
2021-10-08 09:30:00 - INFO  - QR_ORDER|2021-10-08|sell|300443.XSHE|33100|33100|held
2021-10-08 09:30:00 - INFO  - QR_ORDER|2021-10-08|sell|601019.XSHG|197200|197200|held
2021-10-08 09:30:00 - INFO  - QR_ORDER|2021-10-08|target|300677.XSHE|3400|3400|held
2021-10-08 09:30:00 - INFO  - QR_ORDER|2021-10-08|target|600097.XSHG|9000|9000|held
2021-10-08 09:30:00 - INFO  - QR_ORDER|2021-10-08|target|000923.XSHE|12300|12300|held
2021-10-08 09:30:00 - INFO  - QR_ORDER|2021-10-08|target|600707.XSHG|6500|6500|held
2021-10-08 09:30:00 - INFO  - QR_ORDER|2021-10-08|target|002270.XSHE|4100|4100|held
2021-10-08 09:30:00 - INFO  - QR_ORDER|2021-10-08|target|002382.XSHE|8900|8900|held
2021-10-08 09:30:00 - INFO  - QR_ORDER|2021-10-08|target|600449.XSHG|4200|4200|held
2021-10-08 09:30:00 - INFO  - QR_ORDER|2021-10-08|target|600720.XSHG|1300|1300|held
2021-10-08 09:30:00 - INFO  - QR_ORDER|2021-10-08|target|002774.XSHE|13100|13100|held
2021-10-08 09:30:00 - INFO  - QR_ORDER|2021-10-08|target|000690.XSHE|31600|31600|held
2021-10-08 09:30:00 - INFO  - QR_ORDER|2021-10-08|target|600535.XSHG|600|600|held
2021-10-08 09:30:00 - INFO  - QR_ORDER|2021-10-08|target|000581.XSHE|7300|7300|held
2021-10-08 09:30:00 - INFO  - QR_ORDER|2021-10-08|target|002543.XSHE|10200|10200|held
