2019-01-02 09:30:00 - INFO  - QR_CANDIDATES|2019-01-02|2018-12-28|3453|50|300029.XSHE,002200.XSHE,300489.XSHE,002072.XSHE,300592.XSHE,300069.XSHE,300106.XSHE,300321.XSHE,300354.XSHE,600306.XSHG,300405.XSHE,000929.XSHE,300665.XSHE,300330.XSHE,002633.XSHE,300220.XSHE,002890.XSHE,300417.XSHE,603029.XSHG,002800.XSHE,300557.XSHE,300275.XSHE,600137.XSHG,300551.XSHE,600099.XSHG,300521.XSHE,603286.XSHG,300680.XSHE,300442.XSHE,603088.XSHG,600768.XSHG,600561.XSHG,603090.XSHG,002760.XSHE,603269.XSHG,002420.XSHE,300093.XSHE,600213.XSHG,300218.XSHE,002209.XSHE,603031.XSHG,002569.XSHE,002112.XSHE,300535.XSHE,000004.XSHE,600095.XSHG,300254.XSHE,603991.XSHG,002205.XSHE,000835.XSHE
2019-01-02 09:30:00 - INFO  - QR_ORDER|2019-01-02|target|300029.XSHE|215000|215000|held
2019-01-02 09:30:00 - INFO  - QR_ORDER|2019-01-02|target|002200.XSHE|178200|178200|held
2019-01-02 09:30:00 - INFO  - QR_ORDER|2019-01-02|target|300489.XSHE|85600|85600|held
2019-01-02 09:30:00 - INFO  - QR_ORDER|2019-01-02|target|002072.XSHE|160200|160200|held
2019-01-02 09:30:00 - INFO  - QR_ORDER|2019-01-02|target|300592.XSHE|110100|110100|held
2019-01-02 09:30:00 - INFO  - QR_ORDER|2019-01-02|target|300069.XSHE|103700|103700|held
2019-01-02 09:30:00 - INFO  - QR_ORDER|2019-01-02|target|300106.XSHE|189300|189300|held
2019-01-02 09:30:00 - INFO  - QR_ORDER|2019-01-02|target|300321.XSHE|79600|79600|held
2019-01-02 09:30:00 - INFO  - QR_ORDER|2019-01-02|target|300354.XSHE|122600|122600|held
2019-01-02 09:30:00 - INFO  - QR_ORDER|2019-01-02|target|600306.XSHG|155700|155700|held
2019-01-02 15:30:00 - INFO  - QR_HOLDINGS|2019-01-02|10|002072.XSHE,002200.XSHE,300029.XSHE,300069.XSHE,300106.XSHE,300321.XSHE,300354.XSHE,300489.XSHE,300592.XSHE,600306.XSHG|9988993.095600
2019-02-01 09:30:00 - INFO  - QR_CANDIDATES|2019-02-01|2019-01-31|3474|50|300029.XSHE,002072.XSHE,002200.XSHE,600306.XSHG,300489.XSHE,300592.XSHE,300405.XSHE,300321.XSHE,002633.XSHE,300330.XSHE,300106.XSHE,300216.XSHE,002890.XSHE,000929.XSHE,603286.XSHG,300093.XSHE,300665.XSHE,300680.XSHE,300354.XSHE,300417.XSHE,300220.XSHE,300069.XSHE,300442.XSHE,002800.XSHE,603029.XSHG,300275.XSHE,002499.XSHE,603269.XSHG,300521.XSHE,300535.XSHE,000835.XSHE,600137.XSHG,002760.XSHE,603031.XSHG,002420.XSHE,002209.XSHE,600385.XSHG,600099.XSHG,300557.XSHE,603090.XSHG,002112.XSHE,300167.XSHE,000691.XSHE,300551.XSHE,000502.XSHE,603729.XSHG,600561.XSHG,002729.XSHE,300152.XSHE,603991.XSHG
2019-02-01 09:30:00 - INFO  - QR_ORDER|2019-02-01|sell|300069.XSHE|103700|103700|held
2019-02-01 09:30:00 - INFO  - QR_ORDER|2019-02-01|sell|300106.XSHE|189300|189300|held
2019-02-01 09:30:00 - INFO  - QR_ORDER|2019-02-01|sell|300354.XSHE|122600|122600|held
2019-02-01 09:30:00 - INFO  - QR_ORDER|2019-02-01|target|300029.XSHE|4200|4200|held
2019-02-01 09:30:00 - INFO  - QR_ORDER|2019-02-01|target|002072.XSHE|32400|32400|held
2019-02-01 09:30:00 - INFO  - QR_ORDER|2019-02-01|target|002200.XSHE|900|900|held
2019-02-01 09:30:00 - INFO  - QR_ORDER|2019-02-01|target|600306.XSHG|11400|11400|held
2019-02-01 09:30:00 - INFO  - QR_ORDER|2019-02-01|target|300489.XSHE|2700|2700|held
2019-02-01 09:30:00 - INFO  - QR_ORDER|2019-02-01|target|300592.XSHE|1500|1500|held
2019-02-01 09:30:00 - INFO  - QR_ORDER|2019-02-01|target|300405.XSHE|134400|134400|held
2019-02-01 09:30:00 - INFO  - QR_ORDER|2019-02-01|target|300321.XSHE|2800|2800|held
2019-02-01 09:30:00 - INFO  - QR_ORDER|2019-02-01|target|002633.XSHE|128400|128400|held
2019-02-01 09:30:00 - INFO  - QR_ORDER|2019-02-01|target|300330.XSHE|145100|145100|held
2019-02-01 15:30:00 - INFO  - QR_HOLDINGS|2019-02-01|10|002072.XSHE,002200.XSHE,002633.XSHE,300029.XSHE,300321.XSHE,300330.XSHE,300405.XSHE,300489.XSHE,300592.XSHE,600306.XSHG|9628700.727300
2019-03-01 09:30:00 - INFO  - QR_CANDIDATES|2019-03-01|2019-02-28|3487|50|300029.XSHE,002072.XSHE,002200.XSHE,300489.XSHE,300592.XSHE,600306.XSHG,300405.XSHE,300321.XSHE,300106.XSHE,300330.XSHE,002633.XSHE,603286.XSHG,000929.XSHE,300680.XSHE,002890.XSHE,300665.XSHE,300417.XSHE,300354.XSHE,603029.XSHG,300535.XSHE,300551.XSHE,002800.XSHE,603031.XSHG,600137.XSHG,002760.XSHE,603269.XSHG,300442.XSHE,600099.XSHG,300093.XSHE,300557.XSHE,603090.XSHG,300275.XSHE,300573.XSHE,600561.XSHG,002209.XSHE,600385.XSHG,002420.XSHE,000502.XSHE,603088.XSHG,600455.XSHG,600768.XSHG,000835.XSHE,000691.XSHE,603991.XSHG,300220.XSHE,002729.XSHE,002499.XSHE,603536.XSHG,603879.XSHG,603041.XSHG
2019-03-01 09:30:00 - INFO  - QR_ORDER|2019-03-01|sell|002633.XSHE|128400|128400|held
2019-03-01 09:30:00 - INFO  - QR_ORDER|2019-03-01|target|300029.XSHE|3700|3700|held
2019-03-01 09:30:00 - INFO  - QR_ORDER|2019-03-01|target|002072.XSHE|17400|17400|held
2019-03-01 09:30:00 - INFO  - QR_ORDER|2019-03-01|target|002200.XSHE|5300|5300|held
2019-03-01 09:30:00 - INFO  - QR_ORDER|2019-03-01|target|300489.XSHE|2700|2700|held
2019-03-01 09:30:00 - INFO  - QR_ORDER|2019-03-01|target|300592.XSHE|1600|1600|held
2019-03-01 09:30:00 - INFO  - QR_ORDER|2019-03-01|target|600306.XSHG|6600|6600|held
2019-03-01 09:30:00 - INFO  - QR_ORDER|2019-03-01|target|300405.XSHE|2500|2500|held
2019-03-01 09:30:00 - INFO  - QR_ORDER|2019-03-01|target|300321.XSHE|1700|1700|held
2019-03-01 09:30:00 - INFO  - QR_ORDER|2019-03-01|target|300106.XSHE|187000|187000|held
2019-03-01 09:30:00 - INFO  - QR_ORDER|2019-03-01|target|300330.XSHE|2000|2000|held
2019-03-01 15:30:00 - INFO  - QR_HOLDINGS|2019-03-01|10|002072.XSHE,002200.XSHE,300029.XSHE,300106.XSHE,300321.XSHE,300330.XSHE,300405.XSHE,300489.XSHE,300592.XSHE,600306.XSHG|11480343.682700
2019-04-01 09:30:00 - INFO  - QR_CANDIDATES|2019-04-01|2019-03-29|3495|50|002072.XSHE,300029.XSHE,002200.XSHE,600306.XSHG,300405.XSHE,300592.XSHE,300489.XSHE,300665.XSHE,300106.XSHE,300680.XSHE,000611.XSHE,300321.XSHE,300069.XSHE,600385.XSHG,603286.XSHG,002890.XSHE,300417.XSHE,000929.XSHE,600768.XSHG,300442.XSHE,300216.XSHE,603029.XSHG,300354.XSHE,002800.XSHE,603269.XSHG,603031.XSHG,300275.XSHE,600099.XSHG,300535.XSHE,002569.XSHE,300573.XSHE,603088.XSHG,300330.XSHE,600561.XSHG,002633.XSHE,300093.XSHE,002420.XSHE,002209.XSHE,002473.XSHE,300626.XSHE,300557.XSHE,300551.XSHE,002715.XSHE,002760.XSHE,002112.XSHE,000691.XSHE,300460.XSHE,603041.XSHG,600213.XSHG,000835.XSHE
2019-04-01 09:30:00 - INFO  - QR_ORDER|2019-04-01|sell|300321.XSHE|78500|78500|held
2019-04-01 09:30:00 - INFO  - QR_ORDER|2019-04-01|sell|300330.XSHE|147100|147100|held
2019-04-01 09:30:00 - INFO  - QR_ORDER|2019-04-01|target|002072.XSHE|31500|31500|held
2019-04-01 09:30:00 - INFO  - QR_ORDER|2019-04-01|target|300029.XSHE|3500|3500|held
2019-04-01 09:30:00 - INFO  - QR_ORDER|2019-04-01|target|002200.XSHE|600|600|held
2019-04-01 09:30:00 - INFO  - QR_ORDER|2019-04-01|target|600306.XSHG|5500|5500|held
2019-04-01 09:30:00 - INFO  - QR_ORDER|2019-04-01|target|300405.XSHE|1000|1000|held
2019-04-01 09:30:00 - INFO  - QR_ORDER|2019-04-01|target|300592.XSHE|3200|3200|held
2019-04-01 09:30:00 - INFO  - QR_ORDER|2019-04-01|target|300489.XSHE|4100|4100|held
2019-04-01 09:30:00 - INFO  - QR_ORDER|2019-04-01|target|300665.XSHE|109400|109400|held
2019-04-01 09:30:00 - INFO  - QR_ORDER|2019-04-01|target|300106.XSHE|1700|1700|held
2019-04-01 09:30:00 - INFO  - QR_ORDER|2019-04-01|target|300680.XSHE|65800|65800|held
2019-04-01 15:30:00 - INFO  - QR_HOLDINGS|2019-04-01|10|002072.XSHE,002200.XSHE,300029.XSHE,300106.XSHE,300405.XSHE,300489.XSHE,300592.XSHE,300665.XSHE,300680.XSHE,600306.XSHG|12971828.704200
2019-05-06 09:30:00 - INFO  - QR_CANDIDATES|2019-05-06|2019-04-30|3506|50|300029.XSHE,300592.XSHE,600306.XSHG,300665.XSHE,002890.XSHE,603286.XSHG,300354.XSHE,300321.XSHE,300442.XSHE,603029.XSHG,603269.XSHG,603031.XSHG,300535.XSHE,300093.XSHE,600768.XSHG,300330.XSHE,002633.XSHE,000691.XSHE,002473.XSHE,300460.XSHE,300106.XSHE,002209.XSHE,600137.XSHG,300680.XSHE,300626.XSHE,300736.XSHE,300557.XSHE,300585.XSHE,002800.XSHE,000929.XSHE,300521.XSHE,300636.XSHE,603090.XSHG,603991.XSHG,600605.XSHG,000502.XSHE,300218.XSHE,002760.XSHE,603536.XSHG,000835.XSHE,300489.XSHE,603330.XSHG,603041.XSHG,600319.XSHG,300275.XSHE,300606.XSHE,603088.XSHG,000679.XSHE,002857.XSHE,600561.XSHG
2019-05-06 09:30:00 - INFO  - QR_ORDER|2019-05-06|sell|002072.XSHE|206700|0|canceled
2019-05-06 09:30:00 - INFO  - QR_ORDER|2019-05-06|sell|002200.XSHE|183200|183200|held
2019-05-06 09:30:00 - INFO  - QR_ORDER|2019-05-06|sell|300106.XSHE|188700|188700|held
2019-05-06 09:30:00 - INFO  - QR_ORDER|2019-05-06|sell|300405.XSHE|137900|137900|held
2019-05-06 09:30:00 - INFO  - QR_ORDER|2019-05-06|sell|300489.XSHE|81500|81500|held
2019-05-06 09:30:00 - INFO  - QR_ORDER|2019-05-06|sell|300680.XSHE|65800|65800|held
2019-05-06 09:30:00 - INFO  - QR_ORDER|2019-05-06|target|300029.XSHE|29100|29100|held
2019-05-06 09:30:00 - INFO  - QR_ORDER|2019-05-06|target|300592.XSHE|20100|20100|held
2019-05-06 09:30:00 - INFO  - QR_ORDER|2019-05-06|target|600306.XSHG|18900|18900|held
2019-05-06 09:30:00 - INFO  - QR_ORDER|2019-05-06|target|300665.XSHE|16600|16600|held
2019-05-06 09:30:00 - INFO  - QR_ORDER|2019-05-06|target|002890.XSHE|67600|67600|held
2019-05-06 09:30:00 - INFO  - QR_ORDER|2019-05-06|target|603286.XSHG|87600|87600|held
2019-05-06 09:30:00 - INFO  - QR_ORDER|2019-05-06|target|300354.XSHE|136600|136600|held
2019-05-06 09:30:00 - INFO  - QR_ORDER|2019-05-06|target|300321.XSHE|86200|86200|held
2019-05-06 09:30:00 - INFO  - QR_ORDER|2019-05-06|target|300442.XSHE|95200|95200|held
2019-05-06 09:30:00 - INFO  - QR_ORDER|2019-05-06|target|603029.XSHG|18700|18700|held
2019-05-06 15:30:00 - INFO  - QR_HOLDINGS|2019-05-06|11|002072.XSHE,002890.XSHE,300029.XSHE,300321.XSHE,300354.XSHE,300442.XSHE,300592.XSHE,300665.XSHE,600306.XSHG,603029.XSHG,603286.XSHG|12254797.439400
2019-06-03 09:30:00 - INFO  - QR_CANDIDATES|2019-06-03|2019-05-31|3513|50|000691.XSHE,300665.XSHE,002473.XSHE,300029.XSHE,603269.XSHG,603029.XSHG,002890.XSHE,603286.XSHG,300321.XSHE,002209.XSHE,600306.XSHG,600137.XSHG,000679.XSHE,300680.XSHE,300442.XSHE,000835.XSHE,300489.XSHE,002800.XSHE,002633.XSHE,300535.XSHE,603031.XSHG,300521.XSHE,000502.XSHE,600768.XSHG,603991.XSHG,300736.XSHE,300093.XSHE,300721.XSHE,300585.XSHE,000929.XSHE,600605.XSHG,300557.XSHE,603090.XSHG,300460.XSHE,300354.XSHE,600561.XSHG,603729.XSHG,603880.XSHG,300517.XSHE,300218.XSHE,300650.XSHE,300636.XSHE,600319.XSHG,000609.XSHE,600671.XSHG,002760.XSHE,300167.XSHE,300554.XSHE,603725.XSHG,300606.XSHE
2019-06-03 09:30:00 - INFO  - QR_ORDER|2019-06-03|sell|002072.XSHE|206700|206700|held
2019-06-03 09:30:00 - INFO  - QR_ORDER|2019-06-03|sell|300354.XSHE|136600|136600|held
2019-06-03 09:30:00 - INFO  - QR_ORDER|2019-06-03|sell|300442.XSHE|95200|95200|held
2019-06-03 09:30:00 - ERROR - 下单失败，证券(300592.XSHE)今日停牌: StockOrder: _status=new, _security=Security(code=300592.XSHE), _amount=130100, _filled_amount=0, _locked_cash=0, _mode=OrderTargetAmount: _amount=0, _side=long, _style=MarketOrderStyle: _limit_price=0.0, _action=close, _commission=0, _avg_cost=0, _hold_cost=0, _order_cost=0, _margin=False, _order_id=1785141940, _comment=, _entrust_time=2019-06-03 09:30:00, _cancel_time=None, _finish_time=None
2019-06-03 09:30:00 - INFO  - QR_ORDER|2019-06-03|sell|300592.XSHE|none
2019-06-03 09:30:00 - INFO  - QR_ORDER|2019-06-03|sell|600306.XSHG|184900|184900|held
2019-06-03 09:30:00 - INFO  - QR_ORDER|2019-06-03|target|000691.XSHE|346500|346500|held
2019-06-03 09:30:00 - INFO  - QR_ORDER|2019-06-03|target|300665.XSHE|4800|4800|held
2019-06-03 09:30:00 - INFO  - QR_ORDER|2019-06-03|target|002473.XSHE|169500|169500|held
2019-06-03 09:30:00 - INFO  - QR_ORDER|2019-06-03|target|300029.XSHE|21300|21300|held
2019-06-03 09:30:00 - INFO  - QR_ORDER|2019-06-03|target|603269.XSHG|96600|96600|held
2019-06-03 09:30:00 - INFO  - QR_ORDER|2019-06-03|target|603029.XSHG|79300|79300|held
2019-06-03 09:30:00 - INFO  - QR_ORDER|2019-06-03|target|002890.XSHE|2200|2200|held
2019-06-03 09:30:00 - INFO  - QR_ORDER|2019-06-03|target|603286.XSHG|700|700|held
2019-06-03 09:30:00 - ERROR - 订单委托失败：StockOrder(entrust_id=1785141950 security=300321.XSHE mode=OrderTargetValue: _value=1417214.8063100001 style=MarketOrderStyle: _limit_price=0.0 side=long action=open margin=False entrust_time=2019-06-03 09:30:00 cancel_time=None finish_time=None comment= error=因为资金有限，下单数量调整为 70
开仓数量不能小于 100)
2019-06-03 09:30:00 - INFO  - QR_ORDER|2019-06-03|target|300321.XSHE|none
2019-06-03 09:30:00 - INFO  - QR_ORDER|2019-06-03|target|002209.XSHE|100|100|held
2019-06-03 15:30:00 - INFO  - QR_HOLDINGS|2019-06-03|11|000691.XSHE,002209.XSHE,002473.XSHE,002890.XSHE,300029.XSHE,300321.XSHE,300592.XSHE,300665.XSHE,603029.XSHG,603269.XSHG,603286.XSHG|13826965.319000
2019-07-01 09:30:00 - INFO  - QR_CANDIDATES|2019-07-01|2019-06-28|3520|50|000691.XSHE,002473.XSHE,300592.XSHE,300029.XSHE,300321.XSHE,002890.XSHE,300665.XSHE,603286.XSHG,603269.XSHG,603029.XSHG,002209.XSHE,000679.XSHE,600137.XSHG,000502.XSHE,002633.XSHE,300442.XSHE,300521.XSHE,603991.XSHG,600768.XSHG,002112.XSHE,000835.XSHE,300535.XSHE,000929.XSHE,600671.XSHG,300721.XSHE,603090.XSHG,300626.XSHE,603031.XSHG,300680.XSHE,002800.XSHE,603729.XSHG,300557.XSHE,600561.XSHG,002213.XSHE,600319.XSHG,002715.XSHE,300489.XSHE,603725.XSHG,300354.XSHE,300650.XSHE,300218.XSHE,300717.XSHE,600605.XSHG,300093.XSHE,000609.XSHE,300554.XSHE,300106.XSHE,603330.XSHG,603879.XSHG,002760.XSHE
2019-07-01 09:30:00 - INFO  - QR_ORDER|2019-07-01|sell|002209.XSHE|100|100|held
2019-07-01 09:30:00 - INFO  - QR_ORDER|2019-07-01|target|000691.XSHE|3100|3100|held
2019-07-01 09:30:00 - INFO  - QR_ORDER|2019-07-01|target|002473.XSHE|1100|1100|held
2019-07-01 09:30:00 - INFO  - QR_ORDER|2019-07-01|target|300592.XSHE|600|600|held
2019-07-01 09:30:00 - INFO  - QR_ORDER|2019-07-01|target|300029.XSHE|9100|9100|held
2019-07-01 09:30:00 - INFO  - QR_ORDER|2019-07-01|target|300321.XSHE|4500|4500|held
2019-07-01 09:30:00 - ERROR - 订单委托失败：StockOrder(entrust_id=1785141958 security=002890.XSHE mode=OrderTargetValue: _value=1440615.1239 style=MarketOrderStyle: _limit_price=0.0 side=long action=close margin=False entrust_time=2019-07-01 09:30:00 cancel_time=None finish_time=None comment= error=平仓数量不能小于 100)
2019-07-01 09:30:00 - INFO  - QR_ORDER|2019-07-01|target|002890.XSHE|none
2019-07-01 09:30:00 - INFO  - QR_ORDER|2019-07-01|target|300665.XSHE|4500|4500|held
2019-07-01 09:30:00 - INFO  - QR_ORDER|2019-07-01|target|603286.XSHG|2700|2700|held
2019-07-01 09:30:00 - INFO  - QR_ORDER|2019-07-01|target|603269.XSHG|1700|1700|held
2019-07-01 09:30:00 - INFO  - QR_ORDER|2019-07-01|target|603029.XSHG|1300|1300|held
2019-07-01 15:30:00 - INFO  - QR_HOLDINGS|2019-07-01|10|000691.XSHE,002473.XSHE,002890.XSHE,300029.XSHE,300321.XSHE,300592.XSHE,300665.XSHE,603029.XSHG,603269.XSHG,603286.XSHG|14603285.599600
2019-08-01 09:30:00 - INFO  - QR_CANDIDATES|2019-08-01|2019-07-31|3527|50|600306.XSHG,002473.XSHE,300665.XSHE,300592.XSHE,000691.XSHE,300029.XSHE,002890.XSHE,002209.XSHE,300321.XSHE,002633.XSHE,000835.XSHE,603029.XSHG,603286.XSHG,000679.XSHE,000929.XSHE,603269.XSHG,002112.XSHE,000502.XSHE,300442.XSHE,603729.XSHG,300362.XSHE,600768.XSHG,603991.XSHG,000609.XSHE,300680.XSHE,603090.XSHG,600137.XSHG,002715.XSHE,300521.XSHE,600561.XSHG,300626.XSHE,300489.XSHE,300535.XSHE,000638.XSHE,002800.XSHE,300460.XSHE,300736.XSHE,603330.XSHG,603088.XSHG,000004.XSHE,603879.XSHG,000692.XSHE,600778.XSHG,300557.XSHE,600099.XSHG,002213.XSHE,002760.XSHE,603041.XSHG,002778.XSHE,300606.XSHE
2019-08-01 09:30:00 - INFO  - QR_ORDER|2019-08-01|sell|603029.XSHG|96700|96700|held
2019-08-01 09:30:00 - INFO  - QR_ORDER|2019-08-01|sell|603269.XSHG|94900|94900|held
2019-08-01 09:30:00 - INFO  - QR_ORDER|2019-08-01|sell|603286.XSHG|91000|91000|held
2019-08-01 09:30:00 - INFO  - QR_ORDER|2019-08-01|target|600306.XSHG|220000|220000|held
2019-08-01 09:30:00 - INFO  - QR_ORDER|2019-08-01|target|002473.XSHE|6000|6000|held
2019-08-01 09:30:00 - INFO  - QR_ORDER|2019-08-01|target|300665.XSHE|5600|5600|held
2019-08-01 09:30:00 - INFO  - QR_ORDER|2019-08-01|target|300592.XSHE|2100|2100|held
2019-08-01 09:30:00 - INFO  - QR_ORDER|2019-08-01|target|000691.XSHE|2900|2900|held
2019-08-01 09:30:00 - INFO  - QR_ORDER|2019-08-01|target|300029.XSHE|2900|2900|held
2019-08-01 09:30:00 - INFO  - QR_ORDER|2019-08-01|target|002890.XSHE|1600|1600|held
2019-08-01 09:30:00 - INFO  - QR_ORDER|2019-08-01|target|002209.XSHE|204200|204200|held
2019-08-01 09:30:00 - INFO  - QR_ORDER|2019-08-01|target|300321.XSHE|1600|1600|held
2019-08-01 09:30:00 - INFO  - QR_ORDER|2019-08-01|target|002633.XSHE|154400|154400|held
2019-08-01 15:30:00 - INFO  - QR_HOLDINGS|2019-08-01|10|000691.XSHE,002209.XSHE,002473.XSHE,002633.XSHE,002890.XSHE,300029.XSHE,300321.XSHE,300592.XSHE,300665.XSHE,600306.XSHG|13842463.149400
2019-09-02 09:30:00 - INFO  - QR_CANDIDATES|2019-09-02|2019-08-30|3530|50|600306.XSHG,000691.XSHE,300665.XSHE,002633.XSHE,002209.XSHE,300029.XSHE,603269.XSHG,002890.XSHE,300321.XSHE,002473.XSHE,000679.XSHE,000502.XSHE,603029.XSHG,603286.XSHG,300592.XSHE,000835.XSHE,000929.XSHE,603729.XSHG,002112.XSHE,300442.XSHE,603088.XSHG,000609.XSHE,300626.XSHE,300535.XSHE,002715.XSHE,600561.XSHG,300680.XSHE,603991.XSHG,603879.XSHG,300736.XSHE,603330.XSHG,300022.XSHE,002921.XSHE,300721.XSHE,603725.XSHG,300521.XSHE,600768.XSHG,002778.XSHE,002760.XSHE,300362.XSHE,300517.XSHE,300106.XSHE,600099.XSHG,000638.XSHE,300557.XSHE,300606.XSHE,002667.XSHE,600137.XSHG,000692.XSHE,600778.XSHG
2019-09-02 09:30:00 - INFO  - QR_ORDER|2019-09-02|sell|300592.XSHE|131600|131600|held
2019-09-02 09:30:00 - INFO  - QR_ORDER|2019-09-02|target|600306.XSHG|10100|10100|held
2019-09-02 09:30:00 - INFO  - QR_ORDER|2019-09-02|target|000691.XSHE|2700|2700|held
2019-09-02 09:30:00 - INFO  - QR_ORDER|2019-09-02|target|300665.XSHE|300|300|held
2019-09-02 09:30:00 - INFO  - QR_ORDER|2019-09-02|target|002633.XSHE|9300|9300|held
2019-09-02 09:30:00 - INFO  - QR_ORDER|2019-09-02|target|002209.XSHE|5300|5300|held
2019-09-02 09:30:00 - INFO  - QR_ORDER|2019-09-02|target|300029.XSHE|2700|2700|held
2019-09-02 09:30:00 - INFO  - QR_ORDER|2019-09-02|target|603269.XSHG|89200|89200|held
2019-09-02 09:30:00 - INFO  - QR_ORDER|2019-09-02|target|002890.XSHE|800|800|held
2019-09-02 09:30:00 - INFO  - QR_ORDER|2019-09-02|target|300321.XSHE|100|100|held
2019-09-02 09:30:00 - INFO  - QR_ORDER|2019-09-02|target|002473.XSHE|10900|10900|held
2019-09-02 15:30:00 - INFO  - QR_HOLDINGS|2019-09-02|10|000691.XSHE,002209.XSHE,002473.XSHE,002633.XSHE,002890.XSHE,300029.XSHE,300321.XSHE,300665.XSHE,600306.XSHG,603269.XSHG|13613329.162100
2019-10-08 09:30:00 - INFO  - QR_CANDIDATES|2019-10-08|2019-09-30|3540|50|600306.XSHG,300029.XSHE,300665.XSHE,000502.XSHE,000691.XSHE,000835.XSHE,603269.XSHG,002633.XSHE,000679.XSHE,300592.XSHE,002209.XSHE,603286.XSHG,002890.XSHE,000929.XSHE,300321.XSHE,300362.XSHE,002112.XSHE,000609.XSHE,603029.XSHG,603729.XSHG,300022.XSHE,002473.XSHE,002715.XSHE,603991.XSHG,600561.XSHG,600137.XSHG,300626.XSHE,300736.XSHE,600768.XSHG,300535.XSHE,300680.XSHE,603088.XSHG,002921.XSHE,300106.XSHE,000638.XSHE,600099.XSHG,300721.XSHE,603330.XSHG,002778.XSHE,300089.XSHE,600319.XSHG,002760.XSHE,600796.XSHG,300431.XSHE,000692.XSHE,600241.XSHG,300557.XSHE,600778.XSHG,300069.XSHE,600883.XSHG
2019-10-08 09:30:00 - INFO  - QR_ORDER|2019-10-08|sell|002209.XSHE|209500|209500|held
2019-10-08 09:30:00 - INFO  - QR_ORDER|2019-10-08|sell|002473.XSHE|165700|165700|held
2019-10-08 09:30:00 - INFO  - QR_ORDER|2019-10-08|sell|002890.XSHE|70600|70600|held
2019-10-08 09:30:00 - INFO  - QR_ORDER|2019-10-08|sell|300321.XSHE|92400|92400|held
2019-10-08 09:30:00 - INFO  - QR_ORDER|2019-10-08|target|600306.XSHG|12800|12800|held
2019-10-08 09:30:00 - INFO  - QR_ORDER|2019-10-08|target|300029.XSHE|11500|11500|held
2019-10-08 09:30:00 - INFO  - QR_ORDER|2019-10-08|target|300665.XSHE|3000|3000|held
2019-10-08 09:30:00 - INFO  - QR_ORDER|2019-10-08|target|000502.XSHE|205700|205700|held
2019-10-08 09:30:00 - INFO  - QR_ORDER|2019-10-08|target|000691.XSHE|12100|12100|held
2019-10-08 09:30:00 - INFO  - QR_ORDER|2019-10-08|target|000835.XSHE|354100|354100|held
2019-10-08 09:30:00 - INFO  - QR_ORDER|2019-10-08|target|603269.XSHG|7400|7400|held
2019-10-08 09:30:00 - INFO  - QR_ORDER|2019-10-08|target|002633.XSHE|4900|4900|held
2019-10-08 09:30:00 - INFO  - QR_ORDER|2019-10-08|target|000679.XSHE|375400|375400|held
2019-10-08 09:30:00 - INFO  - QR_ORDER|2019-10-08|target|300592.XSHE|130200|130200|held
2019-10-08 15:30:00 - INFO  - QR_HOLDINGS|2019-10-08|10|000502.XSHE,000679.XSHE,000691.XSHE,000835.XSHE,002633.XSHE,300029.XSHE,300592.XSHE,300665.XSHE,600306.XSHG,603269.XSHG|13706981.550900
2019-11-01 09:30:00 - INFO  - QR_CANDIDATES|2019-11-01|2019-10-31|3547|50|600306.XSHG,000691.XSHE,002633.XSHE,000835.XSHE,300665.XSHE,002209.XSHE,603991.XSHG,300029.XSHE,603269.XSHG,000929.XSHE,002473.XSHE,603729.XSHG,603286.XSHG,300362.XSHE,000609.XSHE,603029.XSHG,000679.XSHE,300592.XSHE,002112.XSHE,600137.XSHG,002890.XSHE,000502.XSHE,300626.XSHE,600768.XSHG,300022.XSHE,002715.XSHE,600561.XSHG,603088.XSHG,300321.XSHE,300721.XSHE,300736.XSHE,002921.XSHE,300442.XSHE,300535.XSHE,600302.XSHG,600241.XSHG,600099.XSHG,300680.XSHE,603330.XSHG,300478.XSHE,600796.XSHG,002529.XSHE,002071.XSHE,300521.XSHE,300557.XSHE,002778.XSHE,603090.XSHG,000638.XSHE,300071.XSHE,600599.XSHG
2019-11-01 09:30:00 - INFO  - QR_ORDER|2019-11-01|sell|000502.XSHE|205700|205700|held
2019-11-01 09:30:00 - INFO  - QR_ORDER|2019-11-01|sell|000679.XSHE|375400|375400|held
2019-11-01 09:30:00 - INFO  - QR_ORDER|2019-11-01|sell|300592.XSHE|130200|130200|held
2019-11-01 09:30:00 - INFO  - QR_ORDER|2019-11-01|target|600306.XSHG|11800|11800|held
2019-11-01 09:30:00 - INFO  - QR_ORDER|2019-11-01|target|000691.XSHE|7800|7800|held
2019-11-01 09:30:00 - INFO  - QR_ORDER|2019-11-01|target|002633.XSHE|9800|9800|held
2019-11-01 09:30:00 - INFO  - QR_ORDER|2019-11-01|target|000835.XSHE|10400|10400|held
2019-11-01 09:30:00 - INFO  - QR_ORDER|2019-11-01|target|300665.XSHE|1000|1000|held
2019-11-01 09:30:00 - INFO  - QR_ORDER|2019-11-01|target|002209.XSHE|214400|214400|held
2019-11-01 09:30:00 - INFO  - QR_ORDER|2019-11-01|target|603991.XSHG|81300|81300|held
2019-11-01 09:30:00 - INFO  - QR_ORDER|2019-11-01|target|300029.XSHE|8500|8500|held
2019-11-01 09:30:00 - INFO  - QR_ORDER|2019-11-01|target|603269.XSHG|300|300|held
2019-11-01 09:30:00 - INFO  - QR_ORDER|2019-11-01|target|000929.XSHE|196300|196300|held
2019-11-01 15:30:00 - INFO  - QR_HOLDINGS|2019-11-01|10|000691.XSHE,000835.XSHE,000929.XSHE,002209.XSHE,002633.XSHE,300029.XSHE,300665.XSHE,600306.XSHG,603269.XSHG,603991.XSHG|14071649.482000
2019-12-02 09:30:00 - INFO  - QR_CANDIDATES|2019-12-02|2019-11-29|3550|50|600306.XSHG,300431.XSHE,002633.XSHE,300362.XSHE,000691.XSHE,603269.XSHG,300665.XSHE,603991.XSHG,000929.XSHE,002473.XSHE,603029.XSHG,603286.XSHG,300029.XSHE,300069.XSHE,300321.XSHE,603088.XSHG,000502.XSHE,300106.XSHE,000679.XSHE,002209.XSHE,002112.XSHE,300592.XSHE,600137.XSHG,300736.XSHE,600768.XSHG,300442.XSHE,002921.XSHE,600099.XSHG,300535.XSHE,300521.XSHE,300557.XSHE,300680.XSHE,300022.XSHE,600241.XSHG,300721.XSHE,002715.XSHE,300478.XSHE,603330.XSHG,603729.XSHG,600561.XSHG,600493.XSHG,300626.XSHE,002760.XSHE,600444.XSHG,600883.XSHG,600671.XSHG,002529.XSHE,000638.XSHE,600506.XSHG,300554.XSHE
2019-12-02 09:30:00 - INFO  - QR_ORDER|2019-12-02|sell|000835.XSHE|364500|364500|held
2019-12-02 09:30:00 - INFO  - QR_ORDER|2019-12-02|sell|002209.XSHE|214400|214400|held
2019-12-02 09:30:00 - INFO  - QR_ORDER|2019-12-02|sell|300029.XSHE|213900|213900|held
2019-12-02 09:30:00 - INFO  - QR_ORDER|2019-12-02|target|600306.XSHG|900|900|held
2019-12-02 09:30:00 - INFO  - QR_ORDER|2019-12-02|target|300431.XSHE|415200|415200|held
2019-12-02 09:30:00 - INFO  - QR_ORDER|2019-12-02|target|002633.XSHE|6500|6500|held
2019-12-02 09:30:00 - INFO  - QR_ORDER|2019-12-02|target|300362.XSHE|509500|509500|held
2019-12-02 09:30:00 - INFO  - QR_ORDER|2019-12-02|target|000691.XSHE|5600|5600|held
2019-12-02 09:30:00 - INFO  - QR_ORDER|2019-12-02|target|603269.XSHG|8800|8800|held
2019-12-02 09:30:00 - INFO  - QR_ORDER|2019-12-02|target|300665.XSHE|4100|4100|held
2019-12-02 09:30:00 - INFO  - QR_ORDER|2019-12-02|target|603991.XSHG|4400|4400|held
2019-12-02 09:30:00 - INFO  - QR_ORDER|2019-12-02|target|000929.XSHE|15700|15700|held
2019-12-02 09:30:00 - INFO  - QR_ORDER|2019-12-02|target|002473.XSHE|179400|179400|held
2019-12-02 15:30:00 - INFO  - QR_HOLDINGS|2019-12-02|10|000691.XSHE,000929.XSHE,002473.XSHE,002633.XSHE,300362.XSHE,300431.XSHE,300665.XSHE,600306.XSHG,603269.XSHG,603991.XSHG|13864155.525500
2020-01-02 09:30:00 - INFO  - QR_CANDIDATES|2020-01-02|2019-12-31|3554|50|600306.XSHG,300362.XSHE,300029.XSHE,300431.XSHE,603269.XSHG,002633.XSHE,000679.XSHE,603991.XSHG,000929.XSHE,000691.XSHE,300665.XSHE,000502.XSHE,002209.XSHE,603029.XSHG,603286.XSHG,002112.XSHE,600561.XSHG,603088.XSHG,300592.XSHE,002473.XSHE,300736.XSHE,300535.XSHE,300321.XSHE,300106.XSHE,600099.XSHG,300022.XSHE,002921.XSHE,603729.XSHG,002529.XSHE,600241.XSHG,600671.XSHG,300478.XSHE,600506.XSHG,600137.XSHG,300442.XSHE,300626.XSHE,300721.XSHE,600493.XSHG,300521.XSHE,300405.XSHE,000638.XSHE,603389.XSHG,000702.XSHE,300554.XSHE,600444.XSHG,002857.XSHE,300654.XSHE,300557.XSHE,000692.XSHE,000835.XSHE
2020-01-02 09:30:00 - INFO  - QR_ORDER|2020-01-02|sell|002473.XSHE|179400|179400|held
2020-01-02 09:30:00 - INFO  - QR_ORDER|2020-01-02|sell|300665.XSHE|140300|140300|held
2020-01-02 09:30:00 - INFO  - QR_ORDER|2020-01-02|target|600306.XSHG|5400|5400|held
2020-01-02 09:30:00 - INFO  - QR_ORDER|2020-01-02|target|300362.XSHE|35600|35600|held
2020-01-02 09:30:00 - INFO  - QR_ORDER|2020-01-02|target|300029.XSHE|248000|248000|held
2020-01-02 09:30:00 - INFO  - QR_ORDER|2020-01-02|target|300431.XSHE|11800|11800|held
2020-01-02 09:30:00 - INFO  - QR_ORDER|2020-01-02|target|603269.XSHG|1300|1300|held
2020-01-02 09:30:00 - INFO  - QR_ORDER|2020-01-02|target|002633.XSHE|1200|1200|held
2020-01-02 09:30:00 - INFO  - QR_ORDER|2020-01-02|target|000679.XSHE|415700|415700|held
2020-01-02 09:30:00 - INFO  - QR_ORDER|2020-01-02|target|603991.XSHG|400|400|held
2020-01-02 09:30:00 - INFO  - QR_ORDER|2020-01-02|target|000929.XSHE|200|200|held
2020-01-02 09:30:00 - INFO  - QR_ORDER|2020-01-02|target|000691.XSHE|4600|4600|held
2020-01-02 15:30:00 - INFO  - QR_HOLDINGS|2020-01-02|10|000679.XSHE,000691.XSHE,000929.XSHE,002633.XSHE,300029.XSHE,300362.XSHE,300431.XSHE,600306.XSHG,603269.XSHG,603991.XSHG|15186436.851000
2020-02-03 09:30:00 - INFO  - QR_CANDIDATES|2020-02-03|2020-01-23|3560|50|600306.XSHG,300431.XSHE,300362.XSHE,002473.XSHE,300029.XSHE,000691.XSHE,300106.XSHE,300665.XSHE,000679.XSHE,000929.XSHE,603991.XSHG,600561.XSHG,603269.XSHG,002633.XSHE,300592.XSHE,600241.XSHG,000502.XSHE,002209.XSHE,002112.XSHE,603389.XSHG,603029.XSHG,300736.XSHE,300535.XSHE,000835.XSHE,600099.XSHG,300405.XSHE,600137.XSHG,603725.XSHG,000663.XSHE,600506.XSHG,000702.XSHE,002921.XSHE,300478.XSHE,000609.XSHE,300554.XSHE,600493.XSHG,300557.XSHE,300022.XSHE,600444.XSHG,300156.XSHE,000638.XSHE,000633.XSHE,300700.XSHE,300210.XSHE,603286.XSHG,600302.XSHG,300654.XSHE,300089.XSHE,300521.XSHE,600365.XSHG
2020-02-03 09:30:00 - INFO  - QR_ORDER|2020-02-03|sell|002633.XSHE|173900|0|canceled
2020-02-03 09:30:00 - INFO  - QR_ORDER|2020-02-03|sell|603269.XSHG|107000|0|canceled
2020-02-03 09:30:00 - INFO  - QR_ORDER|2020-02-03|sell|603991.XSHG|86100|0|canceled
2020-02-03 09:30:00 - INFO  - QR_ORDER|2020-02-03|target|600306.XSHG|3900|3900|held
2020-02-03 09:30:00 - INFO  - QR_ORDER|2020-02-03|target|300431.XSHE|100|100|held
2020-02-03 09:30:00 - ERROR - 订单委托失败：StockOrder(entrust_id=1785142044 security=300362.XSHE mode=OrderTargetValue: _value=1264894.0851000003 style=MarketOrderStyle: _limit_price=0.0 side=long action=open margin=False entrust_time=2020-02-03 09:30:00 cancel_time=None finish_time=None comment= error=因为资金有限，下单数量调整为 0
开仓数量不能小于 100)
2020-02-03 09:30:00 - INFO  - QR_ORDER|2020-02-03|target|300362.XSHE|none
2020-02-03 09:30:00 - ERROR - 订单委托失败：StockOrder(entrust_id=1785142045 security=002473.XSHE mode=OrderTargetValue: _value=1264894.0851000003 style=MarketOrderStyle: _limit_price=0.0 side=long action=open margin=False entrust_time=2020-02-03 09:30:00 cancel_time=None finish_time=None comment= error=因为资金有限，下单数量调整为 0
开仓数量不能小于 100)
2020-02-03 09:30:00 - INFO  - QR_ORDER|2020-02-03|target|002473.XSHE|none
2020-02-03 09:30:00 - INFO  - QR_ORDER|2020-02-03|target|300029.XSHE|13700|0|canceled
2020-02-03 09:30:00 - ERROR - 订单委托失败：StockOrder(entrust_id=1785142047 security=000691.XSHE mode=OrderTargetValue: _value=1264894.0851000003 style=MarketOrderStyle: _limit_price=0.0 side=long action=open margin=False entrust_time=2020-02-03 09:30:00 cancel_time=None finish_time=None comment= error=因为资金有限，下单数量调整为 0
开仓数量不能小于 100)
2020-02-03 09:30:00 - INFO  - QR_ORDER|2020-02-03|target|000691.XSHE|none
2020-02-03 09:30:00 - ERROR - 订单委托失败：StockOrder(entrust_id=1785142048 security=300106.XSHE mode=OrderTargetValue: _value=1264894.0851000003 style=MarketOrderStyle: _limit_price=0.0 side=long action=open margin=False entrust_time=2020-02-03 09:30:00 cancel_time=None finish_time=None comment= error=因为资金有限，下单数量调整为 0
开仓数量不能小于 100)
2020-02-03 09:30:00 - INFO  - QR_ORDER|2020-02-03|target|300106.XSHE|none
2020-02-03 09:30:00 - ERROR - 订单委托失败：StockOrder(entrust_id=1785142049 security=300665.XSHE mode=OrderTargetValue: _value=1264894.0851000003 style=MarketOrderStyle: _limit_price=0.0 side=long action=open margin=False entrust_time=2020-02-03 09:30:00 cancel_time=None finish_time=None comment= error=因为资金有限，下单数量调整为 0
开仓数量不能小于 100)
2020-02-03 09:30:00 - INFO  - QR_ORDER|2020-02-03|target|300665.XSHE|none
2020-02-03 09:30:00 - INFO  - QR_ORDER|2020-02-03|target|000679.XSHE|10200|0|canceled
2020-02-03 09:30:00 - INFO  - QR_ORDER|2020-02-03|target|000929.XSHE|2400|0|canceled
2020-02-03 15:30:00 - INFO  - QR_HOLDINGS|2020-02-03|10|000679.XSHE,000691.XSHE,000929.XSHE,002633.XSHE,300029.XSHE,300362.XSHE,300431.XSHE,600306.XSHG,603269.XSHG,603991.XSHG|12648930.363700
2020-03-02 09:30:00 - INFO  - QR_CANDIDATES|2020-03-02|2020-02-28|3574|50|600306.XSHG,300362.XSHE,300431.XSHE,300029.XSHE,600561.XSHG,000929.XSHE,000679.XSHE,600241.XSHG,300106.XSHE,603991.XSHG,300665.XSHE,000691.XSHE,300736.XSHE,002473.XSHE,002633.XSHE,002209.XSHE,000835.XSHE,002112.XSHE,603389.XSHG,603269.XSHG,300592.XSHE,603029.XSHG,300535.XSHE,603725.XSHG,600506.XSHG,600099.XSHG,000663.XSHE,300405.XSHE,000702.XSHE,603729.XSHG,002921.XSHE,600444.XSHG,600768.XSHG,603088.XSHG,300557.XSHE,300554.XSHE,300478.XSHE,002529.XSHE,300156.XSHE,603286.XSHG,600137.XSHG,300700.XSHE,600302.XSHG,000638.XSHE,000633.XSHE,300521.XSHE,002667.XSHE,600671.XSHG,300716.XSHE,002071.XSHE
2020-03-02 09:30:00 - INFO  - QR_ORDER|2020-03-02|sell|000691.XSHE|370300|370300|held
2020-03-02 09:30:00 - INFO  - QR_ORDER|2020-03-02|sell|002633.XSHE|173900|173900|held
2020-03-02 09:30:00 - INFO  - QR_ORDER|2020-03-02|sell|603269.XSHG|107000|107000|held
2020-03-02 09:30:00 - INFO  - QR_ORDER|2020-03-02|target|600306.XSHG|18200|18200|held
2020-03-02 09:30:00 - INFO  - QR_ORDER|2020-03-02|target|300362.XSHE|69200|69200|held
2020-03-02 09:30:00 - INFO  - QR_ORDER|2020-03-02|target|300431.XSHE|50300|50300|held
2020-03-02 09:30:00 - INFO  - QR_ORDER|2020-03-02|target|300029.XSHE|8100|8100|held
2020-03-02 09:30:00 - INFO  - QR_ORDER|2020-03-02|target|600561.XSHG|275900|275900|held
2020-03-02 09:30:00 - INFO  - QR_ORDER|2020-03-02|target|000929.XSHE|1400|1400|held
2020-03-02 09:30:00 - INFO  - QR_ORDER|2020-03-02|target|000679.XSHE|14900|14900|held
2020-03-02 09:30:00 - INFO  - QR_ORDER|2020-03-02|target|600241.XSHG|331400|331400|held
2020-03-02 09:30:00 - INFO  - QR_ORDER|2020-03-02|target|300106.XSHE|231300|231300|held
2020-03-02 09:30:00 - INFO  - QR_ORDER|2020-03-02|target|603991.XSHG|2300|2300|held
2020-03-02 15:30:00 - INFO  - QR_HOLDINGS|2020-03-02|10|000679.XSHE,000929.XSHE,300029.XSHE,300106.XSHE,300362.XSHE,300431.XSHE,600241.XSHG,600306.XSHG,600561.XSHG,603991.XSHG|13423525.375800
2020-04-01 09:30:00 - INFO  - QR_CANDIDATES|2020-04-01|2020-03-31|3583|50|300362.XSHE,600306.XSHG,300431.XSHE,000835.XSHE,600241.XSHG,603389.XSHG,000679.XSHE,002071.XSHE,600599.XSHG,600561.XSHG,000691.XSHE,002633.XSHE,002473.XSHE,300736.XSHE,300665.XSHE,000929.XSHE,603269.XSHG,300156.XSHE,002209.XSHE,000502.XSHE,300029.XSHE,300554.XSHE,300592.XSHE,603729.XSHG,300700.XSHE,603725.XSHG,300535.XSHE,600671.XSHG,000638.XSHE,002319.XSHE,603286.XSHG,600099.XSHG,300405.XSHE,603029.XSHG,600768.XSHG,000633.XSHE,600506.XSHG,000609.XSHE,000663.XSHE,300557.XSHE,002112.XSHE,600137.XSHG,600444.XSHG,603683.XSHG,002921.XSHE,603958.XSHG,600302.XSHG,002857.XSHE,603088.XSHG,300421.XSHE
2020-04-01 09:30:00 - INFO  - QR_ORDER|2020-04-01|sell|000929.XSHE|210800|210800|held
2020-04-01 09:30:00 - INFO  - QR_ORDER|2020-04-01|sell|300029.XSHE|239900|239900|held
2020-04-01 09:30:00 - INFO  - QR_ORDER|2020-04-01|sell|300106.XSHE|231300|231300|held
2020-04-01 09:30:00 - INFO  - QR_ORDER|2020-04-01|sell|603991.XSHG|83800|83800|held
2020-04-01 09:30:00 - INFO  - QR_ORDER|2020-04-01|target|300362.XSHE|150700|150700|held
2020-04-01 09:30:00 - INFO  - QR_ORDER|2020-04-01|target|600306.XSHG|16200|16200|held
2020-04-01 09:30:00 - INFO  - QR_ORDER|2020-04-01|target|300431.XSHE|97500|97500|held
2020-04-01 09:30:00 - INFO  - QR_ORDER|2020-04-01|target|000835.XSHE|422900|422900|held
2020-04-01 09:30:00 - INFO  - QR_ORDER|2020-04-01|target|600241.XSHG|33700|33700|held
2020-04-01 09:30:00 - INFO  - QR_ORDER|2020-04-01|target|603389.XSHG|324200|324200|held
2020-04-01 09:30:00 - INFO  - QR_ORDER|2020-04-01|target|000679.XSHE|34200|34200|held
2020-04-01 09:30:00 - INFO  - QR_ORDER|2020-04-01|target|002071.XSHE|627500|627500|held
2020-04-01 09:30:00 - INFO  - QR_ORDER|2020-04-01|target|600599.XSHG|201700|201700|held
2020-04-01 09:30:00 - INFO  - QR_ORDER|2020-04-01|target|600561.XSHG|200|200|held
2020-04-01 15:30:00 - INFO  - QR_HOLDINGS|2020-04-01|10|000679.XSHE,000835.XSHE,002071.XSHE,300362.XSHE,300431.XSHE,600241.XSHG,600306.XSHG,600561.XSHG,600599.XSHG,603389.XSHG|13530317.859500
2020-05-06 09:30:00 - INFO  - QR_CANDIDATES|2020-05-06|2020-04-30|3594|50|000835.XSHE,002071.XSHE,600599.XSHG,600561.XSHG,300029.XSHE,002633.XSHE,002209.XSHE,000929.XSHE,300736.XSHE,300665.XSHE,600520.XSHG,300405.XSHE,603269.XSHG,000502.XSHE,600768.XSHG,002473.XSHE,600506.XSHG,603029.XSHG,300090.XSHE,300700.XSHE,000638.XSHE,600099.XSHG,603729.XSHG,300106.XSHE,300535.XSHE,002112.XSHE,300716.XSHE,300592.XSHE,603286.XSHG,300554.XSHE,600444.XSHG,000633.XSHE,300167.XSHE,300089.XSHE,300421.XSHE,600493.XSHG,600137.XSHG,600302.XSHG,600365.XSHG,600671.XSHG,600455.XSHG,000692.XSHE,300611.XSHE,603725.XSHG,000702.XSHE,600778.XSHG,603329.XSHG,300254.XSHE,300084.XSHE,300313.XSHE
2020-05-06 09:30:00 - INFO  - QR_ORDER|2020-05-06|sell|000679.XSHE|435000|435000|held
2020-05-06 09:30:00 - ERROR - 下单失败，证券(300362.XSHE)今日停牌: StockOrder: _status=new, _security=Security(code=300362.XSHE), _amount=765000, _filled_amount=0, _locked_cash=0, _mode=OrderTargetAmount: _amount=0, _side=long, _style=MarketOrderStyle: _limit_price=0.0, _action=close, _commission=0, _avg_cost=0, _hold_cost=0, _order_cost=0, _margin=False, _order_id=1785142080, _comment=, _entrust_time=2020-05-06 09:30:00, _cancel_time=None, _finish_time=None
2020-05-06 09:30:00 - INFO  - QR_ORDER|2020-05-06|sell|300362.XSHE|none
2020-05-06 09:30:00 - ERROR - 下单失败，证券(300431.XSHE)今日停牌: StockOrder: _status=new, _security=Security(code=300431.XSHE), _amount=551300, _filled_amount=0, _locked_cash=0, _mode=OrderTargetAmount: _amount=0, _side=long, _style=MarketOrderStyle: _limit_price=0.0, _action=close, _commission=0, _avg_cost=0, _hold_cost=0, _order_cost=0, _margin=False, _order_id=1785142081, _comment=, _entrust_time=2020-05-06 09:30:00, _cancel_time=None, _finish_time=None
2020-05-06 09:30:00 - INFO  - QR_ORDER|2020-05-06|sell|300431.XSHE|none
2020-05-06 09:30:00 - INFO  - QR_ORDER|2020-05-06|sell|600241.XSHG|365100|365100|held
2020-05-06 09:30:00 - INFO  - QR_ORDER|2020-05-06|sell|600306.XSHG|299300|0|canceled
2020-05-06 09:30:00 - INFO  - QR_ORDER|2020-05-06|sell|603389.XSHG|324200|324200|held
2020-05-06 09:30:00 - INFO  - QR_ORDER|2020-05-06|target|000835.XSHE|5500|5500|held
2020-05-06 09:30:00 - INFO  - QR_ORDER|2020-05-06|target|002071.XSHE|24200|24200|held
2020-05-06 09:30:00 - INFO  - QR_ORDER|2020-05-06|target|600599.XSHG|8900|8900|held
2020-05-06 09:30:00 - INFO  - QR_ORDER|2020-05-06|target|600561.XSHG|23900|23900|held
2020-05-06 09:30:00 - INFO  - QR_ORDER|2020-05-06|target|300029.XSHE|210900|210900|held
2020-05-06 09:30:00 - INFO  - QR_ORDER|2020-05-06|target|002633.XSHE|156700|156700|held
2020-05-06 09:30:00 - INFO  - QR_ORDER|2020-05-06|target|002209.XSHE|206000|206000|held
2020-05-06 09:30:00 - INFO  - QR_ORDER|2020-05-06|target|000929.XSHE|4600|4600|held
2020-05-06 09:30:00 - ERROR - 订单委托失败：StockOrder(entrust_id=1785142093 security=300736.XSHE mode=OrderTargetValue: _value=1160114.7331800002 style=MarketOrderStyle: _limit_price=0.0 side=long action=open margin=False entrust_time=2020-05-06 09:30:00 cancel_time=None finish_time=None comment= error=因为资金有限，下单数量调整为 33
开仓数量不能小于 100)
2020-05-06 09:30:00 - INFO  - QR_ORDER|2020-05-06|target|300736.XSHE|none
2020-05-06 09:30:00 - ERROR - 订单委托失败：StockOrder(entrust_id=1785142094 security=300665.XSHE mode=OrderTargetValue: _value=1160114.7331800002 style=MarketOrderStyle: _limit_price=0.0 side=long action=open margin=False entrust_time=2020-05-06 09:30:00 cancel_time=None finish_time=None comment= error=因为资金有限，下单数量调整为 31
开仓数量不能小于 100)
2020-05-06 09:30:00 - INFO  - QR_ORDER|2020-05-06|target|300665.XSHE|none
2020-05-06 15:30:00 - INFO  - QR_HOLDINGS|2020-05-06|11|000835.XSHE,000929.XSHE,002071.XSHE,002209.XSHE,002633.XSHE,300029.XSHE,300362.XSHE,300431.XSHE,600306.XSHG,600561.XSHG,600599.XSHG|11985067.376000
2020-06-01 09:30:00 - INFO  - QR_CANDIDATES|2020-06-01|2020-05-29|3605|50|300090.XSHE,300431.XSHE,000835.XSHE,600561.XSHG,300029.XSHE,300736.XSHE,002209.XSHE,002633.XSHE,300665.XSHE,603269.XSHG,000929.XSHE,002071.XSHE,000502.XSHE,300535.XSHE,000638.XSHE,300405.XSHE,300592.XSHE,600671.XSHG,002473.XSHE,002112.XSHE,000691.XSHE,000692.XSHE,300254.XSHE,000633.XSHE,600493.XSHG,600302.XSHG,300167.XSHE,600778.XSHG,600365.XSHG,603029.XSHG,300716.XSHE,300700.XSHE,000702.XSHE,600099.XSHG,600599.XSHG,603958.XSHG,600444.XSHG,603725.XSHG,603286.XSHG,300421.XSHE,300554.XSHE,300611.XSHE,603813.XSHG,600137.XSHG,300540.XSHE,300089.XSHE,002667.XSHE,600455.XSHG,300084.XSHE,600520.XSHG
2020-06-01 09:30:00 - INFO  - QR_ORDER|2020-06-01|sell|000929.XSHE|4600|4600|held
2020-06-01 09:30:00 - INFO  - QR_ORDER|2020-06-01|sell|002071.XSHE|651700|651700|held
2020-06-01 09:30:00 - ERROR - 下单失败，证券(300362.XSHE)今日停牌: StockOrder: _status=new, _security=Security(code=300362.XSHE), _amount=765000, _filled_amount=0, _locked_cash=0, _mode=OrderTargetAmount: _amount=0, _side=long, _style=MarketOrderStyle: _limit_price=0.0, _action=close, _commission=0, _avg_cost=0, _hold_cost=0, _order_cost=0, _margin=False, _order_id=1785142097, _comment=, _entrust_time=2020-06-01 09:30:00, _cancel_time=None, _finish_time=None
2020-06-01 09:30:00 - INFO  - QR_ORDER|2020-06-01|sell|300362.XSHE|none
2020-06-01 09:30:00 - ERROR - 下单失败，证券(600306.XSHG)今日停牌: StockOrder: _status=new, _security=Security(code=600306.XSHG), _amount=299300, _filled_amount=0, _locked_cash=0, _mode=OrderTargetAmount: _amount=0, _side=long, _style=MarketOrderStyle: _limit_price=0.0, _action=close, _commission=0, _avg_cost=0, _hold_cost=0, _order_cost=0, _margin=False, _order_id=1785142098, _comment=, _entrust_time=2020-06-01 09:30:00, _cancel_time=None, _finish_time=None
2020-06-01 09:30:00 - INFO  - QR_ORDER|2020-06-01|sell|600306.XSHG|none
2020-06-01 09:30:00 - INFO  - QR_ORDER|2020-06-01|sell|600599.XSHG|192800|0|canceled
2020-06-01 09:30:00 - INFO  - QR_ORDER|2020-06-01|target|300090.XSHE|4737500|4737500|held
2020-06-01 09:30:00 - INFO  - QR_ORDER|2020-06-01|target|300431.XSHE|152500|152500|held
2020-06-01 09:30:00 - INFO  - QR_ORDER|2020-06-01|target|000835.XSHE|7300|7300|held
2020-06-01 09:30:00 - INFO  - QR_ORDER|2020-06-01|target|600561.XSHG|19700|19700|held
2020-06-01 09:30:00 - INFO  - QR_ORDER|2020-06-01|target|300029.XSHE|8700|8700|held
2020-06-01 09:30:00 - ERROR - 订单委托失败：StockOrder(entrust_id=1785142105 security=300736.XSHE mode=OrderTargetValue: _value=1231762.3839800002 style=MarketOrderStyle: _limit_price=0.0 side=long action=open margin=False entrust_time=2020-06-01 09:30:00 cancel_time=None finish_time=None comment= error=因为资金有限，下单数量调整为 46
开仓数量不能小于 100)
2020-06-01 09:30:00 - INFO  - QR_ORDER|2020-06-01|target|300736.XSHE|none
2020-06-01 09:30:00 - ERROR - 订单委托失败：StockOrder(entrust_id=1785142106 security=002209.XSHE mode=OrderTargetValue: _value=1231762.3839800002 style=MarketOrderStyle: _limit_price=0.0 side=long action=open margin=False entrust_time=2020-06-01 09:30:00 cancel_time=None finish_time=None comment= error=因为资金有限，下单数量调整为 70
开仓数量不能小于 100)
2020-06-01 09:30:00 - INFO  - QR_ORDER|2020-06-01|target|002209.XSHE|none
2020-06-01 09:30:00 - ERROR - 订单委托失败：StockOrder(entrust_id=1785142107 security=002633.XSHE mode=OrderTargetValue: _value=1231762.3839800002 style=MarketOrderStyle: _limit_price=0.0 side=long action=open margin=False entrust_time=2020-06-01 09:30:00 cancel_time=None finish_time=None comment= error=因为资金有限，下单数量调整为 53
开仓数量不能小于 100)
2020-06-01 09:30:00 - INFO  - QR_ORDER|2020-06-01|target|002633.XSHE|none
2020-06-01 09:30:00 - ERROR - 订单委托失败：StockOrder(entrust_id=1785142108 security=300665.XSHE mode=OrderTargetValue: _value=1231762.3839800002 style=MarketOrderStyle: _limit_price=0.0 side=long action=open margin=False entrust_time=2020-06-01 09:30:00 cancel_time=None finish_time=None comment= error=因为资金有限，下单数量调整为 42
开仓数量不能小于 100)
2020-06-01 09:30:00 - INFO  - QR_ORDER|2020-06-01|target|300665.XSHE|none
2020-06-01 09:30:00 - ERROR - 订单委托失败：StockOrder(entrust_id=1785142109 security=603269.XSHG mode=OrderTargetValue: _value=1231762.3839800002 style=MarketOrderStyle: _limit_price=0.0 side=long action=open margin=False entrust_time=2020-06-01 09:30:00 cancel_time=None finish_time=None comment= error=因为资金有限，下单数量调整为 31
开仓数量不能小于 100)
2020-06-01 09:30:00 - INFO  - QR_ORDER|2020-06-01|target|603269.XSHG|none
2020-06-01 15:30:00 - INFO  - QR_HOLDINGS|2020-06-01|10|000835.XSHE,002209.XSHE,002633.XSHE,300029.XSHE,300090.XSHE,300362.XSHE,300431.XSHE,600306.XSHG,600561.XSHG,600599.XSHG|13081709.008900
2020-07-01 09:30:00 - INFO  - QR_CANDIDATES|2020-07-01|2020-06-30|3617|50|600561.XSHG,300029.XSHE,002633.XSHE,002209.XSHE,603269.XSHG,000929.XSHE,300665.XSHE,000502.XSHE,002473.XSHE,300405.XSHE,600768.XSHG,600520.XSHG,300535.XSHE,000638.XSHE,600493.XSHG,300312.XSHE,000633.XSHE,300716.XSHE,300736.XSHE,300700.XSHE,600778.XSHG,000692.XSHE,300167.XSHE,002207.XSHE,300254.XSHE,600099.XSHG,600444.XSHG,300421.XSHE,600355.XSHG,300106.XSHE,600455.XSHG,300478.XSHE,300611.XSHE,300619.XSHE,603029.XSHG,300554.XSHE,603813.XSHG,603286.XSHG,000702.XSHE,600137.XSHG,300071.XSHE,002159.XSHE,300549.XSHE,300313.XSHE,002800.XSHE,603958.XSHG,300022.XSHE,002667.XSHE,600213.XSHG,600992.XSHG
2020-07-01 09:30:00 - INFO  - QR_ORDER|2020-07-01|sell|000835.XSHE|424700|0|canceled
2020-07-01 09:30:00 - ERROR - 下单失败，证券(300090.XSHE)今日停牌: StockOrder: _status=new, _security=Security(code=300090.XSHE), _amount=4737500, _filled_amount=0, _locked_cash=0, _mode=OrderTargetAmount: _amount=0, _side=long, _style=MarketOrderStyle: _limit_price=0.0, _action=close, _commission=0, _avg_cost=0, _hold_cost=0, _order_cost=0, _margin=False, _order_id=1785142111, _comment=, _entrust_time=2020-07-01 09:30:00, _cancel_time=None, _finish_time=None
2020-07-01 09:30:00 - INFO  - QR_ORDER|2020-07-01|sell|300090.XSHE|none
2020-07-01 09:30:00 - ERROR - 下单失败，证券(300362.XSHE)今日停牌: StockOrder: _status=new, _security=Security(code=300362.XSHE), _amount=765000, _filled_amount=0, _locked_cash=0, _mode=OrderTargetAmount: _amount=0, _side=long, _style=MarketOrderStyle: _limit_price=0.0, _action=close, _commission=0, _avg_cost=0, _hold_cost=0, _order_cost=0, _margin=False, _order_id=1785142112, _comment=, _entrust_time=2020-07-01 09:30:00, _cancel_time=None, _finish_time=None
2020-07-01 09:30:00 - INFO  - QR_ORDER|2020-07-01|sell|300362.XSHE|none
2020-07-01 09:30:00 - ERROR - 下单失败，证券(300431.XSHE)今日停牌: StockOrder: _status=new, _security=Security(code=300431.XSHE), _amount=703800, _filled_amount=0, _locked_cash=0, _mode=OrderTargetAmount: _amount=0, _side=long, _style=MarketOrderStyle: _limit_price=0.0, _action=close, _commission=0, _avg_cost=0, _hold_cost=0, _order_cost=0, _margin=False, _order_id=1785142113, _comment=, _entrust_time=2020-07-01 09:30:00, _cancel_time=None, _finish_time=None
2020-07-01 09:30:00 - INFO  - QR_ORDER|2020-07-01|sell|300431.XSHE|none
2020-07-01 09:30:00 - INFO  - QR_ORDER|2020-07-01|sell|600306.XSHG|299300|299300|held
2020-07-01 09:30:00 - INFO  - QR_ORDER|2020-07-01|sell|600599.XSHG|192800|192800|held
2020-07-01 09:30:00 - INFO  - QR_ORDER|2020-07-01|target|600561.XSHG|13100|13100|held
2020-07-01 09:30:00 - INFO  - QR_ORDER|2020-07-01|target|300029.XSHE|200|200|held
2020-07-01 09:30:00 - INFO  - QR_ORDER|2020-07-01|target|002633.XSHE|3300|3300|held
2020-07-01 09:30:00 - INFO  - QR_ORDER|2020-07-01|target|002209.XSHE|7200|7200|held
2020-07-01 09:30:00 - INFO  - QR_ORDER|2020-07-01|target|603269.XSHG|92200|92200|held
2020-07-01 09:30:00 - INFO  - QR_ORDER|2020-07-01|target|000929.XSHE|186700|186700|held
2020-07-01 09:30:00 - INFO  - QR_ORDER|2020-07-01|target|300665.XSHE|12500|12500|held
2020-07-01 09:30:00 - ERROR - 订单委托失败：StockOrder(entrust_id=1785142123 security=000502.XSHE mode=OrderTargetValue: _value=1208524.7541800004 style=MarketOrderStyle: _limit_price=0.0 side=long action=open margin=False entrust_time=2020-07-01 09:30:00 cancel_time=None finish_time=None comment= error=因为资金有限，下单数量调整为 62
开仓数量不能小于 100)
2020-07-01 09:30:00 - INFO  - QR_ORDER|2020-07-01|target|000502.XSHE|none
2020-07-01 09:30:00 - ERROR - 订单委托失败：StockOrder(entrust_id=1785142124 security=002473.XSHE mode=OrderTargetValue: _value=1208524.7541800004 style=MarketOrderStyle: _limit_price=0.0 side=long action=open margin=False entrust_time=2020-07-01 09:30:00 cancel_time=None finish_time=None comment= error=因为资金有限，下单数量调整为 53
开仓数量不能小于 100)
2020-07-01 09:30:00 - INFO  - QR_ORDER|2020-07-01|target|002473.XSHE|none
2020-07-01 09:30:00 - ERROR - 订单委托失败：StockOrder(entrust_id=1785142125 security=300405.XSHE mode=OrderTargetValue: _value=1208524.7541800004 style=MarketOrderStyle: _limit_price=0.0 side=long action=open margin=False entrust_time=2020-07-01 09:30:00 cancel_time=None finish_time=None comment= error=因为资金有限，下单数量调整为 73
开仓数量不能小于 100)
2020-07-01 09:30:00 - INFO  - QR_ORDER|2020-07-01|target|300405.XSHE|none
2020-07-01 15:30:00 - INFO  - QR_HOLDINGS|2020-07-01|11|000835.XSHE,000929.XSHE,002209.XSHE,002633.XSHE,300029.XSHE,300090.XSHE,300362.XSHE,300431.XSHE,300665.XSHE,600561.XSHG,603269.XSHG|12128431.002500
2020-08-03 09:30:00 - INFO  - QR_CANDIDATES|2020-08-03|2020-07-31|3647|50|002633.XSHE,002209.XSHE,000929.XSHE,000502.XSHE,300665.XSHE,300029.XSHE,300535.XSHE,600365.XSHG,300736.XSHE,600768.XSHG,600520.XSHG,600561.XSHG,300405.XSHE,300312.XSHE,300478.XSHE,600493.XSHG,603269.XSHG,300071.XSHE,603029.XSHG,300268.XSHE,300167.XSHE,600099.XSHG,600455.XSHG,600506.XSHG,000692.XSHE,300254.XSHE,000638.XSHE,000702.XSHE,600778.XSHG,000633.XSHE,600444.XSHG,603286.XSHG,300700.XSHE,300716.XSHE,300421.XSHE,600302.XSHG,002857.XSHE,603813.XSHG,300619.XSHE,600355.XSHG,002159.XSHE,600706.XSHG,603958.XSHG,300539.XSHE,002800.XSHE,300321.XSHE,300313.XSHE,300106.XSHE,600213.XSHG,300549.XSHE
2020-08-03 09:30:00 - INFO  - QR_ORDER|2020-08-03|sell|000835.XSHE|424700|424700|held
2020-08-03 09:30:00 - INFO  - QR_ORDER|2020-08-03|sell|300090.XSHE|4737500|4737500|held
2020-08-03 09:30:00 - ERROR - 下单失败，证券(300362.XSHE)今日停牌: StockOrder: _status=new, _security=Security(code=300362.XSHE), _amount=765000, _filled_amount=0, _locked_cash=0, _mode=OrderTargetAmount: _amount=0, _side=long, _style=MarketOrderStyle: _limit_price=0.0, _action=close, _commission=0, _avg_cost=0, _hold_cost=0, _order_cost=0, _margin=False, _order_id=1785142128, _comment=, _entrust_time=2020-08-03 09:30:00, _cancel_time=None, _finish_time=None
2020-08-03 09:30:00 - INFO  - QR_ORDER|2020-08-03|sell|300362.XSHE|none
2020-08-03 09:30:00 - ERROR - 下单失败，证券(300431.XSHE)今日停牌: StockOrder: _status=new, _security=Security(code=300431.XSHE), _amount=703800, _filled_amount=0, _locked_cash=0, _mode=OrderTargetAmount: _amount=0, _side=long, _style=MarketOrderStyle: _limit_price=0.0, _action=close, _commission=0, _avg_cost=0, _hold_cost=0, _order_cost=0, _margin=False, _order_id=1785142129, _comment=, _entrust_time=2020-08-03 09:30:00, _cancel_time=None, _finish_time=None
2020-08-03 09:30:00 - INFO  - QR_ORDER|2020-08-03|sell|300431.XSHE|none
2020-08-03 09:30:00 - INFO  - QR_ORDER|2020-08-03|sell|600561.XSHG|258800|258800|held
2020-08-03 09:30:00 - INFO  - QR_ORDER|2020-08-03|sell|603269.XSHG|92200|92200|held
2020-08-03 09:30:00 - INFO  - QR_ORDER|2020-08-03|target|002633.XSHE|16700|16700|held
2020-08-03 09:30:00 - INFO  - QR_ORDER|2020-08-03|target|002209.XSHE|23300|23300|held
2020-08-03 09:30:00 - INFO  - QR_ORDER|2020-08-03|target|000929.XSHE|21400|21400|held
2020-08-03 09:30:00 - INFO  - QR_ORDER|2020-08-03|target|000502.XSHE|163600|163600|held
2020-08-03 09:30:00 - INFO  - QR_ORDER|2020-08-03|target|300665.XSHE|94400|94400|held
2020-08-03 09:30:00 - INFO  - QR_ORDER|2020-08-03|target|300029.XSHE|45000|45000|held
2020-08-03 09:30:00 - INFO  - QR_ORDER|2020-08-03|target|300535.XSHE|89800|89800|held
2020-08-03 09:30:00 - INFO  - QR_ORDER|2020-08-03|target|600365.XSHG|341100|341100|held
2020-08-03 09:30:00 - INFO  - QR_ORDER|2020-08-03|target|300736.XSHE|15100|15100|held
2020-08-03 09:30:00 - ERROR - 订单委托失败：StockOrder(entrust_id=1785142141 security=600768.XSHG mode=OrderTargetValue: _value=1173509.2147400002 style=MarketOrderStyle: _limit_price=0.0 side=long action=open margin=False entrust_time=2020-08-03 09:30:00 cancel_time=None finish_time=None comment= error=因为资金有限，下单数量调整为 54
开仓数量不能小于 100)
2020-08-03 09:30:00 - INFO  - QR_ORDER|2020-08-03|target|600768.XSHG|none
2020-08-03 15:30:00 - INFO  - QR_HOLDINGS|2020-08-03|11|000502.XSHE,000929.XSHE,002209.XSHE,002633.XSHE,300029.XSHE,300362.XSHE,300431.XSHE,300535.XSHE,300665.XSHE,300736.XSHE,600365.XSHG|11893677.441800
2020-09-01 09:30:00 - INFO  - QR_CANDIDATES|2020-09-01|2020-08-31|3656|50|300029.XSHE,000502.XSHE,002209.XSHE,600768.XSHG,600520.XSHG,000929.XSHE,002633.XSHE,300736.XSHE,300535.XSHE,600561.XSHG,300478.XSHE,600778.XSHG,603269.XSHG,000638.XSHE,600302.XSHG,300716.XSHE,300700.XSHE,603958.XSHG,600506.XSHG,603029.XSHG,600493.XSHG,600444.XSHG,600455.XSHG,603725.XSHG,600213.XSHG,600099.XSHG,600355.XSHG,000633.XSHE,603813.XSHG,300167.XSHE,300619.XSHE,600615.XSHG,300321.XSHE,603729.XSHG,300268.XSHE,000702.XSHE,603286.XSHG,000609.XSHE,300254.XSHE,600766.XSHG,603518.XSHG,600719.XSHG,002843.XSHE,300539.XSHE,002836.XSHE,600796.XSHG,603908.XSHG,002159.XSHE,600689.XSHG,002207.XSHE
2020-09-01 09:30:00 - ERROR - 下单失败，证券(300362.XSHE)今日停牌: StockOrder: _status=new, _security=Security(code=300362.XSHE), _amount=765000, _filled_amount=0, _locked_cash=0, _mode=OrderTargetAmount: _amount=0, _side=long, _style=MarketOrderStyle: _limit_price=0.0, _action=close, _commission=0, _avg_cost=0, _hold_cost=0, _order_cost=0, _margin=False, _order_id=1785142142, _comment=, _entrust_time=2020-09-01 09:30:00, _cancel_time=None, _finish_time=None
2020-09-01 09:30:00 - INFO  - QR_ORDER|2020-09-01|sell|300362.XSHE|none
2020-09-01 09:30:00 - ERROR - 下单失败，证券(300431.XSHE)今日停牌: StockOrder: _status=new, _security=Security(code=300431.XSHE), _amount=703800, _filled_amount=0, _locked_cash=0, _mode=OrderTargetAmount: _amount=0, _side=long, _style=MarketOrderStyle: _limit_price=0.0, _action=close, _commission=0, _avg_cost=0, _hold_cost=0, _order_cost=0, _margin=False, _order_id=1785142143, _comment=, _entrust_time=2020-09-01 09:30:00, _cancel_time=None, _finish_time=None
2020-09-01 09:30:00 - INFO  - QR_ORDER|2020-09-01|sell|300431.XSHE|none
2020-09-01 09:30:00 - ERROR - 下单失败，证券(300665.XSHE)今日停牌: StockOrder: _status=new, _security=Security(code=300665.XSHE), _amount=106900, _filled_amount=0, _locked_cash=0, _mode=OrderTargetAmount: _amount=0, _side=long, _style=MarketOrderStyle: _limit_price=0.0, _action=close, _commission=0, _avg_cost=0, _hold_cost=0, _order_cost=0, _margin=False, _order_id=1785142144, _comment=, _entrust_time=2020-09-01 09:30:00, _cancel_time=None, _finish_time=None
2020-09-01 09:30:00 - INFO  - QR_ORDER|2020-09-01|sell|300665.XSHE|none
2020-09-01 09:30:00 - INFO  - QR_ORDER|2020-09-01|sell|600365.XSHG|341100|341100|held
2020-09-01 09:30:00 - INFO  - QR_ORDER|2020-09-01|target|300029.XSHE|15500|15500|held
2020-09-01 09:30:00 - INFO  - QR_ORDER|2020-09-01|target|000502.XSHE|14300|14300|held
2020-09-01 09:30:00 - INFO  - QR_ORDER|2020-09-01|target|002209.XSHE|3100|3100|held
2020-09-01 09:30:00 - INFO  - QR_ORDER|2020-09-01|target|600768.XSHG|97400|97400|held
2020-09-01 09:30:00 - ERROR - 订单委托失败：StockOrder(entrust_id=1785142150 security=600520.XSHG mode=OrderTargetValue: _value=1232556.5191900001 style=MarketOrderStyle: _limit_price=0.0 side=long action=open margin=False entrust_time=2020-09-01 09:30:00 cancel_time=None finish_time=None comment= error=因为资金有限，下单数量调整为 61
开仓数量不能小于 100)
2020-09-01 09:30:00 - INFO  - QR_ORDER|2020-09-01|target|600520.XSHG|none
2020-09-01 09:30:00 - INFO  - QR_ORDER|2020-09-01|target|000929.XSHE|7000|7000|held
2020-09-01 09:30:00 - INFO  - QR_ORDER|2020-09-01|target|002633.XSHE|9600|9600|held
2020-09-01 09:30:00 - INFO  - QR_ORDER|2020-09-01|target|300736.XSHE|13200|13200|held
2020-09-01 09:30:00 - INFO  - QR_ORDER|2020-09-01|target|300535.XSHE|3900|3900|held
2020-09-01 09:30:00 - INFO  - QR_ORDER|2020-09-01|target|600561.XSHG|10700|10700|held
2020-09-01 15:30:00 - INFO  - QR_HOLDINGS|2020-09-01|12|000502.XSHE,000929.XSHE,002209.XSHE,002633.XSHE,300029.XSHE,300362.XSHE,300431.XSHE,300535.XSHE,300665.XSHE,300736.XSHE,600561.XSHG,600768.XSHG|12399548.595600
2020-10-09 09:30:00 - INFO  - QR_CANDIDATES|2020-10-09|2020-09-30|3666|50|600520.XSHG,002633.XSHE,002209.XSHE,600768.XSHG,600561.XSHG,603029.XSHG,300665.XSHE,603286.XSHG,000502.XSHE,603269.XSHG,000702.XSHE,600506.XSHG,600455.XSHG,000586.XSHE,603958.XSHG,600302.XSHG,600099.XSHG,600493.XSHG,600444.XSHG,300736.XSHE,600355.XSHG,600213.XSHG,300478.XSHE,600615.XSHG,300716.XSHE,603729.XSHG,600137.XSHG,000929.XSHE,600689.XSHG,300268.XSHE,000609.XSHE,600847.XSHG,603813.XSHG,600714.XSHG,300535.XSHE,600778.XSHG,600706.XSHG,000633.XSHE,002800.XSHE,603090.XSHG,603908.XSHG,603320.XSHG,000622.XSHE,300619.XSHE,002159.XSHE,002857.XSHE,002112.XSHE,002205.XSHE,603518.XSHG,603356.XSHG
2020-10-09 09:30:00 - INFO  - QR_ORDER|2020-10-09|sell|000929.XSHE|158300|158300|held
2020-10-09 09:30:00 - INFO  - QR_ORDER|2020-10-09|sell|300029.XSHE|189900|189900|held
2020-10-09 09:30:00 - ERROR - 下单失败，证券(300362.XSHE)今日停牌: StockOrder: _status=new, _security=Security(code=300362.XSHE), _amount=765000, _filled_amount=0, _locked_cash=0, _mode=OrderTargetAmount: _amount=0, _side=long, _style=MarketOrderStyle: _limit_price=0.0, _action=close, _commission=0, _avg_cost=0, _hold_cost=0, _order_cost=0, _margin=False, _order_id=1785142158, _comment=, _entrust_time=2020-10-09 09:30:00, _cancel_time=None, _finish_time=None
2020-10-09 09:30:00 - INFO  - QR_ORDER|2020-10-09|sell|300362.XSHE|none
2020-10-09 09:30:00 - INFO  - QR_ORDER|2020-10-09|sell|300431.XSHE|703800|703800|held
2020-10-09 09:30:00 - INFO  - QR_ORDER|2020-10-09|sell|300535.XSHE|85900|85900|held
2020-10-09 09:30:00 - INFO  - QR_ORDER|2020-10-09|sell|300736.XSHE|28300|28300|held
2020-10-09 09:30:00 - INFO  - QR_ORDER|2020-10-09|target|600520.XSHG|133300|133300|held
2020-10-09 09:30:00 - INFO  - QR_ORDER|2020-10-09|target|002633.XSHE|400|400|held
2020-10-09 09:30:00 - INFO  - QR_ORDER|2020-10-09|target|002209.XSHE|8700|8700|held
2020-10-09 09:30:00 - INFO  - QR_ORDER|2020-10-09|target|600768.XSHG|15500|15500|held
2020-10-09 09:30:00 - INFO  - QR_ORDER|2020-10-09|target|600561.XSHG|211900|211900|held
2020-10-09 09:30:00 - INFO  - QR_ORDER|2020-10-09|target|603029.XSHG|71500|71500|held
2020-10-09 09:30:00 - INFO  - QR_ORDER|2020-10-09|target|300665.XSHE|15700|15700|held
2020-10-09 09:30:00 - INFO  - QR_ORDER|2020-10-09|target|603286.XSHG|59100|59100|held
2020-10-09 09:30:00 - INFO  - QR_ORDER|2020-10-09|target|000502.XSHE|10000|10000|held
2020-10-09 09:30:00 - INFO  - QR_ORDER|2020-10-09|target|603269.XSHG|6000|6000|held
2020-10-09 15:30:00 - INFO  - QR_HOLDINGS|2020-10-09|11|000502.XSHE,002209.XSHE,002633.XSHE,300362.XSHE,300665.XSHE,600520.XSHG,600561.XSHG,600768.XSHG,603029.XSHG,603269.XSHG,603286.XSHG|11122807.012400
2020-11-02 09:30:00 - INFO  - QR_CANDIDATES|2020-11-02|2020-10-30|3676|50|600520.XSHG,600768.XSHG,002633.XSHE,600778.XSHG,603029.XSHG,000502.XSHE,000702.XSHE,600355.XSHG,600506.XSHG,603958.XSHG,000695.XSHE,002209.XSHE,603286.XSHG,600213.XSHG,603269.XSHG,600847.XSHG,600302.XSHG,600455.XSHG,600137.XSHG,000633.XSHE,000586.XSHE,603196.XSHG,600714.XSHG,600099.XSHG,600444.XSHG,000929.XSHE,600689.XSHG,600615.XSHG,600796.XSHG,600719.XSHG,600561.XSHG,000609.XSHE,600706.XSHG,603729.XSHG,000622.XSHE,000691.XSHE,600202.XSHG,002159.XSHE,000692.XSHE,600493.XSHG,002205.XSHE,603320.XSHG,002800.XSHE,600766.XSHG,600992.XSHG,603177.XSHG,603090.XSHG,002830.XSHE,002694.XSHE,603860.XSHG
2020-11-02 09:30:00 - INFO  - QR_ORDER|2020-11-02|sell|002209.XSHE|163700|163700|held
2020-11-02 09:30:00 - ERROR - 下单失败，证券(300362.XSHE)今日停牌: StockOrder: _status=new, _security=Security(code=300362.XSHE), _amount=765000, _filled_amount=0, _locked_cash=0, _mode=OrderTargetAmount: _amount=0, _side=long, _style=MarketOrderStyle: _limit_price=0.0, _action=close, _commission=0, _avg_cost=0, _hold_cost=0, _order_cost=0, _margin=False, _order_id=1785142173, _comment=, _entrust_time=2020-11-02 09:30:00, _cancel_time=None, _finish_time=None
2020-11-02 09:30:00 - INFO  - QR_ORDER|2020-11-02|sell|300362.XSHE|none
2020-11-02 09:30:00 - INFO  - QR_ORDER|2020-11-02|sell|300665.XSHE|91200|91200|held
2020-11-02 09:30:00 - INFO  - QR_ORDER|2020-11-02|sell|600561.XSHG|222600|222600|held
2020-11-02 09:30:00 - INFO  - QR_ORDER|2020-11-02|sell|603269.XSHG|6000|6000|held
2020-11-02 09:30:00 - INFO  - QR_ORDER|2020-11-02|sell|603286.XSHG|59100|59100|held
2020-11-02 09:30:00 - INFO  - QR_ORDER|2020-11-02|target|600520.XSHG|13100|13100|held
2020-11-02 09:30:00 - INFO  - QR_ORDER|2020-11-02|target|600768.XSHG|4800|4800|held
2020-11-02 09:30:00 - INFO  - QR_ORDER|2020-11-02|target|002633.XSHE|2400|2400|held
2020-11-02 09:30:00 - INFO  - QR_ORDER|2020-11-02|target|600778.XSHG|251000|251000|held
2020-11-02 09:30:00 - INFO  - QR_ORDER|2020-11-02|target|603029.XSHG|3800|3800|held
2020-11-02 09:30:00 - INFO  - QR_ORDER|2020-11-02|target|000502.XSHE|9500|9500|held
2020-11-02 09:30:00 - INFO  - QR_ORDER|2020-11-02|target|000702.XSHE|212700|212700|held
2020-11-02 09:30:00 - INFO  - QR_ORDER|2020-11-02|target|600355.XSHG|388500|388500|held
2020-11-02 09:30:00 - INFO  - QR_ORDER|2020-11-02|target|600506.XSHG|112700|112700|held
2020-11-02 09:30:00 - ERROR - 订单委托失败：StockOrder(entrust_id=1785142187 security=603958.XSHG mode=OrderTargetValue: _value=1099675.2444900002 style=MarketOrderStyle: _limit_price=0.0 side=long action=open margin=False entrust_time=2020-11-02 09:30:00 cancel_time=None finish_time=None comment= error=因为剩余可用资金/保证金不足，无法继续下单，aval_cash=-236.1986999967936)
2020-11-02 09:30:00 - INFO  - QR_ORDER|2020-11-02|target|603958.XSHG|none
2020-11-02 15:30:00 - INFO  - QR_HOLDINGS|2020-11-02|10|000502.XSHE,000702.XSHE,002633.XSHE,300362.XSHE,600355.XSHG,600506.XSHG,600520.XSHG,600768.XSHG,600778.XSHG,603029.XSHG|10981617.801300
2020-12-01 09:30:00 - INFO  - QR_CANDIDATES|2020-12-01|2020-11-30|3712|50|600520.XSHG,002633.XSHE,600768.XSHG,300478.XSHE,000502.XSHE,600778.XSHG,600561.XSHG,603029.XSHG,603269.XSHG,600355.XSHG,600455.XSHG,002209.XSHE,300736.XSHE,600506.XSHG,603729.XSHG,600493.XSHG,000695.XSHE,600137.XSHG,600302.XSHG,600796.XSHG,603518.XSHG,000702.XSHE,600766.XSHG,600615.XSHG,000609.XSHE,600444.XSHG,600689.XSHG,603813.XSHG,000586.XSHE,603196.XSHG,002205.XSHE,300665.XSHE,600847.XSHG,002830.XSHE,000633.XSHE,002800.XSHE,600719.XSHG,000622.XSHE,300535.XSHE,603725.XSHG,002857.XSHE,000691.XSHE,600706.XSHG,600202.XSHG,002691.XSHE,603286.XSHG,600714.XSHG,002667.XSHE,603320.XSHG,600992.XSHG
2020-12-01 09:30:00 - INFO  - QR_ORDER|2020-12-01|sell|000702.XSHE|212700|212700|held
2020-12-01 09:30:00 - ERROR - 下单失败，证券(300362.XSHE)今日停牌: StockOrder: _status=new, _security=Security(code=300362.XSHE), _amount=765000, _filled_amount=0, _locked_cash=0, _mode=OrderTargetAmount: _amount=0, _side=long, _style=MarketOrderStyle: _limit_price=0.0, _action=close, _commission=0, _avg_cost=0, _hold_cost=0, _order_cost=0, _margin=False, _order_id=1785142189, _comment=, _entrust_time=2020-12-01 09:30:00, _cancel_time=None, _finish_time=None
2020-12-01 09:30:00 - INFO  - QR_ORDER|2020-12-01|sell|300362.XSHE|none
2020-12-01 09:30:00 - INFO  - QR_ORDER|2020-12-01|sell|600506.XSHG|112700|112700|held
2020-12-01 09:30:00 - INFO  - QR_ORDER|2020-12-01|target|600520.XSHG|300|300|held
2020-12-01 09:30:00 - INFO  - QR_ORDER|2020-12-01|target|002633.XSHE|11200|11200|held
2020-12-01 09:30:00 - INFO  - QR_ORDER|2020-12-01|target|600768.XSHG|3300|3300|held
2020-12-01 09:30:00 - INFO  - QR_ORDER|2020-12-01|target|300478.XSHE|102700|102700|held
2020-12-01 09:30:00 - INFO  - QR_ORDER|2020-12-01|target|000502.XSHE|600|600|held
2020-12-01 09:30:00 - INFO  - QR_ORDER|2020-12-01|target|600778.XSHG|1000|1000|held
2020-12-01 09:30:00 - INFO  - QR_ORDER|2020-12-01|target|600561.XSHG|226100|226100|held
2020-12-01 09:30:00 - INFO  - QR_ORDER|2020-12-01|target|603029.XSHG|500|500|held
2020-12-01 09:30:00 - INFO  - QR_ORDER|2020-12-01|target|603269.XSHG|600|600|held
2020-12-01 09:30:00 - ERROR - 订单委托失败：StockOrder(entrust_id=1785142200 security=600355.XSHG mode=OrderTargetValue: _value=1134435.0519800005 style=MarketOrderStyle: _limit_price=0.0 side=long action=open margin=False entrust_time=2020-12-01 09:30:00 cancel_time=None finish_time=None comment= error=开仓数量不能小于 100)
2020-12-01 09:30:00 - INFO  - QR_ORDER|2020-12-01|target|600355.XSHG|none
2020-12-01 15:30:00 - INFO  - QR_HOLDINGS|2020-12-01|11|000502.XSHE,002633.XSHE,300362.XSHE,300478.XSHE,600355.XSHG,600520.XSHG,600561.XSHG,600768.XSHG,600778.XSHG,603029.XSHG,603269.XSHG|11554855.670600
2021-01-04 09:30:00 - INFO  - QR_CANDIDATES|2021-01-04|2020-12-31|3737|50|600520.XSHG,002633.XSHE,600768.XSHG,300736.XSHE,603029.XSHG,600766.XSHG,600778.XSHG,600615.XSHG,300478.XSHE,600355.XSHG,600455.XSHG,600561.XSHG,603269.XSHG,002862.XSHE,603729.XSHG,603518.XSHG,603813.XSHG,002209.XSHE,600137.XSHG,300665.XSHE,603958.XSHG,603286.XSHG,600099.XSHG,002858.XSHE,603196.XSHG,300716.XSHE,603822.XSHG,000609.XSHE,002205.XSHE,600493.XSHG,600444.XSHG,000586.XSHE,600689.XSHG,002830.XSHE,600793.XSHG,002800.XSHE,603320.XSHG,300535.XSHE,300167.XSHE,603725.XSHG,300553.XSHE,002857.XSHE,000691.XSHE,603860.XSHG,002760.XSHE,600506.XSHG,603316.XSHG,002748.XSHE,603090.XSHG,603580.XSHG
2021-01-04 09:30:00 - INFO  - QR_ORDER|2021-01-04|sell|000502.XSHE|149400|149400|held
2021-01-04 09:30:00 - ERROR - 下单失败，证券(300362.XSHE)今日停牌: StockOrder: _status=new, _security=Security(code=300362.XSHE), _amount=765000, _filled_amount=0, _locked_cash=0, _mode=OrderTargetAmount: _amount=0, _side=long, _style=MarketOrderStyle: _limit_price=0.0, _action=close, _commission=0, _avg_cost=0, _hold_cost=0, _order_cost=0, _margin=False, _order_id=1785142202, _comment=, _entrust_time=2021-01-04 09:30:00, _cancel_time=None, _finish_time=None
2021-01-04 09:30:00 - INFO  - QR_ORDER|2021-01-04|sell|300362.XSHE|none
2021-01-04 09:30:00 - INFO  - QR_ORDER|2021-01-04|sell|600561.XSHG|226100|226100|held
2021-01-04 09:30:00 - INFO  - QR_ORDER|2021-01-04|sell|603269.XSHG|600|600|held
2021-01-04 09:30:00 - INFO  - QR_ORDER|2021-01-04|target|600520.XSHG|7700|7700|held
2021-01-04 09:30:00 - INFO  - QR_ORDER|2021-01-04|target|002633.XSHE|10100|10100|held
2021-01-04 09:30:00 - INFO  - QR_ORDER|2021-01-04|target|600768.XSHG|5200|5200|held
2021-01-04 09:30:00 - INFO  - QR_ORDER|2021-01-04|target|300736.XSHE|113500|113500|held
2021-01-04 09:30:00 - INFO  - QR_ORDER|2021-01-04|target|603029.XSHG|4900|4900|held
2021-01-04 09:30:00 - INFO  - QR_ORDER|2021-01-04|target|600766.XSHG|194800|194800|held
2021-01-04 09:30:00 - INFO  - QR_ORDER|2021-01-04|target|600778.XSHG|9100|9100|held
2021-01-04 09:30:00 - ERROR - 订单委托失败：StockOrder(entrust_id=1785142212 security=600615.XSHG mode=OrderTargetValue: _value=1050116.5443700005 style=MarketOrderStyle: _limit_price=0.0 side=long action=open margin=False entrust_time=2021-01-04 09:30:00 cancel_time=None finish_time=None comment= error=因为资金有限，下单数量调整为 40
开仓数量不能小于 100)
2021-01-04 09:30:00 - INFO  - QR_ORDER|2021-01-04|target|600615.XSHG|none
2021-01-04 09:30:00 - ERROR - 订单委托失败：StockOrder(entrust_id=1785142213 security=300478.XSHE mode=OrderTargetValue: _value=1050116.5443700005 style=MarketOrderStyle: _limit_price=0.0 side=long action=open margin=False entrust_time=2021-01-04 09:30:00 cancel_time=None finish_time=None comment= error=因为资金有限，下单数量调整为 27
开仓数量不能小于 100)
2021-01-04 09:30:00 - INFO  - QR_ORDER|2021-01-04|target|300478.XSHE|none
2021-01-04 09:30:00 - INFO  - QR_ORDER|2021-01-04|target|600355.XSHG|100|100|held
2021-01-04 15:30:00 - INFO  - QR_HOLDINGS|2021-01-04|10|002633.XSHE,300362.XSHE,300478.XSHE,300736.XSHE,600355.XSHG,600520.XSHG,600766.XSHG,600768.XSHG,600778.XSHG,603029.XSHG|10718554.973300
2021-02-01 09:30:00 - INFO  - QR_CANDIDATES|2021-02-01|2021-01-29|3754|50|002633.XSHE,000007.XSHE,300736.XSHE,600766.XSHG,002862.XSHE,300478.XSHE,600355.XSHG,600768.XSHG,603029.XSHG,600778.XSHG,600520.XSHG,600561.XSHG,600615.XSHG,300716.XSHE,000695.XSHE,603958.XSHG,603269.XSHG,603813.XSHG,600506.XSHG,600455.XSHG,603518.XSHG,603729.XSHG,300312.XSHE,603286.XSHG,002209.XSHE,000609.XSHE,603316.XSHG,600137.XSHG,603090.XSHG,300665.XSHE,600493.XSHG,300167.XSHE,300588.XSHE,600099.XSHG,002205.XSHE,002800.XSHE,300553.XSHE,600719.XSHG,600689.XSHG,002830.XSHE,603196.XSHG,000613.XSHE,300254.XSHE,603860.XSHG,000586.XSHE,002494.XSHE,603320.XSHG,300668.XSHE,603032.XSHG,300535.XSHE
2021-02-01 09:30:00 - ERROR - 下单失败，证券(300362.XSHE)今日停牌: StockOrder: _status=new, _security=Security(code=300362.XSHE), _amount=765000, _filled_amount=0, _locked_cash=0, _mode=OrderTargetAmount: _amount=0, _side=long, _style=MarketOrderStyle: _limit_price=0.0, _action=close, _commission=0, _avg_cost=0, _hold_cost=0, _order_cost=0, _margin=False, _order_id=1785142215, _comment=, _entrust_time=2021-02-01 09:30:00, _cancel_time=None, _finish_time=None
2021-02-01 09:30:00 - INFO  - QR_ORDER|2021-02-01|sell|300362.XSHE|none
2021-02-01 09:30:00 - INFO  - QR_ORDER|2021-02-01|sell|600520.XSHG|154400|154400|held
2021-02-01 09:30:00 - INFO  - QR_ORDER|2021-02-01|target|002633.XSHE|4700|4700|held
2021-02-01 09:30:00 - INFO  - QR_ORDER|2021-02-01|target|000007.XSHE|342500|342500|held
2021-02-01 09:30:00 - INFO  - QR_ORDER|2021-02-01|target|300736.XSHE|13000|13000|held
2021-02-01 09:30:00 - INFO  - QR_ORDER|2021-02-01|target|600766.XSHG|1800|1800|held
2021-02-01 09:30:00 - ERROR - 订单委托失败：StockOrder(entrust_id=1785142221 security=002862.XSHE mode=OrderTargetValue: _value=887168.4242900002 style=MarketOrderStyle: _limit_price=0.0 side=long action=open margin=False entrust_time=2021-02-01 09:30:00 cancel_time=None finish_time=None comment= error=因为资金有限，下单数量调整为 10
开仓数量不能小于 100)
2021-02-01 09:30:00 - INFO  - QR_ORDER|2021-02-01|target|002862.XSHE|none
2021-02-01 09:30:00 - ERROR - 订单委托失败：StockOrder(entrust_id=1785142222 security=300478.XSHE mode=OrderTargetValue: _value=887168.4242900002 style=MarketOrderStyle: _limit_price=0.0 side=long action=open margin=False entrust_time=2021-02-01 09:30:00 cancel_time=None finish_time=None comment= error=因为资金有限，下单数量调整为 10
开仓数量不能小于 100)
2021-02-01 09:30:00 - INFO  - QR_ORDER|2021-02-01|target|300478.XSHE|none
2021-02-01 09:30:00 - ERROR - 订单委托失败：StockOrder(entrust_id=1785142223 security=600355.XSHG mode=OrderTargetValue: _value=887168.4242900002 style=MarketOrderStyle: _limit_price=0.0 side=long action=open margin=False entrust_time=2021-02-01 09:30:00 cancel_time=None finish_time=None comment= error=因为资金有限，下单数量调整为 42
开仓数量不能小于 100)
2021-02-01 09:30:00 - INFO  - QR_ORDER|2021-02-01|target|600355.XSHG|none
2021-02-01 09:30:00 - INFO  - QR_ORDER|2021-02-01|target|600768.XSHG|2800|2800|held
2021-02-01 09:30:00 - INFO  - QR_ORDER|2021-02-01|target|603029.XSHG|1000|1000|held
2021-02-01 09:30:00 - INFO  - QR_ORDER|2021-02-01|target|600778.XSHG|5300|5300|held
2021-02-01 15:30:00 - INFO  - QR_HOLDINGS|2021-02-01|10|000007.XSHE,002633.XSHE,300362.XSHE,300478.XSHE,300736.XSHE,600355.XSHG,600766.XSHG,600768.XSHG,600778.XSHG,603029.XSHG|8828707.223700
2021-03-01 09:30:00 - INFO  - QR_CANDIDATES|2021-03-01|2021-02-26|3772|50|002633.XSHE,300736.XSHE,600768.XSHG,603029.XSHG,600355.XSHG,300478.XSHE,600520.XSHG,600778.XSHG,603813.XSHG,603269.XSHG,603729.XSHG,000609.XSHE,600561.XSHG,600615.XSHG,000502.XSHE,300716.XSHE,000695.XSHE,002209.XSHE,600455.XSHG,603286.XSHG,603090.XSHG,600766.XSHG,002830.XSHE,002862.XSHE,600137.XSHG,600506.XSHG,300665.XSHE,600493.XSHG,603518.XSHG,600689.XSHG,603196.XSHG,300588.XSHE,300167.XSHE,600719.XSHG,000929.XSHE,600444.XSHG,603580.XSHG,300254.XSHE,603958.XSHG,002205.XSHE,300557.XSHE,300553.XSHE,603320.XSHG,600847.XSHG,002800.XSHE,002748.XSHE,300700.XSHE,603860.XSHG,600099.XSHG,603316.XSHG
2021-03-01 09:30:00 - INFO  - QR_ORDER|2021-03-01|sell|000007.XSHE|342500|342500|held
2021-03-01 09:30:00 - ERROR - 下单失败，证券(300362.XSHE)今日停牌: StockOrder: _status=new, _security=Security(code=300362.XSHE), _amount=765000, _filled_amount=0, _locked_cash=0, _mode=OrderTargetAmount: _amount=0, _side=long, _style=MarketOrderStyle: _limit_price=0.0, _action=close, _commission=0, _avg_cost=0, _hold_cost=0, _order_cost=0, _margin=False, _order_id=1785142228, _comment=, _entrust_time=2021-03-01 09:30:00, _cancel_time=None, _finish_time=None
2021-03-01 09:30:00 - INFO  - QR_ORDER|2021-03-01|sell|300362.XSHE|none
2021-03-01 09:30:00 - INFO  - QR_ORDER|2021-03-01|sell|600766.XSHG|196600|0|canceled
2021-03-01 09:30:00 - INFO  - QR_ORDER|2021-03-01|target|002633.XSHE|3800|3800|held
2021-03-01 09:30:00 - INFO  - QR_ORDER|2021-03-01|target|300736.XSHE|1100|1100|held
2021-03-01 09:30:00 - INFO  - QR_ORDER|2021-03-01|target|600768.XSHG|13700|13700|held
2021-03-01 09:30:00 - INFO  - QR_ORDER|2021-03-01|target|603029.XSHG|8300|8300|held
2021-03-01 09:30:00 - INFO  - QR_ORDER|2021-03-01|target|600355.XSHG|65200|65200|held
2021-03-01 09:30:00 - INFO  - QR_ORDER|2021-03-01|target|300478.XSHE|13900|13900|held
2021-03-01 09:30:00 - INFO  - QR_ORDER|2021-03-01|target|600520.XSHG|129100|129100|held
2021-03-01 09:30:00 - ERROR - 订单委托失败：StockOrder(entrust_id=1785142237 security=600778.XSHG mode=OrderTargetValue: _value=989364.2961200003 style=MarketOrderStyle: _limit_price=0.0 side=long action=open margin=False entrust_time=2021-03-01 09:30:00 cancel_time=None finish_time=None comment= error=因为剩余可用资金/保证金不足，无法继续下单，aval_cash=-161.48429999640751)
2021-03-01 09:30:00 - INFO  - QR_ORDER|2021-03-01|target|600778.XSHG|none
2021-03-01 09:30:00 - ERROR - 订单委托失败：StockOrder(entrust_id=1785142238 security=603813.XSHG mode=OrderTargetValue: _value=989364.2961200003 style=MarketOrderStyle: _limit_price=0.0 side=long action=open margin=False entrust_time=2021-03-01 09:30:00 cancel_time=None finish_time=None comment= error=因为剩余可用资金/保证金不足，无法继续下单，aval_cash=-161.48429999640751)
2021-03-01 09:30:00 - INFO  - QR_ORDER|2021-03-01|target|603813.XSHG|none
2021-03-01 09:30:00 - ERROR - 订单委托失败：StockOrder(entrust_id=1785142239 security=603269.XSHG mode=OrderTargetValue: _value=989364.2961200003 style=MarketOrderStyle: _limit_price=0.0 side=long action=open margin=False entrust_time=2021-03-01 09:30:00 cancel_time=None finish_time=None comment= error=因为剩余可用资金/保证金不足，无法继续下单，aval_cash=-161.48429999640751)
2021-03-01 09:30:00 - INFO  - QR_ORDER|2021-03-01|target|603269.XSHG|none
2021-03-01 15:30:00 - INFO  - QR_HOLDINGS|2021-03-01|10|002633.XSHE,300362.XSHE,300478.XSHE,300736.XSHE,600355.XSHG,600520.XSHG,600766.XSHG,600768.XSHG,600778.XSHG,603029.XSHG|10044632.515700
2021-04-01 09:30:00 - INFO  - QR_CANDIDATES|2021-04-01|2021-03-31|3785|50|002633.XSHE,300736.XSHE,600766.XSHG,300478.XSHE,600520.XSHG,600768.XSHG,000609.XSHE,600355.XSHG,603269.XSHG,000502.XSHE,002862.XSHE,600778.XSHG,600561.XSHG,600455.XSHG,603729.XSHG,603029.XSHG,300716.XSHE,603813.XSHG,603286.XSHG,600615.XSHG,300167.XSHE,603090.XSHG,002209.XSHE,002748.XSHE,000695.XSHE,300553.XSHE,600444.XSHG,300264.XSHE,300700.XSHE,600847.XSHG,300254.XSHE,300668.XSHE,600493.XSHG,600689.XSHG,300535.XSHE,000007.XSHE,000929.XSHE,600099.XSHG,603320.XSHG,300626.XSHE,603958.XSHG,600213.XSHG,300743.XSHE,600506.XSHG,300665.XSHE,603721.XSHG,002779.XSHE,300588.XSHE,002691.XSHE,002694.XSHE
2021-04-01 09:30:00 - ERROR - 下单失败，证券(300362.XSHE)今日停牌: StockOrder: _status=new, _security=Security(code=300362.XSHE), _amount=765000, _filled_amount=0, _locked_cash=0, _mode=OrderTargetAmount: _amount=0, _side=long, _style=MarketOrderStyle: _limit_price=0.0, _action=close, _commission=0, _avg_cost=0, _hold_cost=0, _order_cost=0, _margin=False, _order_id=1785142240, _comment=, _entrust_time=2021-04-01 09:30:00, _cancel_time=None, _finish_time=None
2021-04-01 09:30:00 - INFO  - QR_ORDER|2021-04-01|sell|300362.XSHE|none
2021-04-01 09:30:00 - INFO  - QR_ORDER|2021-04-01|sell|600778.XSHG|266400|266400|held
2021-04-01 09:30:00 - INFO  - QR_ORDER|2021-04-01|sell|603029.XSHG|87000|87000|held
2021-04-01 09:30:00 - INFO  - QR_ORDER|2021-04-01|target|002633.XSHE|1900|1900|held
2021-04-01 09:30:00 - INFO  - QR_ORDER|2021-04-01|target|300736.XSHE|6800|6800|held
2021-04-01 09:30:00 - INFO  - QR_ORDER|2021-04-01|target|600766.XSHG|32900|32900|held
2021-04-01 09:30:00 - INFO  - QR_ORDER|2021-04-01|target|300478.XSHE|4600|4600|held
2021-04-01 09:30:00 - INFO  - QR_ORDER|2021-04-01|target|600520.XSHG|15700|15700|held
2021-04-01 09:30:00 - INFO  - QR_ORDER|2021-04-01|target|600768.XSHG|10400|10400|held
2021-04-01 09:30:00 - INFO  - QR_ORDER|2021-04-01|target|000609.XSHE|269600|269600|held
2021-04-01 09:30:00 - INFO  - QR_ORDER|2021-04-01|target|600355.XSHG|15900|15900|held
2021-04-01 09:30:00 - INFO  - QR_ORDER|2021-04-01|target|603269.XSHG|81800|81800|held
2021-04-01 09:30:00 - ERROR - 订单委托失败：StockOrder(entrust_id=1785142252 security=000502.XSHE mode=OrderTargetValue: _value=989446.3697700003 style=MarketOrderStyle: _limit_price=0.0 side=long action=open margin=False entrust_time=2021-04-01 09:30:00 cancel_time=None finish_time=None comment= error=因为资金有限，下单数量调整为 78
开仓数量不能小于 100)
2021-04-01 09:30:00 - INFO  - QR_ORDER|2021-04-01|target|000502.XSHE|none
2021-04-01 15:30:00 - INFO  - QR_HOLDINGS|2021-04-01|10|000609.XSHE,002633.XSHE,300362.XSHE,300478.XSHE,300736.XSHE,600355.XSHG,600520.XSHG,600766.XSHG,600768.XSHG,603269.XSHG|9899907.984500
2021-05-06 09:30:00 - INFO  - QR_CANDIDATES|2021-05-06|2021-04-30|3800|50|300736.XSHE,002633.XSHE,300478.XSHE,600520.XSHG,600768.XSHG,600355.XSHG,600455.XSHG,603269.XSHG,603813.XSHG,603029.XSHG,600561.XSHG,600778.XSHG,000695.XSHE,300700.XSHE,300167.XSHE,002862.XSHE,603090.XSHG,002209.XSHE,002205.XSHE,603286.XSHG,600137.XSHG,002830.XSHE,300668.XSHE,300716.XSHE,000702.XSHE,600847.XSHG,600493.XSHG,603356.XSHG,600444.XSHG,300535.XSHE,300553.XSHE,300619.XSHE,002494.XSHE,300554.XSHE,603580.XSHG,603958.XSHG,300717.XSHE,300557.XSHE,300588.XSHE,600099.XSHG,002207.XSHE,002691.XSHE,000586.XSHE,300626.XSHE,002112.XSHE,600156.XSHG,600213.XSHG,300264.XSHE,002779.XSHE,002694.XSHE
2021-05-06 09:30:00 - INFO  - QR_ORDER|2021-05-06|sell|000609.XSHE|269600|0|canceled
2021-05-06 09:30:00 - ERROR - 下单失败，证券(300362.XSHE)今日停牌: StockOrder: _status=new, _security=Security(code=300362.XSHE), _amount=765000, _filled_amount=0, _locked_cash=0, _mode=OrderTargetAmount: _amount=0, _side=long, _style=MarketOrderStyle: _limit_price=0.0, _action=close, _commission=0, _avg_cost=0, _hold_cost=0, _order_cost=0, _margin=False, _order_id=1785142254, _comment=, _entrust_time=2021-05-06 09:30:00, _cancel_time=None, _finish_time=None
2021-05-06 09:30:00 - INFO  - QR_ORDER|2021-05-06|sell|300362.XSHE|none
2021-05-06 09:30:00 - INFO  - QR_ORDER|2021-05-06|sell|600766.XSHG|229500|0|canceled
2021-05-06 09:30:00 - INFO  - QR_ORDER|2021-05-06|target|300736.XSHE|4900|4900|held
2021-05-06 09:30:00 - INFO  - QR_ORDER|2021-05-06|target|002633.XSHE|13800|13800|held
2021-05-06 09:30:00 - INFO  - QR_ORDER|2021-05-06|target|300478.XSHE|4100|4100|held
2021-05-06 09:30:00 - INFO  - QR_ORDER|2021-05-06|target|600520.XSHG|3600|3600|held
2021-05-06 09:30:00 - INFO  - QR_ORDER|2021-05-06|target|600768.XSHG|1000|1000|held
2021-05-06 09:30:00 - INFO  - QR_ORDER|2021-05-06|target|600355.XSHG|6200|6200|held
2021-05-06 09:30:00 - INFO  - QR_ORDER|2021-05-06|target|600455.XSHG|11800|11800|held
2021-05-06 09:30:00 - INFO  - QR_ORDER|2021-05-06|target|603269.XSHG|100|100|held
2021-05-06 09:30:00 - ERROR - 订单委托失败：StockOrder(entrust_id=1785142264 security=603813.XSHG mode=OrderTargetValue: _value=953900.3984500004 style=MarketOrderStyle: _limit_price=0.0 side=long action=open margin=False entrust_time=2021-05-06 09:30:00 cancel_time=None finish_time=None comment= error=因为资金有限，下单数量调整为 34
开仓数量不能小于 100)
2021-05-06 09:30:00 - INFO  - QR_ORDER|2021-05-06|target|603813.XSHG|none
2021-05-06 09:30:00 - ERROR - 订单委托失败：StockOrder(entrust_id=1785142265 security=603029.XSHG mode=OrderTargetValue: _value=953900.3984500004 style=MarketOrderStyle: _limit_price=0.0 side=long action=open margin=False entrust_time=2021-05-06 09:30:00 cancel_time=None finish_time=None comment= error=因为资金有限，下单数量调整为 36
开仓数量不能小于 100)
2021-05-06 09:30:00 - INFO  - QR_ORDER|2021-05-06|target|603029.XSHG|none
2021-05-06 15:30:00 - INFO  - QR_HOLDINGS|2021-05-06|11|000609.XSHE,002633.XSHE,300362.XSHE,300478.XSHE,300736.XSHE,600355.XSHG,600455.XSHG,600520.XSHG,600766.XSHG,600768.XSHG,603269.XSHG|9589375.815700
2021-06-01 09:30:00 - INFO  - QR_CANDIDATES|2021-06-01|2021-05-31|3820|50|002633.XSHE,600768.XSHG,600455.XSHG,603389.XSHG,300478.XSHE,600520.XSHG,603029.XSHG,600561.XSHG,603269.XSHG,603813.XSHG,600778.XSHG,603286.XSHG,603090.XSHG,002830.XSHE,600355.XSHG,300668.XSHE,002209.XSHE,603356.XSHG,000695.XSHE,300700.XSHE,000702.XSHE,002205.XSHE,000586.XSHE,600847.XSHG,300535.XSHE,300553.XSHE,603958.XSHG,002836.XSHE,300557.XSHE,002779.XSHE,600099.XSHG,002691.XSHE,002800.XSHE,300167.XSHE,600444.XSHG,600493.XSHG,002494.XSHE,002112.XSHE,603860.XSHG,600796.XSHG,600689.XSHG,603709.XSHG,300665.XSHE,600706.XSHG,600302.XSHG,300654.XSHE,603320.XSHG,002694.XSHE,002207.XSHE,000622.XSHE
2021-06-01 09:30:00 - INFO  - QR_ORDER|2021-06-01|sell|000609.XSHE|269600|269600|held
2021-06-01 09:30:00 - ERROR - 下单失败，证券(300362.XSHE)今日停牌: StockOrder: _status=new, _security=Security(code=300362.XSHE), _amount=765000, _filled_amount=0, _locked_cash=0, _mode=OrderTargetAmount: _amount=0, _side=long, _style=MarketOrderStyle: _limit_price=0.0, _action=close, _commission=0, _avg_cost=0, _hold_cost=0, _order_cost=0, _margin=False, _order_id=1785142267, _comment=, _entrust_time=2021-06-01 09:30:00, _cancel_time=None, _finish_time=None
2021-06-01 09:30:00 - INFO  - QR_ORDER|2021-06-01|sell|300362.XSHE|none
2021-06-01 09:30:00 - INFO  - QR_ORDER|2021-06-01|sell|300736.XSHE|129500|129500|held
2021-06-01 09:30:00 - INFO  - QR_ORDER|2021-06-01|sell|600355.XSHG|431700|431700|held
2021-06-01 09:30:00 - INFO  - QR_ORDER|2021-06-01|sell|600766.XSHG|229500|229500|held
2021-06-01 09:30:00 - INFO  - QR_ORDER|2021-06-01|target|002633.XSHE|6600|6600|held
2021-06-01 09:30:00 - INFO  - QR_ORDER|2021-06-01|target|600768.XSHG|5800|5800|held
2021-06-01 09:30:00 - INFO  - QR_ORDER|2021-06-01|target|600455.XSHG|45100|45100|held
2021-06-01 09:30:00 - INFO  - QR_ORDER|2021-06-01|target|603389.XSHG|234500|234500|held
2021-06-01 09:30:00 - INFO  - QR_ORDER|2021-06-01|target|300478.XSHE|3400|3400|held
2021-06-01 09:30:00 - INFO  - QR_ORDER|2021-06-01|target|600520.XSHG|400|400|held
2021-06-01 09:30:00 - INFO  - QR_ORDER|2021-06-01|target|603029.XSHG|83000|83000|held
2021-06-01 09:30:00 - INFO  - QR_ORDER|2021-06-01|target|600561.XSHG|250400|250400|held
2021-06-01 09:30:00 - INFO  - QR_ORDER|2021-06-01|target|603269.XSHG|6500|6500|held
2021-06-01 09:30:00 - ERROR - 订单委托失败：StockOrder(entrust_id=1785142280 security=603813.XSHG mode=OrderTargetValue: _value=1034217.2136100003 style=MarketOrderStyle: _limit_price=0.0 side=long action=open margin=False entrust_time=2021-06-01 09:30:00 cancel_time=None finish_time=None comment= error=因为资金有限，下单数量调整为 24
开仓数量不能小于 100)
2021-06-01 09:30:00 - INFO  - QR_ORDER|2021-06-01|target|603813.XSHG|none
2021-06-01 15:30:00 - INFO  - QR_HOLDINGS|2021-06-01|10|002633.XSHE,300362.XSHE,300478.XSHE,600455.XSHG,600520.XSHG,600561.XSHG,600768.XSHG,603029.XSHG,603269.XSHG,603389.XSHG|10524772.052500
2021-07-01 09:30:00 - INFO  - QR_CANDIDATES|2021-07-01|2021-06-30|3844|50|600455.XSHG,002633.XSHE,600768.XSHG,600561.XSHG,603813.XSHG,603269.XSHG,300478.XSHE,603029.XSHG,600778.XSHG,603389.XSHG,603286.XSHG,002830.XSHE,000702.XSHE,000695.XSHE,002205.XSHE,600689.XSHG,600493.XSHG,002209.XSHE,603356.XSHG,002800.XSHE,603090.XSHG,603580.XSHG,603860.XSHG,002836.XSHE,300700.XSHE,002779.XSHE,002494.XSHE,603709.XSHG,600099.XSHG,300535.XSHE,000586.XSHE,300668.XSHE,002691.XSHE,600444.XSHG,600847.XSHG,600719.XSHG,002112.XSHE,600355.XSHG,603316.XSHG,603917.XSHG,300736.XSHE,000679.XSHE,600137.XSHG,600520.XSHG,600250.XSHG,000622.XSHE,603320.XSHG,600202.XSHG,300557.XSHE,300553.XSHE
2021-07-01 09:30:00 - ERROR - 下单失败，证券(300362.XSHE)今日停牌: StockOrder: _status=new, _security=Security(code=300362.XSHE), _amount=765000, _filled_amount=0, _locked_cash=0, _mode=OrderTargetAmount: _amount=0, _side=long, _style=MarketOrderStyle: _limit_price=0.0, _action=close, _commission=0, _avg_cost=0, _hold_cost=0, _order_cost=0, _margin=False, _order_id=1785142281, _comment=, _entrust_time=2021-07-01 09:30:00, _cancel_time=None, _finish_time=None
2021-07-01 09:30:00 - INFO  - QR_ORDER|2021-07-01|sell|300362.XSHE|none
2021-07-01 09:30:00 - INFO  - QR_ORDER|2021-07-01|sell|600520.XSHG|141600|141600|held
2021-07-01 09:30:00 - INFO  - QR_ORDER|2021-07-01|target|600455.XSHG|4300|4300|held
2021-07-01 09:30:00 - INFO  - QR_ORDER|2021-07-01|target|002633.XSHE|5300|5300|held
2021-07-01 09:30:00 - INFO  - QR_ORDER|2021-07-01|target|600768.XSHG|4000|4000|held
2021-07-01 09:30:00 - INFO  - QR_ORDER|2021-07-01|target|600561.XSHG|14000|14000|held
2021-07-01 09:30:00 - INFO  - QR_ORDER|2021-07-01|target|603813.XSHG|81900|81900|held
2021-07-01 09:30:00 - INFO  - QR_ORDER|2021-07-01|target|603269.XSHG|13400|13400|held
2021-07-01 09:30:00 - ERROR - 订单委托失败：StockOrder(entrust_id=1785142289 security=300478.XSHE mode=OrderTargetValue: _value=1100046.7610900004 style=MarketOrderStyle: _limit_price=0.0 side=long action=open margin=False entrust_time=2021-07-01 09:30:00 cancel_time=None finish_time=None comment= error=因为资金有限，下单数量调整为 60
开仓数量不能小于 100)
2021-07-01 09:30:00 - INFO  - QR_ORDER|2021-07-01|target|300478.XSHE|none
2021-07-01 09:30:00 - ERROR - 订单委托失败：StockOrder(entrust_id=1785142290 security=603029.XSHG mode=OrderTargetValue: _value=1100046.7610900004 style=MarketOrderStyle: _limit_price=0.0 side=long action=open margin=False entrust_time=2021-07-01 09:30:00 cancel_time=None finish_time=None comment= error=因为资金有限，下单数量调整为 43
开仓数量不能小于 100)
2021-07-01 09:30:00 - INFO  - QR_ORDER|2021-07-01|target|603029.XSHG|none
2021-07-01 09:30:00 - INFO  - QR_ORDER|2021-07-01|target|600778.XSHG|100|0|canceled
2021-07-01 09:30:00 - INFO  - QR_ORDER|2021-07-01|target|603389.XSHG|400|400|held
2021-07-01 15:30:00 - INFO  - QR_HOLDINGS|2021-07-01|10|002633.XSHE,300362.XSHE,300478.XSHE,600455.XSHG,600561.XSHG,600768.XSHG,603029.XSHG,603269.XSHG,603389.XSHG,603813.XSHG|10894042.032000
2021-08-02 09:30:00 - INFO  - QR_CANDIDATES|2021-08-02|2021-07-30|3874|50|600455.XSHG,002633.XSHE,603813.XSHG,000702.XSHE,603269.XSHG,600561.XSHG,600768.XSHG,603029.XSHG,603389.XSHG,002830.XSHE,600689.XSHG,600493.XSHG,300478.XSHE,002836.XSHE,002209.XSHE,000679.XSHE,603860.XSHG,600778.XSHG,603580.XSHG,002800.XSHE,002205.XSHE,002883.XSHE,603709.XSHG,600706.XSHG,603316.XSHG,603286.XSHG,002494.XSHE,300668.XSHE,600719.XSHG,002417.XSHE,603356.XSHG,000014.XSHE,600250.XSHG,002890.XSHE,600302.XSHG,300736.XSHE,000622.XSHE,002862.XSHE,600355.XSHG,600520.XSHG,600156.XSHG,002193.XSHE,600137.XSHG,600202.XSHG,002691.XSHE,300654.XSHE,002779.XSHE,603725.XSHG,600791.XSHG,002207.XSHE
2021-08-02 09:30:00 - INFO  - QR_ORDER|2021-08-02|sell|300362.XSHE|765000|765000|held
2021-08-02 09:30:00 - INFO  - QR_ORDER|2021-08-02|sell|300478.XSHE|113700|113700|held
2021-08-02 09:30:00 - INFO  - QR_ORDER|2021-08-02|target|600455.XSHG|1000|1000|held
2021-08-02 09:30:00 - INFO  - QR_ORDER|2021-08-02|target|002633.XSHE|4100|4100|held
2021-08-02 09:30:00 - ERROR - 订单委托失败：StockOrder(entrust_id=1785142297 security=603813.XSHG mode=OrderTargetValue: _value=1014629.8021800003 style=MarketOrderStyle: _limit_price=0.0 side=long action=close margin=False entrust_time=2021-08-02 09:30:00 cancel_time=None finish_time=None comment= error=平仓数量不能小于 100)
2021-08-02 09:30:00 - INFO  - QR_ORDER|2021-08-02|target|603813.XSHG|none
2021-08-02 09:30:00 - INFO  - QR_ORDER|2021-08-02|target|000702.XSHE|237000|237000|held
2021-08-02 09:30:00 - INFO  - QR_ORDER|2021-08-02|target|603269.XSHG|3300|3300|held
2021-08-02 09:30:00 - INFO  - QR_ORDER|2021-08-02|target|600561.XSHG|14400|14400|held
2021-08-02 09:30:00 - INFO  - QR_ORDER|2021-08-02|target|600768.XSHG|15700|15700|held
2021-08-02 09:30:00 - INFO  - QR_ORDER|2021-08-02|target|603029.XSHG|4100|4100|held
2021-08-02 09:30:00 - INFO  - QR_ORDER|2021-08-02|target|603389.XSHG|12500|12500|held
2021-08-02 09:30:00 - INFO  - QR_ORDER|2021-08-02|target|002830.XSHE|110000|110000|held
2021-08-02 15:30:00 - INFO  - QR_HOLDINGS|2021-08-02|10|000702.XSHE,002633.XSHE,002830.XSHE,600455.XSHG,600561.XSHG,600768.XSHG,603029.XSHG,603269.XSHG,603389.XSHG,603813.XSHG|10339247.024500
2021-09-01 09:30:00 - INFO  - QR_CANDIDATES|2021-09-01|2021-08-31|3927|50|600455.XSHG,300478.XSHE,002633.XSHE,603813.XSHG,000702.XSHE,600768.XSHG,002417.XSHE,603709.XSHG,603269.XSHG,002836.XSHE,603029.XSHG,600520.XSHG,000679.XSHE,600689.XSHG,603356.XSHG,603860.XSHG,600778.XSHG,603580.XSHG,002883.XSHE,600493.XSHG,002830.XSHE,603389.XSHG,002205.XSHE,002800.XSHE,603316.XSHG,002209.XSHE,000014.XSHE,300654.XSHE,600719.XSHG,600847.XSHG,600561.XSHG,600355.XSHG,600250.XSHG,002193.XSHE,300736.XSHE,000622.XSHE,002848.XSHE,600137.XSHG,603021.XSHG,002856.XSHE,002890.XSHE,300668.XSHE,002494.XSHE,000929.XSHE,603499.XSHG,300254.XSHE,600156.XSHG,002112.XSHE,600302.XSHG,002779.XSHE
2021-09-01 09:30:00 - INFO  - QR_ORDER|2021-09-01|sell|002830.XSHE|110000|110000|held
2021-09-01 09:30:00 - INFO  - QR_ORDER|2021-09-01|sell|600561.XSHG|250000|250000|held
2021-09-01 09:30:00 - INFO  - QR_ORDER|2021-09-01|sell|603029.XSHG|78900|78900|held
2021-09-01 09:30:00 - INFO  - QR_ORDER|2021-09-01|sell|603389.XSHG|221600|221600|held
2021-09-01 09:30:00 - INFO  - QR_ORDER|2021-09-01|target|600455.XSHG|700|700|held
2021-09-01 09:30:00 - INFO  - QR_ORDER|2021-09-01|target|300478.XSHE|119700|119700|held
2021-09-01 09:30:00 - INFO  - QR_ORDER|2021-09-01|target|002633.XSHE|1400|1400|held
2021-09-01 09:30:00 - INFO  - QR_ORDER|2021-09-01|target|603813.XSHG|1000|1000|held
2021-09-01 09:30:00 - INFO  - QR_ORDER|2021-09-01|target|000702.XSHE|11900|11900|held
2021-09-01 09:30:00 - INFO  - QR_ORDER|2021-09-01|target|600768.XSHG|10500|10500|held
2021-09-01 09:30:00 - INFO  - QR_ORDER|2021-09-01|target|002417.XSHE|236900|236900|held
2021-09-01 09:30:00 - INFO  - QR_ORDER|2021-09-01|target|603709.XSHG|69400|69400|held
2021-09-01 09:30:00 - INFO  - QR_ORDER|2021-09-01|target|603269.XSHG|2000|2000|held
2021-09-01 09:30:00 - INFO  - QR_ORDER|2021-09-01|target|002836.XSHE|135900|135900|held
2021-09-01 15:30:00 - INFO  - QR_HOLDINGS|2021-09-01|10|000702.XSHE,002417.XSHE,002633.XSHE,002836.XSHE,300478.XSHE,600455.XSHG,600768.XSHG,603269.XSHG,603709.XSHG,603813.XSHG|11387054.346600
2021-10-08 09:30:00 - INFO  - QR_CANDIDATES|2021-10-08|2021-09-30|3989|50|300478.XSHE,600768.XSHG,002633.XSHE,603813.XSHG,600455.XSHG,002417.XSHE,000702.XSHE,603029.XSHG,600520.XSHG,603709.XSHG,002209.XSHE,002836.XSHE,600689.XSHG,603580.XSHG,603316.XSHG,603286.XSHG,603860.XSHG,603269.XSHG,600493.XSHG,600847.XSHG,002800.XSHE,002830.XSHE,300654.XSHE,002883.XSHE,600137.XSHG,300700.XSHE,600778.XSHG,000679.XSHE,002848.XSHE,002193.XSHE,603499.XSHG,603389.XSHG,002205.XSHE,600706.XSHG,600250.XSHG,300557.XSHE,603958.XSHG,600355.XSHG,300254.XSHE,000014.XSHE,000586.XSHE,688215.XSHG,000929.XSHE,600561.XSHG,002890.XSHE,002856.XSHE,603021.XSHG,600302.XSHG,603090.XSHG,300554.XSHE
2021-10-08 09:30:00 - INFO  - QR_ORDER|2021-10-08|sell|002836.XSHE|135900|135900|held
2021-10-08 09:30:00 - INFO  - QR_ORDER|2021-10-08|sell|603269.XSHG|96500|96500|held
2021-10-08 09:30:00 - INFO  - QR_ORDER|2021-10-08|target|300478.XSHE|10200|10200|held
2021-10-08 09:30:00 - INFO  - QR_ORDER|2021-10-08|target|600768.XSHG|6200|6200|held
2021-10-08 09:30:00 - INFO  - QR_ORDER|2021-10-08|target|002633.XSHE|3300|3300|held
2021-10-08 09:30:00 - INFO  - QR_ORDER|2021-10-08|target|603813.XSHG|1300|1300|held
2021-10-08 09:30:00 - INFO  - QR_ORDER|2021-10-08|target|600455.XSHG|2500|2500|held
2021-10-08 09:30:00 - INFO  - QR_ORDER|2021-10-08|target|002417.XSHE|9100|9100|held
2021-10-08 09:30:00 - INFO  - QR_ORDER|2021-10-08|target|000702.XSHE|8800|8800|held
2021-10-08 09:30:00 - INFO  - QR_ORDER|2021-10-08|target|603029.XSHG|84100|84100|held
2021-10-08 09:30:00 - INFO  - QR_ORDER|2021-10-08|target|600520.XSHG|137200|137200|held
2021-10-08 09:30:00 - INFO  - QR_ORDER|2021-10-08|target|603709.XSHG|1000|1000|held
2021-10-08 15:30:00 - INFO  - QR_HOLDINGS|2021-10-08|10|000702.XSHE,002417.XSHE,002633.XSHE,300478.XSHE,600455.XSHG,600520.XSHG,600768.XSHG,603029.XSHG,603709.XSHG,603813.XSHG|11282173.497300
2021-11-01 09:30:00 - INFO  - QR_CANDIDATES|2021-11-01|2021-10-29|4028|50|002633.XSHE,600768.XSHG,603029.XSHG,600455.XSHG,603813.XSHG,002209.XSHE,002417.XSHE,600520.XSHG,000702.XSHE,002830.XSHE,603709.XSHG,603389.XSHG,002205.XSHE,600561.XSHG,600778.XSHG,603316.XSHG,603269.XSHG,300478.XSHE,002836.XSHE,603860.XSHG,002883.XSHE,600847.XSHG,600689.XSHG,688215.XSHG,002781.XSHE,300668.XSHE,300700.XSHE,002193.XSHE,300654.XSHE,603580.XSHG,002848.XSHE,300254.XSHE,603958.XSHG,603286.XSHG,600137.XSHG,300743.XSHE,002112.XSHE,300716.XSHE,300557.XSHE,600302.XSHG,300554.XSHE,002494.XSHE,300717.XSHE,002875.XSHE,688096.XSHG,002800.XSHE,002691.XSHE,000679.XSHE,000014.XSHE,300535.XSHE
2021-11-01 09:30:00 - INFO  - QR_ORDER|2021-11-01|sell|300478.XSHE|129900|129900|held
2021-11-01 09:30:00 - INFO  - QR_ORDER|2021-11-01|sell|603709.XSHG|68400|68400|held
2021-11-01 09:30:00 - INFO  - QR_ORDER|2021-11-01|target|002633.XSHE|4100|4100|held
2021-11-01 09:30:00 - INFO  - QR_ORDER|2021-11-01|target|600768.XSHG|1300|1300|held
2021-11-01 09:30:00 - INFO  - QR_ORDER|2021-11-01|target|603029.XSHG|4000|4000|held
2021-11-01 09:30:00 - INFO  - QR_ORDER|2021-11-01|target|600455.XSHG|1000|1000|held
2021-11-01 09:30:00 - INFO  - QR_ORDER|2021-11-01|target|603813.XSHG|1500|1500|held
2021-11-01 09:30:00 - INFO  - QR_ORDER|2021-11-01|target|002209.XSHE|182200|182200|held
2021-11-01 09:30:00 - INFO  - QR_ORDER|2021-11-01|target|002417.XSHE|4800|4800|held
2021-11-01 09:30:00 - INFO  - QR_ORDER|2021-11-01|target|600520.XSHG|8800|8800|held
2021-11-01 09:30:00 - INFO  - QR_ORDER|2021-11-01|target|000702.XSHE|3200|3200|held
2021-11-01 09:30:00 - INFO  - QR_ORDER|2021-11-01|target|002830.XSHE|118400|118400|held
2021-11-01 15:30:00 - INFO  - QR_HOLDINGS|2021-11-01|10|000702.XSHE,002209.XSHE,002417.XSHE,002633.XSHE,002830.XSHE,600455.XSHG,600520.XSHG,600768.XSHG,603029.XSHG,603813.XSHG|10853918.971200
2021-12-01 09:30:00 - INFO  - QR_CANDIDATES|2021-12-01|2021-11-30|4060|50|002633.XSHE,002209.XSHE,603813.XSHG,600768.XSHG,603029.XSHG,000702.XSHE,603709.XSHG,300478.XSHE,002417.XSHE,600561.XSHG,600778.XSHG,002830.XSHE,002205.XSHE,603389.XSHG,002883.XSHE,600689.XSHG,603316.XSHG,603860.XSHG,600455.XSHG,002781.XSHE,603958.XSHG,600520.XSHG,000679.XSHE,688215.XSHG,600250.XSHG,603269.XSHG,000014.XSHE,002836.XSHE,600137.XSHG,300654.XSHE,002848.XSHE,600355.XSHG,002691.XSHE,000691.XSHE,603021.XSHG,300700.XSHE,600791.XSHG,688096.XSHG,002800.XSHE,002856.XSHE,002890.XSHE,600539.XSHG,002494.XSHE,300716.XSHE,002868.XSHE,300554.XSHE,300254.XSHE,002112.XSHE,600156.XSHG,000856.XSHE
2021-12-01 09:30:00 - INFO  - QR_ORDER|2021-12-01|sell|002830.XSHE|118400|118400|held
2021-12-01 09:30:00 - INFO  - QR_ORDER|2021-12-01|sell|600455.XSHG|58000|58000|held
2021-12-01 09:30:00 - INFO  - QR_ORDER|2021-12-01|sell|600520.XSHG|146000|146000|held
2021-12-01 09:30:00 - INFO  - QR_ORDER|2021-12-01|target|002633.XSHE|5300|5300|held
2021-12-01 09:30:00 - INFO  - QR_ORDER|2021-12-01|target|002209.XSHE|9200|9200|held
2021-12-01 09:30:00 - INFO  - QR_ORDER|2021-12-01|target|603813.XSHG|3100|3100|held
2021-12-01 09:30:00 - INFO  - QR_ORDER|2021-12-01|target|600768.XSHG|1300|1300|held
2021-12-01 09:30:00 - INFO  - QR_ORDER|2021-12-01|target|603029.XSHG|800|800|held
2021-12-01 09:30:00 - INFO  - QR_ORDER|2021-12-01|target|000702.XSHE|8100|8100|held
2021-12-01 09:30:00 - INFO  - QR_ORDER|2021-12-01|target|603709.XSHG|75100|75100|held
2021-12-01 09:30:00 - INFO  - QR_ORDER|2021-12-01|target|300478.XSHE|119300|119300|held
2021-12-01 09:30:00 - INFO  - QR_ORDER|2021-12-01|target|002417.XSHE|2200|2200|held
2021-12-01 09:30:00 - INFO  - QR_ORDER|2021-12-01|target|600561.XSHG|259600|259600|held
2021-12-01 15:30:00 - INFO  - QR_HOLDINGS|2021-12-01|10|000702.XSHE,002209.XSHE,002417.XSHE,002633.XSHE,300478.XSHE,600561.XSHG,600768.XSHG,603029.XSHG,603709.XSHG,603813.XSHG|12307713.284900
2022-01-04 09:30:00 - INFO  - QR_CANDIDATES|2022-01-04|2021-12-31|4096|50|600768.XSHG,002633.XSHE,300478.XSHE,000702.XSHE,002209.XSHE,603029.XSHG,603709.XSHG,603389.XSHG,002417.XSHE,600778.XSHG,600520.XSHG,688215.XSHG,002830.XSHE,600455.XSHG,600137.XSHG,600561.XSHG,600689.XSHG,603269.XSHG,603316.XSHG,300716.XSHE,603860.XSHG,002207.XSHE,002848.XSHE,603813.XSHG,603958.XSHG,002205.XSHE,300736.XSHE,002856.XSHE,300700.XSHE,000691.XSHE,603580.XSHG,000679.XSHE,300554.XSHE,002836.XSHE,688096.XSHG,600250.XSHG,300743.XSHE,002781.XSHE,002875.XSHE,300717.XSHE,000014.XSHE,002883.XSHE,300167.XSHE,002800.XSHE,600355.XSHG,002890.XSHE,002112.XSHE,300330.XSHE,300535.XSHE,002193.XSHE
2022-01-04 09:30:00 - INFO  - QR_ORDER|2022-01-04|sell|600561.XSHG|259600|259600|held
2022-01-04 09:30:00 - INFO  - QR_ORDER|2022-01-04|sell|603813.XSHG|86200|86200|held
2022-01-04 09:30:00 - INFO  - QR_ORDER|2022-01-04|target|600768.XSHG|7800|7800|held
2022-01-04 09:30:00 - INFO  - QR_ORDER|2022-01-04|target|002633.XSHE|2600|2600|held
2022-01-04 09:30:00 - INFO  - QR_ORDER|2022-01-04|target|300478.XSHE|7500|7500|held
2022-01-04 09:30:00 - INFO  - QR_ORDER|2022-01-04|target|000702.XSHE|6900|6900|held
2022-01-04 09:30:00 - INFO  - QR_ORDER|2022-01-04|target|002209.XSHE|4200|4200|held
2022-01-04 09:30:00 - INFO  - QR_ORDER|2022-01-04|target|603029.XSHG|1500|1500|held
2022-01-04 09:30:00 - INFO  - QR_ORDER|2022-01-04|target|603709.XSHG|1200|1200|held
2022-01-04 09:30:00 - INFO  - QR_ORDER|2022-01-04|target|603389.XSHG|244100|244100|held
2022-01-04 09:30:00 - INFO  - QR_ORDER|2022-01-04|target|002417.XSHE|200|200|held
2022-01-04 09:30:00 - INFO  - QR_ORDER|2022-01-04|target|600778.XSHG|287000|287000|held
2022-01-04 15:30:00 - INFO  - QR_HOLDINGS|2022-01-04|10|000702.XSHE,002209.XSHE,002417.XSHE,002633.XSHE,300478.XSHE,600768.XSHG,600778.XSHG,603029.XSHG,603389.XSHG,603709.XSHG|13280387.093200
2022-02-07 09:30:00 - INFO  - QR_CANDIDATES|2022-02-07|2022-01-28|4131|50|600768.XSHG,688309.XSHG,000702.XSHE,603709.XSHG,603813.XSHG,002633.XSHE,603029.XSHG,002209.XSHE,603389.XSHG,688215.XSHG,600520.XSHG,600455.XSHG,600137.XSHG,603958.XSHG,600778.XSHG,603269.XSHG,002205.XSHE,300478.XSHE,600689.XSHG,002830.XSHE,002836.XSHE,002883.XSHE,603316.XSHG,002781.XSHE,000679.XSHE,300736.XSHE,300654.XSHE,002848.XSHE,600561.XSHG,603860.XSHG,688096.XSHG,300716.XSHE,600355.XSHG,603580.XSHG,600719.XSHG,000691.XSHE,300554.XSHE,002112.XSHE,002800.XSHE,600493.XSHG,002890.XSHE,002719.XSHE,002629.XSHE,002856.XSHE,002207.XSHE,300836.XSHE,002862.XSHE,300167.XSHE,300417.XSHE,002193.XSHE
2022-02-07 09:30:00 - INFO  - QR_ORDER|2022-02-07|sell|002417.XSHE|253200|0|canceled
2022-02-07 09:30:00 - INFO  - QR_ORDER|2022-02-07|sell|300478.XSHE|126800|126800|held
2022-02-07 09:30:00 - INFO  - QR_ORDER|2022-02-07|sell|600778.XSHG|287000|287000|held
2022-02-07 09:30:00 - INFO  - QR_ORDER|2022-02-07|target|600768.XSHG|10000|10000|held
2022-02-07 09:30:00 - ERROR - 订单委托失败：StockOrder(entrust_id=1785142372 security=688309.XSHG mode=OrderTargetValue: _value=1324178.5620400005 style=MarketOrderStyle: _limit_price=0.0 side=long action=open margin=False entrust_time=2022-02-07 09:30:00 cancel_time=None finish_time=None comment= error=科创板市价单需要指定保护限价，取值必须大于 0 且小于 1 万元)
2022-02-07 09:30:00 - INFO  - QR_ORDER|2022-02-07|target|688309.XSHG|none
2022-02-07 09:30:00 - INFO  - QR_ORDER|2022-02-07|target|000702.XSHE|18100|18100|held
2022-02-07 09:30:00 - INFO  - QR_ORDER|2022-02-07|target|603709.XSHG|5500|5500|held
2022-02-07 09:30:00 - INFO  - QR_ORDER|2022-02-07|target|603813.XSHG|90600|90600|held
2022-02-07 09:30:00 - INFO  - QR_ORDER|2022-02-07|target|002633.XSHE|400|400|held
2022-02-07 09:30:00 - INFO  - QR_ORDER|2022-02-07|target|603029.XSHG|3500|3500|held
2022-02-07 09:30:00 - INFO  - QR_ORDER|2022-02-07|target|002209.XSHE|10100|10100|held
2022-02-07 09:30:00 - INFO  - QR_ORDER|2022-02-07|target|603389.XSHG|12500|12500|held
2022-02-07 09:30:00 - ERROR - 订单委托失败：StockOrder(entrust_id=1785142380 security=688215.XSHG mode=OrderTargetValue: _value=1324178.5620400005 style=MarketOrderStyle: _limit_price=0.0 side=long action=open margin=False entrust_time=2022-02-07 09:30:00 cancel_time=None finish_time=None comment= error=科创板市价单需要指定保护限价，取值必须大于 0 且小于 1 万元)
2022-02-07 09:30:00 - INFO  - QR_ORDER|2022-02-07|target|688215.XSHG|none
2022-02-07 15:30:00 - INFO  - QR_HOLDINGS|2022-02-07|9|000702.XSHE,002209.XSHE,002417.XSHE,002633.XSHE,600768.XSHG,603029.XSHG,603389.XSHG,603709.XSHG,603813.XSHG|13462715.239400
2022-03-01 09:30:00 - INFO  - QR_CANDIDATES|2022-03-01|2022-02-28|4172|50|688309.XSHG,603709.XSHG,002633.XSHE,600768.XSHG,000702.XSHE,603389.XSHG,688215.XSHG,600778.XSHG,002209.XSHE,603958.XSHG,603813.XSHG,600137.XSHG,600455.XSHG,300716.XSHE,300736.XSHE,002883.XSHE,002862.XSHE,002193.XSHE,002830.XSHE,002848.XSHE,002417.XSHE,600520.XSHG,603269.XSHG,002856.XSHE,000691.XSHE,000679.XSHE,300654.XSHE,300478.XSHE,600689.XSHG,002719.XSHE,603286.XSHG,002836.XSHE,600355.XSHG,603725.XSHG,603356.XSHG,603499.XSHG,688096.XSHG,002205.XSHE,300417.XSHE,600719.XSHG,300836.XSHE,603580.XSHG,002513.XSHE,300554.XSHE,600493.XSHG,002781.XSHE,000929.XSHE,603860.XSHG,002890.XSHE,300779.XSHE
2022-03-01 09:30:00 - INFO  - QR_ORDER|2022-03-01|sell|002417.XSHE|253200|253200|held
2022-03-01 09:30:00 - INFO  - QR_ORDER|2022-03-01|sell|603029.XSHG|93900|93900|held
2022-03-01 09:30:00 - INFO  - QR_ORDER|2022-03-01|sell|603813.XSHG|90600|90600|held
2022-03-01 09:30:00 - ERROR - 订单委托失败：StockOrder(entrust_id=1785142384 security=688309.XSHG mode=OrderTargetValue: _value=1397532.7081800005 style=MarketOrderStyle: _limit_price=0.0 side=long action=open margin=False entrust_time=2022-03-01 09:30:00 cancel_time=None finish_time=None comment= error=科创板市价单需要指定保护限价，取值必须大于 0 且小于 1 万元)
2022-03-01 09:30:00 - INFO  - QR_ORDER|2022-03-01|target|688309.XSHG|none
2022-03-01 09:30:00 - INFO  - QR_ORDER|2022-03-01|target|603709.XSHG|1700|1700|held
2022-03-01 09:30:00 - INFO  - QR_ORDER|2022-03-01|target|002633.XSHE|5000|5000|held
2022-03-01 09:30:00 - INFO  - QR_ORDER|2022-03-01|target|600768.XSHG|8300|8300|held
2022-03-01 09:30:00 - INFO  - QR_ORDER|2022-03-01|target|000702.XSHE|6600|6600|held
2022-03-01 09:30:00 - INFO  - QR_ORDER|2022-03-01|target|603389.XSHG|7000|7000|held
2022-03-01 09:30:00 - ERROR - 订单委托失败：StockOrder(entrust_id=1785142390 security=688215.XSHG mode=OrderTargetValue: _value=1397532.7081800005 style=MarketOrderStyle: _limit_price=0.0 side=long action=open margin=False entrust_time=2022-03-01 09:30:00 cancel_time=None finish_time=None comment= error=科创板市价单需要指定保护限价，取值必须大于 0 且小于 1 万元)
2022-03-01 09:30:00 - INFO  - QR_ORDER|2022-03-01|target|688215.XSHG|none
2022-03-01 09:30:00 - INFO  - QR_ORDER|2022-03-01|target|600778.XSHG|307800|307800|held
2022-03-01 09:30:00 - INFO  - QR_ORDER|2022-03-01|target|002209.XSHE|5000|5000|held
2022-03-01 09:30:00 - INFO  - QR_ORDER|2022-03-01|target|603958.XSHG|215600|215600|held
2022-03-01 15:30:00 - INFO  - QR_HOLDINGS|2022-03-01|8|000702.XSHE,002209.XSHE,002633.XSHE,600768.XSHG,600778.XSHG,603389.XSHG,603709.XSHG,603958.XSHG|14338070.686300
2022-04-01 09:30:00 - INFO  - QR_CANDIDATES|2022-04-01|2022-03-31|4199|50|688309.XSHG,600768.XSHG,603709.XSHG,600455.XSHG,688215.XSHG,300478.XSHE,300736.XSHE,002633.XSHE,002417.XSHE,603958.XSHG,002862.XSHE,603389.XSHG,603813.XSHG,002883.XSHE,600137.XSHG,300717.XSHE,300779.XSHE,002890.XSHE,688096.XSHG,000702.XSHE,002209.XSHE,603580.XSHG,688081.XSHG,300417.XSHE,300836.XSHE,688218.XSHG,688679.XSHG,002629.XSHE,000929.XSHE,603286.XSHG,300606.XSHE,600520.XSHG,002719.XSHE,603269.XSHG,000679.XSHE,600778.XSHG,603499.XSHG,300594.XSHE,300013.XSHE,002856.XSHE,600689.XSHG,300665.XSHE,688379.XSHG,002848.XSHE,300849.XSHE,300321.XSHE,300553.XSHE,603860.XSHG,000586.XSHE,300282.XSHE
2022-04-01 09:30:00 - INFO  - QR_ORDER|2022-04-01|sell|000702.XSHE|269800|269800|held
2022-04-01 09:30:00 - INFO  - QR_ORDER|2022-04-01|sell|002209.XSHE|192300|192300|held
2022-04-01 09:30:00 - INFO  - QR_ORDER|2022-04-01|sell|600778.XSHG|307800|307800|held
2022-04-01 09:30:00 - INFO  - QR_ORDER|2022-04-01|sell|603389.XSHG|263600|263600|held
2022-04-01 09:30:00 - ERROR - 订单委托失败：StockOrder(entrust_id=1785142398 security=688309.XSHG mode=OrderTargetValue: _value=1437448.9445800004 style=MarketOrderStyle: _limit_price=0.0 side=long action=open margin=False entrust_time=2022-04-01 09:30:00 cancel_time=None finish_time=None comment= error=科创板市价单需要指定保护限价，取值必须大于 0 且小于 1 万元)
2022-04-01 09:30:00 - INFO  - QR_ORDER|2022-04-01|target|688309.XSHG|none
2022-04-01 09:30:00 - INFO  - QR_ORDER|2022-04-01|target|600768.XSHG|12100|12100|held
2022-04-01 09:30:00 - INFO  - QR_ORDER|2022-04-01|target|603709.XSHG|3900|3900|held
2022-04-01 09:30:00 - INFO  - QR_ORDER|2022-04-01|target|600455.XSHG|67200|67200|held
2022-04-01 09:30:00 - ERROR - 订单委托失败：StockOrder(entrust_id=1785142402 security=688215.XSHG mode=OrderTargetValue: _value=1437448.9445800004 style=MarketOrderStyle: _limit_price=0.0 side=long action=open margin=False entrust_time=2022-04-01 09:30:00 cancel_time=None finish_time=None comment= error=科创板市价单需要指定保护限价，取值必须大于 0 且小于 1 万元)
2022-04-01 09:30:00 - INFO  - QR_ORDER|2022-04-01|target|688215.XSHG|none
2022-04-01 09:30:00 - INFO  - QR_ORDER|2022-04-01|target|300478.XSHE|134400|134400|held
2022-04-01 09:30:00 - INFO  - QR_ORDER|2022-04-01|target|300736.XSHE|134200|134200|held
2022-04-01 09:30:00 - INFO  - QR_ORDER|2022-04-01|target|002633.XSHE|2800|2800|held
2022-04-01 09:30:00 - INFO  - QR_ORDER|2022-04-01|target|002417.XSHE|281300|281300|held
2022-04-01 09:30:00 - INFO  - QR_ORDER|2022-04-01|target|603958.XSHG|4100|4100|held
2022-04-01 15:30:00 - INFO  - QR_HOLDINGS|2022-04-01|8|002417.XSHE,002633.XSHE,300478.XSHE,300736.XSHE,600455.XSHG,600768.XSHG,603709.XSHG,603958.XSHG|14258443.773000
2022-05-05 09:30:00 - INFO  - QR_CANDIDATES|2022-05-05|2022-04-29|4247|50|600768.XSHG,688215.XSHG,600455.XSHG,002633.XSHE,002856.XSHE,603709.XSHG,603389.XSHG,002862.XSHE,300282.XSHE,603958.XSHG,600520.XSHG,300736.XSHE,603813.XSHG,300554.XSHE,603269.XSHG,000702.XSHE,603286.XSHG,002209.XSHE,300417.XSHE,300779.XSHE,688218.XSHG,300665.XSHE,300717.XSHE,603580.XSHG,002883.XSHE,002848.XSHE,002652.XSHE,688081.XSHG,603161.XSHG,300321.XSHE,603725.XSHG,688004.XSHG,688379.XSHG,300899.XSHE,603499.XSHG,300836.XSHE,300807.XSHE,002890.XSHE,300535.XSHE,000691.XSHE,002830.XSHE,688679.XSHG,688555.XSHG,603029.XSHG,300594.XSHE,002719.XSHE,002112.XSHE,688096.XSHG,600561.XSHG,002899.XSHE
2022-05-05 09:30:00 - INFO  - QR_ORDER|2022-05-05|sell|002417.XSHE|281300|281300|held
2022-05-05 09:30:00 - INFO  - QR_ORDER|2022-05-05|sell|300478.XSHE|134400|134400|held
2022-05-05 09:30:00 - INFO  - QR_ORDER|2022-05-05|sell|300736.XSHE|134200|134200|held
2022-05-05 09:30:00 - INFO  - QR_ORDER|2022-05-05|target|600768.XSHG|2600|2600|held
2022-05-05 09:30:00 - ERROR - 订单委托失败：StockOrder(entrust_id=1785142412 security=688215.XSHG mode=OrderTargetValue: _value=1203592.8366100006 style=MarketOrderStyle: _limit_price=0.0 side=long action=open margin=False entrust_time=2022-05-05 09:30:00 cancel_time=None finish_time=None comment= error=科创板市价单需要指定保护限价，取值必须大于 0 且小于 1 万元)
2022-05-05 09:30:00 - INFO  - QR_ORDER|2022-05-05|target|688215.XSHG|none
2022-05-05 09:30:00 - INFO  - QR_ORDER|2022-05-05|target|600455.XSHG|1900|1900|held
2022-05-05 09:30:00 - INFO  - QR_ORDER|2022-05-05|target|002633.XSHE|8900|8900|held
2022-05-05 09:30:00 - INFO  - QR_ORDER|2022-05-05|target|002856.XSHE|144800|144800|held
2022-05-05 09:30:00 - INFO  - QR_ORDER|2022-05-05|target|603709.XSHG|2500|2500|held
2022-05-05 09:30:00 - INFO  - QR_ORDER|2022-05-05|target|603389.XSHG|272300|272300|held
2022-05-05 09:30:00 - INFO  - QR_ORDER|2022-05-05|target|002862.XSHE|122600|122600|held
2022-05-05 09:30:00 - INFO  - QR_ORDER|2022-05-05|target|300282.XSHE|384500|384500|held
2022-05-05 09:30:00 - INFO  - QR_ORDER|2022-05-05|target|603958.XSHG|7300|7300|held
2022-05-05 15:30:00 - INFO  - QR_HOLDINGS|2022-05-05|9|002633.XSHE,002856.XSHE,002862.XSHE,300282.XSHE,600455.XSHG,600768.XSHG,603389.XSHG,603709.XSHG,603958.XSHG|12275534.832200
2022-06-01 09:30:00 - INFO  - QR_CANDIDATES|2022-06-01|2022-05-31|4295|50|688555.XSHG,688215.XSHG,600768.XSHG,600455.XSHG,603709.XSHG,300736.XSHE,002633.XSHE,603958.XSHG,603389.XSHG,300417.XSHE,300554.XSHE,002862.XSHE,603269.XSHG,603286.XSHG,002652.XSHE,600520.XSHG,000691.XSHE,300717.XSHE,600137.XSHG,300779.XSHE,688004.XSHG,300665.XSHE,603729.XSHG,603813.XSHG,688218.XSHG,300807.XSHE,688379.XSHG,300478.XSHE,002890.XSHE,688679.XSHG,300535.XSHE,300321.XSHE,603725.XSHG,002209.XSHE,002830.XSHE,300899.XSHE,300836.XSHE,002899.XSHE,000702.XSHE,603580.XSHG,600355.XSHG,300845.XSHE,688081.XSHG,300594.XSHE,600539.XSHG,300449.XSHE,603499.XSHG,600493.XSHG,300749.XSHE,688096.XSHG
2022-06-01 09:30:00 - INFO  - QR_ORDER|2022-06-01|sell|002856.XSHE|144800|144800|held
2022-06-01 09:30:00 - INFO  - QR_ORDER|2022-06-01|sell|002862.XSHE|122600|122600|held
2022-06-01 09:30:00 - INFO  - QR_ORDER|2022-06-01|sell|300282.XSHE|384500|384500|held
2022-06-01 09:30:00 - ERROR - 订单委托失败：StockOrder(entrust_id=1785142424 security=688555.XSHG mode=OrderTargetValue: _value=1354690.0597500007 style=MarketOrderStyle: _limit_price=0.0 side=long action=open margin=False entrust_time=2022-06-01 09:30:00 cancel_time=None finish_time=None comment= error=科创板市价单需要指定保护限价，取值必须大于 0 且小于 1 万元)
2022-06-01 09:30:00 - INFO  - QR_ORDER|2022-06-01|target|688555.XSHG|none
2022-06-01 09:30:00 - ERROR - 订单委托失败：StockOrder(entrust_id=1785142425 security=688215.XSHG mode=OrderTargetValue: _value=1354690.0597500007 style=MarketOrderStyle: _limit_price=0.0 side=long action=open margin=False entrust_time=2022-06-01 09:30:00 cancel_time=None finish_time=None comment= error=科创板市价单需要指定保护限价，取值必须大于 0 且小于 1 万元)
2022-06-01 09:30:00 - INFO  - QR_ORDER|2022-06-01|target|688215.XSHG|none
2022-06-01 09:30:00 - INFO  - QR_ORDER|2022-06-01|target|600768.XSHG|1300|1300|held
2022-06-01 09:30:00 - INFO  - QR_ORDER|2022-06-01|target|600455.XSHG|900|900|held
2022-06-01 09:30:00 - INFO  - QR_ORDER|2022-06-01|target|603709.XSHG|2400|2400|held
2022-06-01 09:30:00 - INFO  - QR_ORDER|2022-06-01|target|300736.XSHE|143000|143000|held
2022-06-01 09:30:00 - INFO  - QR_ORDER|2022-06-01|target|002633.XSHE|2000|2000|held
2022-06-01 09:30:00 - INFO  - QR_ORDER|2022-06-01|target|603958.XSHG|2200|2200|held
2022-06-01 09:30:00 - INFO  - QR_ORDER|2022-06-01|target|603389.XSHG|2400|2400|held
2022-06-01 09:30:00 - INFO  - QR_ORDER|2022-06-01|target|300417.XSHE|141200|141200|held
2022-06-01 15:30:00 - INFO  - QR_HOLDINGS|2022-06-01|8|002633.XSHE,300417.XSHE,300736.XSHE,600455.XSHG,600768.XSHG,603389.XSHG,603709.XSHG,603958.XSHG|13697336.021600
2022-07-01 09:30:00 - INFO  - QR_CANDIDATES|2022-07-01|2022-06-30|4312|50|688555.XSHG,600455.XSHG,688215.XSHG,600768.XSHG,603729.XSHG,603709.XSHG,300736.XSHE,603269.XSHG,002209.XSHE,300779.XSHE,603813.XSHG,300417.XSHE,300478.XSHE,002862.XSHE,002633.XSHE,603958.XSHG,002856.XSHE,300717.XSHE,002719.XSHE,600520.XSHG,688681.XSHG,600137.XSHG,000691.XSHE,688004.XSHG,002828.XSHE,002830.XSHE,688067.XSHG,300899.XSHE,603580.XSHG,688379.XSHG,300665.XSHE,688679.XSHG,300321.XSHE,300535.XSHE,603389.XSHG,000702.XSHE,603029.XSHG,603860.XSHG,688096.XSHG,300716.XSHE,002629.XSHE,603725.XSHG,603286.XSHG,002899.XSHE,600539.XSHG,002652.XSHE,603161.XSHG,300449.XSHE,300845.XSHE,300807.XSHE
2022-07-01 09:30:00 - INFO  - QR_ORDER|2022-07-01|sell|002633.XSHE|160400|160400|held
2022-07-01 09:30:00 - INFO  - QR_ORDER|2022-07-01|sell|300417.XSHE|141200|141200|held
2022-07-01 09:30:00 - INFO  - QR_ORDER|2022-07-01|sell|603389.XSHG|274700|274700|held
2022-07-01 09:30:00 - INFO  - QR_ORDER|2022-07-01|sell|603958.XSHG|229200|229200|held
2022-07-01 09:30:00 - ERROR - 订单委托失败：StockOrder(entrust_id=1785142438 security=688555.XSHG mode=OrderTargetValue: _value=1401895.3589600006 style=MarketOrderStyle: _limit_price=0.0 side=long action=open margin=False entrust_time=2022-07-01 09:30:00 cancel_time=None finish_time=None comment= error=科创板市价单需要指定保护限价，取值必须大于 0 且小于 1 万元)
2022-07-01 09:30:00 - INFO  - QR_ORDER|2022-07-01|target|688555.XSHG|none
2022-07-01 09:30:00 - INFO  - QR_ORDER|2022-07-01|target|600455.XSHG|2500|2500|held
2022-07-01 09:30:00 - ERROR - 订单委托失败：StockOrder(entrust_id=1785142440 security=688215.XSHG mode=OrderTargetValue: _value=1401895.3589600006 style=MarketOrderStyle: _limit_price=0.0 side=long action=open margin=False entrust_time=2022-07-01 09:30:00 cancel_time=None finish_time=None comment= error=科创板市价单需要指定保护限价，取值必须大于 0 且小于 1 万元)
2022-07-01 09:30:00 - INFO  - QR_ORDER|2022-07-01|target|688215.XSHG|none
2022-07-01 09:30:00 - INFO  - QR_ORDER|2022-07-01|target|600768.XSHG|3000|3000|held
2022-07-01 09:30:00 - INFO  - QR_ORDER|2022-07-01|target|603729.XSHG|104600|104600|held
2022-07-01 09:30:00 - INFO  - QR_ORDER|2022-07-01|target|603709.XSHG|300|300|held
2022-07-01 09:30:00 - INFO  - QR_ORDER|2022-07-01|target|300736.XSHE|1600|1600|held
2022-07-01 09:30:00 - INFO  - QR_ORDER|2022-07-01|target|603269.XSHG|118500|118500|held
2022-07-01 09:30:00 - INFO  - QR_ORDER|2022-07-01|target|002209.XSHE|205500|205500|held
2022-07-01 09:30:00 - INFO  - QR_ORDER|2022-07-01|target|300779.XSHE|104300|104300|held
2022-07-01 15:30:00 - INFO  - QR_HOLDINGS|2022-07-01|8|002209.XSHE,300736.XSHE,300779.XSHE,600455.XSHG,600768.XSHG,603269.XSHG,603709.XSHG,603729.XSHG|13979237.572700
2022-08-01 09:30:00 - INFO  - QR_CANDIDATES|2022-08-01|2022-07-29|4347|50|688555.XSHG,002719.XSHE,600455.XSHG,603729.XSHG,600768.XSHG,603709.XSHG,300736.XSHE,688215.XSHG,300478.XSHE,603958.XSHG,600137.XSHG,000691.XSHE,002862.XSHE,688067.XSHG,603389.XSHG,688004.XSHG,300779.XSHE,000023.XSHE,300899.XSHE,300717.XSHE,300417.XSHE,300535.XSHE,300321.XSHE,603269.XSHG,002830.XSHE,600539.XSHG,603813.XSHG,002899.XSHE,300716.XSHE,688679.XSHG,300665.XSHE,002629.XSHE,600493.XSHG,002828.XSHE,603860.XSHG,300845.XSHE,603029.XSHG,002633.XSHE,300749.XSHE,603725.XSHG,000929.XSHE,002652.XSHE,688096.XSHG,300807.XSHE,000609.XSHE,000679.XSHE,688379.XSHG,600561.XSHG,688038.XSHG,603316.XSHG
2022-08-01 09:30:00 - INFO  - QR_ORDER|2022-08-01|sell|002209.XSHE|205500|205500|held
2022-08-01 09:30:00 - INFO  - QR_ORDER|2022-08-01|sell|300779.XSHE|104300|104300|held
2022-08-01 09:30:00 - INFO  - QR_ORDER|2022-08-01|sell|603269.XSHG|118500|118500|held
2022-08-01 09:30:00 - ERROR - 订单委托失败：StockOrder(entrust_id=1785142451 security=688555.XSHG mode=OrderTargetValue: _value=1511321.4057600007 style=MarketOrderStyle: _limit_price=0.0 side=long action=open margin=False entrust_time=2022-08-01 09:30:00 cancel_time=None finish_time=None comment= error=科创板市价单需要指定保护限价，取值必须大于 0 且小于 1 万元)
2022-08-01 09:30:00 - INFO  - QR_ORDER|2022-08-01|target|688555.XSHG|none
2022-08-01 09:30:00 - INFO  - QR_ORDER|2022-08-01|target|002719.XSHE|203900|203900|held
2022-08-01 09:30:00 - INFO  - QR_ORDER|2022-08-01|target|600455.XSHG|1300|1300|held
2022-08-01 09:30:00 - INFO  - QR_ORDER|2022-08-01|target|603729.XSHG|1900|1900|held
2022-08-01 09:30:00 - INFO  - QR_ORDER|2022-08-01|target|600768.XSHG|600|600|held
2022-08-01 09:30:00 - INFO  - QR_ORDER|2022-08-01|target|603709.XSHG|4400|4400|held
2022-08-01 09:30:00 - INFO  - QR_ORDER|2022-08-01|target|300736.XSHE|5400|5400|held
2022-08-01 09:30:00 - ERROR - 订单委托失败：StockOrder(entrust_id=1785142458 security=688215.XSHG mode=OrderTargetValue: _value=1511321.4057600007 style=MarketOrderStyle: _limit_price=0.0 side=long action=open margin=False entrust_time=2022-08-01 09:30:00 cancel_time=None finish_time=None comment= error=科创板市价单需要指定保护限价，取值必须大于 0 且小于 1 万元)
2022-08-01 09:30:00 - INFO  - QR_ORDER|2022-08-01|target|688215.XSHG|none
2022-08-01 09:30:00 - INFO  - QR_ORDER|2022-08-01|target|300478.XSHE|144000|144000|held
2022-08-01 09:30:00 - INFO  - QR_ORDER|2022-08-01|target|603958.XSHG|237200|237200|held
2022-08-01 15:30:00 - INFO  - QR_HOLDINGS|2022-08-01|8|002719.XSHE,300478.XSHE,300736.XSHE,600455.XSHG,600768.XSHG,603709.XSHG,603729.XSHG,603958.XSHG|15207031.069800
2022-09-01 09:30:00 - INFO  - QR_CANDIDATES|2022-09-01|2022-08-31|4401|50|688555.XSHG,688215.XSHG,688004.XSHG,600455.XSHG,603709.XSHG,600768.XSHG,603729.XSHG,688081.XSHG,300478.XSHE,002719.XSHE,688096.XSHG,603813.XSHG,300736.XSHE,600137.XSHG,603580.XSHG,688067.XSHG,300899.XSHE,603269.XSHG,300535.XSHE,000023.XSHE,300716.XSHE,603029.XSHG,300417.XSHE,300665.XSHE,300321.XSHE,300717.XSHE,002633.XSHE,002830.XSHE,300779.XSHE,688316.XSHG,002652.XSHE,603860.XSHG,688379.XSHG,688092.XSHG,002899.XSHE,300807.XSHE,300555.XSHE,300836.XSHE,688367.XSHG,688500.XSHG,600539.XSHG,300845.XSHE,603389.XSHG,002849.XSHE,301024.XSHE,300594.XSHE,688679.XSHG,688681.XSHG,600493.XSHG,603499.XSHG
2022-09-01 09:30:00 - INFO  - QR_ORDER|2022-09-01|sell|300736.XSHE|146800|146800|held
2022-09-01 09:30:00 - INFO  - QR_ORDER|2022-09-01|sell|603958.XSHG|237200|237200|held
2022-09-01 09:30:00 - ERROR - 订单委托失败：StockOrder(entrust_id=1785142463 security=688555.XSHG mode=OrderTargetValue: _value=1543295.4268200006 style=MarketOrderStyle: _limit_price=0.0 side=long action=open margin=False entrust_time=2022-09-01 09:30:00 cancel_time=None finish_time=None comment= error=科创板市价单需要指定保护限价，取值必须大于 0 且小于 1 万元)
2022-09-01 09:30:00 - INFO  - QR_ORDER|2022-09-01|target|688555.XSHG|none
2022-09-01 09:30:00 - ERROR - 订单委托失败：StockOrder(entrust_id=1785142464 security=688215.XSHG mode=OrderTargetValue: _value=1543295.4268200006 style=MarketOrderStyle: _limit_price=0.0 side=long action=open margin=False entrust_time=2022-09-01 09:30:00 cancel_time=None finish_time=None comment= error=科创板市价单需要指定保护限价，取值必须大于 0 且小于 1 万元)
2022-09-01 09:30:00 - INFO  - QR_ORDER|2022-09-01|target|688215.XSHG|none
2022-09-01 09:30:00 - ERROR - 订单委托失败：StockOrder(entrust_id=1785142465 security=688004.XSHG mode=OrderTargetValue: _value=1543295.4268200006 style=MarketOrderStyle: _limit_price=0.0 side=long action=open margin=False entrust_time=2022-09-01 09:30:00 cancel_time=None finish_time=None comment= error=科创板市价单需要指定保护限价，取值必须大于 0 且小于 1 万元)
2022-09-01 09:30:00 - INFO  - QR_ORDER|2022-09-01|target|688004.XSHG|none
2022-09-01 09:30:00 - INFO  - QR_ORDER|2022-09-01|target|600455.XSHG|3300|3300|held
2022-09-01 09:30:00 - INFO  - QR_ORDER|2022-09-01|target|603709.XSHG|2200|2200|held
2022-09-01 09:30:00 - INFO  - QR_ORDER|2022-09-01|target|600768.XSHG|500|500|held
2022-09-01 09:30:00 - INFO  - QR_ORDER|2022-09-01|target|603729.XSHG|700|700|held
2022-09-01 09:30:00 - ERROR - 订单委托失败：StockOrder(entrust_id=1785142470 security=688081.XSHG mode=OrderTargetValue: _value=1543295.4268200006 style=MarketOrderStyle: _limit_price=0.0 side=long action=open margin=False entrust_time=2022-09-01 09:30:00 cancel_time=None finish_time=None comment= error=科创板市价单需要指定保护限价，取值必须大于 0 且小于 1 万元)
2022-09-01 09:30:00 - INFO  - QR_ORDER|2022-09-01|target|688081.XSHG|none
2022-09-01 09:30:00 - INFO  - QR_ORDER|2022-09-01|target|300478.XSHE|1400|1400|held
2022-09-01 09:30:00 - INFO  - QR_ORDER|2022-09-01|target|002719.XSHE|7000|7000|held
2022-09-01 15:30:00 - INFO  - QR_HOLDINGS|2022-09-01|6|002719.XSHE,300478.XSHE,600455.XSHG,600768.XSHG,603709.XSHG,603729.XSHG|15500627.610500
2022-10-10 09:30:00 - INFO  - QR_CANDIDATES|2022-10-10|2022-09-30|4437|50|688555.XSHG,688215.XSHG,688004.XSHG,600455.XSHG,600768.XSHG,688081.XSHG,603729.XSHG,603709.XSHG,688096.XSHG,002719.XSHE,300899.XSHE,300478.XSHE,300321.XSHE,300417.XSHE,300535.XSHE,688067.XSHG,688701.XSHG,688316.XSHG,603029.XSHG,002633.XSHE,603269.XSHG,300717.XSHE,300555.XSHE,600137.XSHG,603860.XSHG,300665.XSHE,002652.XSHE,300807.XSHE,603958.XSHG,300836.XSHE,300779.XSHE,300169.XSHE,688092.XSHG,603499.XSHG,603389.XSHG,688379.XSHG,002830.XSHE,688367.XSHG,300594.XSHE,000691.XSHE,300626.XSHE,600493.XSHG,000023.XSHE,301024.XSHE,688500.XSHG,603725.XSHG,688681.XSHG,002209.XSHE,600506.XSHG,600561.XSHG
2022-10-10 09:30:00 - INFO  - QR_ORDER|2022-10-10|sell|300478.XSHE|145400|145400|held
2022-10-10 09:30:00 - ERROR - 订单委托失败：StockOrder(entrust_id=1785142474 security=688555.XSHG mode=OrderTargetValue: _value=1452962.1214500007 style=MarketOrderStyle: _limit_price=0.0 side=long action=open margin=False entrust_time=2022-10-10 09:30:00 cancel_time=None finish_time=None comment= error=科创板市价单需要指定保护限价，取值必须大于 0 且小于 1 万元)
2022-10-10 09:30:00 - INFO  - QR_ORDER|2022-10-10|target|688555.XSHG|none
2022-10-10 09:30:00 - ERROR - 订单委托失败：StockOrder(entrust_id=1785142475 security=688215.XSHG mode=OrderTargetValue: _value=1452962.1214500007 style=MarketOrderStyle: _limit_price=0.0 side=long action=open margin=False entrust_time=2022-10-10 09:30:00 cancel_time=None finish_time=None comment= error=科创板市价单需要指定保护限价，取值必须大于 0 且小于 1 万元)
2022-10-10 09:30:00 - INFO  - QR_ORDER|2022-10-10|target|688215.XSHG|none
2022-10-10 09:30:00 - ERROR - 订单委托失败：StockOrder(entrust_id=1785142476 security=688004.XSHG mode=OrderTargetValue: _value=1452962.1214500007 style=MarketOrderStyle: _limit_price=0.0 side=long action=open margin=False entrust_time=2022-10-10 09:30:00 cancel_time=None finish_time=None comment= error=科创板市价单需要指定保护限价，取值必须大于 0 且小于 1 万元)
2022-10-10 09:30:00 - INFO  - QR_ORDER|2022-10-10|target|688004.XSHG|none
2022-10-10 09:30:00 - INFO  - QR_ORDER|2022-10-10|target|600455.XSHG|2400|2400|held
2022-10-10 09:30:00 - INFO  - QR_ORDER|2022-10-10|target|600768.XSHG|9700|9700|held
2022-10-10 09:30:00 - ERROR - 订单委托失败：StockOrder(entrust_id=1785142479 security=688081.XSHG mode=OrderTargetValue: _value=1452962.1214500007 style=MarketOrderStyle: _limit_price=0.0 side=long action=open margin=False entrust_time=2022-10-10 09:30:00 cancel_time=None finish_time=None comment= error=科创板市价单需要指定保护限价，取值必须大于 0 且小于 1 万元)
2022-10-10 09:30:00 - INFO  - QR_ORDER|2022-10-10|target|688081.XSHG|none
2022-10-10 09:30:00 - INFO  - QR_ORDER|2022-10-10|target|603729.XSHG|7300|7300|held
2022-10-10 09:30:00 - INFO  - QR_ORDER|2022-10-10|target|603709.XSHG|3300|3300|held
2022-10-10 09:30:00 - ERROR - 订单委托失败：StockOrder(entrust_id=1785142482 security=688096.XSHG mode=OrderTargetValue: _value=1452962.1214500007 style=MarketOrderStyle: _limit_price=0.0 side=long action=open margin=False entrust_time=2022-10-10 09:30:00 cancel_time=None finish_time=None comment= error=科创板市价单需要指定保护限价，取值必须大于 0 且小于 1 万元)
2022-10-10 09:30:00 - INFO  - QR_ORDER|2022-10-10|target|688096.XSHG|none
2022-10-10 09:30:00 - INFO  - QR_ORDER|2022-10-10|target|002719.XSHE|8000|8000|held
2022-10-10 15:30:00 - INFO  - QR_HOLDINGS|2022-10-10|5|002719.XSHE,600455.XSHG,600768.XSHG,603709.XSHG,603729.XSHG|14328823.120300
2022-11-01 09:30:00 - INFO  - QR_CANDIDATES|2022-11-01|2022-10-31|4467|50|688555.XSHG,603729.XSHG,603709.XSHG,600768.XSHG,300478.XSHE,688215.XSHG,002719.XSHE,600455.XSHG,688004.XSHG,688701.XSHG,688081.XSHG,002856.XSHE,688096.XSHG,300321.XSHE,300535.XSHE,603958.XSHG,300899.XSHE,600137.XSHG,002652.XSHE,688379.XSHG,600561.XSHG,688067.XSHG,603269.XSHG,603860.XSHG,002633.XSHE,600506.XSHG,300417.XSHE,000691.XSHE,603389.XSHG,300594.XSHE,603725.XSHG,600493.XSHG,603499.XSHG,603286.XSHG,300836.XSHE,300169.XSHE,603316.XSHG,300555.XSHE,603580.XSHG,300912.XSHE,300717.XSHE,688367.XSHG,300626.XSHE,600250.XSHG,001211.XSHE,002193.XSHE,600539.XSHG,300736.XSHE,300210.XSHE,000702.XSHE
2022-11-01 09:30:00 - ERROR - 订单委托失败：StockOrder(entrust_id=1785142484 security=688555.XSHG mode=OrderTargetValue: _value=1477258.4120300007 style=MarketOrderStyle: _limit_price=0.0 side=long action=open margin=False entrust_time=2022-11-01 09:30:00 cancel_time=None finish_time=None comment= error=科创板市价单需要指定保护限价，取值必须大于 0 且小于 1 万元)
2022-11-01 09:30:00 - INFO  - QR_ORDER|2022-11-01|target|688555.XSHG|none
2022-11-01 09:30:00 - ERROR - 订单委托失败：StockOrder(entrust_id=1785142485 security=603729.XSHG mode=OrderTargetValue: _value=1477258.4120300007 style=MarketOrderStyle: _limit_price=0.0 side=long action=open margin=False entrust_time=2022-11-01 09:30:00 cancel_time=None finish_time=None comment= error=开仓数量不能小于 100)
2022-11-01 09:30:00 - INFO  - QR_ORDER|2022-11-01|target|603729.XSHG|none
2022-11-01 09:30:00 - INFO  - QR_ORDER|2022-11-01|target|603709.XSHG|200|200|held
2022-11-01 09:30:00 - INFO  - QR_ORDER|2022-11-01|target|600768.XSHG|900|900|held
2022-11-01 09:30:00 - INFO  - QR_ORDER|2022-11-01|target|300478.XSHE|150800|150800|held
2022-11-01 09:30:00 - ERROR - 订单委托失败：StockOrder(entrust_id=1785142489 security=688215.XSHG mode=OrderTargetValue: _value=1477258.4120300007 style=MarketOrderStyle: _limit_price=0.0 side=long action=open margin=False entrust_time=2022-11-01 09:30:00 cancel_time=None finish_time=None comment= error=科创板市价单需要指定保护限价，取值必须大于 0 且小于 1 万元)
2022-11-01 09:30:00 - INFO  - QR_ORDER|2022-11-01|target|688215.XSHG|none
2022-11-01 09:30:00 - INFO  - QR_ORDER|2022-11-01|target|002719.XSHE|800|800|held
2022-11-01 09:30:00 - INFO  - QR_ORDER|2022-11-01|target|600455.XSHG|5100|5100|held
2022-11-01 09:30:00 - ERROR - 订单委托失败：StockOrder(entrust_id=1785142492 security=688004.XSHG mode=OrderTargetValue: _value=1477258.4120300007 style=MarketOrderStyle: _limit_price=0.0 side=long action=open margin=False entrust_time=2022-11-01 09:30:00 cancel_time=None finish_time=None comment= error=科创板市价单需要指定保护限价，取值必须大于 0 且小于 1 万元)
2022-11-01 09:30:00 - INFO  - QR_ORDER|2022-11-01|target|688004.XSHG|none
2022-11-01 09:30:00 - ERROR - 订单委托失败：StockOrder(entrust_id=1785142493 security=688701.XSHG mode=OrderTargetValue: _value=1477258.4120300007 style=MarketOrderStyle: _limit_price=0.0 side=long action=open margin=False entrust_time=2022-11-01 09:30:00 cancel_time=None finish_time=None comment= error=科创板市价单需要指定保护限价，取值必须大于 0 且小于 1 万元)
2022-11-01 09:30:00 - INFO  - QR_ORDER|2022-11-01|target|688701.XSHG|none
2022-11-01 15:30:00 - INFO  - QR_HOLDINGS|2022-11-01|6|002719.XSHE,300478.XSHE,600455.XSHG,600768.XSHG,603709.XSHG,603729.XSHG|14928862.633700
2022-12-01 09:30:00 - INFO  - QR_CANDIDATES|2022-12-01|2022-11-30|4506|50|688004.XSHG,688701.XSHG,688215.XSHG,603729.XSHG,600768.XSHG,603709.XSHG,600455.XSHG,300478.XSHE,002719.XSHE,300899.XSHE,688067.XSHG,300836.XSHE,688096.XSHG,300535.XSHE,300321.XSHE,002856.XSHE,688379.XSHG,300555.XSHE,688081.XSHG,300417.XSHE,688681.XSHG,688367.XSHG,002633.XSHE,600137.XSHG,603958.XSHG,688159.XSHG,688038.XSHG,688092.XSHG,688500.XSHG,300807.XSHE,603286.XSHG,603269.XSHG,603389.XSHG,300169.XSHE,688316.XSHG,300626.XSHE,300449.XSHE,000691.XSHE,600539.XSHG,300521.XSHE,300665.XSHE,002816.XSHE,300717.XSHE,300210.XSHE,301024.XSHE,002899.XSHE,600561.XSHG,688679.XSHG,300789.XSHE,603725.XSHG
2022-12-01 09:30:00 - ERROR - 订单委托失败：StockOrder(entrust_id=1785142494 security=688004.XSHG mode=OrderTargetValue: _value=1540483.8633700006 style=MarketOrderStyle: _limit_price=0.0 side=long action=open margin=False entrust_time=2022-12-01 09:30:00 cancel_time=None finish_time=None comment= error=科创板市价单需要指定保护限价，取值必须大于 0 且小于 1 万元)
2022-12-01 09:30:00 - INFO  - QR_ORDER|2022-12-01|target|688004.XSHG|none
2022-12-01 09:30:00 - ERROR - 订单委托失败：StockOrder(entrust_id=1785142495 security=688701.XSHG mode=OrderTargetValue: _value=1540483.8633700006 style=MarketOrderStyle: _limit_price=0.0 side=long action=open margin=False entrust_time=2022-12-01 09:30:00 cancel_time=None finish_time=None comment= error=科创板市价单需要指定保护限价，取值必须大于 0 且小于 1 万元)
2022-12-01 09:30:00 - INFO  - QR_ORDER|2022-12-01|target|688701.XSHG|none
2022-12-01 09:30:00 - ERROR - 订单委托失败：StockOrder(entrust_id=1785142496 security=688215.XSHG mode=OrderTargetValue: _value=1540483.8633700006 style=MarketOrderStyle: _limit_price=0.0 side=long action=open margin=False entrust_time=2022-12-01 09:30:00 cancel_time=None finish_time=None comment= error=科创板市价单需要指定保护限价，取值必须大于 0 且小于 1 万元)
2022-12-01 09:30:00 - INFO  - QR_ORDER|2022-12-01|target|688215.XSHG|none
2022-12-01 09:30:00 - INFO  - QR_ORDER|2022-12-01|target|603729.XSHG|4500|4500|held
2022-12-01 09:30:00 - INFO  - QR_ORDER|2022-12-01|target|600768.XSHG|5100|5100|held
2022-12-01 09:30:00 - INFO  - QR_ORDER|2022-12-01|target|603709.XSHG|4300|4300|held
2022-12-01 09:30:00 - INFO  - QR_ORDER|2022-12-01|target|600455.XSHG|500|500|held
2022-12-01 09:30:00 - INFO  - QR_ORDER|2022-12-01|target|300478.XSHE|2100|2100|held
2022-12-01 09:30:00 - INFO  - QR_ORDER|2022-12-01|target|002719.XSHE|7300|7300|held
2022-12-01 09:30:00 - INFO  - QR_ORDER|2022-12-01|target|300899.XSHE|70700|70700|held
2022-12-01 15:30:00 - INFO  - QR_HOLDINGS|2022-12-01|7|002719.XSHE,300478.XSHE,300899.XSHE,600455.XSHG,600768.XSHG,603709.XSHG,603729.XSHG|15488961.092300
2023-01-03 09:30:00 - INFO  - QR_CANDIDATES|2023-01-03|2022-12-30|4540|50|688701.XSHG,688004.XSHG,300478.XSHE,688081.XSHG,603709.XSHG,600768.XSHG,688215.XSHG,603729.XSHG,300899.XSHE,002816.XSHE,300555.XSHE,688067.XSHG,300836.XSHE,688096.XSHG,300321.XSHE,300417.XSHE,688159.XSHG,688681.XSHG,688316.XSHG,300535.XSHE,300169.XSHE,603286.XSHG,002652.XSHE,002856.XSHE,603389.XSHG,688367.XSHG,688092.XSHG,600455.XSHG,688038.XSHG,301024.XSHE,300807.XSHE,603269.XSHG,300665.XSHE,688565.XSHG,300449.XSHE,300626.XSHE,300210.XSHE,688679.XSHG,600137.XSHG,300742.XSHE,603958.XSHG,300521.XSHE,688379.XSHG,603725.XSHG,300717.XSHE,300844.XSHE,300995.XSHE,300789.XSHE,300163.XSHE,300069.XSHE
2023-01-03 09:30:00 - INFO  - QR_ORDER|2023-01-03|sell|002719.XSHE|196800|196800|held
2023-01-03 09:30:00 - INFO  - QR_ORDER|2023-01-03|sell|600455.XSHG|72300|72300|held
2023-01-03 09:30:00 - ERROR - 订单委托失败：StockOrder(entrust_id=1785142506 security=688701.XSHG mode=OrderTargetValue: _value=1640662.5345500007 style=MarketOrderStyle: _limit_price=0.0 side=long action=open margin=False entrust_time=2023-01-03 09:30:00 cancel_time=None finish_time=None comment= error=科创板市价单需要指定保护限价，取值必须大于 0 且小于 1 万元)
2023-01-03 09:30:00 - INFO  - QR_ORDER|2023-01-03|target|688701.XSHG|none
2023-01-03 09:30:00 - ERROR - 订单委托失败：StockOrder(entrust_id=1785142507 security=688004.XSHG mode=OrderTargetValue: _value=1640662.5345500007 style=MarketOrderStyle: _limit_price=0.0 side=long action=open margin=False entrust_time=2023-01-03 09:30:00 cancel_time=None finish_time=None comment= error=科创板市价单需要指定保护限价，取值必须大于 0 且小于 1 万元)
2023-01-03 09:30:00 - INFO  - QR_ORDER|2023-01-03|target|688004.XSHG|none
2023-01-03 09:30:00 - INFO  - QR_ORDER|2023-01-03|target|300478.XSHE|29200|29200|held
2023-01-03 09:30:00 - ERROR - 订单委托失败：StockOrder(entrust_id=1785142509 security=688081.XSHG mode=OrderTargetValue: _value=1640662.5345500007 style=MarketOrderStyle: _limit_price=0.0 side=long action=open margin=False entrust_time=2023-01-03 09:30:00 cancel_time=None finish_time=None comment= error=科创板市价单需要指定保护限价，取值必须大于 0 且小于 1 万元)
2023-01-03 09:30:00 - INFO  - QR_ORDER|2023-01-03|target|688081.XSHG|none
2023-01-03 09:30:00 - INFO  - QR_ORDER|2023-01-03|target|603709.XSHG|13100|13100|held
2023-01-03 09:30:00 - INFO  - QR_ORDER|2023-01-03|target|600768.XSHG|21500|21500|held
2023-01-03 09:30:00 - ERROR - 订单委托失败：StockOrder(entrust_id=1785142512 security=688215.XSHG mode=OrderTargetValue: _value=1640662.5345500007 style=MarketOrderStyle: _limit_price=0.0 side=long action=open margin=False entrust_time=2023-01-03 09:30:00 cancel_time=None finish_time=None comment= error=科创板市价单需要指定保护限价，取值必须大于 0 且小于 1 万元)
2023-01-03 09:30:00 - INFO  - QR_ORDER|2023-01-03|target|688215.XSHG|none
2023-01-03 09:30:00 - INFO  - QR_ORDER|2023-01-03|target|603729.XSHG|13700|13700|held
2023-01-03 09:30:00 - INFO  - QR_ORDER|2023-01-03|target|300899.XSHE|12500|12500|held
2023-01-03 09:30:00 - INFO  - QR_ORDER|2023-01-03|target|002816.XSHE|130100|130100|held
2023-01-03 15:30:00 - INFO  - QR_HOLDINGS|2023-01-03|6|002816.XSHE,300478.XSHE,300899.XSHE,600768.XSHG,603709.XSHG,603729.XSHG|16668641.136900
2023-02-01 09:30:00 - INFO  - QR_CANDIDATES|2023-02-01|2023-01-31|4578|50|688701.XSHG,300478.XSHE,603729.XSHG,688004.XSHG,603709.XSHG,688215.XSHG,688096.XSHG,688067.XSHG,300899.XSHE,688565.XSHG,300417.XSHE,002856.XSHE,002816.XSHE,300535.XSHE,600768.XSHG,300321.XSHE,002652.XSHE,603958.XSHG,300836.XSHE,688367.XSHG,301024.XSHE,603389.XSHG,688159.XSHG,300665.XSHE,688038.XSHG,688316.XSHG,603286.XSHG,002633.XSHE,300169.XSHE,300210.XSHE,600455.XSHG,600137.XSHG,688681.XSHG,000702.XSHE,300626.XSHE,688679.XSHG,600539.XSHG,688092.XSHG,300163.XSHE,603269.XSHG,688081.XSHG,300929.XSHE,300449.XSHE,300844.XSHE,603030.XSHG,603725.XSHG,002899.XSHE,600493.XSHG,600561.XSHG,300717.XSHE
2023-02-01 09:30:00 - INFO  - QR_ORDER|2023-02-01|sell|002816.XSHE|130100|130100|held
2023-02-01 09:30:00 - INFO  - QR_ORDER|2023-02-01|sell|600768.XSHG|178300|178300|held
2023-02-01 09:30:00 - ERROR - 订单委托失败：StockOrder(entrust_id=1785142518 security=688701.XSHG mode=OrderTargetValue: _value=1742422.7075500009 style=MarketOrderStyle: _limit_price=0.0 side=long action=open margin=False entrust_time=2023-02-01 09:30:00 cancel_time=None finish_time=None comment= error=科创板市价单需要指定保护限价，取值必须大于 0 且小于 1 万元)
2023-02-01 09:30:00 - INFO  - QR_ORDER|2023-02-01|target|688701.XSHG|none
2023-02-01 09:30:00 - INFO  - QR_ORDER|2023-02-01|target|300478.XSHE|2700|2700|held
2023-02-01 09:30:00 - INFO  - QR_ORDER|2023-02-01|target|603729.XSHG|800|800|held
2023-02-01 09:30:00 - ERROR - 订单委托失败：StockOrder(entrust_id=1785142521 security=688004.XSHG mode=OrderTargetValue: _value=1742422.7075500009 style=MarketOrderStyle: _limit_price=0.0 side=long action=open margin=False entrust_time=2023-02-01 09:30:00 cancel_time=None finish_time=None comment= error=科创板市价单需要指定保护限价，取值必须大于 0 且小于 1 万元)
2023-02-01 09:30:00 - INFO  - QR_ORDER|2023-02-01|target|688004.XSHG|none
2023-02-01 09:30:00 - INFO  - QR_ORDER|2023-02-01|target|603709.XSHG|2500|2500|held
2023-02-01 09:30:00 - ERROR - 订单委托失败：StockOrder(entrust_id=1785142523 security=688215.XSHG mode=OrderTargetValue: _value=1742422.7075500009 style=MarketOrderStyle: _limit_price=0.0 side=long action=open margin=False entrust_time=2023-02-01 09:30:00 cancel_time=None finish_time=None comment= error=科创板市价单需要指定保护限价，取值必须大于 0 且小于 1 万元)
2023-02-01 09:30:00 - INFO  - QR_ORDER|2023-02-01|target|688215.XSHG|none
2023-02-01 09:30:00 - ERROR - 订单委托失败：StockOrder(entrust_id=1785142524 security=688096.XSHG mode=OrderTargetValue: _value=1742422.7075500009 style=MarketOrderStyle: _limit_price=0.0 side=long action=open margin=False entrust_time=2023-02-01 09:30:00 cancel_time=None finish_time=None comment= error=科创板市价单需要指定保护限价，取值必须大于 0 且小于 1 万元)
2023-02-01 09:30:00 - INFO  - QR_ORDER|2023-02-01|target|688096.XSHG|none
2023-02-01 09:30:00 - ERROR - 订单委托失败：StockOrder(entrust_id=1785142525 security=688067.XSHG mode=OrderTargetValue: _value=1742422.7075500009 style=MarketOrderStyle: _limit_price=0.0 side=long action=open margin=False entrust_time=2023-02-01 09:30:00 cancel_time=None finish_time=None comment= error=科创板市价单需要指定保护限价，取值必须大于 0 且小于 1 万元)
2023-02-01 09:30:00 - INFO  - QR_ORDER|2023-02-01|target|688067.XSHG|none
2023-02-01 09:30:00 - INFO  - QR_ORDER|2023-02-01|target|300899.XSHE|3400|3400|held
2023-02-01 09:30:00 - ERROR - 订单委托失败：StockOrder(entrust_id=1785142527 security=688565.XSHG mode=OrderTargetValue: _value=1742422.7075500009 style=MarketOrderStyle: _limit_price=0.0 side=long action=open margin=False entrust_time=2023-02-01 09:30:00 cancel_time=None finish_time=None comment= error=科创板市价单需要指定保护限价，取值必须大于 0 且小于 1 万元)
2023-02-01 09:30:00 - INFO  - QR_ORDER|2023-02-01|target|688565.XSHG|none
2023-02-01 15:30:00 - INFO  - QR_HOLDINGS|2023-02-01|4|300478.XSHE,300899.XSHE,603709.XSHG,603729.XSHG|17550202.027300
2023-03-01 09:30:00 - INFO  - QR_CANDIDATES|2023-03-01|2023-02-28|4598|50|688701.XSHG,300478.XSHE,603729.XSHG,688215.XSHG,688096.XSHG,688565.XSHG,002816.XSHE,300899.XSHE,002856.XSHE,688067.XSHG,002652.XSHE,603709.XSHG,300417.XSHE,600455.XSHG,600768.XSHG,300321.XSHE,300169.XSHE,300535.XSHE,603030.XSHG,300210.XSHE,603389.XSHG,300665.XSHE,603286.XSHG,603958.XSHG,300836.XSHE,688092.XSHG,000023.XSHE,300626.XSHE,603725.XSHG,688004.XSHG,300163.XSHE,688038.XSHG,600539.XSHG,000702.XSHE,688367.XSHG,000691.XSHE,300717.XSHE,600137.XSHG,300929.XSHE,301024.XSHE,300069.XSHE,002633.XSHE,603860.XSHG,300995.XSHE,688679.XSHG,001211.XSHE,600561.XSHG,603316.XSHG,688178.XSHG,300405.XSHE
2023-03-01 09:30:00 - INFO  - QR_ORDER|2023-03-01|sell|603709.XSHG|104000|104000|held
2023-03-01 09:30:00 - ERROR - 订单委托失败：StockOrder(entrust_id=1785142529 security=688701.XSHG mode=OrderTargetValue: _value=1768812.4347300008 style=MarketOrderStyle: _limit_price=0.0 side=long action=open margin=False entrust_time=2023-03-01 09:30:00 cancel_time=None finish_time=None comment= error=科创板市价单需要指定保护限价，取值必须大于 0 且小于 1 万元)
2023-03-01 09:30:00 - INFO  - QR_ORDER|2023-03-01|target|688701.XSHG|none
2023-03-01 09:30:00 - INFO  - QR_ORDER|2023-03-01|target|300478.XSHE|200|200|held
2023-03-01 09:30:00 - INFO  - QR_ORDER|2023-03-01|target|603729.XSHG|300|300|held
2023-03-01 09:30:00 - ERROR - 订单委托失败：StockOrder(entrust_id=1785142532 security=688215.XSHG mode=OrderTargetValue: _value=1768812.4347300008 style=MarketOrderStyle: _limit_price=0.0 side=long action=open margin=False entrust_time=2023-03-01 09:30:00 cancel_time=None finish_time=None comment= error=科创板市价单需要指定保护限价，取值必须大于 0 且小于 1 万元)
2023-03-01 09:30:00 - INFO  - QR_ORDER|2023-03-01|target|688215.XSHG|none
2023-03-01 09:30:00 - ERROR - 订单委托失败：StockOrder(entrust_id=1785142533 security=688096.XSHG mode=OrderTargetValue: _value=1768812.4347300008 style=MarketOrderStyle: _limit_price=0.0 side=long action=open margin=False entrust_time=2023-03-01 09:30:00 cancel_time=None finish_time=None comment= error=科创板市价单需要指定保护限价，取值必须大于 0 且小于 1 万元)
2023-03-01 09:30:00 - INFO  - QR_ORDER|2023-03-01|target|688096.XSHG|none
2023-03-01 09:30:00 - ERROR - 订单委托失败：StockOrder(entrust_id=1785142534 security=688565.XSHG mode=OrderTargetValue: _value=1768812.4347300008 style=MarketOrderStyle: _limit_price=0.0 side=long action=open margin=False entrust_time=2023-03-01 09:30:00 cancel_time=None finish_time=None comment= error=科创板市价单需要指定保护限价，取值必须大于 0 且小于 1 万元)
2023-03-01 09:30:00 - INFO  - QR_ORDER|2023-03-01|target|688565.XSHG|none
2023-03-01 09:30:00 - INFO  - QR_ORDER|2023-03-01|target|002816.XSHE|123600|123600|held
2023-03-01 09:30:00 - INFO  - QR_ORDER|2023-03-01|target|300899.XSHE|1200|1200|held
2023-03-01 09:30:00 - INFO  - QR_ORDER|2023-03-01|target|002856.XSHE|165400|165400|held
2023-03-01 09:30:00 - ERROR - 订单委托失败：StockOrder(entrust_id=1785142538 security=688067.XSHG mode=OrderTargetValue: _value=1768812.4347300008 style=MarketOrderStyle: _limit_price=0.0 side=long action=open margin=False entrust_time=2023-03-01 09:30:00 cancel_time=None finish_time=None comment= error=科创板市价单需要指定保护限价，取值必须大于 0 且小于 1 万元)
2023-03-01 09:30:00 - INFO  - QR_ORDER|2023-03-01|target|688067.XSHG|none
2023-03-01 15:30:00 - INFO  - QR_HOLDINGS|2023-03-01|5|002816.XSHE,002856.XSHE,300478.XSHE,300899.XSHE,603729.XSHG|17793870.549900
2023-04-03 09:30:00 - INFO  - QR_CANDIDATES|2023-04-03|2023-03-31|4619|50|688701.XSHG,300742.XSHE,300478.XSHE,603030.XSHG,002816.XSHE,688565.XSHG,603709.XSHG,002652.XSHE,688215.XSHG,002856.XSHE,603729.XSHG,603958.XSHG,300899.XSHE,600768.XSHG,603389.XSHG,688067.XSHG,688096.XSHG,000023.XSHE,300169.XSHE,300417.XSHE,603286.XSHG,688272.XSHG,000691.XSHE,603725.XSHG,000702.XSHE,000609.XSHE,300535.XSHE,300321.XSHE,600137.XSHG,300836.XSHE,600455.XSHG,300210.XSHE,300163.XSHE,000692.XSHE,688081.XSHG,300929.XSHE,600561.XSHG,300665.XSHE,300626.XSHE,688367.XSHG,301024.XSHE,603316.XSHG,600493.XSHG,300254.XSHE,600539.XSHG,001211.XSHE,300717.XSHE,603813.XSHG,300854.XSHE,300405.XSHE
2023-04-03 09:30:00 - INFO  - QR_ORDER|2023-04-03|sell|300899.XSHE|78600|78600|held
2023-04-03 09:30:00 - INFO  - QR_ORDER|2023-04-03|sell|603729.XSHG|124800|124800|held
2023-04-03 09:30:00 - ERROR - 订单委托失败：StockOrder(entrust_id=1785142541 security=688701.XSHG mode=OrderTargetValue: _value=1742349.597110001 style=MarketOrderStyle: _limit_price=0.0 side=long action=open margin=False entrust_time=2023-04-03 09:30:00 cancel_time=None finish_time=None comment= error=科创板市价单需要指定保护限价，取值必须大于 0 且小于 1 万元)
2023-04-03 09:30:00 - INFO  - QR_ORDER|2023-04-03|target|688701.XSHG|none
2023-04-03 09:30:00 - INFO  - QR_ORDER|2023-04-03|target|300742.XSHE|202100|202100|held
2023-04-03 09:30:00 - INFO  - QR_ORDER|2023-04-03|target|300478.XSHE|3100|3100|held
2023-04-03 09:30:00 - INFO  - QR_ORDER|2023-04-03|target|603030.XSHG|784800|784800|held
2023-04-03 09:30:00 - INFO  - QR_ORDER|2023-04-03|target|002816.XSHE|9700|9700|held
2023-04-03 09:30:00 - ERROR - 订单委托失败：StockOrder(entrust_id=1785142546 security=688565.XSHG mode=OrderTargetValue: _value=1742349.597110001 style=MarketOrderStyle: _limit_price=0.0 side=long action=open margin=False entrust_time=2023-04-03 09:30:00 cancel_time=None finish_time=None comment= error=科创板市价单需要指定保护限价，取值必须大于 0 且小于 1 万元)
2023-04-03 09:30:00 - INFO  - QR_ORDER|2023-04-03|target|688565.XSHG|none
2023-04-03 09:30:00 - INFO  - QR_ORDER|2023-04-03|target|603709.XSHG|104200|104200|held
2023-04-03 09:30:00 - INFO  - QR_ORDER|2023-04-03|target|002652.XSHE|657400|657400|held
2023-04-03 09:30:00 - ERROR - 订单委托失败：StockOrder(entrust_id=1785142549 security=688215.XSHG mode=OrderTargetValue: _value=1742349.597110001 style=MarketOrderStyle: _limit_price=0.0 side=long action=open margin=False entrust_time=2023-04-03 09:30:00 cancel_time=None finish_time=None comment= error=科创板市价单需要指定保护限价，取值必须大于 0 且小于 1 万元)
2023-04-03 09:30:00 - INFO  - QR_ORDER|2023-04-03|target|688215.XSHG|none
2023-04-03 09:30:00 - INFO  - QR_ORDER|2023-04-03|target|002856.XSHE|5500|5500|held
2023-04-03 15:30:00 - INFO  - QR_HOLDINGS|2023-04-03|7|002652.XSHE,002816.XSHE,002856.XSHE,300478.XSHE,300742.XSHE,603030.XSHG,603709.XSHG|17281468.439500
2023-05-04 09:30:00 - INFO  - QR_CANDIDATES|2023-05-04|2023-04-28|4645|50|688701.XSHG,300478.XSHE,688565.XSHG,603709.XSHG,300169.XSHE,603389.XSHG,300417.XSHE,002856.XSHE,002652.XSHE,603729.XSHG,600455.XSHG,688215.XSHG,600768.XSHG,000609.XSHE,603286.XSHG,300535.XSHE,000702.XSHE,688067.XSHG,603958.XSHG,300321.XSHE,000691.XSHE,688096.XSHG,300899.XSHE,300210.XSHE,603725.XSHG,600137.XSHG,300736.XSHE,688367.XSHG,300665.XSHE,300405.XSHE,600539.XSHG,600615.XSHG,603316.XSHG,603813.XSHG,300163.XSHE,300626.XSHE,300929.XSHE,600493.XSHG,301024.XSHE,300836.XSHE,002633.XSHE,688092.XSHG,300254.XSHE,300995.XSHE,002848.XSHE,300717.XSHE,600355.XSHG,001211.XSHE,300097.XSHE,300854.XSHE
2023-05-04 09:30:00 - INFO  - QR_ORDER|2023-05-04|sell|002816.XSHE|133300|133300|held
2023-05-04 09:30:00 - INFO  - QR_ORDER|2023-05-04|sell|300742.XSHE|202100|202100|held
2023-05-04 09:30:00 - ERROR - 下单失败，证券(603030.XSHG)今日停牌: StockOrder: _status=new, _security=Security(code=603030.XSHG), _amount=784800, _filled_amount=0, _locked_cash=0, _mode=OrderTargetAmount: _amount=0, _side=long, _style=MarketOrderStyle: _limit_price=0.0, _action=close, _commission=0, _avg_cost=0, _hold_cost=0, _order_cost=0, _margin=False, _order_id=1785142553, _comment=, _entrust_time=2023-05-04 09:30:00, _cancel_time=None, _finish_time=None
2023-05-04 09:30:00 - INFO  - QR_ORDER|2023-05-04|sell|603030.XSHG|none
2023-05-04 09:30:00 - ERROR - 订单委托失败：StockOrder(entrust_id=1785142554 security=688701.XSHG mode=OrderTargetValue: _value=1666214.244950001 style=MarketOrderStyle: _limit_price=0.0 side=long action=open margin=False entrust_time=2023-05-04 09:30:00 cancel_time=None finish_time=None comment= error=科创板市价单需要指定保护限价，取值必须大于 0 且小于 1 万元)
2023-05-04 09:30:00 - INFO  - QR_ORDER|2023-05-04|target|688701.XSHG|none
2023-05-04 09:30:00 - INFO  - QR_ORDER|2023-05-04|target|300478.XSHE|4500|4500|held
2023-05-04 09:30:00 - ERROR - 订单委托失败：StockOrder(entrust_id=1785142556 security=688565.XSHG mode=OrderTargetValue: _value=1666214.244950001 style=MarketOrderStyle: _limit_price=0.0 side=long action=open margin=False entrust_time=2023-05-04 09:30:00 cancel_time=None finish_time=None comment= error=科创板市价单需要指定保护限价，取值必须大于 0 且小于 1 万元)
2023-05-04 09:30:00 - INFO  - QR_ORDER|2023-05-04|target|688565.XSHG|none
2023-05-04 09:30:00 - INFO  - QR_ORDER|2023-05-04|target|603709.XSHG|1700|1700|held
2023-05-04 09:30:00 - INFO  - QR_ORDER|2023-05-04|target|300169.XSHE|415500|415500|held
2023-05-04 09:30:00 - INFO  - QR_ORDER|2023-05-04|target|603389.XSHG|333200|333200|held
2023-05-04 09:30:00 - INFO  - QR_ORDER|2023-05-04|target|300417.XSHE|171900|171900|held
2023-05-04 09:30:00 - INFO  - QR_ORDER|2023-05-04|target|002856.XSHE|100|100|held
2023-05-04 09:30:00 - INFO  - QR_ORDER|2023-05-04|target|002652.XSHE|14000|14000|held
2023-05-04 09:30:00 - INFO  - QR_ORDER|2023-05-04|target|603729.XSHG|116800|116800|held
2023-05-04 15:30:00 - INFO  - QR_HOLDINGS|2023-05-04|9|002652.XSHE,002856.XSHE,300169.XSHE,300417.XSHE,300478.XSHE,603030.XSHG,603389.XSHG,603709.XSHG,603729.XSHG|16942660.305600
2023-06-01 09:30:00 - INFO  - QR_CANDIDATES|2023-06-01|2023-05-31|4674|50|300478.XSHE,688701.XSHG,688565.XSHG,002652.XSHE,000691.XSHE,300169.XSHE,603709.XSHG,000702.XSHE,002856.XSHE,603389.XSHG,603729.XSHG,600455.XSHG,000609.XSHE,300417.XSHE,300321.XSHE,300535.XSHE,600768.XSHG,600493.XSHG,300210.XSHE,600137.XSHG,688096.XSHG,688215.XSHG,603286.XSHG,600539.XSHG,300163.XSHE,300899.XSHE,600561.XSHG,300405.XSHE,300175.XSHE,603813.XSHG,688067.XSHG,300929.XSHE,603316.XSHG,002719.XSHE,688367.XSHG,301024.XSHE,300254.XSHE,603536.XSHG,002633.XSHE,300665.XSHE,300736.XSHE,001211.XSHE,002848.XSHE,300069.XSHE,603725.XSHG,300626.XSHE,002629.XSHE,300854.XSHE,300995.XSHE,600615.XSHG
2023-06-01 09:30:00 - INFO  - QR_ORDER|2023-06-01|sell|300417.XSHE|171900|171900|held
2023-06-01 09:30:00 - INFO  - QR_ORDER|2023-06-01|sell|603030.XSHG|784800|784800|held
2023-06-01 09:30:00 - INFO  - QR_ORDER|2023-06-01|sell|603729.XSHG|116800|116800|held
2023-06-01 09:30:00 - INFO  - QR_ORDER|2023-06-01|target|300478.XSHE|2800|2800|held
2023-06-01 09:30:00 - ERROR - 订单委托失败：StockOrder(entrust_id=1785142568 security=688701.XSHG mode=OrderTargetValue: _value=1659288.330860001 style=MarketOrderStyle: _limit_price=0.0 side=long action=open margin=False entrust_time=2023-06-01 09:30:00 cancel_time=None finish_time=None comment= error=科创板市价单需要指定保护限价，取值必须大于 0 且小于 1 万元)
2023-06-01 09:30:00 - INFO  - QR_ORDER|2023-06-01|target|688701.XSHG|none
2023-06-01 09:30:00 - ERROR - 订单委托失败：StockOrder(entrust_id=1785142569 security=688565.XSHG mode=OrderTargetValue: _value=1659288.330860001 style=MarketOrderStyle: _limit_price=0.0 side=long action=open margin=False entrust_time=2023-06-01 09:30:00 cancel_time=None finish_time=None comment= error=科创板市价单需要指定保护限价，取值必须大于 0 且小于 1 万元)
2023-06-01 09:30:00 - INFO  - QR_ORDER|2023-06-01|target|688565.XSHG|none
2023-06-01 09:30:00 - INFO  - QR_ORDER|2023-06-01|target|002652.XSHE|2200|2200|held
2023-06-01 09:30:00 - INFO  - QR_ORDER|2023-06-01|target|000691.XSHE|403700|403700|held
2023-06-01 09:30:00 - INFO  - QR_ORDER|2023-06-01|target|300169.XSHE|7800|7800|held
2023-06-01 09:30:00 - INFO  - QR_ORDER|2023-06-01|target|603709.XSHG|3700|3700|held
2023-06-01 09:30:00 - INFO  - QR_ORDER|2023-06-01|target|000702.XSHE|327900|327900|held
2023-06-01 09:30:00 - INFO  - QR_ORDER|2023-06-01|target|002856.XSHE|5200|5200|held
2023-06-01 09:30:00 - INFO  - QR_ORDER|2023-06-01|target|603389.XSHG|10300|10300|held
2023-06-01 15:30:00 - INFO  - QR_HOLDINGS|2023-06-01|8|000691.XSHE,000702.XSHE,002652.XSHE,002856.XSHE,300169.XSHE,300478.XSHE,603389.XSHG,603709.XSHG|16568323.229400
