trade_date,SH518880,SH513100,SZ159915,SH510180
2014-01-02,-0.12724463166217834,0.19633965770326056,0.013003704779234133,
2014-01-03,-0.08326675910091512,0.24434353590638402,0.15354934058154776,
2014-01-06,-0.04022810570373921,0.2581720187346403,0.8236702188595783,
2014-01-07,-0.01088069351709932,0.259017236587375,0.9840436044865137,
2014-01-08,-0.009575381003963601,0.28885829564997045,1.4003366074502632,
2014-01-09,-0.008831054116301565,0.3099539769556789,1.7281993647191805,
2014-01-10,-0.0026711752123055694,0.3173019059290267,1.6019840082749688,
2014-01-13,-0.00016903545247336056,0.3103138061720776,1.5181572110451556,
2014-01-14,9.346695857347658e-05,0.2903385743873058,1.7487161777312985,
2014-01-15,0.003053039836858929,0.31280553007963535,1.921977293724853,
2014-01-16,0.024830123813375432,0.3316620358533004,2.0831195858744866,
2014-01-17,0.07488448011318465,0.2937626504798755,2.3728243107693556,
2014-01-20,0.12383742606927824,0.24664394533301665,2.3833088478635265,
2014-01-21,0.1755299830805531,0.19835566740786476,2.6878507231315663,
2014-01-22,0.2714452088400394,0.15795215358021134,2.882119142626877,
2014-01-23,0.3220373284174675,0.1283881396457776,3.0776060442727196,
2014-01-24,0.3887542329934535,0.10109452800114267,3.3625667258940033,
2014-01-27,0.3690264242448989,0.03105810006065619,3.4289315357324255,-0.2121257797782681
2014-01-28,0.34488781000171664,0.0062482457733885576,3.20139077166981,-0.19641534018995563
2014-01-29,0.29781953326768296,0.00841652174992907,3.1854703157483124,-0.16505381449396617
2014-01-30,0.26613068104772736,0.005813847231888297,3.2343752460941233,-0.14532714382086362
2014-02-07,0.25506014933764404,0.0031514983665712273,3.2298204234175167,-0.13760777822666315
2014-02-10,0.2867418719682101,0.007710343348628736,3.4381787248214306,-0.06687461705695716
2014-02-11,0.2915311507713134,0.004273679862226976,3.405941164972501,-0.013091020873731722
2014-02-12,0.2914598635487314,0.006210541678386192,3.2906100751615543,-3.0357800229043275e-06
2014-02-13,0.3065176490358849,0.007672383552384499,2.8284436480884514,0.012416667077923214
2014-02-14,0.3740384165898703,0.007509167870327573,2.718073840591977,0.08630908831399318
2014-02-17,0.4912857427827128,0.00641449429866068,2.612790999491887,0.1763704456768369
2014-02-18,0.626714139967426,0.003305422171062763,2.478106690167768,0.24628923860442764
2014-02-19,0.6847585246469833,0.011456823846030834,2.6588322901210235,0.3941467185508319
2014-02-20,0.7110755882521552,0.017870638252275767,2.335198925695372,0.48569940180606713
2014-02-21,0.7787079054486272,0.035792978339200754,1.83879312549176,0.4583809532774359
2014-02-24,0.9111044639724335,0.05211513311108473,1.5448728026230332,0.28542341040515573
2014-02-25,1.0759101966366815,0.06386207429859628,0.9647015747192648,0.08887768943082539
2014-02-26,1.2178616128336424,0.09996439781833863,0.5786469261053695,0.01887983631821929
2014-02-27,1.2409720444091052,0.176480834788115,0.1657245708941827,0.0019269033880869918
2014-02-28,1.2685661115950273,0.30801653964344466,0.02847382494503081,-1.2412987770562093e-05
2014-03-03,1.4040976580605091,0.4361687265806132,0.00035994998128949614,-0.004650505046215461
2014-03-04,1.4561753653801301,0.5418828702860419,-0.002419322946879013,-0.023139082026909216
2014-03-05,1.3541488548414002,0.6982199716882189,-0.027677421668364104,-0.03988027331727689
2014-03-06,1.2038103032426686,0.8971360041870142,-0.06959438181594248,-0.06264720209636601
2014-03-07,1.169626477237591,1.0496282729951254,-0.10534504489749115,-0.08425968615880862
2014-03-10,1.0282427087375166,0.9501423835149783,-0.20322312227759826,-0.16254745783075783
2014-03-11,0.9294189863202205,0.8288889358238936,-0.32858175555168034,-0.24686704679791366
2014-03-12,0.8579421533811931,0.7232234359256452,-0.41465645447008664,-0.3189385119221997
2014-03-13,0.8195042346583097,0.5876038160366023,-0.4612156131950168,-0.4058651607135258
2014-03-14,0.7784819793929535,0.33825577098366055,-0.4590916442950028,-0.4942605813764292
2014-03-17,0.7843727373490641,0.1561914631013268,-0.37020633376697043,-0.5045427513821364
2014-03-18,0.7290068372671268,0.08248917242821165,-0.2934370607396627,-0.48035987649618844
2014-03-19,0.6519420503159267,0.06583224384542113,-0.23059206229595466,-0.46382490873997917
2014-03-20,0.4885901442262531,0.028931019742281235,-0.275418422872592,-0.46121321457105047
2014-03-21,0.3710705635247749,0.012942555617029379,-0.27930305659652976,-0.3649217284551808
2014-03-24,0.3050595358010746,0.0015839254856984339,-0.26330046247864575,-0.24632093630108884
2014-03-25,0.15668468895385312,-0.00013476751697277125,-0.24675450262550105,-0.1506455021709106
2014-03-26,0.07090223177537093,-0.005595083456334479,-0.19571549895096219,-0.06646851230181501
2014-03-27,0.008857986057806634,-0.05067544854240371,-0.20121762427156906,-0.019260693176552515
2014-03-28,4.9807527552333753e-05,-0.12156196197794983,-0.21949409645450366,-0.0012772281140412426
2014-03-31,-0.001788963025873629,-0.2232517153542315,-0.21724235489498664,5.230504931988357e-09
2014-04-01,-0.01775013263170895,-0.26646886511708917,-0.24118966121876295,5.232555461724989e-05
2014-04-02,-0.033642658051035425,-0.22920871773187762,-0.2794798084356764,0.0012493776487454448
2014-04-03,-0.07680376971816334,-0.1986771104546116,-0.3707215351229994,0.003959198018541635
2014-04-04,-0.12502144486352226,-0.15793602042630342,-0.4169572708572112,0.020219194005755652
2014-04-08,-0.12445820009347996,-0.17418516727748568,-0.41255822763371736,0.10063978096338418
2014-04-09,-0.12448425596817879,-0.19958521834873355,-0.3849917385460845,0.2451020511384325
2014-04-10,-0.13248798208680085,-0.18113194557567117,-0.32805544513724905,0.4553640086953666
2014-04-11,-0.13963511343986007,-0.20305597887452903,-0.2916906409240288,0.7429958334605132
2014-04-14,-0.10076649822094302,-0.22785392238366683,-0.23440120154688054,1.08038231619861
2014-04-15,-0.12554992616679422,-0.26029117602989293,-0.24141166635268332,1.0512845792566035
2014-04-16,-0.13917100032399124,-0.278442108613962,-0.2610955091556589,1.0017038192874033
2014-04-17,-0.13245253565573809,-0.2845208341842895,-0.26371343544744286,0.9130149316327937
2014-04-18,-0.1118263818931056,-0.27839230349400124,-0.2052454369726947,0.8649843709747743
2014-04-21,-0.09684603619846027,-0.2980159915010434,-0.17141531595584214,0.6253380669578354
2014-04-22,-0.06274347336898531,-0.3125340074770709,-0.13381283753435463,0.48403653005825725
2014-04-23,-0.04064868624612523,-0.2711349172301464,-0.09562999103865594,0.34468988965094405
2014-04-24,-0.022516243869392803,-0.19437501996008225,-0.0716066323009554,0.2085410150314322
2014-04-25,-0.009692510953805744,-0.1358117653804214,-0.07993836813035113,0.07227653697553778
2014-04-28,-0.00012940130053257551,-0.10713525169570397,-0.09898854345499226,0.015621042689325883
2014-04-29,0.00024543136437746803,-0.0834057143778991,-0.12648255782039197,0.0032413204874503576
2014-04-30,0.0025072769963085484,-0.054819248783789194,-0.13504795496180283,0.0001477019704257202
2014-05-05,0.014343377130156855,-0.02742736850684215,-0.1034939739686851,-9.795137490342708e-05
2014-05-06,0.021249941306420835,-0.014077649598126055,-0.09403543355118844,-0.004208717943113181
2014-05-07,0.03211441438591432,-0.014453638194779076,-0.1540997265728392,-0.02497823090541034
2014-05-08,0.01686220380133751,-0.014390964912034631,-0.22068071182460952,-0.0776878463697721
2014-05-09,0.004166505131530506,-0.00806206842349796,-0.2707625164941966,-0.15668101600461842
2014-05-12,0.00045208698885713895,-0.0004340063157763057,-0.3447173088632086,-0.19146565258456053
2014-05-13,2.239867983451807e-06,0.0036875680667501206,-0.4244263407584355,-0.2688379733010859
2014-05-14,-0.0003670972219197191,0.061472045845147205,-0.44862538190146317,-0.31285009344170206
2014-05-15,-7.444743967450881e-05,0.09455193055816913,-0.49460289430386756,-0.3060983475818002
2014-05-16,-5.3314250490753694e-05,0.13885385570254238,-0.5218552648011143,-0.30295403374564517
2014-05-19,-5.554573185759442e-07,0.2627370072731412,-0.5284345153166331,-0.2872523707153432
2014-05-20,1.3913138897577544e-05,0.2615162025154196,-0.5253141668528368,-0.2673812494076426
2014-05-21,0.003037501463110675,0.21432126272564556,-0.4820389900118273,-0.22856756823187557
2014-05-22,0.006122438256912804,0.20549064917608623,-0.42075113356681226,-0.20346491525638413
2014-05-23,0.0048977547609947835,0.20831479231798902,-0.30219934681009053,-0.14815931879421868
2014-05-26,0.0026110962978923677,0.24124230942187977,-0.1553316957383476,-0.09375167725313878
2014-05-27,0.0003949044878901263,0.27292239428819476,-0.06047023496640444,-0.05538650339468356
2014-05-28,-0.0015009572130129693,0.3255023994342989,-0.0028300684938683566,-0.025004644909272424
2014-05-29,-0.021508296224490374,0.4008365746666787,3.016586445351863e-05,-0.00872087876231085
2014-05-30,-0.06421263744792906,0.5329110817973128,0.009910192054766917,-0.0020806604269584133
2014-06-03,-0.13670062236962258,0.6965967279341543,0.0488598470712934,-0.00010291837128814516
2014-06-04,-0.19894729846027873,0.8548672927394134,0.10181987953106304,-0.00011616542499673766
2014-06-05,-0.21673273136327373,0.8991790127530509,0.150096980502511,-0.00033515675207707117
2014-06-06,-0.2458709995985284,0.9790800809525038,0.20561057435860658,-0.0007011359882492481
2014-06-09,-0.2658150152116877,1.1038276958426694,0.2544996261922489,-0.0009362655228782725
2014-06-10,-0.2689850278715873,1.2006635527925829,0.44534885031076593,-8.588975166382609e-05
2014-06-11,-0.25604029891282715,1.351517273038957,0.8228463812266186,-3.991958274960644e-08
2014-06-12,-0.23773816313590712,1.3089900108326673,1.0856417816154749,-5.130877841342322e-06
2014-06-13,-0.23288008403134985,1.1703835456069798,1.391040768726691,2.419677666559565e-05
2014-06-16,-0.20889820663707317,0.9915578151771864,1.576765211771031,0.0007559768426631613
2014-06-17,-0.2000375586347247,0.8458040130588117,1.832282383607802,0.011921250258607985
2014-06-18,-0.1869627536096285,0.7656408921680337,1.8957062966676432,0.03313973645230813
2014-06-19,-0.14297402264894965,0.759198911556218,1.5814586764149399,0.04451254039206677
2014-06-20,-0.035590490412759475,0.6984577128114019,1.207523918198396,0.043292110863973034
2014-06-23,-0.0030989732260562593,0.6078714880622653,0.94123637246195,0.03405175991061697
2014-06-24,1.3239681183130747e-05,0.5156556223656711,0.7370996358292919,0.018304481518739833
2014-06-25,0.004698477283642744,0.4269377809973628,0.5226540924959916,0.0055668033024429825
2014-06-26,0.029252587367661807,0.36529908330888994,0.4390409962028699,0.0037204588670404328
2014-06-27,0.0914790815039744,0.3286584225429269,0.3664223238607758,0.0017084462596854983
2014-06-30,0.19840101831430595,0.301339027167903,0.3666699770173589,0.0061994962539046305
2014-07-01,0.3650977223753753,0.2833998525946402,0.4184811922663144,0.014146103093613796
2014-07-02,0.5860662932358894,0.28635681729076595,0.4362010647959507,0.02386127016285489
2014-07-03,0.7109695472749679,0.3119756122943457,0.5642328481060513,0.06371102452598779
2014-07-04,0.7404446568628487,0.33592637633129324,0.5531271987303066,0.10263910999853393
2014-07-07,0.7298101797827309,0.4089920003370043,0.47611541991697015,0.13506700469587504
2014-07-08,0.6871237215717391,0.46079979268762966,0.4302909049131739,0.15625482038278005
2014-07-09,0.6296082200836344,0.42845869234057055,0.30372736302189113,0.10995552847844797
2014-07-10,0.5748158686501573,0.43955460584266187,0.19668825282798758,0.09174663359530527
2014-07-11,0.5812772147420319,0.45543101495202254,0.10600981007891098,0.07033855986831966
2014-07-14,0.4782452938380775,0.5046949020508525,0.03626854283671036,0.06937172242858973
2014-07-15,0.3318828485531739,0.548787805592132,0.004901945542755994,0.08954401089133257
2014-07-16,0.18424264089504677,0.5893017330866506,2.7792993080971066e-08,0.10202803700602768
2014-07-17,0.09489223693725372,0.5968150225124538,-0.00342322225912445,0.09895888404165432
2014-07-18,0.0505479029220728,0.5159117025378972,-0.015495646765687314,0.1366399723736036
2014-07-21,0.02276502412147798,0.4703808068908918,-0.029194067535939155,0.21963971841892363
2014-07-22,0.002345708764581898,0.4123091929435303,-0.04010239348394846,0.3074769108082074
2014-07-23,-0.0004391443360067598,0.3619237769356503,-0.08248888919921872,0.3769532142554706
2014-07-24,-0.038794939783331955,0.3669426306685398,-0.21612831324506596,0.40728326896926065
2014-07-25,-0.06708777500671355,0.34285538382831227,-0.35239956472814654,0.470965117086869
2014-07-28,-0.0764708119852212,0.2976488666184743,-0.4131923163182945,0.561176375421075
2014-07-29,-0.08522108656954111,0.2408427768806303,-0.42913041110371714,0.7326284111876477
2014-07-30,-0.10830696987597992,0.17909740183178974,-0.4444360622261288,0.8947091426490305
2014-07-31,-0.13317373709802385,0.1447516694348051,-0.40829702006012,1.1330603299006996
2014-08-01,-0.16146606228342225,0.06322786549499007,-0.4024028826939832,1.3185140850327763
2014-08-04,-0.18159722237860018,0.017149879109348627,-0.3558354841552332,1.6715494074800727
2014-08-05,-0.19311872551643328,0.0015546833420448116,-0.24064155403105875,1.9768233701687452
2014-08-06,-0.19388995915200155,-1.2767180339837261e-05,-0.1325560913415221,2.2285042300312674
2014-08-07,-0.17193562992719785,-0.0023458907072012275,-0.05533057716155758,2.308355298607917
2014-08-08,-0.11797533814543316,-0.0067030015971522305,-0.00876331563645689,2.388889918741598
2014-08-11,-0.11082622251272735,-0.005346781336916944,1.1840907512301925e-08,2.532071655483388
2014-08-12,-0.08932975719426002,-0.0036914558252725896,0.018058856892200253,2.552728352969403
2014-08-13,-0.0656520529150035,-0.012921798963100053,0.09273857580243712,2.3761623832973116
2014-08-14,-0.038515658086293515,-0.010043504042086648,0.2019819486152224,2.0118852140755528
2014-08-15,-0.011824966026641117,-0.009058331275059108,0.3967501185790483,1.7861627801258324
2014-08-18,-0.006989606699343823,-0.0057115646433794935,0.8473127965693963,1.618778794116451
2014-08-19,-0.007875373983139353,-9.685186166720427e-05,1.2756042395344704,1.4020609876601844
2014-08-20,-0.0158963184037672,0.00037037493572517223,1.527006389032983,1.1319920702957753
2014-08-21,-0.02836207231304982,0.00489595505359941,1.804896983689948,0.8050105476281311
2014-08-22,-0.03257124730718407,0.012301638799127941,2.0910719714523154,0.5635350058174803
2014-08-25,-0.037084229247030816,0.03483224320462739,2.199811004371706,0.323182038155686
2014-08-26,-0.03589147981416788,0.0745382115962463,2.206197758778133,0.13667679169639446
2014-08-27,-0.03813586980178993,0.13976225792731792,1.9426180519030918,0.03343296535687588
2014-08-28,-0.046272792650525425,0.24540700613816568,1.430579956155175,0.0010890265838680315
2014-08-29,-0.06035125170253065,0.34549091857164715,1.1689546675639155,-0.0009799567619908735
2014-09-01,-0.06174432504670801,0.46100452454959034,1.096222312586303,-0.0037441304619806343
2014-09-02,-0.07161209857484516,0.6059347242303569,1.0958409409166103,-0.0014282604547016836
2014-09-03,-0.09317272092814544,0.7626341410685092,1.1463276472306934,-0.0001853856550858335
2014-09-04,-0.12378169783549445,0.8695614848833353,1.2188850747202877,0.0009160435312187466
2014-09-05,-0.1822640357783504,0.8208888107233306,1.1679135237594376,0.008279118195109476
2014-09-09,-0.22500054812678016,0.7929595965512319,1.0981853881624726,0.047399050294160604
2014-09-10,-0.27958964624962235,0.7123493267755515,1.1379135256854533,0.10574574202409363
2014-09-11,-0.3363959116697289,0.5968415934153201,1.1632203008163475,0.15714613931592725
2014-09-12,-0.36665847596400086,0.4782436425540073,1.1746729726593352,0.17521521443589774
2014-09-15,-0.3748727983200745,0.33275473478021766,1.2054358335456608,0.19400146914084215
2014-09-16,-0.3921503074103312,0.17521927957969488,1.0667468177808672,0.20084260307288807
2014-09-17,-0.40088635805649564,0.0966899290402966,0.9124420310604109,0.20475360107560547
2014-09-18,-0.413183705930139,0.0418866189857341,0.7705214366956188,0.215418462356625
2014-09-19,-0.420156035438057,0.026903309730112977,0.6243116425326649,0.2149026203520519
2014-09-22,-0.42867016657083895,0.012542160844470223,0.4422943948938501,0.17196732656745264
2014-09-23,-0.4440315054645771,0.0006902614350272789,0.4192338032268071,0.17263271060651922
2014-09-24,-0.45325205589918005,-0.00016937901480943094,0.4562975562215487,0.22617609825338147
2014-09-25,-0.4651747130403918,-0.0010083051874113034,0.41170213106405246,0.2516086397446754
2014-09-26,-0.47169157696974945,-0.01732731775819875,0.4292872463040867,0.24463021293562842
2014-09-29,-0.47317044876871417,-0.038567717645286936,0.5362888614367692,0.25904358814275097
2014-09-30,-0.46741853347514284,-0.06341900888530312,0.5827171739114323,0.23804009100136556
2014-10-08,-0.4488921712194164,-0.09330333647513457,0.556083164004399,0.21410037243340563
2014-10-09,-0.4131547753337304,-0.10592106441606464,0.5392361023030006,0.18431744897669372
2014-10-10,-0.3773256079087412,-0.14331693254690517,0.46233555213849536,0.12598508781357529
2014-10-13,-0.31336993990592643,-0.2072868562954886,0.3913436994544145,0.07266659699836556
2014-10-14,-0.24491708102903648,-0.2570562834794068,0.3162616938353584,0.029308364633380775
2014-10-15,-0.2008686651618782,-0.2870260542771851,0.2823907496360891,0.01739287544196067
2014-10-16,-0.1383707847170267,-0.3082466400395022,0.2071770786027128,0.008877086076879506
2014-10-17,-0.08016677396724517,-0.35940744642862893,0.1434194719144907,0.008695868167373588
2014-10-20,-0.035950362494275,-0.4016536711571383,0.14278269145601283,0.021911899585539792
2014-10-21,-0.007164777437315633,-0.4063238815821438,0.09607858040047823,0.026590826242613178
2014-10-22,-3.779292258443148e-05,-0.35341855246651044,0.05654896247875198,0.015840052547023933
2014-10-23,0.0007290180779736489,-0.3127510373639402,0.014881104038739391,0.003080858059917415
2014-10-24,0.0033149268722141296,-0.24692608969848917,0.0046213039214398205,0.0005327146485371739
2014-10-27,0.0069231276970566046,-0.16349837194108005,0.002212956154007789,-3.0082190545682586e-05
2014-10-28,0.011818891715917377,-0.12161933878598483,0.000217905141131134,-0.0015245173541436334
2014-10-29,0.026472134822306797,-0.059303307325072836,-2.2604236381730748e-08,-0.0018755220455389863
2014-10-30,0.007571165530661804,-0.02053235021996858,-0.00016192446427787412,-0.0010529855515555488
2014-10-31,4.538656132119512e-14,-0.000764657191569137,-0.0017276651531916614,3.3717541094921144e-05
2014-11-03,-0.009332866070699233,0.0011924729431853087,-0.007897314739882913,8.834674539784316e-05
2014-11-04,-0.04311006160257184,0.02211730814750416,-0.023025608625688924,0.0005465218469133555
2014-11-05,-0.1023762956850688,0.07345095975659453,-0.03229056182962959,0.004649663252197555
2014-11-06,-0.19122192377395666,0.2037142015388263,-0.035507835736820224,0.01231298304888566
2014-11-07,-0.2631141759778085,0.34197186323371465,-0.051079847256896356,0.02165759102361629
2014-11-10,-0.3162108937011928,0.5903226372566541,-0.05159661559175112,0.06631073343351497
2014-11-11,-0.3776438519521994,0.9062421333050616,-0.07874539749060298,0.1375315624964635
2014-11-12,-0.4248422931106427,1.036552733129742,-0.0802095446152503,0.2992352266517905
2014-11-13,-0.45896982963838456,1.3179548228015585,-0.09481286394193046,0.525679099089386
2014-11-14,-0.49886448371559067,1.4528703491898793,-0.11094523962309177,0.750428495055254
2014-11-17,-0.46815048492002004,1.4384079551703557,-0.1076220575245619,0.9124777448449907
2014-11-18,-0.4227696113077929,1.3234673319177117,-0.10145322485403901,0.9672931981928348
2014-11-19,-0.3736480619523203,1.2631908286142428,-0.061616201335053015,1.017845129624343
2014-11-20,-0.32807815135565804,1.0887293808894736,-0.05200879399374015,1.0188149020851158
2014-11-21,-0.2582148423962619,0.9172284925263977,-0.04202494723798783,1.1331897444509185
2014-11-24,-0.18202242101120644,0.7336545813435543,-0.01636886932009126,1.3802233297039141
2014-11-25,-0.1076384936899721,0.6383003286027258,-0.002399005640984497,1.5953808101694655
2014-11-26,-0.047587342623975515,0.6029606297555911,-2.61621162825136e-06,1.8306552018556508
2014-11-27,-0.012203583629442185,0.5736599737951456,0.00011534168740925645,2.032203524381404
2014-11-28,-0.0013147187118400625,0.5481212031958872,0.0014160983345684545,2.2905827082664545
2014-12-01,-4.53541932697461e-05,0.528887124968108,0.003514870162050281,2.3937262865983104
2014-12-02,0.005165913130789515,0.4369933025838342,0.01940774516922214,2.8179562044725426
2014-12-03,0.07329349076647948,0.41060075056861955,0.09120192016032803,3.476530587175294
2014-12-04,0.2564214739791123,0.3820066691819263,0.23462867991407269,4.659056636531424
2014-12-05,0.4339542341320717,0.3462693433756334,0.3322612743922147,6.678379347667645
2014-12-08,0.508877628528493,0.3334521350557889,0.4798756493467054,9.929737171538648
2014-12-09,0.6400910263664397,0.24339954709416953,0.3820389962080396,12.287211704879155
2014-12-10,0.7152444659484182,0.2235409129121166,0.5055477801613248,15.303298774036476
2014-12-11,0.7261335100268494,0.10284922848181524,0.7688219383185866,17.22100157327606
2014-12-12,0.6940331175438289,0.04454510258258807,1.0741520986164679,18.270708289587454
2014-12-15,0.7397685910992083,0.006911770493577581,1.5222035354969903,20.368757534862375
2014-12-16,0.6177204278956239,3.3100294552490375e-05,1.6004858178656372,23.553005355905277
2014-12-17,0.5337145574657106,-0.004235628653278781,1.727900554332014,28.474876335805014
2014-12-18,0.4443069430499796,-0.014147982341885915,1.5317662835400403,31.68938803344688
2014-12-19,0.3506098724549611,-0.008149716334652102,1.116537141370373,34.679117236272184
2014-12-22,0.3083443193196882,-0.0057862444915151605,0.4846242833769128,34.97071600939013
2014-12-23,0.2140695608094704,-0.0038260865824245103,0.14715794974877758,29.927844886267245
2014-12-24,0.14460210193616413,-0.001147554936333131,0.04385961328129931,21.397489078310254
2014-12-25,0.0723019676695969,-0.0008256257040232515,0.004095172326165648,16.37536756220433
2014-12-26,0.04058338878334379,-0.0003909893794808581,-2.861794921407415e-09,13.944993274666702
2014-12-29,0.030830256687884527,-0.00014672135260151954,-0.006259286575011109,11.809980008591733
2014-12-30,0.015609644304217338,-1.0758063025390741e-06,-0.04298636691007887,9.695089597097553
2014-12-31,0.01145155683032344,9.962453966950932e-06,-0.09717827553889107,8.471915431261314
2015-01-05,0.008934936266400014,4.915846423138456e-06,-0.16162549284428981,7.783285775909974
2015-01-06,0.006821680056688975,-2.264092585921673e-05,-0.16238836515518756,6.984961295902138
2015-01-07,0.0007576593125495994,-0.00022508132124239547,-0.20781645862936082,6.001038920772651
2015-01-08,0.0010679301724268214,-0.0004816478279689055,-0.22141504376536483,4.942543996981298
2015-01-09,0.001301222301293022,-1.0685772845383233e-06,-0.18071864355564526,3.9906559107918165
2015-01-12,0.003816485778212085,5.541885850302443e-05,-0.09632277061309444,3.3841234500308865
2015-01-13,0.009927148441928059,1.3468881248938416e-05,-0.05414181862528718,2.8007047890881913
2015-01-14,0.010309779996875936,1.642885631522637e-10,-0.03644480197164067,2.769328778140896
2015-01-15,0.018346407906933357,-0.00027583644362576054,-0.04756020996506376,2.4223580854891384
2015-01-16,0.10391188641386427,-0.0004105678461472125,-0.012118878424450537,2.357853620707004
2015-01-19,0.2494410127228165,-0.00546261920471199,-0.001202527921454348,1.0104239709072378
2015-01-20,0.44335477690589453,-0.014482959861206813,0.0026443780360074142,0.4392636324156399
2015-01-21,0.7401708504995559,-0.03202233415887346,0.08176107792782465,0.26653064624796974
2015-01-22,0.9573320937388019,-0.05099273181678515,0.39071578934694584,0.1873670160880545
2015-01-23,1.1971172423903644,-0.08870504228595454,1.0107456553781744,0.16232282405760556
2015-01-26,1.4691706215944023,-0.08241537642356417,2.1936835999462607,0.13185137262309454
2015-01-27,1.6979600288734313,-0.035904951898460484,3.5781743760887172,0.10389407013949079
2015-01-28,1.8985202296853925,-0.023884090368167573,4.110360312843115,0.06331826246646498
2015-01-29,1.8769886228204256,-0.020848919303340905,4.254200067777472,0.012516532325953065
2015-01-30,1.622094691663574,-0.01128431181306474,4.16391163152589,-0.00020856759443058998
2015-02-02,1.4975129892530645,-0.008228850506917072,4.113604336051097,-0.03283268116524049
2015-02-03,1.3653777584618718,-0.0032064821631369446,4.552388220300644,-0.07185230674503619
2015-02-04,1.1610228384465924,-3.07273642372037e-06,4.562756439710814,-0.13697707978516613
2015-02-05,0.9551369135979311,0.0015431217964823709,4.085583188965945,-0.2260215648022772
2015-02-06,0.7563621101664116,0.01827425119267342,3.136980775414591,-0.28297604748520405
2015-02-09,0.4258784048435215,0.022034762558653605,2.1449920017162962,-0.28037088713774794
2015-02-10,0.23351266680782867,0.010266428942030077,1.8711106136621343,-0.2545989768683729
2015-02-11,0.10150815177686785,0.00938925132082679,1.5436133751912935,-0.21017865584247705
2015-02-12,0.01793159212747903,0.02217166806662586,1.3212807220638296,-0.18888298984120058
2015-02-13,0.0005181223064417028,0.09853766778686728,1.2326611003341421,-0.15438022083620775
2015-02-16,-0.0006135395762144334,0.21627806794880716,1.3691961413343978,-0.12367387100922231
2015-02-17,-0.015238727836432474,0.3087460491081965,1.474331079223213,-0.09234158579839942
2015-02-25,-0.08233693293243052,0.40144802919859646,1.4042678210497022,-0.07970734611859841
2015-02-26,-0.23974012068140924,0.47779335368518494,1.301991205016534,-0.021487649014680022
2015-02-27,-0.36187068020061525,0.545270949986987,1.4608567608224559,-0.0006024516369379436
2015-03-02,-0.39910459058834585,0.5649578996101914,1.6310290717843277,-0.0018421139958615515
2015-03-03,-0.44097655617541653,0.6412735920689171,2.078351064585873,-0.0054480906391540405
2015-03-04,-0.43550415645314183,0.72171881259119,2.8371194461597526,-0.0008159978158856008
2015-03-05,-0.4507427646870929,0.8076851133821799,3.8164002514322273,-1.12792129991224e-05
2015-03-06,-0.45092030404902445,1.017270643148823,3.9150406964909474,0.00038541204066016487
2015-03-09,-0.46115310272219556,1.1524531225249595,4.742062308537128,0.019662049278616766
2015-03-10,-0.48145459068222846,1.2830458035068406,5.906747869058275,0.07884518306810374
2015-03-11,-0.492430039908693,1.0923594337960796,6.575919759241053,0.17449290313414462
2015-03-12,-0.5026185594488318,0.8131071230728438,6.542167988223017,0.328675454214871
2015-03-13,-0.5409633469622148,0.6511142670789113,6.399763307365932,0.4540539602449913
2015-03-16,-0.5343032274336478,0.44243108269618175,6.74493031299254,0.5154583587342761
2015-03-17,-0.5278109671447156,0.3280706984769107,7.423735183346354,0.7305902766609365
2015-03-18,-0.5326639237634454,0.24508132895835089,8.345673276762096,0.9596365751204011
2015-03-19,-0.5111694462712103,0.18912358127883705,9.074053424326966,1.1166508674549847
2015-03-20,-0.4925010092396534,0.14578384330436966,8.972354733459024,1.2198576147003863
2015-03-23,-0.4775278027099962,0.09518825187867819,9.002001623808374,1.4408283798258443
2015-03-24,-0.4375009913439383,0.04571861847801518,9.680760283636697,1.7509656886619482
2015-03-25,-0.3980645450532754,0.01933482704295892,10.314323049482592,2.018162842670107
2015-03-26,-0.34142987150238424,0.0009820478068225558,9.478324870777008,2.2951196797597815
2015-03-27,-0.2682881825431113,-1.7091715357731462e-05,9.253681895186359,2.6114609577186623
2015-03-30,-0.2221470294698525,-0.0018592729942641406,9.178909257663168,3.259341234531469
2015-03-31,-0.19005068281737483,-0.007293704992141234,9.197969165044459,3.8352305810410656
2015-04-01,-0.1611632123031674,-0.02006919048880876,9.06503320833794,4.287365776581701
2015-04-02,-0.10838708700973108,-0.04574854392619186,9.347358759396865,5.128287009995233
2015-04-03,-0.06567162828925684,-0.06836979669816397,10.06932417686594,6.023581929486997
2015-04-07,-0.02031228309402943,-0.08351353435642773,11.727442636420061,7.321300577971614
2015-04-08,-0.001949611725305166,-0.07699323604206303,11.498285991297507,7.978660888783604
2015-04-09,2.483863984041918e-07,-0.06553400840938017,12.923421952611491,8.202545905582692
2015-04-10,0.0041415340164915855,-0.050542241285116286,13.081683890484616,8.249816587784702
2015-04-13,0.0503504590167505,-0.03154964208512288,11.912175973870843,8.295863551961224
2015-04-14,0.05700959303487915,-0.02738318658134876,10.78642126453557,8.407267970516067
2015-04-15,0.03564919146471155,-0.019021520665168764,8.403701161688307,7.8226300300104805
2015-04-16,0.0335851456762466,-0.02103472720073579,6.582173788335667,7.633543317940185
2015-04-17,0.039397076170709006,-0.026920561128897035,4.707026398169008,7.835501663080913
2015-04-20,0.047913595569151674,-0.047637723791552074,3.0517936184624483,7.3712351972961265
2015-04-21,0.054337324495216395,-0.06462970215092541,2.8624704814755186,7.204769405683763
2015-04-22,0.05416294976100447,-0.05493867394424549,2.621815768580358,7.572827669657336
2015-04-23,0.026370221255311112,-0.040766172283888194,2.6797424111616235,8.075092562792115
2015-04-24,0.01859945275885591,-0.0060981147789521285,2.719678840440745,8.000042657071832
2015-04-27,0.0025745110135144255,4.050175488868783e-06,2.7498785778832926,8.443094839987808
2015-04-28,0.0014434376355862855,0.0067128085469654215,2.748108418733367,8.762630363122385
2015-04-29,0.0029471217362998367,0.04341475944957807,3.5165523346264798,8.70323451685992
2015-04-30,0.00383334322601871,0.12666481711693112,4.493356287204931,7.866896047424923
2015-05-04,0.004730950601565111,0.18600508745704428,4.592963446834029,7.064177321738802
2015-05-05,0.0057122798061514275,0.25294292311847755,4.317500626240652,5.2720877625806555
2015-05-06,0.0017852546128235105,0.23487878110740137,4.00487312733014,3.939763045888308
2015-05-07,-0.00011384793605692904,0.2271849417298711,3.5325753067360934,2.398868382124514
2015-05-08,-0.004485240413343386,0.1999299671332047,4.032391638826682,1.5479467698267066
2015-05-11,-0.006143020255154853,0.1784654717343767,5.519741578679119,1.0621927311350736
2015-05-12,-0.00962556796511639,0.15006553488106458,7.8534267087192955,0.763433495824451
2015-05-13,-0.005993502311601635,0.11963110809336543,10.55920162025522,0.5090764928256081
2015-05-14,-7.662386607992132e-05,0.09256971079129679,11.930557862558175,0.3060286246577228
2015-05-15,4.703498961542457e-05,0.08377395117063563,14.556412649240597,0.1063181439027668
2015-05-18,0.0032240831730038773,0.0792963979482107,17.893138346465072,0.015393068230827069
2015-05-19,0.011548669937401276,0.07441954903051726,21.931082271438093,0.0033119878247984003
2015-05-20,0.008378172919004364,0.048191729763489385,26.49336202028039,0.00011551769129212508
2015-05-21,0.0044079150516209975,0.036644638728866606,29.13941456635585,-0.00013951246563973912
2015-05-22,0.004470733525943368,0.04043844275779148,30.71722878215684,1.3972778672544748e-06
2015-05-25,0.008620473377116024,0.04083447700377847,28.666117776952348,0.005906049135575604
2015-05-26,0.019272611161769888,0.020761947112288896,26.249995608224367,0.023852189754306682
2015-05-27,0.01641585586544099,0.0052809344067668235,26.76490510900295,0.057511348565506076
2015-05-28,0.018317913607203754,0.005287402636444129,22.76154785275494,0.06427833783401246
2015-05-29,0.008418644884892091,0.004073823475264997,21.456425782710433,0.06292723449156747
2015-06-01,0.005430587064831864,0.007825149109748622,23.15476076781795,0.11638149770684261
2015-06-02,0.0006430019270604899,0.03144862279757528,26.850343413043316,0.28682017615149696
2015-06-03,2.0488085255677034e-05,0.04298556237072008,27.448870539698312,0.4789795990299077
2015-06-04,-1.0562375042783857e-06,0.07037085181789107,29.22441102648513,0.812020503583608
2015-06-05,-3.531082749327088e-05,0.07812039948483405,28.807375183816568,1.2387321974393926
2015-06-08,-0.0008935918248301028,0.0692731833095712,22.94942133900237,2.0872720836147507
2015-06-09,-0.004813011633373278,0.04126839930398938,15.975821595810922,2.4781614313364813
2015-06-10,-0.011267125245420248,0.011867506058556994,12.529138395231232,2.624390893291581
2015-06-11,-0.03708583602626961,0.0019074324461495974,8.946421696244977,2.4401735113082474
2015-06-12,-0.07015216583735658,0.00027364669643432834,7.366714574135415,2.3533551701962483
2015-06-15,-0.10861824693179539,4.614711820256328e-06,5.3970198677573,2.193355361158724
2015-06-16,-0.16377646459896844,-0.0005325613996110604,3.4854826685896234,1.7654383733731678
2015-06-17,-0.22037019153540638,-0.008827496255680715,2.32825404507548,1.4108927520418173
2015-06-18,-0.21970246608842622,-0.027627451773839098,0.8636188827018072,0.7458494723030544
2015-06-19,-0.2042482106104581,-0.021344424401970787,0.10772121223292196,0.1106648540593472
2015-06-23,-0.18730988996614883,-0.00379628048675283,0.003978609198331356,0.00393433817582339
2015-06-24,-0.16146881306125424,-0.0003287623988902937,-0.0014775873258839603,-5.4965780589291786e-05
2015-06-25,-0.15246590872704113,-0.0003619210400282554,-0.04867934161130815,-0.019376821052977965
2015-06-26,-0.14573355027328763,-0.00015104684768024967,-0.15800666685982967,-0.12052986024761701
2015-06-29,-0.13074556683350255,-0.00020917716475388903,-0.30348660169547415,-0.24615338334876477
2015-06-30,-0.12344467357926903,-0.0016478544910530338,-0.44237646965933636,-0.3065143017736407
2015-07-01,-0.11525999103569204,-0.0050610274262195805,-0.5460613295933007,-0.3655805837664901
2015-07-02,-0.11704558070142554,-0.013707002588261285,-0.6379424001446617,-0.4392021391340925
2015-07-03,-0.11961954903904215,-0.011358625758681405,-0.7576416489763227,-0.585508245419705
2015-07-06,-0.12895058667639403,-0.022851649874605234,-0.842606007953166,-0.7190839266513067
2015-07-07,-0.13928949833808782,-0.03874727992011677,-0.8772582895286738,-0.7862552759581692
2015-07-08,-0.14481808483104705,-0.07262683719822388,-0.8791741098806253,-0.8377466787937059
2015-07-09,-0.1595733680535623,-0.12119804914325737,-0.8962328378024418,-0.8647611328920457
2015-07-10,-0.19075397743465158,-0.16144988803940827,-0.8973477900554291,-0.8585203076741892
2015-07-13,-0.2042236901369418,-0.18806987577575973,-0.8616907280815331,-0.8255250546651444
2015-07-14,-0.21269134389840957,-0.16238289931370353,-0.8049575052846658,-0.7985992313634067
2015-07-15,-0.22161794675063826,-0.11767561231347395,-0.7836824785704429,-0.7868857789504169
2015-07-16,-0.22767649820670463,-0.10716203257422267,-0.7301155538209093,-0.7503458735429254
2015-07-17,-0.22786529249367396,-0.05150103976061335,-0.625241698491649,-0.6781888304518703
2015-07-20,-0.25258083449771346,-0.008370334967872387,-0.5085928778252433,-0.594329518125836
2015-07-21,-0.2811747241867544,-2.5805034621437198e-05,-0.3890807809711707,-0.49563123825585637
2015-07-22,-0.3149807727713297,0.0005492712940118442,-0.26465111132646985,-0.3988799004281386
2015-07-23,-0.3517989024103349,0.00577371377538833,-0.12668442718940842,-0.26284481029037576
2015-07-24,-0.3906648658995818,0.013608170988167606,-0.043123837814054086,-0.15901264341136956
2015-07-27,-0.40816198654855396,0.026554338513518714,-0.01628057700679756,-0.1680713076612018
2015-07-28,-0.4374938052930133,0.06105329661062404,-0.0021605634205222276,-0.15138193298596808
2015-07-29,-0.4481872565635311,0.14833207408918472,0.0019424548072646565,-0.09199732054609655
2015-07-30,-0.46268279529028583,0.302740483346168,0.033448410403147597,-0.06447393108042879
2015-07-31,-0.4793652941906429,0.5367657122495622,0.07129713427505154,-0.07176670723038686
2015-08-03,-0.4715577291685865,0.7767193819653773,0.023743234221554686,-0.09519531325448258
2015-08-04,-0.46716579849197365,0.8908547119133783,0.08098040321920803,-0.05020536396113153
2015-08-05,-0.4541227247768708,0.9477892105617302,0.08735388164901323,-0.03365156752830877
2015-08-06,-0.44338137767743496,1.1052740785619357,0.06587863801117609,-0.0458053151304452
2015-08-07,-0.4270533898671343,1.1017671405985556,0.07739106459223467,-0.09739133861304895
2015-08-10,-0.3818538254428094,0.892691245258516,0.09507073394924356,-0.0730402148867416
2015-08-11,-0.26739740168736864,0.9845054045668568,0.027214984032184843,-0.059867083022601186
2015-08-12,-0.13913575750998225,0.7797740679887837,-4.563162517209301e-05,-0.14150306628029466
2015-08-13,-0.04234058429804242,0.6311659587463639,-0.01740420890715104,-0.10694342301076087
2015-08-14,-0.008309434506288824,0.5122583057711749,-0.057018141421392714,-0.0569364712979745
2015-08-17,-4.782327021922664e-05,0.425144289131984,-0.06156013379626952,-0.017595392024420092
2015-08-18,0.0028215478240368338,0.42135152340504517,-0.07139043312324612,-0.027619766054269225
2015-08-19,0.03793353490556921,0.40256381271566244,-0.1330777990548421,-0.055210345561393454
2015-08-20,0.17373274913324002,0.28066642186510804,-0.19525925248434856,-0.08641706516095217
2015-08-21,0.5207510782280148,0.10541255234576086,-0.2241698518590834,-0.11885774757275654
2015-08-24,0.8524588239365587,0.0005038926836560841,-0.28166687331368456,-0.18336054851674521
2015-08-25,1.1559745855781058,-0.0014674901824756348,-0.3358205645766427,-0.25197475661058677
2015-08-26,1.3231363259462412,-0.018335357834769292,-0.3792896607684975,-0.31761947478114017
2015-08-27,1.3897601363128484,-0.03149879679064383,-0.4030643153549132,-0.3383400562301744
2015-08-28,1.3642338492987955,-0.03971761537332338,-0.4074380238753973,-0.33482217866040204
2015-08-31,1.4273929153760316,-0.06499042239396233,-0.47383241427130185,-0.3929024584375895
2015-09-01,1.4173612050534572,-0.12827878079223606,-0.5587366660176787,-0.4459825919926225
2015-09-02,1.3690404813378156,-0.1796027242923522,-0.5958608305954044,-0.4596180185132647
2015-09-07,1.0882934407218476,-0.21737240510472952,-0.6490725607525514,-0.5093282580120803
2015-09-08,0.7620768618734047,-0.2104749697761615,-0.67601984579615,-0.5396065227381996
2015-09-09,0.5471508742459322,-0.18748975832215403,-0.7159253514658137,-0.5441331390833368
2015-09-10,0.2983217091118339,-0.20089582368925002,-0.7094551237012913,-0.5243323572646006
2015-09-11,0.12853916218576325,-0.19686028584215629,-0.7047182015883416,-0.5115106821649539
2015-09-14,0.031156224491495698,-0.1762634163255686,-0.7370305040521685,-0.5101259377257488
2015-09-15,0.0010546106618450671,-0.19353999452111761,-0.7546180344105451,-0.5075174950128806
2015-09-16,-0.0036593791057854103,-0.18047798997114203,-0.714076281355756,-0.43032618401987516
2015-09-17,-0.028182952464290294,-0.11398132250693907,-0.6761690625022732,-0.366537734657473
2015-09-18,-0.026823337654914046,-0.0737568473792708,-0.6150983191766914,-0.2966324274894121
2015-09-21,-0.018800172492441744,-0.043455393814879006,-0.4852786998483442,-0.20490426606758652
2015-09-22,-0.02432759044100981,-0.016196588891816195,-0.35670479629933505,-0.1079867902630464
2015-09-23,-0.03467172613619933,-0.0039152191906832055,-0.23003342457018514,-0.039294700090794596
2015-09-24,-0.03746322742713425,-5.8190958750229676e-08,-0.11812527152537593,-0.008331007601892928
2015-09-25,-0.029118565494295263,0.006153379142981028,-0.03875378267931375,-8.253675796555851e-07
2015-09-28,-0.015807094076773377,0.04444129276944839,-5.612946141246008e-06,0.011815160621525784
2015-09-29,-0.005616646424615998,0.034525456640436526,0.05883356935627025,0.05389069237691572
2015-09-30,-0.0009813778529283188,0.0004334512716858205,0.29274593361609036,0.024719550111474524
2015-10-08,4.549056045732548e-05,-0.00041891102046027405,0.5610555577881454,0.0002867222443606394
2015-10-09,0.003273886750752417,-0.011822619820529862,0.7621034676337316,-0.006286569115743273
2015-10-12,0.014049604586747345,-0.008343488489672169,1.4075423252932833,-0.002472236754424637
2015-10-13,0.034127489632179944,-0.0013572945844405858,3.4307160198514937,1.657484407497361e-05
2015-10-14,0.09479005273328037,-0.0001891944783340145,5.064557882242928,0.0038375175647845923
2015-10-15,0.22943598015833508,-0.0006430389862496649,6.375029076715641,0.03376693058272087
2015-10-16,0.4149697598509766,-0.00023748663031588003,7.220364418499571,0.12398905488624382
2015-10-19,0.5093824953082337,-0.0003202420465881993,8.376660411653857,0.18053915727951753
2015-10-20,0.5603585571054056,6.465862886058865e-05,13.063377695493399,0.32454264058576493
2015-10-21,0.6388251251585942,0.0034613318276035775,17.147812740259507,0.5139746439763261
2015-10-22,0.6088743239490945,0.005576437499538872,23.231668520707988,0.7664511798871769
2015-10-23,0.5942065188607006,0.03781855929245843,33.75020725800647,1.101944948345413
2015-10-26,0.5179186470975068,0.1169525686601532,32.22957985741911,1.356828802467797
2015-10-27,0.4467049448666489,0.17900019489292232,26.268469138072266,1.3517454157458575
2015-10-28,0.390963916886627,0.36049360523227175,22.64535933964184,1.5552502180938343
2015-10-29,0.3129307991953243,0.6340557984151547,17.292699420655353,1.516637282746874
2015-10-30,0.18192198290398767,1.0200867055350298,13.452148015659073,1.4375515680186135
2015-11-02,0.10105857115667663,1.2924886463437013,11.571462746405452,1.2871286570802107
2015-11-03,0.03190180665012083,1.7278060505408923,8.983022166882229,1.1552033623412241
2015-11-04,0.0014387027877907658,2.0188202939860935,8.305745031216277,1.2164975491945873
2015-11-05,-0.00027349648140821583,2.264529426713397,6.961570077988652,1.3825075977258756
2015-11-06,-0.0061940333125822785,2.4560221048482758,5.628838224194274,1.4904682381970311
2015-11-09,-0.034709434928306186,2.499439480713351,5.28310081768461,1.603151115860152
2015-11-10,-0.10944438634326542,2.0818563981632,4.648969585766491,1.508379363773074
2015-11-11,-0.2224509526070318,1.6479560266686322,4.1316252766672,1.3721669620548222
2015-11-12,-0.31696503609878474,1.4004408566735564,3.9386197012517123,1.2414723815713695
2015-11-13,-0.41416290047755616,1.0768585294823962,3.3522253069067993,1.0381761477353384
2015-11-16,-0.4590335809963968,0.6765872547551236,3.6371678299103554,1.0250131989409101
2015-11-17,-0.5344428694417699,0.4995155189647859,3.2844513623643063,0.98535344010672
2015-11-18,-0.569493407841216,0.31537635238791323,2.3801423528926944,0.8337529676989591
2015-11-19,-0.5823834414118582,0.24539258364988104,2.4330535015161545,0.8232462772049656
2015-11-20,-0.5796645371523009,0.1989755101484898,2.6111626278181266,0.8424078112078636
2015-11-23,-0.5856740765756177,0.15788735929987346,2.3996903444546507,0.7821973459903776
2015-11-24,-0.585021964673968,0.12218815008113917,2.747924359936485,0.7618850509502185
2015-11-25,-0.5591135257222645,0.0727358853577538,2.520889723495497,0.5968925768197016
2015-11-26,-0.5372249672901929,0.032212225407628525,2.3977625605551487,0.49061224627567
2015-11-27,-0.5094057311138599,0.023238634323873464,1.7288304075691712,0.19859413526104
2015-11-30,-0.49687029099537217,0.023047057108277296,1.1940676096812515,0.07123528777985372
2015-12-01,-0.44503334645041853,0.016694279508859294,0.8426036573853485,0.02236766723086731
2015-12-02,-0.3980123808931754,0.027118349050978086,0.35161569900724465,0.007852108523070472
2015-12-03,-0.37657808531299525,0.03512119009055796,0.178637072816951,0.0016924655200365815
2015-12-04,-0.3378843957061004,0.03278377757033476,0.05481309343711991,-2.6943478144609107e-05
2015-12-07,-0.24167548038990178,0.04008122456312787,0.006451636100643104,-0.012789777834823074
2015-12-08,-0.1762378994024665,0.06597256842978927,-0.0007588509003877926,-0.13326622194375412
2015-12-09,-0.11190764661719288,0.11007905567688595,-0.012607051939500024,-0.24098503051806078
2015-12-10,-0.06459879382368747,0.12969682940340302,-0.07078342755211786,-0.29925780070078317
2015-12-11,-0.02743497999697233,0.14473524447068614,-0.12238033550720344,-0.3173541343407982
2015-12-14,-0.008044358552259863,0.12321399244054379,-0.13557792234471933,-0.2500128445147605
2015-12-15,-0.0024427453714446117,0.09403153671500974,-0.11929428378862507,-0.21226063856667848
2015-12-16,-0.00018561362837680155,0.08041607044549907,-0.06683760148351249,-0.17556803975932572
2015-12-17,4.8438539167450235e-06,0.09795507391844693,-0.016286263524157945,-0.1177872447123508
2015-12-18,3.379593206592049e-05,0.05931312848229242,-0.004653588108863994,-0.0832213099712339
2015-12-21,0.008018855493781356,0.010835450432379384,-4.943583195388354e-07,-0.0219639308093862
2015-12-22,0.02422255931718073,0.00076678528311429,0.00013553754220886716,-0.0015049409450901164
2015-12-23,0.03315622126355166,-0.00025511458123302224,2.7203573977045637e-10,3.563027684277156e-05
2015-12-24,0.05160169525110326,-0.00021661122627266954,0.00039712293874308183,0.006004893213575853
2015-12-25,0.09999843294959215,-0.0007704136638266017,0.004638174894545141,0.03456649756884064
2015-12-28,0.11123420189867797,-0.0017394857624698848,0.004850050119588715,0.04981971661648856
2015-12-29,0.1245154780751124,-0.0019383827847209154,0.01687312360489928,0.08306532774112069
2015-12-30,0.1580223725511466,-0.00020963333439840646,0.13107412604307844,0.14458647509495845
2015-12-31,0.1479074965341461,2.560181586244173e-05,0.23247133637947134,0.21175197979186908
2016-01-04,0.1483992646264627,5.576992839465297e-05,0.003967234925619338,0.009798370933479812
2016-01-05,0.14130710661857404,-3.691672363546101e-05,-0.0018609417493589064,-2.2686413108578137e-05
2016-01-06,0.17999577053015398,-0.0004690036934469477,-0.02645042033935226,-0.006036901828110575
2016-01-07,0.2212807389063471,-0.0009489372104424358,-0.1419812341204163,-0.01811997507847856
2016-01-08,0.24109577550584463,-0.0077284005371334496,-0.24041430176885806,-0.04435699744002099
2016-01-11,0.2842819557361093,-0.040374703822211436,-0.3619882872052548,-0.12000317828896914
2016-01-12,0.37355082754620794,-0.06434133813528489,-0.4539413865978744,-0.20799103233300695
2016-01-13,0.3936642355017716,-0.08565762966868964,-0.5546663161238314,-0.3189675260027097
2016-01-14,0.4469720667698931,-0.11895009362126546,-0.6381818267840758,-0.4255623899839608
2016-01-15,0.46077924266219816,-0.17947057784180886,-0.7154717116104028,-0.540687440428178
2016-01-18,0.4799212262145885,-0.24323528857430984,-0.7751528803914595,-0.6558336986530698
2016-01-19,0.5113983002940113,-0.33131637562884475,-0.7962748375012428,-0.7034767239201772
2016-01-20,0.5244042646705737,-0.41726065320777744,-0.8121924362467684,-0.762856149260513
2016-01-21,0.5620467818641355,-0.4838638361043573,-0.8318831614301393,-0.823850876942942
2016-01-22,0.5555065915347449,-0.5024188600747889,-0.8182229453562601,-0.8521134547096586
2016-01-25,0.5183112850308952,-0.5090146299764559,-0.7959258198414524,-0.86788060295691
2016-01-26,0.5697575019893258,-0.5672418072918576,-0.7978118020433462,-0.8780514216152508
2016-01-27,0.6246975831716115,-0.6004940923089812,-0.7929419222823444,-0.882095760470717
2016-01-28,0.6219282163867145,-0.6310669460645271,-0.7971103172498702,-0.8842600705009948
2016-01-29,0.6053353700756889,-0.6215223505489716,-0.7800857109598393,-0.8740630873421187
2016-02-01,0.6188574808694371,-0.5716430487734347,-0.7516554036796282,-0.8665442940385094
2016-02-02,0.6104547945329243,-0.5146144104442524,-0.6887535987843387,-0.8462136450414375
2016-02-03,0.6058830377659249,-0.48553487766496073,-0.6068899578579798,-0.8225767701031693
2016-02-04,0.6093442741637709,-0.42074916549937663,-0.49612536016315617,-0.7811092707342931
2016-02-05,0.6110427561455483,-0.3240379561434677,-0.3896573536696434,-0.7442582867685413
2016-02-15,0.6619222457931967,-0.2633404693183389,-0.2734857797138445,-0.7137875691953852
2016-02-16,0.7468456527621119,-0.20255924300300918,-0.12117502761123294,-0.6279227311962753
2016-02-17,0.8835722162332048,-0.1500513817132897,-0.017150946165004302,-0.5179758817123109
2016-02-18,1.179741941472036,-0.09982976589744531,-0.0014646057588105132,-0.411480823996202
2016-02-19,1.558564060340405,-0.07229669712161357,0.0005848831937061772,-0.30422804708245177
2016-02-22,1.9637367832030654,-0.04734028532293319,0.007529778215849923,-0.1861402982688876
2016-02-23,2.2120100443478417,-0.024700501778691694,0.03160244213022341,-0.10316430776474063
2016-02-24,2.3769155888100957,-0.009920061088255876,0.03886002391185915,-0.046883583859696855
2016-02-25,2.6690019821101525,-0.002928332498732869,0.018167917057343604,-0.035952708826413084
2016-02-26,2.809818961564738,-9.176148806398355e-05,0.002722292076074035,-0.03090018659454308
2016-02-29,2.7927414679392744,-7.813850309960802e-06,-7.202779969271557e-06,-0.03325717335801728
2016-03-01,2.823974176329876,0.0003551996742952069,-0.0001423582504708409,-0.011353972748496536
2016-03-02,2.702695198160685,0.007109806575713777,-2.2024103929289336e-05,-3.243209630997512e-05
2016-03-03,2.6828710349698044,0.012819481130378342,-0.0002445321858487672,0.0020257145240485377
2016-03-04,2.6368916772920072,0.030054607302957684,-0.0022075639979567264,0.05109758130653511
2016-03-07,2.5032165599063747,0.09955358524040885,-0.003531265038050391,0.2571249217037378
2016-03-08,2.489380331410975,0.07729610933789513,-0.0155678908173312,0.34393600038502165
2016-03-09,2.259859429032892,0.055235448445133645,-0.048946038791011844,0.36293065226480375
2016-03-10,1.8710504945178712,0.03570795731321858,-0.15544879113543628,0.24710954813028538
2016-03-11,1.5998759216363378,0.03195474100773176,-0.26785841212829953,0.20753417204063845
2016-03-14,1.2670932267487007,0.07882825236444317,-0.3349872299324843,0.15821030988975168
2016-03-15,0.807713949001521,0.1610478133304675,-0.3659007085011213,0.1525978982030167
2016-03-16,0.5117212477124515,0.1780297210671933,-0.3894617415764621,0.1471311279407936
2016-03-17,0.34350056178251365,0.2353848725203587,-0.30189538769920177,0.18047068824172938
2016-03-18,0.22091377652244967,0.34552121428971616,-0.18287076628577592,0.21165181481517203
2016-03-21,0.12457119281413812,0.36948234443000383,-0.07970625194477832,0.26199732497976264
2016-03-22,0.0568863106763111,0.40216856437222953,-0.016974785735866946,0.3826398395946618
2016-03-23,0.011743535772225453,0.41906917853402714,-1.6122903418846336e-05,0.5535522741609307
2016-03-24,2.3205253492526537e-08,0.39288657927018167,0.006221445258863774,0.6373233205225184
2016-03-25,-0.0019191647239099475,0.34797027955432647,0.08082684111347341,0.7199489472825663
2016-03-28,-0.022319893040327863,0.31896136322104984,0.4047046628949958,0.8912415972397979
2016-03-29,-0.07329727188582716,0.276288999043162,1.128308528700695,0.9144516437232374
2016-03-30,-0.11918073265181753,0.24270349251778375,3.0565442972464734,1.1630492123991214
2016-03-31,-0.14824843672000837,0.21783799424410907,3.8170263297425793,0.976507700300642
2016-04-01,-0.1650895702784021,0.19873585302095603,4.447636928313368,0.8356795829216475
2016-04-05,-0.22190876768725482,0.17566224011978637,4.2219409048580046,0.6923030121848138
2016-04-06,-0.2284600337508723,0.1438651194369287,4.294478938785091,0.5683146434962838
2016-04-07,-0.2691656010786574,0.2435129766878846,4.735764624432798,0.4785406748061901
2016-04-08,-0.2588123510194604,0.32754157015716784,4.734120837423496,0.3625317394692108
2016-04-11,-0.1863064885938329,0.3758338041131525,4.1170854210663075,0.38364521221225567
2016-04-12,-0.10725842305568614,0.37816794436615686,3.617243598136036,0.37263054606264095
2016-04-13,-0.05970217971587421,0.34144665375623046,3.3355868708390926,0.42388579104940094
2016-04-14,-0.04156815604976729,0.31321684001987626,2.9041284948227064,0.40473167752489164
2016-04-15,-0.03046207322647187,0.3015163211155158,2.272255711117412,0.3317683838497006
2016-04-18,-0.011463339597516808,0.27628898573202326,1.548658586870576,0.20846077725145112
2016-04-19,-0.001075307884912363,0.29215544990621833,1.1383882620620411,0.13227568012226104
2016-04-20,-0.00017056437432174916,0.2758866466490052,0.3737453587566366,0.04875569370543682
2016-04-21,0.0006109738136703505,0.2570156763533416,0.03459485686190069,0.008698341553849642
2016-04-22,0.01009320151390982,0.2512705357640257,0.00022240934843717385,0.00034372026719110035
2016-04-25,0.03919997254385957,0.1948456297214023,-0.0012758342410528693,-0.00011415763174298507
2016-04-26,0.04508869462414373,0.1326610117453234,-0.005719538354157993,-3.700191087044596e-05
2016-04-27,0.10937133554610193,0.05863204810645748,-0.019931141065293312,-0.00017963036930834051
2016-04-28,0.15991288861602404,0.022901284768376377,-0.02622063858983095,-0.0005272987452088494
2016-04-29,0.18574876399612572,0.0005600296108967468,-0.05259375893580524,-0.0045644319210040646
2016-05-03,0.2460609190999746,-0.0003993736469379359,-0.05369758778900847,-0.004518500425532756
2016-05-04,0.29209827277263856,-0.010691473068422445,-0.07317470893564901,-0.011403442224103819
2016-05-05,0.33881792494590063,-0.05075354296614851,-0.1174762033186464,-0.0430169744988025
2016-05-06,0.4272526320956477,-0.08560969082281344,-0.15690837102234917,-0.07580287818283443
2016-05-09,0.4508906538281797,-0.11259716446699114,-0.23622319100660688,-0.12471671085095427
2016-05-10,0.4694260213692568,-0.15488772261785827,-0.34032120416202977,-0.17055254908157216
2016-05-11,0.4707739658502892,-0.14714785975105787,-0.3858243092169702,-0.18735800887342052
2016-05-12,0.44399625899947726,-0.16075362321275322,-0.41285407980939404,-0.20603918895613624
2016-05-13,0.43802000033544486,-0.16131502760014366,-0.4592278209870909,-0.2571997562540338
2016-05-16,0.46400776537668637,-0.1806979481856551,-0.4939899297705309,-0.31513638899260954
2016-05-17,0.5006725081537874,-0.17342846996638342,-0.4707584500949527,-0.337047853823628
2016-05-18,0.5572437417691727,-0.21746857317726823,-0.47895498247561497,-0.3736082806034657
2016-05-19,0.4535708360689079,-0.23318303699369317,-0.4584995271071664,-0.3711366081750788
2016-05-20,0.3197806254260255,-0.2136782069330027,-0.3989409225212991,-0.34911884031717827
2016-05-23,0.19984676450033165,-0.16360678770748,-0.3077559043282054,-0.3118251348968346
2016-05-24,0.09516406626251693,-0.11872251147621754,-0.23885513186657809,-0.30408096772703114
2016-05-25,0.01990896848468855,-0.03789980000961562,-0.17495806949417975,-0.28452649864379276
2016-05-26,0.0017100332432021935,-0.004311315208994445,-0.15930221195221816,-0.28003903450017564
2016-05-27,2.2530321732592182e-07,0.00012363922756897477,-0.1773400936631759,-0.27618050956206475
2016-05-30,-0.005025886055822893,0.022109985323497252,-0.17086839798272405,-0.2572688149470924
2016-05-31,-0.03547203063102598,0.09628266706494527,-0.08575040289692722,-0.13903930212768406
2016-06-01,-0.11464081243723749,0.2312413698587142,-0.027960014383532496,-0.06693166399227964
2016-06-02,-0.20694818220003305,0.37011018069599094,-0.0035639886659322596,-0.026199541898290837
2016-06-03,-0.3096381830996341,0.5210769942231016,1.4766972950376977e-05,-0.00445630362380419
2016-06-06,-0.299856670527906,0.5835312830735623,0.005116997275241426,-0.00011770672313292473
2016-06-07,-0.2431004811482667,0.6620100435541665,0.07382334535371256,0.002213122227400786
2016-06-08,-0.17945681972401095,0.6519585808131814,0.3026421413372702,0.03510839441679231
2016-06-13,-0.05859002442472079,0.5258752752772025,0.5563309784247136,0.09118953506271184
2016-06-14,-0.012243183575311284,0.4105382663243676,0.547611937479347,0.10162219918292907
2016-06-15,-0.00043704517004631666,0.3597854695976613,0.5614211117502624,0.09111562174250609
2016-06-16,0.0009298150009311343,0.2972412933683725,0.4696808830230006,0.06817248588312574
2016-06-17,0.008720142489332398,0.2919765662171568,0.3911200091545333,0.06277160320085627
2016-06-20,0.02716741002172584,0.254485387519899,0.3040845261440141,0.05816644346566081
2016-06-21,0.07069437347026743,0.17268285601483793,0.17451702311332876,0.044785723835893076
2016-06-22,0.13028649118679383,0.09656114119995016,0.15516830321156233,0.0488377993168433
2016-06-23,0.20864160494600922,0.05998337728490199,0.1506614885335653,0.04233253554861154
2016-06-24,0.45987318016443784,0.013804528332122845,0.08539009608120299,0.013915233094197834
2016-06-27,0.7221942811284524,0.0002552266198971529,0.08052534215052744,0.006086369835753015
2016-06-28,1.0099705850800231,-0.0025860316766464823,0.0940173584392235,0.004006247860061722
2016-06-29,1.3391204393997185,-0.02941302488946603,0.12107430382869584,0.005040005617180893
2016-06-30,1.6032292240048052,-0.10286511913614552,0.13444745557670598,0.0029540053842455603
2016-07-01,1.7741867557069233,-0.1235653133791519,0.11633638365260199,0.001583692529260023
2016-07-04,2.027254961818652,-0.11711770427237496,0.13355338413623982,0.003104820322908333
2016-07-05,2.160183529342433,-0.10245930264013194,0.1219985354475263,0.00532158239530777
2016-07-06,2.2676381926836835,-0.07456488907785822,0.09489372703271495,0.007922011428762794
2016-07-07,2.3387206661791367,-0.025240064033903064,0.1478463103950453,0.04251503392275247
2016-07-08,2.2707556757328513,-0.0037931764890638806,0.21081927020634433,0.088357593016516
2016-07-11,2.2042382775196305,0.0002553857285841196,0.29141444411333917,0.1585190545156235
2016-07-12,1.9738566636057118,0.01769022786261309,0.49953537012122134,0.34014344664350715
2016-07-13,1.7242232340800168,0.06717702035275742,0.8246276779017156,0.5722314203051188
2016-07-14,1.3925351362051392,0.16378187876786146,1.2241594632270165,0.8532375647937405
2016-07-15,1.1137119416615575,0.30180918501280407,1.5666519706803268,1.1817605823976325
2016-07-18,0.9656915996832697,0.3948730933502097,1.2807840816547285,1.2441422576307255
2016-07-19,0.8034251449911354,0.5080389803346858,1.088551041789391,1.2461982389556718
2016-07-20,0.6342927218816737,0.6627417745248878,1.0196512476320865,1.2742015552746355
2016-07-21,0.49663418474179777,0.8417176875393326,0.8556383460244557,1.2529726433809791
2016-07-22,0.31815182128123876,1.0101569326512254,0.6914282515129223,1.1621645623170325
2016-07-25,0.16571102555269823,1.2130497251300079,0.5015977255330927,1.0315146667547108
2016-07-26,0.06625173248377425,1.3658942358684547,0.39440607747216155,0.963560312358828
2016-07-27,0.009427063823650132,1.4654373778375984,0.09267118120304015,0.83712268502838
2016-07-28,4.219566912490927e-06,1.5739598073322663,0.0031202928219790376,0.6902657302203871
2016-07-29,-0.0006100060827351015,1.5983528319323104,-0.004252672065750216,0.46952621798696276
2016-08-01,-0.0025250654578689996,1.570741309854593,-0.037973399888572845,0.2790222403299858
2016-08-02,-0.0066837399535055984,1.516905440896581,-0.08553111985519833,0.1493314409428929
2016-08-03,-0.008669475393849133,1.3231221715042614,-0.15465295854063835,0.07053358347332601
2016-08-04,-0.027345867088060673,1.1573730219626988,-0.20958378365820488,0.020687153010171534
2016-08-05,-0.02207840235059733,1.0634392659099152,-0.29428197230237435,0.001717143234941139
2016-08-08,-0.02458401879455164,1.0354847633708821,-0.3256376194861116,9.954647339443288e-05
2016-08-09,-0.03017215145723864,0.9941744833949682,-0.338236063827813,1.6857273213645568e-07
2016-08-10,-0.007999215269343739,0.9371513192404227,-0.3600450694296023,-7.669924798154104e-05
2016-08-11,-0.001878828611091359,0.8695056067526381,-0.4019868497148528,-0.001048476735879295
2016-08-12,-0.0002619035693052554,0.8150934793762246,-0.41738953177138594,-0.0006413363163244531
2016-08-15,9.139069461317751e-05,0.7834788695791826,-0.3698195450253454,0.00024002640150876627
2016-08-16,0.003935043791887331,0.7580080512300369,-0.2933325404974471,0.011242257830777038
2016-08-17,0.0074954462726664365,0.6831073486855193,-0.19425620842916963,0.047183614052745126
2016-08-18,0.011127986275548235,0.6067674988495134,-0.11282437809972609,0.10411045924683816
2016-08-19,0.017320392168176758,0.5428792220124692,-0.05752040912759614,0.19533103221197787
2016-08-22,0.011865343530502368,0.4663031169046716,-0.037482521936238904,0.2960729455017264
2016-08-23,0.010720706030444012,0.4442372313446541,-0.013244791890264888,0.37857099930629534
2016-08-24,0.0070116416790627235,0.41639205231784293,-0.0013375510034898896,0.4121498318896916
2016-08-25,0.00017718776662159879,0.3697992166192494,2.4474733384413782e-05,0.44007990474790215
2016-08-26,-7.796870318073906e-05,0.3156164218210379,0.006542904766048525,0.411848509529586
2016-08-29,-0.0067946854370442,0.2524718753483668,0.04945650250089812,0.3578974878434835
2016-08-30,-0.03124008506439286,0.21667707410821363,0.3289646198177511,0.3683738345505309
2016-08-31,-0.08889176544280074,0.156905540338928,0.40033590652594736,0.3441088138789359
2016-09-01,-0.11827908065532311,0.11356864132652825,0.3825377515577513,0.2887947525855702
2016-09-02,-0.16706991514009065,0.08135470983921006,0.32072004132681586,0.23423955266015967
2016-09-05,-0.1619925125816947,0.07147112736031644,0.24410062705252664,0.1666443746910737
2016-09-06,-0.13554819748418342,0.07695020118614562,0.24592107087130258,0.11803324525663828
2016-09-07,-0.05659495256768915,0.06778491566038806,0.20689695289054133,0.07786754640566064
2016-09-08,-0.023710218735824795,0.05395135513311483,0.20856438947836106,0.041332647125466616
2016-09-09,-0.0046868522866526105,0.043027193291819955,0.1542164421138585,0.013873543438288739
2016-09-12,-0.005669377920181307,0.0011332489437489148,0.057832903426604194,0.0003581272346610351
2016-09-13,-0.006143453569140345,6.808491187352708e-05,0.01692241176993065,-0.0010734502753573633
2016-09-14,-0.0025024574307680033,-7.42597667374815e-05,0.000710176244297249,-0.027060636333922996
2016-09-19,-0.0039176203238012845,-3.151315884687346e-07,-0.0010567171596899973,-0.12816802134166483
2016-09-20,-0.004536123418616398,6.72519352576285e-06,-0.02662497832897711,-0.19805621630375575
2016-09-21,-0.004623187858284643,2.8858294058123765e-05,-0.03362985929145044,-0.18534604755620018
2016-09-22,-0.0009958107037030166,0.0025210803204705505,-0.0361018693018648,-0.1611851750388826
2016-09-23,-0.00013779703101324278,0.01841751620897909,-0.03671495567096311,-0.14967651646964789
2016-09-26,3.4033227528305405e-05,0.03557685354943176,-0.05422063234162858,-0.16189223686030807
2016-09-27,0.0015211778688137014,0.03787601884888202,-0.058471586179474726,-0.15988756642548654
2016-09-28,0.0011031411598037503,0.03978376765647031,-0.09809492346142748,-0.16775335589196239
2016-09-29,0.0008785129738372813,0.050964562457172936,-0.12043268252535554,-0.16673466599055964
2016-09-30,0.0017506676206740757,0.04949429562772095,-0.12000520795675852,-0.16815268611580345
2016-10-10,-0.0011766902189603173,0.0489958308254114,-0.060180868960271985,-0.14334546660649045
2016-10-11,-0.014708727120739184,0.07056340606889674,-0.024281533543791586,-0.10865538175335122
2016-10-12,-0.048530765038014324,0.08257361810641123,-0.006491539183906473,-0.0900100898826289
2016-10-13,-0.08948846614955426,0.09816951500971317,-0.0006494616324286313,-0.06936160290832824
2016-10-14,-0.1514290254991136,0.0954611792444728,-2.5547228774560812e-06,-0.04184753501751802
2016-10-17,-0.22499054246840122,0.07028056252408173,-4.326700505592604e-06,-0.03661953884805974
2016-10-18,-0.29374074440629416,0.04729416963467384,1.9070333539824495e-05,-0.010982600976830298
2016-10-19,-0.3285251072205221,0.0420312605192447,0.00014490720959468335,-0.001689716748385794
2016-10-20,-0.33987047040645957,0.04744493647013681,0.0057473714597283876,6.638254994440257e-07
2016-10-21,-0.3221328824546725,0.06014337334656332,0.018683873274671782,0.005826056411668497
2016-10-24,-0.2905022725143929,0.07984328313910699,0.08190425642632633,0.06063361860408222
2016-10-25,-0.253774127005569,0.12483787576570697,0.17593506201449574,0.18173232061071146
2016-10-26,-0.2140023906347616,0.08847227705873281,0.1612707048003283,0.25461328963142643
2016-10-27,-0.17937708668553945,0.05686996922508905,0.13270944259118056,0.29941452729329
2016-10-28,-0.14891654517524183,0.023271093361066905,0.07161123649107526,0.3090129383244155
2016-10-31,-0.11840322494264677,0.01444903975729297,0.04571123724110703,0.3251966823333222
2016-11-01,-0.08035726931967187,0.005564594876363141,0.030626523440357024,0.3558201186315738
2016-11-02,-0.03622433204094976,4.629000608199865e-05,0.008530682745388238,0.354076019851212
2016-11-03,-0.008528138792335311,-0.0004107058197291755,0.0021701580390858306,0.42804477820039744
2016-11-04,-0.0005776188182461137,-1.8490382144153938e-05,2.9525637008535594e-05,0.46624540329475445
2016-11-07,8.624398573152416e-05,5.462153489577474e-06,-0.004339265699800837,0.4339591049758203
2016-11-08,0.007912937547546605,-1.5045442325946535e-05,-0.022753730105432447,0.415186217097056
2016-11-09,0.07071995017624787,-0.006080203688421857,-0.08644744108993661,0.34907144890668745
2016-11-10,0.18098859636947662,-0.005560080545784315,-0.16255317951097872,0.32997263021691103
2016-11-11,0.3415937770732326,-0.02253295182676573,-0.24748828169822665,0.33051194910445014
2016-11-14,0.09836833725751652,-0.03301300917360445,-0.2152268593465067,0.3626515059112002
2016-11-15,0.028308899195832467,-0.037711397899099344,-0.14876274869038367,0.3987393031703765
2016-11-16,0.0050997173361811195,-0.0217443961740372,-0.09079733438178637,0.4120508896921449
2016-11-17,0.00011351182641548118,-0.010106711874461105,-0.06431142525901314,0.4225311611230616
2016-11-18,-0.00154333143132885,-0.0010492611630272715,-0.04881737837659713,0.406208758617262
2016-11-21,-0.011418887638271945,-0.00024200728771320266,-0.05933665120391224,0.3926756110949485
2016-11-22,-0.030633251229038448,2.6830791621087067e-05,-0.028360768196378845,0.434878590328367
2016-11-23,-0.060571966525147056,0.001874843023162223,-0.018928010945892224,0.4604838324266502
2016-11-24,-0.10126936395289578,0.011358582372635073,-0.015766794594811846,0.48511709317760593
2016-11-25,-0.16713804903882418,0.03531920972608353,-0.008087721209226267,0.5448029753816044
2016-11-28,-0.22285685847277165,0.09392305480239826,-0.0015184598201105042,0.6927022231579704
2016-11-29,-0.27550220244322854,0.21254797373744932,-1.7627820694502635e-08,0.867265559865149
2016-11-30,-0.31944096112948567,0.3397827563122616,0.0026411135461251577,0.9708701510044885
2016-12-01,-0.3749075975198363,0.39303418325860406,0.01957133037213935,1.0598729370085116
2016-12-02,-0.42230938716344874,0.40200273072939463,0.012914400766451119,1.068429106209971
2016-12-05,-0.4547997176081878,0.39045559555202025,0.008569200719391833,0.9242950377776076
2016-12-06,-0.47130704719382577,0.43427904463468475,0.003649281649476827,0.7793167842598984
2016-12-07,-0.4661156557962152,0.40511819601666704,0.00022352049323416762,0.6419015023291469
2016-12-08,-0.4356211383225977,0.4050184813646934,-8.332534779842212e-05,0.5263082203298061
2016-12-09,-0.4066226833387013,0.35912927955304996,-0.0051523214419609475,0.45762334739282573
2016-12-12,-0.38670756707680803,0.37311752247223073,-0.053473721681919155,0.31073329415853645
2016-12-13,-0.3541796257334136,0.36413008250170104,-0.11725657314034388,0.17301270799121413
2016-12-14,-0.2986229098119624,0.29467990707217095,-0.22649223530712206,0.05983614800172644
2016-12-15,-0.2778904338008605,0.3031142635204868,-0.31865194549297127,0.004523556306326719
2016-12-16,-0.26633906210046016,0.2735378727087935,-0.3950150224150355,-7.477578665148775e-07
2016-12-19,-0.2933442103700002,0.23857750252844104,-0.4601588779617846,-0.004009375254446906
2016-12-20,-0.2982619387636587,0.18796520544890835,-0.49861643257747174,-0.029486680945517273
2016-12-21,-0.29253528299677295,0.1955357181319086,-0.5213127395756978,-0.07458203482673131
2016-12-22,-0.294538330308059,0.19201203418150312,-0.5518547892127901,-0.1369348730627111
2016-12-23,-0.30790358471028434,0.20521519008254613,-0.5887492982144762,-0.24271683679059197
2016-12-26,-0.2920290007251727,0.2314161672470502,-0.615439599240674,-0.32129247199714256
2016-12-27,-0.26657976667531524,0.25487627694158216,-0.6162347135781899,-0.3827525955412246
2016-12-28,-0.23167411972225485,0.2889548604527639,-0.6207558182240271,-0.44476800005114764
2016-12-29,-0.18478375908119613,0.28393265781364435,-0.6246869905181174,-0.48569733293847384
2016-12-30,-0.12235458379470944,0.29969443277608293,-0.5995437371915837,-0.48404745470704813
2017-01-03,-0.07404791502114143,0.3114078322877945,-0.5664265627455065,-0.44003922385224276
2017-01-04,-0.030671195472975185,0.3040733515716833,-0.4958615099836509,-0.35682066025880993
2017-01-05,-0.010270896460564822,0.2717760080505552,-0.4166017846414422,-0.28521238405655547
2017-01-06,-0.0029809804557167684,0.19709485051186398,-0.3471835801370012,-0.21513626325681465
2017-01-09,-9.475413651631745e-05,0.13440644515785857,-0.28952295993668886,-0.14201270593350424
2017-01-10,0.0002759573554198154,0.08901492113836232,-0.23497924967692016,-0.0980864959291835
2017-01-11,0.003907323299360458,0.0686339543206849,-0.19223166733387098,-0.07030603061827725
2017-01-12,0.013587712898430804,0.044196514540220895,-0.1523522668619994,-0.04517780386904291
2017-01-13,0.040854786859247205,0.040326782527095636,-0.13666798874694253,-0.02351416319851948
2017-01-16,0.10099475300484537,0.028878434311042474,-0.13616355086018786,-0.001534030377474148
2017-01-17,0.1751006189104741,0.01707816949163201,-0.18100628236258148,8.461906707414398e-05
2017-01-18,0.26074539143639774,0.006365393791866313,-0.23349082251212033,0.013584168038849867
2017-01-19,0.37756600718370065,0.0028155520003378992,-0.3083257301787797,0.06580499357970505
2017-01-20,0.41618833813898637,0.0008715737833714591,-0.33967281566215696,0.10326442014873533
2017-01-23,0.43927504104305504,0.0002067721848230963,-0.34060011545998237,0.14965963612505498
2017-01-24,0.4743998555458087,9.254562199704879e-06,-0.3658960222553526,0.18109576890576484
2017-01-25,0.40713586693530923,3.336478551348947e-05,-0.3741814989005228,0.18810884979999637
2017-01-26,0.304727517922495,0.00835854051099612,-0.3558809358335933,0.24251616429400982
2017-02-03,0.2538800943232325,0.026284476174427116,-0.3385030384960482,0.2534485407690727
2017-02-06,0.23899234376539952,0.05699070376168631,-0.315237262984968,0.24077976830212908
2017-02-07,0.24201276117877116,0.17018903260120244,-0.2908917205058825,0.24562204469237373
2017-02-08,0.2392880437549197,0.25513867450617633,-0.2467951255608348,0.24147272817538512
2017-02-09,0.2479979171621013,0.3916254424904144,-0.19784899539485593,0.22990044861139158
2017-02-10,0.23452210553017097,0.4955250366660812,-0.1561159992595754,0.22505588523695672
2017-02-13,0.24554948021788342,0.5783350437423314,-0.10440052188390236,0.22720214470087782
2017-02-14,0.23636965677089683,0.6041458002574315,-0.06514621868048659,0.24929834178564667
2017-02-15,0.2156390221928743,0.6645944336868488,-0.03168816759253721,0.2948643842240586
2017-02-16,0.20930809620109822,0.7211503466441649,-0.008682074546933245,0.34397668549044597
2017-02-17,0.2048840621348441,0.7486019189148053,-0.0015390480302075594,0.3440704477088453
2017-02-20,0.1971743317526462,0.7998578751032435,7.69848538484972e-06,0.4058259278188936
2017-02-21,0.21123790555161412,0.8645528776356447,0.010782398986517474,0.45583670426913875
2017-02-22,0.21835396247439964,1.006064754144206,0.06868769134664042,0.47745084101432395
2017-02-23,0.2334884318755164,1.1188565665265942,0.22190505551768466,0.45544391408597384
2017-02-24,0.2638346665026933,1.1748558107713258,0.3715644746985674,0.4250000392130282
2017-02-27,0.32870486196122806,1.196579067172348,0.334261150239516,0.38031878650748036
2017-02-28,0.40734569470043935,1.1780708756001659,0.337531786836621,0.3324646048634809
2017-03-01,0.43092401632977445,1.0825861957388645,0.3040030421023681,0.2985831861335282
2017-03-02,0.4057308512828413,1.0941935026144205,0.24785259503960272,0.20748641149807814
2017-03-03,0.3384173132480276,1.0430819712851565,0.25152976792465315,0.13047952652753733
2017-03-06,0.29129702654923023,1.0528060375153592,0.3088950184806118,0.08469454197136474
2017-03-07,0.21850549443621178,0.9858600484494537,0.3289091038392032,0.05176733311821705
2017-03-08,0.11611869085913205,0.8794844205458232,0.34304701091655204,0.02919126835712665
2017-03-09,0.03528147854319884,0.8297457255193795,0.33883167838184264,0.011677984326445356
2017-03-10,0.002215670586469979,0.7756072550074143,0.3172435374239986,0.0006830275081828356
2017-03-13,4.610159795464767e-05,0.7499908255265325,0.3681952359647158,1.0087968092780249e-07
2017-03-14,-4.3787706753106e-05,0.7344245545314624,0.3480624750408461,-0.0012314529115954181
2017-03-15,-0.0010584884162404863,0.712255477870235,0.3534911986397955,-0.007571843364366439
2017-03-16,-0.00012981632429866327,0.7181921134629046,0.39414301282095127,-0.011049150378153393
2017-03-17,-0.00013960356972601913,0.7334610755623205,0.34408062944583023,-0.022417976125324333
2017-03-20,-1.0762096349665235e-05,0.7203940432714051,0.33516889571297387,-0.028551491048748275
2017-03-21,-1.8491547859516735e-05,0.7114250124213738,0.3255958036177694,-0.032177929166490836
2017-03-22,-3.805364808384926e-06,0.5104561813487591,0.24125697463247317,-0.053028649956620134
2017-03-23,1.751255028503993e-05,0.37269815488096003,0.17249988512805284,-0.060147281971349664
2017-03-24,0.0003573980143847246,0.17858228150595123,0.12716153846458006,-0.05867162979029783
2017-03-27,0.0026593115614191665,0.04907071215686599,0.06797436243839072,-0.03580383176432004
2017-03-28,0.0072494059954515315,0.011902600766082053,0.038934306232159946,-0.021101416972620527
2017-03-29,0.011828248918472624,0.007188917883358676,0.00701724669495377,-0.008241704523994836
2017-03-30,0.01739332322531687,0.003627256564463936,-9.481001678026537e-06,-0.0053750002610211
2017-03-31,0.031635360368210706,0.001955033835462678,-0.0021241627213822722,-0.0012110245993493859
2017-04-05,0.08518414260184794,5.445008377330814e-05,-0.0056498416462806254,5.129615504489738e-05
2017-04-06,0.16021918929264486,-0.0005411553268162459,-0.013602415054050056,0.005907439212864068
2017-04-07,0.24632693495421468,-0.012529655189242385,-0.02128356800958009,0.030242486051535917
2017-04-10,0.3400066749491824,-0.02166796964704233,-0.06865767858928504,0.04848887765118449
2017-04-11,0.3963445457510015,-0.042292917989654934,-0.12751880199699273,0.06632642789228752
2017-04-12,0.48560754670305156,-0.03993117684835603,-0.15080588704649547,0.08350210441238522
2017-04-13,0.5589130589688786,-0.06074156078913971,-0.14187222760893906,0.10136424836595384
2017-04-14,0.6033901647879251,-0.11331586933470353,-0.16119992872816719,0.09666700253431683
2017-04-17,0.6065603579778854,-0.17547092049619203,-0.20729600342900872,0.06964966952587831
2017-04-18,0.5564174731602033,-0.18957396161138992,-0.2595688715196474,0.028319611256691652
2017-04-19,0.5219253246271055,-0.19483972823798787,-0.28491839677708797,0.006780036613648311
2017-04-20,0.4572302530316748,-0.18270801936880707,-0.3214713140706149,0.001377978204023967
2017-04-21,0.37332332710255617,-0.14882428266714806,-0.3556345253680657,0.00046010562311625644
2017-04-24,0.2788878260998049,-0.08395954527300584,-0.386132136954084,0.0001155639354933772
2017-04-25,0.2015358287695491,-0.026820239696061073,-0.4335371133079397,-6.418330629241217e-05
2017-04-26,0.12533762543942203,-0.0010759570739007245,-0.4629351977442842,-0.0017045066719621434
2017-04-27,0.06685593089109249,0.0015263185285548694,-0.4555533589254395,-0.006165289544727347
2017-04-28,0.04372455949757915,0.010793876661546837,-0.43795527473778734,-0.02274453279985808
2017-05-02,0.015563743324760994,0.045328386300851245,-0.4163989544155983,-0.052550732274487935
2017-05-03,0.0024441602057462034,0.07198088121415556,-0.38550347615237796,-0.07189251776639276
2017-05-04,-9.347243268688026e-07,0.07635108376531786,-0.3521111110249612,-0.10248432842655823
2017-05-05,-0.002451948294362336,0.09170992595050137,-0.34262250674773936,-0.1495710056607595
2017-05-08,-0.01793557245586805,0.1834110790663856,-0.3626774015327679,-0.2001483674377833
2017-05-09,-0.050762474035267666,0.3194032383704527,-0.4066626921359001,-0.2858912251076077
2017-05-10,-0.13408936528569285,0.5435320481142646,-0.4443842143077057,-0.3559842461991446
2017-05-11,-0.20311362907127134,0.7435021544750172,-0.4450446548579997,-0.36377498380824513
2017-05-12,-0.2710849169462623,0.814118981049396,-0.43768120135768623,-0.3341674735737444
2017-05-15,-0.2965974348632086,0.8685895204745924,-0.416462433583773,-0.2829110903213096
2017-05-16,-0.3248114449616161,0.9725639882622202,-0.35380679257836406,-0.21912688256102011
2017-05-17,-0.3281181986213751,1.0134404593617372,-0.281459835595914,-0.1731462424424432
2017-05-18,-0.2669982027150552,0.8483262690914187,-0.22449199443363888,-0.1404111202112594
2017-05-19,-0.20853212307572236,0.6958635719585974,-0.1763428507146891,-0.10732145965127601
2017-05-22,-0.14255678954934034,0.5589092827869091,-0.15196459841354215,-0.0697916926689781
2017-05-23,-0.07686523446366031,0.47291350145535077,-0.159538026752176,-0.025585473501092304
2017-05-24,-0.049294213889982466,0.41671414504723936,-0.15847462729008788,-0.007445977982317628
2017-05-25,-0.021895715684973265,0.3600092957935588,-0.161379631791577,-1.1057793320646283e-07
2017-05-26,-0.005400025872174055,0.33334990219928895,-0.16551378590070215,0.003715454465155283
2017-05-31,-0.000693838829109127,0.31135716849989464,-0.16986663603180804,0.03334994145889194
2017-06-01,-1.0202905635076356e-05,0.26496421772381723,-0.22601871427396622,0.09238708183651578
2017-06-02,9.88381542647823e-05,0.2698359986218857,-0.2580897694052537,0.16766079785549864
2017-06-05,0.003812597001858985,0.3128117852226832,-0.2701861214040132,0.24466428503217014
2017-06-06,0.028337118960166302,0.30970034230889815,-0.2459419053926438,0.34425724951522213
2017-06-07,0.10539466410716199,0.2965305459494607,-0.14748985945149407,0.4832943075840881
2017-06-08,0.17472262150569348,0.32514718259158015,-0.08066952392630578,0.6326183206345061
2017-06-09,0.22179681552386696,0.34338761239628846,-0.03330976757135818,0.7863687196812043
2017-06-12,0.16913836033224183,0.28716183265830725,-0.012591540627281277,0.8824395386958871
2017-06-13,0.1320354028771421,0.18460804715687376,-0.0016386283380648945,0.9497521341267218
2017-06-14,0.09788087818203636,0.14310816015746533,-0.0002844896827945171,0.9247959903544679
2017-06-15,0.04732786089980176,0.07115572603625724,0.00030396729806969006,0.822888195857202
2017-06-16,0.011265098352435126,0.036766204133432394,0.0015566669684940447,0.6905786754998661
2017-06-19,0.0004344455594425392,0.016142453155120792,0.004145922359173936,0.6246762621804435
2017-06-20,-0.0006605062909285105,0.007571415364996116,0.008475970565299498,0.570845992014388
2017-06-21,-0.010315536456533516,0.00117245341429574,0.017667511398542786,0.5648362009704272
2017-06-22,-0.02781109531689303,0.00041708317180544536,0.04155368683790151,0.5789692169509298
2017-06-23,-0.044698354584578104,2.0217298944537205e-05,0.10352384334473926,0.5643771661567938
2017-06-26,-0.045999898289193444,-0.0007225864276216966,0.21848962298069993,0.5542481839877316
2017-06-27,-0.05938070086916513,-0.010586457696813595,0.3279694929393689,0.5375934526373823
2017-06-28,-0.06969160242995157,-0.05293872906745218,0.36583242484413014,0.4987627399405986
2017-06-29,-0.07255155430357482,-0.09556337958845469,0.3315534730945301,0.48601244358969586
2017-06-30,-0.11417140430927623,-0.1760601837945381,0.35891065694922303,0.4561921724570068
2017-07-03,-0.14730652342432984,-0.2436311921398324,0.41440070160223547,0.47517462409743755
2017-07-04,-0.18118220694166803,-0.2842172018975848,0.3973178897977306,0.43857799806888564
2017-07-05,-0.22933744040673104,-0.31829957034019757,0.3896195144230048,0.45397182869529334
2017-07-06,-0.2701546595149336,-0.36386562669255945,0.30858564780611947,0.4895800327470645
2017-07-07,-0.31992696739784193,-0.3772620277039014,0.23753492536549795,0.4897836370637627
2017-07-10,-0.3388055876156705,-0.3464044138109514,0.09582100325468479,0.45924844366466583
2017-07-11,-0.3389693436073387,-0.3098337301028654,0.008691147828215631,0.4469002692892243
2017-07-12,-0.3276618410719999,-0.2670113719854808,0.00031027695475820507,0.44329997707369984
2017-07-13,-0.3110407468199686,-0.17547723050998704,-0.0007525120700719182,0.5056659165525984
2017-07-14,-0.3121309421754521,-0.10008331490163648,-0.015313115211207482,0.6177366983619649
2017-07-17,-0.29493360755747305,-0.040948276917427355,-0.09428272608887593,0.6819268699385722
2017-07-18,-0.2518832281198848,-0.012469247109678032,-0.18403580136649303,0.7462117605644297
2017-07-19,-0.20085374560864247,-0.0006158823958688429,-0.28151908212779836,0.8001179754429052
2017-07-20,-0.16560375135147334,7.609694087677184e-07,-0.35215298296679476,0.823300062797656
2017-07-21,-0.11572656234377102,0.001025899303804419,-0.42138895902828494,0.8032263580435667
2017-07-24,-0.0722224741789537,0.0058461723725807754,-0.47009993340112277,0.8168781378957481
2017-07-25,-0.03986312676535755,0.030486418782273445,-0.5072583081269663,0.7691539686637762
2017-07-26,-0.026278629130339376,0.05983789735750898,-0.5371442023926937,0.7292402612061581
2017-07-27,-0.005603967482041547,0.14044932897579768,-0.5068271775346097,0.6965265072669922
2017-07-28,-9.844236927048335e-05,0.20960742030758472,-0.48074016790106266,0.6630141921102882
2017-07-31,0.001542549397417098,0.33138071787601797,-0.43056720380278307,0.68555656769575
2017-08-01,0.019468246627880343,0.46348867082168466,-0.3792985738823073,0.7575871089048748
2017-08-02,0.07161899397865525,0.5145922370894365,-0.34582495196342244,0.7804506659528556
2017-08-03,0.15155288683270787,0.5660029322025503,-0.2864043803008192,0.7673044250407036
2017-08-04,0.2252688008141241,0.47511608481169015,-0.2356677566493899,0.6908580888008724
2017-08-07,0.2542799369820644,0.4215865256182624,-0.16033921920797037,0.6209600692422771
2017-08-08,0.23283450215670115,0.3334386429630945,-0.07814924793817815,0.5181333725568327
2017-08-09,0.21898034002027889,0.21969050001192558,-0.023550316232985553,0.4275546920370555
2017-08-10,0.24392731440318857,0.12161185936133481,-0.002118139991875692,0.32182079731809654
2017-08-11,0.2660309979252366,0.018571508271907785,0.0001479080606335426,0.14293781878097708
2017-08-14,0.24489336626501088,0.0005670694450807246,0.02294315377815155,0.06666718930527203
2017-08-15,0.19612094771557737,-4.618359101604861e-05,0.12289667402033276,0.027498936229685314
2017-08-16,0.14282494007317692,-0.007054713131399637,0.4211907228309865,0.003895459944055884
2017-08-17,0.13131616671042057,-0.021896151890358855,0.943986469635028,0.00033526483521980515
2017-08-18,0.1152590948570479,-0.06752261210504092,1.4824418117853677,2.29137340824056e-05
2017-08-21,0.09487214274126951,-0.11705261974675286,1.4880709059851716,-8.490436808210531e-05
2017-08-22,0.07843728506975184,-0.15726980928284814,1.4361775265680436,-0.0013270304238175486
2017-08-23,0.0625635010531831,-0.15849026671266203,1.3569700850018058,-0.00011386736965230871
2017-08-24,0.04649682536282093,-0.16505209838818888,1.1713925969161478,-1.2455452812736992e-06
2017-08-25,0.038559467809553875,-0.16487966556577513,1.0492806047570689,0.001233928481278891
2017-08-28,0.04155448516732588,-0.1737363210405894,1.0323499836089085,0.016074690144316138
2017-08-29,0.06382600222470003,-0.1815253740172544,0.9424279343631095,0.03892291529767751
2017-08-30,0.04716290672620259,-0.17618532820669103,0.8507669533079127,0.06290385367018957
2017-08-31,0.0466184635181928,-0.1306657045652035,0.9886134960702294,0.08614696993185894
2017-09-01,0.05597351261967417,-0.09406647219683963,1.0559615573206997,0.1120100744923178
2017-09-04,0.08410941765970487,-0.08101995065596997,1.1665642498409379,0.15735577976843929
2017-09-05,0.11621850101380185,-0.0647374902799826,1.2367767917547376,0.2615866290938899
2017-09-06,0.14664927245438222,-0.0497148744748243,1.2696436921129297,0.3835480778328946
2017-09-07,0.14999066979290085,-0.04535607125678995,1.2668780869898386,0.4264283351927682
2017-09-08,0.1828782088161448,-0.04189068537324913,1.1444400952793392,0.42488747470348515
2017-09-11,0.16239520101880447,-0.03180029075281933,1.0879585300303884,0.43854564346382924
2017-09-12,0.11728108021521405,-0.013229517117786782,1.0314398488939687,0.4697105685996229
2017-09-13,0.08569756142602157,-0.004999226113967562,0.9503714322710322,0.47428876511741935
2017-09-14,0.06755591570648557,-0.0005408862646050544,0.7955327778162358,0.41034542417111397
2017-09-15,0.07767731824815284,-0.0030731844932334273,0.6111979332412062,0.2838350731072051
2017-09-18,0.05701084859238244,-0.0025327393651994002,0.576318382477393,0.20790057142201132
2017-09-19,0.028252632157873582,-7.48269734246718e-06,0.4817859599814213,0.13203470956000884
2017-09-20,0.00941656840508198,0.0004041254837475493,0.47942119169620506,0.0689970011370464
2017-09-21,0.0007027587789845191,0.004080752302457408,0.431517314502632,0.02896164117901217
2017-09-22,1.1108290276924585e-07,0.003147288316098984,0.3245031184450543,0.008015822086416052
2017-09-25,-0.0010790340150400376,0.0011249982520202247,0.18030134119189378,0.00026417432490966167
2017-09-26,-0.002327128549617979,0.00013814981336106704,0.07042080814095601,-0.0003835153055506736
2017-09-27,-0.009783457884229744,0.0006750530362298942,0.01877651419449804,-0.011475070033849444
2017-09-28,-0.031210335327472496,0.0019063141191889108,0.0006241277900646879,-0.10454388296468388
2017-09-29,-0.06334208801791985,0.00759192227969332,-9.489811584888607e-05,-0.13514272991250623
2017-10-09,-0.09849873750404274,0.01901891147538732,-0.00025909626620921385,-0.08491783055878971
2017-10-10,-0.10258108330012437,0.02638527089151502,-0.00017461302895893202,-0.04924665395084995
2017-10-11,-0.14382915547691008,0.04253141280214563,-0.0002638156073071838,-0.022579025909083516
2017-10-12,-0.18653035933562545,0.08290746670120161,-0.0003031547176206966,-0.005608756214113414
2017-10-13,-0.19835050702510934,0.16046700503078346,4.370761799524554e-06,-0.00033858136900187676
2017-10-16,-0.16642380546806143,0.2340722732945014,4.5283654099049426e-05,0.00017781249774909242
2017-10-17,-0.15161135555674504,0.32238396435447675,3.3675076194537765e-05,0.006988794113270782
2017-10-18,-0.13790257853240637,0.3713478505359503,0.00016228649427637098,0.03565221598525888
2017-10-19,-0.1308788099794257,0.40562296634559086,8.607139117747004e-05,0.06327340835278214
2017-10-20,-0.11761161284379197,0.4356384212780532,0.00021614326985490835,0.09098973657716442
2017-10-23,-0.11529540305716693,0.45455772344563783,0.0029201582938182496,0.11969269900606674
2017-10-24,-0.10939516772127315,0.4706869929920503,0.008374602438556904,0.1868203495559797
2017-10-25,-0.10689896327307127,0.4820806090444072,0.022211770638585947,0.26889232579960265
2017-10-26,-0.09461639199443128,0.4848633661229628,0.03870614319115236,0.32190192013691504
2017-10-27,-0.08870257271902053,0.48131126396054935,0.037032567623959366,0.3842299772754682
2017-10-30,-0.08747290124659864,0.557008148083069,0.026980826785815603,0.4609864201253249
2017-10-31,-0.07643994859611551,0.6302657686058165,0.01642971479865995,0.5031046379200862
2017-11-01,-0.0681358697918025,0.7136634370270672,0.012139738214598867,0.5226213704164131
2017-11-02,-0.08145485274741167,0.764641874795743,0.0012215208242420425,0.5241541313031451
2017-11-03,-0.08623994632201011,0.7812529011612213,-5.917864359499912e-05,0.5167285182492903
2017-11-06,-0.09995005180652794,0.7818989622463907,-0.0053169506997198645,0.4957388971151603
2017-11-07,-0.07582316493023986,0.744884878098809,-0.02937058546780601,0.4991312027412177
2017-11-08,-0.056071875187373506,0.7130837049678712,-0.06909797492845483,0.47976344004499094
2017-11-09,-0.037615372835774714,0.7029999309322217,-0.11176709124139007,0.46783415237388526
2017-11-10,-0.013503285159828269,0.6754758880057904,-0.10712748129936876,0.4725315737850584
2017-11-13,-0.009449464155268582,0.6789318700517051,-0.082137319691307,0.5028591732830545
2017-11-14,-0.0075483456097925694,0.6672151070888143,-0.05068641360238625,0.502164001063884
2017-11-15,-0.005956732227011423,0.6182656115149759,-0.05093672108773128,0.47182086831485753
2017-11-16,-0.0033930301360390698,0.5388088659999016,-0.04580367075721749,0.47801330232041067
2017-11-17,-0.000557037774936644,0.5123874941632873,-0.04592516920251596,0.511830297884082
2017-11-20,0.0008648196378955282,0.4694558314705772,-0.04877125264939904,0.5442205480719886
2017-11-21,0.005478965122828242,0.4441883866028394,-0.060643426668999835,0.5868477611369465
2017-11-22,0.012947421761871723,0.43587928554540345,-0.08419745643515637,0.6645447648718823
2017-11-23,0.021402424404973936,0.4069457463514772,-0.14625587628193656,0.6240816299547214
2017-11-24,0.03438364761505044,0.3667526120692775,-0.19415652089679927,0.559016795725786
2017-11-27,0.03594048389678479,0.3456702305721389,-0.23337467595754638,0.4448485117823493
2017-11-28,0.05384847758945505,0.3120952829086584,-0.2509964089281286,0.3411506563912952
2017-11-29,0.05864923423957593,0.30402123631739225,-0.26118990635995964,0.25595790987630657
2017-11-30,0.053530954597497966,0.23964210703079317,-0.2667684048141303,0.1476758209409464
2017-12-01,0.012569225898373912,0.22830136985827731,-0.2614679097715688,0.0799714938146376
2017-12-04,0.0011671830396976024,0.2513005763629864,-0.296863157819322,0.040667722601853924
2017-12-05,1.2249203970624188e-05,0.17748378340904866,-0.3384086820140914,0.025409999443363
2017-12-06,-0.0013619550450556833,0.0819122833604208,-0.3625257299275916,0.006021624980847906
2017-12-07,-0.013849984803706222,0.03930826889150945,-0.41663465524472143,2.7621120199782848e-05
2017-12-08,-0.04242326149437072,0.026023229409933533,-0.4652875396881843,-0.0008420073552335232
2017-12-11,-0.0877389648092562,0.022704496104101652,-0.4416955197989058,-0.004545446291874137
2017-12-12,-0.12917664377761362,0.028264900684643282,-0.4366175789601514,-0.01789082661244669
2017-12-13,-0.17065828766741512,0.03626295659348277,-0.39532335609849245,-0.0379229076674806
2017-12-14,-0.18282014047585812,0.053043030606565414,-0.3504147201452761,-0.06671912564104021
2017-12-15,-0.18528933481176332,0.05548015574784691,-0.2950500762748355,-0.09869886881095666
2017-12-18,-0.19380519576153146,0.08185928731486133,-0.24275395932920288,-0.12609508045926324
2017-12-19,-0.19077883303602036,0.12243407524990643,-0.17151596758870025,-0.1432809646304807
2017-12-20,-0.18577004943252728,0.14041975377536872,-0.14044509595232327,-0.17758730156901337
2017-12-21,-0.18690760761846129,0.12924255840036838,-0.09635743437876682,-0.17380977958579524
2017-12-22,-0.17264594056648866,0.14908490307459354,-0.08058460347237721,-0.14577900534722435
2017-12-25,-0.1275653011533554,0.14324447888582695,-0.06145687441385066,-0.1192417250065309
2017-12-26,-0.11142023789190963,0.13475715226896545,-0.04138445055419722,-0.06728645975893123
2017-12-27,-0.08079647717116234,0.10698347332641725,-0.030655382975573884,-0.04846424154476779
2017-12-28,-0.0517959364364522,0.06721218358671639,-0.034838750622381474,-0.036502353795419544
2017-12-29,-0.019506913122796104,0.03897850451430308,-0.04249975357339554,-0.02068538926960544
2018-01-02,-0.0019681027771347873,0.018627264012266095,-0.04871834135238596,-0.0029716498218930534
2018-01-03,0.00017140070942361427,0.017927611609608457,-0.016789102347671187,-8.370161924695379e-08
2018-01-04,0.011962132443607233,0.031311635758794434,-0.003998953084052681,0.0032656085122333652
2018-01-05,0.055114385998357926,0.024668985965689803,-0.0007548996931346726,0.013407179387967039
2018-01-08,0.1135542599177499,0.04168905802279908,8.053402158762192e-05,0.0313441931793972
2018-01-09,0.19637109257136273,0.09388755286414081,0.0025491858514163717,0.06939547020597572
2018-01-10,0.2985991176342861,0.09335038072556957,0.0016326052732644485,0.1693589569402461
2018-01-11,0.37527049566724996,0.06919043011518607,0.004562683478327149,0.24850504584297106
2018-01-12,0.4426438409367177,0.06839256455850469,0.0035266258021901848,0.3078392518384051
2018-01-15,0.4801809514604755,0.07319749660848861,0.00016178988462800268,0.39938494752622167
2018-01-16,0.5120041109470587,0.07855328702126688,1.0403772554184874e-05,0.5995265720862032
2018-01-17,0.5167930818001235,0.08204526753000223,-3.614361095044328e-05,0.7080961325353455
2018-01-18,0.48514402080973207,0.09981807786053995,-0.00011938882979149276,0.8879686840561006
2018-01-19,0.46386076325818365,0.11790071036059892,-0.0007831640370730043,1.0360968527459373
2018-01-22,0.4355841812322109,0.10880699436940006,-0.0001986543663510832,1.1134211430430265
2018-01-23,0.4134596204387327,0.16440937126609373,-8.385443942242304e-05,1.216491748176359
2018-01-24,0.42050206446010135,0.27754796667748294,0.0011106801926814255,1.3940592508125607
2018-01-25,0.42076042417035114,0.37407132246444313,0.005755655435557901,1.5072676205754496
2018-01-26,0.3751295701854803,0.4264057293654503,0.02193095442982304,1.6764848121401656
2018-01-29,0.3001248745762241,0.5378016541328209,0.0352158194610846,1.628790474186945
2018-01-30,0.1970368345975974,0.5720178580151242,0.027395821452943434,1.4207723766454292
2018-01-31,0.10979583050897819,0.5603298048325094,0.004025095387560451,1.3031103327824658
2018-02-01,0.04754886901076786,0.46219044371371965,-0.0001942880706370005,1.0652299872665973
2018-02-02,0.013300505824231047,0.32614733410643576,-0.011435764845906126,0.8810519781260945
2018-02-05,0.000271757366854247,0.08435638373443892,-0.051324008676357724,0.7475483145216673
2018-02-06,-2.2746631680829154e-05,-3.815340983855658e-05,-0.1304244209512556,0.446967250276516
2018-02-07,-0.004052492440684176,-0.010306440646211107,-0.19407339006598048,0.15634658500662313
2018-02-08,-0.028054950301903393,-0.04423375913335359,-0.23945321063095026,0.013709046871345599
2018-02-09,-0.06340232741092637,-0.12979921896500674,-0.29824294617039715,-0.0015897438716219491
2018-02-12,-0.10862911728952493,-0.21157616514771402,-0.3160288152432357,-0.03572564658368798
2018-02-13,-0.1447629488281044,-0.27800920778789595,-0.32328002223277963,-0.10067075907626002
2018-02-14,-0.17158186569713035,-0.31510371679312826,-0.33603929613256833,-0.174402918791249
2018-02-22,-0.22161304952082972,-0.3187957101931721,-0.3027846403784428,-0.24054483016412084
2018-02-23,-0.21052126503991436,-0.2803592693217965,-0.28199094426632504,-0.2910962999645367
2018-02-26,-0.17021265477831196,-0.20714008563224892,-0.2406552772806476,-0.3275502775416438
2018-02-27,-0.1469233710962429,-0.12847824741914107,-0.19653556034234992,-0.3703337187057705
2018-02-28,-0.14238031185569236,-0.09309424086097999,-0.14185926870018423,-0.422384374294787
2018-03-01,-0.14684532204034276,-0.05651366188361605,-0.07749371994901495,-0.4470960869952632
2018-03-02,-0.14443329146321063,-0.03959466847714574,-0.046376790087233714,-0.4665334346453169
2018-03-05,-0.125780324490898,-0.023988579367810976,-0.012541516611210016,-0.46670945464851055
2018-03-06,-0.10069795732396095,-0.0062660824978635395,-0.0010512250627359788,-0.4217089006639462
2018-03-07,-0.06129522078935861,-0.0003182713299014249,0.0003936132893925565,-0.3752215296311064
2018-03-08,-0.029605372689712226,0.00020063468733818825,0.019825508479908223,-0.3124307877510224
2018-03-09,-0.015275512250883083,0.008779294771459749,0.1964043354156211,-0.23389782535709117
2018-03-12,-0.006824263624382969,0.082442491261854,0.7222156757273442,-0.1652633102813292
2018-03-13,-0.004422212621725496,0.264032886436408,1.6876506780076812,-0.1232890026090045
2018-03-14,-0.001383879750012999,0.5342629503639432,2.525419882420439,-0.07932947038199696
2018-03-15,-0.0003556632365571704,0.9378623763349988,3.1990870874432624,-0.03643959626103318
2018-03-16,-9.387151416687234e-05,1.455658403727524,3.710908184283298,-0.010046694695116072
2018-03-19,-0.0013459834271120604,1.6689543624566259,4.2009004158011765,-2.28501595706059e-06
2018-03-20,-0.000563816459580914,1.1969969662897253,3.8422839223870158,0.006743767541522485
2018-03-21,-0.0034903103504948085,0.9331846938597361,3.1639284465124917,0.03876601334235476
2018-03-22,-0.006819463596165051,0.6800480203362066,2.5665570897507988,0.04734984161409084
2018-03-23,-0.0011211358732624566,0.20760816338320087,1.2007242807797887,0.0003477168036766964
2018-03-26,-8.920748179227555e-05,0.022952032336095538,0.711454957059873,-0.010540466354455198
2018-03-27,3.2534664370024e-05,0.001521724275728718,0.5288797239591025,-0.06126884111710034
2018-03-28,0.0019609061117057906,-0.002935053973212833,0.3303960096453578,-0.14857558619083958
2018-03-29,0.0003172553171796009,-0.03265231686859474,0.2145019216121569,-0.18977943096879052
2018-03-30,0.0001043466735105944,-0.08802099008356032,0.16271988393842338,-0.21276892380956136
2018-04-02,0.0005183991681002948,-0.1388042333293317,0.1521347274959484,-0.22137187611128573
2018-04-03,0.002100034294473333,-0.19105704770643098,0.11573036398641179,-0.25272846908746643
2018-04-04,0.001450087040786402,-0.26630206722055183,0.060917742214375216,-0.3069434506545843
2018-04-09,0.0004098231109966019,-0.3320309492961745,0.04338811147350106,-0.3438151041325511
2018-04-10,0.0003054747986777666,-0.40404107807123835,0.018560932855193623,-0.35277189214105725
2018-04-11,0.0018484017114054436,-0.45795906861332236,0.00776025682592396,-0.3507183610253518
2018-04-12,0.006760287000108511,-0.4775975628887014,0.0015315045898936853,-0.34099811076190006
2018-04-13,0.012441416020873099,-0.48282373667924283,1.0204723462980169e-07,-0.3537004319497138
2018-04-16,0.02318960735989841,-0.4773437560650299,-0.0004457103533782941,-0.3709479070064679
2018-04-17,0.029244223230626153,-0.4309721991873148,-0.0019265693947496298,-0.38859125909639575
2018-04-18,0.03269999113949734,-0.30937123688988666,-0.00034207979857113973,-0.3869089182966084
2018-04-19,0.038412570745048065,-0.19452021885231532,-2.0019707414438374e-05,-0.37344321598687735
2018-04-20,0.03753544800152599,-0.11698503304976905,-0.00043748117942929427,-0.37730145200441584
2018-04-23,0.024346003332093774,-0.07156357819505713,-0.0040462160651583935,-0.3591275708140807
2018-04-24,0.007811826057149331,-0.028996519812823245,-0.007282052903883608,-0.302501289083948
2018-04-25,0.0004370743204837166,-0.01163166370459379,-0.005713221715125846,-0.24783558089467014
2018-04-26,-1.3083666316004477e-05,-0.0042131105206188795,-0.005328854951271171,-0.21467519435283655
2018-04-27,-0.0033343320750751216,4.463405636037574e-06,-0.006362369739205789,-0.1807986614684702
2018-05-02,-0.010847678513786558,0.011085149932656472,-0.010395537670868963,-0.1477741092481002
2018-05-03,-0.011179841089418989,0.021150563076263958,-0.06545880384035493,-0.12792741553869763
2018-05-04,-0.010316397459692834,0.029176573321211204,-0.1384857030888677,-0.1330203281517327
2018-05-07,-0.007238736655440238,0.17291267638024058,-0.0859103505560838,-0.09543790948989825
2018-05-08,-0.007782538185188126,0.25086768773099255,-0.05157237107479284,-0.06807220861794352
2018-05-09,-0.024608213296996622,0.33368954419653013,-0.02677018205669409,-0.03318144777044756
2018-05-10,-0.05004220119231418,0.4820741293615775,-0.0014992079146580442,-0.009285867590824918
2018-05-11,-0.07796084502677045,0.6098688413034637,6.893436529120252e-05,-0.0019832819490196107
2018-05-14,-0.08090227565335817,0.6085255105810745,0.0040788270454169915,-2.0383550496977384e-05
2018-05-15,-0.09965556364645996,0.5839619085626188,0.018732373733243594,0.00032420280008415843
2018-05-16,-0.13829961244061356,0.5175826793050914,0.046172645890775264,0.0022520070343357754
2018-05-17,-0.17676976052591784,0.5513850121119187,0.06722553118776199,0.016499874540578
2018-05-18,-0.194890722338438,0.5615556954700888,0.09228808862597826,0.0921060209024617
2018-05-21,-0.20376065418339054,0.5723546536217968,0.141836457225135,0.23188338888916535
2018-05-22,-0.22542246593837162,0.595505060008201,0.22115103429786612,0.3797599993858837
2018-05-23,-0.22824195004683542,0.5277271749401239,0.31208579833454736,0.35367040430602464
2018-05-24,-0.20561689535351324,0.536906287613889,0.24313631524010815,0.23121090351263052
2018-05-25,-0.16334114546588102,0.6409926600902492,0.16833922880547414,0.14979681830204114
2018-05-28,-0.13178082572896951,0.7684943241983314,0.0972657286066203,0.11845617526135015
2018-05-29,-0.09453995367399631,0.8351651989692858,0.017954697887785167,0.05517866834405488
2018-05-30,-0.06082364090965147,0.7395428028790432,-0.00044357348449669824,0.005271023708907588
2018-05-31,-0.035635484302195465,0.7331531206635331,-0.012400783956901406,0.002167104455929908
2018-06-01,-0.020886421633218032,0.6161111354658173,-0.04996492807517301,0.00010203329974944089
2018-06-04,-0.014336970545982233,0.5812854769432828,-0.14655879850544973,-0.0001440900475895517
2018-06-05,-0.011987318991001705,0.6227507762934773,-0.21414861069898414,-0.0022262216478265992
2018-06-06,-0.010383743954018644,0.65248484858015,-0.30041161962317187,-0.010954435588942692
2018-06-07,-0.00906621269935974,0.6677658546586596,-0.36277492231493425,-0.022618360770966017
2018-06-08,-0.00671985732927683,0.62777606380069,-0.45484417539691024,-0.07570099746525508
2018-06-11,-0.0023377359241917956,0.6772131901565471,-0.49955636750260846,-0.11986786401581864
2018-06-12,-0.00048539897851901105,0.7257822439732148,-0.518140652090046,-0.11458679544583841
2018-06-13,-2.5343899915941843e-05,0.7672128552233148,-0.5473052130556131,-0.12839983882678663
2018-06-14,0.00017391302858484447,0.839960606956199,-0.5611402222002027,-0.12275793862964592
2018-06-15,0.00504601532870222,1.0018839726742768,-0.6061219100207784,-0.1273879904793985
2018-06-19,0.014135760722272067,1.0751245512798402,-0.6431321269002529,-0.14678030350634463
2018-06-20,0.014982827293704426,1.1471242473091796,-0.6698909549234005,-0.15925977171901232
2018-06-21,0.0029774114332017016,1.218114020333407,-0.6989612555617586,-0.1899315980901886
2018-06-22,0.0001349910322110038,1.27818927367045,-0.7346459731186786,-0.23109239059779374
2018-06-25,-2.0878923709111813e-05,1.2494430338735862,-0.7626356067886092,-0.25463658692746544
2018-06-26,-0.0025243789012828984,1.0975919323117485,-0.7568265234563885,-0.2732617351442242
2018-06-27,-0.009859831482962562,0.8493211670891332,-0.7476440825709869,-0.2989024235049948
2018-06-28,-0.0302411192242317,0.5418321249451745,-0.7384369206525054,-0.34839981434163814
2018-06-29,-0.03650112497308098,0.44538942549339805,-0.6710717238932478,-0.3924344815233645
2018-07-02,-0.02549516292262041,0.32878259004505545,-0.6255605063736976,-0.4499516905322096
2018-07-03,-0.024993767584793068,0.3221218612639519,-0.5539316995313267,-0.49371112383083565
2018-07-04,-0.012991632985978593,0.24050860204121244,-0.5169751519371166,-0.5431254215754783
2018-07-05,-0.0032432813646361023,0.1539032022277968,-0.5262423527268645,-0.6285623061797112
2018-07-06,-1.4963046604242062e-05,0.12892319106904696,-0.5039611884680946,-0.6642477648211238
2018-07-09,0.0004083091626982491,0.1369287709765971,-0.44835508006875213,-0.6623712280237866
2018-07-10,0.0006283994106477852,0.18245358078066506,-0.37700033064774924,-0.6328902900213821
2018-07-11,0.0013804120351233967,0.2255537808754748,-0.3087091565218139,-0.6113867522622929
2018-07-12,0.0017946930104927865,0.29211837670833074,-0.18272862344648952,-0.5386627016857266
2018-07-13,0.0014536179356598147,0.4124544332181401,-0.0835754043091927,-0.45153448240666855
2018-07-16,0.0016637014086428113,0.4465366678472477,-0.023855854898315876,-0.38343860240035876
2018-07-17,0.0022905257560928115,0.4711254288403815,-0.0019471045385747968,-0.3216421435462497
2018-07-18,0.00010739720257242769,0.5483708017838445,0.0006332011609299378,-0.25137419138951406
2018-07-19,1.1338076291172828e-06,0.6591624019093448,0.023285068519647626,-0.1873997134754452
2018-07-20,2.3071718519888156e-05,0.7228107801026638,0.17394475541079843,-0.08622553767889915
2018-07-23,0.0015288481851643463,0.8433507888133664,0.4854176167809025,-0.014975261531170273
2018-07-24,0.0015552053283615509,0.9375163855960698,0.5308363386137278,-3.442982293846275e-05
2018-07-25,0.0008243522582501494,1.0662115750852525,0.6061665775838656,0.0072645400185260955
2018-07-26,9.084468895653203e-05,1.357243020354116,0.49228495033198144,0.05526684376520963
2018-07-27,4.990880697380893e-06,1.5791866684571243,0.38025938236101403,0.1969744672489728
2018-07-30,1.1684928757457039e-06,1.6599852451830368,0.1654450165302904,0.3921997914696432
2018-07-31,3.576473059951989e-08,1.3289415153886617,0.08293174038893093,0.5931736128127095
2018-08-01,1.4283794363695947e-06,1.0805145174740034,0.014232392911155516,0.5732079406999006
2018-08-02,-9.2485152088801e-05,0.8318010697447459,-5.933733446486763e-06,0.37105744313752237
2018-08-03,-0.0006009514741426777,0.8133426367643796,-0.004038809980478506,0.24983193888298844
2018-08-06,-0.0009843837352391382,0.8288308064909977,-0.03645855251213014,0.07756857302872988
2018-08-07,-0.0019444395516782617,0.9124683157548622,-0.0666084190089575,0.0373753701861886
2018-08-08,-0.002287121413097214,0.810603510874085,-0.14365395830408476,0.005208575541382396
2018-08-09,-0.002065787168417277,0.6230273929061511,-0.2535527661988717,0.00024604427967880735
2018-08-10,-0.0012442715658509847,0.46918385104948596,-0.3581900439582679,-5.963377219899768e-05
2018-08-13,-0.00022238086145327844,0.4043013265138864,-0.3802147396708744,-0.0006663932683595655
2018-08-14,-0.0018427680206293596,0.4195932104426998,-0.39553400601361216,-0.003009609019599679
2018-08-15,-0.0036986448639942035,0.3891693604888933,-0.4850684422284445,-0.027845065128364967
2018-08-16,-0.014863167420143215,0.30145935233929916,-0.5087464362762172,-0.058989898389644614
2018-08-17,-0.034156862719027854,0.2582621059777822,-0.5384911287785076,-0.10707610655176852
2018-08-20,-0.04814237198163636,0.1750202842618063,-0.5592866330015952,-0.1589901210076261
2018-08-21,-0.058786515883213826,0.0763427719154801,-0.5526838122444899,-0.20214882440008675
2018-08-22,-0.09810237021185846,0.030250101619770948,-0.5552324502953172,-0.26184453693916027
2018-08-23,-0.12780644608595004,0.01538581886210074,-0.5501859999679621,-0.32194070610835873
2018-08-24,-0.14993826670318303,0.006178855256822525,-0.5239941085371778,-0.30783702194653806
2018-08-27,-0.13716283386987055,0.001538643149202946,-0.42516705764540885,-0.2172164608564981
2018-08-28,-0.11298600220348406,0.0021860510179912257,-0.32239717277942936,-0.12633641028152978
2018-08-29,-0.1017181856416032,0.0036491249525603753,-0.23394805807271227,-0.06138795032022097
2018-08-30,-0.08232279742044497,0.011744731031710065,-0.17659495336041667,-0.029474558409697385
2018-08-31,-0.06055142673572346,0.02259372107744618,-0.1420694720264755,-0.012608385333094845
2018-09-03,-0.04811935953482663,0.031243623772189758,-0.11405604638282058,-0.002433861760071151
2018-09-04,-0.04000580198560488,0.021431168698267455,-0.07214461601504679,8.983094613236142e-05
2018-09-05,-0.03227707518132362,0.012376721910382155,-0.0555699480910228,0.0012392151562631256
2018-09-06,-0.0225543028351697,0.001643071990792178,-0.05716581146170704,0.00021914435950274108
2018-09-07,-0.010823376167516588,0.0004926605056984893,-0.07047295831839386,-2.7649901724589144e-07
2018-09-10,-0.005253979305009424,0.005746598488130825,-0.16128024888963605,-0.003136594701134594
2018-09-11,-0.0010746152818281818,0.026614956285706485,-0.20234552521080873,-0.0064564364389826925
2018-09-12,-3.905441417027726e-05,0.05820301404447517,-0.30536081414457567,-0.020354014564022072
2018-09-13,0.0003760562756629537,0.05113295550161914,-0.32603713932739375,-0.016546661384337052
2018-09-14,0.007106401527430411,0.05559675462876184,-0.3434052538084484,-0.010783184700574357
2018-09-17,0.03182489193107244,0.045549503939235854,-0.3465442361754745,-0.011728533560881672
2018-09-18,0.05217477210206111,0.026252607320415976,-0.33089905671056424,-0.004398751712386596
2018-09-19,0.07378789823101031,0.03616307773972105,-0.3245539648466003,-0.002838183482092242
2018-09-20,0.06158818843072038,0.021261418283383335,-0.3317212644105414,-0.0024036797080450177
2018-09-21,0.05220887311121374,0.02038537250580898,-0.3397004421578529,-0.0005138137277744579
2018-09-25,0.04100973085570581,0.011613333978380666,-0.35674544696410687,-4.8197035399382996e-05
2018-09-26,0.04043207486558649,0.0050696211186445185,-0.3082788051453828,0.0006099900097661135
2018-09-27,0.027102507135468055,0.0007076223392923009,-0.30934144495017313,0.004545316792499151
2018-09-28,0.005073184078782894,0.0008825855634859636,-0.2635311689210951,0.020762393338893133
2018-10-08,0.005126292606073252,-8.250282146981055e-05,-0.29775569652627804,0.017825462891315477
2018-10-09,0.007822363416389144,-0.004340414407761778,-0.2870038569680186,0.03389809518217217
2018-10-10,0.01692875386001012,-0.009335350716544247,-0.27139518692412595,0.05478080823923102
2018-10-11,0.026551539627675026,-0.05016526170738396,-0.28003693430023374,0.01714662706673401
2018-10-12,0.052363124641828386,-0.07778732060708053,-0.3132491380810565,0.007795232086150464
2018-10-15,0.09940867753539719,-0.11092821527658016,-0.3653944628124187,0.0007137926818403653
2018-10-16,0.14546389670806345,-0.1391502386096049,-0.41196025396100305,-2.216522468098332e-06
2018-10-17,0.17773152631648778,-0.11337170661864636,-0.44083037468586955,-0.00022089863201969257
2018-10-18,0.20555160150311177,-0.1118101985307931,-0.4862142321249296,-0.00648974541986387
2018-10-19,0.25072142714302836,-0.14157842285183916,-0.5095155429342852,-0.018166691628451147
2018-10-22,0.30367994304535184,-0.1948121772241913,-0.4416243561856504,-0.011743440590490041
2018-10-23,0.3493030179079986,-0.2566758563142729,-0.43325219402048587,-0.022193954430874564
2018-10-24,0.40094617125841536,-0.29641483264855595,-0.417190737235835,-0.0355451124007236
2018-10-25,0.45778714836185613,-0.34169113221124664,-0.41538532297649566,-0.05882865613266313
2018-10-26,0.526139216009524,-0.39564585240463074,-0.41251984568817573,-0.08430072202755351
2018-10-29,0.5925579781458404,-0.4250796625149638,-0.43336582636983906,-0.1446614122273163
2018-10-30,0.6008714132601585,-0.465427512334395,-0.45105312875577025,-0.22418200406947916
2018-10-31,0.5503766988927628,-0.5070641122415525,-0.42045765888387354,-0.24411892600115248
2018-11-01,0.5067209151453592,-0.5052130991757077,-0.3581581436921752,-0.2355190031067671
2018-11-02,0.45992516771426184,-0.47104908310991545,-0.2159413244157451,-0.15578265710020311
2018-11-05,0.4164496312113651,-0.44530652648992514,-0.09981024883064696,-0.08076986749570672
2018-11-06,0.3562185341372196,-0.41936289342767036,-0.029291738485628944,-0.03628484667542281
2018-11-07,0.2982136664082564,-0.35494976484971147,-0.0013633075111643808,-0.008934325288393925
2018-11-08,0.2091669968714939,-0.23478074590923398,0.0005277350247400583,-0.0002737108888183722
2018-11-09,0.11422351323422446,-0.1300427516893195,0.039546793603137356,0.0013159799502236948
2018-11-12,0.04161088269372173,-0.06696741342988087,0.21156738855028634,0.008844607318223783
2018-11-13,0.004573907656929861,-0.04627893978074342,0.6696417941067585,0.04287176443205818
2018-11-14,-9.689992219652095e-05,-0.025927783087731485,1.5299281966974783,0.10340944280932446
2018-11-15,-0.013861021630724848,-0.06273356516733807,1.889520898807906,0.09057165458673917
2018-11-16,-0.03988692421742187,-0.07559982041645918,2.304696141785519,0.12003736615228314
2018-11-19,-0.048535123705807245,-0.08622818049650968,2.4590507103445733,0.13466827352455382
2018-11-20,-0.050140745394059584,-0.12981677745576317,1.9929554348076406,0.09559590514180676
2018-11-21,-0.06071309845394686,-0.13421694038707135,1.6337939985780536,0.06454589933439199
2018-11-22,-0.0642395308988142,-0.14233491875353807,1.1304826739651177,0.016181181598999953
2018-11-23,-0.05312598429529595,-0.15732003662350819,0.6220822944670752,0.0002951549699375782
2018-11-26,-0.049753789938218156,-0.16191423105362895,0.47843676874225144,0.0004188916284869728
2018-11-27,-0.03989895166817568,-0.16714943100642507,0.30928412730809884,-1.455236417012069e-05
2018-11-28,-0.03691421394050918,-0.14282002447639092,0.22607967575811477,-0.00010277794774630378
2018-11-29,-0.015644004712509235,-0.13278876039148155,0.0936320624191458,-0.000856950819423966
2018-11-30,-0.003666392357302922,-0.10853199628039552,0.029196634007443264,-0.002587915725518015
2018-12-03,-0.0005657061591972031,-0.05710157826241732,0.009940757499918256,-0.008853835789311919
2018-12-04,-1.5506966951005204e-06,-0.054318240624638185,0.002213603745761957,-0.013272812263826738
2018-12-05,3.770312121160588e-06,-0.06466453290345008,0.00010102523860028832,-0.014165693271270985
2018-12-06,0.0006700738903133082,-0.07762560207021005,-0.001357223336582576,-0.028000575445573748
2018-12-07,0.004731892521549331,-0.0604684057045782,-0.002542021893357695,-0.015467598228985338
2018-12-10,0.025785584108184042,-0.0830596156801176,-0.006849208688659039,-0.014071460608877562
2018-12-11,0.0658931886141385,-0.09410906619033675,-0.009944883481323503,-0.01201485342284816
2018-12-12,0.11655513906384858,-0.07591265190938395,-0.01547634273299608,-0.011583084507157622
2018-12-13,0.1540019087364158,-0.03598276771991752,-0.02754878953631178,-0.0043830812079919505
2018-12-14,0.17619980233550506,-0.016462858102364645,-0.0822985050958328,-0.010759308039875548
2018-12-17,0.1639947200397874,-0.0065153165801004245,-0.10780733253159783,-0.01373506012146199
2018-12-18,0.15688470554738534,-0.01158076150708495,-0.11571728353002297,-0.018754755649274164
2018-12-19,0.1527165238258556,-0.017697253115383456,-0.13997764884747887,-0.04240501737771885
2018-12-20,0.155301603080613,-0.041520670846953385,-0.1368831288218927,-0.06192127340984931
2018-12-21,0.16907468376381007,-0.06654591125101988,-0.13437257258432306,-0.08469192364215908
2018-12-24,0.19343088884172857,-0.10573504877234956,-0.11836413704916883,-0.08966304634005468
2018-12-25,0.2410289189809008,-0.20496795706117946,-0.1345690708340093,-0.11869319118462629
2018-12-26,0.2902501918617832,-0.3230205407385065,-0.14768191517721058,-0.14739149654230319
2018-12-27,0.33814464844719094,-0.4038498704130751,-0.18137272025210718,-0.18104398253661158
2018-12-28,0.40407791560767753,-0.4932777407052128,-0.2676612646512408,-0.2522900339292045
2019-01-02,0.4672338049368243,-0.5667617090617155,-0.382215233223464,-0.33998401743098455
2019-01-03,0.5371291415867409,-0.6146845453820381,-0.4859201337460804,-0.4278015843012597
2019-01-04,0.5655849700681655,-0.635921184155152,-0.5080114496461424,-0.4357378034183743
2019-01-07,0.603502709549171,-0.5692599671973139,-0.550085840465973,-0.4545595890779585
2019-01-08,0.6037160975254622,-0.46379365525628224,-0.555895027047715,-0.45619415136151925
2019-01-09,0.5417363754291349,-0.32544685805720286,-0.4957034307912134,-0.3756307785523937
2019-01-10,0.48245160924834063,-0.21843013977414705,-0.4303133029509345,-0.2979029562909303
2019-01-11,0.3835075127414538,-0.13971181758952184,-0.3553463904006254,-0.20584668615701218
2019-01-14,0.3035347378553336,-0.09799079208399017,-0.32109906488889856,-0.1584677269233629
2019-01-15,0.2194246275192803,-0.045981537610490335,-0.2458239363082106,-0.08214011479118505
2019-01-16,0.17817409766533518,-0.018350464894496012,-0.18611038100585606,-0.03799786244566863
2019-01-17,0.14321567138187682,-0.0035700172664281274,-0.14097824905359077,-0.013829141379612966
2019-01-18,0.0993916399818686,5.306487145534759e-05,-0.07339707105753171,-0.00032897791197376754
2019-01-21,0.05185706696106619,0.023091395534147376,-0.016634529090119622,0.005087370384077257
2019-01-22,0.018551615284924813,0.13758483678975428,-0.005406039871199799,0.04332536261471832
2019-01-23,0.0030840249307404633,0.3647963946744691,-0.0012940127158383048,0.1597368946869843
2019-01-24,1.8404322389304938e-05,0.6230987351204615,-8.385439976169392e-10,0.3524855425417996
2019-01-25,-0.0009194221502419524,1.03059280972758,7.692667862228791e-05,0.5838200649037246
2019-01-28,-0.006287792672661393,1.2339084324808685,0.00110076486180286,0.7655804413689823
2019-01-29,-0.009945420950627924,1.315156715997701,0.0006085447018139181,0.8738295180757869
2019-01-30,-0.00862297490345939,1.0795307084066423,0.000751452532635145,0.9538052565958068
2019-01-31,-0.004195797160238038,0.8762253940852143,0.0001678089377674251,1.0141339388038488
2019-02-01,-0.0007216188536179035,0.7652006152353051,0.004105645571682953,1.0712648480665388
2019-02-11,-0.00044570556262601464,0.7809354638179121,0.02418445929858258,1.1439037568974686
2019-02-12,-4.1458444723276697e-07,0.8131369332734364,0.07115162257849621,1.2404607686499212
2019-02-13,0.00036365814435948047,0.8376485242145274,0.12890089230489846,1.291117435468588
2019-02-14,0.010824727232351951,0.8092560330426363,0.17052900837308288,1.3094487766568788
2019-02-15,0.05127287142403999,0.7212101424382116,0.2702252687923847,1.3396550433282597
2019-02-18,0.12097401006757434,0.7712038384669334,0.5424814728944359,1.4898707457211855
2019-02-19,0.19035583722011515,0.881168692441429,0.873659399950904,1.5737692483805095
2019-02-20,0.25793503306432247,0.9728197854134163,1.2707494067576637,1.697170261870436
2019-02-21,0.3286188282070214,0.9813433757433728,1.7197571484571132,1.741830060348445
2019-02-22,0.32708143231268283,0.9399305339484673,2.470020717426675,1.9273072084796172
2019-02-25,0.31758658824968244,0.8464933001520716,3.5925905349914213,2.2487682319500943
2019-02-26,0.28711803920566653,0.734466055417683,5.288653083994635,2.760915087356717
2019-02-27,0.24875500641029263,0.6744519285958412,7.010545361373464,3.2475274385323654
2019-02-28,0.1801397566442406,0.5565789940535673,8.537647097991876,3.523096383520193
2019-03-01,0.11303093518451612,0.5680551477023117,10.973375524752738,4.248014123785835
2019-03-04,0.02384637995634319,0.6228481831484506,14.851708244754075,5.0296896967566775
2019-03-05,0.0005672888751371142,0.5957561594970152,19.472280173943105,5.457059582089916
2019-03-06,-0.00032895211683393443,0.5138331100494818,24.455078862743655,5.789643475034133
2019-03-07,-0.01127250562493407,0.38582409655023664,29.250489595711777,5.861748084528386
2019-03-08,-0.040282499059533135,0.23302614295037288,31.160088882088537,5.000882244034469
2019-03-11,-0.06593030084279494,0.1374108181366829,34.62627573592553,4.333740614644693
2019-03-12,-0.08898757467073834,0.09220650013971335,36.63424575117218,3.719665735664915
2019-03-13,-0.0969402739959131,0.053881790639499216,31.255619090214356,2.940062536915257
2019-03-14,-0.11239553787712755,0.04675328295036474,23.157433991606634,2.2005892736935135
2019-03-15,-0.11640263275745202,0.051576623518310404,17.77480476422046,1.7217436708045137
2019-03-18,-0.13221567338379672,0.06677396892618358,15.348347164749823,1.5319639849519224
2019-03-19,-0.12166802897883468,0.09914034372437235,12.835571038535083,1.2765152005978413
2019-03-20,-0.1165573387310592,0.16968055656973524,10.188769816231936,1.1225631981637931
2019-03-21,-0.0955724640851572,0.23917813839673865,7.921150974237517,0.9302679952116575
2019-03-22,-0.06974667499939387,0.31206294168633153,5.69415077131824,0.6554172769932896
2019-03-25,-0.03282761534331799,0.3573225072801567,4.046736415101821,0.3780393478760898
2019-03-26,-0.010018894826914825,0.43945118893712704,2.260668776058228,0.15230358981103112
2019-03-27,-0.00037756550434950775,0.5033819988199271,1.1681098100569123,0.04448514746522797
2019-03-28,0.0002023710076986035,0.5032022580314898,0.46945310165764803,0.0017284919078813217
2019-03-29,0.0003248482750983763,0.5035961171902219,0.25031334971432057,1.0036162795219445e-05
2019-04-01,0.0006417457446374055,0.5735703658803367,0.2601585484092321,0.01132402469517139
2019-04-02,0.001705206991803766,0.6108318534144387,0.21581438469287056,0.029336532018338853
2019-04-03,0.004835875437533546,0.6630525696018185,0.15693618022766873,0.0676834179113165
2019-04-04,0.006471632093371238,0.6909670226134902,0.1046558238701913,0.11908461337327708
2019-04-08,0.01038318644894936,0.7675102757918872,0.0494720970571738,0.2360735256010362
2019-04-09,0.004709923348436555,0.8670641292734262,0.032784422710614526,0.4168396376941854
2019-04-10,0.0013821316787481202,0.8977426098490221,0.03767055153954632,0.6567966412129239
2019-04-11,0.00046472591670450254,0.9408480745005813,0.03401451767651281,0.9402946636703254
2019-04-12,-0.00014142334103822932,0.8987941545108389,0.02665933928023728,1.176237300481854
2019-04-15,-0.003818397252231058,0.8106867337270992,0.004428407366132004,1.0496242649890821
2019-04-16,-0.012295188456933507,0.7535828616004053,0.009262569818705366,1.1460035835097422
2019-04-17,-0.03207055063453963,0.7408676362194654,0.046026117263799654,1.2379778237530181
2019-04-18,-0.0570391421582574,0.6915845813403175,0.04085043079158681,1.2278689536537082
2019-04-19,-0.0843750129821737,0.6763745792301471,0.025551841202326796,1.19128799672846
2019-04-22,-0.11123074876150747,0.6572545464870578,0.009300447483578243,1.0271637041365214
2019-04-23,-0.1540381468003355,0.6863950908986359,0.00556340770759932,1.0102069571764867
2019-04-24,-0.17980140642043696,0.7685476278298303,0.008879997717121035,0.9235010764156382
2019-04-25,-0.19634373234773833,0.852619394586924,0.0016113076369947575,0.7079565018781522
2019-04-26,-0.18276432120547798,0.9428256073906923,7.48558448298519e-05,0.45504574546649723
2019-04-29,-0.17371803802606028,1.2191357890790795,-0.0008272704954063545,0.28137341743771
2019-04-30,-0.14171858368833173,1.255006483853166,-0.013033232376777658,0.11967561892553638
2019-05-06,-0.0919843395662992,1.1117518573447016,-0.1211778373634209,0.0024209455683114342
2019-05-07,-0.05504539201855352,1.0645120587792831,-0.2790373009395319,-0.003873566923569094
2019-05-08,-0.017905790326946794,0.7969221530792178,-0.48320345614674315,-0.09688246375180642
2019-05-09,-0.009677596052997658,0.5347048574995679,-0.5947529395226727,-0.23808311908333127
2019-05-10,-0.004436256524984691,0.3642697594739324,-0.6161721658842875,-0.3275368082935896
2019-05-13,-0.0004122214068300939,0.21752445218357921,-0.6463369410284947,-0.4334493377177665
2019-05-14,0.00032670600396939394,0.07244140838952359,-0.6594691645889847,-0.5037210454701921
2019-05-15,0.004747493957112664,0.025357070836786882,-0.6434263411332503,-0.5221457918635095
2019-05-16,0.025544175806557618,0.008768917072609964,-0.6308977133963921,-0.529444124032525
2019-05-17,0.06650965411221854,0.00385161303236757,-0.6407052208124255,-0.5529943495371247
2019-05-20,0.13610558997636316,0.0005283663541577595,-0.6516652861241073,-0.5691787000171997
2019-05-21,0.2481854115073976,-3.0648545295383e-06,-0.6592500631137694,-0.5918066571615654
2019-05-22,0.32158058000903467,-0.0018811370930053753,-0.6546541428965581,-0.6102399107290497
2019-05-23,0.3725957222734184,-0.01484590740438408,-0.6824423703711605,-0.6389994634464865
2019-05-24,0.4420182662558712,-0.0412257117642091,-0.6829412826174506,-0.6186842480025725
2019-05-27,0.4707747811951576,-0.08640443665121485,-0.6323334851835741,-0.5729918070521648
2019-05-28,0.4486446719760518,-0.15164142046789472,-0.5718350984335576,-0.5129691909552727
2019-05-29,0.44243756665827355,-0.23950161263098704,-0.4951997046553863,-0.42649541398644
2019-05-30,0.41512564161399607,-0.33489031792061763,-0.4256226479567011,-0.3525800156230984
2019-05-31,0.4062761258313529,-0.41823745329799605,-0.3486864001012415,-0.2785320566665076
2019-06-03,0.4169851667257781,-0.46377138502349546,-0.27228507771853294,-0.20030311288426866
2019-06-04,0.449139164551322,-0.49493697677107334,-0.21143521551264977,-0.1485437672759605
2019-06-05,0.4946935824501551,-0.4805889671256881,-0.15754428812784177,-0.10304164477247607
2019-06-06,0.5277301487768419,-0.43742352436798204,-0.13543510617433166,-0.06661565133872752
2019-06-10,0.549668006828155,-0.2960726810794499,-0.10428754371055717,-0.024172640544538
2019-06-11,0.5584379529723753,-0.17033481833644526,-0.08505707850047943,-0.001455528351252582
2019-06-12,0.5840402482375888,-0.08276683923576297,-0.07347246897416554,0.00016054354314930664
2019-06-13,0.6252254573298781,-0.040705042175644704,-0.06980902712963645,0.0030643048362790815
2019-06-14,0.6976843322089945,-0.015173405861652339,-0.10629008547222327,0.0018171762479815678
2019-06-17,0.7100117023714068,-0.0026549208241749512,-0.088790344249203,0.015171731873216614
2019-06-18,0.7653864575018012,-9.841281999118778e-06,-0.07728634633995192,0.029541421485926648
2019-06-19,0.8506393072997962,0.00023948889131718967,-0.05606934696129915,0.05320478848791276
2019-06-20,0.9799103020195852,0.0077512033302389975,-0.009988916688310362,0.1780017030314854
2019-06-21,1.1659102423898333,0.03822678630505598,0.00028939589703703424,0.41577535306041574
2019-06-24,1.3593154870639044,0.13751946488043554,0.005907659529567447,0.5928074297547695
2019-06-25,1.557871716334242,0.2845447391235811,0.011218664953379948,0.7048541666421793
2019-06-26,1.6386248209898273,0.39651053150649507,0.03646699766352615,0.8583335008086361
2019-06-27,1.6480913669163353,0.5591322319909686,0.09921610874104914,1.025083552220341
2019-06-28,1.6435699183562134,0.6558527078756996,0.11137406736627622,1.0765921162656138
2019-07-01,1.4073321066137083,0.837434978632445,0.16299781492569765,1.2137471236025685
2019-07-02,1.2546985584883623,0.9484740368713354,0.3224321862975585,1.3914154694548848
2019-07-03,1.2528678030763143,1.090927618615867,0.5011411828062579,1.515410505882571
2019-07-04,1.155204421788047,1.1610817379826917,0.6765386411570362,1.6021666051817878
2019-07-05,1.0205544778409699,1.2145381526839023,0.8699684763013374,1.6483000856496457
2019-07-08,0.8737018795446804,1.1002883585704502,0.8849967926686614,1.3829033745968278
2019-07-09,0.7030021031595687,0.850858125603254,0.870881537091351,1.102245331183005
2019-07-10,0.5705338760149395,0.6825339133676609,0.7554949578505474,0.7897694386402897
2019-07-11,0.5517367340665275,0.6199161300571782,0.6153521554613748,0.5323531652403494
2019-07-12,0.47944925158277907,0.5579150314722554,0.4298411025964005,0.33218986363066766
2019-07-15,0.4046635274216381,0.5858779738866836,0.3481878014291193,0.19971216467989633
2019-07-16,0.3067335340262205,0.6548265512894902,0.38025150215439496,0.13473860445920835
2019-07-17,0.2167249472334639,0.6445032562904197,0.35578472327729777,0.06738195399722877
2019-07-18,0.168627068242229,0.545343552011082,0.2849571344422271,0.021389887533430296
2019-07-19,0.18050843153745783,0.5119345406071578,0.20676782020346474,0.0031858309395421153
2019-07-22,0.13850210822343334,0.4163327203300415,0.08816428804098896,-3.51831112015944e-05
2019-07-23,0.08919717750690516,0.3832514583610076,0.039138441620627545,-0.013098741735305683
2019-07-24,0.04995882102537647,0.39548854870422406,0.022265899717721655,-0.050157993607068574
2019-07-25,0.037595347452511495,0.4737428110154136,0.021692377843546367,-0.034713131758704316
2019-07-26,0.02844906754007006,0.50190469333191,0.04134799692627314,-0.017131510381203637
2019-07-29,0.029333479005955673,0.5537370368059181,0.052995875272734014,-0.007661361883889322
2019-07-30,0.08823025991843042,0.5376040837909084,0.05483898617666156,-0.0046384564126720285
2019-07-31,0.11526576902060572,0.4590445222286499,0.048654502879222176,-0.005503552716647309
2019-08-01,0.08346127018924403,0.31621443256846704,0.062212911548979684,-0.0067029784120184515
2019-08-02,0.11918603847924733,0.2002202357595949,0.04566586139183832,-0.015137063299116153
2019-08-05,0.13297377539489924,0.1009623065915658,0.05792043843601764,-0.020297450281730682
2019-08-06,0.17133322676580628,0.01029411843102336,0.04421623194389506,-0.029642365093207737
2019-08-07,0.34358093132549233,0.00017771026721122136,0.016428496287383614,-0.04564432391089929
2019-08-08,0.5259192020611578,-1.9435545796184025e-05,0.007799609028462575,-0.058138481067522355
2019-08-09,0.7696957449452515,-4.95951485975899e-05,0.0027537178116825486,-0.06647906174856573
2019-08-12,0.9832552055011475,-0.0007196992354052352,0.00041810812396094957,-0.08628375016117747
2019-08-13,1.219562588172215,-0.015725590610712156,-3.8984822230195763e-07,-0.12321782044682024
2019-08-14,1.3011020036807224,-0.024997100172924537,-0.0007489775283270331,-0.15798929615358695
2019-08-15,1.558028762961991,-0.04575848530493155,-0.0018770967072732482,-0.18681031907464657
2019-08-16,1.7278315802325668,-0.07502750796699198,-0.0013064346739082666,-0.18730749322573126
2019-08-19,1.841082012000549,-0.0650249433273809,0.0005267840169470709,-0.13348356064312378
2019-08-20,1.84534730263961,-0.04242180800874997,0.008407364742990841,-0.09733764800556655
2019-08-21,1.7450856693956267,-0.03545647749608319,0.0293698230330626,-0.07142355610418183
2019-08-22,1.7028381532574108,-0.03418227752931906,0.04773444957290207,-0.05365819484892612
2019-08-23,1.7214973169091732,-0.017510014811423214,0.0837066038888521,-0.023654126588165098
2019-08-26,1.9045381434710378,-0.03286889737311585,0.07958464208604372,-0.017090205586499305
2019-08-27,1.9587653824726066,-0.026780665707431046,0.11754597261757517,-0.0063558780228112465
2019-08-28,1.9760464313479682,-0.018307566677628343,0.18301813411575246,-0.001424250465882156
2019-08-29,2.0190490566704393,-0.008201052634659664,0.2649646204902345,-5.199071286911798e-06
2019-08-30,1.8132501816475233,-0.0005833906007495378,0.3369129735154211,0.0012412318744770702
2019-09-02,1.54190241706142,0.00015231286238068812,0.5224182950114439,0.020208706654077615
2019-09-03,1.3054132068994047,0.006802062392711637,0.8165541257098474,0.10297775076520951
2019-09-04,1.0959790946877324,0.04362068531190642,1.1454160760512877,0.3034919687059365
2019-09-05,0.8868919564079568,0.09145211151982602,1.6188499786857617,0.5889074213682296
2019-09-06,0.5408873047826376,0.18331277176960029,2.0331680727274564,0.8528911343050382
2019-09-09,0.3476094292706394,0.2538925718297651,2.3696323628482356,0.9825260615496981
2019-09-10,0.14028983920311117,0.23035284849457613,2.456117564557283,1.002416097416987
2019-09-11,0.05996262481494792,0.21396774799473278,2.3032571246305134,0.9534290760139063
2019-09-12,0.022267914682117546,0.2474932312748728,2.2374991295754483,0.9836790352654466
2019-09-16,0.0070119349194736605,0.3005148643548896,2.0303120864815236,0.9406372204330166
2019-09-17,0.0003151092304699296,0.35947589202992286,1.7435275512577544,0.8465872617445827
2019-09-18,8.675760188510928e-05,0.3498972994684352,1.3747394231803607,0.7202139562545501
2019-09-19,-0.0003766381087882126,0.4198396023407691,1.1636693060200214,0.6131123867251852
2019-09-20,-0.002702753338801169,0.38506350197870826,0.9766409413585969,0.525995781288298
2019-09-23,-0.0052791675683979975,0.3201731870736685,0.7420313646240194,0.3775342597978844
2019-09-24,-0.009448471116802505,0.2947489481250523,0.7184662282394281,0.31308754889205503
2019-09-25,-0.01577669031942444,0.20957257265975965,0.5549237155583795,0.21756556023314597
2019-09-26,-0.03865000988984861,0.1553883331407168,0.2390334887581038,0.12251772978157592
2019-09-27,-0.08577851734301366,0.11968500628652123,0.11749364697805074,0.06506113462718062
2019-09-30,-0.1670212075928271,0.07744975603538748,0.03273787429158743,0.02323795305980398
2019-10-08,-0.16604120748671142,0.027163398625678282,0.0009015428583145614,0.0029643996701381537
2019-10-09,-0.12769331209196552,0.0016691138599059937,-0.00024248833689166134,0.00014960704967571738
2019-10-10,-0.10025854685149364,-7.869950123877837e-05,-0.0032987667653721323,-0.0001016207983336126
2019-10-11,-0.06866695203485679,-0.005927018392170182,-0.01659862645735426,-0.002051386913986726
2019-10-14,-0.07078058219999643,-0.009434220784697472,-0.05454569810379531,-0.0054371321604099075
2019-10-15,-0.07053130440862437,-0.01371274778518131,-0.09120455818022158,-0.00796381145030903
2019-10-16,-0.0659758658885577,-0.01389446422216329,-0.14171978486990305,-0.016479663018997972
2019-10-17,-0.04596476866659073,-0.010288531603098752,-0.17823983087443201,-0.01815090945028828
2019-10-18,-0.025326892176812308,-0.005340724604864766,-0.19126965956748498,-0.024321034028204028
2019-10-21,-0.02976650114862657,-0.0016472086930575877,-0.19970550973368426,-0.022428491562156767
2019-10-22,-0.03230021780418302,6.774772831217089e-10,-0.13615194860576746,-0.014238568510821163
2019-10-23,-0.05203938938762547,1.326632308744897e-06,-0.10255398302971176,-0.012898566117365106
2019-10-24,-0.06899175478249213,0.00010349383186861117,-0.08053582236982988,-0.01316021563166913
2019-10-25,-0.06576206550170469,0.003253888218997425,-0.03533359531880807,-0.0050165413273825805
2019-10-28,-0.06225632533714992,0.013638751987644302,-0.0021900637767896273,-0.00024253016156947711
2019-10-29,-0.08773983111245041,0.040284811247275926,-7.759520944030258e-05,-0.00022889142459867065
2019-10-30,-0.10663006291968213,0.0852483871595022,2.9811404672730207e-05,-0.00020931317607546707
2019-10-31,-0.12504599178603387,0.15741735638993512,0.003137881745663917,-5.2274161639439214e-05
2019-11-01,-0.11337292985797388,0.27186096972068813,0.02893480851522471,0.0006155380374847826
2019-11-04,-0.08602476680974581,0.40264267702377005,0.08377546875053457,0.004513176490599567
2019-11-05,-0.06503908918656194,0.5569947869672329,0.23333462982973935,0.01782003650525254
2019-11-06,-0.05929986118031901,0.5934027825974532,0.36628462436091874,0.0291266926581123
2019-11-07,-0.055447023638612286,0.6525531011088125,0.3705480247396144,0.03499615167469482
2019-11-08,-0.07913097374487456,0.669740875680985,0.41822522595749695,0.03663155395151659
2019-11-11,-0.10945837126090174,0.6580454537486948,0.30069430953555004,0.007834863034057836
2019-11-12,-0.15077824379194854,0.6747232795210791,0.18214715308289345,0.0004838817799951437
2019-11-13,-0.1524927647822108,0.6194842350501211,0.11072387602874252,-4.4097683240626776e-05
2019-11-14,-0.15240746942549133,0.5749150957669079,0.11689795124774918,-0.001599268377955241
2019-11-15,-0.15923363868342622,0.5614922341302687,0.0953495927681712,-0.003904355315151563
2019-11-18,-0.19483596036904138,0.5741656396801503,0.1059742263129774,-0.0016329462389044788
2019-11-19,-0.2079650321371047,0.6048345244247838,0.14111855393302905,-8.13408240273357e-05
2019-11-20,-0.2201294807708967,0.6481945601648813,0.15023023256340742,-2.175861428509369e-05
2019-11-21,-0.21380197192675668,0.6499859400617297,0.14944112635961332,-2.0891464186504413e-05
2019-11-22,-0.21030235147514087,0.6374433216361928,0.0751301225588363,-0.0026638595880000837
2019-11-25,-0.2193775357416654,0.6134091247384016,0.015617521414956915,-0.008313915130822734
2019-11-26,-0.23362932656496904,0.6644130498983135,0.0034435797255530686,-0.013261394300359778
2019-11-27,-0.22738750700219168,0.6458355133221807,2.5730859112769813e-06,-0.029558556419644295
2019-11-28,-0.2253061480554494,0.64419772132092,-0.0019155774187406725,-0.060239840310867515
2019-11-29,-0.195998279851785,0.6302214320252505,-0.01080671268828456,-0.10462806894191388
2019-12-02,-0.16093082436518813,0.6681258725109505,-0.010524297003240778,-0.1265752878881794
2019-12-03,-0.13224145292237988,0.6789887633695735,-0.015509847100830242,-0.16313116654293636
2019-12-04,-0.06247913897400546,0.5654096109843715,-0.025153854795838166,-0.218534297938677
2019-12-05,-0.024647996654586765,0.49831445766902477,-0.020587347236229774,-0.25596196553603645
2019-12-06,-0.00566836130584855,0.42497720033670816,-0.005617272702816023,-0.22907632761192018
2019-12-09,-0.0003239313312907938,0.41963410996708156,-0.000672853928178928,-0.18664210946817947
2019-12-10,0.00022004651796594826,0.39777478419069734,0.0002841503902178819,-0.1347257938174228
2019-12-11,0.001959892708659308,0.3326564523167635,0.003080757022294952,-0.08317861863730541
2019-12-12,0.02197488314885303,0.2924639448699794,0.018790312965519144,-0.04224627868146535
2019-12-13,0.010723689111101005,0.26514353329018114,0.07673875945624616,-0.0019154591165345656
2019-12-16,0.011074704553801542,0.2606187585547487,0.1316841141524396,4.90169398813104e-06
2019-12-17,0.003913501936269732,0.2819467015841097,0.21538460501129914,0.006450041640344367
2019-12-18,0.003377718377131682,0.27112838443520965,0.31544883300730175,0.02904678909929709
2019-12-19,0.0034589983144159672,0.24495427927703908,0.4504521685259954,0.06780139152082558
2019-12-20,0.003527880521424463,0.2547889932795831,0.5034720506930194,0.10555624598077144
2019-12-23,0.004921318892560678,0.28173385736214046,0.45856048754642503,0.1386995238431043
2019-12-24,0.01599725439292932,0.33251173089392133,0.6723187172620627,0.2375742493909409
2019-12-25,0.049216728497816976,0.3398825056570276,0.9128458326782948,0.30326529885587006
2019-12-26,0.09220793375820711,0.3410367234053734,1.1752621405366281,0.3685276476685492
2019-12-27,0.14120617020967713,0.3573049134357943,1.1054248791683685,0.392086896297963
2019-12-30,0.1642429117843981,0.37617336455390055,1.066390116781625,0.49007993434090164
2019-12-31,0.1953606700453666,0.4372739301750636,1.035478755282367,0.6133499998025955
2020-01-02,0.21795864777486457,0.5243000274285056,1.0915518415703402,0.7554890743826259
2020-01-03,0.2571698537664057,0.6579569879664033,1.1059397541922327,0.8478202361901528
2020-01-06,0.32131341945412994,0.7186376296534666,1.1111872992064664,0.8305726774073606
2020-01-07,0.39140221237629197,0.9043101284795031,1.1667559394754357,0.8279087661655512
2020-01-08,0.5055315279789921,0.9154150186863902,1.1294659323997966,0.7402095419716119
2020-01-09,0.6155650594101281,0.9435505960505601,1.1614860489001906,0.6935136791944946
2020-01-10,0.7043532684668309,1.036195039769514,1.2536780385014956,0.6734398850948169
2020-01-13,0.7269166550238328,1.1068373486154428,1.444570056039903,0.6817343795361068
2020-01-14,0.6013734359496747,1.2527546866927906,1.5376345746909792,0.6469572177796896
2020-01-15,0.536667338663977,1.3501603026332638,1.6313527137678325,0.547554033738182
2020-01-16,0.46932579170723654,1.4383348378443213,1.6211963002199408,0.4386161722619041
2020-01-17,0.4146259314444482,1.5863549483097272,1.5723669059766872,0.34491478614131327
2020-01-20,0.3131091152897895,1.656196170879995,1.7799851774086108,0.32617155241659673
2020-01-21,0.2797941883063624,1.662426776214386,2.023888692901704,0.21676113466562352
2020-01-22,0.20543349670856814,1.7990948989872333,2.4997498338736475,0.17882388505483182
2020-01-23,0.15871294215831544,1.8855636975645438,2.4703373602456105,0.050596276727191934
2020-02-03,0.1655803158800591,1.382864106288325,1.274473627588764,-0.0008801682301925556
2020-02-04,0.1520890993258493,1.3101552857538976,0.9971816865071141,-0.019954193700269896
2020-02-05,0.12225340743326535,1.4783718411837292,0.8126958054705492,-0.07221885612917887
2020-02-06,0.08829970207562944,1.783502867684145,0.8358168722518127,-0.13295320827158924
2020-02-07,0.07332548216917682,2.069260427523163,0.8765949047066879,-0.20632101133815492
2020-02-10,0.06206273524295377,2.417983989147057,0.9442804735883779,-0.27655286286115766
2020-02-11,0.04806858998678911,3.0672056701501957,0.8534920059421572,-0.3275198020347711
2020-02-12,0.030290825677736017,3.915021941406337,0.9172386861024644,-0.3407249686703611
2020-02-13,0.027188182901104342,5.222138051866238,0.9011724284659446,-0.3495186958031403
2020-02-14,0.019587323340846324,6.407853039872611,0.9299763861781997,-0.32270594598714675
2020-02-17,0.026511500892905788,7.378729947044037,1.086827260258937,-0.26096677847884014
2020-02-18,0.083997137156565,6.865384272690998,1.3304688438579362,-0.21694939678396188
2020-02-19,0.16890370410618125,6.144783113541262,1.5923420915011741,-0.16790616390066745
2020-02-20,0.4397825316437548,5.142842145257159,1.8216448262606582,-0.10931977245905747
2020-02-21,0.5394665134981953,3.9107915646249403,2.3820607303324204,-0.05830866486102668
2020-02-24,0.6975647626783302,2.4228936062765793,3.0117970529651137,-0.02756503554782161
2020-02-25,0.8360532168271609,1.716549275701538,3.972583201013558,-0.008132789737937305
2020-02-26,0.897341080305567,1.0728552744717663,4.172210788624764,-0.0011990538689773337
2020-02-27,0.9837046462266018,0.5575937673169152,4.242785101073243,-1.444308007426767e-06
2020-02-28,0.9733782652034769,0.1531291946160438,3.2545159067520832,9.178686965363168e-06
2020-03-02,0.765448707795867,0.056279236289337474,2.800147799050814,0.003281668891963744
2020-03-03,0.5616493232820222,0.010910606938375575,2.8430257580736114,0.03722550209850103
2020-03-04,0.5309158762526602,0.0001402742262307003,2.669296737401739,0.12786647966961176
2020-03-05,0.4470965305542195,-0.0008980367384951968,2.773622865006293,0.4280655027881791
2020-03-06,0.4560530038349781,-0.01584029911583741,2.3169408450225206,0.6512057326793186
2020-03-09,0.5402219479140374,-0.15049645432894063,1.0435249066429713,0.3147507855096432
2020-03-10,0.5013229354090597,-0.33047672046759563,0.5572422798982792,0.20136455723191682
2020-03-11,0.46834494108166,-0.5002437338590949,0.2202671473901071,0.09002985718727138
2020-03-12,0.35269873069816554,-0.625690706764392,0.04368197007909658,0.018398618325080343
2020-03-13,0.14761137152273543,-0.724372156149165,0.0008866096511538942,0.00012394600560925096
2020-03-16,0.01923056319106648,-0.8076232518185076,-0.010277653439668882,-0.013221180957392864
2020-03-17,-0.0004356983691729913,-0.8432966556967408,-0.09091859857101818,-0.06847022823511863
2020-03-18,-0.02250505460671511,-0.857263110352727,-0.20470064973481703,-0.1579443562993997
2020-03-19,-0.08415187528190722,-0.8524347828091561,-0.35171286227477044,-0.2773963632047307
2020-03-20,-0.16942499838784678,-0.8269041571062741,-0.5042577388731242,-0.3808039424012314
2020-03-23,-0.27180963267554414,-0.8214249685858847,-0.5983637837473591,-0.455427287831709
2020-03-24,-0.29476841858518893,-0.7807065423937498,-0.6591195303035216,-0.5165715043443494
2020-03-25,-0.2637142997860524,-0.685652416616966,-0.7112490858787285,-0.5467129778256677
2020-03-26,-0.23412504483295496,-0.6119403871406905,-0.7241560404239294,-0.5413669251522178
2020-03-27,-0.16081644579596588,-0.5619771345682156,-0.7192140718313934,-0.5185193006541174
2020-03-30,-0.09192997121902965,-0.5564314665431687,-0.7106467950673813,-0.5081270561330137
2020-03-31,-0.052965686924774,-0.5124926324827414,-0.6875166400616431,-0.49595796324275343
2020-04-01,-0.03094791124233706,-0.47934093793280325,-0.6798194882820612,-0.48807291505110195
2020-04-02,-0.012894799611531399,-0.4226124817584231,-0.6248026675972561,-0.4440424550745284
2020-04-03,-0.00345378849655504,-0.42296671060945873,-0.62420942860418,-0.45342098164758426
2020-04-07,-0.0001521044747446214,-0.33199384168168566,-0.5306173392344781,-0.3757873285035135
2020-04-08,3.548089181905597e-06,-0.24112098787465022,-0.42043433952327514,-0.29553216675825106
2020-04-09,0.0023281683312569553,-0.14556601734396507,-0.2832442465887,-0.2056358380468522
2020-04-10,0.01813727193637303,-0.07215292247137975,-0.1778281931114558,-0.11332223944429352
2020-04-13,0.09122999000590196,-0.027692529181846837,-0.09611170824876505,-0.05036954113337493
2020-04-14,0.2766286397150277,-0.010535980275520999,-0.03106152914216628,-0.012628601480354272
2020-04-15,0.5389561721582433,9.808355324119774e-05,-0.0010094415627122666,-3.2883698366638055e-05
2020-04-16,1.0750952564125495,0.025978312871446946,0.008023030339592976,0.009770973758618875
2020-04-17,1.5940296432748555,0.12390334623589341,0.12765043548659283,0.11959526427738225
2020-04-20,1.7574511401314274,0.3762209665246737,0.5671877224614812,0.46116629478914734
2020-04-21,1.6990454287072252,0.4149685661022355,0.7385633692959304,0.585751910630351
2020-04-22,1.2748701719309439,0.5837710045243102,0.999145558062987,0.7367892585377039
2020-04-23,1.0842844948612917,0.6614569561943039,1.1086483366880986,0.7311421498118365
2020-04-24,0.9178750206744372,0.7819058346816821,1.1410178898115815,0.5836069717486774
2020-04-27,0.7380856768548669,1.2440273388852237,1.2820083211031392,0.5207431350886714
2020-04-28,0.5752570417432205,1.507224655334869,1.1037201569303297,0.43911122805498976
2020-04-29,0.5180957175970105,2.3762847320827576,1.0247914735448669,0.39392066019201033
2020-04-30,0.5277020200081668,4.289271775280917,1.252334392597516,0.4441959204704031
2020-05-06,0.5017404415307584,6.295920893649065,1.5339570634947628,0.4806341788995005
2020-05-07,0.4891323467012691,8.129431878757424,1.6637658244103128,0.5162013391956338
2020-05-08,0.4836690393163126,9.401101243061383,1.6350441521760424,0.5406313090447499
2020-05-11,0.44692764121825623,9.913756063458912,1.503170838254274,0.5482528902533194
2020-05-12,0.35085228119775624,9.055849611529737,1.3884786412229804,0.5145217707515763
2020-05-13,0.2823578621571728,8.282738219747625,1.4019669438756244,0.5264996805954006
2020-05-14,0.24987391332182718,6.485724699205798,1.2734085187520623,0.443060873199553
2020-05-15,0.3081310001517599,5.512416562353111,1.3137213750090366,0.4082135503895687
2020-05-18,0.34830251151814484,4.597880300675279,1.2841468014922466,0.3798598005166724
2020-05-19,0.3827194504066905,4.116813922036564,1.4173724708955866,0.3822022895186528
2020-05-20,0.45597661531080275,3.252265924764845,1.2652439290990007,0.3409788020176981
2020-05-21,0.49068422472290935,2.3576058787723393,0.9691546595587416,0.25484126429518034
2020-05-22,0.5672382529732601,1.3863616220595376,0.6077320919474402,0.11311266679970707
2020-05-25,0.6055595749643453,0.9829469542761237,0.3320591252322105,0.03715755977083619
2020-05-26,0.7025525269644897,0.7664049230066432,0.28921286780980776,0.013780553157227102
2020-05-27,0.6200710718772414,0.6203533262518995,0.18562602338000259,0.00462458230567113
2020-05-28,0.5480419100040981,0.45016990257273387,0.1126788134627049,0.0016299263217915605
2020-05-29,0.4966790554361161,0.2586077238402234,0.0667299119162654,1.3052331690094705e-05
2020-06-01,0.4594787105860477,0.14892882277451397,0.09128836617046401,0.00011515412687498224
2020-06-02,0.4683918192288616,0.07398395218960288,0.08693751287113159,0.0003906484711859229
2020-06-03,0.45874466355024146,0.02743613387189669,0.05835469060876197,0.00011633312425862765
2020-06-04,0.3531141939105089,0.01593831854235332,0.041370179154540054,5.465952549363672e-06
2020-06-05,0.23157959426435737,0.017866568466789887,0.03359154159564186,4.2720405773022934e-05
2020-06-08,0.11478696792515772,0.03555743633686371,0.01864812990254731,0.0002593651352567318
2020-06-09,0.04737791454046241,0.06895421880890104,0.025769209591585223,0.0044817599297471014
2020-06-10,0.02001244526152278,0.11559482870597228,0.06159264269559308,0.016620693213397895
2020-06-11,0.0067368151742548356,0.19305288351672534,0.1034549917017494,0.02138227381207981
2020-06-12,0.0025049035741407065,0.2680864560385506,0.19517506558510112,0.040816491512701496
2020-06-15,9.105828604704728e-05,0.19265208792341515,0.27408446247962026,0.04646209835396119
2020-06-16,-0.00048324557881461607,0.1985112086405104,0.4500929184893595,0.07344748896158482
2020-06-17,-0.009430507647787554,0.1956905285157088,0.7201190062195699,0.11617437995333163
2020-06-18,-0.03807808854867154,0.13408478099503054,0.9619571343314178,0.1451771807904021
2020-06-19,-0.05131489125532156,0.09075742155162402,1.3327450075919098,0.1872710458098869
2020-06-22,-0.013461996633809304,0.05707828427152744,1.7835268634951673,0.24876037501258622
2020-06-23,-0.004921949450742046,0.08087850596715208,2.546706138006195,0.36060295991483654
2020-06-24,-1.690292295337251e-07,0.09313213091770764,3.2722544050530225,0.4904441247459109
2020-06-29,0.001057760224784212,0.0632135760114758,3.7767284322012467,0.5557050521309759
2020-06-30,0.007542268161948151,0.015189001227729391,4.109472095552415,0.5395067441196234
2020-07-01,0.02522329716804111,0.006277591373391918,4.230941201350785,0.5679033111911201
2020-07-02,0.05077136747782849,0.015130447323875952,4.7315013006283815,0.6565571919376191
2020-07-03,0.06413555962709319,0.020001486189989662,4.8978870914662815,0.7769427925095411
2020-07-06,0.08863182346376684,0.02726831315800142,5.120184254064735,1.0402031185049092
2020-07-07,0.12278971991145399,0.027698411035416533,5.572509009885955,1.4888946664021507
2020-07-08,0.21750589358107125,0.024795928318795884,6.986844779068594,2.3261899457836064
2020-07-09,0.35133990934578857,0.023447294068609945,8.832210870897278,3.530450219948263
2020-07-10,0.4054563754533612,0.03266155327288372,10.687041379690786,4.68760803648513
2020-07-13,0.41583061334485766,0.07879217633419085,13.683442470474805,6.060891396540072
2020-07-14,0.40602285558559514,0.11539852881424632,16.531291097818333,7.331005908526024
2020-07-15,0.3628389830143585,0.1657130814164689,17.712665517974823,8.223458063984552
2020-07-16,0.3009483141153766,0.1722812304846412,15.507444896008469,7.791432558523214
2020-07-17,0.22561933032737977,0.2057863548192752,13.713270891670478,7.08221859442302
2020-07-20,0.2059992917846224,0.21571631093145258,11.88612802438927,6.676248439975582
2020-07-21,0.20604490890311838,0.24688898275262725,10.484218175930408,6.052293491045569
2020-07-22,0.23193537610245396,0.22375532922486777,9.148880369000336,5.004461779466595
2020-07-23,0.26245676032997856,0.29648640097927664,8.274501694563954,4.11884933132849
2020-07-24,0.3054897150789866,0.26017493820178483,5.522726323386493,2.5625247301203835
2020-07-27,0.36585258889788114,0.21165172372610114,3.4754483819537905,1.5674059015892574
2020-07-28,0.44915257478855825,0.19920582809494936,2.2981971800774,0.9316321641066666
2020-07-29,0.5884803598208922,0.15697397969632523,1.807229470567859,0.5643555235000938
2020-07-30,0.696155958336932,0.13598851984806648,1.3524697162758699,0.28745856945811515
2020-07-31,0.8757796274977349,0.1672766867968871,1.0544052588467154,0.12446228286813056
2020-08-03,1.0298191486943744,0.14117420024178462,0.8470976356736256,0.0373688865665809
2020-08-04,1.1783704173168936,0.14546107316946044,0.6569116233160683,0.004394126770537768
2020-08-05,1.5051731421093077,0.14745526203865625,0.4739674916411649,-3.1751226250616904e-06
2020-08-06,1.7811292156184522,0.14660856098276967,0.2663883805701453,-0.005815775895330891
2020-08-07,2.0981792808032473,0.16199310740492395,0.09182461090019409,-0.03890127848838898
2020-08-10,2.2854747878699553,0.18204659649210211,0.01873110208814165,-0.011603549636206823
2020-08-11,2.2002225945629865,0.20178787081019314,0.0002528121378270894,-0.00785165817921615
2020-08-12,1.3162200443131866,0.19123490945192664,-0.0017840501090333545,-0.002747922761867585
2020-08-13,0.8908534349824448,0.23419569316875358,-0.009092245856782448,-6.462770562107126e-05
2020-08-14,0.5828497488189601,0.2736432160404011,-0.014184078307199723,0.00034561249143888337
2020-08-17,0.3990162863815379,0.40601833745756427,-0.0041313063242414535,0.02952518965170671
2020-08-18,0.31833294674878565,0.46490820365930086,-0.0006470734212899741,0.12647022998651386
2020-08-19,0.207492190887918,0.5706687292358035,-0.0012432624493644495,0.2302754805042939
2020-08-20,0.07763487550231311,0.5798075057300067,-0.020761668082155755,0.1544945753438782
2020-08-21,0.01405563851951044,0.6991596293627053,-0.05182177700119966,0.11421975185248613
2020-08-24,2.9757941889079585e-05,0.8587515044997678,-0.06686999536109389,0.1475880933080526
2020-08-25,-0.004856750828368379,1.4495287267033203,-0.0649369601065273,0.18991560695419016
2020-08-26,-0.030288672883116943,2.138766479752638,-0.06985216134772056,0.19913647457619307
2020-08-27,-0.06943807028417975,3.297653526404149,-0.04671698199487824,0.2353912381768656
2020-08-28,-0.11107915436846195,4.394596630285125,-0.05955993849009438,0.2019015761127085
2020-08-31,-0.11539106168933512,6.287721268438852,-0.09229900824150644,0.1668848065111816
2020-09-01,-0.10302260963345733,8.629084566155516,-0.1040330231234892,0.14098450902622742
2020-09-02,-0.10248252725612614,12.044981314940317,-0.05857209634926074,0.14602815325584093
2020-09-03,-0.1351924008541645,16.51016065603984,-0.04137229689343378,0.12444580244621935
2020-09-04,-0.14609503502834745,17.626482042564867,-0.019835244745339133,0.07986740118211498
2020-09-07,-0.16006385387979813,13.679623705701363,-0.009455741478092524,0.03128580585734672
2020-09-08,-0.1665173786978689,12.872320121021735,-0.0030983429894374296,0.020448175432057493
2020-09-09,-0.13100616563753367,9.416796710693479,-0.003721315722725369,0.0029299672374177763
2020-09-10,-0.07857781571030176,7.2861055445377945,-0.00883390751965603,0.00013457627181972905
2020-09-11,-0.03363487475342947,5.159205913155313,-0.015544077867375354,-6.463968763283369e-05
2020-09-14,-0.006541417087060274,3.8508535538078976,-0.018569818704353036,-0.0005239752901992782
2020-09-15,-7.858855911804139e-05,3.1099999735935744,-0.02390167192779102,-0.0029850025424079875
2020-09-16,-0.005821807568362147,2.292658650267538,-0.05159224932221542,-0.013039456825835608
2020-09-17,-0.020443702544701292,1.3528233978832722,-0.09668430758063934,-0.05400468009832432
2020-09-18,-0.028427601361198287,0.8615750453073364,-0.10685723469392217,-0.041941958378868306
2020-09-21,-0.02448932702593588,0.4165591096217333,-0.11583152825568965,-0.02361289622966957
2020-09-22,-0.020868476220244056,0.1271214030148802,-0.1262251045762513,-0.018834084269896946
2020-09-23,-0.02973445441073227,0.02537277961212971,-0.16058252260058184,-0.0204098366721315
2020-09-24,-0.06959659909009269,6.2716811443536e-08,-0.2503127221037497,-0.05582756731422973
2020-09-25,-0.10638150714334567,-0.01816910707154055,-0.30842941182568995,-0.08486516492143062
2020-09-28,-0.1678681999124972,-0.07988798273318047,-0.3356139924908422,-0.10339147632949472
2020-09-29,-0.20765422328637187,-0.13446517171821382,-0.3150343781753828,-0.12078785404411373
2020-09-30,-0.24947180340661707,-0.2366252794348024,-0.324673468382975,-0.1738397994364368
2020-10-09,-0.2561770868543155,-0.25939422778199767,-0.2149609562137272,-0.1667703053039515
2020-10-12,-0.22955403026524837,-0.24009953023575398,-0.05538763138560033,-0.052465990694777
2020-10-13,-0.1997713128090973,-0.1507998255311055,-0.004638415303835388,-0.008881154047669777
2020-10-14,-0.17410904239894312,-0.08734323208953892,0.0001651179311341271,-9.273930018957835e-05
2020-10-15,-0.15997916162004708,-0.036157619157191546,0.02685778824994113,0.0020694794812949058
2020-10-16,-0.16864569908231314,-0.0020852817779085236,0.15181208141991956,0.025004422859411332
2020-10-19,-0.16496040779247492,8.728154376555621e-07,0.4111645927519665,0.05480175568852504
2020-10-20,-0.16660151946196067,-0.0007098552401689072,0.690353192630468,0.06639655070692806
2020-10-21,-0.1546239877029246,-4.128748020098819e-05,1.0397016400015282,0.1023752998221721
2020-10-22,-0.13600268851015426,-0.004899401479490607,0.9190451207631927,0.09166628089553815
2020-10-23,-0.11095713057343125,-0.014334728784231743,0.5480356470539713,0.06767132259261167
2020-10-26,-0.09436844331321863,-0.06145480237253857,0.36644427094209137,0.03411358100029288
2020-10-27,-0.06207835144403101,-0.09854501322770866,0.30016783248015577,0.01990962689409069
2020-10-28,-0.030920548720412958,-0.10278925513704747,0.28128589015527394,0.018262081256818878
2020-10-29,-0.0199755627090314,-0.11123103035280196,0.24935192029088915,0.017628169126423888
2020-10-30,-0.016681647089211153,-0.17716391179603722,0.16383075367491637,0.0034842501706929528
2020-11-02,-0.0058892815055958826,-0.19350673168954607,0.1713135716514235,0.003608681651923738
2020-11-03,-0.00011707614433698112,-0.1828338345167091,0.1671111707555281,0.0046949145056184895
2020-11-04,6.176222530619633e-06,-0.11335182559912184,0.15029575282838917,0.0032270944272910643
2020-11-05,-4.2095441268629975e-07,-0.04971416162920176,0.1768277035035497,0.006808993791556436
2020-11-06,-0.0002185423733175771,-0.06605610375622778,0.11408342495585203,0.0034874736097422194
2020-11-09,-0.00028023238143609066,-0.0670187094933764,0.10142250764329962,0.005674767550379077
2020-11-10,-0.012629499937391719,-0.08208699355411336,0.05223523441560421,0.0068592575768603855
2020-11-11,-0.02743549437416153,-0.10528546669389216,0.00939118936460752,0.00525761776371619
2020-11-12,-0.04628811550291216,-0.12226454419156328,0.00011604323199273111,0.0018963227824563363
2020-11-13,-0.06258119342585376,-0.12072309788666603,-1.0707618743974581e-07,0.0003175667926978226
2020-11-16,-0.06016164675250525,-0.10377918107085465,0.000321357971785287,0.005184508998874251
2020-11-17,-0.06047238023389994,-0.09078109017136869,0.0009528009592312843,0.020786924654080118
2020-11-18,-0.08583197403403163,-0.08299495632203518,0.00026234161237320794,0.04674694961409454
2020-11-19,-0.12031190028073831,-0.09413484169748569,0.00011764808497473102,0.09975110846471892
2020-11-20,-0.1443196990519871,-0.09484351544300657,0.00010751308327128585,0.17834504857495165
2020-11-23,-0.15953520728510429,-0.08693041798525818,2.353705312637462e-05,0.2688059426275438
2020-11-24,-0.20632487041463796,-0.07736093549981601,0.0001685323501938605,0.37872729620850515
2020-11-25,-0.24869088641442338,-0.05767239001606735,-7.289485570603381e-06,0.46479470127556094
2020-11-26,-0.28873422342910854,-0.041857606939218805,-0.0018681146508172852,0.5576540722511364
2020-11-27,-0.33241349778112106,-0.034281200789615246,-0.023962371572303093,0.6629876223218774
2020-11-30,-0.39382695818623753,-0.03640437430356465,-0.07408801153825498,0.6527538828448654
2020-12-01,-0.4312553726459541,-0.034100910361221565,-0.09632418299623928,0.7038868394952658
2020-12-02,-0.4435082702223243,-0.03308407593501558,-0.11649714959277789,0.7637484611846999
2020-12-03,-0.4557738082279864,-0.04751425374127819,-0.0963546666725852,0.8220003051381981
2020-12-04,-0.4716323099788944,-0.09587879159241092,-0.09818193489169703,0.7805953400754669
2020-12-07,-0.4645647701727789,-0.19425366906462074,-0.0731101100040317,0.6622841647117347
2020-12-08,-0.40144940128125434,-0.21773233733514555,-0.03352221090673318,0.5552564030078615
2020-12-09,-0.3426682727302897,-0.16981360131585355,-0.019415303265157842,0.4050612127933908
2020-12-10,-0.3033092157159498,-0.14379467098877,-0.002684316997166544,0.3160123988812474
2020-12-11,-0.2488393919048211,-0.1443773091288281,-0.0006396055606026902,0.18577239971782672
2020-12-14,-0.19257806571096553,-0.12329752912289835,0.002833795111831024,0.1673264068800421
2020-12-15,-0.14621338717681595,-0.11209849618822322,0.051085340141689445,0.13784078876901432
2020-12-16,-0.09329552961819354,-0.0860053003261658,0.09947114702683732,0.10752418646708646
2020-12-17,-0.04633900524236763,-0.05638713156777937,0.2009569473214125,0.1089405348833355
2020-12-18,-0.010597203843453544,-0.031431339721239696,0.3589247219598867,0.06946773948034388
2020-12-21,-2.4719954896818316e-05,-0.0064058673685804925,0.6511946760904451,0.05612361333073171
2020-12-22,0.0018365955201886726,-0.0037175969996407422,0.7909411597512277,0.01836225595350512
2020-12-23,0.017153239557354323,-0.0032268987349844563,0.8607853776619604,0.005519699258204638
2020-12-24,0.060634811153514906,-0.004822135503894741,0.9238698800388933,0.0008865468188834268
2020-12-25,0.1718694587747156,-0.0026100843338596924,1.0622276048171075,0.0002618306347710351
2020-12-28,0.40112340354563636,-0.001690651037561916,1.2281966452781168,0.0011600487992914149
2020-12-29,0.4802655434993348,-0.000207122677788266,1.2536111318835657,0.0010292569981154762
2020-12-30,0.4767780133496018,8.889333825151728e-06,1.2823822546063326,0.0007511215388789263
2020-12-31,0.48958160767432335,0.0009899324018128963,1.3516167717286176,0.0047036228300618675
2021-01-04,0.5487368027834876,0.0018640904005512748,1.5041752878235535,0.026390907870023166
2021-01-05,0.5199541745835597,0.0008559527284202404,1.705270793504305,0.06320177147944357
2021-01-06,0.5005912671332535,0.0010112764200690008,2.1254538832214056,0.18454478116009168
2021-01-07,0.47744115535367626,0.0024404896740323817,2.610339721367096,0.4029389934618222
2021-01-08,0.4522183545621654,0.012876084819905965,3.163576703014649,0.6914696920244486
2021-01-11,0.26165897577502617,0.03556403311668864,3.5962514533874304,1.037994737140945
2021-01-12,0.15603588068326574,0.037686237624753656,4.221217448660595,1.4613323775638558
2021-01-13,0.10492427961053195,0.03155784328384682,4.626351973709121,1.8941999023415312
2021-01-14,0.044205135346039016,0.030191697311038664,4.332214979520842,2.098556591286702
2021-01-15,0.010229133552542465,0.008505857989743305,4.065987249755809,2.196030152850692
2021-01-18,0.0002239154002188409,0.00011657069755896957,3.800878755132557,2.217113045440402
2021-01-19,-0.0009377326183419307,-0.0003685738410415543,3.2459972107504917,2.1156423048382713
2021-01-20,-0.01024623289279454,-0.004704152242449544,3.2490409680521015,1.9854601036311406
2021-01-21,-0.020471104504459183,-0.00011856924945474863,3.3902629530826416,1.9481420133394614
2021-01-22,-0.035141097494391794,4.909232068669165e-05,3.7163796731514562,1.978512863286013
2021-01-25,-0.04907824524732586,0.0035527823706253078,3.8603888437719425,1.9951078651317922
2021-01-26,-0.043688112856973355,0.018052972844130655,3.9255931735366656,1.7876443468563532
2021-01-27,-0.06465675409678713,0.04708228962322857,3.590421074823756,1.4237901848109988
2021-01-28,-0.1005496888237739,0.03785977398170904,2.755426669636934,0.9240046982043905
2021-01-29,-0.12262351282868023,0.02431233736221716,1.8407216069388292,0.5270437988685287
2021-02-01,-0.10482628561811193,0.01505167208828716,1.239261979818561,0.2836784954765065
2021-02-02,-0.10143366784138444,0.035074263647728476,0.8750686378345579,0.14870803146497868
2021-02-03,-0.12628917680849644,0.09957405031912962,0.5284148807673663,0.048203133096935205
2021-02-04,-0.16492716268073146,0.18048513577080114,0.3028928336843666,0.006792407700442175
2021-02-05,-0.2034940033797906,0.32119846451853745,0.15436728475084932,0.00016057230426532804
2021-02-08,-0.19879369873491795,0.4588277357766097,,-8.554223257152067e-06
2021-02-09,-0.16093574933655086,0.5251012992686772,,-5.176799381766662e-07
2021-02-10,-0.11787216030717347,0.5666533292137689,,0.0006689122262446941
2021-02-18,-0.1190291910793801,0.5537168477995527,,0.010951469440352406
2021-02-19,-0.1247492422472678,0.5999367963828828,,0.03509509899119029
2021-02-22,-0.16415661294194384,0.5982204706605226,,0.03296915267442243
2021-02-23,-0.16206042736966741,0.4490502743720173,,0.06881129611446767
2021-02-24,-0.16528156986225837,0.22421251370349757,,0.06618838333779084
2021-02-25,-0.20094127842213963,0.1437294843334472,,0.054387968781015913
2021-02-26,-0.2438478369151313,0.019099686495655147,,0.017561351181186353
2021-03-01,-0.2956148421818776,0.0005852483256495399,,0.009331115849825471
2021-03-02,-0.34884608835123987,-5.942281330283679e-05,,0.0004925413436141829
2021-03-03,-0.39224425574408506,-0.00396401344733178,,7.42228311406196e-05
2021-03-04,-0.41579957448347893,-0.020173570718596802,,-2.4177888756184535e-05
2021-03-05,-0.4475009809255106,-0.05617628626645753,,-0.001119267918283135
2021-03-08,-0.47447795362646367,-0.09042275766840593,,-0.008039513380652423
2021-03-09,-0.4913308319983105,-0.1419566222506267,,-0.03837909273860467
2021-03-10,-0.4931450062245459,-0.14294479241663957,,-0.08149756978693355
2021-03-11,-0.476381231976453,-0.19753556307149756,,-0.14340270788810103
2021-03-12,-0.47098665213125074,-0.2528620145140598,,-0.21888731663601638
2021-03-15,-0.42389527662077325,-0.3383100438231715,,-0.3150386105315844
2021-03-16,-0.37337984237857463,-0.2984429207482191,,-0.38065278154737964
2021-03-17,-0.31866284925082794,-0.2402932047972764,,-0.44952278953471125
2021-03-18,-0.2509685749056179,-0.18529686711969556,,-0.5093020506967407
2021-03-19,-0.21439307954689565,-0.17305533460467815,,-0.585398286993918
2021-03-22,-0.17404366360108928,-0.13337201424621026,-0.7904196774239396,-0.6094991745749812
2021-03-23,-0.11263736866538121,-0.08153370380438348,-0.7569090653256638,-0.6017618644723677
2021-03-24,-0.06095544314701837,-0.03686685845388668,-0.7300473084300513,-0.5889780451940638
2021-03-25,-0.03770515115243202,-0.017310160293486258,-0.6882727637634306,-0.5681645071570647
2021-03-26,-0.024929482800072438,-0.002753074613726978,-0.5977658193729924,-0.5150714920834154
2021-03-29,-0.00917349508313265,-4.114802433130956e-06,-0.5070528482293267,-0.4555459660122861
2021-03-30,-0.0016811084563088984,0.0005706472288670463,-0.38478127075443896,-0.37279805929978377
2021-03-31,-0.00011543759926623723,0.0018255887475851324,-0.28292238203152387,-0.3239176247685824
2021-04-01,0.001276894839371228,0.03167256713542611,-0.16049010975537614,-0.2357299207082727
2021-04-02,0.01946344191869147,0.05333515457804676,-0.0672756149368145,-0.1522833261141087
2021-04-06,0.05382434852546884,0.14775602498340687,-0.011528944266741413,-0.08537151084224394
2021-04-07,0.06861756392662308,0.35619566073037956,-4.4262522491221815e-05,-0.047182172892145546
2021-04-08,0.09614138197251788,0.6660314519678431,0.02299703525248825,-0.008194437795310467
2021-04-09,0.10556470533336905,0.8023006820626151,0.09913682109996874,-0.0012714683032190683
2021-04-12,0.0816894574512919,0.8736227933102895,0.2565069168977662,-0.00012160213666114999
2021-04-13,0.05042542826065998,0.912664058262833,0.270182243724869,-0.0020801916165693484
2021-04-14,0.0379226458266907,0.9274812078318925,0.23960454842563184,-0.01367355438014172
2021-04-15,0.03556287982579019,0.9905085046883316,0.2302598487905501,-0.041344438592715374
2021-04-16,0.05967751578774991,1.1232285591594593,0.28916850910711617,-0.03976892916782932
2021-04-19,0.06713592329119097,1.2848768426853105,0.5101768173271644,-0.015867404360142005
2021-04-20,0.07171480628777784,1.2714453127735559,0.5394654313607803,-0.01056905969012979
2021-04-21,0.09579909855869505,1.314299741313935,0.6117452089739074,-0.0038281619816930403
2021-04-22,0.13264530701567706,1.3873423406848358,0.7493277405840836,-0.0007920512127633562
2021-04-23,0.19746331957631374,1.3894625749978913,1.0697979308170822,2.998484366364205e-06
2021-04-26,0.22974396947060371,1.186814979623309,1.1521935121015896,-5.019820199538329e-05
2021-04-27,0.23749302390326937,1.0760777834162545,1.3061124172349619,-6.225243594708265e-05
2021-04-28,0.23250982635567435,0.9658687750514001,1.4521910810755376,-0.00012031683536898365
2021-04-29,0.2271996539286798,0.8533055889676732,1.4641290424111655,-0.0007937870301016576
2021-04-30,0.20760760778410162,0.620181721041379,1.5277411198969189,-0.007074307761491725
2021-05-06,0.22728241971870944,0.31713916702270156,1.5709685675933063,-0.01487660539202143
2021-05-07,0.27201918393234437,0.11706234267028741,1.2638013076422001,-0.02742978596755967
2021-05-10,0.2761927350128053,0.028999120898198463,1.0730285655086547,-0.033488006812773655
2021-05-11,0.25290204923199017,-1.1972350428298722e-05,0.8472048349523479,-0.0401037088283956
2021-05-12,0.2562786032677303,-0.019857484704859495,0.8277277100851229,-0.02828786213726723
2021-05-13,0.2854923824618016,-0.0998993587966311,0.8307257297320892,-0.02054345228099914
2021-05-14,0.30064656557701924,-0.1772069873910573,0.9425403327106049,-0.0036372879635909365
2021-05-17,0.3486795450756587,-0.25610372847524127,1.0921253326184144,4.060926089061597e-07
2021-05-18,0.4141055617396176,-0.30284196659554846,1.2264412076262021,0.006712634165042394
2021-05-19,0.5085471113787234,-0.3665148526647485,1.263616564528829,0.020205267913947843
2021-05-20,0.5671848594878991,-0.4037237401421218,1.1739385180051152,0.027673077399302328
2021-05-21,0.5690324262454908,-0.3980634739580411,1.0171621448190113,0.016088444760887492
2021-05-24,0.6104751165188038,-0.37008496122689105,0.9613170924268674,0.012427317694091035
2021-05-25,0.612493622171521,-0.31363914023652467,0.970247993102967,0.0246295894770783
2021-05-26,0.6825202189466728,-0.24413160163140463,0.8897242749987038,0.04490311578092474
2021-05-27,0.7588249892566014,-0.18627758713090387,0.9738889289214905,0.11777132246142415
2021-05-28,0.7097325197759291,-0.1500277349844991,1.0075142788708615,0.20849804838539468
2021-05-31,0.748125103541005,-0.12823436875130367,1.150266218736714,0.32713499389676837
2021-06-01,0.8083116185136014,-0.0902761243735216,1.2988524077203083,0.441409404195989
2021-06-02,0.7293414850133075,-0.075256302893545,1.4449125354495678,0.555653615948199
2021-06-03,0.5763605436036789,-0.04656746353181622,1.3750091290346351,0.5564346522639531
2021-06-04,0.36419416812199407,-0.024051655353546444,1.4188674013651574,0.5675964610445436
2021-06-07,0.21980410162476316,-0.004013730811221019,1.5699439326267792,0.5822381736903244
2021-06-08,0.13170542527065304,3.052671906480474e-05,1.6448823854249397,0.6114095381718737
2021-06-09,0.05727276966693138,0.015908252964353352,1.8122200925886338,0.5855574856284547
2021-06-10,0.017476924563389246,0.044927559495444885,1.8679695715068234,0.528457570701309
2021-06-11,0.007603851493809359,0.1144813886533287,1.6665289970342425,0.3803371020206519
2021-06-15,0.00016749014780048323,0.30940716153213094,1.3402315842177872,0.19983011719390342
2021-06-16,-0.0007578505227506879,0.35933265460270103,0.6968308982237431,0.06712438194896414
2021-06-17,-0.02059195033881889,0.3909271985189267,0.41088223180488054,0.018231076750663384
2021-06-18,-0.09482581398174016,0.41136737904618087,0.24570446067426752,0.00014956872991193898
2021-06-21,-0.1907893018348125,0.4354050286718193,0.17509458123682173,-0.0014503253540172308
2021-06-22,-0.26283438844040335,0.5143047739577105,0.15093357210800645,-0.008764669943119125
2021-06-23,-0.3118597406766242,0.6466193786123762,0.1354628259233229,-0.022470742722531134
2021-06-24,-0.35426081035845547,0.6752124472008975,0.09925377077554703,-0.049916203101780035
2021-06-25,-0.3924475087321664,0.7016660197655903,0.11226430887770451,-0.05671077287909307
2021-06-28,-0.417616129148667,0.822285223982697,0.12637611171732674,-0.10253345259971121
2021-06-29,-0.4329551204570949,0.9233403473226771,0.14077512141628834,-0.18958071069088492
2021-06-30,-0.46198937618839214,1.1542424075964361,0.2507377493694823,-0.15848545197217856
2021-07-01,-0.44092914487888546,1.360108969116578,0.3297424120791667,-0.12405214226545022
2021-07-02,-0.4188311216995706,1.4915635849432909,0.3184609594668609,-0.12706404144901373
2021-07-05,-0.3934420644156606,1.6524838572250022,0.32629571657290346,-0.12461458795503277
2021-07-06,-0.32083236447626484,1.7604753937097182,0.35998275354783515,-0.1160189230105984
2021-07-07,-0.2428329718823245,1.878850005822664,0.5326133363545764,-0.08701918363644266
2021-07-08,-0.1873430672426161,1.8857979758348073,0.634715042944807,-0.08073772964100809
2021-07-09,-0.13369909132837862,1.8399708130415686,0.6320343454235413,-0.08397135072470988
2021-07-12,-0.1050996170676156,1.7394943766160142,0.8349168072545166,-0.06609762946178875
2021-07-13,-0.06253733202001162,1.6828769081578339,0.974972312634887,-0.042823523152391726
2021-07-14,-0.02535870357646711,1.5960207007292642,1.0045187084779568,-0.04301122433065057
2021-07-15,-0.0028465001072654245,1.489148687484326,1.0578155975774062,-0.0187788073892875
2021-07-16,1.55347276135373e-06,1.2633879574003668,1.051155942451767,-0.007879920881236908
2021-07-19,0.008873573242906729,1.028661278387144,1.10633710963063,-0.0024448034426361024
2021-07-20,0.05353797806755932,0.8439047851717405,1.0472463357578454,-0.0021684186552600906
2021-07-21,0.16456673429280116,0.6797813506157655,0.9336266249783981,-0.00306863106733728
2021-07-22,0.1887007271203404,0.567120154533309,0.8340995977512926,-0.001429579295149484
2021-07-23,0.1769080439647355,0.5356163833915235,0.6518363986326274,-0.003056449767541427
2021-07-26,0.17303844966237028,0.5134813412825762,0.3485861662199274,-0.03314516308088663
2021-07-27,0.14259857107596394,0.48414060302779605,0.05857004062411244,-0.08740289049955624
2021-07-28,0.15461036268457262,0.4391476281846582,0.006406612143947896,-0.152350742549522
2021-07-29,0.15407833215374983,0.39689364327537546,0.0011078420071184885,-0.20816001665261166
2021-07-30,0.15420978666860394,0.271342320637236,7.334727908519048e-05,-0.23223568050868096
2021-08-02,0.11566577795536863,0.2237045596128617,0.00047545928001520966,-0.2287082419504254
2021-08-03,0.07419939668827383,0.1792563339830585,0.00048715763929611604,-0.23234262287247617
2021-08-04,0.037044132903549944,0.16905223582200216,0.008278250998090752,-0.21024105577805446
2021-08-05,0.016464619005655705,0.14473715785329738,0.02032404756113328,-0.18334002223874746
2021-08-06,0.001410864354039171,0.13482328306298363,0.010588418237550185,-0.20252146465086054
2021-08-09,-0.0043013014644414675,0.13150949557809294,0.002985794201486446,-0.1878543657825537
2021-08-10,-0.025748566188010847,0.13684786349698738,2.097901037940949e-05,-0.14866637167093455
2021-08-11,-0.06272596107059314,0.14248807190653576,-5.9484583956520334e-05,-0.10872519005856157
2021-08-12,-0.10382037096561497,0.12855260412590838,-0.002036743620485112,-0.08724516912595047
2021-08-13,-0.13803304208120432,0.11821361544302399,-0.014730838195248598,-0.07855953478091961
2021-08-16,-0.16056732474939894,0.1288572396479788,-0.023266024852518462,-0.058805582795238086
2021-08-17,-0.1445259808892479,0.1495822702082859,-0.0472485517052316,-0.053400279228406504
2021-08-18,-0.12456438922528874,0.1455070263425932,-0.07405830145841998,-0.0471925536681705
2021-08-19,-0.09736453476308889,0.08182484907221566,-0.08212275137595505,-0.03394402064075103
2021-08-20,-0.06951223622502258,0.04597264181481962,-0.14016699214458878,-0.03888481045851069
2021-08-23,-0.059999372823706924,0.035182369445265475,-0.1612864372767663,-0.029859239842164566
2021-08-24,-0.031141605909321635,0.03511666209901278,-0.16393074224327084,-0.01360778351135496
2021-08-25,-0.01916610123287147,0.036359024108053875,-0.12206193900972673,-0.0018093730249193788
2021-08-26,-0.01721708315702063,0.04367376950639006,-0.10933956849541668,-1.78147828658288e-05
2021-08-27,-0.0068501048032862995,0.062036143514837695,-0.11324797571245565,0.0010669963587618798
2021-08-30,-0.0010255735852705173,0.1339454076338915,-0.14835894058735388,0.001438918597701269
2021-08-31,-9.87830980835003e-05,0.24319312503025056,-0.30769859125203075,7.053402343186322e-07
2021-09-01,0.00010678680582819183,0.3135760374729524,-0.4733034835673582,-5.265878340402485e-05
2021-09-02,0.0036550195540114854,0.3952289547623338,-0.5123504742315689,-2.5256308962160933e-05
2021-09-03,0.023143108059202475,0.38571665687362894,-0.5676644466884284,-0.0006805548009311947
2021-09-06,0.05775523953638713,0.4266235807652644,-0.5320539223413359,4.828949598638835e-06
2021-09-07,0.10762939508985431,0.4465107371010406,-0.486805813863504,0.0021643413735402276
2021-09-08,0.14991391261036918,0.4790129978798296,-0.4254326744589494,0.010851131958200333
2021-09-09,0.1838033652591591,0.46545538141822945,-0.3594891819068851,0.027840033317328546
2021-09-10,0.22013309538785794,0.4611046215973628,-0.2879222076506597,0.05638077056001226
2021-09-13,0.13492338117459407,0.3913167367534035,-0.24609357150543665,0.11081399067802777
2021-09-14,0.06631658988231984,0.30873582189002785,-0.16847169440907103,0.1835263329395928
2021-09-15,0.025367345657341667,0.2076813745260293,-0.12132984577542844,0.21559377272283525
2021-09-16,0.002153158470861088,0.13653304093638607,-0.11334704177736851,0.20701811003324092
2021-09-17,-0.0011218702373813755,0.09887646228027601,-0.0828158955883018,0.2118671160071121
2021-09-22,-0.009261063235088436,0.028124896563969878,-0.07710019097384366,0.1966876279361988
2021-09-23,-0.02418671068130688,0.008290463249279427,-0.09755903523979209,0.14206569254633722
2021-09-24,-0.049354571908325214,0.0006331009898293865,-0.0861292849447524,0.11539940116785134
2021-09-27,-0.08776572544750963,-0.0007644671869901135,-0.0569353273519104,0.07719894678542083
2021-09-28,-0.1320850039691744,-0.03481720728643405,-0.07070561906994818,0.034314851579361365
2021-09-29,-0.1875100022952597,-0.11445260703150717,-0.05602294186896145,0.00933006461656347
2021-09-30,-0.22269537822986546,-0.17469576559940994,-0.015541388094557216,0.002451392452772027
2021-10-08,-0.2518948605616721,-0.24314458968462452,-0.0005345658346488516,0.001839528715664565
2021-10-11,-0.3019116199832808,-0.3271095770056772,-1.5682458138400623e-05,0.00010199118578051577
2021-10-12,-0.29751378274108936,-0.41219209298636106,-5.962398708578366e-05,-0.00015294467891759902
2021-10-13,-0.2814583385811421,-0.46862223908742157,0.0002002276683585878,-0.002971333690214966
2021-10-14,-0.21419273054575347,-0.4675234558891277,0.0005765755547682118,-0.01739390235239849
2021-10-15,-0.15916424979521518,-0.43266309995863,0.00480865634739637,-0.020163077790679784
2021-10-18,-0.14526478273246413,-0.3955351945911719,0.0052586532264255175,-0.03341862053854094
2021-10-19,-0.11831824027810435,-0.32096478060680145,0.002963574900686864,-0.040743838909246065
2021-10-20,-0.08924490385289066,-0.23816581925517186,0.015214055644102033,-0.028893110445871246
2021-10-21,-0.0541958814583988,-0.161007689566423,0.04613417943640146,-0.009001488241605635
2021-10-22,-0.029947489162247994,-0.0890209332293911,0.08441799110216679,-0.0006438214006862182
2021-10-25,-0.018384644067462916,-0.0469752917443308,0.1672816551245948,0.00034059720545194153
2021-10-26,-0.00430122791897474,-0.01171845697847976,0.27834924527922733,0.023663555548247155
2021-10-27,-0.0015038726385019022,-0.0011160858661816654,0.32270852163071906,0.0971435744990433
2021-10-28,8.338550378024157e-08,7.267698564074263e-06,0.40842263681319224,0.11933478994368635
2021-10-29,0.002164403082761383,0.00262803523360243,0.5153387359496086,0.116133994691523
2021-11-01,0.006193320236038183,0.03274965652950782,0.47557988433839893,0.075774020773401
2021-11-02,0.00928587081450547,0.14062857771610723,0.5081241248781386,0.029556200017079644
2021-11-03,0.024376834641887984,0.2406313016208847,0.4723822258090241,0.0028736607482399636
2021-11-04,0.019681700526629185,0.4475626720875392,0.49313613627104413,0.00011271076269853539
2021-11-05,0.027809495752092996,0.7712518933467286,0.5172732113604398,-0.00030482638948669546
2021-11-08,0.052894506396821306,1.2460318006226307,0.6034730076841822,-0.004640490140600877
2021-11-09,0.06658985063903468,1.5986386580139873,0.6716796617767009,-0.0130650707426304
2021-11-10,0.07387709331135382,1.718697019419891,0.6655790238894267,-0.04441564687266112
2021-11-11,0.08678953572350308,1.7357911357830784,0.7890508585103423,-0.07466527755044366
2021-11-12,0.12734860742705856,1.6850467562730316,0.8765912623225426,-0.07460945961857994
2021-11-15,0.15408375594556575,1.6040623172679478,0.8134529088242006,-0.07162155570675852
2021-11-16,0.20185892120339333,1.380589328555439,0.6723893359619382,-0.09171236801594781
2021-11-17,0.23847378567482366,1.2155440518538807,0.6277444054508423,-0.09245290850396454
2021-11-18,0.3480971837728391,1.0972280944488075,0.5042739579280316,-0.11776641321846917
2021-11-19,0.451597451139053,1.096919204881676,0.5033142271110246,-0.10574537472910243
2021-11-22,0.4274856956125399,1.0709242027972825,0.5536296080640193,-0.11777558692693199
2021-11-23,0.3086569320474213,0.963568107528734,0.6154142353163412,-0.09591941164308362
2021-11-24,0.1768093787058647,0.8556185611334867,0.6313545833105009,-0.07929373000444848
2021-11-25,0.09577968619784055,0.7606575841303397,0.6197503874154919,-0.056516495057991244
2021-11-26,0.059014391758082534,0.6009886583070708,0.5972464191094234,-0.039943269245644016
2021-11-29,0.025511536806548663,0.41729480913690403,0.6720252281821579,-0.022217763817881295
2021-11-30,0.008700111980307724,0.3053587503755547,0.6974162880062782,-0.012836523055558123
2021-12-01,0.000449280362552991,0.2041258830963769,0.6430754414553818,-0.007105390615910983
2021-12-02,-1.7428579614528536e-05,0.06138460192333248,0.5315500845465657,-0.0030668288566295314
2021-12-03,-0.003122159004472777,0.005286554076380317,0.5160030033459907,2.6489325399602378e-05
2021-12-06,-0.015851187403879686,-0.00021568198277094867,0.3170783041148967,0.0055369015670628805
2021-12-07,-0.03738264086793913,-0.010169800049418318,0.1350640169154607,0.019664568102521655
2021-12-08,-0.08436853043213548,-0.01811139787419938,0.06400042581028896,0.04150196566952889
2021-12-09,-0.18040124256928294,-0.0196036381489063,0.04546404807242631,0.09663167547104971
2021-12-10,-0.2588382770703953,-0.018220322985760165,0.030131471011180397,0.15093024921558695
2021-12-13,-0.2916406464808383,-0.010156316157211086,0.028750133905096942,0.217303542503148
2021-12-14,-0.3080833398063672,-0.011339194763708238,0.030455063684368146,0.26673374158437585
2021-12-15,-0.3450130158599756,-0.024684233375774856,0.019960754048601148,0.26671723152101995
2021-12-16,-0.3161135146523128,-0.027217810260739286,0.02382030621775754,0.3349113079460601
2021-12-17,-0.24053665308418415,-0.06813086375441807,0.01290602823975767,0.3376820017037016
2021-12-20,-0.17589271172532586,-0.11182355658012866,1.6523986070531484e-07,0.2744781011108155
2021-12-21,-0.1280471915101838,-0.15752953939698255,-0.005133428666499752,0.23909538601471186
2021-12-22,-0.08994979852930303,-0.17428860562258203,-0.02137702887860946,0.18537407267552258
2021-12-23,-0.035593380899084086,-0.15196807692500847,-0.07234602300399441,0.1326762870724225
2021-12-24,-0.004301740798904588,-0.09415087106325198,-0.15015305316762273,0.10012954704448797
2021-12-27,3.0721884255776016e-05,-0.039266283177982655,-0.18232791315121863,0.07133286424128046
2021-12-28,0.004505844136158773,-0.008031884129907784,-0.20381733663756846,0.06404769286274808
2021-12-29,0.012528810432122487,-0.000222974894182447,-0.24911985893323543,0.03388860983421693
2021-12-30,0.018316857017955556,0.0004872241829156315,-0.2687834739707834,0.018616599227512333
2021-12-31,0.05644831733079062,0.005438717706937822,-0.2848927493172227,0.006347143823262879
2022-01-04,0.08584700788323155,0.022534761553105583,-0.3075018114012314,0.0004607929841326705
2022-01-05,0.12320578015202359,0.03771473273641618,-0.34220088836342205,-0.0006827202976139325
2022-01-06,0.12347681140138617,0.02211647622028967,-0.3888583622049797,-0.019565386389553095
2022-01-07,0.08151026051111722,0.006013220536413062,-0.44045780749316427,-0.07864901500337779
2022-01-10,0.049413550002214895,0.00016974640370117549,-0.47989498518706536,-0.13834550526838807
2022-01-11,0.055649228170588996,-0.0021913012089881793,-0.5599898094780592,-0.230961199813694
2022-01-12,0.06434203502002285,-0.00885473405301168,-0.6337764001282516,-0.28028723393419946
2022-01-13,0.07877040958556983,,-0.6809830146104654,-0.3096872341987472
2022-01-14,0.07804530263008974,,-0.6904790146464336,-0.3168120228201447
2022-01-17,0.05878826709188779,,-0.6569187091972757,-0.32552681320931964
2022-01-18,0.045176689464232596,,-0.6193296573066889,-0.2996216387898068
2022-01-19,0.031147105218141746,,-0.6030047932555761,-0.2798761267104987
2022-01-20,0.025788222805070538,,-0.5878099194865951,-0.23511557457907994
2022-01-21,0.02619343488483476,,-0.57347820598546,-0.20242451297528752
2022-01-24,0.042854899485497054,,-0.5501419843770946,-0.18587244506680656
2022-01-25,0.06286725095812805,,-0.5792528833399049,-0.22889736371781338
2022-01-26,0.06595250817406963,,-0.5821857647808217,-0.23902802292683795
2022-01-27,0.020668200613091884,,-0.5937103533284543,-0.2697876716523975
2022-01-28,0.005373454165470472,,-0.5961542761455286,-0.2918596257080765
2022-02-07,0.0032013263389472474,,-0.6083150600897246,-0.3024716756486195
2022-02-08,0.0035488170759008304,,-0.6282747429210626,-0.30673096825419266
2022-02-09,0.008653651401079192,,-0.6241421472009177,-0.2754781160750567
2022-02-10,0.012896272663337508,,-0.6338892359919418,-0.2605026523359086
2022-02-11,0.007649224228761783,,-0.6369002496200213,-0.23776055922900347
2022-02-14,0.02572917200914523,,-0.6383719631689895,-0.2296931967389056
2022-02-15,0.0508436801253328,,-0.627211114486761,-0.20388926397956597
2022-02-16,0.06987336657258501,,-0.6326015655694803,-0.17579015553355676
2022-02-17,0.09071054018743806,,-0.6310726955615243,-0.15793366930794528
2022-02-18,0.10845659725184058,,-0.6358813555677335,-0.11903216276425116
2022-02-21,0.12331695251380032,,-0.6452050671428232,-0.08458769125214116
2022-02-22,0.17659461376762053,,-0.6788855690935256,-0.07824656002426528
2022-02-23,0.23493604155207026,,-0.6276808040716829,-0.04686165796733653
2022-02-24,0.3492778523880989,-0.34613753464415586,-0.6184089044837622,-0.05581035587820059
2022-02-25,0.4405936828342507,-0.3288064008500677,-0.544639758795463,-0.07468962822820743
2022-02-28,0.4827052997217455,-0.300122006261723,-0.43311312057161666,-0.08461932410411166
2022-03-01,0.5004034259742205,-0.23057140875920268,-0.31308324974948004,-0.054982194110710765
2022-03-02,0.5508108591403322,-0.1985376001377471,-0.24432554341210028,-0.03872523376560449
2022-03-03,0.6568860870984222,-0.13563746223479636,-0.19625184719566835,-0.020175547601636656
2022-03-04,0.7676098380788233,-0.12608172844737908,-0.17243401452855595,-0.013938952210341925
2022-03-07,0.9337732191004104,-0.14699796984340854,-0.17519353808053428,-0.02093039763820454
2022-03-08,1.1840201297153157,-0.224285507902624,-0.20021719727083312,-0.054192463119918224
2022-03-09,1.5070100619099445,-0.30284659274013015,-0.21570698250801856,-0.09192412897000668
2022-03-10,1.489004575208548,-0.4026581921243981,-0.23881004011038032,-0.14720773289470787
2022-03-11,1.4106963051793766,-0.47499137238438727,-0.23620380088591653,-0.24911620959269826
2022-03-14,1.294349968876711,-0.4801200089927073,-0.25637896944774263,-0.3283361166422607
2022-03-15,0.9958331563612556,-0.5055894420897107,-0.318225442404603,-0.4012996298769625
2022-03-16,0.673247377228288,-0.4480095784254428,-0.30821886777961666,-0.4589562213294733
2022-03-17,0.4945740359517121,-0.3062495822376935,-0.272553415856967,-0.490356664703206
2022-03-18,0.32739644562425246,-0.1959097356086011,-0.27403003536715126,-0.5054078057581372
2022-03-21,0.21623858218938044,-0.09115343719032655,-0.2835799543340686,-0.536163158287766
2022-03-22,0.16394061131704685,-0.02869843702892545,-0.2628014985865013,-0.5413470723846046
2022-03-23,0.07742683806373352,-0.00024764803859995065,-0.22208315101969675,-0.5243782221586779
2022-03-24,0.044133361144853445,0.00393763091821945,-0.17729352575831955,-0.5051594359808977
2022-03-25,0.03167595238821447,0.06289621517450227,-0.15999170680661862,-0.49248047445762927
2022-03-28,0.012986894192744911,0.2397702744213165,-0.17039122282361704,-0.47433949713690654
2022-03-29,0.004367093565856463,0.4346820220589534,-0.19087939486702996,-0.4663403657623116
2022-03-30,0.0001437238164548172,0.8334217494466153,-0.1280528639424558,-0.3941770085490535
2022-03-31,2.177360914631342e-07,0.9074509969504088,-0.10547982014457388,-0.35328371855618274
2022-04-01,-0.00026988244586008387,1.1570837609521998,-0.061212985081953684,-0.2727559258082177
2022-04-06,-0.005247272690852955,1.3754104494907793,-0.028596898821961248,-0.19784156497094355
2022-04-07,-0.023026138278205106,1.6645280000014964,-0.011573527481411904,-0.13377544095625585
2022-04-08,-0.038963019564622094,1.837298378956398,-0.00389236655315451,-0.06841404660536694
2022-04-11,-0.05360744842353678,1.8979374177829427,-0.006374020698203322,-0.03905889748617615
2022-04-12,-0.05728546823719586,1.4905269003710437,-0.006111681154282409,-0.010424776710844307
2022-04-13,-0.02818686786857385,1.0321644978695705,-0.026700782347852888,-0.0029162825807159355
2022-04-14,-0.0029370918597989805,0.6166821910187898,-0.07598498329492058,-5.4267741003760367e-05
2022-04-15,0.002457760575366792,0.2470390871213023,-0.16430545180187442,2.034525834885534e-06
2022-04-18,0.030729699348057842,0.08319371994082132,-0.2138711661067289,0.0005235086942334927
2022-04-19,0.10401728847179458,0.020187238954826357,-0.2536333116996939,0.0028122492996354373
2022-04-20,0.16650673258839735,0.001091725167477122,-0.3881838276532857,4.091895851771639e-05
2022-04-21,0.18229359973935585,-0.0019800368448975162,-0.611114050286044,-0.022317971218987882
2022-04-22,0.17367572595373137,-0.03712394612409306,-0.6950663259344547,-0.07971839712664554
2022-04-25,0.1736557691231567,-0.12707400858081774,-0.7163905484385201,-0.14331017669073037
2022-04-26,0.1411604536678911,-0.24293949003942064,-0.7418313169191184,-0.20213048950535048
2022-04-27,0.1048288401031404,-0.3575739298374079,-0.7547075658593084,-0.2554304796321147
2022-04-28,0.08635081106584531,-0.4553521764095414,-0.7786412579759987,-0.2925739839763656
2022-04-29,0.08155602296785637,-0.4661854054805498,-0.7548266899946624,-0.2882712028880864
2022-05-05,0.09323877978876538,-0.47201394424081433,-0.7367140716300971,-0.2839008243316293
2022-05-06,0.1231137331198684,-0.4978053803893506,-0.7375237386910253,-0.347139641357768
2022-05-09,0.13384121429183915,-0.5356451932751585,-0.7524595932696361,-0.41339226724354383
2022-05-10,0.1001064160729849,-0.5452028371840523,-0.7378695193768167,-0.4667178473252854
2022-05-11,0.05230454782606583,-0.53555755994312,-0.6441413921536024,-0.4457377091544934
2022-05-12,0.032445225280251774,-0.5383809149759036,-0.5419944806534315,-0.43364229364980805
2022-05-13,0.010250324922585478,-0.5349433358189456,-0.4237513243171258,-0.38313601646378614
2022-05-16,2.2951129490814414e-05,-0.5140232770200758,-0.3249540318386809,-0.3416991923491017
2022-05-17,-0.0018523552960304415,-0.4940594434415582,-0.21362307173350376,-0.28363768700498054
2022-05-18,-0.029758011176842302,-0.4492435074712288,-0.11675391245549252,-0.2204708508695802
2022-05-19,-0.06903219639814086,-0.4733708085509062,-0.05962851613957206,-0.18775592069844943
2022-05-20,-0.09253010521643228,-0.5161685326464658,-0.009591267310606996,-0.10356153377711826
2022-05-23,-0.10108239487076481,-0.5321026943212842,-0.00011276965515806706,-0.05348012124421832
2022-05-24,-0.09941901590626616,-0.5440205605361491,0.0002063213065960291,-0.023953624175981365
2022-05-25,-0.08459319780368851,-0.5815449369000804,0.00723396163250585,-0.003981115420065875
2022-05-26,-0.05186553464862092,-0.6137156163335692,0.06031733670835996,-1.5266732480264308e-07
2022-05-27,-0.0271383351272406,-0.5612831332567455,0.21209380126755972,0.005307894641062047
2022-05-30,-0.03844016463970002,-0.41008110996531866,0.3681170057151745,0.0440072909619682
2022-05-31,-0.03145778124021691,-0.2825690389341955,0.5597305041073538,0.1338227040712796
2022-06-01,-0.027510875511922057,-0.18011423047563768,0.7752705219282511,0.30271968851097336
2022-06-02,-0.021588182801847083,-0.13831989835957714,0.7388320403785925,0.29377579296664696
2022-06-06,-0.029089566419444487,-0.0770149407186743,0.7546780046391814,0.2794332537488141
2022-06-07,-0.04201308883395651,-0.053803585550743604,0.9718232191926257,0.31003441467849585
2022-06-08,-0.04878343400215237,-0.018709212753240518,1.0850170195623654,0.38513166973795937
2022-06-09,-0.029000104922174797,-0.0016815713614327216,1.2828238467171025,0.5598385657718409
2022-06-10,-0.02074304219034824,0.0001464335537876667,1.474642520685102,0.814116755848371
2022-06-13,-0.0026720038088144794,-8.945302138747783e-07,1.4647568537152718,0.8144706794824564
2022-06-14,-0.0007675566262304408,-0.0009474994879513395,1.3649337998402558,0.8204681862846369
2022-06-15,-0.0012978790884644515,-0.006001641134966014,1.3729374952298512,0.9073575757855733
2022-06-16,-0.0022770532227002842,-0.015179098737388024,1.578175436014746,0.9904165470899806
2022-06-17,-6.921846832071939e-05,-0.055281110444403814,1.9643900122317208,1.084354255446306
2022-06-20,-4.5193410691582785e-05,-0.09185337747435945,2.488495127560233,1.1768649420359552
2022-06-21,-0.0012131278149031311,-0.10592634397853778,2.8013756229581017,1.1944154394469753
2022-06-22,-0.0022964670281049406,-0.114225295721109,3.1568771195722274,1.1618145194462792
2022-06-23,-0.011816798458461753,-0.09568783421573927,3.746778491449638,1.1811311279396277
2022-06-24,-0.03559777220241129,-0.10827523513813328,4.631078304905932,1.2331236134783627
2022-06-27,-0.042809886927965654,-0.0945889544774839,5.901266329629674,1.4550160458768018
2022-06-28,-0.058190236791990764,-0.0886780812952728,7.077940396862411,1.6492019464213263
2022-06-29,-0.07342808721200675,-0.1528751738931946,6.575032699065375,1.5971125661177488
2022-06-30,-0.08512312244262982,-0.2305375520554491,6.236278450011616,1.6171373487320497
2022-07-01,-0.09729097197002529,-0.3119298837401194,5.4028056199588415,1.5772071433498824
2022-07-04,-0.09450634691317539,-0.3222946356829188,4.793446371909814,1.5290654973134414
2022-07-05,-0.10470643859574526,-0.25630190632076966,4.124783763628042,1.4644780306334184
2022-07-06,-0.1317554706162791,-0.1855009136340829,3.556148937696317,1.3130396500776875
2022-07-07,-0.1838410404484946,-0.10170371146634077,3.2078181584351744,1.100766174237588
2022-07-08,-0.2256530988337736,-0.039212375275576535,2.720711553598656,0.8898707918874273
2022-07-11,-0.2732666782355405,-0.009230173041722495,2.3473164869459344,0.6125452349207151
2022-07-12,-0.32941372209709424,-0.0013522441895259451,1.6488635495538086,0.3758775380430628
2022-07-13,-0.37305028995258077,0.0003942324816399976,1.27094650559465,0.2145642505836274
2022-07-14,-0.4046652116416403,0.019193499257797588,0.968532033304917,0.09258602545615338
2022-07-15,-0.4459038694336622,0.11882051012887536,0.6477437164089352,0.021571960171703937
2022-07-18,-0.4456167532961446,0.1715654663841847,0.4333689234457344,0.0016131610787567035
2022-07-19,-0.4730288675162123,0.169571015671008,0.20437825478093175,-3.3985047549203304e-05
2022-07-20,-0.5049583567265461,0.2449791211524875,0.07708851083954911,-0.0014854643074168157
2022-07-21,-0.5318929440288179,0.31114938194620817,0.011602442006998562,-0.01690711140548937
2022-07-22,-0.5098374372463511,0.35460701464586203,7.919605523707154e-05,-0.04138684812337317
2022-07-25,-0.4767868457773457,0.36230555967764516,-0.0018940038876805398,-0.08842819526262706
2022-07-26,-0.43442484166707407,0.37288223171502327,-0.026317416744272158,-0.14025341447826828
2022-07-27,-0.3926411259593307,0.35365534632846557,-0.1303408957619265,-0.2662231007907067
2022-07-28,-0.3126060458088593,0.44317389218998127,-0.2013826261406248,-0.3539429246757687
2022-07-29,-0.20096560956561604,0.6781787709823293,-0.23265079557179708,-0.41524092656105127
2022-08-01,-0.10689038566555348,1.095293076449084,-0.21270468237457063,-0.4448580198688605
2022-08-02,-0.034438251286635004,1.477493819956311,-0.21704253654297495,-0.4634915803152
2022-08-03,-0.005411971087272563,1.5920954870167576,-0.29966532407726215,-0.5013538043189891
2022-08-04,-1.3308134257166843e-07,1.7621992639640356,-0.3290836791844707,-0.49927907171643693
2022-08-05,0.005560433156033927,1.8870371954548515,-0.35388437168785364,-0.47320637439507124
2022-08-08,0.051550195720838056,1.9557446316182991,-0.33840522479061635,-0.4383353861924875
2022-08-09,0.20778382330096717,2.019598717785137,-0.3056987666966205,-0.39596501612178586
2022-08-10,0.37047723700228813,1.9331900631755166,-0.3036630028141069,-0.3804726791124713
2022-08-11,0.4564989328076129,2.202523553742735,-0.21065363543573212,-0.3066784400369979
2022-08-12,0.5482402915214061,2.4141328373372435,-0.16781151925270804,-0.22532561617598454
2022-08-15,0.6387444347335145,2.626581351564217,-0.12312951383301472,-0.1727814730005365
2022-08-16,0.7129643655774747,2.696483857825772,-0.1207037834908404,-0.13819304351247003
2022-08-17,0.7011815847120593,2.6924856558815704,-0.05671772436028076,-0.08950660858060921
2022-08-18,0.6410142466724483,2.3608789787389206,-0.008827406430119766,-0.06440548347282744
2022-08-19,0.5357982910432828,2.0793846447984565,-0.0020098781448063727,-0.06878026330469715
2022-08-22,0.4287722496388241,1.7415021974684959,0.00045101937902556515,-0.04588059292590016
2022-08-23,0.331839468705869,1.142660381254255,0.009847161235962488,-0.0354554393706518
2022-08-24,0.2669562561623536,0.824154022072559,0.012856856408942801,-0.032409747785519985
2022-08-25,0.20066776832394903,0.6582634078258133,0.012512627420788415,-0.02231285726032103
2022-08-26,0.15634663908723134,0.5532643130641225,0.005071388704119874,-0.013481381367732153
2022-08-29,0.09323249236292448,0.22456592529793323,0.00042129563872347225,-0.011441884692016156
2022-08-30,0.05439804916479436,0.06013635989414988,-5.3241433348201365e-06,-0.006748214216903514
2022-08-31,0.013935167434218845,0.002140382261326068,-0.0025664779031791627,-0.0026801188274058023
2022-09-01,1.5924583196874703e-05,-0.0037685040261701266,-0.01679157385328495,-0.0012337242031497373
2022-09-02,-0.0014088130019929725,-0.028267517393667955,-0.05424660495985181,-0.0031658537499847724
2022-09-05,-0.006649995008506175,-0.09015556864061819,-0.0768042329354461,-0.00672418057108483
2022-09-06,-0.004637299979757029,-0.17747874345131098,-0.1216830599136421,-0.017648250139772705
2022-09-07,-0.011069066778252293,-0.30071461736014893,-0.19754911267045797,-0.05667305169385559
2022-09-08,-0.010474408007608085,-0.3357239817638495,-0.2975877483563704,-0.09557464350004849
2022-09-09,-0.004860045609332404,-0.34901948942252126,-0.3492671670782569,-0.06864020784992815
2022-09-13,-0.003817410070253356,-0.3009692082345732,-0.4057041505138426,-0.04687056727189927
2022-09-14,-0.004270173392309992,-0.35809744919064074,-0.4641342927346272,-0.04350822126356934
2022-09-15,-0.005455421265319494,-0.44541199762095984,-0.5709585983320307,-0.07284379653035587
2022-09-16,-0.012851102544217171,-0.4738504665268271,-0.618648674799519,-0.08892574213009508
2022-09-19,-0.013407091072421278,-0.5117292176306073,-0.6845847763310641,-0.09978465650116077
2022-09-20,-0.009117125533556935,-0.4846858636300863,-0.7257442348468603,-0.11145932258089382
2022-09-21,-0.004837104036756029,-0.4475791825066258,-0.7558597586095972,-0.1315392675031075
2022-09-22,-0.004313431888709311,-0.43209133602703026,-0.764984571900604,-0.14267599853852042
2022-09-23,-0.003820392175526186,-0.42513064914343757,-0.7696599402497579,-0.16407513439425725
2022-09-26,-0.009095806316079464,-0.42320273012483395,-0.7729223038452743,-0.20104864894782584
2022-09-27,-0.016941268513861695,-0.40703387306331734,-0.7360690531205308,-0.21153096378765857
2022-09-28,-0.02100727962541661,-0.423536649437758,-0.7200168148435037,-0.2449171053542006
2022-09-29,-0.007960868233744972,-0.402022704186707,-0.7008790669640693,-0.31312766868035297
2022-09-30,-0.0009094300625930598,-0.39462956980937003,-0.695264252457281,-0.34155387194653053
2022-10-10,0.0002660527830635807,-0.3947116650511543,-0.7025142256813964,-0.38027256243178026
2022-10-11,0.002829662734750358,-0.42691041857313244,-0.6979777809797143,-0.42672640905221093
2022-10-12,0.016255241449513992,-0.43988556858234734,-0.6384834806557063,-0.46514934326185825
2022-10-13,0.030964209482439393,-0.4646333688938105,-0.5778317694452074,-0.49266589452873666
2022-10-14,0.0330178022019115,-0.49171231794452547,-0.4408732999347981,-0.4864837849681274
2022-10-17,0.023776525574297592,-0.5213699320513081,-0.3167970119313697,-0.48691049545468407
2022-10-18,0.03199090303777246,-0.4853579569051707,-0.19565861352568484,-0.49729608052156327
2022-10-19,0.048252886791876344,-0.43891696204872144,-0.10787432310342077,-0.4994836326908947
2022-10-20,0.03880255992043272,-0.42929996067620224,-0.04381270337959203,-0.4953750740861433
2022-10-21,0.046442821979386525,-0.384885035445483,-0.014112548109653312,-0.4890680699491566
2022-10-24,0.08426354841744481,-0.26633097136896355,-0.002398562998131203,-0.49108715469767117
2022-10-25,0.14053195159037143,-0.10737901844556896,-2.7066784145748975e-06,-0.48739869281979015
2022-10-26,0.16558466118757728,-0.03986034432560381,0.00569781287605416,-0.4777409960643155
2022-10-27,0.16347824116260884,-0.00829894378714296,0.014857739897240775,-0.47176633193686673
2022-10-28,0.14669679598445923,-0.005602055896867598,0.0028344108799948755,-0.49124845004548157
2022-10-31,0.1221468323160053,-1.7815120191677582e-05,0.0002369313934669718,-0.5109234774791674
2022-11-01,0.10751219129071454,0.006671062932250237,0.0008447142419970126,-0.4903765643858979
2022-11-02,0.09983277124264205,0.046768958077025205,0.0018786233462682067,-0.4490132655379661
2022-11-03,0.07546623799596543,0.0571748672660781,0.00255070719921404,-0.42950119245944596
2022-11-04,0.06111037889191532,0.06388182158072722,0.008660571628988012,-0.3278688351089448
2022-11-07,0.04821708902234631,0.05048947888725959,0.020234478346715542,-0.2382292898321992
2022-11-08,0.040223261299328614,0.06679931240899797,0.05384093212476318,-0.15617779326827794
2022-11-09,0.050756938595081166,0.06789764870302281,0.05093548232388969,-0.10672398738502023
2022-11-10,0.07887559631895323,0.07802720202503044,0.03789014267177395,-0.06984193207128925
2022-11-11,0.11916318741034562,0.13793660072694822,0.025039789140006753,-0.019378584599273666
2022-11-14,0.16942698809841317,0.1337348384094595,0.003045574260234364,-0.0047391577576875454
2022-11-15,0.22545735938832648,0.13400718757397825,0.00039011042688565724,-2.0691012532783197e-05
2022-11-16,0.30761738696517493,0.14711512478388059,0.00013588415250373383,0.0016191892232214151
2022-11-17,0.4035002792187594,0.1235391674769871,5.835664294302838e-06,0.009755088318213433
2022-11-18,0.4881256775601735,0.13103271452066606,0.0006792146124214778,0.05081624949219497
2022-11-21,0.5133557861010792,0.08772573080105166,0.004682309159163631,0.13635933495744387
2022-11-22,0.5338841419395061,0.0867796285068051,0.009322873127031296,0.28985645745695754
2022-11-23,0.5260781960313445,0.0955647256983178,0.012745540723342115,0.44490016899783286
2022-11-24,0.4999060231304586,0.09846389942616358,0.012555771978379756,0.6025296062950788
2022-11-25,0.46911627850374976,0.09329720165270398,0.00627011812484991,0.8058208240140874
2022-11-28,0.4835819041847199,0.10912807816473252,0.00022175674825532351,0.702583912221476
2022-11-29,0.4793246914270104,0.16750851104188685,-8.434719966953557e-05,0.7728220449596751
2022-11-30,0.44814414838470046,0.17820230619127708,-0.000382704282301184,0.8422251446454329
2022-12-01,0.41335856162325474,0.2571714294885945,-0.0007540480445293396,0.8952917884064026
2022-12-02,0.39723907892994864,0.21730786550170497,-0.011709016134354388,0.7829593810708264
2022-12-05,0.31110900828598015,0.28741731738805654,-0.054083876485823655,0.7389900301378435
2022-12-06,0.18187951635369703,0.3288704207836207,-0.06804127695093126,0.7539846024968202
2022-12-07,0.09020693550587065,0.24986123838251703,-0.047428350007198784,0.7607979812245833
2022-12-08,0.03352224754696441,0.10581337576063539,-0.03346007795895171,0.7028654019186905
2022-12-09,0.006634038991195632,0.031317071216542626,-0.005303632802118273,0.7860293175300097
2022-12-12,5.0304072040639064e-05,0.001630250852964008,-4.05663163510049e-05,0.7962349372964415
2022-12-13,-0.00465907562839373,-3.1964216326473066e-05,0.00017847113803597908,0.7500349425762289
2022-12-14,-0.0011354283303162988,-0.0035145732712236273,0.000596288035772362,0.6703023805097957
2022-12-15,-0.002823251277986688,-0.074344550488266,0.0007812581125450465,0.5502730125801681
2022-12-16,-0.0038683484019870983,-0.1162544446751404,0.0019341805804375992,0.5243831124008707
2022-12-19,-0.007957078779180725,-0.18098297673632557,0.00035232268092911384,0.3850413184029844
2022-12-20,-0.008276202295997126,-0.23595871044808142,0.0003924653017407407,0.28111459089650837
2022-12-21,-0.0007637691172620815,-0.2657466682316795,3.428781045981955e-05,0.18637664249289548
2022-12-22,3.159927557598149e-06,-0.2984147416139752,-1.538077641032276e-05,0.10388832079032974
2022-12-23,0.00010867859180855518,-0.34745597430790415,-0.0006887075187760084,0.04559072378074938
2022-12-26,0.00021548517237449832,-0.39761925002509896,-0.0004547183144604514,0.010538856070240368
2022-12-27,0.0004912677386849709,-0.453297361187421,-0.0006141640166508772,0.0018430184536788196
2022-12-28,0.0009461029894138797,-0.48692124568027106,-0.0026735272366055357,1.9518424877487504e-05
2022-12-29,0.0022059441366933663,-0.4952854873992306,-0.00643542975111635,-0.0014291194574833827
2022-12-30,0.010610488908287316,-0.484086445678831,-0.01964028414488492,-0.009385340711334173
2023-01-03,0.02946708670961196,-0.4656291099076731,-0.04861659887282399,-0.05453991204023142
2023-01-04,0.05743485411640957,-0.4477924132003049,-0.08083613943134962,-0.06474464921750592
2023-01-05,0.08600208341920353,-0.4419782824793984,-0.06998510728723634,-0.05061685349779207
2023-01-06,0.10985899768372288,-0.40363787909138443,-0.025780141347425175,-0.025286772509039806
2023-01-09,0.20953696783110798,-0.33242633451994386,-0.0039043930864423797,-0.011282053794397345
2023-01-10,0.25789298364771934,-0.27770103412997915,1.38884295973515e-06,-0.0006460677300371677
2023-01-11,0.26157611215903415,-0.21396704570127248,0.00237504283714083,0.00013891812396189237
2023-01-12,0.25375137733951575,-0.13985550365676375,0.024839559994092236,0.005420045611603621
2023-01-13,0.2537431853752961,-0.09044279672163599,0.10267757308900283,0.03550530424802747
2023-01-16,0.2734304043418842,-0.04898818146335114,0.30942158157069116,0.14922874401543867
2023-01-17,0.2921437212080305,-0.021008118770160976,0.615710393158728,0.29016673481965977
2023-01-18,0.3011205376513073,-0.0019087157283674055,0.9235856339264918,0.463354517017923
2023-01-19,0.35916837812951985,0.0002772300973903273,1.3088349577171692,0.7105223423312987
2023-01-20,0.39038952633044877,0.02541751738443369,1.9229803451462704,1.0129287774567783
2023-01-30,0.39512436733996936,0.10578210225138811,2.5296294123381418,1.3742119155850365
2023-01-31,0.39053972661391556,0.19994326261638362,2.9027235959639635,1.4701538672189536
2023-02-01,0.3974230450069152,0.2804744478761837,3.1358612605407274,1.4818805393838925
2023-02-02,0.46827486135518465,0.44272329475458194,3.188072732310937,1.4267422842261972
2023-02-03,0.47636931328676557,0.6809480918832955,2.980433656710562,1.2373801962415925
2023-02-06,0.34370119418213396,0.853244685299327,2.470439655343098,0.9164827238932665
2023-02-07,0.22169092594779646,1.0362205724167546,2.061869342718355,0.6623383572793657
2023-02-08,0.1326558888319154,1.3561262942863677,1.6914624714919158,0.4675832627666386
2023-02-09,0.07543596996116096,1.5231886516276698,1.423742048016038,0.3495600794023339
2023-02-10,0.02313268197176515,1.493887851824483,1.0744981534262557,0.2069386261384919
2023-02-13,0.008285487188817912,1.4456708003514385,0.8407281322025958,0.12615850739934237
2023-02-14,0.001406395691540441,1.5332550818486537,0.6189712186015776,0.0703352236158158
2023-02-15,8.575154510342063e-06,1.567316391177152,0.36452254050211025,0.022264807157922593
2023-02-16,-0.0003781692696904732,1.6951390845691572,0.16679119200562978,0.003764916930360398
2023-02-17,-0.010146676371763181,1.478219131726179,0.025564335772042337,-1.7510563566631167e-05
2023-02-20,-0.022056569237516574,1.3480791968573562,0.0007669495624524895,-0.0002337139915273074
2023-02-21,-0.043101104144156195,1.1364827400432167,-0.00044345428048824816,-0.0009163538901905475
2023-02-22,-0.05956431312818961,0.8017294969052543,-0.025082136920591396,-0.006333730868920384
2023-02-23,-0.0886303082009738,0.6123371133501535,-0.11084408675452373,-0.02365843965176358
2023-02-24,-0.10809671587502477,0.443362808579651,-0.23312773783339555,-0.04428710082532512
2023-02-27,-0.11687861083446412,0.2570931933649364,-0.32200517073458274,-0.04764449346686056
2023-02-28,-0.10907145936884793,0.1416839859743643,-0.3916838213552232,-0.04483224014328892
2023-03-01,-0.09579565446161784,0.0572551467759039,-0.450923132391822,-0.026607068701436237
2023-03-02,-0.07750166441788431,0.003256897251822674,-0.48779794223244,-0.011546068801108634
2023-03-03,-0.03921854683575053,-0.00046888103177674534,-0.5024631084457509,-0.000696863109162567
2023-03-06,-0.008244923684026625,-0.00126012320212126,-0.48300795507875244,6.19080855709276e-06
2023-03-07,-0.00047631498840829085,-0.009651106898492278,-0.5015943048579966,2.812955275795706e-06
2023-03-08,9.124645071171048e-06,-0.025041948752041954,-0.4980434372536103,9.507143626473812e-05
2023-03-09,0.011481955271006275,-0.02204646957044717,-0.49409755629355445,0.00015167624045881096
2023-03-10,0.06402254626199888,-0.031175245583565797,-0.49425887694940673,-0.0002636320415322435
2023-03-13,0.10098485165816752,-0.03978711427820097,-0.5129127074342272,-0.004306213103536586
2023-03-14,0.14322678091169383,-0.06390721622434287,-0.5334896449627198,-0.017313494447185464
2023-03-15,0.19671797801122487,-0.03760768454254522,-0.5602429929837082,-0.03932116741623929
2023-03-16,0.2773587323247367,-0.020106410842259684,-0.5645286028937038,-0.06354624260021206
2023-03-17,0.34160296647822425,-0.004077431059484389,-0.5755571220302215,-0.09276960645506387
2023-03-20,0.46747498684004674,-0.0016515818338288413,-0.5703343065686748,-0.11885085843634108
2023-03-21,0.6262519067292911,1.0900379474338383e-06,-0.5364125125174439,-0.1261990925994301
2023-03-22,0.7178982596682123,0.006464274654789531,-0.4955301731909638,-0.13707340066132379
2023-03-23,0.8232126861685878,0.06484865930304715,-0.4349586989481643,-0.1334152078439596
2023-03-24,0.9171788751465165,0.13240278536254302,-0.3900325306314919,-0.18353953610604531
2023-03-27,0.9817828977316845,0.25910505989337485,-0.28727674207691745,-0.17472656738082387
2023-03-28,0.976226550632124,0.39172105642554944,-0.22509740907160233,-0.15207888021540708
2023-03-29,0.9861771488520189,0.43228228206131303,-0.1740881764274321,-0.14355829946190038
2023-03-30,0.9635698319121111,0.543535089925357,-0.1061977785003179,-0.11593005897828651
2023-03-31,0.9808906707754739,0.6950120958875495,-0.05427635028686031,-0.10059116512213807
2023-04-03,0.8542237985821366,0.8270450984050881,-0.013302345847325751,-0.07514268715790125
2023-04-04,0.7934664894897803,0.9795156079175737,-0.0008802801972685096,-0.037135922070075385
2023-04-06,0.8019405846669774,0.9899542475226575,0.00050019571172198,-0.008432240397476464
2023-04-07,0.7760553215072464,0.9396030425101592,0.014458006856604965,-2.8893909971899396e-05
2023-04-10,0.6916408156738642,0.8842678520788355,0.07106331371599092,0.005548750959637746
2023-04-11,0.6506377140181372,1.0030857597386962,0.21456560164222976,0.0462632696067039
2023-04-12,0.6291015490016433,1.0567005066627302,0.3151624654309125,0.10128901228250717
2023-04-13,0.5554472413588757,0.9592987993440113,0.3816387289258757,0.16481047001338212
2023-04-14,0.4916546749253073,0.9398595415025602,0.48578773692674626,0.24115059786648582
2023-04-17,0.39323983448125555,0.8007444810912902,0.603982631204231,0.2781958238785524
2023-04-18,0.29068795785425355,0.675693745946129,0.6525218945864301,0.3925997970162289
2023-04-19,0.20960254569774342,0.5125099975169495,0.6124415981247754,0.4592015790369311
2023-04-20,0.144471539219712,0.39491540182809276,0.4702745061985776,0.5243539189214647
2023-04-21,0.08438895990787752,0.2748004992756469,0.19568884892099356,0.40155494817913867
2023-04-24,0.039624305739226554,0.2030400786285732,0.028027537149546096,0.2523775611008834
2023-04-25,0.07873931650910551,0.1174117981390917,-9.814385003579223e-06,0.1210356438311693
2023-04-26,0.10091325021814013,0.057021853158626234,-0.008355815353105036,0.044006777149387014
2023-04-27,0.08657782159801139,0.033346592739538154,-0.04029616156168741,0.02018043584152064
2023-04-28,0.06389067429077037,0.02538810534521581,-0.0818286619906462,0.019722229547239022
2023-05-04,0.09864012119066319,0.017042096544905887,-0.1436671803941175,0.017614778982403028
2023-05-05,0.12241168338393195,0.013442894903928273,-0.20453439948780236,0.008594855056684373
2023-05-08,0.10823318491269895,0.014798363220861643,-0.28789712894075137,0.009675529336166116
2023-05-09,0.10099184535243996,0.013976394173583203,-0.39350925696900535,0.0047017998615019084
2023-05-10,0.10239880339751865,0.01990802278009206,-0.467498459403443,0.0006782332894247303
2023-05-11,0.11492024898529198,0.044056366664213496,-0.5100391276793551,-1.5144010567855536e-07
2023-05-12,0.07880107812219063,0.11670190248741914,-0.5250138335919219,-0.0018826231524339424
2023-05-15,0.06844593069633752,0.23131886684582845,-0.5006769590443444,-0.0036471051827332047
2023-05-16,0.08049617384736352,0.2882787823987576,-0.4710063658272036,-0.007927380312742769
2023-05-17,0.08012372054792892,0.4039042784227199,-0.4218975266883751,-0.01388867141751047
2023-05-18,0.0521512891016293,0.5346067121882088,-0.38003466350533216,-0.02331793966457385
2023-05-19,0.031304351674716166,0.7564061254194238,-0.33364480350769515,-0.04271868123364507
2023-05-22,0.03093655460691414,0.948696656686748,-0.28620555913766704,-0.05746665433525077
2023-05-23,0.026189015159767834,1.1183544847653692,-0.2680822614193053,-0.09808066299442941
2023-05-24,0.038664111707317574,1.2668568748762634,-0.2347377025334988,-0.14546944064988562
2023-05-25,0.027564433883257862,1.5245188037648003,-0.19308689129618714,-0.1604226932903568
2023-05-26,0.008970533334507239,1.7832324951100567,-0.16455606293798716,-0.1609249803314778
2023-05-29,0.001289595530529955,2.1903190791964366,-0.15199261898459895,-0.1671761889373355
2023-05-30,7.46467301898222e-08,2.627646112607375,-0.13483243880193363,-0.17466571629023925
2023-05-31,-0.00010282390348267058,2.9477057834315543,-0.14005748118832734,-0.22259481062922562
2023-06-01,-0.002314653105299805,3.145511020451306,-0.1552450624181756,-0.2941134295509249
2023-06-02,-0.003525970904949216,3.361772074105329,-0.19214385358484468,-0.3476449134362357
2023-06-05,-0.012845129020238887,3.4798632725498235,-0.21405335588910934,-0.4202335963769026
2023-06-06,-0.017525275234930728,3.4880624930931363,-0.23659351084508884,-0.4700822893742699
2023-06-07,-0.04120669322562643,3.645241579359705,-0.25132307716354896,-0.4858405936663945
2023-06-08,-0.03327934186044407,3.3115442596997355,-0.2838496244047562,-0.46586574547781257
2023-06-09,-0.00986219629980621,3.080700340005421,-0.3349038175729915,-0.426810934818377
