trade_date,cash,positions_value,total_value,cash_ratio,daily_return
2019-01-02,7211.133125974418,981502.0275831223,988713.1607090967,0.007293453159663269,-0.01128683929090335
2019-01-03,7211.133125974418,975238.0237102509,982449.1568362253,0.007339955534387534,-0.006335511776114022
2019-01-04,7211.133125974418,996480.5209875107,1003691.6541134851,0.0071846100308004274,0.02162198127958792
2019-01-07,7211.133125974418,1010690.2412891388,1017901.3744151132,0.00708431416562134,0.014157455871423918
2019-01-08,7211.133125974418,1009706.8951845169,1016918.0283104914,0.007091164602475386,-0.000966052438220677
2019-01-09,7211.133125974418,1013053.4446716309,1020264.5777976053,0.00706790501493322,0.0032908743811670416
2019-01-10,7211.133125974418,1011253.9850234985,1018465.118149473,0.0070803928357182,-0.0017637186346474154
2019-01-11,7211.133125974418,1019162.8182172775,1026373.951343252,0.007025834118779956,0.00776544336456908
2019-01-14,7211.133125974418,1013686.1696243286,1020897.3027503031,0.007063524515685942,-0.005335919316523441
2019-01-15,7211.133125974418,1024701.9424915314,1031913.0756175058,0.0069881207016,0.010790285014492751
2019-01-16,7211.133125974418,1024075.4401683807,1031286.5732943552,0.006992365955991341,-0.0006071270322606237
2019-01-17,7211.133125974418,1014650.4346132278,1021861.5677392023,0.007056859122247399,-0.009139075208790426
2019-01-18,7211.133125974418,1035127.3054122925,1042338.4385382669,0.006918226229944104,0.020038791403387712
2019-01-21,7211.133125974418,1043613.1658315659,1050824.2989575402,0.006862358562823634,0.00814117575014639
2019-01-22,7211.133125974418,1024804.9203395844,1032016.0534655588,0.006987423404664192,-0.017898563547340762
2019-01-23,7211.133125974418,1034202.2022724152,1041413.3353983896,0.006924371794428598,0.009105751699573172
2019-01-24,7211.133125974418,1033683.1492900848,1040894.2824160593,0.006927824705921511,-0.0004984120758658728
2019-01-25,7211.133125974418,1031872.1488714218,1039083.2819973963,0.006939899092700914,-0.001739850481702554
2019-01-28,7211.133125974418,1025395.5490112305,1032606.6821372049,0.006983426749717912,-0.006232993998076419
2019-01-29,7211.133125974418,1009687.0182275772,1016898.1513535517,0.007091303211020665,-0.015212501580118554
2019-01-30,7211.133125974418,1005215.2609586716,1012426.394084646,0.007122624585952386,-0.004397448518274394
2019-01-31,7211.133125974418,998273.4326124191,1005484.5657383936,0.007171798923316946,-0.006856625219188062
2019-02-01,6323.187177951929,1021677.3123264313,1028000.4995043832,0.006150957301091242,0.02239311724238613
2019-02-11,6323.187177951929,1051854.506278038,1058177.69345599,0.00597554382128441,0.029355232770952533
2019-02-12,6323.187177951929,1065876.9520044327,1072200.1391823846,0.005897394475973235,0.013251503800460585
2019-02-13,6323.187177951929,1087874.9801158905,1094198.1672938424,0.005778831812148213,0.020516718201727402
2019-02-14,6323.187177951929,1091314.4382238388,1097637.6254017907,0.005760723786811994,0.0031433594121754727
2019-02-15,6323.187177951929,1091290.0591611862,1097613.2463391381,0.005760851738115963,-2.2210483759277366e-05
2019-02-18,6323.187177951929,1132230.7430028915,1138553.9301808435,0.00555370018963228,0.037299735565559544
2019-02-19,6323.187177951929,1144200.8225917816,1150524.0097697335,0.005495919358708085,0.010513405884066351
2019-02-20,6323.187177951929,1148753.6489009857,1155076.8360789376,0.0054742567597639916,0.003957176269720142
2019-02-21,6323.187177951929,1136507.3398828506,1142830.5270608026,0.00553291763584078,-0.010602159644813591
2019-02-22,6323.187177951929,1156722.5116968155,1163045.6988747674,0.005436748688438928,0.017688687285905225
2019-02-25,6323.187177951929,1219018.791604042,1225341.978781994,0.005160344856737268,0.05356305428711661
2019-02-26,6323.187177951929,1221138.2410049438,1227461.4281828958,0.005151434523944775,0.0017296799078152514
2019-02-27,6323.187177951929,1215008.3021640778,1221331.4893420297,0.005177289894783956,-0.004993997122940685
2019-02-28,6323.187177951929,1216533.705830574,1222856.893008526,0.005170831692656487,0.0012489677698541701
2019-03-01,10699.8359511552,1223299.4758605957,1233999.311811751,0.008670860549707893,0.009111792939083818
2019-03-04,10699.8359511552,1235602.087855339,1246301.9238064943,0.008585267940913889,0.00996970733855651
2019-03-05,10699.8359511552,1256803.092598915,1267502.9285500704,0.00844166566415355,0.01701113056042103
2019-03-06,10699.8359511552,1279869.4164514542,1290569.2524026094,0.008290787907146924,0.01819824107146273
2019-03-07,10699.8359511552,1281724.8421669006,1292424.678118056,0.00827888551829233,0.0014376800872888396
2019-03-08,10699.8359511552,1216024.987411499,1226724.8233626543,0.008722278825193407,-0.05083457153655513
2019-03-11,10699.8359511552,1264331.3544988632,1275031.1904500185,0.008391822906997849,0.03937832362024629
2019-03-12,10699.8359511552,1279212.7405405045,1289912.5764916597,0.008295008627838107,0.011671389808424193
2019-03-13,10699.8359511552,1257077.0321130753,1267776.8680642305,0.008439841600433038,-0.01716062687568687
2019-03-14,10699.8359511552,1250903.3838033676,1261603.219754523,0.008481141918167526,-0.004869664737718549
2019-03-15,10699.8359511552,1272079.593014717,1282779.4289658724,0.008341134656159085,0.016785157868786982
2019-03-18,10699.8359511552,1303634.5129728317,1314334.348923987,0.008140878277977664,0.024598866528092733
2019-03-19,10699.8359511552,1314003.4631490707,1324703.299100226,0.008077156566623497,0.007889126678251923
2019-03-20,10699.8359511552,1314786.2707138062,1325486.1066649614,0.008072386347433638,0.000590930486296104
2019-03-21,10699.8359511552,1317637.923669815,1328337.7596209703,0.008055056685438428,0.002151401619126636
2019-03-22,10699.8359511552,1338233.7492465973,1348933.5851977526,0.007932070243166651,0.015504961315455645
2019-03-25,10699.8359511552,1330674.7777700424,1341374.6137211977,0.007976769383962072,-0.005603664672228281
2019-03-26,10699.8359511552,1295449.077296257,1306148.9132474123,0.008191895918324303,-0.026260896928758326
2019-03-27,10699.8359511552,1321067.9637432098,1331767.7996943651,0.008034310450823909,0.019614062521598585
2019-03-28,10699.8359511552,1307228.9554357529,1317928.7913869082,0.008118675319244937,-0.010391457362637024
2019-03-29,10699.8359511552,1335012.7961874008,1345712.632138556,0.007951055593608735,0.021081443043982517
2019-04-01,8034.853423127013,1390051.1142253876,1398085.9676485145,0.005747038171508931,0.03891866231999974
2019-04-02,8034.853423127013,1410782.3668003082,1418817.2202234352,0.0056630644938617854,0.014828310314700666
2019-04-03,8034.853423127013,1435960.0333213806,1443994.8867445076,0.005564322628068042,0.017745532096874017
2019-04-04,8034.853423127013,1469292.1947956085,1477327.0482187355,0.005438777711959525,0.023083296056106928
2019-04-08,8034.853423127013,1517075.0479221344,1525109.9013452614,0.005268376669799121,0.03234412663339459
2019-04-09,8034.853423127013,1480334.2947483063,1488369.1481714332,0.0053984278248433186,-0.024090561041810843
2019-04-10,8034.853423127013,1478345.3498363495,1486380.2032594765,0.005405651532163453,-0.0013363250067366383
2019-04-11,8034.853423127013,1435597.7293252945,1443632.5827484215,0.005565719088876528,-0.028759546458782204
2019-04-12,8034.853423127013,1437214.63637352,1445249.4897966469,0.005559492309011334,0.0011200267073130377
2019-04-15,8034.853423127013,1414197.7813959122,1422232.6348190391,0.005649464951385639,-0.015925869644033752
2019-04-16,8034.853423127013,1438241.8729305267,1446276.7263536537,0.005555543608438233,0.016905878086304726
2019-04-17,8034.853423127013,1443666.0378694534,1451700.8912925804,0.005534785761530296,0.003750433675719922
2019-04-18,8034.853423127013,1424533.0701589584,1432567.9235820854,0.0056087067781303845,-0.01317968999348007
2019-04-19,8034.853423127013,1434227.0460367203,1442261.8994598472,0.005571008584596327,0.0067668525297721605
2019-04-22,8034.853423127013,1408684.7594976425,1416719.6129207695,0.005671449276093536,-0.017709880950639967
2019-04-23,8034.853423127013,1367069.968867302,1375104.822290429,0.00584308431828771,-0.029374048506708883
2019-04-24,8034.853423127013,1372461.9849920273,1380496.8384151543,0.005820262096616774,0.0039211673447150375
2019-04-25,8034.853423127013,1319685.1968288422,1327720.0502519691,0.006051617147456795,-0.038230285426639754
2019-04-26,8034.853423127013,1294946.6553211212,1302981.5087442482,0.00616651377567946,-0.018632347612003164
2019-04-29,8034.853423127013,1255696.4411973953,1263731.2946205223,0.006358039448203859,-0.030123385374481115
2019-04-30,8034.853423127013,1256370.3123569489,1264405.1657800758,0.006354650898764641,0.0005332392751702386
2019-05-06,793.8832508871747,1180446.4644670486,1181240.347717936,0.0006720759686383005,-0.06577386767542293
2019-05-07,793.8832508871747,1197892.863059044,1198686.7463099312,0.0006622941759647262,0.01476955864714613
2019-05-08,793.8832508871747,1179797.8991746902,1180591.7824255775,0.0006724451776685305,-0.015095656926263357
2019-05-09,793.8832508871747,1157047.2754716873,1157841.1587225746,0.0006856581707313392,-0.019270525207502942
2019-05-10,793.8832508871747,1190450.8234977722,1191244.7067486595,0.000666431713307647,0.028849853690586125
2019-05-13,793.8832508871747,1179163.191151619,1179957.0744025062,0.0006728068911228594,-0.009475494230703707
2019-05-14,793.8832508871747,1166762.1112823486,1167555.994533236,0.000679953042598657,-0.010509772040266707
2019-05-15,793.8832508871747,1196071.810722351,1196865.6939732383,0.0006633018682753938,0.025103463625930633
2019-05-16,793.8832508871747,1218867.0613765717,1219660.944627459,0.0006509048718696683,0.019045788319445478
2019-05-17,793.8832508871747,1182689.9247169495,1183483.8079678367,0.0006708019539788667,-0.02966163409509881
2019-05-20,793.8832508871747,1175646.6225385666,1176440.5057894539,0.0006748180184041156,-0.005951329566964647
2019-05-21,793.8832508871747,1198561.4341497421,1199355.3174006294,0.0006619249853394263,0.019478087925745458
2019-05-22,793.8832508871747,1186423.7510204315,1187217.6342713188,0.0006686922666663709,-0.010120172857211895
2019-05-23,793.8832508871747,1159943.7764406204,1160737.6596915077,0.0006839471815691473,-0.022304229498800954
2019-05-24,793.8832508871747,1150164.7583723068,1150958.641623194,0.0006897582781667664,-0.008424830526229887
2019-05-27,793.8832508871747,1180441.0519123077,1181234.935163195,0.0006720790481679199,0.02630528365233209
2019-05-28,793.8832508871747,1177140.4064178467,1177934.289668734,0.0006739622556623557,-0.002794232879681169
2019-05-29,793.8832508871747,1180620.884180069,1181414.7674309562,0.0006719767458244257,0.0029547299817556105
2019-05-30,793.8832508871747,1168891.8180942535,1169685.7013451408,0.0006787150171829983,-0.009927983303713805
2019-05-31,793.8832508871747,1167788.6538505554,1168582.5371014427,0.0006793557371277567,-0.0009431287759006368
2019-06-03,7587.467995280669,1148715.7425403595,1156303.2105356401,0.006561832507380039,-0.010507881280050868
2019-06-04,7587.467995280669,1134108.299922943,1141695.7679182237,0.006645787966014547,-0.012632882521055766
2019-06-05,7587.467995280669,1129642.8983211517,1137230.3663164324,0.00667188304147822,-0.003911200976012719
2019-06-06,7587.467995280669,1111111.6446256638,1118699.1126209444,0.006782402801325522,-0.016295074634273043
2019-06-10,7587.467995280669,1126416.8402194977,1134004.3082147783,0.00669086346525909,0.013681244063898701
2019-06-11,7587.467995280669,1166029.44688797,1173616.9148832506,0.006465029516071228,0.03493161920242871
2019-06-12,7587.467995280669,1160452.1803617477,1168039.6483570284,0.0064958993523492525,-0.004752203598545668
2019-06-13,7587.467995280669,1160775.988817215,1168363.4568124956,0.0064940990331729806,0.0002772238561616902
2019-06-14,7587.467995280669,1135650.4890203476,1143237.9570156282,0.006636823024217474,-0.021504866187285754
2019-06-17,7587.467995280669,1138144.8368549347,1145732.3048502153,0.006622374147225079,0.0021818273433629187
2019-06-18,7587.467995280669,1138228.088235855,1145815.5562311357,0.006621892986195514,7.266215726664527e-05
2019-06-19,7587.467995280669,1155514.5701646805,1163102.038159961,0.006523475796916423,0.015086618291066722
2019-06-20,7587.467995280669,1176195.3307390213,1183782.798734302,0.006409510260998195,0.01778069326321363
2019-06-21,7587.467995280669,1187573.2659339905,1195160.733929271,0.006348491696456362,0.009611505765360295
2019-06-24,7587.467995280669,1193852.3474216461,1201439.8154169268,0.0063153125923728825,0.005253754837654556
2019-06-25,7587.467995280669,1181158.7300300598,1188746.1980253404,0.00638274848566029,-0.010565337712885259
2019-06-26,7587.467995280669,1180347.8715658188,1187935.3395610994,0.006387105209012448,-0.0006821123513058858
2019-06-27,7587.467995280669,1185878.3170461655,1193465.785041446,0.006357507764679802,0.004655510528367657
2019-06-28,7587.467995280669,1175440.9864664078,1183028.4544616884,0.0064135972103335276,-0.008745395729459648
2019-07-01,8655.286090210371,1205909.012889862,1214564.2989800724,0.007126247739603929,0.026656877439802384
2019-07-02,8655.286090210371,1205721.522951126,1214376.8090413364,0.007127347974508094,-0.00015436806342272735
2019-07-03,8655.286090210371,1198286.0699176788,1206941.3560078891,0.007171256537963719,-0.006122854931095878
2019-07-04,8655.286090210371,1198704.5597076416,1207359.845797852,0.007168770868382452,0.00034673581104804896
2019-07-05,8655.286090210371,1199642.131614685,1208297.4177048954,0.007163208299038397,0.000776547199500266
2019-07-08,8655.286090210371,1162323.3913898468,1170978.677480057,0.007391497605094333,-0.030885392683966395
2019-07-09,8655.286090210371,1164305.6089639664,1172960.8950541767,0.007379006518210141,0.0016927870782286192
2019-07-10,8655.286090210371,1151124.4937181473,1159779.7798083576,0.007462870314604531,-0.011237472026047635
2019-07-11,8655.286090210371,1156894.1477060318,1165549.433796242,0.007425927926557135,0.0049747840825764555
2019-07-12,8655.286090210371,1161722.328877449,1170377.6149676593,0.007395293603978866,0.0041424078905787365
2019-07-15,8655.286090210371,1170081.8502902985,1178737.1363805088,0.007342846698448596,0.007142584842653843
2019-07-16,8655.286090210371,1176138.0666732788,1184793.3527634891,0.007305312837907319,0.0051378854505057525
2019-07-17,8655.286090210371,1173584.5144987106,1182239.800588921,0.0073210917834933545,-0.002155272198828717
2019-07-18,8655.286090210371,1150257.247042656,1158912.5331328663,0.007468454989275766,-0.01973141780917409
2019-07-19,8655.286090210371,1152528.110384941,1161183.3964751514,0.007453849337222752,0.0019594777667528707
2019-07-22,8655.286090210371,1129130.7804584503,1137786.0665486606,0.007607129621885033,-0.020149556045595318
2019-07-23,8655.286090210371,1139948.8353729248,1148604.1214631351,0.007535482355038864,0.00950798681099152
2019-07-24,8655.286090210371,1154267.6660060883,1162922.9520962986,0.0074426995138484895,0.012466288746137977
2019-07-25,8655.286090210371,1157417.1634674072,1166072.4495576175,0.007422597192390574,0.0027082597825089927
2019-07-26,8655.286090210371,1152672.7809429169,1161328.0670331272,0.007452920786046478,-0.004068685891935986
2019-07-29,8655.286090210371,1149943.4509277344,1158598.7370179447,0.007470477753573035,-0.0023501800160183883
2019-07-30,8655.286090210371,1156280.4330348969,1164935.7191251072,0.007429840074532769,0.005469522712818531
2019-07-31,8655.286090210371,1149385.9513759613,1158041.2374661716,0.007474074160906733,-0.005918336562049542
2019-08-01,7711.313258143669,1149300.998210907,1157012.3114690506,0.006664849787425916,-0.0008885054899878675
2019-08-02,7711.313258143669,1128993.273806572,1136704.5870647156,0.0067839202426871565,-0.017551865440870285
2019-08-05,7711.313258143669,1109718.0497407913,1117429.362998935,0.006900940241491595,-0.01695710942414208
2019-08-06,7711.313258143669,1073711.7639303207,1081423.0771884643,0.007130708989669346,-0.032222426761578604
2019-08-07,7711.313258143669,1072062.3494625092,1079773.6627206528,0.0071416015451922134,-0.0015252258830094068
2019-08-08,7711.313258143669,1073778.3940792084,1081489.707337352,0.0071302696695367245,0.001589263265021179
2019-08-09,7711.313258143669,1062144.9223995209,1069856.2356576645,0.0072078032553629535,-0.010756895420049206
2019-08-12,7711.313258143669,1082691.1004781723,1090402.413736316,0.007071988433811776,0.019204615904323985
2019-08-13,7711.313258143669,1077937.5735759735,1085648.8868341171,0.007102953221488384,-0.0043594244127822535
2019-08-14,7711.313258143669,1087410.2443933487,1095121.5576514923,0.0070415135235587165,0.00872535396319396
2019-08-15,7711.313258143669,1093806.0882091522,1101517.4014672958,0.007000627723058825,0.005840304915117889
2019-08-16,7711.313258143669,1105989.438343048,1113700.7516011917,0.006924044225575809,0.011060515356059675
2019-08-19,7711.313258143669,1137997.146654129,1145708.4599122726,0.006730606893427433,0.028739953946392394
2019-08-20,7711.313258143669,1133818.042087555,1141529.3553456985,0.006755247442417624,-0.0036476160496310417
2019-08-21,7711.313258143669,1144150.6600618362,1151861.9733199799,0.006694650432740274,0.009051556953743267
2019-08-22,7711.313258143669,1148388.605093956,1156099.9183520996,0.006670109681467105,0.0036792125534841347
2019-08-23,7711.313258143669,1152210.6584072113,1159921.971665355,0.006648131035117967,0.0033059887407511646
2019-08-26,7711.313258143669,1145067.7609205246,1152779.0741786682,0.006689324460229142,-0.006158084475657688
2019-08-27,7711.313258143669,1159600.6037712097,1167311.9170293533,0.006606043462460223,0.012606789259285822
2019-08-28,7711.313258143669,1157640.8414840698,1165352.1547422134,0.006617152786617949,-0.001678867711834231
2019-08-29,7711.313258143669,1158446.7986106873,1166158.1118688309,0.006612579529019334,0.0006915996365026711
2019-08-30,7711.313258143669,1138907.3754310608,1146618.6886892044,0.006725263886078044,-0.016755380750482884
2019-09-02,6305.915461158809,1169338.597536087,1175644.5129972459,0.005363794405063992,0.025314278054566985
2019-09-03,6305.915461158809,1183246.6014146805,1189552.5168758393,0.005301082021767514,0.011830109973580027
2019-09-04,6305.915461158809,1203925.7709741592,1210231.686435318,0.005210502692862549,0.017383990421700135
2019-09-05,6305.915461158809,1209331.5950870514,1215637.5105482102,0.005187332084146581,0.0044667679531797955
2019-09-06,6305.915461158809,1213937.4346256256,1220243.3500867845,0.005167752367353879,0.0037888264376584324
2019-09-09,6305.915461158809,1241256.5788269043,1247562.4942880631,0.005054588840262754,0.02238827542009192
2019-09-10,6305.915461158809,1238164.4976139069,1244470.4130750657,0.005067147756110165,-0.0024784980529267697
2019-09-11,6305.915461158809,1232943.15803051,1239249.0734916688,0.005088497216618014,-0.004195631755113505
2019-09-12,6305.915461158809,1239834.040403366,1246139.955864525,0.005060358935994475,0.005560530582799261
2019-09-16,6305.915461158809,1254343.3297634125,1260649.2452245713,0.0050021173494896095,0.011643386677205436
2019-09-17,6305.915461158809,1224937.1113300323,1231243.0267911912,0.0051215847106911095,-0.02332624918848203
2019-09-18,6305.915461158809,1219023.1159448624,1225329.0314060212,0.005146303808637421,-0.004803272186306495
2019-09-19,6305.915461158809,1229632.965707779,1235938.8811689378,0.005102125644914368,0.008658776125415102
2019-09-20,6305.915461158809,1225162.0282411575,1231467.9437023164,0.0051206492977807815,-0.0036174422010195606
2019-09-23,6305.915461158809,1204797.898864746,1211103.814325905,0.005206750558100302,-0.01653646729543623
2019-09-24,6305.915461158809,1208625.6344795227,1214931.5499406816,0.005190346288617406,0.0031605346870342554
2019-09-25,6305.915461158809,1188583.7715387344,1194889.6869998933,0.005277403872311915,-0.01649628980477691
2019-09-26,6305.915461158809,1162616.1932468414,1168922.1087080003,0.00539464128035758,-0.021732197184739177
2019-09-27,6305.915461158809,1179973.0453968048,1186278.9608579637,0.00531571044351838,0.014848596001959313
2019-09-30,6305.915461158809,1171067.460513115,1177373.3759742738,0.005355918173315817,-0.007507159089502058
2019-10-08,9392.623918266157,1179186.4521741867,1188579.076092453,0.007902397162454809,0.00951754162854801
2019-10-09,9392.623918266157,1187647.7930784225,1197040.4169966888,0.007846538667283895,0.007118870821833045
2019-10-10,9392.623918266157,1197865.2643203735,1207257.8882386398,0.007780130500509522,0.008535610909100377
2019-10-11,9392.623918266157,1205119.983625412,1214512.6075436783,0.0077336569912291875,0.006009254009201825
2019-10-14,9392.623918266157,1223890.6707763672,1233283.2946946335,0.007615950008138085,0.015455325069797743
2019-10-15,9392.623918266157,1211841.57538414,1221234.1993024063,0.007691091457831278,-0.009769933188960134
2019-10-16,9392.623918266157,1209272.0913171768,1218664.715235443,0.007707307679332888,-0.0021040059870833794
2019-10-17,9392.623918266157,1203748.4141111374,1213141.0380294037,0.007742400614460544,-0.0045325651403407274
2019-10-18,9392.623918266157,1183548.2063055038,1192940.83022377,0.007873503597411702,-0.016651161878462384
2019-10-21,9392.623918266157,1175243.490767479,1184636.1146857452,0.007928699624996483,-0.006961548576107646
2019-10-22,9392.623918266157,1187833.344244957,1197225.9681632232,0.007845322577388012,0.010627612413131482
2019-10-23,9392.623918266157,1184557.5221300125,1193950.1460482788,0.007866847664748605,-0.002736176964128312
2019-10-24,9392.623918266157,1179575.7508993149,1188968.3748175811,0.007899809715045811,-0.0041725119320821236
2019-10-25,9392.623918266157,1182700.290966034,1192092.9148843002,0.007879103886107542,0.0026279421159527416
2019-10-28,9392.623918266157,1201137.9541158676,1210530.5780341339,0.007759096786732561,0.015466632608602593
2019-10-29,9392.623918266157,1181963.7832403183,1191356.4071585846,0.007883974822167452,-0.015839476691854926
2019-10-30,9392.623918266157,1161192.2311544418,1170584.855072708,0.00802387274836454,-0.017435212469639638
2019-10-31,9392.623918266157,1144946.2139368057,1154338.837855072,0.008136799707544284,-0.013878547246903405
2019-11-01,4642.694282582095,1160280.0365447998,1164922.7308273818,0.003985409641105243,0.00916879223432887
2019-11-04,4642.694282582095,1170943.556189537,1175586.250472119,0.0039492587470443576,0.009153842879487506
2019-11-05,4642.694282582095,1176608.2430839539,1181250.937366536,0.003930320083328317,0.0048186059441761575
2019-11-06,4642.694282582095,1175247.6248025894,1179890.3190851714,0.0039348524244031515,-0.0011518452500852705
2019-11-07,4642.694282582095,1175119.7577476501,1179762.4520302322,0.003935278898385489,-0.00010837198413360394
2019-11-08,4642.694282582095,1172143.744111061,1176786.4383936431,0.003945230953646563,-0.0025225532745746237
2019-11-11,4642.694282582095,1141261.8975877762,1145904.5918703582,0.004051553956166838,-0.026242524145196455
2019-11-12,4642.694282582095,1142811.2365961075,1147453.9308786895,0.004046083383083488,0.00135206632325513
2019-11-13,4642.694282582095,1141324.8817443848,1145967.5760269668,0.004051331276473082,-0.0012953503506537567
2019-11-14,4642.694282582095,1149124.916267395,1153767.610549977,0.004023942291436851,0.006806505424920228
2019-11-15,4642.694282582095,1128592.3525333405,1133235.0468159225,0.0040968502479929335,-0.017796099965284307
2019-11-18,4642.694282582095,1133218.6330795288,1137861.3273621108,0.004080193404011008,0.0040823662833116
2019-11-19,4642.694282582095,1157328.5554885864,1161971.2497711685,0.003995532835684531,0.021188805550630185
2019-11-20,4642.694282582095,1147629.3872117996,1152272.0814943817,0.004029164949098641,-0.008347167177068182
2019-11-21,4642.694282582095,1147968.7544822693,1152611.4487648513,0.004027978628493798,0.0002945200842057183
2019-11-22,4642.694282582095,1141665.2284622192,1146307.9227448013,0.004050128408312225,-0.005468908040784259
2019-11-25,4642.694282582095,1168686.601138115,1173329.295420697,0.00395685533524283,0.023572525444292225
2019-11-26,4642.694282582095,1157921.1239099503,1162563.8181925323,0.003993496279456048,-0.009175154213041936
2019-11-27,4642.694282582095,1154273.9467859268,1158916.6410685088,0.004006064041242501,-0.0031371844426517637
2019-11-28,4642.694282582095,1147510.4974031448,1152153.1916857269,0.004029580715555128,-0.005836010238446598
2019-11-29,4642.694282582095,1147958.0729722977,1152600.7672548797,0.004028015957025157,0.0003884688011825954
2019-12-02,5688.430984940096,1147398.178577423,1153086.6095623632,0.004933220920065194,0.00042151829261816154
2019-12-03,5688.430984940096,1147885.5894804,1153574.0204653402,0.004931136523554371,0.0004227010347142013
2019-12-04,5688.430984940096,1145802.234506607,1151490.6654915472,0.0049400582700440945,-0.001806000253848139
2019-12-05,5688.430984940096,1153817.1266794205,1159505.5576643606,0.004905910926721675,0.006960449105674726
2019-12-06,5688.430984940096,1157923.825597763,1163612.2565827032,0.004888596654736073,0.0035417673431552554
2019-12-09,5688.430984940096,1162586.1723184586,1168274.6033033987,0.004869087258128834,0.0040067872217055545
2019-12-10,5688.430984940096,1160999.992442131,1166688.4234270712,0.0048757070617283585,-0.0013577115104980164
2019-12-11,5688.430984940096,1158961.4322423935,1164649.8632273336,0.004884241319684716,-0.0017473047291832744
2019-12-12,5688.430984940096,1151370.6166028976,1157059.0475878378,0.00491628408835225,-0.006517680445572771
2019-12-13,5688.430984940096,1170315.91463089,1176004.34561583,0.004837083303430545,0.01637366568930787
2019-12-16,5688.430984940096,1193170.0063705444,1198858.4373554846,0.004744872962222283,0.019433679666962966
2019-12-17,5688.430984940096,1215438.9760017395,1221127.4069866796,0.004658343553992599,0.01857514526929238
2019-12-18,5688.430984940096,1221895.4602718353,1227583.8912567755,0.004633842970288894,0.005287314192732984
2019-12-19,5688.430984940096,1232289.1981124878,1237977.629097428,0.00459493843122784,0.008466824886412816
2019-12-20,5688.430984940096,1219533.7972164154,1225222.2282013556,0.0046427748811664945,-0.010303417926357805
2019-12-23,5688.430984940096,1200215.83006382,1205904.26104876,0.0047171497511692495,-0.01576690881698628
2019-12-24,5688.430984940096,1216587.7699613571,1222276.2009462973,0.004653965266227111,0.013576483993263944
2019-12-25,5688.430984940096,1212558.658695221,1218247.089680161,0.0046693573357384655,-0.0032963999978211644
2019-12-26,5688.430984940096,1221509.3854427338,1227197.816427674,0.004635300771230919,0.007347217837280207
2019-12-27,5688.430984940096,1214569.7606563568,1220258.191641297,0.004661661789206205,-0.005654854248826724
2019-12-30,5688.430984940096,1237473.9348888397,1243162.3658737799,0.004575774766912185,0.018769940975914112
2019-12-31,5688.430984940096,1248892.9347276688,1254581.365712609,0.00453412679352928,0.00918544524214493
2020-01-02,6397.253965253236,1265326.4972686768,1271723.75123393,0.005030380189916323,0.013663829218110601
2020-01-03,6397.253965253236,1264266.9436454773,1270664.1976107305,0.005034574813142758,-0.0008331633518453563
2020-01-06,6397.253965253236,1258334.5561504364,1264731.8101156896,0.005058190134925171,-0.004668729555925011
2020-01-07,6397.253965253236,1285406.3554286957,1291803.609393949,0.004952187715479843,0.02140516990379404
2020-01-08,6397.253965253236,1255244.0440177917,1261641.297983045,0.005070580659875647,-0.02334899143458391
2020-01-09,6397.253965253236,1275822.0043182373,1282219.2582834905,0.00498920440004719,0.016310468223688535
2020-01-10,6397.253965253236,1274747.201871872,1281144.4558371252,0.004993390039746254,-0.0008382360812488887
2020-01-13,6397.253965253236,1280175.7196426392,1286572.9736078924,0.004972321117016501,0.004237240965321298
2020-01-14,6397.253965253236,1285037.0177268982,1291434.2716921514,0.004953603993233808,0.0037784860897758232
2020-01-15,6397.253965253236,1273935.6256484985,1280332.8796137518,0.0049965552452133745,-0.008596172737350138
2020-01-16,6397.253965253236,1263776.9261837006,1270174.1801489538,0.0050365170897294,-0.007934420514032703
2020-01-17,6397.253965253236,1258025.2389431,1264422.4929083532,0.005059427526110069,-0.004528266540519743
2020-01-20,6397.253965253236,1264031.4121723175,1270428.6661375707,0.005035508199529636,0.004750131592014428
2020-01-21,6397.253965253236,1253422.1960544586,1259819.4500197119,0.005077913319367423,-0.00835089478114004
2020-01-22,6397.253965253236,1250356.7555904388,1256754.009555692,0.005090299228498102,-0.0024332379246659874
2020-01-23,6397.253965253236,1207391.02268219,1213788.2766474432,0.005270485873304725,-0.034187862208165054
2020-02-03,188.18962618929362,1095376.4559268951,1095564.6455530843,0.00017177409562562878,-0.09740053794299253
2020-02-04,188.18962618929362,1102165.5734539032,1102353.7630800924,0.00017071618249251674,0.006196911843189934
2020-02-05,188.18962618929362,1126792.2741889954,1126980.4638151845,0.00016698570403981302,0.022340106742396948
2020-02-06,188.18962618929362,1151917.4011230469,1152105.590749236,0.000163344078616015,0.022294199181585705
2020-02-07,188.18962618929362,1157674.2938756943,1157862.4835018835,0.00016253193178876108,0.004996844732698236
2020-02-10,188.18962618929362,1183530.0451040268,1183718.234730216,0.00015898177511152758,0.022330588991996247
2020-02-11,188.18962618929362,1174162.5234365463,1174350.7130627355,0.0001602499356418752,-0.007913641433102914
2020-02-12,188.18962618929362,1183695.493388176,1183883.6830143651,0.0001589595573360142,0.00811765160576905
2020-02-13,188.18962618929362,1170413.4055614471,1170601.5951876363,0.00016076317251142018,-0.011219081753800708
2020-02-14,188.18962618929362,1174362.2891902924,1174550.4788164815,0.00016022268057727082,0.0033733796750996525
2020-02-17,188.18962618929362,1215275.587439537,1215463.7770657262,0.00015482948133888917,0.03483315445962809
2020-02-18,188.18962618929362,1223852.5412082672,1224040.7308344564,0.00015374457846758127,0.007056527665049828
2020-02-19,188.18962618929362,1222166.0809516907,1222354.2705778799,0.00015395669710412607,-0.0013777811588236988
2020-02-20,188.18962618929362,1237641.6344881058,1237829.824114295,0.00015203190497041792,0.01266044870044003
2020-02-21,188.18962618929362,1240221.132683754,1240409.3223099431,0.00015171574641090159,0.0020838875792106304
2020-02-24,188.18962618929362,1252896.1220741272,1253084.3117003164,0.0001501811366020042,0.010218392559940837
2020-02-25,188.18962618929362,1241223.1582403183,1241411.3478665075,0.00015159328655462733,-0.009315385824254507
2020-02-26,188.18962618929362,1252403.8289546967,1252592.0185808858,0.00015024016072088785,0.009006418971111874
2020-02-27,188.18962618929362,1255283.6904764175,1255471.8801026067,0.00014989553264539333,0.0022991217243932827
2020-02-28,188.18962618929362,1189910.1636648178,1190098.353291007,0.0001581294736429879,-0.05207088095533996
2020-03-02,6305.033198298066,1242612.106180191,1248917.139378489,0.0050483999294266245,0.049423466493192736
2020-03-03,6305.033198298066,1245179.1877269745,1251484.2209252724,0.005038044501780855,0.0020554458465202874
2020-03-04,6305.033198298066,1267068.2229042053,1273373.2561025033,0.00495144151024209,0.017490460375958472
2020-03-05,6305.033198298066,1294268.500328064,1300573.533526362,0.004847886748243033,0.02136080469218604
2020-03-06,6305.033198298066,1280927.495622635,1287232.5288209328,0.004898130723959634,-0.010257785785672935
2020-03-09,6305.033198298066,1236477.828836441,1242782.862034739,0.005073318429878561,-0.03453118670556632
2020-03-10,6305.033198298066,1253707.0774555206,1260012.1106538186,0.005003946505741435,0.013863442396422343
2020-03-11,6305.033198298066,1244667.6103115082,1250972.6435098061,0.00504010477847723,-0.007174111318122067
2020-03-12,6305.033198298066,1215833.472251892,1222138.50545019,0.005159016895532252,-0.02304937538739238
2020-03-13,6305.033198298066,1198150.687789917,1204455.720988215,0.00523475715082743,-0.014468723784675674
2020-03-16,6305.033198298066,1162505.616903305,1168810.650101603,0.005394400879004635,-0.029594338974425982
2020-03-17,6305.033198298066,1157152.509689331,1163457.542887629,0.005419220698547681,-0.004579961017217471
2020-03-18,6305.033198298066,1141999.7987747192,1148304.8319730172,0.005490731226363264,-0.01302386237232489
2020-03-19,6305.033198298066,1153397.201538086,1159702.234736384,0.005436769033847112,0.009925415661435233
2020-03-20,6305.033198298066,1172275.8358955383,1178580.8690938363,0.005349682286244603,0.01627886348062768
2020-03-23,6305.033198298066,1140887.4109268188,1147192.4441251168,0.005496055374655534,-0.026632389674586143
2020-03-24,6305.033198298066,1159541.9014453888,1165846.9346436867,0.005408114059351238,0.016260994930799466
2020-03-25,6305.033198298066,1174654.6325206757,1180959.6657189736,0.005338906468460574,0.012962877566689901
2020-03-26,6305.033198298066,1160697.0109939575,1167002.0441922555,0.005402761057425667,-0.011818880806755305
2020-03-27,6305.033198298066,1163299.0160942078,1169604.0492925057,0.005390741595082528,0.002229649136605616
2020-03-30,6305.033198298066,1142154.4630527496,1148459.4962510476,0.005489991783671765,-0.0180783856333675
2020-03-31,6305.033198298066,1146590.6888961792,1152895.7220944772,0.005468866851933191,0.0038627621243159105
2020-04-01,8264.166974981068,1140341.6400432587,1148605.8070182397,0.007194954896175128,-0.0037209914080034157
2020-04-02,8264.166974981068,1155620.244026184,1163884.4110011652,0.007100504909995564,0.013301869004640032
2020-04-03,8264.166974981068,1149926.0984659195,1158190.2654409006,0.007135413948445733,-0.004892363456751259
2020-04-07,8264.166974981068,1187109.2254161835,1195373.3923911646,0.0069134607040649,0.03210450653900909
2020-04-08,8264.166974981068,1190134.3425512314,1198398.5095262125,0.0068960090564934955,0.002530688029617867
2020-04-09,8264.166974981068,1190179.9588441849,1198444.125819166,0.0068957465741945265,3.806437724263034e-05
2020-04-10,8264.166974981068,1170458.192205429,1178722.3591804102,0.00701112260288955,-0.016456141937593816
2020-04-13,8264.166974981068,1161857.4428796768,1170121.609854658,0.007062656484062002,-0.007296671059784154
2020-04-14,8264.166974981068,1170640.8931016922,1178905.0600766733,0.007010036053661171,0.007506442192026785
2020-04-15,8264.166974981068,1162713.198018074,1170977.3649930551,0.007057495065269755,-0.006724625546269625
2020-04-16,8264.166974981068,1164712.5480890274,1172976.7150640085,0.007045465497181757,0.0017074199132494083
2020-04-17,8264.166974981068,1168880.9562683105,1177145.1232432916,0.0070205166820990475,0.0035537007050099323
2020-04-20,8264.166974981068,1182742.713856697,1191006.8808316782,0.006938807078268275,0.011775742272281953
2020-04-21,8264.166974981068,1176285.7428312302,1184549.9098062112,0.00697663045395281,-0.005421438892912245
2020-04-22,8264.166974981068,1180876.0516166687,1189140.2185916498,0.0069496993254241106,0.0038751501709113345
2020-04-23,8264.166974981068,1175261.237668991,1183525.4046439722,0.006982669693910874,-0.004721742532875939
2020-04-24,8264.166974981068,1149824.9349832535,1158089.1019582346,0.007136037253961749,-0.021491978614003093
2020-04-27,8264.166974981068,1147482.6653242111,1155746.8322991922,0.007150499351610331,-0.002022529747565893
2020-04-28,8264.166974981068,1134544.8014736176,1142808.9684485986,0.00723145092762087,-0.011194375350227492
2020-04-29,8264.166974981068,1145207.7769994736,1153471.9439744547,0.007164601634354177,0.009330496889897066
2020-04-30,8264.166974981068,1158918.1452989578,1167182.312273939,0.007080442265168134,0.01188617406006709
2020-05-06,5754.109397663451,1177702.617740631,1183456.7271382946,0.004862120655292068,0.013943335752449437
2020-05-07,5754.109397663451,1174736.2906455994,1180490.4000432629,0.0048743381542557,-0.002506493923275621
2020-05-08,5754.109397663451,1178733.4927082062,1184487.6021058697,0.004857889088440748,0.0033860521546471567
2020-05-11,5754.109397663451,1180166.5461540222,1185920.6555516857,0.004852018868822773,0.001209850945901314
2020-05-12,5754.109397663451,1171353.8936853409,1177108.0030830044,0.004888344470169826,-0.007431064150393518
2020-05-13,5754.109397663451,1186573.446559906,1192327.5559575695,0.004825946837270126,0.012929614644283438
2020-05-14,5754.109397663451,1176748.200416565,1182502.3098142284,0.004866044953914233,-0.00824039173987745
2020-05-15,5754.109397663451,1173010.0609779358,1178764.1703755993,0.004881476331122256,-0.0031612111093605177
2020-05-18,5754.109397663451,1171175.4095554352,1176929.5189530987,0.00488908579910702,-0.0015564193997481546
2020-05-19,5754.109397663451,1182415.4249668121,1188169.5343644756,0.0048428353288330955,0.009550287617371644
2020-05-20,5754.109397663451,1170606.5984725952,1176360.7078702587,0.004891449841163918,-0.009938671336606197
2020-05-21,5754.109397663451,1165073.790049553,1170827.8994472164,0.004914564643001881,-0.004703326442328404
2020-05-22,5754.109397663451,1150058.8778018951,1155812.9871995586,0.00497840867111659,-0.012824183857206295
2020-05-25,5754.109397663451,1155879.199719429,1161633.3091170925,0.004953464533516951,0.0050356952050141235
2020-05-26,5754.109397663451,1172176.2706756592,1177930.3800733227,0.004884931652162053,0.014029445289079012
2020-05-27,5754.109397663451,1173964.4864320755,1179718.595829739,0.004877527079766321,0.0015180996998354068
2020-05-28,5754.109397663451,1173843.6746120453,1179597.7840097088,0.004878026625401062,-0.00010240732023492072
2020-05-29,5754.109397663451,1180228.4813404083,1185982.5907380718,0.004851765483406042,0.00541269813737677
2020-06-01,5061.836987092685,1209117.2822475433,1214179.119234636,0.0041689376031136495,0.02377482495676153
2020-06-02,5061.836987092685,1224864.303278923,1229926.1402660157,0.004115561757227049,0.01296927346379162
2020-06-03,5061.836987092685,1217346.9477534294,1222408.784740522,0.004140870918370527,-0.006112038178054946
2020-06-04,5061.836987092685,1224545.1050162315,1229606.9420033242,0.0041166301312887356,0.005888502563673903
2020-06-05,5061.836987092685,1226157.669198513,1231219.5061856057,0.004111238460455009,0.0013114468755797137
2020-06-08,5061.836987092685,1227174.4187355042,1232236.2557225968,0.004107846172830201,0.0008258068783697503
2020-06-09,5061.836987092685,1231399.3011951447,1236461.1381822373,0.004093810012124005,0.0034286302160155824
2020-06-10,5061.836987092685,1220725.8751153946,1225787.7121024872,0.004129456460622008,-0.008632237399261444
2020-06-11,5061.836987092685,1210566.0652041435,1215627.9021912361,0.0041639690714308595,-0.008288392688995727
2020-06-12,5061.836987092685,1208504.9893140793,1213566.826301172,0.004171040998640882,-0.001695482545562732
2020-06-15,5061.836987092685,1218667.2277331352,1223729.0647202278,0.004136403337163473,0.008373859765126834
2020-06-16,5061.836987092685,1229132.3008298874,1234194.13781698,0.004101329630398318,0.008551789279553246
2020-06-17,5061.836987092685,1240463.033914566,1245524.8709016587,0.004064019198129963,0.009180673232430214
2020-06-18,5061.836987092685,1244911.0599637032,1249972.8969507958,0.004049557393956791,0.0035712061260704253
2020-06-19,5061.836987092685,1245263.8721704483,1250325.709157541,0.004048414705079774,0.00028225588539232405
2020-06-22,5061.836987092685,1241687.745642662,1246749.5826297547,0.004060027015542135,-0.002860155959038768
2020-06-23,5061.836987092685,1235422.4197983742,1240484.2567854668,0.004080533033292736,-0.005025328206705759
2020-06-24,5061.836987092685,1231764.4429206848,1236826.2799077774,0.004092601418099004,-0.0029488297474797864
2020-06-29,5061.836987092685,1231812.1775269508,1236874.0145140435,0.004092443472572617,3.859443079545777e-05
2020-06-30,5061.836987092685,1256518.4971570969,1261580.3341441895,0.00401229858305175,0.019974806924739852
2020-07-01,6584.277096767311,1264396.2777853012,1270980.5548820684,0.005180470363197848,0.007451147171104067
2020-07-02,6584.277096767311,1295865.420627594,1302449.6977243612,0.005055302410735212,0.024759735875906186
2020-07-03,6584.277096767311,1313452.6785612106,1320036.9556579778,0.0049879490635058405,0.01350321472249183
2020-07-06,6584.277096767311,1380394.9875950813,1386979.2646918485,0.0047472065836760505,0.05071245069839958
2020-07-07,6584.277096767311,1375251.411473751,1381835.6885705183,0.0047648770047172655,-0.003708473696953929
2020-07-08,6584.277096767311,1400870.4920053482,1407454.7691021154,0.004678144720037963,0.018539889180384073
2020-07-09,6584.277096767311,1433020.1486587524,1439604.4257555197,0.0045736710578059055,0.02284240840926932
2020-07-10,6584.277096767311,1418094.1574811935,1424678.4345779608,0.004621588238413817,-0.010368119818557453
2020-07-13,6584.277096767311,1475815.5616641045,1482399.8387608717,0.004441633710828697,0.04051539125038417
2020-07-14,6584.277096767311,1493994.1596865654,1500578.4367833326,0.0043878260112023785,0.012262951969595592
2020-07-15,6584.277096767311,1456749.115216732,1463333.3923134992,0.004499505807325088,-0.024820458269194212
2020-07-16,6584.277096767311,1399746.3021278381,1406330.5792246053,0.004681884326512774,-0.03895408482326346
2020-07-17,6584.277096767311,1401944.3373203278,1408528.614417095,0.004674578158635525,0.0015629576892948194
2020-07-20,6584.277096767311,1472838.4074807167,1479422.684577484,0.0044505719463452395,0.050332005636767096
2020-07-21,6584.277096767311,1467485.7446432114,1474070.0217399786,0.00446673292290097,-0.0036180754109729207
2020-07-22,6584.277096767311,1464840.4910326004,1471424.7681293676,0.004474762991204741,-0.0017945237143406345
2020-07-23,6584.277096767311,1455396.2355017662,1461980.5125985334,0.004503669535966916,-0.0064184426790917515
2020-07-24,6584.277096767311,1396074.061024189,1402658.3381209562,0.0046941417719640905,-0.04057658359080152
2020-07-27,6584.277096767311,1398546.244442463,1405130.5215392301,0.0046858829096920185,0.0017624986435298418
2020-07-28,6584.277096767311,1410598.3510017395,1417182.6280985067,0.00464603288681411,0.008577214980765024
2020-07-29,6584.277096767311,1443038.5981082916,1449622.8752050588,0.004542062083447684,0.022890660994115075
2020-07-30,6584.277096767311,1455092.2149300575,1461676.4920268247,0.004504606274153909,0.008315001803528288
2020-07-31,6584.277096767311,1468538.9335274696,1475123.2106242368,0.00446354382423486,0.009199517588714956
2020-08-03,10138.656862337812,1512539.1793727875,1522677.8362351253,0.006658438588300463,0.032237731240609024
2020-08-04,10138.656862337812,1503132.4398517609,1513271.0967140987,0.006699828526661737,-0.006177760848141811
2020-08-05,10138.656862337812,1513475.8333206177,1523614.4901829555,0.006654345260998642,0.006835122597210974
2020-08-06,10138.656862337812,1496951.0118484497,1507089.6687107875,0.006727308316704699,-0.010845802254206505
2020-08-07,10138.656862337812,1473184.9785327911,1483323.635395129,0.0068350942575232864,-0.01576948857727145
2020-08-10,10138.656862337812,1497978.3368110657,1508116.9936734035,0.006722725693609836,0.016714732838238655
2020-08-11,10138.656862337812,1481481.4383029938,1491620.0951653316,0.006797077147994604,-0.010938739220681781
2020-08-12,10138.656862337812,1481466.293811798,1491604.950674136,0.0067971461597493435,-1.0153048517369534e-05
2020-08-13,10138.656862337812,1482997.994852066,1493136.6517144039,0.006790173458468595,0.0010268811722404791
2020-08-14,10138.656862337812,1495690.5408382416,1505829.1977005794,0.006732939484650498,0.008500592341365465
2020-08-17,10138.656862337812,1523407.0401191711,1533545.696981509,0.006611251873546263,0.018406137510982745
2020-08-18,10138.656862337812,1522327.1089076996,1532465.7657700374,0.006615910833899322,-0.0007042054329370329
2020-08-19,10138.656862337812,1516731.381368637,1526870.038230975,0.006640157058870849,-0.003651453535897242
2020-08-20,10138.656862337812,1499111.1297130585,1509249.7865753963,0.0067176798383673806,-0.011540112265215008
2020-08-21,10138.656862337812,1512370.8209514618,1522509.4778137996,0.006659174875479988,0.008785617434798887
2020-08-24,10138.656862337812,1517387.0896816254,1527525.7465439632,0.00663730669370162,0.0032947372763594274
2020-08-25,10138.656862337812,1499911.9069099426,1510050.5637722805,0.006714117464391575,-0.011440188691562492
2020-08-26,10138.656862337812,1479453.8480758667,1489592.5049382045,0.006806329132784145,-0.01354792966863927
2020-08-27,10138.656862337812,1489657.33294487,1499795.9898072078,0.00676002398408939,0.006849849764400284
2020-08-28,10138.656862337812,1509360.4691028595,1519499.1259651973,0.00667236768293477,0.01313721085527253
2020-08-31,10138.656862337812,1509674.1302013397,1519812.7870636776,0.006670990630317035,0.0002064240071746326
2020-09-01,12376.494688994047,1511400.5466341972,1523777.0413231913,0.008122247778616457,0.0026083832780303684
2020-09-02,12376.494688994047,1507527.8607606888,1519904.3554496828,0.008142943103371993,-0.0025415042808005772
2020-09-03,12376.494688994047,1493584.2774271965,1505960.7721161905,0.008218338032538842,-0.009173987352228408
2020-09-04,12376.494688994047,1494749.5272040367,1507126.0218930307,0.008211983941096386,0.0007737583862843511
2020-09-07,12376.494688994047,1460686.9638085365,1473063.4584975305,0.008401874758075668,-0.02260100542402932
2020-09-08,12376.494688994047,1461439.3335700035,1473815.8282589975,0.008397585676369255,0.0005107517650559945
2020-09-09,12376.494688994047,1425023.0396032333,1437399.5342922274,0.008610337205297766,-0.024708849822700274
2020-09-10,12376.494688994047,1421036.5748405457,1433413.0695295397,0.008634283412147298,-0.002773386708136538
2020-09-11,12376.494688994047,1437867.9126501083,1450244.4073391024,0.008534075102349367,0.011742140606466611
2020-09-14,12376.494688994047,1444615.0366783142,1456991.5313673082,0.00849455499400149,0.004652404790572717
2020-09-15,12376.494688994047,1439325.7310390472,1451702.2257280413,0.008525505072355406,-0.003630292644393962
2020-09-16,12376.494688994047,1438858.494400978,1451234.989089972,0.008528249926467796,-0.00032185432369569167
2020-09-17,12376.494688994047,1440152.2421836853,1452528.7368726793,0.008520653929120098,0.0008914805613380317
2020-09-18,12376.494688994047,1459074.3942260742,1471450.8889150682,0.0084110824100419,0.01302704143611555
2020-09-21,12376.494688994047,1452563.7518405914,1464940.2465295854,0.00844846383210081,-0.004424641307793298
2020-09-22,12376.494688994047,1431446.663594246,1443823.15828324,0.008572029488507557,-0.0144149826563722
2020-09-23,12376.494688994047,1430532.1741819382,1442908.6688709322,0.00857746228573052,-0.0006333804850415792
2020-09-24,12376.494688994047,1391004.2300343513,1403380.7247233454,0.008819057060537781,-0.027394626562551094
2020-09-25,12376.494688994047,1390914.4976496696,1403290.9923386637,0.00881962098849357,-6.394015757871241e-05
2020-09-28,12376.494688994047,1388062.3767018318,1400438.8713908258,0.00883758294762449,-0.002032451546692071
2020-09-29,12376.494688994047,1402379.9617409706,1414756.4564299646,0.008748145048388918,0.010223641553821938
2020-09-30,12376.494688994047,1405747.9935765266,1418124.4882655207,0.008727368289177128,0.002380644258768827
2020-10-09,10745.280721944295,1439624.984395504,1450370.2651174483,0.00740864659209913,0.022738325950048877
2020-10-12,10745.280721944295,1476188.588821888,1486933.8695438323,0.007226468467787862,0.025209841449295833
2020-10-13,10745.280721944295,1485039.9491906166,1495785.229912561,0.0071837055929295625,0.00595275993776645
2020-10-14,10745.280721944295,1484168.2967543602,1494913.5774763045,0.007187894259469066,-0.0005827390315301662
2020-10-15,10745.280721944295,1473724.1128325462,1484469.3935544905,0.0072384656555398805,-0.006986480074283485
2020-10-16,10745.280721944295,1478659.5493674278,1489404.8300893721,0.007214479572554845,0.003324714242214144
2020-10-19,10745.280721944295,1473177.0575404167,1483922.338262361,0.007241134151620611,-0.003680995063432224
2020-10-20,10745.280721944295,1487104.8670649529,1497850.1477868971,0.007173802224355125,0.009385807575917449
2020-10-21,10745.280721944295,1473674.0117192268,1484419.2924411711,0.007238709963324018,-0.008966755029246709
2020-10-22,10745.280721944295,1470985.237276554,1481730.5179984984,0.007251845454636971,-0.0018113308391801697
2020-10-23,10745.280721944295,1463505.1154732704,1474250.3961952147,0.00728864021313883,-0.00504823361091844
2020-10-26,10745.280721944295,1457481.5723538399,1468226.8530757842,0.007318542566793433,-0.0040858344925504
2020-10-27,10745.280721944295,1454251.9649147987,1464997.245636743,0.007334676398844689,-0.002199665148662433
2020-10-28,10745.280721944295,1453925.4391789436,1464670.719900888,0.0073363115517673565,-0.000222884880382912
2020-10-29,10745.280721944295,1449209.1485619545,1459954.4292838988,0.007360011043094549,-0.003220034751092893
2020-10-30,10745.280721944295,1397652.3624420166,1408397.643163961,0.007629436739048395,-0.03531396945398235
2020-11-02,8566.331584129537,1397456.5128087997,1406022.8443929292,0.006092597725770363,-0.0016861706511356322
2020-11-03,8566.331584129537,1418902.513539791,1427468.8451239206,0.006001063780404876,0.015252953262115065
2020-11-04,8566.331584129537,1419475.1514315605,1428041.48301569,0.00599865738216473,0.0004011561399224206
2020-11-05,8566.331584129537,1449133.9429974556,1457700.274581585,0.005876606963381685,0.020768858551127423
2020-11-06,8566.331584129537,1448468.8970446587,1457035.2286287881,0.005879289268929543,-0.00045622955856805536
2020-11-09,8566.331584129537,1469524.6955752373,1478091.0271593668,0.005795537234667159,0.014451125214312244
2020-11-10,8566.331584129537,1457587.2810006142,1466153.6125847436,0.005842724466659119,-0.008076237765656913
2020-11-11,8566.331584129537,1459934.1903090477,1468500.5218931772,0.00583338681629197,0.0016007253866776594
2020-11-12,8566.331584129537,1453009.5420598984,1461575.8736440279,0.005861024212702555,-0.004715455082182851
2020-11-13,8566.331584129537,1447206.9767832756,1455773.308367405,0.005884385662858701,-0.0039700746168966905
2020-11-16,8566.331584129537,1475223.836517334,1483790.1681014635,0.0057732769553867,0.019245345118656054
2020-11-17,8566.331584129537,1475436.5982055664,1484002.929789696,0.005772449239937489,0.00014339068475210937
2020-11-18,8566.331584129537,1477421.6839313507,1485988.0155154802,0.005764738002384177,0.00133765620399795
2020-11-19,8566.331584129537,1474175.9435415268,1482742.2751256563,0.005777357082102199,-0.0021842305294084152
2020-11-20,8566.331584129537,1478135.1304531097,1486701.4620372392,0.005761971588022132,0.0026701787478524697
2020-11-23,8566.331584129537,1488514.8026704788,1497081.1342546083,0.00572202226594398,0.0069816788927790085
2020-11-24,8566.331584129537,1477123.044681549,1485689.3762656786,0.005765896775583904,-0.0076093123667621
2020-11-25,8566.331584129537,1465510.5403900146,1474076.8719741441,0.005811319441337652,-0.00781623970464318
2020-11-26,8566.331584129537,1470446.5015172958,1479012.8331014253,0.005791925122222445,0.0033485099869119406
2020-11-27,8566.331584129537,1473518.9972400665,1482085.328824196,0.005779917942326295,0.0020773962564799575
2020-11-30,8566.331584129537,1461164.2081737518,1469730.5397578813,0.00582850485337314,-0.008336084856947035
2020-12-01,13443.264787225868,1472099.4081497192,1485542.6729369452,0.009049396582225595,0.01075852528836263
2020-12-02,13443.264787225868,1478834.1431379318,1492277.4079251578,0.009008556127588368,0.004533518363964539
2020-12-03,13443.264787225868,1468344.136762619,1481787.401549845,0.009072330331034778,-0.007029528370263272
2020-12-04,13443.264787225868,1470597.3197460175,1484040.5845332434,0.00905855603096866,0.0015205845191028633
2020-12-07,13443.264787225868,1452496.2619066238,1465939.5266938498,0.009170408835038793,-0.012197144760085377
2020-12-08,13443.264787225868,1454518.1743860245,1467961.4391732505,0.009157777873781928,0.001379260496482182
2020-12-09,13443.264787225868,1431554.2474031448,1444997.5121903708,0.009303313447819133,-0.01564341294674121
2020-12-10,13443.264787225868,1426461.841225624,1439905.10601285,0.00933621579025493,-0.0035241625916722086
2020-12-11,13443.264787225868,1401367.9398298264,1414811.2046170523,0.009501808257777095,-0.017427468859585904
2020-12-14,13443.264787225868,1406229.2440414429,1419672.5088286689,0.009469271753608528,0.0034360091266965043
2020-12-15,13443.264787225868,1421993.6263561249,1435436.8911433509,0.009365277477659133,0.011104238630139207
2020-12-16,13443.264787225868,1410861.401295662,1424304.666082888,0.009438475564499437,-0.007755286999483468
2020-12-17,13443.264787225868,1420060.7850551605,1433504.0498423865,0.00937790499350452,0.006458859525328098
2020-12-18,13443.264787225868,1417213.0744695663,1430656.3392567923,0.009396571642222249,-0.001986538221435241
2020-12-21,13443.264787225868,1423507.1039915085,1436950.3687787345,0.009355413436200522,0.004399400016087629
2020-12-22,13443.264787225868,1395881.7466259003,1409325.0114131263,0.009538796713574495,-0.019224990623083915
2020-12-23,13443.264787225868,1397933.331823349,1411376.596610575,0.00952493106340994,0.0014557218390607307
2020-12-24,13443.264787225868,1381130.6542634964,1394573.9190507224,0.009639693245071307,-0.011905169463773402
2020-12-25,13443.264787225868,1390541.9011831284,1403985.1659703543,0.00957507608560426,0.00674847477861773
2020-12-28,13443.264787225868,1378124.0164279938,1391567.2812152198,0.009660520887992,-0.008844740711026033
2020-12-29,13443.264787225868,1373128.035902977,1386571.300690203,0.009695328888268582,-0.003590182517552387
2020-12-30,13443.264787225868,1373275.2499341965,1386718.5147214225,0.009694299632197874,0.00010617126659573373
2020-12-31,13443.264787225868,1383716.309762001,1397159.574549227,0.009621853532058525,0.007529328927941892
2021-01-04,9527.727650483434,1415945.3827381134,1425473.1103885968,0.006683905561632159,0.020265069470325026
2021-01-05,9527.727650483434,1430811.2837314606,1440339.011381944,0.006614920220304236,0.010428748802770782
2021-01-06,9527.727650483434,1432533.790421486,1442061.5180719693,0.006607018862289571,0.0011959036563014003
2021-01-07,9527.727650483434,1409281.364417076,1418809.0920675595,0.006715299263130005,-0.016124434161101653
2021-01-08,9527.727650483434,1406190.2247428894,1415717.9523933728,0.00672996173734756,-0.002178686118850637
2021-01-11,9527.727650483434,1372153.2321453094,1381680.9597957928,0.006895750848221572,-0.024042213026993053
2021-01-12,9527.727650483434,1388571.1136817932,1398098.8413322766,0.006814774012261014,0.011882541638925215
2021-01-13,9527.727650483434,1398625.9580135345,1408153.685664018,0.006766113491362708,0.0071917979147739786
2021-01-14,9527.727650483434,1397699.8901605606,1407227.617811044,0.00677056613293584,-0.0006576468622722098
2021-01-15,9527.727650483434,1399896.8994140625,1409424.6270645459,0.006760012183359631,0.0015612323306442022
2021-01-18,9527.727650483434,1400773.0538845062,1410300.7815349896,0.006755812501297299,0.0006216398192704364
2021-01-19,9527.727650483434,1392022.53947258,1401550.2671230633,0.006797992104871719,-0.006204714998740979
2021-01-20,9527.727650483434,1386957.951450348,1396485.6791008313,0.006822646156040887,-0.0036135614547939676
2021-01-21,9527.727650483434,1393972.5001811981,1403500.2278316815,0.006788547277404555,0.00502300083404128
2021-01-22,9527.727650483434,1384361.1282110214,1393888.8558615048,0.006835356786459665,-0.006848144217992513
2021-01-25,9527.727650483434,1367015.976190567,1376543.7038410504,0.006921485764598435,-0.012443712386045358
2021-01-26,9527.727650483434,1375897.9588508606,1385425.686501344,0.006877112026516617,0.006452379706877176
2021-01-27,9527.727650483434,1384021.793103218,1393549.5207537015,0.006837021224283699,0.005863782035738563
2021-01-28,9527.727650483434,1355798.8480567932,1365326.5757072766,0.0069783506891366335,-0.020252559830927663
2021-01-29,9527.727650483434,1345448.5624551773,1354976.2901056607,0.007031656361854467,-0.0075808131078487495
2021-02-01,7155.199433980582,1362310.6929779053,1369465.8924118858,0.005224810251666025,0.010693620554124372
2021-02-02,7155.199433980582,1365211.3907814026,1372366.590215383,0.005213766849903876,0.002118123437443664
2021-02-03,7155.199433980582,1363983.5190296173,1371138.7184635978,0.005218435842872411,-0.0008947111949093589
2021-02-04,7155.199433980582,1333297.4473953247,1340452.6468293052,0.00533789794880515,-0.02237999060275775
2021-02-05,7155.199433980582,1325553.109407425,1332708.3088414054,0.005368916353647543,-0.005777405122231016
2021-02-08,7155.199433980582,1343449.3571281433,1350604.5565621238,0.005297775280866576,0.01342848063750468
2021-02-09,7155.199433980582,1365416.2545204163,1372571.4539543968,0.005212988666904267,0.01626449228646787
2021-02-10,7155.199433980582,1372723.2765197754,1379878.475953756,0.005185383755649201,0.005323600442299403
2021-02-18,7155.199433980582,1402206.2149763107,1409361.4144102912,0.005076908847383536,0.021366329695198027
2021-02-19,7155.199433980582,1456939.4683361053,1464094.6677700859,0.004887115288028765,0.03883549868767777
2021-02-22,7155.199433980582,1479361.9938135147,1486517.1932474952,0.004813398369344854,0.01531494238112363
2021-02-23,7155.199433980582,1462392.331290245,1469547.5307242256,0.004868981291441687,-0.011415718970728572
2021-02-24,7155.199433980582,1457640.9171819687,1464796.1166159492,0.004884774988693245,-0.0032332496968878743
2021-02-25,7155.199433980582,1452419.416642189,1459574.6160761695,0.004902249844010154,-0.0035646602831270746
2021-02-26,7155.199433980582,1438189.858341217,1445345.0577751976,0.00495051295570519,-0.009749113299343248
2021-03-01,7486.509217372906,1462274.7677326202,1469761.276949993,0.005093690611381937,0.016893003538116513
2021-03-02,7486.509217372906,1455764.3016815186,1463250.8108988914,0.005116354053324501,-0.004429607823531745
2021-03-03,7486.509217372906,1477491.5100574493,1484978.0192748222,0.005041494971776678,0.014848587961884263
2021-03-04,7486.509217372906,1470042.526960373,1477529.0361777458,0.005066911738492755,-0.005016224483049281
2021-03-05,7486.509217372906,1476731.4085006714,1484217.9177180442,0.005044076835349937,0.004527072819903388
2021-03-08,7486.509217372906,1486677.3404598236,1494163.8496771965,0.0050105008356281094,0.006701126458871887
2021-03-09,7486.509217372906,1465479.2471408844,1472965.7563582573,0.005082609140814286,-0.014187261539970297
2021-03-10,7486.509217372906,1449926.0404586792,1457412.549676052,0.0051368496991719866,-0.010559109480357987
2021-03-11,7486.509217372906,1485153.3566474915,1492639.8658648643,0.005015616551977244,0.02417113548023342
2021-03-12,7486.509217372906,1497763.3677959442,1505249.877013317,0.004973598956358973,0.008448126997563588
2021-03-15,7486.509217372906,1502513.8949871063,1510000.4042044792,0.004957951796918266,0.003155972482514313
2021-03-16,7486.509217372906,1512596.5557098389,1520083.0649272117,0.004925065866536309,0.00667725696937449
2021-03-17,7486.509217372906,1501453.1051158905,1508939.6143332634,0.004961437254519213,-0.00733081688169579
2021-03-18,7486.509217372906,1519280.9709072113,1526767.4801245842,0.004903503195366728,0.011814830508773078
2021-03-19,7486.509217372906,1505329.4841766357,1512815.9933940086,0.0049487242665758,-0.009137925003116498
2021-03-22,7486.509217372906,1535669.17386055,1543155.6830779228,0.004851428342239964,0.020055109026079876
2021-03-23,7486.509217372906,1533404.6897888184,1540891.1990061912,0.004858557970998461,-0.0014674372110109468
2021-03-24,7486.509217372906,1508763.3772850037,1516249.8865023765,0.004937516753681335,-0.015991597927035528
2021-03-25,7486.509217372906,1487196.4712619781,1494682.980479351,0.005008760596826995,-0.014223846751787894
2021-03-26,7486.509217372906,1512042.6993846893,1519529.2086020622,0.004926861013919141,0.016623075559971223
2021-03-29,7486.509217372906,1518694.2044258118,1526180.7136431846,0.004905388431689502,0.004377345959174939
2021-03-30,7486.509217372906,1523612.4773979187,1531098.9866152916,0.004889631096891313,0.0032226019685219764
2021-03-31,7486.509217372906,1549275.4078865051,1556761.917103878,0.00480902643822405,0.016761117806836312
2021-04-01,10966.556669958969,1537853.0551195145,1548819.6117894733,0.007080590009632201,-0.005101811155028835
2021-04-02,10966.556669958969,1523615.4410600662,1534581.997730025,0.007146282626917852,-0.009192557965480797
2021-04-06,10966.556669958969,1529477.3271799088,1540443.8838498676,0.007119088715228899,0.0038198585207656066
2021-04-07,10966.556669958969,1538964.3429994583,1549930.8996694172,0.0070755132840425415,0.006158624743823671
2021-04-08,10966.556669958969,1524294.392824173,1535260.9494941318,0.00714312226437626,-0.009464905937686785
2021-04-09,10966.556669958969,1527277.443099022,1538243.9997689808,0.007129269915309904,0.0019430249143195244
2021-04-12,10966.556669958969,1509658.5643529892,1520625.121022948,0.007211873931545729,-0.011453890766795594
2021-04-13,10966.556669958969,1499083.5781812668,1510050.1348512257,0.007262379186529078,-0.0069543676646670605
2021-04-14,10966.556669958969,1495677.0751714706,1506643.6318414295,0.007278799337940036,-0.002255887358423192
2021-04-15,10966.556669958969,1496711.7119550705,1507678.2686250294,0.007273804297756601,0.0006867163287547218
2021-04-16,10966.556669958969,1519162.5244140625,1530129.0810840214,0.007167079435017144,0.014890983657585455
2021-04-19,10966.556669958969,1532824.9051570892,1543791.461827048,0.007103651588395402,0.00892890731371998
2021-04-20,10966.556669958969,1516759.2751264572,1527725.831796416,0.00717835389159039,-0.010406606350587433
2021-04-21,10966.556669958969,1504384.341430664,1515350.898100623,0.007236975068747914,-0.008100232016920006
2021-04-22,10966.556669958969,1503276.6943216324,1514243.2509915913,0.007242268811683723,-0.0007309509041238949
2021-04-23,10966.556669958969,1490999.106645584,1501965.663315543,0.007301469625977089,-0.00810806828295807
2021-04-26,10966.556669958969,1483049.0763187408,1494015.6329886997,0.007340322569463982,-0.005293083937281118
2021-04-27,10966.556669958969,1468800.8354187012,1479767.39208866,0.007411000356265391,-0.009536875374949627
2021-04-28,10966.556669958969,1456586.7314338684,1467553.2881038273,0.007472680385002211,-0.008254070234371635
2021-04-29,10966.556669958969,1452858.3803653717,1463824.9370353306,0.007491713245553408,-0.002540521764162973
2021-04-30,10966.556669958969,1433451.9456624985,1444418.5023324573,0.0075923678990888685,-0.01325734670306744
2021-05-06,616.5072509882884,1456839.7269248962,1457456.2341758846,0.0004230022394716306,0.009026284156824271
2021-05-07,616.5072509882884,1459792.9391384125,1460409.4463894009,0.00042214685238615204,0.002026278487316624
2021-05-10,616.5072509882884,1474011.6233110428,1474628.1305620312,0.00041807642090302215,0.009736094358868685
2021-05-11,616.5072509882884,1469691.7402505875,1470308.2475015759,0.0004193047628181979,-0.002929472841948888
2021-05-12,616.5072509882884,1513132.030248642,1513748.5374996304,0.00040727190528396396,0.029545022325672576
2021-05-13,616.5072509882884,1534391.696715355,1535008.2039663433,0.00040163124170625343,0.014044384480020211
2021-05-14,616.5072509882884,1537186.3334655762,1537802.8407165646,0.00040090136047675446,0.0018206005303424977
2021-05-17,616.5072509882884,1509510.5973482132,1510127.1045992016,0.00040824858325545635,-0.01799693392715218
2021-05-18,616.5072509882884,1514255.566239357,1514872.0734903454,0.000406969843709524,0.0031420990171573404
2021-05-19,616.5072509882884,1498896.996641159,1499513.5038921474,0.00041113817874135713,-0.010138525798294662
2021-05-20,616.5072509882884,1483763.4789466858,1484379.9861976742,0.00041532980552204,-0.0100922850345746
2021-05-21,616.5072509882884,1488638.9142513275,1489255.421502316,0.0004139701236517068,0.003284492751165713
2021-05-24,616.5072509882884,1493177.1193742752,1493793.6266252636,0.00041271246576482203,0.003047298037276658
2021-05-25,616.5072509882884,1498278.9289236069,1498895.4361745953,0.0004113077110713653,0.003415337606478941
2021-05-26,616.5072509882884,1509419.3133831024,1510035.8206340908,0.00040827326250406835,0.007432396010176312
2021-05-27,616.5072509882884,1525554.2571306229,1526170.7643816113,0.0004039569262998501,0.01068513973446339
2021-05-28,616.5072509882884,1506754.9525022507,1507371.459753239,0.0004089949076581378,-0.01231795619934406
2021-05-31,616.5072509882884,1513622.702908516,1514239.2101595043,0.00040713993327602964,0.004556110149113168
2021-06-01,13064.573719186548,1513249.218583107,1526313.7923022935,0.008559559498889105,0.00797402554482618
2021-06-02,13064.573719186548,1487473.9959955215,1500538.569714708,0.008706589742421928,-0.01688723689557048
2021-06-03,13064.573719186548,1489447.5788354874,1502512.1525546738,0.008695153444831223,0.0013152496575552508
2021-06-04,13064.573719186548,1487569.8507070541,1500634.4244262406,0.008706033599210359,-0.0012497257511299154
2021-06-07,13064.573719186548,1486285.352921486,1499349.9266406724,0.008713492085505365,-0.0008559698249354097
2021-06-08,13064.573719186548,1487225.8058309555,1500290.379550142,0.00870803005689067,0.0006272404411802324
2021-06-09,13064.573719186548,1491388.175559044,1504452.7492782304,0.008683937548357269,0.0027743760706753218
2021-06-10,13064.573719186548,1499024.1191864014,1512088.6929055878,0.008640084262571943,0.005075562280717039
2021-06-11,13064.573719186548,1499415.060710907,1512479.6344300935,0.008637850997649509,0.0002585440433089392
2021-06-15,13064.573719186548,1499945.3331947327,1513009.9069139191,0.00863482364489887,0.00035059809848325685
2021-06-16,13064.573719186548,1481477.0703315735,1494541.64405076,0.00874152538418182,-0.01220630663339728
2021-06-17,13064.573719186548,1472882.7939510345,1485947.367670221,0.008792083759783605,-0.005750442896489183
2021-06-18,13064.573719186548,1486633.3732128143,1499697.9469320008,0.008711470030290654,0.009253745833097016
2021-06-21,13064.573719186548,1499856.8665981293,1512921.4403173157,0.008635328557738214,0.008817437812972173
2021-06-22,13064.573719186548,1511132.965183258,1524197.5389024445,0.008571443914411635,0.007453195046772443
2021-06-23,13064.573719186548,1526816.7138814926,1539881.287600679,0.008484143436500051,0.01028983993080601
2021-06-24,13064.573719186548,1533051.6752958298,1546116.2490150162,0.008449929769193999,0.0040489883632861545
2021-06-25,13064.573719186548,1547402.2421121597,1560466.8158313462,0.008372221431845274,0.009281686823660484
2021-06-28,13064.573719186548,1567863.7401103973,1580928.3138295838,0.008263862190904404,0.013112421097744908
2021-06-29,13064.573719186548,1554765.6987905502,1567830.2725097367,0.00833290053665896,-0.00828503177865092
2021-06-30,13064.573719186548,1554762.4069690704,1567826.980688257,0.008332918032480445,-2.099603214400503e-06
2021-07-01,13097.78022836639,1537959.9818468094,1551057.7620751758,0.008444418092362169,-0.010695834948394434
2021-07-02,13097.78022836639,1535918.6928749084,1549016.4731032748,0.00845554611961389,-0.0013160625102509593
2021-07-05,13097.78022836639,1547981.4295768738,1561079.2098052402,0.008390208610875334,0.007787352111110257
2021-07-06,13097.78022836639,1558685.8573675156,1571783.637595882,0.008333068187680124,0.006857068958068702
2021-07-07,13097.78022836639,1556445.0018882751,1569542.7821166415,0.008344965411330228,-0.0014256768079530246
2021-07-08,13097.78022836639,1545627.2485017776,1558725.028730144,0.00840288055105963,-0.00689229596654195
2021-07-09,13097.78022836639,1570955.928993225,1584053.7092215915,0.008268520285718516,0.016249614283849745
2021-07-12,13097.78022836639,1582509.65590477,1595607.4361331363,0.008208648275109644,0.00729377220247307
2021-07-13,13097.78022836639,1608301.2973070145,1621399.0775353808,0.008078073072716782,0.016164152170629942
2021-07-14,13097.78022836639,1603639.0048503876,1616736.785078754,0.008101368354607194,-0.0028754749655549583
2021-07-15,13097.78022836639,1619372.246813774,1632470.0270421405,0.008023289868358657,0.009731480169556495
2021-07-16,13097.78022836639,1623221.650505066,1636319.4307334323,0.00800441526413684,0.002358024115313384
2021-07-19,13097.78022836639,1613602.789568901,1626700.5697972674,0.008051746259607409,-0.005878351595356546
2021-07-20,13097.78022836639,1626819.7178602219,1639917.4980885882,0.00798685314574212,0.008124991493036804
2021-07-21,13097.78022836639,1625931.1400175095,1639028.9202458758,0.007991183112499047,-0.0005418430157297927
2021-07-22,13097.78022836639,1639589.3052577972,1652687.0854861636,0.007925142238594715,0.008333083737313673
2021-07-23,13097.78022836639,1628994.009923935,1642091.7901523013,0.007976277761641809,-0.006410950643294666
2021-07-26,13097.78022836639,1607079.6925783157,1620177.472806682,0.008084163894512563,-0.013345366852839935
2021-07-27,13097.78022836639,1580544.874548912,1593642.6547772784,0.008218768611082944,-0.016377723104269992
2021-07-28,13097.78022836639,1555066.4080619812,1568164.1882903476,0.00835230158051621,-0.015987565600452447
2021-07-29,13097.78022836639,1591424.0221738815,1604521.802402248,0.008163042850995691,0.02318482617023565
2021-07-30,13097.78022836639,1616062.7137184143,1629160.4939467807,0.008039588657490642,0.015355784824889529
2021-08-02,3777.2900030994933,1643740.2858495712,1647517.5758526707,0.0022927160586706102,0.011267816752306814
2021-08-03,3777.2900030994933,1656245.166873932,1660022.4568770314,0.0022754451227157716,0.00759013512671558
2021-08-04,3777.2900030994933,1660577.904677391,1664355.1946804905,0.0022695215631688683,0.002610047704782348
2021-08-05,3777.2900030994933,1643040.0891304016,1646817.379133501,0.002293690879730073,-0.010537303337077808
2021-08-06,3777.2900030994933,1644158.7757110596,1647936.065714159,0.0022921338283002778,0.0006793021465723026
2021-08-09,3777.2900030994933,1659471.4284420013,1663248.7184451008,0.0022710313624234855,0.00929201869509777
2021-08-10,3777.2900030994933,1675082.7060222626,1678859.996025362,0.00224991363904202,0.00938601509632031
2021-08-11,3777.2900030994933,1697964.8557662964,1701742.1457693959,0.002219660606332163,0.01362957590162761
2021-08-12,3777.2900030994933,1713058.1983804703,1716835.4883835698,0.002200146740125856,0.008869347598692734
2021-08-13,3777.2900030994933,1730681.913638115,1734459.2036412144,0.0021777912072937135,0.010265232386498235
2021-08-16,3777.2900030994933,1727996.1948871613,1731773.4848902607,0.0021811686320736415,-0.001548447346190307
2021-08-17,3777.2900030994933,1712151.4437675476,1715928.733770647,0.0022013093718636742,-0.009149436261646993
2021-08-18,3777.2900030994933,1728668.6961174011,1732445.9861205006,0.0021803219455967288,0.00962583819757934
2021-08-19,3777.2900030994933,1718351.0333538055,1722128.323356905,0.002193384750641874,-0.005955546577645521
2021-08-20,3777.2900030994933,1711272.4475860596,1715049.737589159,0.002202437585518202,-0.004110370680128983
2021-08-23,3777.2900030994933,1754785.642528534,1758562.9325316334,0.002147941329379491,0.025371389522289123
2021-08-24,3777.2900030994933,1761613.6854171753,1765390.9754202748,0.002139633687772908,0.003882740141014862
2021-08-25,3777.2900030994933,1783334.248828888,1787111.5388319874,0.0021136285682360027,0.01230354279257706
2021-08-26,3777.2900030994933,1786686.73081398,1790464.0208170796,0.002109670989856431,0.001875922074390024
2021-08-27,3777.2900030994933,1786524.4386196136,1790301.7286227131,0.0021098622331138443,-9.06425331531624e-05
2021-08-30,3777.2900030994933,1782928.0690431595,1786705.359046259,0.00211410906894901,-0.002008806403388186
2021-08-31,3777.2900030994933,1801295.805978775,1805073.0959818745,0.0020925966995507324,0.010280227146920451
2021-09-01,6662.704809448893,1798651.8686294556,1805314.5734389045,0.0036906060071055934,0.0001337771071805438
2021-09-02,6662.704809448893,1860235.0734710693,1866897.7782805183,0.0035688642875698795,0.03411217399320354
2021-09-03,6662.704809448893,1863742.9549217224,1870405.6597311713,0.0035621710054098673,0.0018789895683972713
2021-09-06,6662.704809448893,1865205.3609371185,1871868.0657465674,0.0035593880420154342,0.00078186569196248
2021-09-07,6662.704809448893,1886460.2512836456,1893122.9560930945,0.0035194252903672746,0.011354908358912619
2021-09-08,6662.704809448893,1927559.4708919525,1934222.1757014014,0.0034446429645719552,0.021709746572998512
2021-09-09,6662.704809448893,1931057.299900055,1937720.0047095038,0.003438424949557014,0.0018083905003487555
2021-09-10,6662.704809448893,1933222.6141929626,1939885.3190024116,0.0034345869542820174,0.0011174546826400178
2021-09-13,6662.704809448893,1981354.02135849,1988016.726167939,0.0033514329742545925,0.024811470396754576
2021-09-14,6662.704809448893,1963706.0294628143,1970368.7342722632,0.003381450737396977,-0.008877184816092343
2021-09-15,6662.704809448893,1995190.2903079987,2001852.9951174476,0.0033282687718325667,0.015978867456406753
2021-09-16,6662.704809448893,1978878.5159111023,1985541.2207205512,0.003355611427211268,-0.008148337783384196
2021-09-17,6662.704809448893,1976743.4545993805,1983406.1594088294,0.0033592236153157694,-0.0010753044507164633
2021-09-22,6662.704809448893,2022937.5047206879,2029600.2095301368,0.0032827671076124613,0.023290262512382087
2021-09-23,6662.704809448893,2027645.786190033,2034308.4909994819,0.0032751693457148284,0.002319807342961999
2021-09-24,6662.704809448893,1970222.3719596863,1976885.0767691352,0.0033703045704295016,-0.028227485892335702
2021-09-27,6662.704809448893,1893342.1090126038,1900004.8138220527,0.0035066778573293114,-0.03888959649224
2021-09-28,6662.704809448893,1927813.9654159546,1934476.6702254035,0.003444189796650564,0.018143036350527497
2021-09-29,6662.704809448893,1867714.1503334045,1874376.8551428535,0.0035546239227015543,-0.03106773837471366
2021-09-30,6662.704809448893,1896639.588546753,1903302.2933562018,0.0035006025226293216,0.015432029121563051
2021-10-08,10826.213949933372,1911001.6231775284,1921827.8371274618,0.0056332902150669295,0.00973336912161904
2021-10-11,10826.213949933372,1903375.7576704025,1914201.971620336,0.005655732315837699,-0.003968027395484186
2021-10-12,10826.213949933372,1873112.6954555511,1883938.9094054846,0.005746584401375204,-0.01580975396720241
2021-10-13,10826.213949933372,1866637.9602193832,1877464.1741693167,0.005766402416026621,-0.0034368074271639015
2021-10-14,10826.213949933372,1888318.527340889,1899144.7412908224,0.0057005733762951335,0.01154779271945272
2021-10-15,10826.213949933372,1856564.4617319107,1867390.6756818441,0.0057975088399648215,-0.016720192473268503
2021-10-18,10826.213949933372,1869965.3882741928,1880791.6022241262,0.005756200706729472,0.007176284382693021
2021-10-19,10826.213949933372,1881655.6957960129,1892481.9097459463,0.005720643296076062,0.0062156314968631055
2021-10-20,10826.213949933372,1861148.765015602,1871974.9789655355,0.005783311246988996,-0.010835998312482498
2021-10-21,10826.213949933372,1856227.6293039322,1867053.8432538656,0.00579855475997717,-0.002628846948792729
2021-10-22,10826.213949933372,1820975.0749111176,1831801.288861051,0.005910146485738487,-0.018881380695147554
2021-10-25,10826.213949933372,1811779.5473098755,1822605.761259809,0.005939964736230259,-0.005019937291866117
2021-10-26,10826.213949933372,1809197.9967355728,1820024.2106855062,0.005948390074358249,-0.00141640646001151
2021-10-27,10826.213949933372,1776456.7198038101,1787282.9337537435,0.006057358768147358,-0.01798947329356171
2021-10-28,10826.213949933372,1738805.6411027908,1749631.8550527242,0.006187709670847945,-0.021066098707686165
2021-10-29,10826.213949933372,1752442.3192739487,1763268.533223882,0.006139855470646437,0.007794027144497173
2021-11-01,8835.572261618003,1760957.3588371277,1769792.9310987457,0.004992432790503118,0.003700172578327887
2021-11-02,8835.572261618003,1707551.2254238129,1716386.7976854309,0.005147774542156164,-0.03017648701995801
2021-11-03,8835.572261618003,1754161.708831787,1762997.281093405,0.0050116766238789716,0.027156165190054482
2021-11-04,8835.572261618003,1776501.4435768127,1785337.0158384307,0.004948966040156087,0.012671451615155371
2021-11-05,8835.572261618003,1757347.249698639,1766182.821960257,0.005002637412027113,-0.010728615218443038
2021-11-08,8835.572261618003,1752033.1008911133,1760868.6731527313,0.005017734937494477,-0.003008832801140948
2021-11-09,8835.572261618003,1770278.0271053314,1779113.5993669494,0.004966277737836363,0.010361321370748078
2021-11-10,8835.572261618003,1779891.8698310852,1788727.4420927032,0.004939585569996576,0.005403726175312595
2021-11-11,8835.572261618003,1798360.260295868,1807195.832557486,0.004889106151331803,0.010324876797985327
2021-11-12,8835.572261618003,1820330.1560401917,1829165.7283018096,0.0048303836688548245,0.012156898189186638
2021-11-15,8835.572261618003,1844199.2174625397,1853034.7897241577,0.004768163183235898,0.013049151890959676
2021-11-16,8835.572261618003,1827145.495891571,1835981.068153189,0.004812452816033497,-0.009203130813052462
2021-11-17,8835.572261618003,1882107.2694778442,1890942.8417394622,0.0046725750068099545,0.029935915211565467
2021-11-18,8835.572261618003,1865795.509815216,1874631.082076834,0.004713232564046362,-0.00862625739000289
2021-11-19,8835.572261618003,1891423.914718628,1900259.486980246,0.004649666175675224,0.013671172503455509
2021-11-22,8835.572261618003,1896811.1585617065,1905646.7308233245,0.004636521616889947,0.0028350043138789527
2021-11-23,8835.572261618003,1908064.5858764648,1916900.1581380828,0.00460930227592038,0.005905306126648302
2021-11-24,8835.572261618003,1911068.1812286377,1919903.7534902557,0.00460209124835322,0.0015669023446116537
2021-11-25,8835.572261618003,1935015.0614738464,1943850.6337354644,0.004545396702954916,0.012472958710391113
2021-11-26,8835.572261618003,1919663.9954566956,1928499.5677183135,0.0045815785543948705,-0.00789724567862038
2021-11-29,8835.572261618003,1921994.4482803345,1930830.0205419525,0.004576048729104596,0.0012084279730464331
2021-11-30,8835.572261618003,1964894.2602157593,1973729.8324773773,0.004476586469044656,0.022218326563714585
2021-12-01,5563.085707080099,1997303.610610962,2002866.696318042,0.0027775616406758197,0.014762336446064062
2021-12-02,5563.085707080099,1989919.9447631836,1995483.0304702637,0.002787839145777692,-0.003686548815930668
2021-12-03,5563.085707080099,1995574.540734291,2001137.6264413712,0.0027799615746433946,0.002833697848973804
2021-12-06,5563.085707080099,1975001.4006614685,1980564.4863685486,0.0028088384626547857,-0.010280722225691097
2021-12-07,5563.085707080099,1975790.4217004776,1981353.5074075577,0.002807719917865112,0.00039838189790830647
2021-12-08,5563.085707080099,1991675.312590599,1997238.3982976791,0.0027853889209328866,0.008017191697863968
2021-12-09,5563.085707080099,2004413.3932352066,2009976.4789422867,0.0027677367199876743,0.006377846858674818
2021-12-10,5563.085707080099,2009726.3003110886,2015289.3860181686,0.0027604401361293854,0.0026432682827601806
2021-12-13,5563.085707080099,2021008.1635713577,2026571.2492784378,0.00274507284609946,0.005598135602033816
2021-12-14,5563.085707080099,1999779.9135446548,2005342.999251735,0.00277413176157689,-0.010474958644686838
2021-12-15,5563.085707080099,2005724.1551160812,2011287.2408231613,0.0027659329777298693,0.0029642019213891313
2021-12-16,5563.085707080099,2035530.4460763931,2041093.5317834732,0.002725541784564458,0.014819509792203034
2021-12-17,5563.085707080099,2010302.8024196625,2015865.8881267426,0.002759650698911144,-0.012359866544031983
2021-12-20,5563.085707080099,1997772.9007482529,2003335.986455333,0.0027769109848235314,-0.0062156424915018604
2021-12-21,5563.085707080099,2017117.3741102219,2022680.459817302,0.002750353215743521,0.009656130321003653
2021-12-22,5563.085707080099,2040293.5003995895,2045856.5861066696,0.0027191963233683105,0.01145812536868096
2021-12-23,5563.085707080099,2033021.99344635,2038585.0791534302,0.0027288955285546877,-0.003554260353643479
2021-12-24,5563.085707080099,1992838.7969017029,1998401.882608783,0.0027837672469652876,-0.019711316910714483
2021-12-27,5563.085707080099,2025134.884762764,2030697.970469844,0.0027394943945272987,0.016160957484137706
2021-12-28,5563.085707080099,2024242.913365364,2029805.9990724442,0.002740698229102806,-0.0004392437528233373
2021-12-29,5563.085707080099,2037790.4173612595,2043353.5030683395,0.002722527305591745,0.00667428512975432
2021-12-30,5563.085707080099,2061030.3206920624,2066593.4063991425,0.0026919110889709495,0.011373413017329304
2021-12-31,5563.085707080099,2064833.1446647644,2070396.2303718445,0.0026869666904682133,0.0018401413461044402
2022-01-04,14882.704611016929,2094231.4160585403,2109114.1206695572,0.007056377113578037,0.018700715220467234
2022-01-05,14882.704611016929,2072347.3778009415,2087230.0824119584,0.007130361303445183,-0.010375938429852072
2022-01-06,14882.704611016929,2084560.2237939835,2099442.9284050004,0.007088882679141792,0.005851221720093891
2022-01-07,14882.704611016929,2109886.3160848618,2124769.0206958787,0.007004387049159219,0.012063243991166317
2022-01-10,14882.704611016929,2147819.388318062,2162702.0929290787,0.006881532440217126,0.017852798051797958
2022-01-11,14882.704611016929,2150531.7050457,2165414.409656717,0.006872912891244814,0.001254133306896943
2022-01-12,14882.704611016929,2191105.759358406,2205988.463969423,0.006746501558869084,0.018737316114534552
2022-01-13,14882.704611016929,2184234.3482732773,2199117.052884294,0.0067675818308521735,-0.0031148898543034154
2022-01-14,14882.704611016929,2214666.1479234695,2229548.8525344864,0.006675209020021562,0.013838190018252483
2022-01-17,14882.704611016929,2199672.9900836945,2214555.6946947114,0.006720402041217839,-0.006724749638354566
2022-01-18,14882.704611016929,2136528.7173748016,2151411.4219858185,0.006917646926537063,-0.028513291790386752
2022-01-19,14882.704611016929,2152265.7779216766,2167148.4825326935,0.006867413437967976,0.007314761084771693
2022-01-20,14882.704611016929,2102349.1884946823,2117231.893105699,0.007029321946017906,-0.023033303822661
2022-01-21,14882.704611016929,2056301.7643928528,2071184.4690038697,0.007185600719657155,-0.0217488808154519
2022-01-24,14882.704611016929,2037354.1632890701,2052236.867900087,0.0072519429135124045,-0.009148195820962046
2022-01-25,14882.704611016929,1944208.5333824158,1959091.2379934327,0.0075967388972962265,-0.04538736798056053
2022-01-26,14882.704611016929,1976445.7193374634,1991328.4239484803,0.0074737569313187155,0.01645517336296498
2022-01-27,14882.704611016929,1933665.1801347733,1948547.8847457902,0.0076378439182974165,-0.02148341714415103
2022-01-28,14882.704611016929,1926944.9456214905,1941827.6502325074,0.0076642768008967875,-0.0034488423743096464
2022-02-07,1926.674009917755,1975413.7161254883,1977340.390135406,0.0009743765006417629,0.018288306842600743
2022-02-08,1926.674009917755,2023415.4799461365,2025342.1539560542,0.000951283222024697,0.024275923386848586
2022-02-09,1926.674009917755,2039764.8243427277,2041691.4983526454,0.0009436655887886621,0.008072386369214923
2022-02-10,1926.674009917755,2036180.245065689,2038106.9190756069,0.0009453252878370126,-0.001755690945439481
2022-02-11,1926.674009917755,1980638.2699489594,1982564.9439588771,0.0009718087751871994,-0.02725174749022541
2022-02-14,1926.674009917755,1993645.7740783691,1995572.448088287,0.0009654743488583765,0.006560947306692322
2022-02-15,1926.674009917755,2001645.7709789276,2003572.4449888454,0.0009616193388647255,0.004008873197373752
2022-02-16,1926.674009917755,2055711.0243320465,2057637.6983419643,0.0009363524061938896,0.026984426486969415
2022-02-17,1926.674009917755,2052818.8067913055,2054745.4808012233,0.0009376703966111033,-0.0014056009680768478
2022-02-18,1926.674009917755,2093769.2767620087,2095695.9507719264,0.0009193480615392161,0.019929704361600464
2022-02-21,1926.674009917755,2115570.1718330383,2117496.845842956,0.0009098828240052295,0.010402699429275186
2022-02-22,1926.674009917755,2068633.3146095276,2070559.9886194454,0.0009305086645677787,-0.022166199357348093
2022-02-23,1926.674009917755,2081770.080089569,2083696.7540994869,0.0009246422283507407,0.006344547152580038
2022-02-24,1926.674009917755,2030001.0568618774,2031927.7308717952,0.0009482000666879617,-0.024844797173984468
2022-02-25,1926.674009917755,2060982.483291626,2062909.1573015437,0.0009339596962369416,0.01524730725361767
2022-02-28,1926.674009917755,2078526.607990265,2080453.2820001827,0.0009260837657769553,0.0085045551504499
2022-03-01,5616.80745709421,2083447.5724697113,2089064.3799268056,0.002688671307148038,0.004139048928002875
2022-03-02,5616.80745709421,2085556.5738201141,2091173.3812772084,0.0026859597139973538,0.0010095434926120639
2022-03-03,5616.80745709421,2099977.830219269,2105594.637676363,0.002667563526516509,0.006896250941347715
2022-03-04,5616.80745709421,2078830.1908493042,2084446.9983063985,0.0026946271417108876,-0.010043547315119472
2022-03-07,5616.80745709421,2058232.7153205872,2063849.5227776815,0.0027215198565129373,-0.009881506003967644
2022-03-08,5616.80745709421,1990090.6532287598,1995707.460685854,0.0028144442849173455,-0.03301697209015353
2022-03-09,5616.80745709421,1971391.7469501495,1977008.5544072438,0.0028410638105601255,-0.009369562747530202
2022-03-10,5616.80745709421,2040482.633304596,2046099.4407616903,0.0027451292665439915,0.03494718634394656
2022-03-11,5616.80745709421,2063207.9774856567,2068824.784942751,0.002714974945183499,0.011106666532590959
2022-03-14,5616.80745709421,2025842.7125930786,2031459.520050173,0.002764912321243539,-0.01806110655891635
2022-03-15,5616.80745709421,1939207.7465295792,1944824.5539866735,0.002888079259170387,-0.04264666128388306
2022-03-16,5616.80745709421,1980032.6446771622,1985649.4521342565,0.002828700428999206,0.02099155837162603
2022-03-17,5616.80745709421,2002586.4742994308,2008203.2817565252,0.00279693171907444,0.011358414546951856
2022-03-18,5616.80745709421,2043742.027759552,2049358.8352166463,0.0027407632868259664,0.02049371885505713
2022-03-21,5616.80745709421,2070045.901966095,2075662.7094231893,0.0027060309132089567,0.012835172520561766
2022-03-22,5616.80745709421,2051458.5020542145,2057075.3095113088,0.002730482171033676,-0.00895492308432222
2022-03-23,5616.80745709421,2043612.2023105621,2049229.0097676564,0.0027409369232631784,-0.003814298731491972
2022-03-24,5616.80745709421,2037687.5276565552,2043304.3351136495,0.0027488844224381292,-0.0028911725462439364
2022-03-25,5616.80745709421,2036697.735452652,2042314.5429097463,0.0027502166483580814,-0.0004844076268492037
2022-03-28,5616.80745709421,2021403.6589622498,2027020.466419344,0.0027709673139196716,-0.007488599904210802
2022-03-29,5616.80745709421,2024175.1101970673,2029791.9176541616,0.0027671838715298347,0.0013672537010507302
2022-03-30,5616.80745709421,2053399.8083114624,2059016.6157685567,0.0027279077857259824,0.014397878846699852
2022-03-31,5616.80745709421,2031344.992017746,2036961.7994748403,0.0027574436882136467,-0.010711334782251947
2022-04-01,5799.428984329497,2014541.6230201721,2020341.0520045017,0.0028705197959401634,-0.00815957740327955
2022-04-06,5799.428984329497,2049417.6973819733,2055217.1263663028,0.0028218084162149304,0.01726246879317661
2022-04-07,5799.428984329497,2002909.7820281982,2008709.2110125278,0.0028871421271604494,-0.022629198033203735
2022-04-08,5799.428984329497,1993779.2053699493,1999578.634354279,0.0029003255409369277,-0.004545494493773172
2022-04-11,5799.428984329497,1950030.866098404,1955830.2950827335,0.0029652005078918036,-0.02187877911871816
2022-04-12,5799.428984329497,1973409.9817752838,1979209.4107596134,0.002930174519584412,0.011953550231663002
2022-04-13,5799.428984329497,1935948.942375183,1941748.3713595127,0.0029867046986469387,-0.01892727429267993
2022-04-14,5799.428984329497,1961805.0748825073,1967604.503866837,0.0029474566524584403,0.013315902765105081
2022-04-15,5799.428984329497,1925942.491388321,1931741.9203726505,0.003002175872028876,-0.01822652033155414
2022-04-18,5799.428984329497,1936269.8558092117,1942069.2847935413,0.0029862111664806165,0.005346140864872062
2022-04-19,5799.428984329497,1934312.2620105743,1940111.690994904,0.0029892242860283503,-0.0010079938002034439
2022-04-20,5799.428984329497,1895988.5865688324,1901788.015553162,0.003049461315825282,-0.019753334624816987
2022-04-21,5799.428984329497,1824910.5964899063,1830710.0254742359,0.0031678577730119687,-0.037374296976128596
2022-04-22,5799.428984329497,1819705.4755926132,1825504.9045769428,0.0031768903878532737,-0.002843225210363287
2022-04-25,5799.428984329497,1697249.070596695,1703048.4995810245,0.0034053222710664103,-0.067080841409351
2022-04-26,5799.428984329497,1659581.023311615,1665380.4522959446,0.0034823448157652063,-0.022118012079131555
2022-04-27,5799.428984329497,1719715.773844719,1725515.2028290485,0.0033609839976032146,0.03610871644986613
2022-04-28,5799.428984329497,1675780.1744937897,1681579.6034781192,0.00344879836335679,-0.02546230788282544
2022-04-29,5799.428984329497,1672580.1135063171,1678379.5424906467,0.0034553739708501102,-0.0019030089214056023
2022-05-05,13462.353496649725,1671069.521164894,1684531.8746615439,0.007991747558564055,0.0036656382034825352
2022-05-06,13462.353496649725,1636731.133532524,1650193.4870291739,0.00815804546707178,-0.02038452827689552
2022-05-09,13462.353496649725,1657472.1609592438,1670934.5144558935,0.008056781028928277,0.012568845768540449
2022-05-10,13462.353496649725,1669608.8286876678,1683071.1821843176,0.007998683382587574,0.007263401182646678
2022-05-11,13462.353496649725,1671873.7582683563,1685336.111765006,0.007987933921709524,0.0013457122934925625
2022-05-12,13462.353496649725,1680927.2866725922,1694389.640169242,0.00794525248354626,0.00537194233306626
2022-05-13,13462.353496649725,1692481.801867485,1705944.1553641348,0.00789143856457375,0.006819278707192122
2022-05-16,13462.353496649725,1700130.3490638733,1713592.702560523,0.007856215468549617,0.004483468683507796
2022-05-17,13462.353496649725,1694808.073091507,1708270.4265881567,0.007880692241179526,-0.003105916571898071
2022-05-18,13462.353496649725,1687477.7907133102,1700940.14420996,0.007914654458874341,-0.004291055013366463
2022-05-19,13462.353496649725,1692885.661816597,1706348.0153132468,0.007889570811953236,0.0031793423899690865
2022-05-20,13462.353496649725,1713366.966843605,1726829.3203402548,0.007795995433988288,0.012003005742792894
2022-05-23,13462.353496649725,1729578.3386945724,1743040.6921912222,0.007723487786005642,0.009387941043167647
2022-05-24,13462.353496649725,1659492.0964479446,1672954.4499445944,0.008047053221978384,-0.04020918304467147
2022-05-25,13462.353496649725,1686442.8938150406,1699905.2473116904,0.007919472875290972,0.01610970183198268
2022-05-26,13462.353496649725,1695510.5045080185,1708972.8580046683,0.007877453075742735,0.005334185953786541
2022-05-27,13462.353496649725,1710272.6529359818,1723735.0064326315,0.007809990193626593,0.008638023921104798
2022-05-30,13462.353496649725,1716600.144815445,1730062.4983120947,0.007781426110203553,0.003670803143087653
2022-05-31,13462.353496649725,1726639.6424531937,1740101.9959498434,0.00773653126539932,0.005802968186145563
2022-06-01,9390.261175100415,1728552.014374733,1737942.2755498334,0.005403091522202378,-0.0012411458667577202
2022-06-02,9390.261175100415,1735475.548672676,1744865.8098477765,0.005381652343752228,0.003983753888346264
2022-06-06,9390.261175100415,1762108.820104599,1771499.0812796995,0.005300742898673737,0.015263793514440183
2022-06-07,9390.261175100415,1765726.8373966217,1775117.0985717222,0.005289939003266837,0.0020423478229574243
2022-06-08,9390.261175100415,1766005.0411462784,1775395.3023213788,0.005289110071893503,0.00015672416759460184
2022-06-09,9390.261175100415,1760743.644475937,1770133.9056510373,0.005304830976415184,-0.0029635071487809084
2022-06-10,9390.261175100415,1798671.702170372,1808061.9633454725,0.005193550533923923,0.021426660194097336
2022-06-13,9390.261175100415,1813919.1777944565,1823309.438969557,0.005150119323907696,0.008433049272200899
2022-06-14,9390.261175100415,1834478.5662174225,1843868.827392523,0.005092694792383632,0.01127586353887633
2022-06-15,9390.261175100415,1819678.2968997955,1829068.558074896,0.005133903337654939,-0.008026747400766254
2022-06-16,9390.261175100415,1821710.3596448898,1831100.6208199903,0.005128205991703141,0.0011109822735311248
2022-06-17,9390.261175100415,1840930.822610855,1850321.0837859556,0.005074936051578104,0.010496672191262713
2022-06-20,9390.261175100415,1838564.734697342,1847954.9958724424,0.005081433907251165,-0.0012787445023714206
2022-06-21,9390.261175100415,1817152.54342556,1826542.8046006605,0.0051410025275336595,-0.011586965764646795
2022-06-22,9390.261175100415,1801865.4389858246,1811255.700160925,0.005184392890670332,-0.008369420306620023
2022-06-23,9390.261175100415,1815679.1955709457,1825069.4567460462,0.0051451527723457196,0.0076266186954685455
2022-06-24,9390.261175100415,1830761.523771286,1840151.7849463865,0.005102981858300349,0.008263974910429406
2022-06-27,9390.261175100415,1844144.6620941162,1853534.9232692167,0.005066136632882059,0.007272844790474853
2022-06-28,9390.261175100415,1867517.6245450974,1876907.8857201978,0.005003048496169129,0.012609939072395049
2022-06-29,9390.261175100415,1822168.2646989822,1831558.5258740827,0.005126923897023197,-0.024161739737543875
2022-06-30,9390.261175100415,1846598.457312584,1855988.7184876844,0.005059438714019707,0.013338472272919955
2022-07-01,15994.337204007694,1846952.287530899,1862946.6247349067,0.008585504808160381,0.0037488946877284324
2022-07-04,15994.337204007694,1880640.947008133,1896635.2842121406,0.008433006249091119,0.018083534455544337
2022-07-05,15994.337204007694,1893167.140197754,1909161.4774017616,0.008377676479086984,0.0066044290612385925
2022-07-06,15994.337204007694,1854604.6761512756,1870599.0133552833,0.008550382572542224,-0.0201986392994683
2022-07-07,15994.337204007694,1863072.4681854248,1879066.8053894325,0.008511851286039243,0.004526780979618117
2022-07-08,15994.337204007694,1853423.107290268,1869417.4444942756,0.008555786858153858,-0.0051351877791046
2022-07-11,15994.337204007694,1838481.182050705,1854475.5192547126,0.008624722752034812,-0.007992824333360793
2022-07-12,15994.337204007694,1830344.260597229,1846338.5978012367,0.008662732406209236,-0.004387721147565249
2022-07-13,15994.337204007694,1835778.3253192902,1851772.6625232978,0.008637311440926655,0.0029431571914990684
2022-07-14,15994.337204007694,1837398.3618736267,1853392.6990776344,0.008629761632258232,0.0008748571501908664
2022-07-15,15994.337204007694,1801559.106683731,1817553.4438877387,0.008799926768478333,-0.019337108216586518
2022-07-18,15994.337204007694,1847573.4346866608,1863567.7718906684,0.008582643167187185,0.025316629977331084
2022-07-19,15994.337204007694,1852899.8613357544,1868894.198539762,0.008558182275114705,0.0028581877887325913
2022-07-20,15994.337204007694,1869696.0527420044,1885690.389946012,0.008481952970267626,0.008987235028806717
2022-07-21,15994.337204007694,1842698.8069534302,1858693.1441574378,0.008605152095322366,-0.014316902675283405
2022-07-22,15994.337204007694,1834507.7511310577,1850502.0883350654,0.008643241909766298,-0.004406889780661172
2022-07-25,15994.337204007694,1831995.6486701965,1847989.9858742042,0.008654991274988682,-0.0013575247910805333
2022-07-26,15994.337204007694,1841388.1878852844,1857382.525089292,0.00861122412209557,0.005082570407244136
2022-07-27,15994.337204007694,1852566.888666153,1868561.2258701606,0.008559707320566589,0.006018523718118285
2022-07-28,15994.337204007694,1856888.2458686829,1872882.5830726905,0.008539957255498125,0.0023126655646605876
2022-07-29,15994.337204007694,1839629.0021896362,1855623.339393644,0.008619387816729074,-0.009215336740827973
2022-08-01,12595.595148993307,1830190.9532546997,1842786.548403693,0.00683508090500454,-0.006917778364517457
2022-08-02,12595.595148993307,1744277.8685331345,1756873.4636821277,0.007169324034637612,-0.04662128926217046
2022-08-03,12595.595148993307,1733708.631515503,1746304.2266644961,0.007212715262707316,-0.006015935260061389
2022-08-04,12595.595148993307,1757130.9314727783,1769726.5266217715,0.007117255101011014,0.013412496860305323
2022-08-05,12595.595148993307,1779960.7750415802,1792556.3701905734,0.007026610352930894,0.01290020984902207
2022-08-08,12595.595148993307,1805482.5431108475,1818078.1382598407,0.006927972392346724,0.014237637651838053
2022-08-09,12595.595148993307,1808722.9258537292,1821318.5210027224,0.006915646551520726,0.0017823121430762257
2022-08-10,12595.595148993307,1802501.6973495483,1815097.2924985415,0.006939349863529934,-0.003415782814724655
2022-08-11,12595.595148993307,1831136.641573906,1843732.2367228991,0.006831575050930968,0.015775983107186864
2022-08-12,12595.595148993307,1837583.5837125778,1850179.178861571,0.0068077704542883625,0.003496680271822372
2022-08-15,12595.595148993307,1836486.7717504501,1849082.3668994433,0.006811808589205091,-0.0005928139148136946
2022-08-16,12595.595148993307,1839902.5982141495,1852498.1933631427,0.0067992482767966775,0.0018473089813879628
2022-08-17,12595.595148993307,1841811.9798660278,1854407.575015021,0.006792247464202297,0.001030706350332311
2022-08-18,12595.595148993307,1825297.1230268478,1837892.718175841,0.006853280947483584,-0.008905731976987963
2022-08-19,12595.595148993307,1817513.9583349228,1830109.553483916,0.006882426860739298,-0.004234830801032818
2022-08-22,12595.595148993307,1843003.7693023682,1855599.3644513614,0.0067878850307309755,0.013928024646896908
2022-08-23,12595.595148993307,1864322.5489616394,1876918.1441106326,0.006710785544119539,0.011488891442671179
2022-08-24,12595.595148993307,1827151.8392801285,1839747.4344291217,0.00684637190588161,-0.019804118681544303
2022-08-25,12595.595148993307,1856432.7349185944,1869028.3300675876,0.006739114087445548,0.015915714891349575
2022-08-26,12595.595148993307,1834271.10517025,1846866.7003192431,0.0068199806444157966,-0.01185730006968011
2022-08-29,12595.595148993307,1836864.6411895752,1849460.2363385684,0.006810416845689628,0.0014042897729851234
2022-08-30,12595.595148993307,1819254.8276901245,1831850.4228391177,0.006875886257935763,-0.009521596168141078
2022-08-31,12595.595148993307,1771238.5369300842,1783834.1320790774,0.007060967677702752,-0.02621190582013877
2022-09-01,16764.995703873326,1761661.7564201355,1778426.7521240087,0.009426868823161018,-0.0030313244139836826
2022-09-02,16764.995703873326,1766324.579334259,1783089.5750381323,0.009402217330284597,0.0026218807766777985
2022-09-05,16764.995703873326,1775836.5585327148,1792601.554236588,0.009352326881705179,0.005334549274257583
2022-09-06,16764.995703873326,1817816.5623188019,1834581.558022675,0.009138321286704068,0.023418480078226223
2022-09-07,16764.995703873326,1817649.4186878204,1834414.4143916937,0.009139153929638485,-9.110722292526852e-05
2022-09-08,16764.995703873326,1796234.4228744507,1812999.418578324,0.009247104842989809,-0.011674022862751654
2022-09-09,16764.995703873326,1799828.4328460693,1816593.4285499426,0.009228810057545805,0.001982355832434335
2022-09-13,16764.995703873326,1792455.0695896149,1809220.065293488,0.009266421495913347,-0.004058895700365994
2022-09-14,16764.995703873326,1775295.7769870758,1792060.772690949,0.009355149088330914,-0.009484358996292408
2022-09-15,16764.995703873326,1735579.1373252869,1752344.13302916,0.009567182260537375,-0.02216255177671833
2022-09-16,16764.995703873326,1689613.5465621948,1706378.542266068,0.009824898337979237,-0.02623091543305156
2022-09-19,16764.995703873326,1671165.616941452,1687930.6126453253,0.009932277771536605,-0.010811158933259901
2022-09-20,16764.995703873326,1679471.386051178,1696236.3817550512,0.009883643508770296,0.004920681601187971
2022-09-21,16764.995703873326,1686312.3057842255,1703077.3014880987,0.00984394289632336,0.004032999059936149
2022-09-22,16764.995703873326,1681604.1127681732,1698369.1084720464,0.009871232125127447,-0.002764521030218847
2022-09-23,16764.995703873326,1650173.6669063568,1666938.66261023,0.01005735608628893,-0.018506251500354454
2022-09-26,16764.995703873326,1604125.168466568,1620890.1641704412,0.010343079422937653,-0.02762459079788948
2022-09-27,16764.995703873326,1640839.5580768585,1657604.5537807317,0.010113989893207668,0.02265075723319021
2022-09-28,16764.995703873326,1592434.044599533,1609199.0403034063,0.010418223777160824,-0.029202087655297637
2022-09-29,16764.995703873326,1598764.1718387604,1615529.1675426336,0.010377402055435747,0.003933713034053099
2022-09-30,16764.995703873326,1587586.2552165985,1604351.2509204717,0.010449704012294484,-0.006919043522541024
2022-10-10,19435.47053562975,1569092.3583507538,1588527.8288863834,0.012234894587433655,-0.009862816527870577
2022-10-11,19435.47053562975,1585474.5804309845,1604910.0509666142,0.01211000611774102,0.010312832915061465
2022-10-12,19435.47053562975,1619706.2601089478,1639141.7306445774,0.011857101904169647,0.021329344692773367
2022-10-13,19435.47053562975,1615667.7760124207,1635103.2465480503,0.011886387343833462,-0.0024637796848347993
2022-10-14,19435.47053562975,1658948.0966806412,1678383.5672162708,0.011579874180885233,0.02646947265231825
2022-10-17,19435.47053562975,1675106.0336351395,1694541.5041707691,0.011469456775058794,0.009627082432234202
2022-10-18,19435.47053562975,1668987.89396286,1688423.3644984898,0.011511017286474617,-0.0036104985668516942
2022-10-19,19435.47053562975,1651532.8170537949,1670968.2875894245,0.011631262352481736,-0.010338092492726103
2022-10-20,19435.47053562975,1644704.0394544601,1664139.5099900898,0.011678991105586749,-0.004086718850413451
2022-10-21,19435.47053562975,1639751.4191627502,1659186.88969838,0.011713852523969065,-0.002976084794561129
2022-10-24,19435.47053562975,1613635.8697414398,1633071.3402770695,0.011901176670170635,-0.015739968525220194
2022-10-25,19435.47053562975,1607069.4133996964,1626504.883935326,0.011949223594463276,-0.00402092436490209
2022-10-26,19435.47053562975,1640087.7846240997,1659523.2551597294,0.01171147826654534,0.020300198020011706
2022-10-27,19435.47053562975,1652267.6678657532,1671703.1384013828,0.011626149457502073,0.0073393869014997115
2022-10-28,19435.47053562975,1583323.5471725464,1602759.017708176,0.012126258733156902,-0.04124184438580203
2022-10-31,19435.47053562975,1587043.917107582,1606479.3876432118,0.01209817610180644,0.0023212285152858225
2022-11-01,8998.507283523082,1637405.1038265228,1646403.6111100458,0.0054655536605972745,0.024851998583937718
2022-11-02,8998.507283523082,1661817.6692008972,1670816.1764844202,0.005385695572122677,0.014827813307524806
2022-11-03,8998.507283523082,1659733.8615894318,1668732.3688729547,0.005392420888677664,-0.0012471794568388317
2022-11-04,8998.507283523082,1700220.1189041138,1709218.6261876367,0.005264690628602612,0.02426168394038286
2022-11-07,8998.507283523082,1705311.5939617157,1714310.1012452387,0.005249054577107582,0.0029788319525621
2022-11-08,8998.507283523082,1701251.424741745,1710249.932025268,0.005261515942799718,-0.0023683983527960084
2022-11-09,8998.507283523082,1700795.2355384827,1709793.7428220056,0.005262919765205768,-0.0002667383256212963
2022-11-10,8998.507283523082,1695695.0148582458,1704693.5221417688,0.0052786657347165845,-0.0029829449906740857
2022-11-11,8998.507283523082,1697037.4512672424,1706035.9585507654,0.005274512086584088,0.0007874942865448986
2022-11-14,8998.507283523082,1698572.5001335144,1707571.0074170374,0.005269770477735331,0.0008997752119925817
2022-11-15,8998.507283523082,1723934.4014167786,1732932.9087003015,0.005192646084765022,0.014852618821180386
2022-11-16,8998.507283523082,1715606.476688385,1724604.983971908,0.0052177207923861935,-0.004805682139558121
2022-11-17,8998.507283523082,1712130.4856300354,1721128.9929135584,0.005228258498097952,-0.0020155288258207893
2022-11-18,8998.507283523082,1710887.3022079468,1719885.8094914698,0.005232037635210056,-0.000722306943411688
2022-11-21,8998.507283523082,1749958.0205917358,1758956.5278752588,0.0051158213070750976,0.02271704212464054
2022-11-22,8998.507283523082,1732265.1816368103,1741263.6889203333,0.005167802751978701,-0.010058713034993394
2022-11-23,8998.507283523082,1737507.4146270752,1746505.9219105982,0.005152291309541696,0.003010591114729566
2022-11-24,8998.507283523082,1757619.860649109,1766618.3679326319,0.005093633943166514,0.011515818967296587
2022-11-25,8998.507283523082,1731214.8107528687,1740213.3180363916,0.005170921972759494,-0.014946663283672557
2022-11-28,8998.507283523082,1718930.0094604492,1727928.5167439722,0.00520768492233663,-0.0070593651738519725
2022-11-29,8998.507283523082,1762583.7337493896,1771582.2410329126,0.005079361869351628,0.02526361702230573
2022-11-30,8998.507283523082,1765693.6698913574,1774692.1771748804,0.005070460894152213,0.001755456828329116
2022-12-01,160.4673121428309,1768938.931941986,1769099.3992541288,9.070565068898087e-05,-0.003151407321609234
2022-12-02,160.4673121428309,1788206.9024324417,1788367.3697445844,8.972838291371249e-05,0.010891400731117384
2022-12-05,160.4673121428309,1787048.426771164,1787208.8940833067,8.978654519573529e-05,-0.0006477839401884955
2022-12-06,160.4673121428309,1767812.2712373734,1767972.738549516,9.07634538949293e-05,-0.010763238476192316
2022-12-07,160.4673121428309,1775506.7598819733,1775667.227194116,9.037014913903607e-05,0.004352153444918239
2022-12-08,160.4673121428309,1776746.833229065,1776907.3005412077,9.030708135081443e-05,0.000698370352338662
2022-12-09,160.4673121428309,1800555.3322315216,1800715.7995436643,8.9113069471316e-05,0.013398841343724044
2022-12-12,160.4673121428309,1786969.8426485062,1787130.3099606489,8.97904933112372e-05,-0.007544494020910064
2022-12-13,160.4673121428309,1762302.4022817612,1762462.869593904,9.104720156731859e-05,-0.013802821332759008
2022-12-14,160.4673121428309,1735933.3683013916,1736093.8356135343,9.243009153714429e-05,-0.014961469223147561
2022-12-15,160.4673121428309,1741535.6806278229,1741696.1479399656,9.213278236426463e-05,0.0032269640105320185
2022-12-16,160.4673121428309,1722532.2246789932,1722692.691991136,9.314912223686184e-05,-0.010910890496776071
2022-12-19,160.4673121428309,1691745.8329677582,1691906.300279901,9.484408924789982e-05,-0.01787108742862975
2022-12-20,160.4673121428309,1677095.7033634186,1677256.1706755613,9.567251261218987e-05,-0.008658948549287837
2022-12-21,160.4673121428309,1661037.7523183823,1661198.219630525,9.65973297145245e-05,-0.009573940657239377
2022-12-22,160.4673121428309,1623970.5991268158,1624131.0664389585,9.880194736664248e-05,-0.02231350404397303
2022-12-23,160.4673121428309,1627366.0643100739,1627526.5316222166,9.859581949972093e-05,0.002090634957622628
2022-12-26,160.4673121428309,1633931.7288160324,1634092.1961281751,9.819966861297228e-05,0.004034136696631441
2022-12-27,160.4673121428309,1638220.7703590393,1638381.237671182,9.794259629762447e-05,0.002624724329000072
2022-12-28,160.4673121428309,1619021.769809723,1619182.2371218656,9.910392324218262e-05,-0.01171827417689797
2022-12-29,160.4673121428309,1614400.2043247223,1614560.671636865,9.938760119813076e-05,-0.0028542590074454033
2022-12-30,160.4673121428309,1630539.666557312,1630700.1338694547,9.840393632768112e-05,0.009996194330825103
2023-01-03,1166.552919584963,1657966.0366773605,1659132.5895969456,0.0007031101232652869,0.017435735201679403
2023-01-04,1166.552919584963,1663700.6952285767,1664867.2481481617,0.0007006882505992742,0.0034564196901281097
2023-01-05,1166.552919584963,1673436.5213632584,1674603.0742828434,0.0006966145813894107,0.0058478092745899435
2023-01-06,1166.552919584963,1680814.3580198288,1681980.9109394138,0.0006935589530165502,0.004405722627572439
2023-01-09,1166.552919584963,1684018.0434942245,1685184.5964138096,0.0006922404358949572,0.0019047097702236115
2023-01-10,1166.552919584963,1670815.862607956,1671982.415527541,0.0006977064523832892,-0.007834263922399831
2023-01-11,1166.552919584963,1670934.9920749664,1672101.5449945515,0.0006976567440398868,7.125043056932512e-05
2023-01-12,1166.552919584963,1670957.6528310776,1672124.2057506626,0.0006976472893419214,1.3552260733851185e-05
2023-01-13,1166.552919584963,1679161.157989502,1680327.710909087,0.0006942413149598285,0.0049060381580574575
2023-01-16,1166.552919584963,1693443.0986642838,1694609.6515838688,0.0006883903431652494,0.00849949720049259
2023-01-17,1166.552919584963,1696206.5586566925,1697373.1115762775,0.0006872695883002621,0.0016307354261944074
2023-01-18,1166.552919584963,1700387.099146843,1701553.652066428,0.0006855810383459019,0.0024629472810890896
2023-01-19,1166.552919584963,1706050.268483162,1707216.821402747,0.0006833068330632172,0.0033282343636014122
2023-01-20,1166.552919584963,1725013.674211502,1726180.227131087,0.0006758001865910462,0.011107789878006757
2023-01-30,1166.552919584963,1729371.4960098267,1730538.0489294117,0.0006740983940264388,0.002524546237890446
2023-01-31,1166.552919584963,1736335.241508484,1737501.794428069,0.0006713966703953567,0.004024034896525475
2023-02-01,23884.783892823136,1740015.026140213,1763899.8100330362,0.013540896006092203,0.015193086815577406
2023-02-02,23884.783892823136,1736007.2533369064,1759892.0372297296,0.013571732462873408,-0.002272109096282282
2023-02-03,23884.783892823136,1723194.778084755,1747079.561977578,0.013671262839219036,-0.007280262073530275
2023-02-06,23884.783892823136,1727130.678343773,1751015.462236596,0.013640532826771714,0.0022528454597470216
2023-02-07,23884.783892823136,1741569.3282842636,1765454.1121770868,0.013528974629292055,0.00824587232487839
2023-02-08,23884.783892823136,1730520.264172554,1754405.0480653772,0.013614178732078682,-0.006258482752680705
2023-02-09,23884.783892823136,1759586.8144750595,1783471.5983678827,0.013392298433393018,0.0165677534583919
2023-02-10,23884.783892823136,1759646.4053869247,1783531.189279748,0.013391850973163326,3.341287403713089e-05
2023-02-13,23884.783892823136,1776302.9458761215,1800187.7297689447,0.013267940614109599,0.009339080016830703
2023-02-14,23884.783892823136,1772713.70139122,1796598.4852840432,0.01329444730609741,-0.0019938167700777054
2023-02-15,23884.783892823136,1772960.7358694077,1796845.5197622308,0.013292619554731511,0.00013750121700040197
2023-02-16,23884.783892823136,1731003.1429290771,1754887.9268219003,0.013610432625220943,-0.023350695693574508
2023-02-17,23884.783892823136,1726582.8303813934,1750467.6142742166,0.013644801936382185,-0.002518857460994006
2023-02-20,23884.783892823136,1750516.4405345917,1774401.2244274148,0.013460757107249272,0.013672695203288177
2023-02-21,23884.783892823136,1768253.1917333603,1792137.9756261834,0.013327536282175848,0.009995907889712052
2023-02-22,23884.783892823136,1769486.6411685944,1793371.4250614175,0.013318369836301564,0.0006882558441423381
2023-02-23,23884.783892823136,1768310.9427690506,1792195.7266618737,0.013327106820699043,-0.000655579978087073
2023-02-24,23884.783892823136,1766530.4230451584,1790415.2069379815,0.013340360269655866,-0.0009934850850294996
2023-02-27,23884.783892823136,1750867.4010515213,1774752.1849443445,0.013458095217711848,-0.008748262376761407
2023-02-28,23884.783892823136,1764088.8669729233,1787973.6508657464,0.013358577113962499,0.007449753285874383
2023-03-01,20915.563639261047,1773701.7233371735,1794617.2869764345,0.011654609476374499,0.0037157349088847713
2023-03-02,20915.563639261047,1770806.4125061035,1791721.9761453646,0.011673442597527275,-0.0016133305145789034
2023-03-03,20915.563639261047,1768561.410665512,1789476.9743047731,0.011688087603019827,-0.0012529856029456221
2023-03-06,20915.563639261047,1771791.5873527527,1792707.1509920137,0.011667027505126644,0.0018050954181711987
2023-03-07,20915.563639261047,1745656.0787200928,1766571.6423593538,0.011839635108897796,-0.014578794209750057
2023-03-08,20915.563639261047,1748996.8425750732,1769912.4062143343,0.011817287435143384,0.0018911001257320148
2023-03-09,20915.563639261047,1748779.3911457062,1769694.9547849672,0.011818739485417397,-0.00012285999499384026
2023-03-10,20915.563639261047,1722426.5879631042,1743342.1516023653,0.011997394556218835,-0.014891155739212736
2023-03-13,20915.563639261047,1726950.1159667969,1747865.679606058,0.011966344944752901,0.002594744812161487
2023-03-14,20915.563639261047,1698958.4039211273,1719873.9675603884,0.012161102518999932,-0.016014795857756337
2023-03-15,20915.563639261047,1725355.1395893097,1746270.7032285708,0.011977274543168805,0.01534806396635302
2023-03-16,20915.563639261047,1699612.293958664,1720527.857597925,0.012156480667777053,-0.014741612272971993
2023-03-17,20915.563639261047,1711749.5198726654,1732665.0835119265,0.012071325173164707,0.007054361753227711
2023-03-20,20915.563639261047,1710491.8912887573,1731407.4549280184,0.012080093325074998,-0.0007258347824260492
2023-03-21,20915.563639261047,1727415.3467655182,1748330.9104047792,0.01196316070075007,0.009774392173599766
2023-03-22,20915.563639261047,1739342.3723697662,1760257.9360090273,0.011882101600792774,0.006821949742618516
2023-03-23,20915.563639261047,1739872.794008255,1760788.357647516,0.011878522224672748,0.00030133176941737894
2023-03-24,20915.563639261047,1739602.5529384613,1760518.1165777224,0.011880345588217454,-0.00015347731521508923
2023-03-27,20915.563639261047,1746110.2268218994,1767025.7904611605,0.011836592172094148,0.0036964538008210646
2023-03-28,20915.563639261047,1732402.2948265076,1753317.8584657686,0.011929133977773487,-0.007757629837317981
2023-03-29,20915.563639261047,1720585.741186142,1741501.304825403,0.01201007635268925,-0.006739538745533347
2023-03-30,20915.563639261047,1726746.303987503,1747661.867626764,0.011967740457519575,0.0035375011114211485
2023-03-31,20915.563639261047,1722613.3073806763,1743528.8710199373,0.011996109721444284,-0.0023648719946263164
2023-04-03,15756.791687838708,1737169.698357582,1752926.4900454208,0.008988849091686912,0.005389999088449837
2023-04-04,15756.791687838708,1724432.9557657242,1740189.747453563,0.009054639995952038,-0.007265987857555833
2023-04-06,15756.791687838708,1713819.1572666168,1729575.9489544556,0.009110205132861515,-0.00609921907345945
2023-04-07,15756.791687838708,1723805.399942398,1739562.1916302368,0.00905790650294151,0.005773809864676904
2023-04-10,15756.791687838708,1723666.5338993073,1739423.325587146,0.009058629636646944,-7.982815662410658e-05
2023-04-11,15756.791687838708,1718119.3947553635,1733876.1864432022,0.009087610644311057,-0.003189067929781464
2023-04-12,15756.791687838708,1726743.407702446,1742500.1993902847,0.009042634080244088,0.004973834357096418
2023-04-13,15756.791687838708,1723770.7503795624,1739527.542067401,0.009058086926931901,-0.0017059724434601575
2023-04-14,15756.791687838708,1737815.9267425537,1753572.7184303924,0.008985536511963117,0.00807413278797453
2023-04-17,15756.791687838708,1749373.0767011642,1765129.868389003,0.008926703904353283,0.006590630566467359
2023-04-18,15756.791687838708,1745557.0595502853,1761313.851238124,0.008946044270737094,-0.0021618903057607497
2023-04-19,15756.791687838708,1731638.060092926,1747394.8517807648,0.009017304630250576,-0.007902623060379033
2023-04-20,15756.791687838708,1723198.3456373215,1738955.1373251602,0.009061068540316465,-0.0048298840110485575
2023-04-21,15756.791687838708,1700812.2319459915,1716569.0236338302,0.009179235714322121,-0.01287331295145655
2023-04-24,15756.791687838708,1687416.6217565536,1703173.4134443924,0.009251431218605714,-0.007803711942255931
2023-04-25,15756.791687838708,1643697.4207401276,1659454.2124279663,0.0094951650788754,-0.025669259907017405
2023-04-26,15756.791687838708,1655505.9791326523,1671262.770820491,0.009428075562350412,0.007115929022981193
2023-04-27,15756.791687838708,1627244.0628051758,1643000.8544930145,0.009590251669528697,-0.01691051629996021
2023-04-28,15756.791687838708,1640048.2769966125,1655805.0686844513,0.009516090985491178,0.007793187785887001
2023-05-04,18366.194906251854,1614872.4004745483,1633238.5953808003,0.011245261383239388,-0.013628701669321619
2023-05-05,18366.194906251854,1588985.6434106827,1607351.8383169346,0.011426368806398466,-0.015849954279233747
2023-05-08,18366.194906251854,1609044.2919254303,1627410.4868316823,0.011285533093748221,0.012479314134328678
2023-05-09,18366.194906251854,1593192.5357580185,1611558.7306642705,0.011396540850038689,-0.00974047807586198
2023-05-10,18366.194906251854,1595213.6215925217,1613579.8164987736,0.011382266137973728,0.0012541186343670851
2023-05-11,18366.194906251854,1601944.9209213257,1620311.1158275777,0.011334980502723564,0.004171655631767912
2023-05-12,18366.194906251854,1584747.034072876,1603113.228979128,0.011456579968432771,-0.01061394116256853
2023-05-15,18366.194906251854,1607038.0120515823,1625404.2069578343,0.01129946312900635,0.013904805709139767
2023-05-16,18366.194906251854,1598778.4812688828,1617144.6761751347,0.011357174887834722,-0.005081524181703934
2023-05-17,18366.194906251854,1608043.1495428085,1626409.3444490605,0.011292479946045396,0.005729028707461392
2023-05-18,18366.194906251854,1611284.9590301514,1629651.1539364033,0.01127001620063811,0.0019932309774333135
2023-05-19,18366.194906251854,1607676.0935783386,1626042.2884845906,0.011295029063093093,-0.002214501823347592
2023-05-22,18366.194906251854,1612006.172132492,1630372.367038744,0.011265030785335558,0.002662955683759627
2023-05-23,18366.194906251854,1603152.665734291,1621518.860640543,0.01132653794664881,-0.00543035847343365
2023-05-24,18366.194906251854,1595538.102889061,1613904.297795313,0.011379977692197204,-0.004695944666485152
2023-05-25,18366.194906251854,1584158.098268509,1602524.2931747609,0.011460790319669092,-0.007051226417884804
2023-05-26,18366.194906251854,1580184.7842216492,1598550.9791279011,0.011489276942716984,-0.00247940955639947
2023-05-29,18366.194906251854,1573506.8305969238,1591873.0255031758,0.011537474793535419,-0.004177504322301018
2023-05-30,18366.194906251854,1577505.7287931442,1595871.9236993962,0.011508564461537186,0.0025120710836572524
2023-05-31,18366.194906251854,1575312.8328800201,1593679.027786272,0.011524400199809205,-0.001374105202653575
2023-06-01,18701.502338394203,1570095.4561710358,1588796.95850943,0.011770857338460346,-0.003063395571957561
2023-06-02,18701.502338394203,1591188.4367465973,1609889.9390849916,0.011616634084329716,0.013276070590763522
2023-06-05,18701.502338394203,1588897.462797165,1607598.9651355592,0.011633188838745747,-0.0014230624676954129
2023-06-06,18701.502338394203,1561599.793100357,1580301.2954387513,0.01183413719420002,-0.016980397654402624
2023-06-07,18701.502338394203,1564749.4281291962,1583450.9304675905,0.01181059796584393,0.0019930598284834122
2023-06-08,18701.502338394203,1566866.660451889,1585568.1627902833,0.011794827101903518,0.0013371000527737653
2023-06-09,18701.502338394203,1573382.4053287506,1592083.907667145,0.011746555723810571,0.0041094069808989
2023-06-12,18701.502338394203,1581494.9786663055,1600196.4810046998,0.011687003790092246,0.005095568957444119
2023-06-13,18701.502338394203,1566582.8070640564,1585284.3094024507,0.011796939026945555,-0.009318962876912695
2023-06-14,18701.502338394203,1567341.541004181,1586043.0433425752,0.01179129558740153,0.00047861064140009013
2023-06-15,18701.502338394203,1576771.2002277374,1595472.7025661317,0.011721605959359265,0.0059453993150675455
2023-06-16,18701.502338394203,1583183.189535141,1601884.6918735353,0.01167468696921079,0.004018864940209088
2023-06-19,18701.502338394203,1576356.1208724976,1595057.6232108918,0.011724656254579443,-0.004261897686692162
2023-06-20,18701.502338394203,1578669.525527954,1597371.0278663484,0.01170767593260678,0.0014503580446201259
2023-06-21,18701.502338394203,1553039.4159317017,1571740.918270096,0.011898590996140523,-0.016045182458634732
2023-06-26,18701.502338394203,1529619.9947357178,1548321.497074112,0.012078565319757383,-0.014900306356953497
2023-06-27,18701.502338394203,1564559.9284172058,1583261.4307556,0.011812011569983768,0.022566329891766435
2023-06-28,18701.502338394203,1562521.7990875244,1581223.3014259187,0.011827236748617052,-0.0012872980356180008
2023-06-29,18701.502338394203,1567615.351486206,1586316.8538246003,0.011789260319150612,0.003221273297761451
2023-06-30,18701.502338394203,1588205.00831604,1606906.5106544343,0.011638201858288422,0.012979536074519071
