local_category,local_file,local_strategy_name,local_declared_title,local_declared_author,primary_url,canonical_url,status,post_title,author,post_time,backtest_count,backtest_name,backtest_location,start_date,end_date,base_capital,frequency_code,frequency_label,python_version,strategy_return_percent,benchmark_return_percent,annual_return_percent,benchmark_annual_return_percent,alpha,beta,sharpe,sortino,information_ratio,max_drawdown_percent,max_drawdown_period,win_ratio_percent,day_win_ratio_percent,profit_loss_ratio,win_count,lose_count,avg_trade_return_percent,avg_position_days,turnover_rate_percent,trading_days,view_count,reply_count,like_count,collection_count,backtest_clone_count,error
2020年度精选策略,2020年度精选策略/01 AdaptiveMA自适应均线 过滤器 期货多品种模型 收益稳定增长.txt,AdaptiveMA自适应均线 过滤器 期货多品种模型 收益稳定增长,,,https://www.joinquant.com/post/15565,https://www.joinquant.com/view/community/detail/80fb9790ebd4aa926b5e071fcca8e301,ok,期货 AdaptiveMA自适应均线,cicikml,2018-12-07 16:18:41,1,"Window: 10, FilterTimes: 0.10000000000000001",post,2012-01-01,2018-12-05,10000000,day,每天,2,420.169402,21.941594,27.7368,2.988745,0.23690584042626,-0.045701982308698,1.2834957469736,2.2021299588797,1.2348434407352,16.330705,"[""2014-10-21"", ""2015-05-22""]",37.446809,50.475059,1.4005619050059,440,735,,60.102362204724,,1684,29404,54,126,309,986,
2020年度精选策略,2020年度精选策略/02 我好像破解了聚宽擂台排第一的策略？！.txt,我好像破解了聚宽擂台排第一的策略？！,【量化课堂】基于协整的搬砖策略,JoinQuant量化课堂,https://www.joinquant.com/post/11593,https://www.joinquant.com/view/community/detail/e7d3a2848202c23f375cb10e7cf25a5e,ok,我好像破解了聚宽擂台排第一的策略？！,止一之路,2018-03-21 22:19:46,1,协整搬砖策略-招行伊利,post,2016-08-01,2018-03-20,2000000,day,每天,2,150.278,86.865556,77.936687,48.1012,0.46297683568657,0.62671770898411,3.2052832780533,5.6317769769564,1.513761224269,9.189479,"[""2017-11-22"", ""2017-12-15""]",95.454545,52.01005,63.937017347359,21,1,9.445827,250.5,,398,24861,102,72,181,851,
2020年度精选策略,2020年度精选策略/03 机器学习多因子策略.txt,机器学习多因子策略,,,https://www.joinquant.com/post/10778,https://www.joinquant.com/view/community/detail/b0bef3c7d78ffaec419ebc3bfa7d9138,ok,【量化课堂】机器学习多因子策略,JoinQuant量化课堂,2018-01-23 12:42:21,1,SVR市值因子策略-py3,post,2012-01-01,2017-12-31,10000000,day,每天,2,1385.977441,50.365756,58.840891,7.244575,0.5211219610874,0.84100218507404,2.133851541242,2.6946295546612,2.9035058459671,24.807281,"[""2015-12-30"", ""2016-01-28""]",67.619048,58.710562,3.4005389009439,284,136,7.367587,66.490384615385,,1458,156974,370,525,1276,8263,
2020年度精选策略,2020年度精选策略/04 趋势交易能赚钱吗？商品期货动量效应挖掘初探.txt,趋势交易能赚钱吗？商品期货动量效应挖掘初探,,,https://www.joinquant.com/post/15757,https://www.joinquant.com/view/community/detail/e9562d8067927a05b62caeb24ca18e29,ok,趋势交易能赚钱吗？商品期货动量效应挖掘初探,cicikml,2018-12-13 14:52:53,1,BackWindow: 10,post,2012-01-01,2018-12-05,10000000,day,每天,2,251.38623,21.941594,20.510545,2.988745,0.16495730334685,-0.014649696687751,1.178649433136,1.9252259986359,1.1027466790443,13.032985,"[""2015-11-23"", ""2016-01-29""]",41.967325,50.415677,1.2607454980893,1233,1705,27.995349,63.723076923077,,1684,29261,70,239,539,1242,
2020年度精选策略,2020年度精选策略/05 兄台且慢，去天台排队不如看看这个策略先.txt,兄台且慢，去天台排队不如看看这个策略先,,,https://www.joinquant.com/post/15002,https://www.joinquant.com/view/community/detail/713a60a2a1daaac2276dab73eb322ddc,ok,价值选股与RSRS择时,K线放荡不羁,2018-10-28 00:32:11,1,这是一个不难的策略,post,2013-10-10,2018-10-10,500000,day,每天,2,325.102734,33.747259,34.455616,6.129397,0.29647621367407,0.37944778278653,1.7031328547793,2.5163904147277,1.3225402920909,11.88704,"[""2015-01-16"", ""2015-02-06""]",73.684211,51.06383,3.538933119859,700,250,5.484398,53.900826446281,,1222,187688,1448,1540,1954,13260,
2020年度精选策略,2020年度精选策略/06 为什么股票市值是当前的样子？.txt,为什么股票市值是当前的样子？,【量化课堂】机器学习多因子策略,JoinQuant量化课堂,https://www.joinquant.com/post/11624,https://www.joinquant.com/view/community/detail/46642d143c05930a2311fb735c593018,ok,为什么股票市值是当前的样子？,止一之路,2018-03-23 22:13:10,1,SVR市值解释策略 增加CYE指标,post,2012-01-01,2017-12-31,1000000,minute,分钟,2,1381.9471,86.316222,58.766937,11.260057,0.48580378268996,0.85213634043099,2.1720550361789,2.7849279883238,3.3224241227576,25.17903,"[""2015-08-17"", ""2015-09-15""]",61.637239,56.310014,2.5790498471163,384,239,4.911434,44.37908496732,,1458,10063,50,24,68,521,
2020年度精选策略,2020年度精选策略/07 穿越牛熊基业长青的价值精选策略.txt,穿越牛熊基业长青的价值精选策略,,,https://www.joinquant.com/post/13382,https://www.joinquant.com/view/community/detail/e9ee4918633d1fa103590527cb568079,post_without_backtest,穿越牛熊基业长青的价值精选策略,拉姆达投资,2018-06-29 10:36:11,0,,,,,,,,,,,,,,,,,,,,,,,,,,,,,36911,157,243,455,2486,
2020年度精选策略,2020年度精选策略/08 MACD单因子多头策略.txt,MACD单因子多头策略,,,https://www.joinquant.com/post/13760,https://www.joinquant.com/view/community/detail/35415b98f045efc5cf3c4daec592964e,ok,MACD单因子多头策略   ,江哥学量化,2018-07-14 18:54:56,1,MACD单因子策略模型,post,2017-06-02,2017-09-04,10000000,day,每天,2,86.451403,14.968145,922.288188,68.281177,8.8951148231006,0.44766924693794,18.79003174174,33.809430109916,17.386931239927,9.413479,"[""2017-07-25"", ""2017-07-27""]",56.521739,50.746269,33.990951593616,13,10,5.458598,19.434782608696,,67,5449,16,7,15,255,
2020年度精选策略,2020年度精选策略/09 商品期货 多品种日频双均线模型 作为给入门者的小礼物.txt,商品期货 多品种日频双均线模型 作为给入门者的小礼物,,,https://www.joinquant.com/post/15556,https://www.joinquant.com/view/community/detail/278273615d13ca04edac76a96b6e985e,ok,商品期货 多品种日频双均线模型 作为给入门者的小礼物,cicikml,2018-12-07 12:40:27,1,期货日频多品种，MA双均线 百分比追踪止损,post,2012-01-01,2018-11-25,18000000,day,每天,2,212.342193,21.900632,18.517211,2.998062,0.14414271927382,-0.10273976281715,0.7351570856158,1.1810913353641,0.72664588495648,28.563234,"[""2016-11-11"", ""2017-06-12""]",40.21322,48.389021,1.1503790593989,943,1402,6.233404,52.992409867173,,1676,27769,130,269,489,1751,
2020年度精选策略,2020年度精选策略/10 追三板策略.txt,追三板策略,,,https://www.joinquant.com/post/12648,https://www.joinquant.com/view/community/detail/35111e83a22b926032b38f0d62900638,ok,追三板策略,etrobot,2018-05-15 17:19:44,1,妖股,post,2018-01-01,2018-05-10,1000000,minute,分钟,2,80.58604,-4.581113,480.685519,-13.026303,4.7781632412511,0.066415181219013,10.488607308255,16.580362928584,10.073128201071,12.714992,"[""2018-01-16"", ""2018-01-24""]",57.142857,55.952381,3.5375662621322,8,6,8.594074,5.4444444444444,,84,6292,17,16,20,313,
2020年度精选策略,2020年度精选策略/11 酒股地中短线策略.txt,酒股地中短线策略,,,https://www.joinquant.com/post/14594,https://www.joinquant.com/view/community/detail/d494acfec874f37d1def5a2456ec35b4,ok,酒股地中短线策略,可爱的阿飞,2018-09-12 13:32:55,1,这是一个简单的策略-19,post,2015-01-01,2016-01-01,1000000,day,每天,2,176.519555,5.583375,183.522781,5.724529,1.7912485785495,0.23074320668047,7.8468829290228,13.135670204332,4.8322291195783,6.84397,"[""2015-04-03"", ""2015-04-09""]",81.111111,52.868852,15.953829902934,73,17,6.188945,18.459459459459,,244,2177,8,6,7,101,
2020年度精选策略,2020年度精选策略/12 【均值回归】基于zscore的均值回归策略（胜率100%）.txt,【均值回归】基于zscore的均值回归策略（胜率100%）,,,https://www.joinquant.com/post/13673,https://www.joinquant.com/view/community/detail/e676a504bc235ac1dd2c69844712eb16,ok,【均值回归】基于zscore的均值回归策略（胜率100%）,Rookie888,2018-07-08 22:33:07,1,均值回归,post,2013-01-01,2018-07-07,100000,day,每天,2,486.3631,33.380262,39.130294,5.525012,0.34760080958654,0.24276048368599,1.7563278299485,3.4516554068497,1.2736917309257,17.046507,"[""2013-07-16"", ""2013-07-29""]",100,48.693055,495371,15,0,13.24588,378,,1339,26588,106,150,252,1231,
2020年度精选策略,2020年度精选策略/13 招行_海天配对策略-改进版.txt,招行_海天配对策略-改进版,招行_海天配对策略（学习招行伊利配对）,维络,https://www.joinquant.com/post/11751,https://www.joinquant.com/view/community/detail/dccecb70df7652b072d70a8edf116821,ok,招行_海天配对策略-改进版,翼、轸,2018-04-01 03:04:25,1,招行_海天配对策略-改进版,post,2014-05-01,2018-03-23,100000,day,每天,2,607.80992,262.5,67.183109,40.241679,0.47422919244749,0.43486366101203,2.6505999480571,4.8151801608784,1.0274637779766,16.930048,"[""2015-12-25"", ""2016-01-28""]",67.647059,48.214286,7.7972609189637,46,22,3.3397,267,,952,3365,13,13,22,166,
2020年度精选策略,2020年度精选策略/14 抗击熊市的中短期低市值策略.txt,抗击熊市的中短期低市值策略,,,https://www.joinquant.com/post/14603,https://www.joinquant.com/view/community/detail/e033dc27c00f1ef82b90bab1275dab54,ok,抗击熊市的中短期低市值策略,可爱的阿飞,2018-09-12 22:58:26,1,这是一个简单的策略-19,post,2015-01-01,2016-01-01,1000000,day,每天,2,160.92159,5.583375,167.148085,5.724529,1.6266737228118,0.27875038430053,6.8536087723793,10.189086778292,4.5675562295163,12.486591,"[""2015-08-17"", ""2015-09-07""]",94.202899,54.918033,11.053300410822,65,4,15.619319,34.311111111111,,244,4152,23,11,29,254,
2020年度精选策略,2020年度精选策略/15 基于多期限的选股策略（一）.txt,基于多期限的选股策略（一）,,,https://www.joinquant.com/post/12916,https://www.joinquant.com/view/community/detail/078a30c138094505c4ae753c4e901f04,ok,基于多期限的选股策略（一）,孤傲同学,2018-05-30 14:19:56,1,多期限选股策略,post,2015-01-01,2015-06-08,1000000,day,每天,2,42.204995,51.505318,133.122278,171.469385,-0.15312596738863,0.86245539210356,3.6359314666392,5.8456720347514,-1.569550197524,12.742766,"[""2015-05-26"", ""2015-05-29""]",58.333333,41.346154,1.8422644758877,35,25,3.547404,11.340909090909,,104,3367,10,16,17,89,
2020年度精选策略,2020年度精选策略/16 投资学作业.txt,投资学作业,,,https://www.joinquant.com/post/13972,https://www.joinquant.com/view/community/detail/536ae19047871719aaacfabefa0087ae,ok,投资学作业,hhhhh455,2018-07-26 18:52:14,1,dhw投资策略,post,2017-06-01,2017-12-01,100000,day,每天,2,45.03052,14.465179,107.889939,30.466437,0.70289152931633,1.2695621199788,4.9770639467781,8.2957737939846,4.761651979103,10.740298,"[""2017-11-21"", ""2017-12-01""]",0,52.755906,0,0,0,0,127,,127,1850,1,3,2,71,
2020年度精选策略,2020年度精选策略/17 商品期货截面动量模型，真的靠谱吗？.txt,商品期货截面动量模型，真的靠谱吗？,,,https://www.joinquant.com/post/15815,https://www.joinquant.com/view/community/detail/49619ccde0cb9b9bed6f8c15b375688e,ok,商品期货截面动量模型，真的靠谱吗？,cicikml,2018-12-18 19:49:31,1,"Range: 0.29999999999999999, BackWindow: 10",post,2012-01-01,2018-10-31,10000000,day,每天,2,83.19104,21.656859,9.551386,2.998169,0.055651249625616,0.013713880785944,0.46684998256814,0.70277495910921,0.4688725050601,21.896152,"[""2016-04-21"", ""2018-09-25""]",42.556508,49.12598,1.1062155338201,1092,1474,-20.147409,35.679549114332,,1659,12301,15,37,128,256,
2020年度精选策略,2020年度精选策略/18 均值回归策略分享.txt,均值回归策略分享,,,https://www.joinquant.com/post/13706,https://www.joinquant.com/view/community/detail/a25e244b9ab90407c2362b136a867f24,ok,均值回归策略分享,JimStein,2018-07-11 03:22:04,1,这是一个简单的策略,post,2013-01-01,2018-07-09,100000,day,每天,2,6333.06395,37.108435,117.466014,6.064897,1.1309630316186,0.17904546583568,4.9599440989499,12.170854499298,3.7271985893667,9.428102,"[""2015-05-27"", ""2015-05-29""]",77.358491,52.61194,9.0608645194612,205,60,2.811343,118.16666666667,,1340,6057,31,8,29,285,
2020年度精选策略,2020年度精选策略/19 招行_海天配对策略（学习招行伊利配对）.txt,招行_海天配对策略（学习招行伊利配对）,【量化课堂】基于协整的搬砖策略,JoinQuant量化课堂,https://www.joinquant.com/post/11736,https://www.joinquant.com/view/community/detail/3fe9f24fabe3cdb1411c1eb8beac606d,ok,招行_海天配对策略（学习招行伊利配对）,维络,2018-03-30 18:45:14,1,招行_海天配对策略,post,2017-01-01,2018-03-23,100000,day,每天,2,153.33577,78.214331,118.107989,62.376186,0.70603252539558,0.74524800766691,4.4621130468908,8.8082426916506,3.1067382493095,9.166032,"[""2017-11-22"", ""2017-12-15""]",100,46.308725,155565,14,0,15.121548,170.5,,298,3569,7,5,12,182,
2020年度精选策略,2020年度精选策略/20 分钟K线数据重构 ATR自适应通道 请高手来迭代.txt,分钟K线数据重构 ATR自适应通道 请高手来迭代,,,https://www.joinquant.com/post/16022,https://www.joinquant.com/view/community/detail/d3e3949c3ebdcece448e1872598480b5,ok,分钟K线数据重构 ATR自适应通道 请高手来迭代,cicikml,2018-12-24 17:44:25,1,"Window: 10, NATRstop: 2",post,2014-01-01,2018-12-14,6000000,minute,分钟,2,200.276272,18.369147,25.505098,3.545666,0.21228995761257,-0.60770727065539,1.4517509849372,2.1870251800008,1.4805227948375,14.351212,"[""2014-12-24"", ""2015-03-13""]",50.21645,48.512397,2.1108967866266,116,115,12.500743,55.507042253521,,1210,19404,39,146,292,662,
2020年度精选策略,2020年度精选策略/21 果核量化出品 -- BIAS_QL乖离率策略指数择时1.0.txt,果核量化出品 -- BIAS_QL乖离率策略指数择时1.0,,,https://www.joinquant.com/post/12925,https://www.joinquant.com/view/community/detail/31edbb2cb2633bcab2b600a045c378e4,post_without_backtest,.,Dao家子,2018-05-30 19:03:17,0,,,,,,,,,,,,,,,,,,,,,,,,,,,,,2838,3,3,3,44,
2020年度精选策略,2020年度精选策略/22 海龟交易法则升级版---（分钟级回测+合约变更移仓）.txt,海龟交易法则升级版---（分钟级回测+合约变更移仓）,,,https://www.joinquant.com/post/14203,https://www.joinquant.com/view/community/detail/b0cd56cf049e62cd8ee9c0c85d6f6a4c,ok,海龟交易法则升级版---（分钟级回测+合约变更移仓）,颖硕,2018-08-13 13:37:32,1,NinjaTurtle,post,2016-06-01,2016-12-31,10000000,minute,分钟,2,31.788156,27.183651,61.479992,51.811376,0.019185297440084,1.1620971244367,1.529610166573,2.9274255866442,0.30970986380876,22.327415,"[""2016-07-04"", ""2016-10-27""]",28.571429,46.527778,1.9534307506306,4,10,14.936174,11.714285714286,,144,11717,7,17,51,314,
2020年度精选策略,2020年度精选策略/23 Principle by Jim Slater 祖鲁法则在A股的实现与改进.txt,Principle by Jim Slater 祖鲁法则在A股的实现与改进,,,https://www.joinquant.com/post/11619,https://www.joinquant.com/view/community/detail/cf939da77be99149f4e9a1689a05b493,ok,Principle by Jim Slater: 祖鲁法则在A股的实现与改进,JQ-RANGEWOLF,2018-03-23 16:11:37,1,Zulu Principle,post,2009-01-01,2018-01-31,10000000,day,每天,2,504.413624,91.16984,22.570576,7.605575,0.15932127347541,0.73176924152216,0.77415099089478,0.90709317447211,0.82269789876381,32.295873,"[""2015-06-12"", ""2016-03-10""]",44.87214,53.936652,1.5104279850461,1667,2048,0.908746,187.66666666667,,2210,4480,12,32,52,126,
2020年度精选策略,2020年度精选策略/24 自选策略1.txt,自选策略1,,,https://www.joinquant.com/post/11988,https://www.joinquant.com/view/community/detail/be211287b8f36387765e6d2ea1581217,ok,自选策略1,壬梦,2018-04-10 15:42:07,1,向导式策略生成器,post,2016-06-01,2016-12-01,100000,day,每天,2,33.97812,12.477323,81.217002,26.99616,0.53156169797492,1.0462978423238,4.0615013871875,6.7383963063816,3.845798563628,7.648084,"[""2016-08-16"", ""2016-09-26""]",66.666667,51.219512,87.079411764706,4,2,24.056527,68.333333333333,,123,1275,0,3,0,40,
2020年度精选策略,2020年度精选策略/25 简单市值轮动策略-学习.txt,简单市值轮动策略-学习,,,https://www.joinquant.com/post/15100,https://www.joinquant.com/view/community/detail/00cf97c2eb893258c0ac69a781ae5e69,ok,简单市值轮动策略-学习,东南有大树,2018-11-03 14:22:49,1,简单是指轮动策略-学习,post,2015-01-01,2017-01-04,100000,day,每天,2,295.36174,-4.68045,101.645763,-2.416012,0.99727577472531,0.32447167111508,3.9139444479481,5.1548102626039,3.3286200207031,15.158286,"[""2016-02-22"", ""2016-02-29""]",87.301587,55.102041,15.081273075665,55,8,16.543684,56.666666666667,,490,4803,16,13,34,115,
2020年度精选策略,2020年度精选策略/26 向导式-1.txt,向导式-1,,,https://www.joinquant.com/post/10757,https://www.joinquant.com/view/community/detail/c4dc63afe776038127acc9ceb4c83313,ok,向导式-1,Guhhhhaa,2018-01-21 22:27:53,1,向导式-1,post,2016-06-01,2016-12-01,100000,day,每天,2,35.2804,12.477323,84.815145,26.99616,0.58757006876389,0.95920965401112,3.8593717824702,7.4324714423251,2.2451069462398,9.160021,"[""2016-08-16"", ""2016-09-28""]",44.186047,44.715447,2.29425886452,19,24,2.148609,21.206896551724,,123,956,0,2,0,19,
2020年度精选策略,2020年度精选策略/27 RSRS指标择时（30分钟线）.txt,RSRS指标择时（30分钟线）,,,https://www.joinquant.com/post/14756,https://www.joinquant.com/view/community/detail/3b4395290fe390882f03ec617ab5018d,ok,RSRS指标择时（30分钟线）,风述量化,2018-09-26 15:37:45,1,RSRS（30分钟）指标择时策略,post,2014-07-01,2016-02-29,100000,minute,分钟,2,125.54603,32.901144,65.009653,19.141889,0.57721180169302,0.21717719613214,3.5513749347258,8.2587885117666,1.4480717021461,5.803339,"[""2015-11-11"", ""2015-12-11""]",57.5,45.320197,4.5507109525117,23,17,2.233407,141,,406,3823,1,8,25,250,
2020年度精选策略,2020年度精选策略/28 收益策略.txt,收益策略,,,https://www.joinquant.com/post/11877,https://www.joinquant.com/view/community/detail/2983b7c850da643316912a029ef78cc5,ok,收益策略,melzg,2018-04-06 16:58:02,1,向导式策略生成器,post,2016-06-01,2016-12-01,100000,day,每天,2,32.33041,12.477323,76.715941,26.99616,0.43041476468959,1.2904095622132,3.4776843697593,5.5573209843982,3.4997791019023,9.963018,"[""2016-08-16"", ""2016-09-12""]",58.333333,56.097561,4.3796754675468,7,5,10.672066,47.076923076923,,123,1631,0,2,3,89,
2020年度精选策略,2020年度精选策略/29 KD指标量化交易策略.txt,KD指标量化交易策略,,,https://www.joinquant.com/post/15078,https://www.joinquant.com/view/community/detail/21830988a738240d9fdd4aeb6ad0411e,ok,KD指标量化交易策略,mxh,2018-11-02 09:50:19,1,KD指标量化交易策略-正式版,post,2016-03-02,2018-10-30,100000,day,每天,2,383.25964,6.127092,83.122681,2.309961,0.79813693827431,0.40887408124541,3.2576321909165,6.4416924999959,3.2041709184263,15.880266,"[""2016-03-08"", ""2016-05-09""]",70.0,52.073733,10.680318721094,35,15,3.550073,328,,651,4181,7,7,15,109,
2020年度精选策略,2020年度精选策略/30 基于LSTM模型预测股票价格走势.txt,基于LSTM模型预测股票价格走势,,,https://www.joinquant.com/post/14449,https://www.joinquant.com/view/community/detail/f45352e10cbfd7e9deca68290fcd0429,ok,基于LSTM模型预测股票价格走势,加菲猫,2018-09-03 16:48:00,1,LSTM模型预测股价,post,2017-05-13,2018-03-24,400000,day,每天,2,22.710185,15.347214,27.295204,18.337282,0.18170141241812,0.35746403908392,3.1512569022985,5.0309655755124,0.86886451922707,2.924863,"[""2018-01-24"", ""2018-02-06""]",63.157895,36.792453,3.3440961902189,36,21,0.476854,116,,212,5249,9,16,36,173,
2020年度精选策略,2020年度精选策略/31 低PB价值投资策略分享.txt,低PB价值投资策略分享,,王文纲,https://www.joinquant.com/post/11549,https://www.joinquant.com/view/community/detail/1c288350819b333902a13ccb49efd1a3,ok,低PB价值投资策略分享,对韭纲割,2018-03-20 03:09:57,1,低PB价值投资策略_1.3.1.180318,post,2014-01-01,2018-01-30,100000,minute,分钟,2,1465.70243,82.663198,99.193819,16.290397,0.90808747902681,0.35678841256828,3.1493657021155,5.3116495527387,2.5114748222351,15.860392,"[""2015-08-28"", ""2015-09-02""]",100,48.496994,1479103.2,14,0,22.456773,63.2,,998,8780,72,42,103,615,
2020年度精选策略,2020年度精选策略/32 测试策略1.txt,测试策略1,,,https://www.joinquant.com/post/13402,https://www.joinquant.com/view/community/detail/f603066ad9501dba0860adb087ea215c,ok,测试策略1,WorldLink,2018-06-30 16:19:55,1,测试策略1,post,2017-01-01,2017-12-31,100000,day,每天,2,73.94119,21.774973,76.325032,22.366328,0.43496739944835,1.5696274329409,3.0183835178284,4.8425881861967,2.8611722204433,14.235261,"[""2017-11-21"", ""2017-12-07""]",60.0,53.278689,9.4153645833333,3,2,14.344403,174.28571428571,,244,1404,1,2,1,91,
2020年度精选策略,2020年度精选策略/33 买入每个行业市值最大的股票.txt,买入每个行业市值最大的股票,,,https://www.joinquant.com/post/10618,https://www.joinquant.com/view/community/detail/9bdee3d6c25c550ab26a767e62a87817,ok,买入每个行业市值最大的股票,w11,2018-01-12 14:47:09,1,最大市值策略,post,2016-01-01,2018-01-11,10000000,day,每天,2,132.515498,12.720031,53.004281,6.220962,0.47699302798015,0.58757312463149,2.9256499263978,4.5789883836134,2.4069765950978,11.567237,"[""2016-07-15"", ""2016-12-28""]",74.299065,54.032258,4.4630483892575,159,55,8.407066,120.28947368421,,496,4985,19,14,35,315,
2020年度精选策略,2020年度精选策略/34 成长策略.txt,成长策略,,,https://www.joinquant.com/post/13090,https://www.joinquant.com/view/community/detail/2cee6c88749178f54969cc9baee5183a,ok,成长策略,清远杨伟强,2018-06-09 10:20:58,1,向导式策略生成器,post,2018-01-08,2018-06-08,100000,day,每天,2,28.09449,-8.677258,84.57143,-20.122745,0.98509982507174,0.74363643457724,2.8757492638938,4.9642025753099,4.1703379516304,13.522127,"[""2018-01-09"", ""2018-02-09""]",50.0,58.415842,1.8805514353023,6,6,4.56445,33.666666666667,,101,1760,3,6,10,96,
2020年度精选策略,2020年度精选策略/35 投资学作业——简单多因子选股策略.txt,投资学作业——简单多因子选股策略,,,https://www.joinquant.com/post/13940,https://www.joinquant.com/view/community/detail/0f947bc1818a2fabb420fcb96625d706,ok,投资学作业——简单多因子选股策略,gongllg,2018-07-25 19:25:17,1,简单多因子选股策略,post,2017-01-01,2017-12-31,100000,day,每天,2,48.52026,21.774973,49.971916,22.366328,0.2309135482367,1.2457885351938,2.5924795612749,4.0980875500083,2.1681703841762,11.528313,"[""2017-11-21"", ""2017-12-07""]",72.727273,54.918033,13.340250756593,8,3,14.663393,93.846153846154,,244,1611,0,2,5,47,
2020年度精选策略,2020年度精选策略/36 投资学作业——简单多因子选股策略改进.txt,投资学作业——简单多因子选股策略改进,,,https://www.joinquant.com/post/13941,https://www.joinquant.com/view/community/detail/544cfcdde1bb2b02a44152e6e6c4f0df,ok,投资学作业——简单多因子选股策略改进,gongllg,2018-07-25 19:33:18,1,简单多因子选股策略改进,post,2017-01-01,2017-12-31,100000,day,每天,2,56.76425,21.774973,58.506905,22.366328,0.32504731441062,1.1979625557955,2.5420196102329,3.8520029160879,2.0292129520414,10.15738,"[""2017-11-21"", ""2017-12-29""]",60.0,52.868852,8.7286978508217,3,2,33.173231,151.25,,244,2077,4,7,12,112,
2020年度精选策略,2020年度精选策略/37 个股止损.txt,个股止损,,,https://www.joinquant.com/post/12946,https://www.joinquant.com/view/community/detail/660871edf9aeaa034d8d6a642a83682f,ok,个股止损,云小云,2018-05-31 22:58:40,1,向导式策略生成器,post,2016-06-01,2016-12-01,100000,day,每天,2,16.83005,12.477323,37.184809,26.99616,0.13503690523575,0.85584367639769,2.4463001550079,4.0308523241393,1.1532506370028,5.209417,"[""2016-08-16"", ""2016-09-14""]",85.714286,46.341463,9.5637544802867,6,1,16.986082,87,,123,1479,1,3,1,53,
2020年度精选策略,2020年度精选策略/38 一个简单的跟踪聪明钱策略.txt,一个简单的跟踪聪明钱策略,,,https://www.joinquant.com/post/11165,https://www.joinquant.com/view/community/detail/146d1621ae0728502ef50a8596367a99,ok,一个简单的跟踪聪明钱策略,castiel,2018-02-19 10:08:41,1,聪明钱,post,2007-01-01,2018-02-17,1000000,day,每天,2,23977.786684,19.573578,65.908482,1.664004,0.62884925376801,0.41799877409793,2.4437528911176,3.6237361388943,1.7579923702654,28.114012,"[""2007-05-29"", ""2007-08-01""]",62.679788,54.062038,2.3105671986607,828,493,4.95829,18.198959687906,,2708,6755,19,14,60,386,
2020年度精选策略,2020年度精选策略/39 因子分析——利用JoinQuant因子分析模块选取因子并封装为策略.txt,因子分析——利用JoinQuant因子分析模块选取因子并封装为策略,,,https://www.joinquant.com/post/11044,https://www.joinquant.com/view/community/detail/8fdea961213836988bc26b271cbcbc66,ok,因子分析——利用JoinQuant因子分析模块选取因子并封装为策略,JQ-RANGEWOLF,2018-02-05 17:34:15,1,alpha_money,post,2017-01-15,2018-01-16,100000000,day,每天,2,45.767971,28.270561,46.663917,28.790894,0.065175326108236,1.4580509049264,2.429223684615,3.7019442568504,1.318121097338,11.831312,"[""2017-11-21"", ""2017-12-07""]",35.728623,50.813008,1.2370325863591,890,1601,-0.551069,39.814393939394,,246,12489,13,44,134,368,
2020年度精选策略,2020年度精选策略/40 kdj指标配合accer过滤.txt,kdj指标配合accer过滤,,,https://www.joinquant.com/post/14847,https://www.joinquant.com/view/community/detail/79e7c6a5836b504a9821dd88268a2a13,ok,kdj指标配合accer过滤,leonardo1001,2018-10-11 13:48:00,1,tick回测多指标止盈止损,post,2018-01-01,2018-10-09,500000,tick,TICK,2,53.073422,-18.411997,77.772501,-24.041552,0.69277540049174,-0.16029644209139,2.4267347396078,4.7206016346197,2.6677628115645,16.381492,"[""2018-06-05"", ""2018-08-02""]",57.142857,50.810811,2.6402621689911,8,6,3.569628,24,,185,3818,21,15,34,152,
2020年度精选策略,2020年度精选策略/41 多因子模型（三）-交易回测.txt,多因子模型（三）-交易回测,,,https://www.joinquant.com/post/14084,https://www.joinquant.com/view/community/detail/74a0a13c0842a3ea84907a9c246a8a1f,ok,多因子模型（三）-交易回测,颖硕,2018-08-02 22:21:26,1,这是一个简单的策略-76,post,2016-07-13,2018-08-01,1000000,day,每天,2,90.63316,5.322273,37.892631,2.61604,0.35122649676577,0.88876718932476,2.2657394340781,2.9095855040576,3.8988249042343,12.869576,"[""2018-02-05"", ""2018-02-09""]",69.101124,58.167331,3.0178849034409,369,165,4.98018,60,,502,16785,52,75,212,712,
2020年度精选策略,2020年度精选策略/42 低估值+TRIX+RSI 低回撤策略.txt,低估值+TRIX+RSI 低回撤策略,,,https://www.joinquant.com/post/11292,https://www.joinquant.com/view/community/detail/a2b7f3910e82abf34d6b1b0b43c5e79e,ok,低估值+TRIX+RSI 低回撤策略,观天之道执天之行,2018-03-02 19:37:32,1,低估值三指标,post,2005-06-03,2018-02-01,20000,day,每天,2,929.653098,418.818298,20.792264,14.267866,0.15707474893646,0.10564897579955,2.2453220868248,3.1641593065931,0.070853094745537,8.026493,"[""2006-06-05"", ""2006-07-31""]",66.148325,47.440052,3.9971534220964,553,283,2.567345,29.120805369128,,3086,3519,12,4,6,149,
2020年度精选策略,2020年度精选策略/43 无模型评估的多因子模型.txt,无模型评估的多因子模型,,,https://www.joinquant.com/post/15426,https://www.joinquant.com/view/community/detail/b5fa3d2cb83c22df7663f42d807572ae,ok,无模型评估的多因子模型,菜鸟学python,2018-11-27 11:36:49,1,SVR市值因子策略-Clone,post,2012-01-01,2017-12-31,1000000,day,每天,2,1346.798088,50.365756,58.114811,7.244575,0.51388180693047,0.84036581607417,2.1072177953681,2.6604249524257,2.8643279340848,24.828818,"[""2015-12-30"", ""2016-01-28""]",68.028846,58.504801,3.2734580114237,283,133,7.511889,65.809523809524,,1458,1876,1,5,5,73,
2020年度精选策略,2020年度精选策略/44 新手初来，写了一个价值投资策略.txt,新手初来，写了一个价值投资策略,,,https://www.joinquant.com/post/14694,https://www.joinquant.com/view/community/detail/6a243e3c97e9510e35b28261e240a043,ok,新手初来，写了一个价值投资策略,冰若,2018-09-21 11:53:28,1,价值投资,post,2018-01-02,2018-09-20,100000,day,每天,2,39.48867,-17.8801,59.589429,-24.169612,0.74077864525697,0.65632553804244,2.0989016173535,2.7875058168242,3.4656836289385,14.16554,"[""2018-06-12"", ""2018-07-05""]",100,53.370787,29632,1,0,30.959545,90,,178,1596,4,3,5,118,
2020年度精选策略,2020年度精选策略/45 布林带策略.txt,布林带策略,,,https://www.joinquant.com/post/13156,https://www.joinquant.com/view/community/detail/6bb8c9b25f9f7f24c67430bce0f9154f,ok,布林带策略,zimeng08,2018-06-12 20:50:29,1,布林带策略,post,2016-06-01,2018-06-01,100000,day,每天,2,70.8472,18.962576,31.572118,9.303069,0.24830782708197,0.51693369663494,2.0744502932673,3.6504612012647,1.7021126983382,7.57971,"[""2018-01-12"", ""2018-04-18""]",50.0,55.327869,37.800657894737,1,1,44.746086,488,,488,2448,2,3,7,130,
2020年度精选策略,2020年度精选策略/46 Get API 新技能，研究中写策略并回测.txt,Get API 新技能，研究中写策略并回测,,,https://www.joinquant.com/post/14323,https://www.joinquant.com/view/community/detail/6342bc6bd43e371bda10f7402359b805,ok,Get API 新技能，研究中写策略并回测,JoinQuant-Supercritical,2018-08-25 19:36:49,1,研究中创建双均线策略,post,2017-01-01,2018-01-01,1000000,day,每天,2,30.769281,21.774973,31.634774,22.366328,0.14257210153715,0.72837441623901,2.001551266826,2.904935282766,0.7724400788514,8.212951,"[""2017-11-22"", ""2017-12-18""]",0,51.229508,0,0,0,0,176.66666666667,,244,8448,20,47,121,151,
2020年度精选策略,2020年度精选策略/47 次新小盘策略.txt,次新小盘策略,,,https://www.joinquant.com/post/12886,https://www.joinquant.com/view/community/detail/e4bcf3b77d5c7b12a447a28f8f680bad,ok,次新小盘策略,财源滚滚来,2018-05-29 17:57:02,1,次新小盘,post,2017-05-01,2018-05-28,100000,day,每天,2,145.58351,11.439978,134.915563,10.844921,1.2235503135273,1.2506399492158,1.9906628263649,3.0588330691202,1.9509922102491,33.741177,"[""2018-01-26"", ""2018-02-09""]",100,53.992395,202488,2,0,77.920127,131.5,,263,1539,1,4,4,102,
2020年度精选策略,2020年度精选策略/48 再测一支.txt,再测一支,,,https://www.joinquant.com/post/14860,https://www.joinquant.com/view/community/detail/1fdf07d5744a94a3d6ebe543d9c1c546,ok,再测一支,leonardo1001,2018-10-12 13:06:29,1,tick回测多指标止盈止损,post,2018-01-01,2018-10-09,500000,tick,TICK,2,31.60201,-18.411997,44.932429,-24.041552,0.54268966576449,0.47559912232063,1.7937748599441,2.9025629477731,2.9671025005833,11.277972,"[""2018-02-22"", ""2018-03-26""]",63.636364,54.054054,3.3215131005273,7,4,2.837667,47,,185,2035,9,1,3,60,
2020年度精选策略,2020年度精选策略/49 海龟克隆优化.txt,海龟克隆优化,商品期货策略——海龟交易法,ScintiGimcki,https://www.joinquant.com/post/12429,https://www.joinquant.com/view/community/detail/e78ab5b64c026a0c46300329edd58912,ok,海龟克隆优化,sdanyu,2018-05-03 16:06:21,1,海龟策略-Clone,post,2018-01-01,2018-04-13,100000,day,每天,2,11.207388,-6.719568,48.641626,-22.86026,-0.4144255936497,-3.2048902637128,1.7497438756557,2.5224955894477,2.3025269374267,7.397244,"[""2018-03-09"", ""2018-03-19""]",100,62.686567,10673.02,1,0,23.208983,32.5,,67,1634,0,3,6,118,
2020年度精选策略,2020年度精选策略/50 简单配对交易.txt,简单配对交易,,,https://www.joinquant.com/post/14326,https://www.joinquant.com/view/community/detail/aa400e5656c2a846267bcb2fb3e18d6e,ok,简单配对交易,callen g,2018-08-26 02:52:55,1,这是一个简单的策略-8,post,2018-01-01,2018-08-24,1000000,day,每天,2,11.043186,-17.503008,17.9039,-26.105284,0.14358125756435,0.015087920266849,1.7189625627013,4.8594379440613,2.1121959022912,2.132202,"[""2018-01-02"", ""2018-01-09""]",80.0,52.830189,80.448113207547,8,2,2.616715,23,,159,1382,0,2,4,72,
2020年度精选策略,2020年度精选策略/51 HS300--随机森林拐点识别.txt,HS300--随机森林拐点识别,二八轮动小市值优化版 v2.0.7 [更新于2016.11.16],Morningstar,https://www.joinquant.com/post/12666,https://www.joinquant.com/view/community/detail/b68eab419ecae247692adc82d3f0c7ee,ok,HS300--随机森林拐点识别,跟随哔哔做量化,2018-05-16 14:29:12,1,随机森林拐点识别,post,2015-01-21,2016-12-23,1000000,minute,分钟,2,101.125029,-2.609455,44.902352,-1.393651,0.4290202121633,0.37074501670112,1.7079098803077,2.370634098917,1.6036886001891,12.098849,"[""2016-08-16"", ""2016-12-05""]",52.0,47.983015,1.8123839449045,143,132,1.577995,12.165137614679,,471,2978,12,6,9,150,
2020年度精选策略,2020年度精选策略/52 布林带1.txt,布林带1,,,https://www.joinquant.com/post/13162,https://www.joinquant.com/view/community/detail/5fc484d9ce108ffaee6a76d0c5636b24,ok,布林带1,zimeng08,2018-06-13 08:16:46,1,布林带1,post,2016-06-01,2018-06-01,1000000,day,每天,2,118.345027,18.962576,49.190595,9.303069,0.41609531611675,0.67528135431902,1.9187795277983,3.2753790188388,1.787635470197,14.548878,"[""2018-01-12"", ""2018-05-24""]",75.0,48.155738,64.087374612678,3,1,23.566853,348,,488,1799,4,3,2,74,
2020年度精选策略,2020年度精选策略/53 小市值策略.txt,小市值策略,,,https://www.joinquant.com/post/13364,https://www.joinquant.com/view/community/detail/2164ba6f26fa632cc4e6b361407361bd,ok,小市值策略,Abbie,2018-06-28 12:04:56,1,向导式策略生成器,post,2016-06-01,2016-12-01,100000,day,每天,2,17.42702,12.477323,38.613318,26.99616,0.052998713279827,1.2747105013023,1.8800186232438,2.4393476976861,1.116451863981,5.885788,"[""2016-07-15"", ""2016-08-01""]",42.857143,56.097561,2.9972044728435,3,4,3.209414,72.352941176471,,123,1391,0,2,1,42,
2020年度精选策略,2020年度精选策略/54 中长线买入卖出点选择.txt,中长线买入卖出点选择,,,https://www.joinquant.com/post/13213,https://www.joinquant.com/view/community/detail/e2b85321c8ca396541093bc5af695c5f,ok,中长线买入卖出点选择,巨亏,2018-06-15 10:12:32,1,中长线策略,post,2014-01-01,,200000,day,每天,2,197.519955,63.190454,28.8302,12.051565,0.21433929765071,0.42181494389211,1.6707399772746,2.3277032334015,0.94659153597269,11.807354,"[""2015-07-13"", ""2016-01-28""]",100,50.27881,178597.1,8,0,113.910716,453.82352941176,,1076,1816,1,7,10,209,
2020年度精选策略,2020年度精选策略/55 中小板-中证500配对交易.txt,中小板-中证500配对交易,招行_海天配对策略（学习招行伊利配对）,维络,https://www.joinquant.com/post/11764,https://www.joinquant.com/view/community/detail/ea1ba0946735159a68888edde190cd45,ok,中小板-中证500配对交易,翼、轸,2018-04-01 18:44:50,1,招行_海天配对策略-改进版,post,2014-01-01,2018-03-31,100000,day,每天,2,187.777285,68.366013,29.055401,13.396089,0.23829350602859,0.13048519861083,1.5889388586056,2.5239706880442,0.48619758973382,9.052048,"[""2015-06-12"", ""2018-02-09""]",80.952381,48.455598,25.176111333345,17,4,7.379923,210,,1036,1893,0,8,12,88,
2020年度精选策略,2020年度精选策略/56 爱神的箭放声大哭.txt,爱神的箭放声大哭,,,https://www.joinquant.com/post/12114,https://www.joinquant.com/view/community/detail/281ff9db7cf81a0173fbc44d9ff939c0,ok,爱神的箭放声大哭,lx668668,2018-04-16 10:54:02,1,向导式策略生成器,post,2016-06-01,2016-12-01,100000,day,每天,2,13.79155,12.477323,30.030353,26.99616,0.00022185839351446,1.1309787154151,1.5599244889056,2.2629608452521,0.31884661492691,7.398721,"[""2016-08-18"", ""2016-09-26""]",25.0,52.845528,3.264,1,3,1.799802,68.333333333333,,123,969,1,0,0,9,
2020年度精选策略,2020年度精选策略/57 黄泽森策略.txt,黄泽森策略,,,https://www.joinquant.com/post/13974,https://www.joinquant.com/view/community/detail/2d6a228ad46cc0f81dbe868acb0623d8,ok,黄泽森策略,hzs,2018-07-26 19:15:47,1,向导式策略生成器,post,2017-06-01,2018-07-01,100000,day,每天,2,37.39475,0.518068,34.794193,0.48683,0.34286797187623,0.9941460765992,1.5456794678208,2.3951685574981,2.5689280406464,16.341539,"[""2018-02-05"", ""2018-06-28""]",68.181818,53.759398,3.3527917438476,15,7,8.512424,61.65,,266,2679,6,22,32,65,
2020年度精选策略,2020年度精选策略/58 MACD金叉买入，死叉卖出.txt,MACD金叉买入，死叉卖出,,,https://www.joinquant.com/post/15387,https://www.joinquant.com/view/community/detail/a82a6e358af533cb1dadbfd08868841a,ok,MACD金叉买入，死叉卖出,市民刘先生2018,2018-11-25 16:16:03,1,macd,post,2015-12-31,2016-12-31,10000000,day,每天,2,20.643069,-12.086934,21.106008,-12.317755,0.21356924522515,0.26050864507492,1.4899738105664,2.0873581368988,1.7473117082718,4.646464,"[""2016-02-22"", ""2016-02-25""]",60.465116,53.061224,6.2056436133329,26,17,2.586867,55.928571428571,,245,3031,5,13,18,165,
2020年度精选策略,2020年度精选策略/59 小市值轮动，修改了内容，剔除了停牌股，同时PE要求为正的股票。.txt,小市值轮动，修改了内容，剔除了停牌股，同时PE要求为正的股票。,【新手入门教程】简单市值轮动策略,JoinQuant-TWist,https://www.joinquant.com/post/13017,https://www.joinquant.com/view/community/detail/bb29acb8b300afea25f75b92b4356d4a,ok,小市值轮动，修改了内容，剔除了停牌股，同时PE要求为正的股票。,开心的叶子,2018-06-05 09:42:35,1,小市值轮动-Clone,post,2015-01-01,,100000,day,每天,2,296.00193,7.60321,51.290851,2.229062,0.48614967001866,0.7476918176876,1.3952649821122,1.6751908103791,1.7131527890235,31.579327,"[""2015-08-17"", ""2015-09-02""]",71.929825,56.197353,2.9388181758944,123,48,12.142179,73.087912087912,,831,2133,4,4,1,53,
2020年度精选策略,2020年度精选策略/60 投资期末作业.txt,投资期末作业,,,https://www.joinquant.com/post/13976,https://www.joinquant.com/view/community/detail/afe868a9a7e278df92a0b5f0f9cd1133,ok,投资期末作业,这个话,2018-07-26 19:20:58,1,投资作业,post,2017-06-30,2018-06-30,100000,day,每天,2,28.11932,-4.302407,28.768857,-4.388256,0.30832827769215,0.72291195139292,1.3524278732313,1.9669922410463,2.1711063800677,13.924686,"[""2018-01-22"", ""2018-04-20""]",78.0,51.020408,3.3094342251951,39,11,3.219421,39.227272727273,,245,885,0,3,0,17,
2020年度精选策略,2020年度精选策略/61 向导式策略生成器生成的成长股精选策略.txt,向导式策略生成器生成的成长股精选策略,,,https://www.joinquant.com/post/11372,https://www.joinquant.com/view/community/detail/95f2e333ca68e4dbd56ca9289315ddf4,ok,向导式策略生成器生成的成长股精选策略,airsiva,2018-03-08 23:20:23,1,成长股精选组合,post,2016-06-01,2016-12-01,100000,day,每天,2,12.36422,12.477323,26.736737,26.99616,-0.02897380959226,1.1147130038949,1.278484657758,2.2487099218115,0.053723808431847,9.212316,"[""2016-08-15"", ""2016-09-26""]",81.818182,47.154472,3.9437203791469,9,2,4.928801,38.0625,,123,1674,3,8,4,49,
2020年度精选策略,2020年度精选策略/62 选股策略.txt,选股策略,,,https://www.joinquant.com/post/13962,https://www.joinquant.com/view/community/detail/081313f52a2e41f6c5432471c374299b,ok,选股策略,ElaineCheung,2018-07-26 15:12:01,1,25.43,post,2017-07-01,2018-07-01,100000,day,每天,2,24.74852,-4.249422,25.428702,-4.351609,0.26071582205782,0.55592643609263,1.2665051793207,1.9938442282576,1.8450188915615,13.375052,"[""2018-03-01"", ""2018-05-02""]",63.333333,50.0,2.3770600492518,19,11,4.886717,40.230769230769,,244,1418,1,4,3,34,
2020年度精选策略,2020年度精选策略/63 向导式.txt,向导式,,,https://www.joinquant.com/post/11024,https://www.joinquant.com/view/community/detail/4520c674dcae2d17fbd487b90b79e435,ok,向导式,哈哈捏,2018-02-03 19:37:43,1,向导式策略生成器,post,2017-01-01,2017-12-01,100000,day,每天,2,24.9586,20.786674,28.232449,23.463643,-0.012588915852518,1.309690101562,1.2571738881656,1.7631282126927,0.34986330400242,10.455837,"[""2017-11-21"", ""2017-11-30""]",43.884892,49.553571,1.0129522948906,61,78,0.022996,86.153846153846,,224,1022,0,0,1,16,
2020年度精选策略,2020年度精选策略/64 12年年化34%，Sharpe1.2，银行股轮动.txt,12年年化34%，Sharpe1.2，银行股轮动,,,https://www.joinquant.com/post/14646,https://www.joinquant.com/view/community/detail/39bacc836abb0cc0d299cd5f1775b93a,ok,12年年化34%，Sharpe1.2，银行股轮动,Guhhhhaa,2018-09-17 07:45:53,1,向导式策略生成器,post,2006-06-01,2018-09-10,100000,day,每天,2,3287.02069,136.557006,34.209414,7.456873,0.29011319774954,0.34658334167159,1.2411625718467,1.899279607179,0.92354579582759,28.503307,"[""2007-05-23"", ""2007-07-19""]",82.608696,48.58002,17.670500807118,19,4,31.917846,226.375,,2993,1967,5,1,6,124,
2020年度精选策略,2020年度精选策略/65 8只基金按PE调仓.txt,8只基金按PE调仓,低回撤，PE分仓,桑梓,https://www.joinquant.com/post/11700,https://www.joinquant.com/view/community/detail/6860631d11632e1776293c867a27b19e,ok,8只基金按PE调仓,王麻子,2018-03-29 09:47:43,1,凯信2,post,2013-06-06,2015-03-12,1000000,day,每天,2,33.950168,40.315926,18.617592,21.878462,0.063845726122483,0.46049928202323,1.2408294377597,1.8326628537167,-0.24585532310305,8.220176,"[""2014-02-17"", ""2014-05-19""]",78.26087,54.672897,114.0886224336,18,5,19.533543,359.42857142857,,428,1867,2,4,6,64,
2020年度精选策略,2020年度精选策略/66 高于MA10买入低于MA20卖出回测半年收益率20.4%.txt,高于MA10买入低于MA20卖出回测半年收益率20.4%,,,https://www.joinquant.com/post/14460,https://www.joinquant.com/view/community/detail/a02dfe5b1d542a2843bfba56abd2e718,ok,高于MA10买入低于MA20卖出回测半年收益率20.4%,硅谷少年,2018-09-04 15:45:09,1,这是一个简单的策略,post,2016-06-01,2016-12-31,100000,day,每天,2,20.41667,4.433455,38.064151,7.822083,0.30189712467742,1.0136980951385,1.2319451818115,2.178037664397,1.2295594739012,8.974861,"[""2016-07-15"", ""2016-10-26""]",60.0,46.527778,6.5971675845791,3,2,4.245453,90,,144,2285,8,2,4,84,
2020年度精选策略,2020年度精选策略/67 多因子回测完整模板（筛选和买卖条件强于‘策略生成器’）.txt,多因子回测完整模板（筛选和买卖条件强于‘策略生成器’）,,,https://www.joinquant.com/post/10730,https://www.joinquant.com/view/community/detail/4691800bea7bdb8c1ddf6e6c81a7c8dd,ok,多因子回测完整模板（筛选和买卖条件强于‘策略生成器’）,situchuntian,2018-01-19 14:21:18,1,完整多因子模板,post,2014-01-01,2018-01-17,100000,day,每天,2,283.41536,82.320712,40.456008,16.394988,0.24058351438553,1.0002152917578,1.2226429962085,1.5429405074705,1.2245360231318,28.053835,"[""2015-07-23"", ""2015-08-25""]",66.666667,50.960566,2.6963170815684,84,42,7.286636,63.8,,989,3054,4,4,21,155,
2020年度精选策略,2020年度精选策略/68 板块轮动不动？.txt,板块轮动不动？,,,https://www.joinquant.com/post/12307,https://www.joinquant.com/view/community/detail/db91e868f7e5d056e8bef9cf7b49720d,ok,板块轮动不动？,跟随哔哔做量化,2018-04-26 16:01:56,1,lundong-week double,post,2017-01-01,2018-04-20,100000,day,每天,2,33.95212,13.618072,26.018644,10.628399,0.19703479134689,0.34927969830577,1.217438446655,2.1275490774937,0.79554069516765,12.152676,"[""2018-03-13"", ""2018-04-13""]",52.808989,45.886076,2.150105644431,47,42,0.61685,6.3243243243243,,316,2258,8,8,9,43,
2020年度精选策略,2020年度精选策略/69 阻力支撑相对强度（RSRS）指标择时策略.txt,阻力支撑相对强度（RSRS）指标择时策略,,,https://www.joinquant.com/post/14750,https://www.joinquant.com/view/community/detail/b9f5ab4a375b1aa6a476974916f09762,ok,阻力支撑相对强度（RSRS）指标择时策略,冰_柠檬,2018-09-26 09:10:42,1,这是一个简单的策略-10,post,2014-01-01,2017-12-31,100000,minute,分钟,2,116.92009,72.995924,21.914171,15.056165,0.14132520359827,0.34204000272488,1.1597611255223,1.88429195331,0.32844729812928,16.641255,"[""2015-12-22"", ""2017-02-07""]",58.62069,46.264074,3.1671891751549,34,24,1.502715,399,,977,3048,1,4,5,106,
2020年度精选策略,2020年度精选策略/70 蓝筹&均线.txt,蓝筹&均线,,,https://www.joinquant.com/post/10747,https://www.joinquant.com/view/community/detail/5d18e0d545d9f55acf415e0e78d077a2,ok,蓝筹&amp;均线,gz88,2018-01-21 02:36:10,1,向导式策略生成器,post,2016-06-01,2017-12-31,100000,day,每天,2,31.65282,27.173811,19.385732,16.752597,0.064281247631155,0.70241433946189,1.1430966164338,1.6312723738352,0.22016553310729,10.657168,"[""2016-12-01"", ""2017-01-16""]",45.56213,47.42268,1.8058463785313,77,92,1.023621,51,,388,1190,0,0,1,16,
2020年度精选策略,2020年度精选策略/71 【投资学】CAPM单因子回归模型+ROE股票池（含止损）.txt,【投资学】CAPM单因子回归模型+ROE股票池（含止损）,,,https://www.joinquant.com/post/13973,https://www.joinquant.com/view/community/detail/d89e822ca0702651366fed931199793d,ok,【投资学】CAPM单因子回归模型+ROE股票池（含止损）,Summy,2018-07-26 19:07:54,1,【投资学】CAPM单因子回归模型+ROE股票池（含止损）,post,2017-06-01,2018-06-30,100000,day,每天,2,33.27533,0.518068,30.992376,0.48683,0.30411467470368,0.97322100663804,1.1017904107246,1.5633705477323,1.5429841499257,14.668565,"[""2017-12-01"", ""2018-06-19""]",67.883212,57.894737,1.9840888524588,93,44,8.631438,46.675324675325,,266,4512,4,14,31,212,
2020年度精选策略,2020年度精选策略/72 基金定投-沪深300-5年回测.txt,基金定投-沪深300-5年回测,,,https://www.joinquant.com/post/11251,https://www.joinquant.com/view/community/detail/ba484de70f789dd1dc169c7f8b405b26,ok,基金定投-沪深300-5年回测,傲雪神骄,2018-02-28 13:24:34,1,基金定投-沪深300,post,2012-01-01,2017-01-01,67000,day,每天,2,106.751343,41.110182,16.134307,7.349165,0.11202779273876,0.27813716055207,1.0487393268523,1.4389000129746,0.25219518641565,10.657018,"[""2013-02-08"", ""2014-03-20""]",100,48.434926,71064.57,1,0,106.432778,1196,,1214,4867,4,7,16,185,
2020年度精选策略,2020年度精选策略/73 跟着港资（北向资金）买A股.txt,跟着港资（北向资金）买A股,,,https://www.joinquant.com/post/13848,https://www.joinquant.com/view/community/detail/4d090bae3390e22a7b54430fe3d7b36f,ok,跟着港资（北向资金）买A股,cgzol,2018-07-19 23:10:12,1,测试港资策略,post,2017-01-01,2018-07-18,100000,minute,分钟,2,59.24226,3.662726,36.253383,2.420616,0.33974840018771,1.0899545796359,1.0161873658795,2.0089239303433,1.2121712069781,14.746223,"[""2017-11-21"", ""2018-04-27""]",47.857143,46.010638,1.4691767675101,134,146,0.352757,6.9230769230769,,376,8345,20,39,75,527,
2020年度精选策略,2020年度精选策略/74 基于沪深300的增强.txt,基于沪深300的增强,,,https://www.joinquant.com/post/12280,https://www.joinquant.com/view/community/detail/d742682c6a3339fc15a8a0e042ccf2ca,ok,基于沪深300的增强,3143592653,2018-04-25 11:56:06,1,向导式策略生成器,post,2014-06-04,2018-04-20,100000000,day,每天,2,221.486373,74.929928,36.020532,15.872121,0.22446485193047,0.80643108252472,0.99973911891373,1.2591921321446,0.79968713144814,33.772748,"[""2015-08-17"", ""2015-08-25""]",69.69697,46.153846,2.7338715132916,92,40,16.423713,195.12903225806,,949,1727,3,9,15,106,
2020年度精选策略,2020年度精选策略/75 财务因子策略.txt,财务因子策略,,,https://www.joinquant.com/post/13968,https://www.joinquant.com/view/community/detail/224df46076946e7310f18abd06300747,ok,财务因子策略,BaeSuzy,2018-07-26 17:13:47,1,向导式策略生成器,post,2016-12-31,2018-07-21,100000,day,每天,2,34.35673,5.522802,21.570349,3.619307,0.17981709040065,1.0805568438522,0.98867136630266,1.4021097899366,1.8965762500189,24.800826,"[""2018-02-05"", ""2018-07-05""]",64.516129,53.968254,3.5464878021169,60,33,7.727085,116.96875,,378,1092,0,0,2,25,
2020年度精选策略,2020年度精选策略/76 MACD——大盘择时.txt,MACD——大盘择时,,,https://www.joinquant.com/post/11102,https://www.joinquant.com/view/community/detail/ad28232c34b6e7f481d0b13d74d4447d,ok,MACD——大盘择时,Max_Bai,2018-02-09 15:57:37,1,MACD,post,2005-07-01,2018-02-01,10000000,day,每天,2,1108.913827,383.210157,22.534374,13.706185,0.14016269547305,0.46548719465391,0.96858476409965,1.2256846116745,0.26105396259459,30.022293,"[""2009-08-03"", ""2014-07-10""]",42.857143,46.444879,2.6903464691753,21,28,7.59924,1766,,3066,2715,1,3,12,165,
2020年度精选策略,2020年度精选策略/77 RSRS大盘择时优化.txt,RSRS大盘择时优化,【量化课堂】RSRS(阻力支撑相对强度)择时策略（下）,JoinQuant量化课堂,https://www.joinquant.com/post/13065,https://www.joinquant.com/view/community/detail/38b4b216f101ec4b97f049424f937f6c,ok,RSRS大盘择时优化,flyingluc,2018-06-07 11:39:09,1,rsrs-volume加强,post,2010-06-01,2018-05-28,100000,day,每天,2,285.086191,38.221965,18.965113,4.257251,0.14842199030618,0.47779914444974,0.95741585258756,1.3487593893792,0.89792132812806,17.752197,"[""2010-11-08"", ""2012-01-05""]",44.117647,49.098403,18.207108953918,15,19,5.331687,1337,,1941,5180,6,11,61,404,
2020年度精选策略,2020年度精选策略/78 GFTD第二版.txt,GFTD第二版,,,https://www.joinquant.com/post/11188,https://www.joinquant.com/view/community/detail/43cad230a97f47b4fb62785ad3cbf98a,ok,GFTD第二版,lhclll,2018-02-22 09:15:12,1,TD组合 V2,post,2005-01-05,2018-02-21,10000000,day,每天,2,1180.700005,295.334074,22.121056,11.374055,0.1453783892611,0.48592214773014,0.93528230590481,1.1488478815141,0.36194494564324,32.938939,"[""2007-10-16"", ""2008-11-28""]",58.823529,46.489028,3.2742016706902,20,14,11.347415,1838,,3190,2905,5,7,23,177,
2020年度精选策略,2020年度精选策略/79 DMI——大盘择时.txt,DMI——大盘择时,,,https://www.joinquant.com/post/11101,https://www.joinquant.com/view/community/detail/db73d297c4dded9bd65949c32cf273d1,ok,DMI——大盘择时,Max_Bai,2018-02-09 15:51:22,1,DMI——大盘择时,post,2005-05-31,2016-12-31,10000000,day,每天,2,596.481699,286.867061,18.76079,12.733215,0.12080356598287,0.30692403904136,0.91124154816736,1.2205889741094,0.090952365121423,28.064527,"[""2009-08-03"", ""2012-05-16""]",47.222222,46.102055,3.7581175747607,17,19,6.661759,1042,,2822,2792,13,16,17,114,
2020年度精选策略,"2020年度精选策略/80 向导式 价值分析(一),成功避开股灾,大盘震荡跌时小涨.txt","向导式 价值分析(一),成功避开股灾,大盘震荡跌时小涨",,,https://www.joinquant.com/post/13378,https://www.joinquant.com/view/community/detail/3dd493a9b6127189ebc7cbb7c95de7f4,ok,"向导式 价值分析(一),成功避开股灾,大盘震荡跌时小涨",Guhhhhaa,2018-06-28 18:59:03,1,向导式策略生成器,post,2006-06-01,2018-06-01,100000,day,每天,2,965.12715,176.142461,22.425581,9.076072,0.16367908344726,0.40536711949016,0.90874590029144,1.2467157803483,0.56174335767447,24.849835,"[""2011-04-18"", ""2012-12-03""]",70.666667,48.68286,3.4266069236459,53,22,21.754347,249.94285714286,,2923,4374,12,28,62,170,
2020年度精选策略,2020年度精选策略/81 申万行业轮动策略.txt,申万行业轮动策略,,,https://www.joinquant.com/post/13107,https://www.joinquant.com/view/community/detail/a62bdd030ef0fba37e7dc6ca060298cc,ok,申万行业轮动策略,JoinQuant聚宽-客服小A,2018-06-11 00:09:22,1,行业轮动策略,post,2017-06-09,2018-06-09,1000000,day,每天,2,28.390374,6.139925,28.91315,6.242815,0.22653016737013,1.0077216821068,0.9026469258131,1.3157636145778,0.96286177499699,19.189526,"[""2017-08-07"", ""2017-12-15""]",45.714286,48.373984,1.509681280052,48,57,1.717738,19.21875,,246,10970,20,48,143,474,
2020年度精选策略,2020年度精选策略/82 次新+小市值+KAMA择时 轮动.txt,次新+小市值+KAMA择时 轮动,,,https://www.joinquant.com/post/13400,https://www.joinquant.com/view/community/detail/e7fb6e624e566225d6227b5c84d0bbd5,ok,次新+小市值+KAMA择时 轮动,月明星稀,2018-06-30 13:20:02,1,次新-1.1,post,2016-01-01,2018-06-29,100000,minute,分钟,2,139.17813,-5.897205,43.21247,-2.47232,0.44583822148483,0.82989597828832,0.90104210746584,1.2124838883496,1.1103960183868,34.865837,"[""2017-03-27"", ""2017-08-11""]",48.305085,54.200988,1.4022799365583,114,122,1.660878,20.649350649351,,607,3168,7,14,18,183,
2020年度精选策略,2020年度精选策略/83 沪深300ETF-1060双均线.txt,沪深300ETF-1060双均线,,,https://www.joinquant.com/post/15265,https://www.joinquant.com/view/community/detail/8f057ccaacda25441f1e369793951029,ok,沪深300ETF-1060双均线,小雪人,2018-11-14 17:59:25,1,沪深300ETF-1060双均线,post,2014-06-01,2018-11-13,200000,day,每天,2,119.983955,50.124463,19.860036,9.785482,0.13128237093703,0.47218170818379,0.89307295642685,1.1587412813685,0.53832384816198,21.495594,"[""2015-06-12"", ""2016-07-05""]",52.631579,49.448529,5.9355121692474,10,9,5.88225,660,,1088,2655,7,6,7,108,
2020年度精选策略,2020年度精选策略/84 投资策略说明.txt,投资策略说明,,,https://www.joinquant.com/post/13975,https://www.joinquant.com/view/community/detail/aae8fd0ec8d28091ff8cc62feb60dbf7,ok,投资策略说明,时雨煮酒,2018-07-26 19:17:42,1,向导式策略生成器,post,2017-06-01,2018-06-01,100000,day,每天,2,21.18506,7.950606,21.468211,8.05096,0.13317474795311,1.024630155238,0.88138963585911,1.3026100412337,0.99866261159102,14.753619,"[""2018-01-24"", ""2018-02-09""]",50.0,53.441296,2.5898328690808,7,7,8.672849,88.214285714286,,247,795,0,1,0,7,
2020年度精选策略,2020年度精选策略/85 【第一次玩】我就是要买便宜股系列.txt,【第一次玩】我就是要买便宜股系列,,,https://www.joinquant.com/post/14986,https://www.joinquant.com/view/community/detail/4e7c741059eacbefd44304d7ec8a07de,ok,【第一次玩】我就是要买便宜股系列,带头喝三鹿,2018-10-24 17:05:03,1,我就是要买便宜股,post,2013-01-01,2018-10-22,100000,day,每天,2,147.98959,29.620778,17.485601,4.710914,0.1322923477027,0.36061542492849,0.86383454478195,1.302215613532,0.6344501434381,20.892088,"[""2013-02-05"", ""2014-03-10""]",68.75,47.40951,7.5087876909061,44,20,22.00722,201.92857142857,,1409,2151,2,6,21,95,
2020年度精选策略,2020年度精选策略/86 5日线穿十日线策略（供初学）.txt,5日线穿十日线策略（供初学）,,,https://www.joinquant.com/post/12056,https://www.joinquant.com/view/community/detail/d8165978cbb6275ec836a835ef82fe4f,ok,5日线穿十日线策略（供初学）,开心的叶子,2018-04-12 16:08:00,1,初学策略5日均线上穿10日均线,post,2017-04-01,2018-04-11,100000,day,每天,2,21.70356,13.955097,21.70356,13.955097,0.16383586150423,0.13259276698405,0.85236998389207,1.3746963314154,0.32811506083391,12.893363,"[""2017-11-22"", ""2018-01-05""]",33.333333,44.8,1.7063030418614,7,14,1.09897,71,,250,1010,0,1,1,10,
2020年度精选策略,2020年度精选策略/87 选股策略说明——张燕兰 16318320.txt,选股策略说明——张燕兰 16318320,,,https://www.joinquant.com/post/13969,https://www.joinquant.com/view/community/detail/ba9ccd8244a273646a1ac29901647930,ok,选股策略说明——张燕兰 16318320,ElaineCheung,2018-07-26 17:16:18,1,向导式策略生成器,post,2017-07-01,2018-07-01,100000,day,每天,2,24.467,-10.807042,25.138695,-11.057529,0.34368706543411,0.87863099162148,0.84762392747478,1.1295697028581,1.6494153257213,14.562716,"[""2018-03-06"", ""2018-05-16""]",68.75,51.639344,2.2228063307421,11,5,7.757478,52.066666666667,,244,1933,1,3,4,69,
2020年度精选策略,2020年度精选策略/88 一位小白编辑的多因子选股策略.txt,一位小白编辑的多因子选股策略,,,https://www.joinquant.com/post/13958,https://www.joinquant.com/view/community/detail/d2be884847cf836ebc0300254b63fa9b,ok,一位小白编辑的多因子选股策略,周盼 16318348,2018-07-26 12:56:32,1,16318348 周盼,post,2017-06-01,2018-06-30,100000,day,每天,2,26.53187,0.518068,24.753449,0.48683,0.25029180365724,1.2170577561374,0.79555412807783,1.1617544807947,1.2730421318994,14.01252,"[""2017-11-21"", ""2018-02-09""]",37.5,50.37594,2.4233169565795,6,10,7.497186,83.0625,,266,1138,0,0,4,18,
2020年度精选策略,2020年度精选策略/89 test1：简单的多均线择时.txt,test1：简单的多均线择时,【简单的多均线择时策略】那个天台排队的孩子，我给你讲个故事,陈小米。,https://www.joinquant.com/post/12143,https://www.joinquant.com/view/community/detail/5e869138bab7451671d1ff22d6f4b421,ok,test1：简单的多均线择时,jianjianv589,2018-04-17 18:47:23,1,多均线策略（复兴医药）-Clone,post,2017-03-01,2018-04-16,20000,day,每天,2,21.1181,57.912711,18.951662,51.260533,0.0056895750309833,0.30432803173169,0.77969656406547,1.1831477418939,-1.0584887198649,17.951589,"[""2017-11-06"", ""2018-04-16""]",50.0,43.84058,2.1956119481893,5,5,2.353902,113,,276,956,1,0,1,22,
2020年度精选策略,2020年度精选策略/90 MA均线金叉买入，死叉卖出.txt,MA均线金叉买入，死叉卖出,,,https://www.joinquant.com/post/11964,https://www.joinquant.com/view/community/detail/0f4374c3a999662c5f5205c88f1841ea,ok,MA均线金叉买入，死叉卖出,阿龙,2018-04-09 20:08:50,1,向导式策略生成器,post,2016-06-01,2016-12-01,100000,day,每天,2,14.09764,12.477323,30.742257,26.99616,-0.11107743513333,1.6459270145614,0.77624904943162,1.2812922403274,0.12882362872615,19.138776,"[""2016-08-16"", ""2016-11-09""]",30.769231,46.341463,1.3965675758504,8,18,1.080313,9.2692307692308,,123,1796,0,2,3,98,
2020年度精选策略,2020年度精选策略/91 Stoch（KDJ）——大盘择时.txt,Stoch（KDJ）——大盘择时,,,https://www.joinquant.com/post/11103,https://www.joinquant.com/view/community/detail/44c1e1a9d934dbc3488393e4f5f497b5,ok,Stoch（KDJ）——大盘择时,Max_Bai,2018-02-09 16:05:46,1,stoch策略-调参-局部最优,post,2005-07-01,2018-02-01,10000000,day,每天,2,672.795236,383.210157,18.144171,13.706185,0.10159661461062,0.41051242717101,0.77418957754906,1.017569471769,0.070467479259572,28.596359,"[""2007-05-29"", ""2008-10-10""]",49.382716,46.510111,2.5345601356952,40,41,3.094355,1441,,3066,2633,1,8,11,83,
2020年度精选策略,2020年度精选策略/92 多因子选股策略.txt,多因子选股策略,,,https://www.joinquant.com/post/11713,https://www.joinquant.com/view/community/detail/47afcedc954f006cbd33a1616c3101a0,ok,多因子选股策略,桑梓,2018-03-29 15:07:42,1,多因子模型2,post,2014-12-09,2018-03-06,2000000,day,每天,2,86.000472,25.014103,21.699629,7.320634,0.15038386270351,0.80142607566297,0.73240450214205,0.89072089545842,1.1395920171851,34.99471,"[""2015-06-08"", ""2015-08-25""]",67.234043,49.493671,2.7005685618581,158,77,5.912797,220.33783783784,,790,3542,2,10,13,177,
2020年度精选策略,2020年度精选策略/93 RSRS——大盘择时.txt,RSRS——大盘择时,【量化课堂】RSRS(阻力支撑相对强度)择时策略（上）,JoinQuant量化课堂,https://www.joinquant.com/post/11115,https://www.joinquant.com/view/community/detail/6a0161a5fd87b1a6e128db84ce5fbb50,ok,RSRS——大盘择时,Max_Bai,2018-02-11 10:38:10,1,RSRS_stdratio-Clone,post,2008-07-01,2018-02-01,100000000,day,每天,2,303.761235,52.083642,16.102088,4.587126,0.11855401658003,0.42015962261421,0.70643443962257,1.0521084488852,0.41730495615282,29.143794,"[""2008-07-01"", ""2008-11-04""]",52.083333,49.507916,4.8230538032383,25,23,3.391528,1113,,2337,7864,11,17,67,425,
2020年度精选策略,2020年度精选策略/94 PE和PB策略.txt,PE和PB策略,,,https://www.joinquant.com/post/13967,https://www.joinquant.com/view/community/detail/2cb8431cbb05e49885ec1160b2f1062b,ok,PE和PB策略,Jenny_,2018-07-26 16:01:48,1,PB和PE策略,post,2017-07-01,2018-07-01,100000,day,每天,2,17.52544,-4.249422,17.993054,-4.351609,0.218897490403,0.94552985333159,0.70586107832267,1.0465217901666,1.6299732258788,21.851052,"[""2018-02-01"", ""2018-06-28""]",57.575758,51.229508,2.3595787112053,19,14,5.136099,77.133333333333,,244,1374,2,0,2,23,
2020年度精选策略,2020年度精选策略/95 资金流策略.txt,资金流策略,,,https://www.joinquant.com/post/10545,https://www.joinquant.com/view/community/detail/dd7ee699232b13f0cf9ad02ca86db41d,ok,资金流策略,SOHUSONNY,2018-01-06 23:02:35,1,向导式策略生成器,post,2016-01-01,2016-12-01,100000,day,每天,2,14.39825,-4.448372,16.276668,-4.973356,0.17629244094183,0.59649652097826,0.57075024453365,0.71408843869622,1.0441007384496,12.537701,"[""2016-02-22"", ""2016-02-29""]",0,49.775785,0,0,0,0,201.2,,223,2307,0,4,10,103,
2020年度精选策略,2020年度精选策略/96 沪港两地上市的银行股翻倍策略报告.txt,沪港两地上市的银行股翻倍策略报告,,,https://www.joinquant.com/post/11948,https://www.joinquant.com/view/community/detail/dee9021a38fc54dec426e9f63de3ec12,ok,沪港两地上市的银行股翻倍策略报告,x483zhan,2018-04-09 15:39:11,1,银行翻倍优矿选股,post,2012-01-01,2018-04-08,1000000,day,每天,2,169.585486,64.334356,17.716744,8.512967,0.10512943050515,0.70991009083416,0.55209631990075,0.79742916066385,0.47025651593674,33.933779,"[""2015-07-07"", ""2015-08-25""]",63.287154,46.25,8.0172192115408,1005,583,3.956333,506.66666666667,,1520,2222,8,4,10,52,
2020年度精选策略,2020年度精选策略/97 银行翻倍策略.txt,银行翻倍策略,,,https://www.joinquant.com/post/11681,https://www.joinquant.com/view/community/detail/ae51a410053fcd4c42b5635854f8fb14,ok, 银行翻倍策略,x483zhan,2018-03-28 11:15:13,1,银行翻倍,post,2012-01-01,2017-12-31,10000000,day,每天,2,140.955246,71.836886,16.275918,9.727348,0.079750980638602,0.75092702207615,0.50022819972293,0.69967802435159,0.36749579287534,31.99457,"[""2015-06-08"", ""2015-08-25""]",72.307692,47.325103,9.5758288198242,94,36,21.596015,545.46153846154,,1458,1682,0,2,4,45,
2020年度精选策略,2020年度精选策略/98 机器学习SVM用法示例策略.txt,机器学习SVM用法示例策略,,,https://www.joinquant.com/post/13324,https://www.joinquant.com/view/community/detail/2437ecc43cf725a4677039191bf406f1,ok,机器学习SVM用法示例策略,JoinQuant聚宽-客服小A,2018-06-25 00:04:24,1,机器学习SVM涨跌预测,post,2015-06-01,2018-06-23,200000,day,每天,2,59.775625,-0.48341,16.954847,-0.161828,0.14872223520375,0.46070543869653,0.4534487520272,0.66911695867388,0.55376782225706,29.384497,"[""2015-07-13"", ""2015-08-25""]",50.0,49.064171,1.9148570185787,11,11,3.410268,491,,748,3870,1,7,22,215,
2020年度精选策略,2020年度精选策略/99 一个中信证券的向导策略.txt,一个中信证券的向导策略,,,https://www.joinquant.com/post/15280,https://www.joinquant.com/view/community/detail/2255594f0a430ec0aeac4b8e45a86497,ok,一个中信证券的向导策略,革命大旗,2018-11-15 10:49:28,1,向导式策略生成器,post,2015-06-12,2016-12-01,100000,day,每天,2,23.28635,-32.818703,15.647277,-24.136373,0.32073517577591,0.7259727448061,0.29515598824755,0.37116535268331,1.2187231997535,34.942161,"[""2015-12-23"", ""2016-01-28""]",0,48.888889,0,0,0,0,308,,360,1766,2,3,6,22,
2022年度精选策略,2022年度精选策略/1.一颗耀眼的星—【回顾2】小市值成长股策略更新—改.txt,一颗耀眼的星—【回顾2】小市值成长股策略更新—改,一颗耀眼的星—【回顾2】小市值成长股策略更新—改,jqz1226,https://www.joinquant.com/post/39325,https://www.joinquant.com/view/community/detail/9de10c55d97654c186bd3464f5cbfbbc,ok,一颗耀眼的星—【回顾2】小市值成长股策略更新—改,jqz1226 ZUEL,2022-10-01 22:58:43,1,这是一个简单的策略-890,post,2019-01-01,2022-09-30,500000,day,每天,3,589.140064,37.092254,69.745865,9.033101,0.61667112078441,0.81038568077882,2.5149877561229,3.4030091592709,3.1214057218961,17.93656,"[""2019-04-19"", ""2019-05-06""]",63.917526,51.315789,2.7106034922854,248,140,5.075517,38.234636871508,4.862361,912,26462,311,212,477,2349,
2022年度精选策略,2022年度精选策略/10.龙头首阴战法改版二.txt,龙头首阴战法改版二,龙头首阴战法改版二,游资小码哥,https://www.joinquant.com/post/36382,https://www.joinquant.com/view/community/detail/b77604d8ac71580ff3ae4aeeb4081494,ok,龙头首阴战法改版二,游资小码哥,2022-01-26 09:26:30,1,龙头首阴战法,post,2019-01-01,2022-01-14,100000,minute,分钟,3,9299.028725,57.000316,365.033342,16.48558,3.6016733092761,0.069360919047604,7.3178808643538,15.375098484729,6.5983043354764,18.994243,"[""2020-07-16"", ""2020-07-20""]",81.25,51.691475,5.4715792777272,13,3,37.830849,6,1.690729,739,9745,192,74,119,832,
2022年度精选策略,2022年度精选策略/100.【复现】金股组合增强—分析师推荐概率.txt,【复现】金股组合增强—分析师推荐概率,【复现】金股组合增强—分析师推荐概率,Hugo2046,https://www.joinquant.com/post/39135,https://www.joinquant.com/view/community/detail/03cff536dc3ae71062c234d914629ff4,ok,【复现】金股组合增强—分析师推荐概率,Hugo2046,2022-09-14 00:45:12,1,调仓日调仓,post,2020-01-01,2022-08-31,5000000,day,每天,3,82.253104,-0.433044,26.102725,-0.167551,0.25438545198889,0.80042702172881,0.98337870270875,1.3636954119412,1.6741482371026,24.960824,"[""2021-12-16"", ""2022-04-26""]",57.216495,54.868624,1.7829333269988,222,166,6.999364,50.032608695652,2.238519,647,4220,27,42,59,73,
2022年度精选策略,2022年度精选策略/11.缠论交易策略.txt,缠论交易策略,缠论交易策略,quancker,https://www.joinquant.com/post/35463,https://www.joinquant.com/view/community/detail/59cb7dafee7df4f6fea2292a10074560,ok,缠论交易策略,quancker,2021-11-17 22:06:44,1,chan策略东华测试(300354.XSHE),post,2021-01-14,2021-11-13,3000000,minute,分钟,3,93.664265,-12.362921,128.460891,-15.207026,1.3095179881831,0.33794446651451,2.2187317130346,3.2664908805837,2.5141110425683,23.218441,"[""2021-09-09"", ""2021-10-15""]",73.809524,52.5,12.627938735365,31,11,17.885232,193,1.708744,200,12254,179,108,180,935,
2022年度精选策略,2022年度精选策略/12.全市场选股？7年5倍不择时，回撤30%左右.txt,全市场选股？7年5倍不择时，回撤30%左右,全市场选股？7年5倍不择时，回撤30%左右,Jacobb75,https://www.joinquant.com/post/35307,https://www.joinquant.com/view/community/detail/2106b2efafda32d5a7d2b57d889205bc,ok,全市场选股？7年5倍不择时，回撤30%左右,Jacobb75,2021-11-06 23:13:42,1,全市场选股,post,2010-10-24,2022-01-05,500000,day,每天,3,1322.034285,86.652858,27.553974,5.888142,0.21633568141838,1.0170874924985,0.85177955943601,1.0837789637831,1.5103625398791,44.342611,"[""2015-06-15"", ""2015-09-15""]",54.951456,52.035204,2.8640181375074,283,232,6.383111,87.456591639871,1.994836,2727,10256,138,97,208,561,
2022年度精选策略,2022年度精选策略/13.【涨停研究三】连板股票收益统计与回测.txt,【涨停研究三】连板股票收益统计与回测,,,,,no_source_url,,,,0,,,,,,,,,,,,,,,,,,,,,,,,,,,,,,,,,,
2022年度精选策略,2022年度精选策略/14.为实盘做的更新：分钟级别和盘中止损.txt,为实盘做的更新：分钟级别和盘中止损,为实盘做的更新: 分钟级别和盘中止损,蚂蚁量化,https://www.joinquant.com/post/36805,https://www.joinquant.com/view/community/detail/097924a1db013128befc41c42f3a6d1b,ok,为实盘做的更新: 分钟级别和盘中止损,蚂蚁量化,2022-03-06 16:27:42,1,为实盘做的更新: 分钟级别和盘中止损,post,2020-01-01,2022-03-04,1000000,minute,分钟,2,76.651028,9.760581,31.121638,4.534631,0.26959760464745,0.30278408169006,1.2773250545425,1.8017984068228,1.071939536357,19.887029,"[""2020-12-07"", ""2021-02-08""]",56.0,49.333333,1.7068599527576,196,154,1.494805,25.152173913043,9.629054,525,8158,87,53,166,554,
2022年度精选策略,2022年度精选策略/15.高股息低杠杆小市值轮动策略.txt,高股息低杠杆小市值轮动策略,高股息低杠杆小市值轮动策略,wywy1995,https://www.joinquant.com/post/39774,https://www.joinquant.com/view/community/detail/5bf34a132919716ea77eb2e7daa4ba21,ok,高股息低杠杆小市值轮动策略,wywy1995,2022-11-09 23:23:36,1,DR-TV-LEV-W1,post,2008-01-01,2022-11-08,25000,day,每天,3,29130.122372,23.984558,48.155099,1.499548,0.46514301533216,0.94351036081828,1.3451745209174,1.6918384939658,2.6440720612405,57.848598,"[""2008-01-18"", ""2008-10-27""]",64.513491,54.306286,2.8443034554506,789,434,5.747446,100.80403458213,3.444124,3611,23055,267,259,433,1429,
2022年度精选策略,2022年度精选策略/16.ETF轮动策略升级-多类别-低回撤.txt,ETF轮动策略升级-多类别-低回撤,ETF轮动策略升级-多类别-低回撤,宋兵乙,https://www.joinquant.com/post/35959,https://www.joinquant.com/view/community/detail/2c167717480f5723c5946b0faa5400d6,ok,ETF轮动策略升级-多类别-低回撤,Yang的交易笔记,2021-12-25 15:45:29,1,ETF轮动-多类别,post,2018-01-01,2021-12-24,100000,day,每天,3,79.374644,22.091866,16.288686,5.290237,0.12048346970587,0.18627482114906,1.3619664418099,1.778184069336,0.58777393473633,6.186376,"[""2020-02-24"", ""2020-04-03""]",48.80137,51.342975,1.9555894478679,285,299,0.580793,181.4375,12.468029,968,6816,148,77,122,497,
2022年度精选策略,2022年度精选策略/17.科技与狠活.txt,科技与狠活,科技与狠活,wywy1995,https://www.joinquant.com/post/39961,https://www.joinquant.com/view/community/detail/83f88b0023c0d212b65dea942a5e0013,ok,科技与狠活,wywy1995,2022-11-25 04:59:01,1,ROA8Y-REPS-NLS-HL-W1,post,2018-01-01,2022-11-24,100000,day,每天,3,856.146116,-2.091726,60.755463,-0.443486,0.60938032622178,0.94128102082806,1.9842637070904,2.5910719317723,3.1760648502446,26.751176,"[""2020-11-09"", ""2021-01-13""]",64.093357,54.751892,2.7315743930415,357,200,4.664601,59.438502673797,5.032289,1189,13739,144,102,185,968,
2022年度精选策略,2022年度精选策略/18.动量ETF轮动-RSRS择时-卡尔曼滤波.txt,动量ETF轮动-RSRS择时-卡尔曼滤波,动量ETF轮动-RSRS择时-卡尔曼滤波,莫急莫急,https://www.joinquant.com/post/35416,https://www.joinquant.com/view/community/detail/c47541c508df3938c6eb7bdcf40f85a9,ok,动量ETF轮动-RSRS择时-卡尔曼滤波,莫急莫急,2021-11-14 22:09:17,1,11.ETF动量轮动RSRS择时-魔改4-卡尔曼滤波,post,2018-01-01,2021-10-29,100000,minute,分钟,3,549.965504,91.17736,65.573125,19.074293,0.51183525006379,0.6892263543535,2.3467228872998,3.609368593587,2.3926206027624,20.181621,"[""2021-02-10"", ""2021-03-25""]",63.768116,52.155172,3.2671042490634,44,25,3.05824,195.75,7.058553,928,10152,244,80,141,520,
2022年度精选策略,2022年度精选策略/19.【复现】高频价量相关性，意想不到的选股因子.txt,【复现】高频价量相关性，意想不到的选股因子,【复现】高频价量相关性，意想不到的选股因子,Hugo2046,https://www.joinquant.com/post/36016,https://www.joinquant.com/view/community/detail/539e74507dbf571f2be21d8fa4ebb8e6,ok,【复现】高频价量相关性，意想不到的选股因子,Hugo2046,2021-12-29 15:07:42,1,pv_corr,post,2014-01-01,2021-11-30,50000000,day,每天,3,228.064162,107.380592,16.664329,9.924885,0.079446099501866,0.79659263678464,0.51737379909139,0.58096039008758,0.39931233619637,53.479323,"[""2015-06-12"", ""2018-10-18""]",54.416727,55.526725,1.3335324355162,8224,6889,2.697089,97.218652849741,3.776493,1927,16661,106,165,283,253,
2022年度精选策略,2022年度精选策略/2.ETF动量轮动RSRS择时-魔改3小优化.txt,ETF动量轮动RSRS择时-魔改3小优化,ETF动量轮动RSRS择时-魔改3小优化,莫急莫急,https://www.joinquant.com/post/35279,https://www.joinquant.com/view/community/detail/29b074f390c55695296fe0d37aab7793,ok,ETF动量轮动RSRS择时-魔改3小优化,莫急莫急,2021-11-04 20:25:30,1,9.ETF动量轮动RSRS择时-魔改3-择时去均线及股票池优化,post,2018-01-01,2021-10-29,100000,minute,分钟,3,546.760104,21.780022,65.352752,5.451774,0.60028296278025,0.91230160197544,2.3337008411354,3.5939525350389,3.307800003022,20.173761,"[""2021-02-10"", ""2021-03-25""]",65.671642,53.987069,3.2523834489216,44,23,3.132832,195.75,6.911687,928,19442,488,164,310,1030,
2022年度精选策略,2022年度精选策略/20.【复现】因子择时？？？.txt,【复现】因子择时？？？,【复现】因子择时？？？,Hugo2046,https://www.joinquant.com/post/37573,https://www.joinquant.com/view/community/detail/a873b8ba2b510a228eac411eafb93bea,ok,【复现】因子择时？？？,Hugo2046,2022-05-05 23:28:27,1,&#123;&#39;method&#39;: &#39;SVM&#39;},post,2014-01-01,2019-12-31,5000000,day,每天,3,591.363625,75.81662,39.120941,10.1153,0.28933197859151,1.0118463266395,1.3689285730141,1.6422293893902,3.1192917244149,41.882484,"[""2015-06-12"", ""2016-01-28""]",68.473728,56.215847,2.5356470744537,1642,756,7.195448,147.27364185111,2.522591,1464,8436,112,142,232,246,
2022年度精选策略,2022年度精选策略/21.行业ETF轮动+择时，15年至今年化收益35%，回撤16%.txt,行业ETF轮动+择时，15年至今年化收益35%，回撤16%,行业ETF轮动+择时，15年至今年化收益35%，回撤16%,Jacobb75,https://www.joinquant.com/post/36544,https://www.joinquant.com/view/community/detail/6941139fc291619c9514334341df8a20,ok,行业ETF轮动+择时，15年至今年化收益35%，回撤16%,Jacobb75,2022-02-12 19:51:16,1,行业etf每周三上午轮动-BBI-10万-5日均,post,2015-01-01,2022-02-11,100000,day,每天,3,720.396462,30.214789,35.569113,3.891255,0.3159897691334,0.27462308565161,1.594259558267,2.4906767400358,1.2545783205663,15.56266,"[""2015-06-12"", ""2015-09-15""]",72.727273,49.797571,3.0939518326285,176,66,0.790451,133.71428571429,13.183487,1729,8005,81,77,188,550,
2022年度精选策略,2022年度精选策略/22.菜场大妈选股法.txt,菜场大妈选股法,菜场大妈选股法,开心果,https://www.joinquant.com/post/40004,https://www.joinquant.com/view/community/detail/6158d3c096bec67025c930295d6ae277,ok,删,开心果,2022-11-28 22:11:53,1,大妈选股,author_reply,2012-01-01,2022-11-28,100000,day,每天,3,12911.084635,85.359283,58.321113,5.997084,0.52583912820081,0.86986871456686,2.0058996557374,2.4163223774396,3.2966789483232,37.13421,"[""2015-08-17"", ""2015-09-15""]",69.199179,54.624387,4.7367759355647,337,150,11.910695,118.29353233831,2.023206,2649,9007,120,64,97,530,
2022年度精选策略,2022年度精选策略/23.低价小盘简单有效.txt,低价小盘简单有效,低价小盘简单有效,wywy1995,https://www.joinquant.com/post/39788,https://www.joinquant.com/view/community/detail/daf08c7b1b0520b5238ecf3506cd7d34,ok,低价小盘简单有效,wywy1995,2022-11-11 15:48:55,1,不复权价格低小市值轮动,post,2008-01-01,2022-11-10,25000,day,每天,3,44904.569808,23.083919,52.612801,1.447522,0.50933410903044,0.90915936980204,1.5404995062808,1.934163170967,3.0075749300594,50.236816,"[""2008-03-06"", ""2008-11-04""]",66.802999,54.027124,2.3427559496606,980,487,4.945286,99.256484149856,4.656632,3613,20096,266,176,315,790,
2022年度精选策略,2022年度精选策略/24.宽基ETF动量轮动钝化RSRS择时-回撤小.txt,宽基ETF动量轮动钝化RSRS择时-回撤小,宽基ETF动量轮动钝化RSRS择时-回撤小,DominicLiu,https://www.joinquant.com/post/37120,https://www.joinquant.com/view/community/detail/199ed5563e8c3b639e0ab41419b4f933,ok,宽基ETF动量轮动钝化RSRS择时-回撤小,DominicLiu,2022-03-31 11:41:25,1,宽基ETF动量轮动钝化RSRS择时-日-20220331,post,2013-04-01,2022-03-30,1000000,day,每天,3,859.128817,70.499543,29.460599,6.283172,0.24619767753341,0.36827342764688,1.4311947793748,2.1011328485154,1.0882342811217,14.728106,"[""2013-10-09"", ""2013-11-13""]",72.826087,50.936501,2.4707021382464,134,50,1.434986,544.5,7.687013,2189,6438,98,48,131,386,
2022年度精选策略,2022年度精选策略/25.年初至今4倍，极致的Day Trading，56.8%胜率.txt,年初至今4倍，极致的Day Trading，56.8%胜率,年初至今4倍，极致的Day Trading，56.8%胜率,Dr.QYQ,https://www.joinquant.com/post/38940,https://www.joinquant.com/view/community/detail/4e7c4cd9a584ada2d93771abbebffd33,ok,年初至今4倍，极致的Day Trading，56.8%胜率,Dr.QYQ,2022-08-25 11:27:14,1,RSRS策略-魔改3-拟合截距-abs(R2)-120m,post,2022-01-01,2022-08-23,100000,day,每天,3,376.480133,-15.77392,1140.56819,-24.18545,11.498826191471,0.4723866159736,12.887008153981,19.104187541221,13.185722283384,30.863734,"[""2022-01-12"", ""2022-01-28""]",59.090909,56.774194,2.2747455117831,26,18,4.570567,2.4285714285714,28.460159,155,10952,217,81,162,764,
2022年度精选策略,2022年度精选策略/26.近几年一直有效的股票BOLL择时策略.txt,近几年一直有效的股票BOLL择时策略,近几年一直有效的股票BOLL择时策略,勤奋的大海龟,https://www.joinquant.com/post/39510,https://www.joinquant.com/view/community/detail/affb88f2828fda14019952b167e87890,ok,近几年一直有效的股票BOLL择时策略,勤奋的大海龟,2022-10-20 11:16:08,1,好奇策略BOLL,post,2019-01-01,2022-10-19,1000000,day,每天,3,178.180241,22.167972,32.050739,5.591685,0.27425429055137,0.39286059345681,1.7864043609777,2.7176239911366,1.4901895560427,18.139119,"[""2020-07-13"", ""2021-02-04""]",42.857143,52.065217,2.1252669071645,207,276,3.050296,34.6875,5.1541,920,3499,39,38,87,375,
2022年度精选策略,2022年度精选策略/27.中证500指增+CTA，胜率52%盈亏比1.9。不输顶尖私募.txt,中证500指增+CTA，胜率52%盈亏比1.9。不输顶尖私募,中证500指增+CTA，胜率52%盈亏比1.9。不输顶尖私募,Jacobb75,https://www.joinquant.com/post/37685,https://www.joinquant.com/view/community/detail/158f9b2e846870e224d86fc4532bacab,ok,中证500指增+CTA，胜率52%盈亏比1.9。不输顶尖私募,Jacobb75,2022-05-14 23:15:43,1,中证500指增-CTA-下穿5日均线空上穿2日均线多_ATR止损,post,2015-04-16,2022-05-13,5000000,day,每天,3,1428.380783,-25.708244,48.56851,-4.222575,0.47622923466935,0.37146683271218,1.8178319962146,2.6895700423234,1.8768144408561,23.344505,"[""2015-12-22"", ""2016-01-28""]",52.678571,52.32288,1.8891164858128,354,318,-62.225687,85.652892561983,20.731537,1722,9472,67,59,226,671,
2022年度精选策略,2022年度精选策略/28.【回顾2】小市值成长股策略更新FROEC-PB-CAP-HL.txt,【回顾2】小市值成长股策略更新FROEC-PB-CAP-HL,,,,,no_source_url,,,,0,,,,,,,,,,,,,,,,,,,,,,,,,,,,,,,,,,
2022年度精选策略,2022年度精选策略/28.【回顾2】小市值成长股策略更新SG-MS-PEG-HL.txt,【回顾2】小市值成长股策略更新SG-MS-PEG-HL,,,,,no_source_url,,,,0,,,,,,,,,,,,,,,,,,,,,,,,,,,,,,,,,,
2022年度精选策略,2022年度精选策略/29.【策略.行业轮动】趋势-拥挤-景气度模型看行业轮动.txt,【策略.行业轮动】趋势-拥挤-景气度模型看行业轮动,,,,,no_source_url,,,,0,,,,,,,,,,,,,,,,,,,,,,,,,,,,,,,,,,
2022年度精选策略,2022年度精选策略/3.截止到21年12月依然有效的小市值适配因子.txt,截止到21年12月依然有效的小市值适配因子,截止到21年12月依然有效的小市值适配因子,wywy1995,https://www.joinquant.com/post/35690,https://www.joinquant.com/view/community/detail/4bfc7f373333fb65f45ef434ec1b9773,ok,截止到21年12月依然有效的小市值适配因子,wywy1995,2021-12-04 13:55:09,1,sales_growth-cap_全市场,post,2008-09-30,2021-12-03,100000,day,每天,3,21042.516331,241.850187,51.853946,10.06617,0.41871914927757,0.98612978533609,1.3818803575474,1.8037718733631,1.9471985755084,39.119679,"[""2017-04-13"", ""2018-10-18""]",65.441176,50.218477,2.7891336155194,267,141,7.448732,113.58156028369,3.596461,3204,14317,270,179,306,871,
2022年度精选策略,2022年度精选策略/30.【超跌反弹v1.0】3年2.3倍的超跌反弹小牛股.txt,【超跌反弹v1.0】3年2.3倍的超跌反弹小牛股,【超跌反弹v1.0】3年2.3倍的超跌反弹小牛股,_查尔斯葱_,https://www.joinquant.com/post/35377,https://www.joinquant.com/view/community/detail/23be32d69c31deb6e101032f52e0f617,ok,【超跌反弹v1.0】3年2.3倍的超跌反弹小牛股,_查尔斯葱_,2021-11-11 23:26:33,1,超跌股反弹v1.1-跌破MA55两个点卖,post,2019-01-01,2021-11-05,100000,day,每天,3,231.860611,60.840682,54.437253,18.79034,0.44543844666062,0.39846334641572,2.4944925423521,4.0613662280242,1.5999075536666,17.490426,"[""2020-07-14"", ""2021-01-08""]",41.212121,50.869565,2.1242752171674,68,97,4.253368,15.735099337748,5.079773,690,4038,59,50,92,349,
2022年度精选策略,2022年度精选策略/31.《趋势永存》持续16年跑赢大盘的真正靠谱策略.txt,《趋势永存》持续16年跑赢大盘的真正靠谱策略,《趋势永存》持续16年跑赢大盘的真正靠谱策略,Ahfu,https://www.joinquant.com/post/36489,https://www.joinquant.com/view/community/detail/100c99cb8d8452b627c058b5a8e6bb1e,ok,《趋势永存》持续16年跑赢大盘的真正靠谱策略,Ahfu,2022-02-08 16:44:03,1,趋势永存--打败市场的动量策略-自测,post,2006-01-01,2022-01-01,1000000,day,每天,3,1391.000707,434.990525,18.964207,11.380426,0.10994296344979,0.53789723078781,0.71010181564885,0.89153544243804,0.38422986333037,43.926678,"[""2009-07-27"", ""2013-04-15""]",68.294919,51.953728,1.7167427096725,5215,2421,16.204324,133.01023017903,1.752053,3890,7946,179,102,167,508,
2022年度精选策略,"2022年度精选策略/32.追高概率涨停策略, 2022年化350%.txt","追高概率涨停策略, 2022年化350%","追高概率涨停策略, 2022年化350%",养家大哥,https://www.joinquant.com/post/39553,https://www.joinquant.com/view/community/detail/9252101779ecf959bf3eebb769b171fb,ok,"追高概率涨停策略, 2022年化350%",养家大哥,2022-10-23 15:13:03,1,追高概率涨停策略V6,post,2022-01-01,2022-10-21,100000,day,每天,3,221.891622,-24.23867,358.226608,-30.332422,3.7659039982772,0.65138986010892,7.7811434019913,12.864390849698,8.8026505722304,26.069917,"[""2022-07-05"", ""2022-09-29""]",39.622642,58.854167,1.9937763559155,42,64,4.336081,5.2871287128713,17.934647,192,4931,52,58,93,461,
2022年度精选策略,2022年度精选策略/33.胜率88.9%之君正集团策略-大阳分歧反包.txt,胜率88.9%之君正集团策略-大阳分歧反包,胜率88.9%之君正集团策略-大阳分歧反包,游资小码哥,https://www.joinquant.com/post/36885,https://www.joinquant.com/view/community/detail/ce09b69216f54a6fac12886156a3600a,ok,胜率88.9%之君正集团策略-大阳分歧反包,游资小码哥,2022-03-13 13:19:05,1,君正集团策略,post,2019-01-01,2022-03-12,100000,minute,分钟,3,496.989856,43.042864,78.088272,12.257452,0.73502392516791,0.070951621122867,2.61824603177,6.1097692114305,1.9377793996026,20.867902,"[""2021-08-11"", ""2021-08-27""]",88.888889,48.578811,7.1107403392968,8,1,23.505934,5.2222222222222,1.053274,774,4019,77,31,45,234,
2022年度精选策略,2022年度精选策略/34.【回撤二波2.0】透过一次过拟合的机器学习摸底策略的收益上限.txt,【回撤二波2.0】透过一次过拟合的机器学习摸底策略的收益上限,【回撤二波2.0】透过一次过拟合的机器学习摸底策略的收益上限,_查尔斯葱_,https://www.joinquant.com/post/35253,https://www.joinquant.com/view/community/detail/7a9077c701c61872726b744c3a7eb131,ok,【回撤二波2.0】透过一次过拟合的机器学习摸底策略的收益上限,_查尔斯葱_,2021-11-03 10:58:35,1,回撤二波-2.0-lightGBM-fit-5只-主板创业分开,post,2021-01-01,2021-10-30,100000,minute,分钟,3,221.892588,-5.805089,337.571687,-7.272966,3.36168363184,0.23034542485962,10.832323286252,21.286988847043,10.138199455929,11.001844,"[""2021-01-05"", ""2021-01-13""]",57.313433,58.080808,2.4118622463693,192,143,2.021966,1.8581081081081,34.390898,198,4308,89,59,110,178,
2022年度精选策略,2022年度精选策略/35.自适应量化终极算法2.0 （全新升级).txt,自适应量化终极算法2.0 （全新升级),自适应量化终极算法2.0 （全新升级）,JinnyKoo,https://www.joinquant.com/post/38623,https://www.joinquant.com/view/community/detail/e982211db6295a82036db522b21ea844,ok,自适应量化终极算法2.0 （全新升级）,JinnyKoo,2022-07-30 09:23:44,1,utlimate strategy 2.0,post,2022-01-01,2022-07-28,100000,day,每天,3,30.023011,-14.466528,61.460424,-24.809881,0.77574714115603,0.69817329143144,1.7160020016926,2.2878732444243,2.8231336341713,17.834797,"[""2022-03-02"", ""2022-04-28""]",57.647059,58.394161,1.9025975770274,49,36,1.94484,7.1686746987952,12.074128,137,3167,82,31,52,226,
2022年度精选策略,2022年度精选策略/36.致敬市场(6) ，指数期货贴水.txt,致敬市场(6) ，指数期货贴水,致敬市场(6)--指数期货贴水,Gyro,https://www.joinquant.com/post/38555,https://www.joinquant.com/view/community/detail/bf1e2af5c999ab0ae9329bbbd5fb5508,ok,致敬市场(6)--指数期货贴水,Gyron,2022-07-24 12:52:11,1,indexFuture,post,2016-01-01,2023-12-01,12345678,day,每天,3,208.778398,-6.650478,15.768527,-0.889777,0.14206670887342,0.49862068028583,0.70608199185584,1.0494519494307,0.99765761429901,25.731325,"[""2016-01-04"", ""2016-02-29""]",71.428571,54.285714,5.3574158350326,15,6,-102.63817,57.095238095238,1.011431,1925,8317,112,85,174,542,
2022年度精选策略,2022年度精选策略/37.三阳三阴战法.txt,三阳三阴战法,三阳三阴战法,游资小码哥,https://www.joinquant.com/post/37593,https://www.joinquant.com/view/community/detail/2d45d10d36265cc0a4b4444ce239023d,ok,三阳三阴战法,游资小码哥,2022-05-07 21:03:37,1,三阳三阴战法,post,2020-01-01,2022-05-06,100000,minute,分钟,3,760.943673,-4.583335,159.242163,-2.054571,1.5638319524064,0.18845795650517,3.499055654971,6.2945762810834,3.3981122924076,20.763706,"[""2020-03-06"", ""2020-04-29""]",66.666667,50.973451,5.2629625346264,12,6,16.609802,4.1666666666667,2.767424,565,3448,52,42,47,292,
2022年度精选策略,2022年度精选策略/38.ETF动量轮动RSRS择时-魔改3-北向资金择时-再优化.txt,ETF动量轮动RSRS择时-魔改3-北向资金择时-再优化,ETF动量轮动RSRS择时-魔改3-北向资金择时-再优化,nixun,https://www.joinquant.com/post/35394,https://www.joinquant.com/view/community/detail/477790804654f5e263e3c588c1f1b4da,ok,ETF动量轮动RSRS择时-魔改3-北向资金择时-再优化,nixun,2021-11-13 09:00:10,1,ETF动量轮动RSRS择时-魔改3-加北向资金择时,post,2017-01-01,2021-11-11,100000,day,每天,3,639.82588,47.991891,52.750167,8.651773,0.46023820056232,0.58608770643377,2.4467099181891,3.9195518544699,2.4144951201806,11.421549,"[""2020-07-23"", ""2020-12-29""]",61.538462,50.381033,3.0075163183623,88,55,1.579558,175.75,12.513539,1181,6244,170,63,101,247,
2022年度精选策略,2022年度精选策略/39.绩优小市值量化君也-模拟交易年化333.75%.txt,绩优小市值量化君也-模拟交易年化333.75%,绩优小市值量化君也-模拟交易年化333.75%,攀登者,https://www.joinquant.com/post/38791,https://www.joinquant.com/view/community/detail/b8c2b1348cdcdca52917ce8afc36b79d,ok,绩优小市值量化君也-模拟交易年化333.75%,攀登者,2022-08-12 13:20:04,1,绩优小市值量化君也,post,2019-01-01,2022-07-24,100000,day,每天,3,386.082965,50.898984,58.099745,12.658283,0.46306237953903,0.9001216138538,1.8820528945533,2.4468421888366,2.1988214144961,20.846109,"[""2020-01-15"", ""2020-02-04""]",62.828947,52.02781,2.3746768927083,191,113,2.938546,30.387323943662,7.1327,863,3846,52,19,66,272,
2022年度精选策略,2022年度精选策略/4.集合竞价摸奖策略1.0-致敬2022.txt,集合竞价摸奖策略1.0-致敬2022,集合竞价摸奖策略1.0-致敬2022,矢南,https://www.joinquant.com/post/36149,https://www.joinquant.com/view/community/detail/0838dfaa2889275f09d6f2c6879e549c,ok,集合竞价摸奖策略1.0-致敬2022,矢南,2022-01-08 14:18:10,1,集合竞价摸奖策略1.0,post,2021-07-15,2021-12-15,100000,minute,分钟,3,122.899319,-1.518371,599.719745,-3.645522,5.9649242256923,0.10106276218533,13.43494391573,35.765781359608,12.940593799345,6.274625,"[""2021-12-01"", ""2021-12-02""]",75.0,59.223301,8.9508413688788,9,3,7.526761,1.4545454545455,12.107939,103,16792,250,126,196,1096,
2022年度精选策略,2022年度精选策略/40.RSI学习贴.txt,RSI学习贴,RSI学习贴,蚂蚁量化,https://www.joinquant.com/post/35994,https://www.joinquant.com/view/community/detail/ec1ca06893f1e2ce8aba600f4b2d6cb8,ok,RSI学习贴,蚂蚁量化,2021-12-28 08:51:07,1,RSI_学习贴,post,2020-01-01,2021-12-27,100000,day,每天,3,265.322818,20.083582,95.814484,9.957777,0.87353759319189,0.7487230027585,3.8018684818059,6.130292265163,4.468922578173,12.669756,"[""2020-09-03"", ""2020-09-10""]",72.340426,58.713693,5.7234434639767,34,13,19.834481,119.66666666667,1.329246,482,4337,68,32,94,271,
2022年度精选策略,2022年度精选策略/41.手把手教你“机器学习-动态多因子选股”(附保姆级教程).txt,手把手教你“机器学习-动态多因子选股”(附保姆级教程),手把手教你“机器学习-动态多因子选股”(附保姆级教程),量客攻城狮,https://www.joinquant.com/post/38299,https://www.joinquant.com/view/community/detail/4fa769264b0bf6489b36351b43e37012,ok,手把手教你“机器学习-动态多因子选股”(附保姆级教程),量客攻城狮,2022-06-28 08:13:01,1,v2-SVM动态因子选择策略,post,2019-03-01,2020-03-05,100000,day,每天,3,33.098131,4.445162,33.56114,4.500349,0.29053423475938,1.0147245799774,1.3099605094552,1.6204919726054,2.6545550193234,13.262007,"[""2019-04-09"", ""2019-06-06""]",66.666667,57.08502,1.453087390384,4,2,14.862547,177.85714285714,0.225592,247,11015,93,122,256,212,
2022年度精选策略,2022年度精选策略/42.实盘出现的问题和解决办法.txt,实盘出现的问题和解决办法,实盘出现的问题和解决办法,蚂蚁量化,https://www.joinquant.com/post/39545,https://www.joinquant.com/view/community/detail/d31120360d8a23af0143dab1f96d4622,ok,实盘出现的问题和解决办法,蚂蚁量化,2022-10-22 14:21:09,1,改进版-2010-至今,post,2010-01-01,2022-10-21,1000000,minute,分钟,2,23704.615171,4.676313,55.27852,0.368179,0.53012037135048,0.47731345417407,2.3969055234512,3.07770884886,2.5044708804986,22.098276,"[""2015-08-17"", ""2015-09-25""]",56.001868,55.966549,1.936953847018,1199,942,1.312521,37.077120822622,6.909998,3109,7300,90,108,188,237,
2022年度精选策略,2022年度精选策略/43.ETF动量因子评估.txt,ETF动量因子评估,,,,,no_source_url,,,,0,,,,,,,,,,,,,,,,,,,,,,,,,,,,,,,,,,
2022年度精选策略,2022年度精选策略/44.！！！最易上手的网格策略v2.0，设置几个参数就可以直接使用.txt,！！！最易上手的网格策略v2.0，设置几个参数就可以直接使用,！！！最易上手的网格策略v2.0，设置几个参数就可以直接使用,xfera16,https://www.joinquant.com/post/36074,https://www.joinquant.com/view/community/detail/580d47e2dad25d238339078831ddd004,ok,！！！最易上手的网格策略v2.0，设置几个参数就可以直接使用,xfera16,2022-01-03 00:54:53,1,最易上手的网格策略v2.0,post,2020-01-01,2021-12-31,100000,minute,分钟,3,19.544937,20.597425,9.618107,10.113496,0.041362044552258,0.24239855845389,0.80500293197534,1.0799299361022,-0.030174004938683,5.932822,"[""2020-03-05"", ""2020-03-23""]",94.444444,46.296296,41.533252696301,17,1,5.867777,485,0.697999,486,9384,135,33,78,272,
2022年度精选策略,2022年度精选策略/45.真真正正的诚意之作-2021超十倍.txt,真真正正的诚意之作-2021超十倍,真真正正的诚意之作-2021超十倍,Bobby1129,https://www.joinquant.com/post/37233,https://www.joinquant.com/view/community/detail/6bbe99b431f014a213349c6380c5e454,ok,真真正正的诚意之作-2021超十倍,Bobby1129,2022-04-09 02:29:16,1,瞄准了再发射,post,2021-01-07,2022-02-25,200000,day,每天,3,1136.867357,-15.583267,892.305023,-14.321322,8.8786057639419,-0.024258434219212,15.128465287952,32.670874451728,14.714786799225,24.851901,"[""2021-04-12"", ""2021-07-16""]",66.666667,53.649635,4.7009954253878,24,12,9.211877,1.9166666666667,12.942966,274,3653,55,40,71,281,
2022年度精选策略,2022年度精选策略/46.韶华研究之十二--还算可以的竞价研究.txt,韶华研究之十二--还算可以的竞价研究,韶华研究之十二--还算可以的竞价研究,韶华不负,https://www.joinquant.com/post/36331,https://www.joinquant.com/view/community/detail/966638f61724c1dc0e753e7185333374,ok,韶华研究之十二--还算可以的竞价研究,韶华不负,2022-01-21 22:00:00,1,竞价一进二-分享,post,2021-01-01,2022-01-20,100000,day,每天,3,105.117705,2.360736,101.692883,2.304773,0.9868519157338,0.58535432128184,2.4790835520403,3.7349951375372,2.5488809520685,23.05081,"[""2021-03-24"", ""2021-05-25""]",52.444444,55.46875,1.4771821325299,118,107,2.458828,1.4777777777778,21.017934,256,3233,52,35,47,222,
2022年度精选策略,2022年度精选策略/47.别人恐惧我贪婪——重视大盘择时.txt,别人恐惧我贪婪——重视大盘择时,别人恐惧我贪婪——重视大盘择时,潜水的白鱼,https://www.joinquant.com/post/37067,https://www.joinquant.com/view/community/detail/c790dbbfad7f8ba52a1560445a8e8575,ok,别人恐惧我贪婪——重视大盘择时,潜水的白鱼,2022-03-27 17:25:07,1,大盘择时测试2,post,2019-01-01,2022-03-26,2000000,day,每天,3,51.254284,38.66009,14.105019,10.985218,0.087164111623129,0.19879228228911,0.90265042520776,1.2890053503919,0.15976618372719,9.847201,"[""2021-08-12"", ""2022-03-15""]",70.134228,49.234694,5.181265174039,209,89,7.732975,30.019801980198,0.810663,784,4464,43,43,96,216,
2022年度精选策略,2022年度精选策略/48.一种宏观数据的中长线策略，年化15%，最大回撤9%.txt,一种宏观数据的中长线策略，年化15%，最大回撤9%,一种宏观数据的中长线策略，年化15%，最大回撤9%,Acne Studio,https://www.joinquant.com/post/40154,https://www.joinquant.com/view/community/detail/582e3e434ad3426612b4036e9ac18d31,ok,一种宏观数据的中长线策略，年化15%，最大回撤9%,Acne Studio,2022-12-12 18:31:43,1,宏观经济与股债结合-中长线版,post,2016-01-04,2022-12-09,300000,day,每天,3,165.05758,7.162404,15.53099,1.029782,0.12455387365104,0.3112221526693,1.0536421940242,1.5025469942305,0.88758894596401,9.237838,"[""2018-12-04"", ""2019-01-02""]",90.0,50.533175,226256.87939698,9,1,10.330122,839.5,0.560108,1688,5021,68,82,140,287,
2022年度精选策略,2022年度精选策略/49.修改成一创版本.txt,修改成一创版本,修改成一创版本,keep_silent,https://www.joinquant.com/post/40159,https://www.joinquant.com/view/community/detail/8dee9d2d75fb54e7d7c58cbcac9b6f78,ok,修改成一创版本,keep_silent,2022-12-12 23:56:07,1,wywypy2,post,2013-01-01,2022-12-11,100000,day,每天,2,19162.408993,89.028225,72.390165,6.813451,0.65438185704993,1.04923763959,2.0456944015071,2.5473957263913,3.2844410973172,57.758789,"[""2015-06-12"", ""2015-07-08""]",62.009419,54.534161,2.0845662579704,790,484,2.448506,21.97966728281,9.853061,2415,3091,72,27,47,231,
2022年度精选策略,2022年度精选策略/5.随机森林策略，低换手率，年化近50%.txt,随机森林策略，低换手率，年化近50%,随机森林策略，低换手率，年化近50%,寒芳,https://www.joinquant.com/post/35566,https://www.joinquant.com/view/community/detail/68e09fa9ebd59a77f2ef04ea8837e598,ok,随机森林策略，低换手率，年化近50%,寒芳,2021-11-24 13:30:54,1,"&#123;&#39;quantile&#39;: (0, 10)}",post,2016-06-30,2021-09-30,1000000,day,每天,3,688.825209,54.420113,49.642446,8.849754,0.41182128623464,0.91969960908025,1.7681463810084,2.7636343452827,2.1138280894636,29.113549,"[""2020-08-07"", ""2021-08-20""]",61.797753,52.849336,2.6874265199355,110,68,27.162707,178.5,1.167581,1281,15490,148,175,379,675,
2022年度精选策略,2022年度精选策略/50.ETF动量轮动RSRS择时-V2.1.txt,ETF动量轮动RSRS择时-V2.1,ETF动量轮动RSRS择时-V2.1,Deemoo,https://www.joinquant.com/post/37516,https://www.joinquant.com/view/community/detail/b212181c7597992de125fa28dfb8d07e,ok,ETF动量轮动RSRS择时-V2.1,Deemoo,2022-05-01 16:28:20,1,ETF动量轮动RSRS择时-V2_B,post,2018-01-01,2021-10-29,100000,minute,分钟,3,1012.889901,91.17736,91.386198,19.074293,0.79820510864191,0.50189331808879,3.7870850298885,6.7419328396189,3.1429951918632,13.066438,"[""2018-06-12"", ""2018-08-15""]",59.042553,54.633621,2.9638262755417,111,77,1.416158,134.75,18.800076,928,2889,25,27,61,239,
2022年度精选策略,2022年度精选策略/51.行业反转效应（年化32%回撤8%).txt,行业反转效应（年化32%回撤8%),行业反转效应（年化32%/回撤8%）,silent storm,https://www.joinquant.com/post/36494,https://www.joinquant.com/view/community/detail/b34228c91437cf8bd889264918ae22c2,ok,行业反转效应（年化32%/回撤8%）,silent storm,2022-02-08 20:59:05,1,行业内反转,post,2020-01-01,2022-01-01,10000000,day,每天,3,73.362872,20.597425,32.714936,10.113496,0.25174554000408,0.57910913893761,1.8603854766025,2.5902695968275,1.7313202624919,8.263877,"[""2020-01-20"", ""2020-02-03""]",61.538462,54.115226,2.5076297045364,280,175,6.033634,44.72602739726,2.568008,486,2907,47,36,62,208,
2022年度精选策略,2022年度精选策略/52.市场宽度——简洁版.txt,市场宽度——简洁版,,,,,no_source_url,,,,0,,,,,,,,,,,,,,,,,,,,,,,,,,,,,,,,,,
2022年度精选策略,2022年度精选策略/53.超跌网格交易大法V1.2：稳健跑赢大盘-年化13%回撤7%.txt,超跌网格交易大法V1.2：稳健跑赢大盘-年化13%回撤7%,超跌网格交易大法V1.2：稳健跑赢大盘-年化13%回撤7%,wwr,https://www.joinquant.com/post/36039,https://www.joinquant.com/view/community/detail/4a4b948b8599d5520840835cbc2e04aa,ok,超跌网格交易大法V1.2：稳健跑赢大盘-年化13%回撤7%,wwr,2021-12-30 23:02:40,1,超跌网格交易大法V1.2,post,2018-01-02,2019-11-29,1000000,day,每天,3,24.36276,-5.015816,12.436881,-2.728734,0.11530814200674,0.45980906795307,0.74273503995988,1.1431200542883,1.1829379685954,7.882428,"[""2018-05-21"", ""2018-10-18""]",82.242991,52.258065,7.7781579926048,176,38,6.964272,159.44827586207,0.826099,465,4255,73,33,60,198,
2022年度精选策略,2022年度精选策略/54.sales_growth今年最优版.txt,sales_growth今年最优版,sales_growth今年最优版,jycs,https://www.joinquant.com/post/38476,https://www.joinquant.com/view/community/detail/7a09f9a656837ed4db1f45021e48f741,ok,sales_growth今年最优版,jycs,2022-07-14 19:07:48,1,salse_growth今年最优版,post,2019-07-01,,100000,day,每天,3,205.545525,26.623883,45.989329,8.324705,0.40428132726751,0.36099492292289,1.944088906254,3.084618239494,1.5483906253858,15.866243,"[""2021-01-04"", ""2021-02-05""]",50.07776,46.747967,1.8104677940869,322,321,1.104792,30.653333333333,17.643122,738,2520,33,20,36,171,
2022年度精选策略,2022年度精选策略/55.【复现】技术指标形态识别.txt,【复现】技术指标形态识别,,,,,no_source_url,,,,0,,,,,,,,,,,,,,,,,,,,,,,,,,,,,,,,,,
2022年度精选策略,2022年度精选策略/56.一创PEG+EBIT+turnover_volatility.txt,一创PEG+EBIT+turnover_volatility,一创PEG+EBIT+turnover_volatility,tianguong,https://www.joinquant.com/post/39698,https://www.joinquant.com/view/community/detail/2e07d2d7a22416c65e32fbdaed73164a,ok,一创PEG+EBIT+turnover_volatility,tianguong,2022-11-04 13:09:19,1,peg_ebit_turnover_volatility,post,2018-08-01,2022-11-03,100000,day,每天,3,362.953299,15.572241,44.900211,3.564618,0.41330545411578,0.98840619790104,1.2190996330831,1.7823298679796,1.650048936697,30.739677,"[""2020-09-04"", ""2021-01-13""]",58.549223,51.403679,2.0628295359293,113,80,4.704284,49.663461538462,3.888903,1033,3593,42,52,99,221,
2022年度精选策略,2022年度精选策略/57.别人恐惧我贪婪3——年化20%的股债组合.txt,别人恐惧我贪婪3——年化20%的股债组合,别人恐惧我贪婪3——年化20%的股债组合,潜水的白鱼,https://www.joinquant.com/post/37633,https://www.joinquant.com/view/community/detail/aaa121e4613866197ee59e6b6d2a81c7,ok,别人恐惧我贪婪3——年化20%的股债组合,潜水的白鱼,2022-05-10 20:27:22,1,大盘择时4之国债加中证1000,post,2019-01-01,2022-05-10,100000,day,每天,3,94.961617,30.20007,22.851404,8.475139,0.18076053034664,0.17325732860335,1.6536615322685,2.5019212637089,0.70530377653801,7.389959,"[""2022-03-11"", ""2022-03-15""]",78.571429,49.938348,26.002818035427,11,3,4.236695,378.5,1.776807,811,3880,37,31,69,276,
2022年度精选策略,2022年度精选策略/58.ETF动量轮动RSRS与北上择时-股债平衡-盘中止损.txt,ETF动量轮动RSRS与北上择时-股债平衡-盘中止损,ETF动量轮动RSRS与北上择时-股债平衡-盘中止损,Jim000,https://www.joinquant.com/post/36162,https://www.joinquant.com/view/community/detail/f73a47ef06fb8cc9a15830a85e21a5b1,ok,ETF动量轮动RSRS与北上择时-股债平衡-盘中止损,Jim000,2022-01-09 14:44:35,1,12.ETF动量轮动RSRS择时-盘中止损-Clone-Clone,post,2018-01-01,2021-12-31,100000,day,每天,3,101.432839,89.579779,19.713303,17.86236,0.13787904488353,0.13889399223353,1.9091954359017,3.1380190023686,0.073020115314244,4.886362,"[""2019-09-09"", ""2019-10-30""]",58.666667,49.537513,2.6811036966937,484,341,1.146148,182.11111111111,16.608465,973,4486,71,34,94,245,
2022年度精选策略,2022年度精选策略/59.年化62%的动量策略.txt,年化62%的动量策略,年化62%的动量策略,逸_,https://www.joinquant.com/post/39838,https://www.joinquant.com/view/community/detail/c231ee8832623f9932650997cc577e5b,ok,年化62%的动量策略,逸_,2022-11-15 15:08:50,1,动量策略-90天,post,2021-01-01,2022-11-14,1000000,day,每天,3,139.669123,-27.196145,62.340914,-16.133427,0.75628475827796,0.8586497642595,1.6583178245916,2.6262312985067,2.5336121314854,29.955128,"[""2021-12-10"", ""2022-04-26""]",56.152125,56.31929,1.6061558289076,502,392,1.162822,11.459390862944,21.820996,451,3965,127,40,65,236,
2022年度精选策略,2022年度精选策略/6.PEG+成长+小市值+RSRS择时.txt,PEG+成长+小市值+RSRS择时,PEG+成长+小市值+RSRS择时,量化菜鸟鸟,https://www.joinquant.com/post/38233,https://www.joinquant.com/view/community/detail/065f7abfdc613aaed5c31ba836cad701,ok,PEG+成长+小市值+RSRS择时,量化菜鸟鸟,2022-06-24 00:27:56,1,PEG策略,post,2015-01-01,2022-06-22,200000,day,每天,3,4123.429024,20.854139,67.416216,2.641869,0.64275409188902,0.63262876329805,1.9965232211987,2.7253180384126,2.2039075636684,37.709886,"[""2016-11-23"", ""2018-10-18""]",60.991736,53.414097,2.1573431759471,369,236,3.021224,39.288590604027,8.807576,1816,13215,205,124,251,918,
2022年度精选策略,2022年度精选策略/60.ETF动量轮动RSRS择时-v2.txt,ETF动量轮动RSRS择时-v2,ETF动量轮动RSRS择时-v2,Deemoo,https://www.joinquant.com/post/37480,https://www.joinquant.com/view/community/detail/a2056dfe0f25a73748c1dc1f53746791,ok,ETF动量轮动RSRS择时-v2,Deemoo,2022-04-27 21:27:42,1,ETF动量轮动RSRS择时-v2,post,2018-01-01,2021-10-29,100000,day,每天,3,896.442333,91.17736,85.771707,19.074293,0.7406776779231,0.5110647052861,3.5311545437921,6.2627374368304,2.9302707531124,13.69302,"[""2018-06-12"", ""2018-08-15""]",56.544503,54.202586,2.84594282461,108,83,1.338733,136,18.978909,928,2215,63,29,38,188,
2022年度精选策略,2022年度精选策略/61.简单ETF策略，年化97%.txt,简单ETF策略，年化97%,简单ETF策略，年化97%,奶牛哥,https://www.joinquant.com/post/36717,https://www.joinquant.com/view/community/detail/cec40fb3c91c95bb4e240b542764355a,ok,简单ETF策略，年化97%,奶牛哥,2022-02-26 21:40:14,1,ETF-3.0-OK,post,2021-01-01,2021-12-19,100000,day,每天,3,88.474182,-3.543965,97.394306,-3.797567,0.98964507071306,0.71435111452378,3.2191294158281,5.2994733595392,3.8429983597921,9.564693,"[""2021-08-06"", ""2021-08-17""]",66.666667,55.793991,17.92027027027,2,1,26.268733,55.5,1.108892,233,3505,77,31,56,219,
2022年度精选策略,2022年度精选策略/62.【重构】C-VIX 中国版 VIX 编制手册.txt,【重构】C-VIX 中国版 VIX 编制手册,,,,,no_source_url,,,,0,,,,,,,,,,,,,,,,,,,,,,,,,,,,,,,,,,
2022年度精选策略,2022年度精选策略/63.生猪期货CTA策略.txt,生猪期货CTA策略,生猪期货CTA策略,PokerTrader,https://www.joinquant.com/post/35604,https://www.joinquant.com/view/community/detail/9713c378b6024cb38215268793b0b36c,ok,生猪期货CTA策略,PokerTrader,2021-11-27 18:25:53,1,动能突破做多生猪期货,post,2021-04-01,2021-11-01,1000000,tick,TICK,3,181.391807,-40.408746,526.111247,-60.061895,4.9098070734978,-0.4859447271101,9.2336959435464,21.793636973123,8.6283617526428,16.723961,"[""2021-04-01"", ""2021-05-06""]",76.923077,56.737589,7.0749533208856,10,3,384.040832,27.5,24.118844,141,3289,48,33,81,311,
2022年度精选策略,2022年度精选策略/64.ETF轮动策略升级-增加盘中止损.txt,ETF轮动策略升级-增加盘中止损,ETF轮动策略升级-增加盘中止损,长鸿,https://www.joinquant.com/post/38838,https://www.joinquant.com/view/community/detail/72e9ea87f98149feff11eb3f5aba6065,ok,删除-再迭代中,长鸿,2022-08-16 22:53:50,1,ETF轮动策略升级-增加盘中止损,author_reply,2020-01-01,2022-08-17,100000,day,每天,3,150.48849,2.938549,43.387111,1.143141,0.41207892469184,0.63733672057035,0.9257066290674,1.3757897880676,1.0273412648075,25.721527,"[""2022-03-09"", ""2022-05-10""]",47.619048,51.177394,1.3762579539675,130,143,0.462122,24.136363636364,43.127634,637,2827,75,59,42,148,
2022年度精选策略,2022年度精选策略/65.神级策略：桥水全天候策略-7年最大回撤仅3.5%.txt,神级策略：桥水全天候策略-7年最大回撤仅3.5%,神级策略：桥水全天候策略-7年最大回撤仅3.5%,easy184,https://www.joinquant.com/post/37928,https://www.joinquant.com/view/community/detail/f22b10df1b2451d981ee8838e2063314,ok,神级策略：桥水全天候策略-7年最大回撤仅3.5%,easy184,2022-05-30 09:17:43,1,桥水全天候策略,post,2015-01-01,2022-05-22,1000000,day,每天,3,46.230594,24.814104,5.43836,3.137041,0.01958595645593,0.6028516903284,0.39163057252217,0.53327476201053,0.66294895656296,3.564499,"[""2020-02-13"", ""2020-03-19""]",92.970123,53.734671,57.887532848399,529,40,13.380322,1794,0.138413,1794,4765,32,23,64,197,
2022年度精选策略,2022年度精选策略/66.ETF动量轮动MA乖离择时.txt,ETF动量轮动MA乖离择时,ETF动量轮动MA乖离择时,莫急莫急,https://www.joinquant.com/post/35235,https://www.joinquant.com/view/community/detail/116f28c9a329f4563be6be724059f916,ok,ETF动量轮动MA乖离择时,莫急莫急,2021-11-01 14:42:13,1,10.ETF动量轮动MA乖离择时,post,2018-01-01,2021-10-29,100000,minute,分钟,3,306.557165,91.17736,45.913429,19.074293,0.29054912945443,0.85300956318992,1.4359705987072,2.260449284708,1.6265887856387,19.549607,"[""2021-02-10"", ""2021-03-25""]",58.0,51.508621,2.5733006571206,29,21,3.314911,232,5.746582,928,4108,80,26,51,210,
2022年度精选策略,2022年度精选策略/67.三因子策略年化21%简单多因子策略框架.txt,三因子策略年化21%简单多因子策略框架,三因子策略_年化21%_简单多因子策略框架,lastlivingsoul,https://www.joinquant.com/post/37051,https://www.joinquant.com/view/community/detail/38449f36a99f26c41dde7d1da42a916f,ok,三因子策略_年化21%_简单多因子策略框架,lastlivingsoul,2022-03-25 16:25:07,1,7倍zscore短区间也很好,post,2005-01-05,2022-03-22,1000000,day,每天,3,2437.591618,162.305978,21.326689,5.934241,0.16157128605177,0.60466109550055,0.89835853001135,1.0558152979525,0.98483733724009,47.53585,"[""2008-01-15"", ""2008-11-04""]",61.886613,53.586801,2.1853321237513,2598,1600,6.619838,134.6282234957,1.35513,4182,4002,43,24,50,291,
2022年度精选策略,2022年度精选策略/68.胜率78%，6年36倍，今年行情依然50%年化.txt,胜率78%，6年36倍，今年行情依然50%年化,胜率78%，6年36倍，今年行情依然50%年化,何小爷,https://www.joinquant.com/post/38141,https://www.joinquant.com/view/community/detail/3b8d234566802e84ba2675b8f2f34bba,ok,胜率78%，6年36倍，今年行情依然50%年化,何小爷,2022-06-16 21:44:17,1,至今有效小市值持仓5,post,2015-01-01,2022-06-15,1000000,day,每天,2,3688.587477,21.069134,65.158657,2.674447,0.62058314422137,0.67870394771013,1.8088393359563,2.486900418765,2.0300880648479,35.314386,"[""2017-11-15"", ""2018-02-09""]",66.857143,53.727223,2.2011788755577,234,116,6.108694,85.576086956522,3.849534,1811,3842,64,31,59,241,
2022年度精选策略,2022年度精选策略/69.场内基金定投价值平均增强策略，年化30%+.txt,场内基金定投价值平均增强策略，年化30%+,场内基金定投价值平均增强策略，年化30%+,子匀,https://www.joinquant.com/post/39272,https://www.joinquant.com/view/community/detail/3fbda8389ff8d5eb87c358e7e248e745,ok,场内基金定投价值平均增强策略，年化30%+,子匀,2022-09-27 09:50:51,1,C-G场内基金定投价值平均策略,post,2018-08-01,2022-08-31,1000000,day,每天,3,104.026306,15.953219,19.665046,3.796806,0.15780421229117,0.56780725218951,1.0454193470777,1.4482861956858,1.2355276383937,16.222284,"[""2020-01-13"", ""2020-03-23""]",100,51.762336,1017968.68,19,0,46.903786,947,0.170888,993,4919,70,34,65,230,
2022年度精选策略,2022年度精选策略/7.致敬经典作品——小兵哥《一致性风险度量》——极速版.txt,致敬经典作品——小兵哥《一致性风险度量》——极速版,致敬经典作品——小兵哥《一致性风险度量》——极速版,jqz1226,https://www.joinquant.com/post/37611,https://www.joinquant.com/view/community/detail/90881bf525fbdff637265a0747680388,ok,致敬经典作品——小兵哥《一致性风险度量》——极速版,jqz1226 ZUEL,2022-05-08 22:42:41,1,这是一个简单的策略-832,post,2013-08-01,2016-08-01,1000000,day,每天,3,27.745238,14.40297,8.710218,4.696187,0.043127784218319,0.57088071945283,1.0638692677666,1.6352500587624,0.94159766382231,3.089047,"[""2015-05-25"", ""2015-07-08""]",97.350993,54.706685,3539.5026595745,294,8,12.171314,725.25,0.178001,733,10079,73,118,229,835,
2022年度精选策略,2022年度精选策略/70.（股票交易模板）小市值-EPS-成长因子选股.txt,（股票交易模板）小市值-EPS-成长因子选股,（股票交易模板）小市值-EPS-成长因子选股,大蠢驴小疯子,https://www.joinquant.com/post/36426,https://www.joinquant.com/view/community/detail/e393d67adb81a0aa703e8d7eb1e56d90,ok,（股票交易模板）小市值-EPS-成长因子选股,大蠢驴小疯子,2022-01-30 14:51:45,1,自建模板--小市值-EPS-成长因子选股,post,2021-01-01,2021-12-31,100000,day,每天,3,57.360642,-5.198713,59.429257,-5.344396,0.57434207402555,0.214561798437,1.794246681196,3.1136768381796,1.9100662152685,18.323385,"[""2021-01-21"", ""2021-02-08""]",72.727273,54.320988,7.1905593520628,24,9,5.97347,67.5,3.058078,243,2101,19,20,35,224,
2022年度精选策略,2022年度精选策略/71.期货日内策略三价均线结合ATR指标.txt,期货日内策略三价均线结合ATR指标,期货日内策略三价均线结合ATR指标,PokerTrader,https://www.joinquant.com/post/36328,https://www.joinquant.com/view/community/detail/9d00bb85d15d9fb76b8e863091bafc41,ok,期货日内策略三价均线结合ATR指标,PokerTrader,2022-01-21 19:29:03,1,股指期货日内策略三价均线结合动量及atr指标,post,2021-11-01,2022-01-01,1000000,minute,分钟,3,20.543122,0.643746,182.352287,3.629208,1.7823369589151,-0.31983285437774,7.7402557300702,21.031844151272,6.3990606429163,2.856719,"[""2021-11-10"", ""2021-11-17""]",46.511628,55.555556,1.8971456692913,40,46,107.216066,0,1142.282272,45,3772,88,42,83,267,
2022年度精选策略,2022年度精选策略/72.随机森林 - 多因子模型.txt,随机森林 - 多因子模型,随机森林 - 多因子模型,QUX_1369,https://www.joinquant.com/post/37161,https://www.joinquant.com/view/community/detail/49011f31c97df599ac34e0cb733d5750,ok,随机森林 - 多因子模型,QUX_1369,2022-04-03 20:57:44,1,机器学习-01,post,2020-01-01,2022-04-02,10000000,day,每天,3,90.150091,4.383657,34.284515,1.987518,0.32057781319584,0.88113394257597,1.1172099967959,1.7652232645888,1.6174025798458,15.101448,"[""2021-04-28"", ""2021-11-08""]",61.643836,53.211009,1.6513396966853,90,56,4.419477,30.060240963855,5.020211,545,2517,53,18,38,193,
2022年度精选策略,2022年度精选策略/73.实现净利润跳空策略.txt,实现净利润跳空策略,实现净利润跳空策略,金融界懒羊羊,https://www.joinquant.com/post/37724,https://www.joinquant.com/view/community/detail/d51a6bfe905f6cc2ea6221d94d69c7c9,ok,实现净利润跳空策略,金融界懒羊羊,2022-05-17 14:32:23,1,净利润跳空策略,post,2019-01-01,2020-05-01,1000000,day,每天,3,80.202885,29.957982,57.745872,22.484966,0.36937139103907,0.90931909433076,1.6661791350453,2.5084089480429,1.3875762456098,21.642524,"[""2019-04-04"", ""2019-06-06""]",55.102041,51.393189,2.2980436254108,27,22,7.259667,29.907407407407,3.150666,323,3359,50,66,49,260,
2022年度精选策略,2022年度精选策略/74.【动量应用V1】12年120倍，根据研报思路调整.txt,【动量应用V1】12年120倍，根据研报思路调整,【动量应用V1】12年120倍，根据研报思路调整,free,https://www.joinquant.com/post/38163,https://www.joinquant.com/view/community/detail/659bbceb705ec8ae5525c52ab5f10d32,ok,【动量应用V1】12年120倍，根据研报思路调整,free,2022-06-18 17:07:19,1,营收成长属性的动量和反转,post,2009-01-01,2022-06-17,100000,day,每天,3,12201.329448,225.678679,44.487789,9.450077,0.35052065355331,0.99736643830391,1.3107286753003,1.5898379325926,2.2557619874143,42.122954,"[""2015-06-15"", ""2015-09-15""]",63.655573,53.992046,1.5781579979775,1205,688,3.021007,86.134564643799,6.060658,3269,5661,32,54,103,397,
2022年度精选策略,2022年度精选策略/75.ETF轮动策略-入门2.0.txt,ETF轮动策略-入门2.0,ETF轮动策略-入门2.0,vzhb1998,https://www.joinquant.com/post/38120,https://www.joinquant.com/view/community/detail/a665311c5df41b8780e8b37e7964a554,ok,ETF轮动策略-入门2.0,vzhb,2022-06-14 12:53:05,1,ETF轮动策略-入门2.0,post,2013-01-01,2022-06-13,100000,day,每天,3,3612.98135,66.049664,48.326101,5.687219,0.43252252193992,0.63646061980006,1.832171586867,2.6894582328748,2.0269059285939,18.598624,"[""2021-02-10"", ""2021-03-10""]",61.320755,52.879581,2.3759070079401,130,82,1.900212,524.33333333333,9.221627,2292,2290,32,26,40,227,
2022年度精选策略,2022年度精选策略/76.ETF-控制回撤性能拉满（国债ETF增强).txt,ETF-控制回撤性能拉满（国债ETF增强),ETF-控制回撤性能拉满（国债ETF增强）,晒太阳的猫,https://www.joinquant.com/post/36060,https://www.joinquant.com/view/community/detail/f6ab29cf33a553dc8c12a60a26352896,ok,ETF-控制回撤性能拉满（国债ETF增强）,晒太阳的猫,2022-01-01 20:01:46,1,ETF-轮动,post,2015-01-01,2021-12-31,1000000,day,每天,3,51.189044,39.807284,6.248456,5.036122,0.021525869990826,0.092526701848579,0.51556822502493,0.64153153537915,0.0561746803768,4.183013,"[""2020-09-03"", ""2020-10-30""]",88.49162,48.152493,3.6034924615989,1584,206,7.067091,1377.2,1.287579,1705,4169,58,26,57,224,
2022年度精选策略,2022年度精选策略/77.龙头弱转强战法.txt,龙头弱转强战法,龙头弱转强战法,oupian,https://www.joinquant.com/post/37189,https://www.joinquant.com/view/community/detail/e6521f1c8405d64652b1da953ca2d545,ok,龙头弱转强战法,oupian,2022-04-05 21:00:36,1,龙头弱转强-1,post,2021-09-01,2022-04-02,1000000,day,每天,3,61.833049,-11.017332,136.229599,-18.815341,1.3598859728478,0.16475748440101,4.6574857870067,6.9761134459297,4.8464813341027,11.045209,"[""2022-02-16"", ""2022-03-08""]",63.636364,61.428571,3.0109610405814,28,16,3.72683,2.2962962962963,9.682667,140,4100,68,29,44,262,
2022年度精选策略,2022年度精选策略/78.ffscore选股加rsrs择时.txt,ffscore选股加rsrs择时,ffscore选股加rsrs择时,美吉姆优秀毕业代表,https://www.joinquant.com/post/38552,https://www.joinquant.com/view/community/detail/40da9c08419b155734144e7b71be6819,ok,ffscore选股加rsrs择时,美吉姆优秀毕业代表,2022-07-23 19:25:45,1,FScore与RSRS择时-0728,post,2012-01-01,2022-09-14,1000000,day,每天,3,2313.369911,73.30821,35.798037,5.427656,0.30667355042056,0.7919850504469,1.2087057236976,1.8004695826055,1.5241756465899,32.147482,"[""2015-11-11"", ""2016-01-28""]",56.088561,52.402922,1.986273971574,456,357,4.719846,99.758823529412,3.980249,2601,2838,40,32,56,182,
2022年度精选策略,2022年度精选策略/79.实盘一周50%的妖股探测器.txt,实盘一周50%的妖股探测器,实盘一周50%的妖股探测器,Dr.QYQ,https://www.joinquant.com/post/37894,https://www.joinquant.com/view/community/detail/2791f71894f03013c1427319977d85af,ok,实盘一周50%的妖股探测器,Dr.QYQ,2022-05-28 00:54:18,1,RSRS策略-魔改2-MoM29-ABS-RS-1yr,post,2021-01-01,2022-05-13,100000,minute,分钟,3,270.322782,-23.462329,172.078684,-18.488365,1.7035728702896,0.10132363555339,1.8182792735428,3.0943799856948,2.0233527636272,45.369903,"[""2021-01-04"", ""2021-04-02""]",44.705882,51.681957,1.561149352957,38,47,3.493266,4.3921568627451,20.893271,327,5590,71,74,131,318,
2022年度精选策略,2022年度精选策略/8.14个月200%，超短线实盘交易策略！无未来函数.txt,个月200%，超短线实盘交易策略！无未来函数,14个月200%，超短线实盘交易策略！无未来函数,随波逐浪9,https://www.joinquant.com/post/36786,https://www.joinquant.com/view/community/detail/4fba051c1319f34e5435f860f1454ba4,ok,14个月200%，超短线实盘交易策略！无未来函数,随波逐浪9,2022-03-04 18:00:10,1,死叉,post,2021-01-01,2022-03-03,10000,day,每天,3,207.864116,-12.658286,171.946303,-11.344405,1.7317191199052,0.34055465750255,3.5969110000101,6.0669194516169,3.8338139966319,15.899882,"[""2021-09-23"", ""2021-11-03""]",53.005464,55.516014,2.0388776746064,97,86,0.909419,1.0395480225989,62.453144,281,12529,252,102,171,836,
2022年度精选策略,2022年度精选策略/80.短线策略-2022年两个半月收益45%-无未来函数.txt,短线策略-2022年两个半月收益45%-无未来函数,短线策略-2022年两个半月收益45%-无未来函数,zk001,https://www.joinquant.com/post/36975,https://www.joinquant.com/view/community/detail/81fb8ce0ba5fda0c0af289c71c65a84b,ok,短线策略-2022年两个半月收益45%-无未来函数,zk001,2022-03-20 08:40:13,1,超短_ma5下穿ma10_python3-速度优化-技术策略框架,post,2022-01-01,2022-03-14,100000,day,每天,3,45.434748,-15.497017,701.146856,-60.759589,7.1662235458799,0.30073535502251,11.20574394901,20.206033428259,12.030715741626,16.982063,"[""2022-02-22"", ""2022-03-14""]",67.857143,53.333333,2.4109496055989,19,9,1.876009,1,63.554374,45,2668,88,17,27,162,
2022年度精选策略,2022年度精选策略/81.低PB小市值低换手策略总结.txt,低PB小市值低换手策略总结,低PB小市值低换手策略总结,QuantYY,https://www.joinquant.com/post/35317,https://www.joinquant.com/view/community/detail/670cbc2e5d8a32d66e2f49e9a512031e,ok,低PB小市值低换手策略总结,QuantYY,2021-11-07 20:55:57,1,低PB小市值低换手-无st-7035-7035,post,2005-01-05,2021-11-06,2000000,day,每天,3,14053.596337,382.570133,35.343979,10.09617,0.26538171927533,0.78833220111479,1.1325808307875,1.4228478021405,1.3277663135501,54.088228,"[""2008-05-14"", ""2008-11-04""]",55.16576,54.338792,1.5171530924731,3145,2556,2.544835,169.129395218,4.593702,4091,3086,121,26,46,169,
2022年度精选策略,2022年度精选策略/82.可转债知识总结.txt,可转债知识总结,,,,,no_source_url,,,,0,,,,,,,,,,,,,,,,,,,,,,,,,,,,,,,,,,
2022年度精选策略,2022年度精选策略/83.开盘幅度决定日内方向.txt,开盘幅度决定日内方向,开盘幅度决定日内方向,ZWK123,https://www.joinquant.com/post/40118,https://www.joinquant.com/view/community/detail/aa85efb2947c35c59cc7d9fd731b06df,ok,开盘幅度决定日内方向,ZWK123,2022-12-08 15:36:21,1,开盘幅度,post,2016-03-01,2022-11-17,1000000,day,每天,3,421.72038,32.708942,28.716113,4.419255,0.24464440757305,0.60028385178962,1.7097603706192,2.8665863208746,2.0689595668243,10.851937,"[""2021-02-10"", ""2021-03-10""]",60.960961,49.633252,2.1388984418386,203,130,0.576027,1120,21.397178,1636,2279,129,25,38,141,
2022年度精选策略,2022年度精选策略/84.多大规模的基金收益最好？偏股基金规模研究.txt,多大规模的基金收益最好？偏股基金规模研究,多大规模的基金收益最好？偏股基金规模研究,逆熵者,https://www.joinquant.com/post/37521,https://www.joinquant.com/view/community/detail/ce35f591502e4bf3690e319a4820dc29,ok,多大规模的基金收益最好？偏股基金规模研究,逆熵者,2022-05-02 04:06:54,1,股票规模大于1.5亿的最小规模偏股基金-每年1次,post,2019-04-30,2021-12-15,1000000,day,每天,3,129.644476,29.836705,38.368585,10.7378,0.2848764911221,0.87282734619994,1.7320468477428,2.3896500263073,2.8078004994655,15.759897,"[""2021-02-18"", ""2021-03-10""]",94.736842,60.15625,5870.8493028245,54,3,45.054475,218,0.659053,640,2289,12,52,79,143,
2022年度精选策略,2022年度精选策略/85.价值策略重开，再次向Jqz1226致敬.txt,价值策略重开，再次向Jqz1226致敬,价值策略重开，再次向Jqz1226致敬,南开小楼,https://www.joinquant.com/post/36092,https://www.joinquant.com/view/community/detail/8236d6740212c7ef40530d66a2aba7c7,ok,价值策略重开，再次向Jqz1226致敬,南开小楼,2022-01-04 18:29:49,1,价值投资实盘策略,post,2019-01-01,2019-12-31,100000,day,每天,2,44.683953,36.06962,46.004126,37.10408,0.21322484411147,0.62474599797243,1.9343457419806,2.8881105103265,0.46022573943799,11.037311,"[""2019-04-08"", ""2019-09-26""]",71.07438,49.180328,4.7555469917788,86,35,1.27996,39.15,35.647311,244,3056,51,24,49,194,
2022年度精选策略,2022年度精选策略/86.可转债双低策略.txt,可转债双低策略,,,,,no_source_url,,,,0,,,,,,,,,,,,,,,,,,,,,,,,,,,,,,,,,,
2022年度精选策略,2022年度精选策略/87.北上净买入策略.txt,北上净买入策略,北上净买入策略,daa,https://www.joinquant.com/post/35902,https://www.joinquant.com/view/community/detail/56d12e5080d8799bfa22d34d8966e3db,ok,北上净买入策略,daa,2021-12-20 19:55:48,1,北上每月净买入策略--个人开发版,post,2017-01-01,2021-12-19,100000,minute,分钟,3,689.25664,49.687017,53.403907,8.713889,0.43998554956248,1.1466864264504,1.4925160835472,2.2857694362429,1.7865858585773,32.05004,"[""2018-01-26"", ""2019-01-03""]",63.934426,51.615576,2.1091674809998,78,44,4.046258,48.04,5.23427,1207,2605,95,30,54,225,
2022年度精选策略,2022年度精选策略/88.打首板策略，今年收益达到40%，绝无未来函数（必回）.txt,打首板策略，今年收益达到40%，绝无未来函数（必回）,打首板策略，今年收益达到40%，绝无未来函数（必回）,Pengpengpeng,https://www.joinquant.com/post/36905,https://www.joinquant.com/view/community/detail/30061a131808290464a8bcbc811032bf,ok,打首板策略，今年收益达到40%，绝无未来函数（必回）,Pengpengpeng,2022-03-15 00:01:13,1,首板打板策略,post,2022-01-01,2022-04-17,100000,minute,分钟,3,112.577178,-15.21384,1567.542863,-45.979843,15.660075542044,0.049313697009595,20.885730940538,37.638891594251,20.683418602431,20.112017,"[""2022-01-21"", ""2022-02-18""]",35.616438,56.716418,1.5482261960707,52,94,1.242517,1.5454545454545,49.995476,67,3189,85,25,46,181,
2022年度精选策略,2022年度精选策略/89.年化收益55.7%， 超高胜率 0.799.txt,年化收益55.7%， 超高胜率 0.799,年化收益55.7%， 超高胜率 0.799！,Ethan.Liu,https://www.joinquant.com/post/37957,https://www.joinquant.com/view/community/detail/9484ccde0289959a95c295e42ce6a63f,ok,年化收益55.7%， 超高胜率 0.799！,Ethan.Liu,2022-06-01 11:43:58,1,龙头战法,post,2019-02-18,2021-02-17,10000000,day,每天,2,136.982835,73.951538,55.725524,32.868838,0.2572433074122,0.9006664127119,2.1511937288872,2.9741259728243,1.5857701470842,15.794107,"[""2019-04-10"", ""2019-05-09""]",79.861111,54.825462,3.4599964421829,115,29,22.113779,128.15789473684,1.19921,487,3566,73,28,32,149,
2022年度精选策略,2022年度精选策略/9.分享几个截止2022年3月仍有效的策略.txt,分享几个截止2022年3月仍有效的策略,,,,,no_source_url,,,,0,,,,,,,,,,,,,,,,,,,,,,,,,,,,,,,,,,
2022年度精选策略,2022年度精选策略/90.大师策略——柯林·麦克连成长价值优势投资法.txt,大师策略——柯林·麦克连成长价值优势投资法,大师策略——柯林·麦克连成长价值优势投资法,BAFE,https://www.joinquant.com/post/35642,https://www.joinquant.com/view/community/detail/0b10e3d5192f1a36c21920813341835f,ok,大师策略——柯林·麦克连成长价值优势投资法,BAFE1,2021-11-30 21:37:48,1,柯林麦克连,post,2011-05-01,2021-11-24,10000000,day,每天,3,369.037815,53.995966,16.216341,4.287706,0.11945573180034,0.94112680180893,0.47000426774722,0.59421594674966,0.79380935766653,48.281791,"[""2015-06-12"", ""2015-09-15""]",53.969527,54.181252,2.0715834514255,673,574,8.835166,215.84758364312,0.934755,2571,2426,15,34,63,214,
2022年度精选策略,2022年度精选策略/91.【复现】特征分布建模择时.txt,【复现】特征分布建模择时,【复现】特征分布建模择时,Hugo2046,https://www.joinquant.com/post/38332,https://www.joinquant.com/view/community/detail/17e97079ece6d76c85fb5f3aa62acdc0,ok,【复现】特征分布建模择时,Hugo2046,2022-06-30 12:12:13,1,特征分布择时_a,post,2013-01-01,2022-02-28,50000,day,每天,3,197.012712,81.598922,13.023456,6.939966,0.077792238471995,0.42321303185497,0.58606881786759,0.80858797833827,0.34189737823538,24.180461,"[""2015-04-27"", ""2015-06-29""]",65.517241,49.797571,2.2095434519645,57,30,1.448274,973,3.886529,2223,5265,48,66,79,73,
2022年度精选策略,2022年度精选策略/92.利用myTT库整合通达信公式——以“飞鹰优选”选股公式为例.txt,利用myTT库整合通达信公式——以“飞鹰优选”选股公式为例,,,,,no_source_url,,,,0,,,,,,,,,,,,,,,,,,,,,,,,,,,,,,,,,,
2022年度精选策略,2022年度精选策略/93.因子看板多因子模型---由量化课堂多因子模型修改.txt,因子看板多因子模型---由量化课堂多因子模型修改,因子看板多因子模型---由量化课堂多因子模型修改,游星,https://www.joinquant.com/post/35605,https://www.joinquant.com/view/community/detail/84f20d2508bda078cd27f434d593cfe4,ok,因子看板多因子模型---由量化课堂多因子模型修改,游星,2021-11-27 19:33:42,1,因子看板多因子模型,post,2020-01-01,2020-12-01,10000000,day,每天,3,60.642346,23.690981,70.951669,27.190534,0.44241431935557,0.97928908829769,2.6530202612121,3.53060826858,4.1165572665272,14.274597,"[""2020-03-05"", ""2020-03-23""]",68.70229,55.656109,5.2948710273523,90,41,21.053794,65.346534653465,1.783433,221,5196,20,14,34,362,
2022年度精选策略,"2022年度精选策略/94.FoF, all in.txt","FoF, all in",,,,,no_source_url,,,,0,,,,,,,,,,,,,,,,,,,,,,,,,,,,,,,,,,
2022年度精选策略,2022年度精选策略/95.首席质量因子-Gross Profitabilit（简化版）.txt,首席质量因子-Gross Profitabilit（简化版）,首席质量因子-Gross Profitabilit（简化版）,养鸡小白,https://www.joinquant.com/post/37683,https://www.joinquant.com/view/community/detail/547c4607c2c0d8801e36207621109bfe,ok,首席质量因子-Gross Profitabilit（简化版）,养鸡小白,2022-05-14 21:23:52,1,这是一个简单的策略-151,post,2015-01-01,2022-05-13,1000000,day,每天,3,303.837933,12.873192,21.53829,1.706613,0.19631443586958,0.91269065741087,0.62780019278509,0.81890158506147,1.0988671179121,31.451641,"[""2015-06-12"", ""2015-09-15""]",56.1199,52.375629,1.4680954760491,674,527,1.539212,77.859649122807,7.012293,1789,2553,36,17,35,142,
2022年度精选策略,2022年度精选策略/96.集合竞价量比策略V1.txt,集合竞价量比策略V1,集合竞价量比策略V1,欧阳1991,https://www.joinquant.com/post/38663,https://www.joinquant.com/view/community/detail/e5253599b025d2702112caf9c6b08958,ok,集合竞价量比策略V1,欧阳1991,2022-08-02 09:42:41,1,集合竞价高量比换手策略,post,2022-05-01,2022-07-31,100000,day,每天,3,85.999277,3.830946,1172.196889,16.657634,11.695264672989,-0.10504163715467,17.459513053663,33.806268329602,16.639356706462,14.028087,"[""2022-05-10"", ""2022-05-13""]",61.538462,60.655738,2.2539476610572,40,25,3.542958,1.530303030303,35.164919,61,2307,32,21,34,214,
2022年度精选策略,2022年度精选策略/97.【涨停研究一】具有哪些因子的股票更容易涨停.txt,【涨停研究一】具有哪些因子的股票更容易涨停,,,,,no_source_url,,,,0,,,,,,,,,,,,,,,,,,,,,,,,,,,,,,,,,,
2022年度精选策略,2022年度精选策略/98.【漂亮50】“漂亮50”策略复现以及股息率排序函数.txt,【漂亮50】“漂亮50”策略复现以及股息率排序函数,【漂亮50】“漂亮50”策略复现以及股息率排序函数,山东大鹧鸪,https://www.joinquant.com/post/36018,https://www.joinquant.com/view/community/detail/cbb7c3479896001864adf3f6161cbc91,ok,【漂亮50】“漂亮50”策略复现以及股息率排序函数,山东大鹧鸪,2021-12-29 15:24:02,1,漂亮10止损3.0-自己改动版本,post,2014-01-01,2021-12-28,1000000,day,每天,3,541.280681,90.280484,26.948373,8.611289,0.19087146649061,0.83734207940187,0.81530255847258,1.1447152613515,1.0142672770515,40.173112,"[""2018-01-23"", ""2019-01-02""]",44.688027,50.128403,1.7080585281297,265,328,4.25926,86.272727272727,3.104547,1947,2444,69,34,47,135,
2022年度精选策略,2022年度精选策略/99.计算每日全A市场个股创新高比例(改).txt,计算每日全A市场个股创新高比例(改),,,,,no_source_url,,,,0,,,,,,,,,,,,,,,,,,,,,,,,,,,,,,,,,,
2023年度精选策略,2023年度精选策略/0.7年40倍，模拟超过两年，年化高回撤低.txt,年40倍，模拟超过两年，年化高回撤低,7年40倍，模拟超过两年，年化高回撤低,quakecat,https://www.joinquant.com/post/30481,https://www.joinquant.com/view/community/detail/6d0d64532d0ad36c2c43292ee663042a,ok,7年40倍，模拟超过两年，年化高回撤低,quakecat,2020-12-08 12:53:45,1,一创模拟盘2号,post,2014-01-01,2020-12-06,100000,day,每天,2,4143.016486,117.41866,74.206987,12.190245,0.65794845031568,0.53870690659605,2.8762818767478,3.6391318580729,2.6377568601913,22.411228,"[""2015-08-17"", ""2015-09-15""]",60.567823,55.154028,2.1146591651847,576,375,2.248149,32.922077922078,8.434392,1688,58959,964,405,808,3685,
2023年度精选策略,2023年度精选策略/1.龙头底分型战法-两年23倍.txt,龙头底分型战法-两年23倍,龙头底分型战法-两年23倍,游资小码哥,https://www.joinquant.com/post/34286,https://www.joinquant.com/view/community/detail/2afa35d3893d8ff34fe34e5122b5586b,ok,龙头底分型战法-两年23倍,游资小码哥,2021-08-17 18:02:33,1,龙头底分型策略,post,2019-01-01,2021-08-12,100000,minute,分钟,3,2300.438128,65.191902,248.792411,21.811251,2.4002065001915,0.26790711681293,6.1961016140627,17.531639587612,5.3963076944257,14.876517,"[""2020-08-03"", ""2020-09-14""]",85.714286,49.528302,30.82515741123,6,1,65.839556,11.714285714286,1.372818,636,21907,695,201,261,2081,
2023年度精选策略,2023年度精选策略/10.一个简单而持续稳定的懒人超额收益策略.txt,一个简单而持续稳定的懒人超额收益策略,一个简单而持续稳定的懒人超额收益策略,Gyro,https://www.joinquant.com/post/30467,https://www.joinquant.com/view/community/detail/6155c47f9ad2d095e3e4e360d3aba4cc,ok,一个简单而持续稳定的懒人超额收益策略,Gyron,2020-12-07 12:34:51,1,指数重仓,post,2016-01-01,2020-12-01,1234567,day,每天,3,141.950474,35.810411,20.284699,6.607316,0.13980100537867,0.88389652889033,0.80191022805781,1.1763322647722,1.3092355673895,31.686886,"[""2018-01-23"", ""2018-12-27""]",36.363636,51.421405,0.63068035917676,8,14,-1.502392,640.41176470588,0.167072,1196,17720,370,130,174,715,
2023年度精选策略,2023年度精选策略/11.致敬市场--5 定投ETF之躺平赢.txt,致敬市场--5 定投ETF之躺平赢,致敬市场(5)--定投ETF之躺平赢,Gyro,https://www.joinquant.com/post/33683,https://www.joinquant.com/view/community/detail/bca8dd677c669514de1fc7d2e00056f2,ok,致敬市场(5)--定投ETF之躺平赢,Gyron,2021-06-27 19:45:25,1,300ETF,post,2014-01-01,2021-05-01,1234567,day,每天,3,337.387281,119.889443,22.943878,11.660855,0.1409828174132,0.63251376633814,1.0263506789446,1.3353459252559,0.80860952349507,30.183246,"[""2018-01-24"", ""2019-01-03""]",67.567568,52.183651,9.4130831331024,50,24,7.33974,182.775,0.864246,1786,13808,164,157,272,783,
2023年度精选策略,2023年度精选策略/12.【不含未来！】宽基etf轮动8年50倍年化60%.txt,【不含未来！】宽基etf轮动8年50倍年化60%,【不含未来！】宽基etf轮动8年50倍年化60%,将就,https://www.joinquant.com/post/32543,https://www.joinquant.com/view/community/detail/4d7471efc76b7b145be889671d6c64a8,ok,【不含未来！】宽基etf轮动8年50倍年化60%,将就,2021-04-01 11:51:49,1,宽基追涨,post,2013-01-01,2021-04-01,100000,day,每天,3,633.726441,102.571593,28.225919,9.205831,0.21254814976511,0.57072618135852,1.0637128563763,1.6122516345612,0.90534663871816,40.447968,"[""2015-06-12"", ""2015-09-17""]",49.904215,49.700599,1.3808046223214,521,523,0.237493,99.142857142857,52.450478,2004,13506,247,110,200,758,
2023年度精选策略,2023年度精选策略/13.胜率65%之缩量分歧反包战法.txt,胜率65%之缩量分歧反包战法,胜率65%之缩量分歧反包战法,游资小码哥,https://www.joinquant.com/post/34829,https://www.joinquant.com/view/community/detail/ee6991f26ecf8cc7c760c45fb51b61cf,ok,胜率65%之缩量分歧反包战法,游资小码哥,2021-10-03 18:18:34,1,缩量分歧反包战法,post,2019-01-01,2021-10-02,100000,minute,分钟,3,693.499208,61.638849,116.846991,19.655287,1.1195083983811,0.057242697470626,3.2535948047188,7.4818426445091,2.4355638950498,15.277137,"[""2020-03-09"", ""2020-05-07""]",64.705882,49.028401,6.0004899906973,11,6,15.580782,3.0588235294118,2.859142,669,5729,223,60,75,421,
2023年度精选策略,2023年度精选策略/14.2020年 267%年化 13%回撤 上涨趋势策略修改版.txt,年 267%年化 13%回撤 上涨趋势策略修改版,2020年 267%年化 13%回撤 上涨趋势策略修改版,苦咖啡,https://www.joinquant.com/post/31232,https://www.joinquant.com/view/community/detail/15c783ea414ddac3abb8fd55f39df2cc,ok,2020年 267%年化 13%回撤 上涨趋势策略修改版,苦咖啡,2021-01-13 17:49:43,1,上涨趋势策略-2,post,2020-01-01,2021-01-11,100000,day,每天,3,265.284407,32.822013,267.189875,32.973505,2.4138976721417,0.75241526721356,6.7153080308485,10.576257016209,6.5514247869321,13.438833,"[""2020-10-13"", ""2020-10-26""]",77.142857,57.831325,6.3631965038239,27,8,8.235576,19.347826086957,7.185809,249,5948,60,43,85,489,
2023年度精选策略,2023年度精选策略/15.动量ETF轮动RSRS择时-升级.txt,动量ETF轮动RSRS择时-升级,8年13倍的ETF动量轮动策略，有滑点，无未来函数，回撤小！,萌新王富贵,https://www.joinquant.com/post/34489,https://www.joinquant.com/view/community/detail/a1c27c25642ad7b6a1f4fc17a9076871,ok,8年13倍的ETF动量轮动策略，有滑点，无未来函数，回撤小！,萌新王富贵,2021-09-03 13:50:49,1,ETF动量轮动_20210818,post,2013-01-01,2021-09-02,100000,day,每天,3,1332.333692,93.004618,37.099859,8.106319,0.30483556380703,0.63714073006133,1.2950321177387,1.7549161610358,1.2883271228483,24.88994,"[""2015-11-25"", ""2016-05-13""]",58.333333,51.920341,2.8327510591981,91,65,1.951114,479.75,6.785437,2109,11013,145,103,217,876,
2023年度精选策略,2023年度精选策略/16.8年13倍的ETF动量轮动策略，有滑点，无未来函数，回撤小！.txt,年13倍的ETF动量轮动策略，有滑点，无未来函数，回撤小！,8年13倍的ETF动量轮动策略，有滑点，无未来函数，回撤小！,萌新王富贵,https://www.joinquant.com/post/34489,https://www.joinquant.com/view/community/detail/a1c27c25642ad7b6a1f4fc17a9076871,ok,8年13倍的ETF动量轮动策略，有滑点，无未来函数，回撤小！,萌新王富贵,2021-09-03 13:50:49,1,ETF动量轮动_20210818,post,2013-01-01,2021-09-02,100000,day,每天,3,1332.333692,93.004618,37.099859,8.106319,0.30483556380703,0.63714073006133,1.2950321177387,1.7549161610358,1.2883271228483,24.88994,"[""2015-11-25"", ""2016-05-13""]",58.333333,51.920341,2.8327510591981,91,65,1.951114,479.75,6.785437,2109,11013,145,103,217,876,
2023年度精选策略,2023年度精选策略/17.20行代码8年胜率100%躲过了牛年第一场大跌.txt,行代码8年胜率100%躲过了牛年第一场大跌,20行代码8年胜率100%躲过了牛年第一场大跌,zireego,https://www.joinquant.com/post/32112,https://www.joinquant.com/view/community/detail/6b77d4733ee626f32940906057fd7ba5,ok,20行代码8年胜率100%躲过了牛年第一场大跌,摆摊挣保时,2021-03-05 10:21:10,1,测试2,post,2013-01-01,2021-03-04,10000,day,每天,3,481.917357,109.306962,24.847167,9.754246,0.18922811830739,0.33442360292542,1.4699515406993,1.8487509982585,0.77230052984416,13.153571,"[""2015-06-08"", ""2015-06-19""]",88.888889,50.554435,16.524681247391,8,1,26.815614,821.5,0.573512,1984,7366,184,67,101,520,
2023年度精选策略,2023年度精选策略/18.【复现】FFScore财务模型.txt,【复现】FFScore财务模型,【复现】FFScore财务模型,Hugo2046,https://www.joinquant.com/post/34748,https://www.joinquant.com/view/community/detail/c4bb321a8124ed575a66a88caf100b9f,ok,【复现】FFScore财务模型,Hugo2046,2021-09-23 21:03:04,1,FFSCore,post,2014-01-01,2021-09-22,50000000,day,每天,3,448.665103,94.65723,25.358999,9.245999,0.16104622985304,1.0015967459197,0.72039144451559,0.8541325229754,1.2334651833227,52.217562,"[""2015-06-12"", ""2015-09-15""]",53.333333,50.770048,1.9667230207356,456,399,3.676402,84.501650165016,2.36281,1883,13999,154,205,367,591,
2023年度精选策略,2023年度精选策略/19.人人可躺平16年3400%.txt,人人可躺平16年3400%,人人可躺平16年3400%（评论必回复）,逆流的鱼,https://www.joinquant.com/post/33859,https://www.joinquant.com/view/community/detail/32b19eb43050f0aff0fb6020c5937e72,ok,人人可躺平16年3400%（评论必回复）,逆流的鱼,2021-07-15 11:08:25,1,bolling,post,2005-07-01,2021-06-27,100000,day,每天,3,3429.39787,2189.518717,25.752836,22.301592,0.11137250864722,0.58003612649668,1.0084225550847,1.2843213990947,0.18981573733969,38.659696,"[""2015-05-25"", ""2015-08-25""]",45.0,47.067901,3.063925446704,162,198,2.734462,3098,2.097111,3888,7134,501,57,69,359,
2023年度精选策略,2023年度精选策略/2.多策略融合-80倍-无未来函数.txt,多策略融合-80倍-无未来函数,多策略融合-80倍-无未来函数,游资小码哥,https://www.joinquant.com/post/35141,https://www.joinquant.com/view/community/detail/6cde019aa6579f7586472c5b5a9d9703,ok,多策略融合-80倍-无未来函数,游资小码哥,2021-10-26 01:15:13,1,龙头三项合体战法,post,2019-01-01,2021-10-24,100000,minute,分钟,3,8595.679787,64.739508,416.391687,20.144823,4.1127812338145,0.068973413203944,8.4655837596634,19.44566816277,7.5583863304541,23.364224,"[""2020-08-31"", ""2020-09-14""]",75.862069,51.176471,7.6943616175874,22,7,20.37633,4.0689655172414,5.603824,680,20083,664,169,255,1684,
2023年度精选策略,2023年度精选策略/20.北向资金股票轮动-优质策略可直接实盘.txt,北向资金股票轮动-优质策略可直接实盘,北向资金股票轮动-优质策略可直接实盘,Funine,https://www.joinquant.com/post/30772,https://www.joinquant.com/view/community/detail/6d6d193c0644409b8b91e22b1600a67c,ok,北向资金股票轮动-优质策略可直接实盘,Funine,2020-12-23 17:25:07,1,北向资金-股票轮动,post,2017-01-01,2020-12-22,3000000,day,每天,3,189.250176,49.989426,31.599362,11.049659,0.23028031163007,0.6484470354304,1.5193555734737,2.2726769934374,1.3828028107638,18.053735,"[""2018-06-12"", ""2018-09-17""]",72.727273,50.879007,2.0937788571763,1840,690,3.916772,182.16666666667,18.102954,967,6473,60,47,101,420,
2023年度精选策略,2023年度精选策略/21.截止到21年12月依然有效的小市值适配因子.txt,截止到21年12月依然有效的小市值适配因子,截止到21年12月依然有效的小市值适配因子,wywy1995,https://www.joinquant.com/post/35690,https://www.joinquant.com/view/community/detail/4bfc7f373333fb65f45ef434ec1b9773,ok,截止到21年12月依然有效的小市值适配因子,wywy1995,2021-12-04 13:55:09,1,sales_growth-cap_全市场,post,2008-09-30,2021-12-03,100000,day,每天,3,21042.516331,241.850187,51.853946,10.06617,0.41871914927757,0.98612978533609,1.3818803575474,1.8037718733631,1.9471985755084,39.119679,"[""2017-04-13"", ""2018-10-18""]",65.441176,50.218477,2.7891336155194,267,141,7.448732,113.58156028369,3.596461,3204,14317,270,179,306,871,
2023年度精选策略,2023年度精选策略/22.简单到发指的股指策略(2013到现在收益10949%).txt,简单到发指的股指策略(2013到现在收益10949%),简单到发指的股指策略(2013到现在收益10949%),资金永不眠,https://www.joinquant.com/post/30480,https://www.joinquant.com/view/community/detail/829e64d7f2e21eed4f53c76806d97f0a,ok,简单到发指的股指策略(2013到现在收益10949%),资金永不眠,2020-12-08 11:17:45,1,股指期货-无脑买,post,2013-01-01,2020-12-01,1000000,day,每天,3,10949.572597,100.840286,84.351017,9.489427,0.75478312442735,0.88765270163854,1.7682636835069,2.380555872276,1.8487368541962,42.624066,"[""2020-01-10"", ""2020-03-17""]",55.349576,51.898076,1.4074612458653,1045,843,-125.544169,20.891304347826,326.868676,1923,5877,75,84,83,369,
2023年度精选策略,2023年度精选策略/23.低AH溢价选股.txt,低AH溢价选股,低AH溢价选股,子鹿,https://www.joinquant.com/post/31236,https://www.joinquant.com/view/community/detail/e58fd6fcdc8252126952ab1c449cb24d,ok,低AH溢价选股,子鹿,2021-01-13 20:47:34,1,低AH溢价选股,post,2016-01-01,2021-01-12,5000000,day,每天,3,372.403702,49.995578,37.28243,8.626148,0.28964154118571,0.93344958984547,1.5003870128305,2.1877594535479,2.3271298268665,18.604316,"[""2016-01-04"", ""2016-01-28""]",61.818182,52.571429,4.1736062857725,102,63,5.174736,231.15384615385,2.602475,1225,2829,14,17,46,311,
2023年度精选策略,2023年度精选策略/24.ROE+PB模型的优化.txt,ROE+PB模型的优化,ROE+PB模型的优化,wywy1995,https://www.joinquant.com/post/34862,https://www.joinquant.com/view/community/detail/31365477a3447918c25e1900bf824b1c,ok,ROE+PB模型的优化,wywy1995,2021-10-08 14:54:20,1,roe_pb_资产负债优化-文章,post,2008-09-30,2021-09-30,1000000,day,每天,3,3412.359455,116.894717,32.483692,6.310643,0.262431295491,0.96967044131669,0.93333840204036,1.1733583348973,1.3632722950379,42.372258,"[""2011-05-16"", ""2012-01-06""]",57.603223,54.315523,2.0597715057206,572,421,4.541442,69.406593406593,3.450219,3163,17860,190,192,367,972,
2023年度精选策略,2023年度精选策略/25.这个可入得了你们法眼.txt,这个可入得了你们法眼,这个可入得了你们法眼,南山南11,https://www.joinquant.com/post/34474,https://www.joinquant.com/view/community/detail/c2b2048f882dfa3e079667d80c203680,ok,这个可入得了你们法眼,南山南11,2021-09-02 11:51:06,1,这是一个简单的策略-11,post,2019-01-01,2021-09-01,100000,minute,分钟,3,374.226183,61.741152,81.967754,20.31384,0.77165474325802,0.049177836497045,2.8769450318072,5.6790578447488,1.8281126249594,14.198402,"[""2019-06-27"", ""2020-01-21""]",56.25,48.615385,2.0423404926139,81,63,2.544926,1.2573529411765,13.005085,650,3389,186,36,46,362,
2023年度精选策略,2023年度精选策略/27.从相关系数角度探讨etf轮动的可行性.txt,从相关系数角度探讨etf轮动的可行性,从相关系数角度探讨etf轮动的可行性,wywy1995,https://www.joinquant.com/post/34475,https://www.joinquant.com/view/community/detail/70111684c3fb07f8860e00b6f37ebd5f,ok,从相关系数角度探讨etf轮动的可行性,wywy1995,2021-09-02 15:55:12,1,最高评分轮动_ETF,post,2011-08-01,2021-08-31,100000,day,每天,3,795.529033,61.691812,25.023782,5.017092,0.20254684514285,0.75617304919434,0.77857477298225,1.0425856659885,0.93119642211885,41.377653,"[""2015-06-03"", ""2016-05-13""]",53.333333,51.752241,2.308060934549,56,49,2.508265,818,4.510772,2454,18103,229,310,512,653,
2023年度精选策略,2023年度精选策略/28.F_Score 选股，年化80%+.txt,F_Score 选股，年化80%+,F_Score 选股，年化80%+,回测时间长一点,https://www.joinquant.com/post/31359,https://www.joinquant.com/view/community/detail/ae82b24a6078a0c46664ecdf241dcaf7,ok,F_Score 选股，年化80%+,回测时间长一点,2021-01-20 13:30:55,1,F_Score 选股,post,2019-01-01,2021-01-01,1000000,day,每天,3,232.3684,73.095179,85.255851,32.53265,0.54555465695478,0.93578358913717,2.9906755662361,4.237075090922,2.8405499057168,19.9137,"[""2020-02-24"", ""2020-05-25""]",74.752475,53.798768,8.7761032599535,151,51,11.97838,73.309523809524,1.9759,487,3968,73,32,71,321,
2023年度精选策略,2023年度精选策略/29.价值成长轮动策略.txt,价值成长轮动策略,价值成长轮动策略,wywy1995,https://www.joinquant.com/post/34745,https://www.joinquant.com/view/community/detail/00e3b16966f65a31cb3eb1ed1ee000c5,ok,价值成长轮动策略,wywy1995,2021-09-23 13:34:35,1,RM择时_最高评分轮动-价值成长混合,post,2008-03-22,2021-09-22,100000,day,每天,3,10748.484245,19.414884,42.825075,1.358658,0.40550485106897,0.65323217415381,1.3364954518732,1.813003903765,1.6433635830616,51.242507,"[""2008-05-06"", ""2008-11-04""]",58.028169,53.392151,2.6569469184835,618,447,2.756026,44.759322033898,5.853233,3287,10353,189,95,163,632,
2023年度精选策略,2023年度精选策略/3.苦咖啡-默默赚钱系列-改.txt,苦咖啡-默默赚钱系列-改,苦咖啡-默默赚钱系列-改,jqz1226,https://www.joinquant.com/post/31267,https://www.joinquant.com/view/community/detail/4e3abe6bbc17131c6b17905106f9c65d,ok,苦咖啡-默默赚钱系列-改,jqz1226 ZUEL,2021-01-15 12:02:28,1,上涨趋势策略-2-改,post,2020-01-01,2021-01-14,500000,day,每天,3,369.328629,33.537243,363.604736,33.231084,3.3655485988091,0.78853988695483,8.5312826464023,13.745653113527,8.5918189302853,13.477949,"[""2020-02-24"", ""2020-02-28""]",85.294118,60.714286,12.300677830104,29,5,15.434023,22.3,5.323814,252,12069,169,85,164,965,
2023年度精选策略,2023年度精选策略/30.跟着基金报团！！！174% 回撤 7.33%.txt,跟着基金报团！！！174% 回撤 7.33%,跟着基金报团！！！174%  回撤  7.33%,仓又加错了啊,https://www.joinquant.com/post/31496,https://www.joinquant.com/view/community/detail/8fd3921d5d1115915beac151e1efb0ad,ok,跟着基金报团！！！174%  回撤  7.33%,仓又加错了啊,2021-01-26 13:37:57,1,超配股票,post,2019-01-01,2021-01-25,1000000,day,每天,2,174.916292,86.867288,65.306715,36.444772,0.46899964313892,0.44403921084555,3.5477021940723,6.0464521111533,1.5447015432717,7.332927,"[""2020-07-13"", ""2020-07-24""]",80.645161,53.87674,8.7398843182776,300,72,1.949528,81.838709677419,37.932517,503,5619,53,66,79,302,
2023年度精选策略,2023年度精选策略/31.北向Boll带_ETF组合宝付费策略.txt,北向Boll带_ETF组合宝付费策略,北向Boll带_ETF组合宝付费策略,Funine,https://www.joinquant.com/post/30461,https://www.joinquant.com/view/community/detail/c293cf68b1220ce231e440e8172b82b3,ok,北向Boll带_ETF组合宝付费策略,Funine,2020-12-07 08:54:00,1,北向资金宽基ETF-Clone,post,2018-01-01,2020-12-06,100000,minute,分钟,3,165.640223,25.678703,40.99026,8.36827,0.35346971517808,0.37618752508266,2.3157955463952,3.8405110865973,1.6972962437288,8.306884,"[""2019-09-09"", ""2019-11-29""]",73.333333,52.742616,6.117116082572,55,20,3.828321,96.727272727273,6.132671,711,5249,104,79,82,364,
2023年度精选策略,2023年度精选策略/32.最适合上班族的策略-神奇公式策略.txt,最适合上班族的策略-神奇公式策略,最适合上班族的策略-神奇公式策略,scottchenrui,https://www.joinquant.com/post/32795,https://www.joinquant.com/view/community/detail/4664d7b865799e37fd6f4cff8a6244c8,ok,最适合上班族的策略-神奇公式策略,scottchenrui,2021-04-17 05:43:02,1,神奇公式策略,post,2010-01-01,2021-04-07,100000,day,每天,3,326.802201,42.734808,14.17907,3.304694,0.10420174876356,0.34676159561052,0.64287979132551,0.93135031274361,0.53487601120104,29.498719,"[""2011-07-15"", ""2014-01-15""]",45.669291,50.438596,2.7176272604791,58,69,7.812279,193.26,0.686823,2736,6611,150,49,105,343,
2023年度精选策略,2023年度精选策略/33.趋势交易5.0 无择时-2年5倍不是梦.txt,趋势交易5.0 无择时-2年5倍不是梦,趋势交易5.0 无择时-2年5倍不是梦,矢南,https://www.joinquant.com/post/31286,https://www.joinquant.com/view/community/detail/01bac690b4e6f5f230411a3e17ac75db,ok,趋势交易5.0 无择时-2年5倍不是梦,矢南,2021-01-16 13:20:46,1,趋势交易5.0,post,2019-01-01,2021-01-07,100000,day,每天,3,497.882018,83.138525,148.556659,36.081229,1.1458011952516,0.93439498512023,3.8408075599814,5.6092941966534,3.5148146606034,19.526874,"[""2019-02-27"", ""2019-06-06""]",53.964194,55.600815,1.9867065701197,211,180,2.573299,24.818181818182,15.03662,491,5598,118,26,49,365,
2023年度精选策略,2023年度精选策略/34.超稳+翻倍，贝塔值只有0.048的期指策略.txt,超稳+翻倍，贝塔值只有0.048的期指策略,超稳+翻倍，贝塔值只有0.048的期指策略,老虎渔,https://www.joinquant.com/post/30449,https://www.joinquant.com/view/community/detail/0fe934ee5865bfb9b52fabfa751dddd6,ok,超稳+翻倍，贝塔值只有0.048的期指策略,老虎渔,2020-12-06 17:01:02,1,Tiger优化指数复合折溢价策略,post,2018-01-01,2020-11-19,1000000,day,每天,3,1000.343132,19.215575,135.491011,6.478466,1.3137144334082,0.048242713898292,3.4646074389819,13.051136380388,3.0004452791809,10.591373,"[""2018-07-09"", ""2018-07-23""]",58.662614,51.428571,3.4773406812452,193,136,-72.735637,7.5744680851064,97.463086,700,4166,41,32,82,320,
2023年度精选策略,2023年度精选策略/35.最简强者恒强策略.txt,最简强者恒强策略,最简强者恒强策略,囚徒,https://www.joinquant.com/post/33618,https://www.joinquant.com/view/community/detail/5d13bce42f2052ba629deb1edb24fd0b,ok,最简强者恒强策略,囚徒,2021-06-19 23:21:37,1,强者恒强-share,post,2011-06-19,2021-06-19,3000000,day,每天,3,931.849465,76.424195,27.114695,6.009602,0.21406875799478,0.8498294562284,0.89174976567658,1.2961047489299,1.2062170956045,28.241939,"[""2015-06-10"", ""2015-08-25""]",71.428571,52.014803,11.848903983597,20,8,30.101147,758.5625,0.175137,2432,6609,105,76,94,421,
2023年度精选策略,2023年度精选策略/36.PEG+EBIT对小市值因子的优化.txt,PEG+EBIT对小市值因子的优化,PEG+EBIT对小市值因子的优化,wywy1995,https://www.joinquant.com/post/34592,https://www.joinquant.com/view/community/detail/00c02003540f63f1f11a73b743590495,ok,PEG+EBIT对小市值因子的优化,wywy1995,2021-09-11 16:33:57,1,peg-ebit-cap_全市场,post,2011-08-31,2021-08-31,100000,day,每天,3,2402.862233,62.977988,39.236724,5.149211,0.33930242044056,1.1368514200612,0.97653387945575,1.2550685756357,1.6335903338948,54.233433,"[""2015-06-12"", ""2015-07-08""]",60.130719,51.973684,2.1472537860402,460,305,2.639477,49.991769547325,7.561383,2432,18406,230,217,378,678,
2023年度精选策略,2023年度精选策略/37.ETF动量轮动RSRS择时-魔改4-低通滤波.txt,ETF动量轮动RSRS择时-魔改4-低通滤波,ETF动量轮动RSRS择时-魔改4-低通滤波,莫急莫急,https://www.joinquant.com/post/35338,https://www.joinquant.com/view/community/detail/3b2a7c93049c2ff7a219259f90bd7359,ok,ETF动量轮动RSRS择时-魔改4-低通滤波,莫急莫急,2021-11-08 18:26:17,1,11.ETF动量轮动RSRS择时-魔改4低通滤波,post,2018-01-01,2021-10-29,100000,minute,分钟,3,512.442483,21.780022,62.941864,5.451774,0.57612488062297,0.91569041361181,2.2346402954819,3.3965803269519,3.1670826588279,20.66979,"[""2021-02-10"", ""2021-03-25""]",62.857143,53.771552,2.9981190555802,44,26,2.727646,195.75,7.128407,928,8011,299,75,123,533,
2023年度精选策略,2023年度精选策略/38.随机森林策略，低换手率，年化近50%.txt,随机森林策略，低换手率，年化近50%,随机森林策略，低换手率，年化近50%,寒芳,https://www.joinquant.com/post/35566,https://www.joinquant.com/view/community/detail/68e09fa9ebd59a77f2ef04ea8837e598,ok,随机森林策略，低换手率，年化近50%,寒芳,2021-11-24 13:30:54,1,"&#123;&#39;quantile&#39;: (0, 10)}",post,2016-06-30,2021-09-30,1000000,day,每天,3,688.825209,54.420113,49.642446,8.849754,0.41182128623464,0.91969960908025,1.7681463810084,2.7636343452827,2.1138280894636,29.113549,"[""2020-08-07"", ""2021-08-20""]",61.797753,52.849336,2.6874265199355,110,68,27.162707,178.5,1.167581,1281,15490,148,175,379,675,
2023年度精选策略,2023年度精选策略/39.低风险高收益的期货策略.txt,低风险高收益的期货策略,低风险高收益的期货策略,威航,https://www.joinquant.com/post/34248,https://www.joinquant.com/view/community/detail/583033e09db9b0423cf4d53e59f655e2,ok,低风险高收益的期货策略,威航,2021-08-14 11:00:53,1,期货策论001,post,2020-11-01,2021-05-13,700000,day,每天,3,352.041934,6.339065,1760.913601,12.649768,17.581002717989,-0.13719105170767,26.039061654206,41.750692286613,24.544640975593,27.423624,"[""2021-01-06"", ""2021-01-18""]",52.941176,59.689922,9.6307890837834,9,8,-80.1903,24.866666666667,16.268031,129,4381,119,31,57,370,
2023年度精选策略,2023年度精选策略/4.8年10倍，回撤小，有滑点！ETF动量简单轮动策略！.txt,年10倍，回撤小，有滑点！ETF动量简单轮动策略！,8年10倍，回撤小，有滑点！ETF动量简单轮动策略！,萌新王富贵,https://www.joinquant.com/post/34314,https://www.joinquant.com/view/community/detail/73616e4c98206510c4dc83004a3e7a4b,ok,8年10倍，回撤小，有滑点！ETF动量简单轮动策略！,萌新王富贵,2021-08-19 09:39:30,1,ETF动量轮动_20210818,post,2010-01-01,2021-08-17,100000,day,每天,3,1046.22353,35.286155,24.081626,2.709646,0.20974575948538,0.69201895703078,0.8230814609198,1.0305491670152,1.0766788701463,28.115859,"[""2015-11-25"", ""2016-01-28""]",54.961832,52.123142,2.6280975301958,72,59,2.181258,722.33333333333,5.175831,2826,18451,427,157,242,1139,
2023年度精选策略,2023年度精选策略/40.再改进可实盘-默默赚钱系列-风险控制-增强版本-V5.0.txt,再改进可实盘-默默赚钱系列-风险控制-增强版本-V5.0,再改进可实盘-默默赚钱系列-风险控制-增强版本-V5.0,GoodThinker,https://www.joinquant.com/post/32591,https://www.joinquant.com/view/community/detail/74c47d74492fbd5c87b4123c0f3daf29,ok,再改进可实盘-默默赚钱系列-风险控制-增强版本-V5.0,GoodThinker,2021-04-03 18:56:14,1,苦咖啡-默默赚钱系列-风险控制-增强版本,post,2020-01-01,2021-01-11,500000,day,每天,3,220.579731,32.822013,222.083095,32.973505,2.0533471519003,0.44000131113838,6.5261228856322,11.705041662124,5.5098437695991,11.320354,"[""2020-02-24"", ""2020-05-28""]",76.190476,58.232932,9.533280095086,16,5,14.102877,18.8,3.683575,249,4447,117,28,46,291,
2023年度精选策略,2023年度精选策略/41.大盘拥挤率极速版-180天3秒.txt,大盘拥挤率极速版-180天3秒,,,,,no_source_url,,,,0,,,,,,,,,,,,,,,,,,,,,,,,,,,,,,,,,,
2023年度精选策略,2023年度精选策略/42.二板排板战法研究.txt,二板排板战法研究,二板排板战法研究,游资小码哥,https://www.joinquant.com/post/34011,https://www.joinquant.com/view/community/detail/25e48a8c5048bc2d02f785aeb913afd4,ok,二板排板战法研究,游资小码哥,2021-07-26 11:05:14,1,二板排板战法,post,2021-01-01,2021-07-21,100000,minute,分钟,3,338.235367,-1.290467,1507.74424,-2.411915,15.017870085455,-0.30524916435472,20.467180474449,35.812185937329,19.3880889296,32.212677,"[""2021-01-04"", ""2021-03-15""]",62.857143,56.390977,4.0973595460862,22,13,6.505258,1.7142857142857,30.868835,133,6186,114,78,110,364,
2023年度精选策略,2023年度精选策略/43.集合竞价摸奖策略1.0-致敬2022.txt,集合竞价摸奖策略1.0-致敬2022,集合竞价摸奖策略1.0-致敬2022,矢南,https://www.joinquant.com/post/36149,https://www.joinquant.com/view/community/detail/0838dfaa2889275f09d6f2c6879e549c,ok,集合竞价摸奖策略1.0-致敬2022,矢南,2022-01-08 14:18:10,1,集合竞价摸奖策略1.0,post,2021-07-15,2021-12-15,100000,minute,分钟,3,122.899319,-1.518371,599.719745,-3.645522,5.9649242256923,0.10106276218533,13.43494391573,35.765781359608,12.940593799345,6.274625,"[""2021-12-01"", ""2021-12-02""]",75.0,59.223301,8.9508413688788,9,3,7.526761,1.4545454545455,12.107939,103,16792,250,126,196,1096,
2023年度精选策略,2023年度精选策略/44.海龟突破系统，19-21年化150，无未来函数和过拟合.txt,海龟突破系统，19-21年化150，无未来函数和过拟合,海龟突破系统，19-21年化150，无未来函数和过拟合,Trading Robot,https://www.joinquant.com/post/33654,https://www.joinquant.com/view/community/detail/9dee68ac56287895db2948f4532d4c74,ok,海龟突破系统，19-21年化150，无未来函数和过拟合,Trading Robot,2021-06-24 19:29:11,1,81日突破小赚即可,post,2019-01-01,2021-06-23,30000,day,每天,3,821.863032,70.972714,152.315734,25.041114,1.3342367549693,0.70775997019774,3.6559293626501,5.885152798164,3.3320867502259,26.345225,"[""2019-04-01"", ""2019-10-09""]",60.0,51.666667,2.8619842685459,30,20,5.27951,8,8.096869,600,5301,205,36,49,331,
2023年度精选策略,2023年度精选策略/45.敢于直接实盘的—八仙过海V2.txt,敢于直接实盘的—八仙过海V2,敢于直接实盘的—八仙过海V2,Funine,https://www.joinquant.com/post/30551,https://www.joinquant.com/view/community/detail/ec8f69da431141a462f8e0732ec318e5,ok,敢于直接实盘的—八仙过海V2,Funine,2020-12-13 12:00:22,1,八仙过海-LOF轮动V2,post,2017-01-01,2020-12-11,1000000,day,每天,3,123.534334,47.71939,23.303403,10.694069,0.17152654379856,0.32129166072348,2.0569690126573,3.2976403316483,0.85044710315815,5.727342,"[""2020-07-13"", ""2020-07-27""]",68.619247,52.708333,3.876890294336,2460,1125,1.670279,745.22222222222,56.96249,960,8395,99,62,125,567,
2023年度精选策略,2023年度精选策略/46.年化46%的北向资金+20日涨幅的创业板策略.txt,年化46%的北向资金+20日涨幅的创业板策略,年化46%的北向资金+20日涨幅的创业板策略,天然15,https://www.joinquant.com/post/33823,https://www.joinquant.com/view/community/detail/a5fb2c8b9644ea49441cfcfffb735f13,ok,年化46%的北向资金+20日涨幅的创业板策略,天然15,2021-07-12 18:55:18,1,创业板-北向资金涨幅流,post,2018-01-01,2021-07-11,1000000,day,每天,3,266.757017,25.766029,46.225439,6.933084,0.40901578172604,0.45135453791951,2.2224712672724,3.3749216966608,1.9527965910998,13.487455,"[""2021-02-10"", ""2021-04-20""]",63.157895,52.51462,15.891588213216,24,14,4.706292,469,2.268485,855,5894,136,57,124,412,
2023年度精选策略,2023年度精选策略/47.动量ETF轮动-RSRS择时-卡尔曼滤波.txt,动量ETF轮动-RSRS择时-卡尔曼滤波,动量ETF轮动-RSRS择时-卡尔曼滤波,莫急莫急,https://www.joinquant.com/post/35416,https://www.joinquant.com/view/community/detail/c47541c508df3938c6eb7bdcf40f85a9,ok,动量ETF轮动-RSRS择时-卡尔曼滤波,莫急莫急,2021-11-14 22:09:17,1,11.ETF动量轮动RSRS择时-魔改4-卡尔曼滤波,post,2018-01-01,2021-10-29,100000,minute,分钟,3,549.965504,91.17736,65.573125,19.074293,0.51183525006379,0.6892263543535,2.3467228872998,3.609368593587,2.3926206027624,20.181621,"[""2021-02-10"", ""2021-03-25""]",63.768116,52.155172,3.2671042490634,44,25,3.05824,195.75,7.058553,928,10152,244,80,141,520,
2023年度精选策略,2023年度精选策略/48.【漂亮50 2.0止损版本】为了降低回撤，加入择时止损模块.txt,【漂亮50 2.0止损版本】为了降低回撤，加入择时止损模块,【漂亮50 2.0止损版本】为了降低回撤，加入择时止损模块,潜水的白鱼,https://www.joinquant.com/post/35174,https://www.joinquant.com/view/community/detail/9e1a4e0eb30bd30719f843c1fd923fb2,ok,【漂亮50 2.0止损版本】为了降低回撤，加入择时止损模块,潜水的白鱼,2021-10-28 10:13:43,1,漂亮10止损3.0,post,2019-01-01,2021-10-27,100000,day,每天,3,310.979837,69.110661,67.756007,21.204273,0.47728291204308,0.93161250286694,2.3711219963769,3.4241565812385,2.7276244821791,20.168167,"[""2021-01-25"", ""2021-03-24""]",52.608696,53.587116,2.4663181060185,121,109,6.916444,59.514285714286,3.304059,683,4870,78,39,76,407,
2023年度精选策略,2023年度精选策略/49.【7日趋势】交易策略.txt,【7日趋势】交易策略,【7日趋势】交易策略（无未来）,Mr.翟,https://www.joinquant.com/post/34449,https://www.joinquant.com/view/community/detail/b8286a91c02e4c72e067d4c710219dcc,ok,【7日趋势】交易策略（无未来）,Mr.翟,2021-08-30 16:40:37,1,大趋势小短线-7日趋势,post,2021-04-30,2021-08-27,100000,day,每天,3,103.6914,10.600546,774.963459,35.958483,7.5310440206305,0.55882056502073,22.801752946042,40.240414129781,22.072936415125,8.672449,"[""2021-06-02"", ""2021-06-24""]",41.666667,60.97561,4.3647554053192,15,21,7.028417,2.8918918918919,13.979176,82,3531,165,43,59,305,
2023年度精选策略,2023年度精选策略/5.87.5%胜率之分歧反包二板.txt,5%胜率之分歧反包二板,87.5%胜率之分歧反包二板,游资小码哥,https://www.joinquant.com/post/34048,https://www.joinquant.com/view/community/detail/207ffd62386d2844ebca70751f6fc2bd,ok,87.5%胜率之分歧反包二板,游资小码哥,2021-07-29 13:47:39,1,反包二板排板,post,2019-01-01,2021-07-28,100000,minute,分钟,3,359.841855,58.121336,84.095596,20.114708,0.80291158724127,-0.012135667538094,3.2625302386797,23.19248638816,1.9611916482866,3.200268,"[""2019-03-07"", ""2020-03-02""]",87.5,48.32,713.56666666667,7,1,22.879561,2.875,1.614794,625,14000,310,105,194,1155,
2023年度精选策略,2023年度精选策略/50.缠论交易策略.txt,缠论交易策略,缠论交易策略,quancker,https://www.joinquant.com/post/35463,https://www.joinquant.com/view/community/detail/59cb7dafee7df4f6fea2292a10074560,ok,缠论交易策略,quancker,2021-11-17 22:06:44,1,chan策略东华测试(300354.XSHE),post,2021-01-14,2021-11-13,3000000,minute,分钟,3,93.664265,-12.362921,128.460891,-15.207026,1.3095179881831,0.33794446651451,2.2187317130346,3.2664908805837,2.5141110425683,23.218441,"[""2021-09-09"", ""2021-10-15""]",73.809524,52.5,12.627938735365,31,11,17.885232,193,1.708744,200,12254,179,108,180,935,
2023年度精选策略,2023年度精选策略/51.龙头战法之单阳不破.txt,龙头战法之单阳不破,龙头战法之单阳不破,游资小码哥,https://www.joinquant.com/post/35521,https://www.joinquant.com/view/community/detail/3a2d47735ba0210bb78a78b9c0bea0d1,ok,龙头战法之单阳不破,游资小码哥,2021-11-22 16:30:42,1,单阳不破tick级别-三板,post,2020-01-01,2020-12-31,1000000,tick,TICK,3,224.259851,27.210747,235.43646,28.095766,2.3148847182049,-0.0021585454502595,4.9364601581883,9.8011121746695,3.9794974306418,16.204668,"[""2020-08-07"", ""2020-11-04""]",46.875,47.325103,3.0268679567023,15,17,6.841001,5.4666666666667,7.066222,243,4368,129,34,38,249,
2023年度精选策略,2023年度精选策略/52.筹码选股.txt,筹码选股,筹码选股,sonnet_me,https://www.joinquant.com/post/30606,https://www.joinquant.com/view/community/detail/65af30cf8bdbb1c467eef1c08d1e3455,ok,筹码选股,sonnet_me,2020-12-15 21:03:04,1,筹码选股2--选出股票--进行买卖,post,2019-05-01,2020-12-12,10000000,day,每天,3,78.340312,24.951894,44.351827,15.182116,0.29434250331617,0.97634269068779,1.5801770104435,2.0571552787913,1.8888104848623,13.420586,"[""2020-02-24"", ""2020-03-23""]",60.0,55.583756,4.8221826900991,33,22,24.813608,127.09677419355,0.792395,394,4755,45,58,89,344,
2023年度精选策略,2023年度精选策略/53.利用聚宽的数据库，研究基金.txt,利用聚宽的数据库，研究基金,,,,,no_source_url,,,,0,,,,,,,,,,,,,,,,,,,,,,,,,,,,,,,,,,
2023年度精选策略,2023年度精选策略/54.ETF轮动策略-入门1.0.txt,ETF轮动策略-入门1.0,ETF轮动策略-入门1.0,vzhb1998,https://www.joinquant.com/post/35136,https://www.joinquant.com/view/community/detail/e6c3feec4cd43fdc5f8c0f6a2255da02,ok,ETF轮动策略-入门1.0,vzhb,2021-10-25 17:20:43,1,ETF轮动策略-300etf平仓,post,2015-01-01,2021-10-26,100000,day,每天,3,956.604351,40.450519,42.71935,5.258602,0.38065090153142,0.51983090778093,1.6491464509401,2.4260647470214,1.6286625087791,15.672468,"[""2018-03-20"", ""2019-02-27""]",64.705882,51.478576,4.2213201086155,44,24,3.850477,445,3.747279,1657,2724,105,28,51,229,
2023年度精选策略,2023年度精选策略/55.【分享】券商金股组合增强.txt,【分享】券商金股组合增强,【分享】券商金股组合增强,Hugo2046,https://www.joinquant.com/post/33881,https://www.joinquant.com/view/community/detail/55c013c0d5c2cc8551e7f0597a51d5fc,ok,【分享】券商金股组合增强,Hugo2046,2021-07-17 18:35:55,1,金股组合增强_交易行为因子_maxp,post,2019-07-01,2021-07-01,5000000,day,每天,3,143.591293,36.702051,57.791977,17.369939,0.38204766391637,1.1658400443168,1.4997920369818,2.1854038707955,1.4815778621641,23.713002,"[""2020-07-13"", ""2021-03-25""]",64.329643,52.254098,1.6365334203452,523,290,6.620174,23.757575757576,6.746319,488,5623,110,80,123,164,
2023年度精选策略,2023年度精选策略/56.韶华研究之五-ETF轮动，躺赚，夏普2.txt,韶华研究之五-ETF轮动，躺赚，夏普2,韶华研究之五-ETF轮动，躺赚，夏普2,韶华不负,https://www.joinquant.com/post/32253,https://www.joinquant.com/view/community/detail/90c46f217bf2b4d4f2437091cf57676b,ok,韶华研究之五-ETF轮动，躺赚，夏普2,韶华不负,2021-03-14 13:45:07,1,市场ETF精选-涨幅中20-持1池2-中开关,post,2020-01-01,2021-03-11,1000000,day,每天,3,72.661588,25.182957,60.922396,21.610113,0.41223753249566,0.89145607487285,2.0277207935966,2.7649507231232,2.0603012803902,13.55825,"[""2020-08-03"", ""2020-10-23""]",52.0,49.825784,2.798385999042,13,12,2.520805,39.833333333333,8.766307,287,6647,60,46,104,293,
2023年度精选策略,2023年度精选策略/57.韶华研究之四-菲阿里四阶在T+1的短线策略应用.txt,韶华研究之四-菲阿里四阶在T+1的短线策略应用,韶华研究之四-菲阿里四阶在T+1的短线策略应用,韶华不负,https://www.joinquant.com/post/32183,https://www.joinquant.com/view/community/detail/e0b905c5e2a87ca0606b962e6460ae46,ok,韶华研究之四-菲阿里四阶在T+1的短线策略应用,韶华不负,2021-03-09 15:06:14,1,正60正5大-持2-bar级,post,2020-01-01,2020-12-31,1000000,minute,分钟,3,67.905857,27.210747,70.431248,28.095766,0.51289911925219,0.628381600009,1.7184781477817,2.3940655016143,1.147018017461,17.425062,"[""2020-07-13"", ""2020-07-27""]",57.446809,50.205761,1.5307190357146,108,80,0.623058,2.032967032967,34.832665,243,4721,106,37,61,248,
2023年度精选策略,2023年度精选策略/58.北向RSRS与布林带择时.txt,北向RSRS与布林带择时,北向RSRS与布林带择时,韭菜001,https://www.joinquant.com/post/34253,https://www.joinquant.com/view/community/detail/b6c8d8ad459ac6188a77289916bc7407,ok,北向RSRS与布林带择时,韭菜001,2021-08-14 12:24:11,1,北上布林带与RSRS择时,post,2017-05-14,2021-02-10,800000,day,每天,3,322.227469,71.552972,48.158902,15.870617,0.39285948154361,0.41050555230786,2.8508352097431,4.6940492740595,1.8299724821325,9.54022,"[""2018-12-05"", ""2019-01-03""]",82.45614,52.947598,18.439193072832,141,30,11.506484,173.60869565217,1.192202,916,2625,71,28,44,188,
2023年度精选策略,2023年度精选策略/59.可能是最接近实盘的“基本面三角.txt,可能是最接近实盘的“基本面三角,可能是最接近实盘的“基本面三角”,美吉姆优秀毕业代表,https://www.joinquant.com/post/34881,https://www.joinquant.com/view/community/detail/30aa52acd6c16c143622cab77bf19673,ok,可能是最接近实盘的“基本面三角”,美吉姆优秀毕业代表,2021-10-09 15:47:07,1,不可能三角1120,post,2018-01-01,2021-11-19,1000000,day,每天,3,484.439077,21.315789,59.68763,5.256139,0.54714964488304,0.77432905310815,1.782536838054,2.5755417257935,2.0049759949935,19.153873,"[""2020-02-25"", ""2020-03-30""]",66.26506,53.658537,5.7586202426976,55,28,15.276427,68.966101694915,1.401129,943,3464,105,32,47,212,
2023年度精选策略,2023年度精选策略/6.21年度6.为了挣点积分自己实盘的策略分享出来.txt,年度6.为了挣点积分自己实盘的策略分享出来,如何删帖呢,iron911,https://www.joinquant.com/post/32660,https://www.joinquant.com/view/community/detail/6af2bdba9b20701f9de0a6465fc5c02b,post_without_backtest,如何删帖呢,iron911,2021-04-08 21:57:51,0,,,,,,,,,,,,,,,,,,,,,,,,,,,,,9774,408,127,125,638,
2023年度精选策略,2023年度精选策略/60.抄底神器2.0，低回撤，高成功率，无未来函数.txt,抄底神器2.0，低回撤，高成功率，无未来函数,抄底神器2.0，低回撤，高成功率，无未来函数,枫中忆荣,https://www.joinquant.com/post/31155,https://www.joinquant.com/view/community/detail/005636b6cd86b0a5cdf045088a95803b,ok,抄底神器2.0，低回撤，高成功率，无未来函数,云中之城,2021-01-10 12:09:47,1,抄底神器2.0,post,2019-01-01,,500000,day,每天,3,159.830729,73.095179,63.260131,32.53265,0.39890605240173,0.67885477208776,2.4230361939024,3.5520648700856,1.4706249082911,13.126593,"[""2020-10-13"", ""2020-11-17""]",60.869565,52.772074,2.7744501429863,28,18,6.485098,41.576923076923,2.899557,487,5486,48,61,52,337,
2023年度精选策略,2023年度精选策略/61.分享一个最近两年非常有效的因子.txt,分享一个最近两年非常有效的因子,分享一个最近两年非常有效的因子,美吉姆优秀毕业代表,https://www.joinquant.com/post/33065,https://www.joinquant.com/view/community/detail/196d862684f96db3e4f4e35dbe012f23,ok,分享一个最近两年非常有效的因子,美吉姆优秀毕业代表,2021-05-04 23:53:34,1,wq101_Alpha_022因子,post,2019-01-01,2021-05-01,1000000,day,每天,2,231.782185,70.178865,69.847349,26.470756,0.42562202089243,1.0362422482449,2.1611902050646,3.1823625409129,2.0854206905181,26.241382,"[""2019-04-04"", ""2019-06-06""]",62.5,51.413428,2.2499010777983,75,45,5.137997,33,4.17027,566,3859,104,31,52,185,
2023年度精选策略,2023年度精选策略/62.3年复合200+%收益+超低回撤11%以内，无惧大跌.txt,年复合200+%收益+超低回撤11%以内，无惧大跌,3年复合200+%收益+超低回撤11%以内，无惧大跌,Sunj3001,https://www.joinquant.com/post/32630,https://www.joinquant.com/view/community/detail/1ca341674b73d2e1a048d79739dfadad,ok,3年复合200+%收益+超低回撤11%以内，无惧大跌,Sunj3001,2021-04-06 18:47:58,1,ETFLOF非行业更稳组合接近实盘,post,2018-01-01,2021-04-05,500000,day,每天,3,219.803189,28.051404,44.468457,8.139009,0.38485919382289,0.47898845926485,1.913501365287,2.9483064633069,1.681257197108,10.438966,"[""2021-01-12"", ""2021-02-26""]",63.354037,52.405063,2.0736824676009,204,118,0.60193,55.642857142857,35.78644,790,4213,104,32,69,275,
2023年度精选策略,2023年度精选策略/63.A股最强板块动量趋势（最终版）.txt,A股最强板块动量趋势（最终版）,,,,,no_source_url,,,,0,,,,,,,,,,,,,,,,,,,,,,,,,,,,,,,,,,
2023年度精选策略,2023年度精选策略/64.韶华研究之七--不可多得的基本面三角.txt,韶华研究之七--不可多得的基本面三角,韶华研究之七--不可多得的基本面三角,韶华不负,https://www.joinquant.com/post/34544,https://www.joinquant.com/view/community/detail/3ad5482fcb26dca85913d57da4d30e5b,ok,韶华研究之七--不可多得的基本面三角,韶华不负,2021-09-07 22:47:38,1,ROE,post,2019-01-01,2021-09-06,100000,day,每天,3,166.15074,46.914156,45.465314,15.867076,0.28272435472238,1.1117210353045,1.5025760856596,2.0354636064904,1.5843041035642,22.775989,"[""2020-07-14"", ""2021-04-12""]",67.741935,53.292496,2.8181268188003,84,40,20.256152,70.619565217391,1.538154,653,4348,89,79,93,380,
2023年度精选策略,2023年度精选策略/65.PB-POE+双均线--加入jq以来第一个成功的交易策略 一.txt,PB-POE+双均线--加入jq以来第一个成功的交易策略 一,PB-POE+双均线--加入jq以来第一个成功的交易策略 一,帅帅Hiber,https://www.joinquant.com/post/35005,https://www.joinquant.com/view/community/detail/5069aff9c5ea7cbd3ad4eff7bd07f767,ok,PB-POE+双均线--加入jq以来第一个成功的交易策略 一,帅帅Hiber,2021-10-16 11:00:43,1,PB-ROE加均线选股策略,post,2020-01-03,2021-10-15,1000000,day,每天,3,196.654776,18.78191,88.176218,10.524735,0.780366789335,0.94096376652273,2.5280376662667,3.6345522675934,2.9366199603689,17.107445,"[""2020-02-25"", ""2020-03-18""]",51.06383,55.348837,3.0957034034165,24,23,15.759772,51.540540540541,2.260791,430,4103,84,37,62,260,
2023年度精选策略,2023年度精选策略/66.基于动量和反转效应的沪深300成分股策略.txt,基于动量和反转效应的沪深300成分股策略,基于动量和反转效应的沪深300成分股策略,糯米糍本糍,https://www.joinquant.com/post/30350,https://www.joinquant.com/view/community/detail/017e9988e589357a5826838f174324db,ok,基于动量和反转效应的沪深300成分股策略,糯米糍本糍,2020-11-28 12:20:50,1,国泰君安-数量化专题12-基于动量和反转效应的选股,post,2008-11-01,2009-11-01,10000000,day,每天,3,231.510508,97.177909,243.155566,101.07224,1.3594558879095,1.0632285562799,5.4660198536252,7.3337417693591,6.7181860137907,19.882631,"[""2008-12-10"", ""2008-12-31""]",100,55.555556,23132434.7,25,0,233.201661,117.86274509804,0.654699,243,4661,64,31,53,275,
2023年度精选策略,2023年度精选策略/68.宽基BBI动量追涨，完美避开这波大跌~.txt,宽基BBI动量追涨，完美避开这波大跌~,宽基BBI动量追涨，完美避开这波大跌~,将就,https://www.joinquant.com/post/32187,https://www.joinquant.com/view/community/detail/2b1bb5842e9a117433847339bfd89625,ok,宽基BBI动量追涨，完美避开这波大跌~,将就,2021-03-09 18:09:23,1,宽基etf30分钟bbi动量追涨,post,2020-01-01,2021-03-08,1000000,day,每天,3,95.843242,24.006366,80.701512,20.852886,0.65469590453789,0.66646871396096,3.2497252779611,5.8074774389919,3.0777434625947,18.382447,"[""2020-02-24"", ""2020-03-23""]",54.198473,51.760563,1.9660493559696,71,60,0.552791,20.3,46.230854,284,4985,70,35,79,281,
2023年度精选策略,2023年度精选策略/69.选取向上趋势的股票.txt,选取向上趋势的股票,,,,,no_source_url,,,,0,,,,,,,,,,,,,,,,,,,,,,,,,,,,,,,,,,
2023年度精选策略,2023年度精选策略/7.ETF动量轮动RSRS择时-魔改3小优化.txt,ETF动量轮动RSRS择时-魔改3小优化,ETF动量轮动RSRS择时-魔改3小优化,莫急莫急,https://www.joinquant.com/post/35279,https://www.joinquant.com/view/community/detail/29b074f390c55695296fe0d37aab7793,ok,ETF动量轮动RSRS择时-魔改3小优化,莫急莫急,2021-11-04 20:25:30,1,9.ETF动量轮动RSRS择时-魔改3-择时去均线及股票池优化,post,2018-01-01,2021-10-29,100000,minute,分钟,3,546.760104,21.780022,65.352752,5.451774,0.60028296278025,0.91230160197544,2.3337008411354,3.5939525350389,3.307800003022,20.173761,"[""2021-02-10"", ""2021-03-25""]",65.671642,53.987069,3.2523834489216,44,23,3.132832,195.75,6.911687,928,19442,488,164,310,1030,
2023年度精选策略,2023年度精选策略/70.回踩均线搏反弹，21年来70%，无未来（测试第一弹）.txt,回踩均线搏反弹，21年来70%，无未来（测试第一弹）,回踩均线搏反弹，21年来70%，无未来（测试第一弹）,Mr.翟,https://www.joinquant.com/post/34394,https://www.joinquant.com/view/community/detail/824ce66ef079865d65d6a8dca1e9b0bb,ok,回踩均线搏反弹，21年来70%，无未来（测试第一弹）,Mr.翟,2021-08-25 11:30:36,1,只取一瓢策略,post,2021-01-01,2021-07-31,100000,day,每天,3,69.859964,6.285583,157.559062,11.500199,1.4805172713733,0.7342917586743,4.1230891896408,8.1614279602591,4.1001299941266,12.108801,"[""2021-07-09"", ""2021-07-28""]",51.587302,52.857143,1.6744511709982,65,61,1.292813,2.8,29.818078,140,3671,78,32,72,315,
2023年度精选策略,2023年度精选策略/71.lightGBM.txt,lightGBM,,,,,no_source_url,,,,0,,,,,,,,,,,,,,,,,,,,,,,,,,,,,,,,,,
2023年度精选策略,2023年度精选策略/72.优化了一下宽基etf追涨的策略，值得深入研究.txt,优化了一下宽基etf追涨的策略，值得深入研究,优化了一下宽基etf追涨的策略，值得深入研究,将就,https://www.joinquant.com/post/32345,https://www.joinquant.com/view/community/detail/f7f8d13ed8fb87b1faf4cb4956343cf0,ok,优化了一下宽基etf追涨的策略，值得深入研究,将就,2021-03-20 11:01:07,1,宽基追涨,post,2013-01-01,2021-04-01,100000,day,每天,3,633.726441,102.571593,28.225919,9.205831,0.21254814976511,0.57072618135852,1.0637128563763,1.6122516345612,0.90534663871816,40.447968,"[""2015-06-12"", ""2015-09-17""]",49.904215,49.700599,1.3808046223214,521,523,0.237493,99.142857142857,52.450478,2004,4098,91,23,57,215,
2023年度精选策略,2023年度精选策略/73.MACD多周期共振，精准打击！.txt,MACD多周期共振，精准打击！,MACD多周期共振，精准打击！,海枫,https://www.joinquant.com/post/33647,https://www.joinquant.com/view/community/detail/db28f16156ef6b7f2d2006335b8b66c1,ok,MACD多周期共振，精准打击！,海枫,2021-06-23 19:19:17,1,study30A,post,2021-01-01,,1000000,minute,分钟,3,34.140066,-1.710325,92.632177,-3.777517,0.88220683159258,-0.052908132974998,3.6567081926253,5.8821201676735,2.9344894035771,7.232361,"[""2021-05-14"", ""2021-05-20""]",100,54.464286,347375,6,0,10.571094,13.714285714286,2.705032,112,3751,48,29,40,257,
2023年度精选策略,2023年度精选策略/74.勾股神器2代码40行，年化一百点.txt,勾股神器2代码40行，年化一百点,勾股神器2: 代码40行，年化一百点。,edjoin,https://www.joinquant.com/post/31510,https://www.joinquant.com/view/community/detail/a36caa80e1313df2e994e657b9157f6d,ok,勾股神器2: 代码40行，年化一百点。,edjoin,2021-01-27 11:46:05,1,BXST,post,2020-01-01,2021-01-01,10000000,day,每天,3,106.176358,27.210747,110.518861,28.095766,0.82282955639152,1.005815934221,3.3809284258154,5.0694403744539,3.7928918362483,17.561383,"[""2020-02-24"", ""2020-03-30""]",62.162162,58.847737,7.0146314065978,23,14,11.030012,60.114285714286,2.141391,243,2648,52,36,26,207,
2023年度精选策略,2023年度精选策略/75.机器学习策略分享.txt,机器学习策略分享,机器学习策略分享,leo713,https://www.joinquant.com/post/33840,https://www.joinquant.com/view/community/detail/c81c3aabeb433c6f6a84cd5c286fed4a,ok,机器学习策略分享,leo713,2021-07-14 09:55:19,1,BigMoon,post,2017-12-31,2021-01-01,2000000,day,每天,3,173.759353,29.285138,41.183483,9.194704,0.34015283035472,0.60989037232504,1.7936340042425,2.6396334966235,1.7617277662625,12.339406,"[""2019-09-09"", ""2020-02-03""]",65.217391,53.424658,4.6806686055188,75,40,6.169085,46.873563218391,2.067152,730,2821,43,26,72,239,
2023年度精选策略,2023年度精选策略/76.半年6.5倍--次新股排板一式.txt,半年6.5倍--次新股排板一式,半年6.5倍--次新股排板一式,游资小码哥,https://www.joinquant.com/post/34040,https://www.joinquant.com/view/community/detail/5131e30f12737196bd695cf848d5fc10,ok,半年6.5倍--次新股排板一式,游资小码哥,2021-07-28 16:08:32,1,次新排板战法,post,2021-01-01,2021-07-27,100000,minute,分钟,3,654.650198,-8.826605,3896.92236,-15.51752,38.957934480093,0.14710312313966,57.072242103906,111.3470412861,55.506974195139,18.944269,"[""2021-04-22"", ""2021-05-21""]",60.0,57.664234,7.048995182003,6,4,26.981757,4.7777777777778,7.843509,137,2444,33,13,20,190,
2023年度精选策略,2023年度精选策略/77.【基金增强思考2.0】优秀基金的持续性与周期的关系密不可分.txt,【基金增强思考2.0】优秀基金的持续性与周期的关系密不可分,【基金增强思考2.0】优秀基金的持续性与周期的关系密不可分,潜水的白鱼,https://www.joinquant.com/post/34966,https://www.joinquant.com/view/community/detail/12ef143f7ca1d6e2cce8bcd876a3f585,ok,【基金增强思考2.0】优秀基金的持续性与周期的关系密不可分,潜水的白鱼,2021-10-13 20:05:41,1,基金MVP-Clone,post,2020-10-11,2021-10-11,1000000,day,每天,3,29.602212,5.314945,30.573905,5.472166,0.25070683798283,1.0210953752835,1.1131226147089,1.6754943352127,1.8182111947244,19.688198,"[""2021-02-18"", ""2021-03-25""]",0,59.259259,0,0,0,0,196.84415584416,0.17235,243,3609,103,24,52,227,
2023年度精选策略,2023年度精选策略/78.EPS+MS因子的大盘蓝筹策略.txt,EPS+MS因子的大盘蓝筹策略,EPS+MS因子的大盘蓝筹策略,wywy1995,https://www.joinquant.com/post/34372,https://www.joinquant.com/view/community/detail/118d16a3b00995a8507cb541a78432b0,ok,EPS+MS因子的大盘蓝筹策略,wywy1995,2021-08-23 22:55:53,1,RSRS-MA择时_eps-ms-cap因子_沪深300-Clone-Clone,post,2011-08-20,2021-08-20,5000000,day,每天,3,1021.957966,69.866366,28.213409,5.59762,0.22927770516007,0.80472100554677,0.93122237882809,1.3664605564722,1.196626263286,38.178712,"[""2018-01-23"", ""2018-10-30""]",51.529412,50.123355,2.7693431812669,219,206,3.574406,371.13333333333,2.91848,2432,7253,147,90,107,351,
2023年度精选策略,2023年度精选策略/79.过滤两个因子，12年15倍的roa选股500指数增强.txt,过滤两个因子，12年15倍的roa选股500指数增强,过滤两个因子，12年15倍的roa选股500指数增强,将就,https://www.joinquant.com/post/30484,https://www.joinquant.com/view/community/detail/44b269d4e23bbaed957256a955c1ea19,ok,过滤两个因子，12年15倍的roa选股500指数增强,将就,2020-12-08 15:22:42,1,双因子丢弃及roa选股500指数增强,post,2008-12-01,2020-12-07,10000000,day,每天,3,1559.873318,248.892449,27.160217,11.27962,0.16736705426792,0.8823966342385,0.85026715891788,1.0897614860567,1.2814366369902,40.854375,"[""2015-06-12"", ""2015-09-15""]",57.439134,50.803969,1.7095340987591,637,472,3.346016,76.713910761155,3.519565,2923,4064,59,42,88,253,
2023年度精选策略,2023年度精选策略/8.iAlpha 基金投资策略.txt,iAlpha 基金投资策略,iAlpha 基金投资策略,Gyro,https://www.joinquant.com/post/30024,https://www.joinquant.com/view/community/detail/a8ecbd620717d685b4ebf0d52f3954d2,post_without_backtest,iAlpha 基金投资策略,Gyron,2020-11-03 19:43:58,0,,,,,,,,,,,,,,,,,,,,,,,,,,,,,9810,40,67,139,588,
2023年度精选策略,2023年度精选策略/80.趋与势的量化定义.txt,趋与势的量化定义,,,,,no_source_url,,,,0,,,,,,,,,,,,,,,,,,,,,,,,,,,,,,,,,,
2023年度精选策略,2023年度精选策略/81.拥挤率指标-择时大盘顶底-Clone1-第二版.txt,拥挤率指标-择时大盘顶底-Clone1-第二版,,,,,no_source_url,,,,0,,,,,,,,,,,,,,,,,,,,,,,,,,,,,,,,,,
2023年度精选策略,2023年度精选策略/82.势的度量.txt,势的度量,,,,,no_source_url,,,,0,,,,,,,,,,,,,,,,,,,,,,,,,,,,,,,,,,
2023年度精选策略,2023年度精选策略/83.韶华研究之一，布林突破+均线金叉，四年五倍.txt,韶华研究之一，布林突破+均线金叉，四年五倍,韶华研究之一，布林突破+均线金叉，四年五倍,韶华不负,https://www.joinquant.com/post/32129,https://www.joinquant.com/view/community/detail/5e320e3394a2c4ee40ec97498a5c6e5b,ok,韶华研究之一，布林突破+均线金叉，四年五倍,韶华不负,2021-03-06 08:48:07,1,不死小强,post,2017-01-01,2020-10-08,100000,day,每天,3,519.324813,-22.067258,64.667503,-6.592248,0.64662545832117,0.37716668372494,1.8891866155742,3.2633529948764,2.0807308349786,22.414427,"[""2018-03-16"", ""2018-10-25""]",53.846154,49.562363,3.6986075312755,42,36,3.829497,14.333333333333,5.176328,914,3502,40,23,64,294,
2023年度精选策略,2023年度精选策略/84.对 二板排板战法 的部分优化.txt,对 二板排板战法 的部分优化,对 二板排板战法 的部分优化,xloong,https://www.joinquant.com/post/34053,https://www.joinquant.com/view/community/detail/a75b85a9cfb2206d70260cfc08c7f1d9,ok,对 二板排板战法 的部分优化,xloong,2021-07-29 22:06:28,1,二板排板战法研究,post,2020-01-01,2021-07-28,100000,minute,分钟,3,994.690566,16.206201,380.783685,10.35738,3.754244691796,0.21380118466697,5.3760903637127,9.4303458688765,5.1408659860362,48.745949,"[""2020-07-15"", ""2021-03-15""]",54.83871,51.181102,2.7743088971941,51,42,4.057232,1.6413043478261,26.565444,381,2231,33,23,35,168,
2023年度精选策略,2023年度精选策略/85.最新解密--追涨龙头打板策略-适合近期实盘行情.txt,最新解密--追涨龙头打板策略-适合近期实盘行情,最新解密--追涨龙头打板策略-适合近期实盘行情,GoodThinker,https://www.joinquant.com/post/33126,https://www.joinquant.com/view/community/detail/3b4abf408fe4c804935d65bf51767ef5,ok,最新解密--追涨龙头打板策略-适合近期实盘行情,GoodThinker,2021-05-09 12:50:35,1,龙头打板策略-Clone,post,2021-04-20,2021-05-08,1000000,day,每天,3,17.87994,-1.788277,4103.724404,-33.641909,40.883713667076,-0.3016063194184,81.112350626237,391.97418022382,77.773748295815,3.963706,"[""2021-04-20"", ""2021-04-26""]",44.444444,72.727273,3.035127428038,4,5,5.443961,2.1,27.944117,11,2925,45,13,18,208,
2023年度精选策略,2023年度精选策略/86.【基本面三角3.0】看过之前策略的就略过吧.txt,【基本面三角3.0】看过之前策略的就略过吧,【基本面三角3.0】看过之前策略的就略过吧,潜水的白鱼,https://www.joinquant.com/post/34876,https://www.joinquant.com/view/community/detail/1eacd5a153a887cb553b17814194a602,ok,【基本面三角3.0】看过之前策略的就略过吧,潜水的白鱼,2021-10-09 11:03:02,1,基本面三角3.0,post,2019-01-01,2021-10-08,100000,day,每天,3,285.785813,45.709835,65.495396,15.080916,0.50138131546059,1.0249391241108,2.3042187884587,3.3604844232143,2.6496216988968,15.293985,"[""2019-04-22"", ""2019-05-08""]",71.751412,57.61194,3.1374363346396,127,50,12.690688,62.917647058824,2.674401,670,1780,24,21,43,194,
2023年度精选策略,2023年度精选策略/88.韶华研究之二，顺势而为，年化140.txt,韶华研究之二，顺势而为，年化140,韶华研究之二，顺势而为，年化140,韶华不负,https://www.joinquant.com/post/32130,https://www.joinquant.com/view/community/detail/029e2d1abb7220dcb8f61a7deaf89eba,ok,韶华研究之二，顺势而为，年化140,韶华不负,2021-03-06 08:57:37,1,顺势而为-V0,post,2020-01-01,2020-11-09,100000,day,每天,3,140.403767,21.597772,191.448969,26.931036,1.6385408184419,1.0289498744872,4.4159560331593,6.6010255546129,4.7566521643978,19.207857,"[""2020-10-12"", ""2020-11-06""]",56.862745,55.121951,2.6880703763723,29,22,3.897075,12.655172413793,11.190194,205,3042,56,28,41,172,
2023年度精选策略,2023年度精选策略/89.2019年到现在90多倍的新策略.txt,年到现在90多倍的新策略,2019年到现在90多倍的新策略,勤为径也,https://www.joinquant.com/post/34521,https://www.joinquant.com/view/community/detail/b454becd9e897a961ff86571311bff56,ok,2019年到现在90多倍的新策略,勤为径也,2021-09-06 16:08:27,1,这是一个简单的策略-405,post,2019-01-01,2021-09-04,100000,minute,分钟,3,9189.938477,60.864265,468.337287,19.995221,4.6251115983261,0.11416702374171,9.1088862782104,15.885351988587,8.2651588922207,25.100307,"[""2020-07-15"", ""2020-08-14""]",59.069767,52.607362,2.2361383915851,127,88,5.047112,1.7809523809524,23.018454,652,9391,79,44,89,545,
2023年度精选策略,2023年度精选策略/9.10倍-二板排板战法优化-无未来函数.txt,倍-二板排板战法优化-无未来函数,10倍-二板排板战法优化-无未来函数,游资小码哥,https://www.joinquant.com/post/34141,https://www.joinquant.com/view/community/detail/669e322267fd3bf45951f73e88ad0b3c,ok,10倍-二板排板战法优化-无未来函数,游资小码哥,2021-08-06 17:06:45,1,二板排板战法优化版本一,post,2020-01-01,2021-07-31,100000,minute,分钟,3,994.690566,17.443575,376.857509,11.065828,3.7136181451645,0.21168007380702,5.3336776066449,9.3599352349846,5.0877702462361,48.745949,"[""2020-07-15"", ""2021-03-15""]",54.83871,51.174935,2.7743088971941,51,42,4.057232,1.6413043478261,26.063191,383,5988,214,45,69,617,
2023年度精选策略,2023年度精选策略/90.一个月轮动股票换仓，内日做T，相对高频交易.txt,一个月轮动股票换仓，内日做T，相对高频交易,一个月轮动股票换仓，内日做T，相对高频交易,Pengpengpeng,https://www.joinquant.com/post/34847,https://www.joinquant.com/view/community/detail/c9057661c94e39afb0ff060d1ea3cc86,ok,一个月轮动股票换仓，内日做T，相对高频交易,Pengpengpeng,2021-10-05 23:29:39,1,FFSCore-Clone,post,2021-04-01,2021-08-01,100000,minute,分钟,3,14.50798,8.206656,51.139262,27.184109,0.27936959042371,0.8282527958155,2.7669882057255,4.0100410468523,1.7671794442556,6.838249,"[""2021-07-22"", ""2021-07-28""]",61.111111,48.780488,2.8600742421118,44,28,2.391523,34,8.946443,82,5226,121,53,92,307,
2023年度精选策略,2023年度精选策略/91.致敬市场--4 解析细节.txt,致敬市场--4 解析细节,致敬市场(4)--解析细节,Gyro,https://www.joinquant.com/post/33312,https://www.joinquant.com/view/community/detail/b4326e6b99d7a747f77e3bb1dc164c3e,ok,致敬市场(4)--解析细节,Gyron,2021-05-26 16:31:49,1,ROE-Grow,post,2006-05-01,2021-05-15,12345678,day,每天,3,926.375243,428.171447,17.255968,12.049616,0.059367235524602,0.90926636791693,0.49312307115995,0.61654498630912,0.53936986147815,70.261903,"[""2008-01-15"", ""2008-11-04""]",63.551402,50.560569,2.5100515720419,204,117,86.440623,674.73275862069,0.077036,3657,3874,54,40,56,159,
2023年度精选策略,2023年度精选策略/92.【超跌反弹v1.0】3年2.3倍的超跌反弹小牛股.txt,【超跌反弹v1.0】3年2.3倍的超跌反弹小牛股,【超跌反弹v1.0】3年2.3倍的超跌反弹小牛股,_查尔斯葱_,https://www.joinquant.com/post/35377,https://www.joinquant.com/view/community/detail/23be32d69c31deb6e101032f52e0f617,ok,【超跌反弹v1.0】3年2.3倍的超跌反弹小牛股,_查尔斯葱_,2021-11-11 23:26:33,1,超跌股反弹v1.1-跌破MA55两个点卖,post,2019-01-01,2021-11-05,100000,day,每天,3,231.860611,60.840682,54.437253,18.79034,0.44543844666062,0.39846334641572,2.4944925423521,4.0613662280242,1.5999075536666,17.490426,"[""2020-07-14"", ""2021-01-08""]",41.212121,50.869565,2.1242752171674,68,97,4.253368,15.735099337748,5.079773,690,4038,59,50,92,349,
2023年度精选策略,2023年度精选策略/93.布林线追龙头战法.txt,布林线追龙头战法,布林线追龙头战法,fishsome,https://www.joinquant.com/post/31867,https://www.joinquant.com/view/community/detail/2aeb4baf972b4a9aad8ab30e2cd1fff7,ok,布林线追龙头战法,fishsome,2021-02-19 02:05:08,1,布林123,post,2015-01-01,2021-02-19,1000000,day,每天,3,232.245582,63.535161,22.285756,8.59073,0.15875255988127,0.52507996349611,0.92298373130421,1.1545854658211,0.71841305579471,35.561277,"[""2015-06-12"", ""2016-12-28""]",55.231144,50.469169,1.9819959008544,227,184,4.308027,104.51315789474,2.529423,1492,2953,46,22,23,174,
2023年度精选策略,2023年度精选策略/94.可转债回测.txt,可转债回测,,,,,no_source_url,,,,0,,,,,,,,,,,,,,,,,,,,,,,,,,,,,,,,,,
2023年度精选策略,2023年度精选策略/95.【复现】高频价量相关性，意想不到的选股因子.txt,【复现】高频价量相关性，意想不到的选股因子,【复现】高频价量相关性，意想不到的选股因子,Hugo2046,https://www.joinquant.com/post/36016,https://www.joinquant.com/view/community/detail/539e74507dbf571f2be21d8fa4ebb8e6,ok,【复现】高频价量相关性，意想不到的选股因子,Hugo2046,2021-12-29 15:07:42,1,pv_corr,post,2014-01-01,2021-11-30,50000000,day,每天,3,228.064162,107.380592,16.664329,9.924885,0.079446099501866,0.79659263678464,0.51737379909139,0.58096039008758,0.39931233619637,53.479323,"[""2015-06-12"", ""2018-10-18""]",54.416727,55.526725,1.3335324355162,8224,6889,2.697089,97.218652849741,3.776493,1927,16661,106,165,283,253,
2023年度精选策略,2023年度精选策略/96.市场宽度20210622.txt,市场宽度20210622,,,,,no_source_url,,,,0,,,,,,,,,,,,,,,,,,,,,,,,,,,,,,,,,,
2023年度精选策略,2023年度精选策略/97.韶华研究之六，简单不一样的发现趋势，3年6倍.txt,韶华研究之六，简单不一样的发现趋势，3年6倍,韶华研究之六，简单不一样的发现趋势，3年6倍,韶华不负,https://www.joinquant.com/post/32797,https://www.joinquant.com/view/community/detail/db3291712f898516b70e9729d2ca0965,ok,韶华研究之六，简单不一样的发现趋势，3年6倍,韶华不负,2021-04-17 15:54:45,1,share,post,2018-01-01,2021-04-16,100000000,day,每天,3,543.029833,23.204287,79.014552,6.747082,0.72789806024975,0.80985776948199,2.1618970603909,3.2295251938528,2.3877920318277,19.769737,"[""2021-02-10"", ""2021-03-25""]",65.217391,54.443054,2.926941220836,75,40,13.007066,33.371428571429,3.181081,799,2755,66,33,50,205,
2023年度精选策略,2023年度精选策略/98.欧奈尔CANSLIM策略初探三.txt,欧奈尔CANSLIM策略初探三,欧奈尔CANSLIM策略初探三,韭菜饺子,https://www.joinquant.com/post/30806,https://www.joinquant.com/view/community/detail/9e4cf7563a19226d85bfb18383feff49,ok,欧奈尔CANSLIM策略初探三,韭菜饺子,2020-12-24 20:48:07,1,欧奈尔CANSLIM策略-趋势交易,post,2005-05-01,2020-12-18,100000,day,每天,3,8025.435616,436.25307,33.520727,11.672696,0.25848027678805,0.47867129733142,0.95364760773098,1.3530996855172,0.69456598578927,45.011499,"[""2007-09-03"", ""2009-01-16""]",38.4,49.145412,2.9371657924579,96,154,4.432156,39.506329113924,1.315514,3803,4086,39,31,67,286,
2023年度精选策略,2023年度精选策略/99.全市场选股？7年5倍不择时，回撤30%左右.txt,全市场选股？7年5倍不择时，回撤30%左右,全市场选股？7年5倍不择时，回撤30%左右,Jacobb75,https://www.joinquant.com/post/35307,https://www.joinquant.com/view/community/detail/2106b2efafda32d5a7d2b57d889205bc,ok,全市场选股？7年5倍不择时，回撤30%左右,Jacobb75,2021-11-06 23:13:42,1,全市场选股,post,2010-10-24,2022-01-05,500000,day,每天,3,1322.034285,86.652858,27.553974,5.888142,0.21633568141838,1.0170874924985,0.85177955943601,1.0837789637831,1.5103625398791,44.342611,"[""2015-06-15"", ""2015-09-15""]",54.951456,52.035204,2.8640181375074,283,232,6.383111,87.456591639871,1.994836,2727,10256,138,97,208,561,
2024年度精选策略1,2024年度精选策略1/1.差不多得了.txt,差不多得了,差不多得了,wywy1995,https://www.joinquant.com/post/40981,https://www.joinquant.com/view/community/detail/dc3598a5ca7941d0e17052f9872e58a8,ok,差不多得了,wywy1995,2023-02-21 12:59:29,1,v1.4-5,post,2008-11-01,2023-02-15,10000,day,每天,3,1513399.469649,308.72396,99.93615,10.665719,0.90352704655456,0.83763586342004,3.0354836156297,3.9332920479048,3.9421029204157,48.310943,"[""2015-06-26"", ""2015-09-15""]",61.442565,52.116326,4.2929202465638,690,433,4.691038,27.131274131274,6.145826,3473,54452,1281,551,727,2783,
2024年度精选策略1,2024年度精选策略1/10.多因子宽基ETF择时轮动改进版-高收益大资金低回撤.txt,多因子宽基ETF择时轮动改进版-高收益大资金低回撤,多因子宽基ETF择时轮动改进版-高收益大资金低回撤,养家大哥,https://www.joinquant.com/post/41718,https://www.joinquant.com/view/community/detail/d80803c8d14cc5345ca522118c04e377,ok,多因子宽基ETF择时轮动改进版-高收益大资金低回撤,养家大哥,2023-04-02 22:25:33,1,改进版RSRS择时ETF动量轮动策略_V16,post,2018-01-01,2023-04-01,100000,day,每天,3,1630.612449,36.906969,74.974535,6.358231,0.69869891226468,0.46842039663555,3.3380303520522,5.9326300846619,3.0661804253128,13.984562,"[""2022-07-14"", ""2022-10-28""]",59.583333,56.200942,2.3417575515773,143,97,1.281768,183,18.319917,1274,16717,245,155,332,1500,
2024年度精选策略1,2024年度精选策略1/100.全市场归因.txt,全市场归因,,,,,no_source_url,,,,0,,,,,,,,,,,,,,,,,,,,,,,,,,,,,,,,,,
2024年度精选策略1,2024年度精选策略1/11.低价小盘简单有效.txt,低价小盘简单有效,低价小盘简单有效,wywy1995,https://www.joinquant.com/post/39788,https://www.joinquant.com/view/community/detail/daf08c7b1b0520b5238ecf3506cd7d34,ok,低价小盘简单有效,wywy1995,2022-11-11 15:48:55,1,不复权价格低小市值轮动,post,2008-01-01,2022-11-10,25000,day,每天,3,44904.569808,23.083919,52.612801,1.447522,0.50933410903044,0.90915936980204,1.5404995062808,1.934163170967,3.0075749300594,50.236816,"[""2008-03-06"", ""2008-11-04""]",66.802999,54.027124,2.3427559496606,980,487,4.945286,99.256484149856,4.656632,3613,20096,266,176,315,790,
2024年度精选策略1,2024年度精选策略1/12.致敬聚宽机器学习多因子50只持仓14年37倍.txt,致敬聚宽机器学习多因子50只持仓14年37倍,"致敬聚宽: 机器学习多因子,50只持仓,14年37倍",Gyro^.^,https://www.joinquant.com/post/41917,https://www.joinquant.com/view/community/detail/418d320d89d8dcf3fb0cff3c1a7257a5,ok,AI多因子,Gyron,2023-04-12 19:36:37,1,SVR-10,author_reply,2009-01-01,2023-04-01,1234567,day,每天,3,6826.554287,79.747475,35.802737,4.325353,0.31528949341042,0.8415117706699,1.3116392117923,1.6484702479683,1.8884824392571,41.7428,"[""2017-10-10"", ""2018-10-18""]",61.425577,54.737146,1.6775647355977,586,368,5.651518,82.435,2.927855,3462,15138,174,139,324,1026,
2024年度精选策略1,2024年度精选策略1/13.5年15倍的收益，年化79.93%，可实盘，拿走不谢！.txt,年15倍的收益，年化79.93%，可实盘，拿走不谢！,5年15倍的收益，年化79.93%，可实盘，拿走不谢！,langcheng999,https://www.joinquant.com/post/45510,https://www.joinquant.com/view/community/detail/58585f1692b131684e4d1f7964b2a6c2,ok,5年15倍的收益，年化79.93%，可实盘，拿走不谢！,langcheng999,2023-12-14 15:44:53,1,无卖出缓冲池,post,2019-01-01,2023-11-30,100000,day,每天,3,1549.696223,16.127746,79.934315,3.182896,0.76479707498486,0.66747016789334,2.8964837281467,3.8527007337872,3.2358748795433,20.359304,"[""2020-12-02"", ""2021-01-14""]",69.078947,57.250629,5.652603905484,210,94,10.058769,87.455223880597,2.756799,1193,43463,549,405,755,3105,
2024年度精选策略1,2024年度精选策略1/14.四年多翻9倍，年化73%，成长因子评分筛选.txt,四年多翻9倍，年化73%，成长因子评分筛选,四年多翻9倍，年化73%，成长因子评分筛选,wolfman,https://www.joinquant.com/post/42677,https://www.joinquant.com/view/community/detail/0e16e6bd73951b0b4f3557de9ed3e1f5,ok,四年多翻9倍，年化73%，成长因子评分筛选,wolfman,2023-06-02 09:46:29,1,三个成长因子评分筛选,post,2019-01-01,2023-06-01,200000,day,每天,3,968.181948,45.187186,73.825412,9.093377,0.65368240433246,0.87509151238426,2.2882603706317,3.2617089947018,2.6507571167389,29.583826,"[""2020-10-15"", ""2021-01-13""]",66.906475,52.567694,3.8905971390453,93,46,9.682537,56.494252873563,3.066078,1071,7803,131,89,162,674,
2024年度精选策略1,2024年度精选策略1/15.10年52倍，年化59%，全新因子方法超稳定.txt,年52倍，年化59%，全新因子方法超稳定,10年52倍，年化59%，全新因子方法超稳定,小白F,https://www.joinquant.com/post/44699,https://www.joinquant.com/view/community/detail/4cbd2cd2b666ee3b0ce6da8be939055d,ok,10年52倍，年化59%，全新因子方法超稳定,小白F,2023-11-01 11:55:41,1,ARBR,post,2014-10-31,2023-10-31,100000,day,每天,3,5817.293542,10.728013,59.329854,1.170111,0.57489838608984,0.76327527957479,1.7933985330586,2.3917656491674,2.356576695629,32.705223,"[""2020-09-03"", ""2021-01-13""]",66.751269,51.826484,2.533814760387,263,131,3.61825,62.778947368421,6.342492,2190,14454,335,137,232,845,
2024年度精选策略1,2024年度精选策略1/16.大市值价值投资，从2005年至今超额稳定.txt,大市值价值投资，从2005年至今超额稳定,大市值价值投资，从2005年至今超额稳定,Ahfu,https://www.joinquant.com/post/41921,https://www.joinquant.com/view/community/detail/ab6fb75961ead6e3c38dd36aa8d17196,ok,大市值价值投资，从2005年至今超额稳定,Ahfu,2023-04-12 22:46:01,1,价值,post,2013-04-11,2023-04-11,100000,day,每天,3,881.798288,64.975395,26.454433,5.278732,0.21661051895228,0.62044370740197,0.94896361981235,1.2964807233382,1.0104769274398,32.370113,"[""2017-09-20"", ""2019-01-03""]",62.172285,49.856145,2.0633185268174,166,101,5.269431,88.573643410853,2.265022,2433,37489,277,345,763,2456,
2024年度精选策略1,2024年度精选策略1/17.5年超额收益1055%，K线处理大阴线，无未来.txt,年超额收益1055%，K线处理大阴线，无未来,5年超额收益1055%，K线处理大阴线，无未来,hello friends,https://www.joinquant.com/post/41175,https://www.joinquant.com/view/community/detail/d8cf72e46b4b6c0953335486b4c5bb3e,ok,5年超额收益1055%，K线处理大阴线，无未来,hello friends,2023-03-05 14:06:04,1,PEG7个点大阴线,post,2018-01-01,2023-02-18,1000000,day,每天,3,1053.34989,-0.214532,63.461927,-0.04315,0.63060404035536,0.89001801678046,2.0756541127379,2.8793953178756,3.0336397727793,26.251392,"[""2020-09-08"", ""2021-01-13""]",61.776062,52.652733,2.5393567632445,160,99,5.514,37.246575342466,4.326529,1244,8863,196,66,143,751,
2024年度精选策略1,2024年度精选策略1/18.微盘股研究.txt,微盘股研究,微盘股研究,Gyro^.^,https://www.joinquant.com/post/44563,https://www.joinquant.com/view/community/detail/625a5714c1c211ac74396776a2fede30,post_without_backtest,微盘股研究,Gyron,2023-10-24 16:44:35,0,,,,,,,,,,,,,,,,,,,,,,,,,,,,,10537,93,150,246,545,
2024年度精选策略1,2024年度精选策略1/19.高股息低市盈率高增长的价投策略.txt,高股息低市盈率高增长的价投策略,高股息低市盈率高增长的价投策略,芹菜1303,https://www.joinquant.com/post/45552,https://www.joinquant.com/view/community/detail/ef2d8378748d8d2065c71202b2c0031b,ok,高股息低市盈率高增长的价投策略,芹菜1303,2023-12-17 13:33:19,1,高股息-低市盈率长期价值投资策略,post,2013-01-01,2023-01-01,200000,minute,分钟,3,2027.171676,53.45647,36.963612,4.504329,0.32581295407587,0.75806959234233,1.5182599842293,2.0762631762521,2.2533806394737,21.720212,"[""2018-06-06"", ""2018-10-18""]",63.581489,52.674897,2.3676752019455,316,181,7.090482,109.23115577889,2.199427,2430,25699,362,248,483,2036,
2024年度精选策略1,2024年度精选策略1/2.“7年40倍”策略扩容到50只.txt,“7年40倍”策略扩容到50只,“7年40倍”策略扩容到50只,wywy1995,https://www.joinquant.com/post/39960,https://www.joinquant.com/view/community/detail/13e2d998ccf23a883e50b91ae90b9b08,ok,“7年40倍”策略扩容到50只,wywy1995,2022-11-25 04:23:52,1,绩优低价超跌缩量小盘50只,post,2018-01-01,2022-11-23,500000,day,每天,3,548.331218,-2.163236,48.194706,-0.459165,0.48258077178882,0.9112404609213,1.7770245655845,2.1629653839889,3.4253470939592,20.90065,"[""2018-05-22"", ""2018-10-18""]",63.259978,57.070707,2.6426972461151,1696,985,3.863235,79.669410150892,4.693221,1188,32322,301,330,694,1779,
2024年度精选策略1,2024年度精选策略1/20.有赚就好-小市值剥头皮改进 2年3.86%回撤.txt,有赚就好-小市值剥头皮改进 2年3.86%回撤,有赚就好-小市值剥头皮改进 2年3.86%回撤,CMA,https://www.joinquant.com/post/43965,https://www.joinquant.com/view/community/detail/5a6380b995c209f6e12ed09f505c286e,ok,有赚就好-小市值剥头皮改进 2年3.86%回撤,CMA,2023-09-11 15:28:07,1,有赚就好-小市值剥头皮改进,post,2022-01-01,2023-09-10,30000,day,每天,3,101.029035,-17.276314,53.078393,-10.921208,0.51924217175502,0.19072341203276,4.3364046532822,6.8864595288986,3.0985149370349,3.862527,"[""2022-07-13"", ""2022-07-15""]",65.026362,56.585366,3.8933411262167,370,199,1.151171,2.4741379310345,18.610834,410,7698,191,62,127,480,
2024年度精选策略1,2024年度精选策略1/21.一种宏观数据的中长线策略，年化15%，最大回撤9%.txt,一种宏观数据的中长线策略，年化15%，最大回撤9%,一种宏观数据的中长线策略，年化15%，最大回撤9%,Acne Studio,https://www.joinquant.com/post/40154,https://www.joinquant.com/view/community/detail/582e3e434ad3426612b4036e9ac18d31,ok,一种宏观数据的中长线策略，年化15%，最大回撤9%,Acne Studio,2022-12-12 18:31:43,1,宏观经济与股债结合-中长线版,post,2016-01-04,2022-12-09,300000,day,每天,3,165.05758,7.162404,15.53099,1.029782,0.12455387365104,0.3112221526693,1.0536421940242,1.5025469942305,0.88758894596401,9.237838,"[""2018-12-04"", ""2019-01-02""]",90.0,50.533175,226256.87939698,9,1,10.330122,839.5,0.560108,1688,5021,68,82,140,287,
2024年度精选策略1,2024年度精选策略1/22.菜场大妈皇城大妈年化108大妈吉祥.txt,菜场大妈皇城大妈年化108大妈吉祥,菜场大妈！皇城大妈！年化108%！大妈吉祥！,Clarence.罗,https://www.joinquant.com/post/40850,https://www.joinquant.com/view/community/detail/dbcb8113bca428515c31850e4b8b7ac3,ok,菜场大妈！皇城大妈！年化108%！大妈吉祥！,Clarence.罗,2023-02-13 20:33:22,1,菜场大妈-正黄旗大妈-C罗修改版,post,2022-01-01,2023-01-01,100000,day,每天,2,108.775106,-20.313205,113.917643,-20.90912,1.339049814762,0.96299421997059,3.179482880739,4.7003372372658,4.9064262761929,24.931191,"[""2022-09-08"", ""2022-10-28""]",72.058824,56.198347,3.0471207816506,49,19,7.707873,80.666666666667,4.244373,242,9636,103,83,212,491,
2024年度精选策略1,2024年度精选策略1/23.wywy1995大神机器学习策略年化提升35pt.txt,wywy1995大神机器学习策略年化提升35pt,wywy1995大神机器学习策略年化提升35pt,斯科尔斯,https://www.joinquant.com/post/41155,https://www.joinquant.com/view/community/detail/35cc48ca6e4b9f26f490eb0e863600b0,ok,wywy1995大神机器学习策略年化提升35pt,斯科尔斯,2023-03-04 13:52:26,1,03-1-程璐分享,post,2021-01-01,2023-01-01,100000,day,每天,3,239.495258,-25.706879,87.769749,-14.201704,0.91520179973992,0.42580801058225,2.839445787144,4.2680912881728,3.350304541517,26.446625,"[""2022-03-22"", ""2022-04-28""]",64.258555,56.082474,2.8605724054731,169,94,4.897076,61.392405063291,6.099236,485,4432,43,33,76,305,
2024年度精选策略1,2024年度精选策略1/24.凑波热闹，也来试试多因子线性回归.txt,凑波热闹，也来试试多因子线性回归,凑波热闹，也来试试多因子线性回归,Plisking,https://www.joinquant.com/post/42371,https://www.joinquant.com/view/community/detail/e55265d68c0af4165d4f4e4515bd93eb,ok,凑波热闹，也来试试多因子线性回归,Plisking,2023-05-12 21:52:35,1,线性回归多因子 20y share,post,2020-01-01,2023-05-11,100000,day,每天,3,1606.698671,16.834989,139.529295,4.907001,1.3490339696673,0.69007431424131,4.0613919763495,6.3694721697673,4.3623274883222,24.771164,"[""2020-12-15"", ""2021-01-13""]",57.777778,53.448276,4.7134297142328,78,57,5.116507,22.313432835821,8.195311,812,5310,83,42,104,376,
2024年度精选策略1,2024年度精选策略1/25.低价股优化，18年至今10625.40%，已加防未来函数.txt,低价股优化，18年至今10625.40%，已加防未来函数,低价股优化，18年至今10625.40%，已加防未来函数,南国草,https://www.joinquant.com/post/40992,https://www.joinquant.com/view/community/detail/1f029e69ef0ad2d6588cf45b4debe575,ok,低价股优化，18年至今10625.40%，已加防未来函数,南国草,2023-02-21 22:20:31,1,低价股策略-优化,post,2022-01-01,2023-02-20,100000,minute,分钟,3,176.186404,-16.33238,154.399829,-15.116915,1.6102933953647,0.55602644188728,4.9076344453431,6.5384278032795,5.666012232076,13.094219,"[""2023-01-19"", ""2023-01-30""]",57.620818,62.867647,2.1699773092559,155,114,0.545595,30.111111111111,98.758913,272,3929,81,35,51,278,
2024年度精选策略1,2024年度精选策略1/26.【深度解析 六】高股息率-低PEG-低股价 模型.txt,【深度解析 六】高股息率-低PEG-低股价 模型,【深度解析 六】高股息率-低PEG-低股价 模型,加百力,https://www.joinquant.com/post/44487,https://www.joinquant.com/view/community/detail/752511dd550d264e85c4b9e303661fff,ok,【深度解析 六】高股息率-低PEG-低股价 模型,加百力,2023-10-18 12:54:05,1,06-高股息率-2010年至今-发布,post,2010-01-01,2023-10-13,10000000,day,每天,3,2145.338187,2.453519,26.171851,0.181269,0.24329274195811,0.56495807470898,1.1523027963611,1.3283387721713,1.4837684006289,31.119749,"[""2015-06-12"", ""2015-07-08""]",61.424332,55.797968,3.1507567356308,828,520,6.530825,146.97826086957,0.848403,3346,18360,149,109,157,494,
2024年度精选策略1,2024年度精选策略1/27.根据大小盘相对强弱选择合适的板块股票进行交易.txt,根据大小盘相对强弱选择合适的板块股票进行交易,根据大小盘相对强弱选择合适的板块股票进行交易,Jacobb75,https://www.joinquant.com/post/43540,https://www.joinquant.com/view/community/detail/c0e310630c2e607ab56cdf51eccacbf6,ok,根据大小盘相对强弱选择合适的板块股票进行交易,Jacobb75,2023-08-12 22:33:53,1,动量模型切换大小盘板块选股,post,2015-04-30,2023-08-10,5000000,day,每天,3,1017.348199,-8.259345,34.87121,-1.062787,0.35218921075727,0.85875848709561,1.2042851347591,1.5249198956366,2.2049014928747,35.036453,"[""2018-05-10"", ""2019-01-03""]",57.903494,54.040654,2.5790283384517,348,253,9.014256,68.755376344086,1.667687,2017,4184,34,53,123,324,
2024年度精选策略1,2024年度精选策略1/28.正黄旗大妈选股法，修改版，年化92%.txt,正黄旗大妈选股法，修改版，年化92%,正黄旗大妈选股法，修改版，年化92%,oupian,https://www.joinquant.com/post/40139,https://www.joinquant.com/view/community/detail/019c1382b04b66e00af61eec3e17caf3,ok,正黄旗大妈选股法，修改版，年化92%,oupian,2022-12-11 00:53:25,1,正黄旗大妈选股-V3.0-1211,post,2022-01-01,2022-11-30,300000,day,每天,3,92.076465,-16.349838,109.956692,-18.361677,1.2560003930774,0.87843801325033,3.3891700848093,4.8235527830575,5.2747921254331,14.603019,"[""2022-03-07"", ""2022-03-15""]",75.0,57.272727,5.5948187030809,39,13,9.625812,78.571428571429,3.23414,220,7370,85,39,65,380,
2024年度精选策略1,2024年度精选策略1/29.高增股池小市值轮动.txt,高增股池小市值轮动,高增股池小市值轮动,倚A听风雨,https://www.joinquant.com/post/45110,https://www.joinquant.com/view/community/detail/ac51f2edd1c06889633f21113faa2869,ok,高增股池小市值轮动,倚A听风雨,2023-11-24 11:22:14,1,高增小市值1.4实盘,post,2011-01-03,2023-11-22,100000,day,每天,3,6560.998083,13.303242,39.816072,1.001934,0.38236928540868,0.80747265524865,1.3464286311812,1.6821314096509,1.9032828168635,39.435491,"[""2015-06-12"", ""2015-09-15""]",62.131837,55.87484,2.8480864564807,886,540,3.464994,48.104906937394,4.489434,3132,4720,155,62,89,384,
2024年度精选策略1,2024年度精选策略1/3.【回顾3】ETF策略之核心资产轮动.txt,【回顾3】ETF策略之核心资产轮动,【回顾3】ETF策略之核心资产轮动,wywy1995,https://www.joinquant.com/post/42673,https://www.joinquant.com/view/community/detail/1b1aea4e33780bb81e2883e1ca0e0e69,ok,【回顾3】ETF策略之核心资产轮动,wywy1995,2023-06-01 18:13:37,1,最高评分核心资产轮动-Clone,post,2014-01-01,2023-06-09,100000,day,每天,3,1695.179316,64.663116,36.92858,5.578097,0.32073644261596,0.54175133769811,1.337019315484,1.7778187738977,1.3189815887754,30.612221,"[""2020-02-13"", ""2020-03-17""]",55.147059,52.677405,2.8744195611636,75,61,2.348939,574.25,5.873861,2297,76332,336,621,1104,3752,
2024年度精选策略1,2024年度精选策略1/30.挖掘中国特色的估值体系投资机会，年化150%+.txt,挖掘中国特色的估值体系投资机会，年化150%+,挖掘中国特色的估值体系投资机会，年化150%+,子匀,https://www.joinquant.com/post/41763,https://www.joinquant.com/view/community/detail/9c6896590913d41130aefebc1cffd8b3,ok,挖掘中国特色的估值体系投资机会，年化150%+,子匀,2023-04-05 09:57:12,1,中国特色估值体系,post,2022-11-14,2023-04-04,500000,day,每天,3,54.718565,8.306057,211.601884,23.095316,1.9195665916728,0.81932263638772,8.8203333986075,18.306708433879,9.1168341575233,5.812348,"[""2023-03-23"", ""2023-03-29""]",75.0,65.625,10.22134926609,6,2,15.933165,42.125,2.854588,96,4655,96,48,73,334,
2024年度精选策略1,2024年度精选策略1/31.动量因子加RSRS择时和ETF轮动每日调仓.txt,动量因子加RSRS择时和ETF轮动每日调仓,动量因子加RSRS择时和ETF轮动每日调仓,wentaogg,https://www.joinquant.com/post/42949,https://www.joinquant.com/view/community/detail/88227d6b86e91333484a8a9a49dc18ef,ok,动量因子加RSRS择时和ETF轮动每日调仓,wentaogg,2023-06-19 22:45:54,1,动量因子加RSRS择时和ETF轮动每日调仓,post,2019-01-01,2023-05-31,100000,day,每天,3,325.763546,26.170096,40.28201,5.58153,0.35308964181538,0.61525595507651,1.551779706467,2.0977440985505,1.6253273405999,28.615009,"[""2020-02-13"", ""2020-03-16""]",64.102564,52.523364,3.2540507505727,50,28,2.005172,234.75,7.394748,1070,5399,74,43,106,322,
2024年度精选策略1,2024年度精选策略1/32.非线性市值（非小市值）组合4只.txt,非线性市值（非小市值）组合4只,非线性市值（非小市值）组合4只,璐璐202006,https://www.joinquant.com/post/42211,https://www.joinquant.com/view/community/detail/f43482ae9dc4f2d07709b125e5d70a8e,ok,非线性市值（非小市值）组合4只,璐璐202006,2023-05-03 21:04:30,1,非线性市值(非小市值)绩优股4只,post,2018-01-01,2023-05-03,100000,day,每天,3,353.598825,-0.043663,33.957406,-0.008444,0.32788971391438,0.70640021629296,1.0970786510293,1.5859098104385,1.4145525446538,24.591988,"[""2020-08-25"", ""2021-01-14""]",64.40678,51.276102,2.9574067773942,76,42,8.431247,49.730769230769,2.115341,1293,3216,42,43,62,248,
2024年度精选策略1,2024年度精选策略1/33.年化46.77，alpha191因子选股.txt,年化46.77，alpha191因子选股,年化46.77，alpha191因子选股,小白F,https://www.joinquant.com/post/44491,https://www.joinquant.com/view/community/detail/1218611063b54f9455453935e8e1d60f,ok,年化46.77，alpha191因子选股,小白F,2023-10-18 16:04:05,1,alpha191因子自适应选股,post,2021-09-16,2023-10-17,100000,day,每天,3,115.756382,-25.227846,46.773797,-13.504014,0.50248676574483,0.42703804199345,1.809565167637,2.7985700908369,2.4583251578218,12.923992,"[""2022-08-12"", ""2022-10-10""]",74.418605,54.690619,4.703970235686,32,11,5.70907,37.178571428571,2.796013,501,4463,79,40,86,414,
2024年度精选策略1,2024年度精选策略1/34.韶华研究之十八，201系列.txt,韶华研究之十八，201系列,韶华研究之十八，201系列,韶华不负,https://www.joinquant.com/post/44907,https://www.joinquant.com/view/community/detail/accd0dd0ee090759384b782d3395e58c,ok,韶华研究之十八，201系列,韶华不负,2023-11-13 07:33:43,1,b-首板低开-买20D5V-bp,post,2020-01-01,2023-08-31,100000,minute,分钟,3,423.172381,1.124076,59.171944,0.314484,0.55891747819653,0.19530620967206,2.2577893560884,4.1064352419036,2.1225717221151,24.533363,"[""2020-04-30"", ""2021-02-05""]",58.456973,52.808989,2.1352060536002,197,140,1.756062,1.1942675159236,13.68564,890,3884,49,58,81,371,
2024年度精选策略1,2024年度精选策略1/35.5年12倍-小市值.txt,年12倍-小市值,5年12倍-小市值,道尘,https://www.joinquant.com/post/44880,https://www.joinquant.com/view/community/detail/b3f57c86caac8afd08bf3769f4c82596,ok,5年12倍-小市值,道尘,2023-11-11 09:59:30,1,V5.0-市场轮动版,post,2018-11-11,2023-11-10,500000,day,每天,3,1282.583661,27.57147,71.752673,5.142407,0.66675534125841,0.94286776095255,2.5004162266047,3.4810615469211,3.5308315300659,25.156565,"[""2020-09-08"", ""2021-02-08""]",58.516484,53.459638,2.1801380076729,426,302,3.686177,36.822916666667,7.034918,1214,4161,124,37,57,338,
2024年度精选策略1,"2024年度精选策略1/36.【菜场大妈】股息率小市值策略,10年206倍,5年10.8倍.txt","【菜场大妈】股息率小市值策略,10年206倍,5年10.8倍","【菜场大妈】股息率小市值策略,10年206倍,5年10.8倍",120022,https://www.joinquant.com/post/45261,https://www.joinquant.com/view/community/detail/3096299624b145d89e8334cd1a194f22,ok,"【菜场大妈】股息率小市值策略,10年206倍,5年10.8倍",120022,2023-11-30 19:25:32,1,10年收益206倍,post,2013-06-01,2023-11-26,100000,day,每天,3,20680.873412,45.016948,68.706909,3.709649,0.64943339706845,0.81429223364248,2.3190899271989,3.090055185816,3.2918471548969,34.871735,"[""2015-06-12"", ""2015-07-08""]",70.125786,52.52842,5.6971778109059,223,95,9.599147,67.462427745665,2.702508,2551,8031,169,76,118,453,
2024年度精选策略1,2024年度精选策略1/37.【择时模块实际效果】--论坛随便选了个策略加装.txt,【择时模块实际效果】--论坛随便选了个策略加装,【择时模块实际效果】--论坛随便选了个策略加装,一只皮卡丘,https://www.joinquant.com/post/40237,https://www.joinquant.com/view/community/detail/ae708dd3f8a457c3c4de3e45ae425b94,ok,【择时模块实际效果】--论坛随便选了个策略加装,一只皮卡丘,2022-12-20 12:48:12,1,ROA8Y-REPS-NLS-HL-W1-择时,post,2018-01-01,2022-11-30,100000,day,每天,3,416.088219,-1.514521,41.044253,-0.319294,0.38754373743778,0.39592601601396,2.0100505692838,2.9043797453437,1.9611690116858,13.632763,"[""2020-10-29"", ""2021-01-13""]",51.377246,51.550712,1.9106855996932,1287,1218,1.110516,35.975609756098,17.456025,1193,4339,51,43,119,252,
2024年度精选策略1,2024年度精选策略1/38.ETF核心资产轮动-添油加醋.txt,ETF核心资产轮动-添油加醋,ETF核心资产轮动-添油加醋,hayy,https://www.joinquant.com/post/44046,https://www.joinquant.com/view/community/detail/23696793bd901970f0d2b375a2d92440,ok,ETF核心资产轮动-添油加醋,hayy,2023-09-17 13:26:48,1,最高评分核心资产轮动-添油加醋,post,2015-09-10,2023-09-10,100000,day,每天,3,952.904039,288.171312,35.293662,19.023353,0.24723253101875,0.43734634477871,1.4559950767017,1.9713964487249,0.7117352062754,22.863216,"[""2020-02-13"", ""2020-02-28""]",55.970149,51.309707,3.4079833405038,75,59,1.951498,464,6.325229,1947,7828,75,83,167,429,
2024年度精选策略1,2024年度精选策略1/39.大资金优质股策略，总收益1217%！无小市值因子！.txt,大资金优质股策略，总收益1217%！无小市值因子！,大资金优质股策略，总收益1217%！无小市值因子！,hello friends,https://www.joinquant.com/post/42029,https://www.joinquant.com/view/community/detail/ea1038402975702ffe9d6aa5ac897d54,ok,大资金基本面策略，总收益1217%！无小市值因子！,hello friends,2023-04-19 11:40:30,1,分享自由组合因子策略强基本面,post,2012-01-01,2023-04-18,10000000,day,每天,3,1217.109694,97.437538,26.486321,6.396119,0.20565320485546,0.80171331178013,0.8412400374815,1.1207634648429,1.1019699643537,34.459843,"[""2015-06-17"", ""2015-07-08""]",57.808858,48.049581,1.6945969725136,248,181,5.733301,80,2.010054,2743,5796,79,47,124,536,
2024年度精选策略1,2024年度精选策略1/4.首板低开策略.txt,首板低开策略,首板低开策略,wywy1995,https://www.joinquant.com/post/44901,https://www.joinquant.com/view/community/detail/b133e450a3438f71c78bc70c7da76d42,ok,首板低开策略,wywy1995,2023-11-12 21:28:03,1,涨停后低开(最优),post,2016-01-01,2023-11-11,200000,day,每天,3,2056.614057,-3.873482,49.478091,-0.515746,0.4605057215034,0.12677438526468,1.5180091541307,2.7599309979536,1.461274832109,19.91623,"[""2021-01-21"", ""2021-02-01""]",61.983471,49.947644,2.3182977607368,150,92,2.353663,1.1341991341991,9.500141,1910,65495,764,558,820,3891,
2024年度精选策略1,2024年度精选策略1/40.14年初到23年7月，年化37，夏普1.25，稳健高收益！.txt,年初到23年7月，年化37，夏普1.25，稳健高收益！,14年初到23年7月，年化37，夏普1.25，稳健高收益！,侧耳闻鹿鸣,https://www.joinquant.com/post/43194,https://www.joinquant.com/view/community/detail/26c5f388627934db4f85e949f9eb18e0,ok,14年初到23年7月，年化37，夏普1.25，稳健高收益！,侧耳闻鹿鸣,2023-07-12 12:40:50,1,pb100profit50顺接改善版,post,2014-01-01,2025-08-10,10000000,day,每天,3,3213.022939,72.06168,36.356597,4.925048,0.31544777163359,0.87759767530473,1.2285850569616,1.6031067801684,1.5970977187853,35.614425,"[""2015-06-15"", ""2015-09-15""]",56.32716,53.68533,2.0535277555808,730,566,6.617859,72.620822622108,2.285523,2822,4296,110,53,73,278,
2024年度精选策略1,2024年度精选策略1/41.人工智能强化学习DQN交易智能体（回馈社区公开训练代码）.txt,人工智能强化学习DQN交易智能体（回馈社区公开训练代码）,人工智能强化学习DQN交易智能体（回馈社区公开训练代码）,MarioC,https://www.joinquant.com/post/44758,https://www.joinquant.com/view/community/detail/805b669d7879b8ca1c784ce6b053617c,ok,人工智能强化学习DQN交易智能体（回馈社区公开训练代码）,MarioC,2023-11-04 15:16:24,1,DQN交易智能体-V1.0,post,2018-01-01,2022-11-01,10000,day,每天,3,155.321042,-24.148657,22.133803,-5.725357,0.19823036104888,0.17369367717784,0.99675462075737,1.9462226290002,0.71827615124541,19.469094,"[""2022-03-10"", ""2022-06-20""]",61.403509,48.37884,2.1586219095782,70,44,1.689824,125,7.95989,1172,12012,110,123,247,411,
2024年度精选策略1,2024年度精选策略1/42.大盘ETF动量轮动RSRS择时策略-无纳指（5年半861%）.txt,大盘ETF动量轮动RSRS择时策略-无纳指（5年半861%）,大盘ETF动量轮动RSRS择时策略-无纳指（5年半861%）,Gerald3,https://www.joinquant.com/post/43375,https://www.joinquant.com/view/community/detail/db5cea2868f62b99173223072d8979b8,ok,大盘ETF动量轮动RSRS择时策略-无纳指（5年半861%）,Gerald3,2023-07-29 20:44:09,1,大盘ETF动量轮动RSRS择时策略-无纳指-更新,post,2023-01-01,2026-03-19,1000000,day,每天,3,-8.156419,41.006716,-2.707299,11.722815,-0.093683079312735,0.34456463356525,-0.39158491043912,-0.61927271538062,-0.60537454783033,26.505082,"[""2023-03-13"", ""2024-09-04""]",37.5,52.129032,0.94799623051139,57,95,7.9e-05,133,19.36695,775,6985,92,82,177,496,
2024年度精选策略1,2024年度精选策略1/43.ETF轮动：年化收益82.68%，最大回撤13.54%.txt,ETF轮动：年化收益82.68%，最大回撤13.54%,ETF轮动：年化收益82.68%，最大回撤13.54%,小武子,https://www.joinquant.com/post/43083,https://www.joinquant.com/view/community/detail/693d84fdb57c5f3985f4d98dc4353ac0,post_without_backtest,删除,小武子,2023-07-01 01:30:16,0,,,,,,,,,,,,,,,,,,,,,,,,,,,,,5895,94,58,91,349,
2024年度精选策略1,2024年度精选策略1/44.分享一个兼顾业绩增长和PEG指标的股票策略.txt,分享一个兼顾业绩增长和PEG指标的股票策略,分享一个兼顾业绩增长和PEG指标的股票策略,芹菜1303,https://www.joinquant.com/post/42593,https://www.joinquant.com/view/community/detail/88ad2930e1414ec14ac97af0ea8ab8dc,ok,分享一个兼顾业绩增长和PEG指标的股票策略,芹菜1303,2023-05-28 22:47:38,1,PEG-利润增长-技术面-5因子策略,post,2019-01-01,2023-05-27,400000,day,每天,3,570.810243,58.226771,56.197392,11.350367,0.47540964152087,0.63349600175223,2.2189170969877,3.125274419775,2.1700909859148,16.513346,"[""2020-12-08"", ""2021-02-08""]",63.543192,52.858482,2.0078182686796,434,249,1.355507,17.366336633663,15.729936,1067,3407,28,39,81,340,
2024年度精选策略1,"2024年度精选策略1/45.[原创]价值投资+期货对冲V4.0,无惧市场大跌.txt","[原创]价值投资+期货对冲V4.0,无惧市场大跌","[原创]价值投资+期货对冲V4.0,无惧市场大跌",Eddie79163,https://www.joinquant.com/post/42256,https://www.joinquant.com/view/community/detail/e52a383805ccb7ecd29d3ece5e391c91,ok,"[原创]价值投资+期货对冲V4.0,无惧市场大跌",Eddie79163,2023-05-07 16:05:42,1,原创-价值投资-期货对冲0516,post,2019-01-01,2023-05-06,10000000,day,每天,3,797.454613,48.764887,68.45207,9.898926,0.62025394202577,0.41137590974336,2.0633362108473,3.1529844111022,1.8018990836809,26.22388,"[""2019-09-09"", ""2019-11-29""]",51.320755,53.326996,2.2510139114477,136,129,-96.841025,72.481012658228,32.530245,1052,2626,34,36,76,215,
2024年度精选策略1,2024年度精选策略1/46.【深度解析 四】聚宽三因子基本面 模型.txt,【深度解析 四】聚宽三因子基本面 模型,【深度解析 四】聚宽三因子基本面 模型,加百力,https://www.joinquant.com/post/44409,https://www.joinquant.com/view/community/detail/e784315916b46eeba14e467b493cc71c,ok,【深度解析 四】聚宽三因子基本面 模型,加百力,2023-10-11 19:26:18,1,04-催命符-周线-10股-2010年至今-发布版,post,2010-01-01,2023-09-29,10000000,day,每天,3,1854.91208,26.877149,24.91435,1.797231,0.22068736210979,0.52406110914924,1.1321113416107,1.3833073949322,1.3107615988087,32.338134,"[""2015-06-25"", ""2015-07-08""]",56.777494,51.601317,2.5323823102122,888,676,2.619534,78.33417721519,1.187527,3341,12980,115,67,89,255,
2024年度精选策略1,2024年度精选策略1/47.随机森林量价多因子选股 短线交易.txt,随机森林量价多因子选股 短线交易,随机森林量价多因子选股 短线交易,随云浪,https://www.joinquant.com/post/43051,https://www.joinquant.com/view/community/detail/39640d293ea591a7966d30542519fb93,ok,随机森林量价多因子选股 短线交易,随云浪,2023-06-28 17:27:13,1,随机森林选股top5,post,2022-12-30,2023-06-21,2000000,day,每天,3,32.877946,0.190059,86.521998,0.417268,0.86580695455996,1.132850001541,3.3972207187109,6.0624368562876,4.5027401222186,12.694305,"[""2023-04-20"", ""2023-05-12""]",51.759834,56.140351,1.6065778612162,250,233,0.6972,2.9225806451613,37.408093,114,3939,34,47,110,174,
2024年度精选策略1,2024年度精选策略1/48.低代码迁移成本的实盘方案jqtrade+one quant.txt,低代码迁移成本的实盘方案jqtrade+one quant,低代码迁移成本的实盘方案:jqtrade+one quant,拉姆达投资,https://www.joinquant.com/post/45671,,error,,,,0,,,,,,,,,,,,,,,,,,,,,,,,,,,,,,,,,,接口错误 code=20000 msg=系统异常，请稍后重试
2024年度精选策略1,2024年度精选策略1/49.年化62%的动量策略.txt,年化62%的动量策略,年化62%的动量策略,逸_,https://www.joinquant.com/post/39838,https://www.joinquant.com/view/community/detail/c231ee8832623f9932650997cc577e5b,ok,年化62%的动量策略,逸_,2022-11-15 15:08:50,1,动量策略-90天,post,2021-01-01,2022-11-14,1000000,day,每天,3,139.669123,-27.196145,62.340914,-16.133427,0.75628475827796,0.8586497642595,1.6583178245916,2.6262312985067,2.5336121314854,29.955128,"[""2021-12-10"", ""2022-04-26""]",56.152125,56.31929,1.6061558289076,502,392,1.162822,11.459390862944,21.820996,451,3965,127,40,65,236,
2024年度精选策略1,2024年度精选策略1/5.尝试用机器学习批量生产小盘策略.txt,尝试用机器学习批量生产小盘策略,尝试用机器学习批量生产小盘策略,wywy1995,https://www.joinquant.com/post/40346,https://www.joinquant.com/view/community/detail/30684f8d65a74eef0d704239f0eec8be,ok,尝试用机器学习批量生产小盘策略,wywy1995,2023-01-04 19:09:08,1,PNF-TPtCR-ITR_pub_ver,post,2018-01-01,2022-12-31,200000,day,每天,3,1281.746323,2.207046,71.654832,0.450196,0.71206115464467,1.000416918832,2.2436986754068,3.2028531268681,3.9497105965803,26.50307,"[""2020-09-08"", ""2021-01-13""]",62.893082,56.049383,2.9827646985578,300,177,6.079109,70.754601226994,4.249998,1215,42921,815,526,748,1221,
2024年度精选策略1,2024年度精选策略1/50.新策略，一种新思路，超额376%！.txt,新策略，一种新思路，超额376%！,新策略，一种新思路，超额376%！,hello friends,https://www.joinquant.com/post/40560,https://www.joinquant.com/view/community/detail/6a2036277903cb5ecacbc612cb67d0b3,ok,新策略，一种新思路，超额376%！,hello friends,2023-01-28 23:42:15,1,新策略459回撤39,post,2015-01-01,2023-01-27,1000000,day,每天,3,459.523148,17.448255,24.547873,2.071491,0.21927446206614,0.71535728788275,0.84507769353397,1.001611119816,1.3173836386167,39.106043,"[""2017-09-14"", ""2018-10-18""]",55.585831,49.770525,1.801031691867,204,163,4.31906,46.283333333333,2.388082,1961,4922,92,45,61,248,
2024年度精选策略1,2024年度精选策略1/51.【复现】行业有效量价因子与行业轮动策略.txt,【复现】行业有效量价因子与行业轮动策略,,,,,no_source_url,,,,0,,,,,,,,,,,,,,,,,,,,,,,,,,,,,,,,,,
2024年度精选策略1,2024年度精选策略1/52.增强型投资组合优化（EPO）方法试用.txt,增强型投资组合优化（EPO）方法试用,增强型投资组合优化（EPO）方法试用,开心果,https://www.joinquant.com/post/43949,https://www.joinquant.com/view/community/detail/dcd08e4d7848f5d84afdd1c6afc1a2b7,ok,增强型投资组合优化（EPO）方法试用,开心果,2023-09-11 08:58:40,1,EPO,post,2014-01-01,2023-09-13,100000,day,每天,3,216.559594,60.36918,12.965817,5.123866,0.086595177219307,0.27254044612042,0.89343785683133,1.2123393653184,0.43578552909151,13.463924,"[""2015-06-12"", ""2015-07-08""]",98.837209,51.121456,527.71991513948,170,2,56.680636,2363,0.083184,2363,7617,42,81,176,449,
2024年度精选策略1,2024年度精选策略1/53.微盘400每日再平衡.txt,微盘400每日再平衡,微盘400每日再平衡,开心果,https://www.joinquant.com/post/44853,https://www.joinquant.com/view/community/detail/84afb0f9273f570b652a393f03a8817f,ok,微盘400每日再平衡,开心果,2023-11-09 15:24:33,1,small400,post,2023-01-01,2023-11-08,10000000,day,每天,3,37.6767,2.091528,47.686911,2.556468,0.45030550097023,0.93079927534797,2.4498856027181,4.2810506753725,4.4522834618503,11.90142,"[""2023-03-09"", ""2023-04-25""]",71.376253,58.536585,9.4219193095072,3703,1485,6.524581,119.72886297376,2.812595,205,3988,19,37,53,314,
2024年度精选策略1,2024年度精选策略1/54.追市场热点策略.txt,追市场热点策略,追市场热点策略,养家大哥,https://www.joinquant.com/post/42186,https://www.joinquant.com/view/community/detail/9c5cc9dd4d0617733532d9d8b10d2eee,ok,追市场热点策略,养家大哥,2023-05-01 08:12:27,1,追热点V1,post,2023-04-01,2023-04-28,100000,day,每天,3,27.484381,-0.539135,2341.135195,-6.865993,23.276062064178,-0.87695514509298,40.390716620497,81.368321163779,37.929805613279,6.799744,"[""2023-04-12"", ""2023-04-19""]",56.0,57.894737,2.3968991438714,14,11,3.162412,2.8125,45.815306,19,3866,54,32,61,278,
2024年度精选策略1,2024年度精选策略1/55.Ahfu的大市值价值投资加自定义邮箱推送.txt,Ahfu的大市值价值投资加自定义邮箱推送,Ahfu的大市值价值投资加自定义邮箱推送,不如定投纳指,https://www.joinquant.com/post/43159,https://www.joinquant.com/view/community/detail/907cceb8079f1a8a6206fe0a1911fc54,post_without_backtest,想玩大鱼吃小鱼了,不如定投纳指,2023-07-08 21:33:21,0,,,,,,,,,,,,,,,,,,,,,,,,,,,,,2245,31,40,65,144,
2024年度精选策略1,2024年度精选策略1/56.双人工智能配合，样本外夏普3.9.txt,双人工智能配合，样本外夏普3.9,双人工智能配合，样本外夏普3.9,MarioC,https://www.joinquant.com/post/44982,https://www.joinquant.com/view/community/detail/2c45d5193f5ccfb362b213962a0bdc90,post_without_backtest,-,MarioC,2023-11-17 10:34:26,0,,,,,,,,,,,,,,,,,,,,,,,,,,,,,2949,143,42,73,124,
2024年度精选策略1,2024年度精选策略1/57.【复现】技术分析算法、框架与实战之二：识别“圆弧底”.txt,【复现】技术分析算法、框架与实战之二：识别“圆弧底”,,,,,no_source_url,,,,0,,,,,,,,,,,,,,,,,,,,,,,,,,,,,,,,,,
2024年度精选策略1,"2024年度精选策略1/58.融券做空,3年35倍多！已模拟2年半，动态跑盘收益惊人！.txt","融券做空,3年35倍多！已模拟2年半，动态跑盘收益惊人！","融券做空,3年35倍多！已模拟2年半，动态跑盘收益惊人！",naruto,https://www.joinquant.com/post/41913,https://www.joinquant.com/view/community/detail/bc841918244581ae67593c335c30f50a,ok,"融券做空,3年35倍多！已模拟2年半，动态跑盘收益惊人！",naruto,2023-04-12 16:23:02,1,融资融券-前一日尾盘做空隔日开盘平3,post,2020-01-01,2023-04-11,1000000,day,每天,3,3502.144117,0.087146,209.541677,0.027465,2.0508010500204,-0.11619082305171,6.6529769083488,10.701386414401,5.4992766213812,18.806075,"[""2021-08-20"", ""2022-01-18""]",65.935484,56.998739,2.2314469704477,511,264,2.039554,1.7593818984547,24.081193,793,2744,41,34,66,261,
2024年度精选策略1,2024年度精选策略1/59.基于Gyro^.^大神的小市值策略的因子匹配研究.txt,基于Gyro^.^大神的小市值策略的因子匹配研究,基于Gyro^.^大神的小市值策略的因子匹配研究,热情的刀,https://www.joinquant.com/post/45272,https://www.joinquant.com/view/community/detail/eac946e1dd6819cfb9419dda6b76fdf9,ok,基于Gyro^.^大神的小市值策略的因子匹配研究,热情的刀,2023-12-01 09:49:04,1,小市值研究--因子测试,post,2023-01-01,2023-11-03,1000000,day,每天,3,68.752368,-7.425555,91.095229,-9.107382,0.9392834877178,0.52131840657924,3.8311259527915,7.9960196870927,4.4421732458139,12.182003,"[""2023-03-24"", ""2023-04-25""]",85.714286,57.920792,30.686806125239,24,4,9.891645,38.615384615385,3.054452,202,4711,87,55,83,292,
2024年度精选策略1,2024年度精选策略1/6.高股息低杠杆小市值轮动策略.txt,高股息低杠杆小市值轮动策略,高股息低杠杆小市值轮动策略,wywy1995,https://www.joinquant.com/post/39774,https://www.joinquant.com/view/community/detail/5bf34a132919716ea77eb2e7daa4ba21,ok,高股息低杠杆小市值轮动策略,wywy1995,2022-11-09 23:23:36,1,DR-TV-LEV-W1,post,2008-01-01,2022-11-08,25000,day,每天,3,29130.122372,23.984558,48.155099,1.499548,0.46514301533216,0.94351036081828,1.3451745209174,1.6918384939658,2.6440720612405,57.848598,"[""2008-01-18"", ""2008-10-27""]",64.513491,54.306286,2.8443034554506,789,434,5.747446,100.80403458213,3.444124,3611,23055,267,259,433,1429,
2024年度精选策略1,2024年度精选策略1/60.【深度解析 二】资产负债与ROA模型.txt,【深度解析 二】资产负债与ROA模型,【深度解析 二】资产负债与ROA模型,加百力,https://www.joinquant.com/post/44328,https://www.joinquant.com/view/community/detail/55955b41d5a1d8b9ea4ae28e2c97c1e7,ok,【深度解析 二】资产负债与ROA模型,加百力,2023-10-05 18:47:33,1,资产负债与ROA-5股-2010年至今,post,2010-01-01,2023-09-29,10000000,day,每天,3,1758.669919,3.18373,24.443362,0.234793,0.23721158804495,0.87054899880568,0.73625455814918,0.9959718500672,1.1971117254787,45.820598,"[""2015-06-15"", ""2016-02-29""]",52.229299,52.888357,2.2597610867141,164,150,5.985082,88.174603174603,1.779871,3341,11890,81,56,76,211,
2024年度精选策略1,2024年度精选策略1/61.聚类算法分析股票，看看今年大体能分出哪几类.txt,聚类算法分析股票，看看今年大体能分出哪几类,,,,,no_source_url,,,,0,,,,,,,,,,,,,,,,,,,,,,,,,,,,,,,,,,
2024年度精选策略1,2024年度精选策略1/62.分享一种K线小碎步后突破的分钟级打法.txt,分享一种K线小碎步后突破的分钟级打法,分享一种K线小碎步后突破的分钟级打法,画家,https://www.joinquant.com/post/45425,https://www.joinquant.com/view/community/detail/34c6c15b047d55e7da6a70f3ceb4748d,ok,分享一种K线小碎步后突破的分钟级打法,画家,2023-12-08 21:02:51,1,突破,post,2023-01-01,2023-12-06,100000,minute,分钟,3,92.80953,-12.192022,107.400328,-13.451415,1.0443944346753,0.059543330355411,4.9139291901063,9.1002202287873,4.9265406378786,12.625848,"[""2023-08-02"", ""2023-10-23""]",54.166667,59.555556,4.488636108932,26,22,5.385129,10.82,4.621918,225,4564,77,68,110,401,
2024年度精选策略1,2024年度精选策略1/63.怎么让龟速变奔跑？以“首版突破一进二”为例.txt,怎么让龟速变奔跑？以“首版突破一进二”为例,怎么让龟速变奔跑？以“首版突破一进二”为例,jqz1226,https://www.joinquant.com/post/45733,https://www.joinquant.com/view/community/detail/002488c5cef3f9716dd03a0a1f3f6d32,ok,怎么让龟速变奔跑？以“首版突破一进二”为例,jqz1226 ZUEL,2023-12-29 13:02:46,1,首版突破一进二(改),post,2023-08-01,2023-12-28,2000000,minute,分钟,3,19.855473,-14.947572,55.879463,-32.754454,0.45560111281179,-0.17193429622459,3.2232036969592,5.0496968217162,4.0365812614453,7.892855,"[""2023-08-01"", ""2023-10-12""]",42.014742,66.666667,1.2099571975094,342,472,0.615263,2.1283095723014,40.120466,102,6623,44,96,121,292,
2024年度精选策略1,2024年度精选策略1/64.基于XGBoost6m滚动选股策略.txt,基于XGBoost6m滚动选股策略,基于XGBoost_6m滚动选股策略,雨汪,https://www.joinquant.com/post/42706,https://www.joinquant.com/view/community/detail/a0174c41e053debf645d68b0e295c95c,ok,基于XGBoost_6m滚动选股策略,雨汪,2023-06-03 19:53:42,1,DIY-xgb6m滚动选股-全A-小市值-开板止盈-10只,post,2021-11-01,2023-05-31,100000,day,每天,3,39.164474,-13.879672,23.936791,-9.247034,0.30663280451491,0.80972760189794,0.94538558958743,1.2513546355516,2.2012379778925,21.185392,"[""2022-01-19"", ""2022-04-28""]",58.273381,52.727273,1.7350479326255,81,58,2.551574,35.825242718447,3.419432,385,3577,57,37,93,257,
2024年度精选策略1,2024年度精选策略1/65.低开买入小市值策略（剥头皮策略）3.0 总结.txt,低开买入小市值策略（剥头皮策略）3.0 总结,低开买入小市值策略（剥头皮策略）3.0 总结,langcheng999,https://www.joinquant.com/post/45324,https://www.joinquant.com/view/community/detail/466a4c2a85f81b15b3f9eaefc3842fbb,ok,低开买入小市值策略（剥头皮策略）3.0 总结,langcheng999,2023-12-04 15:35:52,1,5只2019年有创业板-平均仓,post,2019-01-01,2023-12-01,100000,day,每天,3,954.770382,58.451269,63.768,10.11696,0.57760253147342,0.3282263329981,3.1143193849066,5.0345948431264,2.2945266792265,14.073403,"[""2020-09-04"", ""2020-10-15""]",59.094755,53.60134,2.1272807595057,1397,967,0.688822,3.3578500707214,34.373675,1194,6922,108,42,135,445,
2024年度精选策略1,2024年度精选策略1/66.SVR机器学习上证综指择时中小板财务选股策略.txt,SVR机器学习上证综指择时中小板财务选股策略,SVR机器学习上证综指择时中小板财务选股策略,快乐一生,https://www.joinquant.com/post/45845,https://www.joinquant.com/view/community/detail/de2de22f0fdefaeea50facbc99239da2,ok,SVR机器学习上证综指择时中小板财务选股策略,快乐一生,2024-01-03 23:57:04,1,SVR机器学习上证综指择时中小板财务选股策略19,post,2019-01-01,2024-01-01,200000,day,每天,3,608.349571,13.965755,49.655328,2.728653,0.46017286706703,0.28470516281396,2.6374632760337,4.028273774876,2.1911528101322,12.947013,"[""2022-01-13"", ""2022-01-27""]",55.670996,53.706755,2.5210631951308,643,512,1.902657,65.842975206612,9.612114,1214,3714,97,32,69,335,
2024年度精选策略1,2024年度精选策略1/68.业绩预告小工具--已更新.txt,业绩预告小工具--已更新,,,,,no_source_url,,,,0,,,,,,,,,,,,,,,,,,,,,,,,,,,,,,,,,,
2024年度精选策略1,2024年度精选策略1/69.人工智能早晨十字星模型反转形态预测.txt,人工智能早晨十字星模型反转形态预测,人工智能早晨十字星模型（反转形态预测）,MarioC,https://www.joinquant.com/post/44949,https://www.joinquant.com/view/community/detail/883878aea4398bf0465280b73c4f062d,ok,-,MarioC,2023-11-15 18:34:27,1,早晨十字星,author_reply,2023-07-01,2024-02-27,10000000,day,每天,3,13.246547,-12.298632,21.603177,-18.644416,0.41726103937853,1.0652925520924,0.64170579193924,1.1581759129878,1.9859987576471,13.638067,"[""2023-07-14"", ""2023-08-25""]",54.545455,54.716981,1.1929967104255,12,10,0.70958,19.375,4.849544,159,3004,89,54,61,121,
2024年度精选策略1,2024年度精选策略1/7.连板龙头策略.txt,连板龙头策略,连板龙头策略,wywy1995,https://www.joinquant.com/post/44926,https://www.joinquant.com/view/community/detail/5a3d4ddd5df593a8bbd957cb7052e686,ok,连板龙头策略,wywy1995,2023-11-14 02:26:27,1,龙头(打板指数),post,2005-02-01,2023-11-12,100000,minute,分钟,3,2562.279684,257.415915,19.707614,7.231126,0.15170185105423,0.16632877701079,0.5984416893059,0.84060271284275,0.37117387541515,50.080546,"[""2021-01-19"", ""2022-04-28""]",55.019255,49.112037,1.139166436076,2143,1752,0.261857,4.0269101393561,11.024102,4561,52470,578,466,631,3013,
2024年度精选策略1,2024年度精选策略1/70.致敬市场(12)——赚钱的策略.txt,致敬市场(12)——赚钱的策略,致敬市场(12)——赚钱的策略,Gyro^.^,https://www.joinquant.com/post/41444,https://www.joinquant.com/view/community/detail/2897bdfacf7b431253c37f40a680d8a4,ok,致敬市场(12)——赚钱的策略,Gyron,2023-03-19 23:36:00,1,Gaining,post,2006-01-01,2026-01-01,12345678,day,每天,3,685.150439,401.37414,11.184986,8.648559,0.036624878149265,0.75776120919916,0.34944827429765,0.46935609731779,0.26299597212244,58.644431,"[""2007-10-16"", ""2008-11-04""]",65.07177,48.055155,2.8298956487266,136,73,43.894181,1055.7077625571,0.048317,4859,6855,73,55,73,170,
2024年度精选策略1,2024年度精选策略1/71.小试多因子策略，年化65%.txt,小试多因子策略，年化65%,小试多因子策略，年化65%,乘风万里,https://www.joinquant.com/post/42841,https://www.joinquant.com/view/community/detail/5bcf23c03d0b2a078c43f36ce1bc8886,ok,小试多因子策略，年化65%,乘风万里,2023-06-12 21:41:47,1,多因子  净利增0.1 EBIT0.4 10股,post,2020-01-01,2023-06-09,100000,day,每天,3,436.258552,14.084432,65.53881,4.033877,0.6150706179677,0.9371521028908,2.2527095950132,3.1211007616601,3.1469192171575,21.988982,"[""2022-03-03"", ""2022-04-26""]",61.006289,55.102041,2.9365808109733,194,124,5.808294,48.817073170732,3.957746,833,3202,61,50,72,244,
2024年度精选策略1,2024年度精选策略1/72.桥水 全天候策略 增加一致性度量ES 风险控制.txt,桥水 全天候策略 增加一致性度量ES 风险控制,桥水 全天候策略 增加一致性度量ES 风险控制,aiyquant,https://www.joinquant.com/post/41908,https://www.joinquant.com/view/community/detail/8fa285277d702d4e7d1fba75a5f33228,ok,桥水 全天候策略2 增加一致性度量ES 风险控制,aiyquant,2023-04-12 13:50:08,1,全天候-风险一致性度量ES,post,2016-01-01,2022-12-31,1000000,day,每天,3,46.551264,3.768953,5.771151,0.544587,0.021266674166832,0.10288686819025,0.41000799247781,0.53949278840115,0.28925940997112,4.215759,"[""2018-08-07"", ""2018-12-26""]",91.304348,49.91192,152.46367801625,21,2,35.156847,1633.2857142857,0.082877,1703,7833,77,72,145,408,
2024年度精选策略1,2024年度精选策略1/73.稳健趋势策略，回测小，无未来函数.txt,稳健趋势策略，回测小，无未来函数,稳健趋势策略，回测小，无未来函数,语桐,https://www.joinquant.com/post/43393,https://www.joinquant.com/view/community/detail/ee4b50dda7459114d0211f9702bfb2ec,ok,稳健趋势策略，回测小，无未来函数,语桐,2023-07-31 11:49:13,1,这是一个简单的策略-19,post,2019-01-01,2023-07-30,100000,day,每天,3,532.364499,57.753798,51.494924,10.812831,0.41713410900428,0.8486212158644,1.9719962935781,2.6058894439725,2.3145982728033,19.18618,"[""2020-01-09"", ""2020-02-03""]",58.454106,53.153153,3.1430204269293,121,86,10.119041,76.363636363636,2.010906,1110,2535,38,25,39,222,
2024年度精选策略1,2024年度精选策略1/74.形态识别_单边上涨v3.txt,形态识别_单边上涨v3,形态识别_单边上涨v3,伺底而动,https://www.joinquant.com/post/45406,https://www.joinquant.com/view/community/detail/fc03ea9990b33b1471626420ec58c071,ok,形态识别_单边上涨v3,四五十,2023-12-07 22:58:27,1,形态识别_单边上涨,post,2022-10-01,2023-12-06,1000000,day,每天,3,144.788058,-10.651819,119.302741,-9.407398,1.1802741526614,0.20322172558358,5.803237250294,10.233098881838,5.5803713414481,6.674091,"[""2023-09-06"", ""2023-10-10""]",84.732824,59.298246,12.701430430239,111,20,6.716642,24.666666666667,4.977483,285,2321,38,26,53,200,
2024年度精选策略1,2024年度精选策略1/75.【复现】个股动量效应的识别及球队硬币因子.txt,【复现】个股动量效应的识别及球队硬币因子,,,,,no_source_url,,,,0,,,,,,,,,,,,,,,,,,,,,,,,,,,,,,,,,,
2024年度精选策略1,2024年度精选策略1/76.基金溢价（模拟效果好！）.txt,基金溢价（模拟效果好！）,基金溢价（模拟效果好！）,大山深处,https://www.joinquant.com/post/45648,https://www.joinquant.com/view/community/detail/31cb82ebad4f9b1fb5a5fdddeb40aacc,ok,基金溢价（模拟效果好！）,大山深处,2023-12-23 11:24:58,1,基金溢价0620-改,post,2023-01-01,2023-12-22,1000000,day,每天,3,105.062476,-13.802972,113.301485,-14.502406,1.1241922263879,0.16850444016476,5.8318596626277,14.339722941643,5.9015170134479,5.845306,"[""2023-04-14"", ""2023-04-28""]",67.46988,58.227848,4.614346809754,56,27,1.17169,1.6785714285714,23.163158,237,9100,99,52,113,411,
2024年度精选策略1,2024年度精选策略1/77.【复现】筹码分布因子.txt,【复现】筹码分布因子,,,,,no_source_url,,,,0,,,,,,,,,,,,,,,,,,,,,,,,,,,,,,,,,,
2024年度精选策略1,2024年度精选策略1/78.国盛证券多因子.txt,国盛证券多因子,国盛证券多因子,璇天凤舞,https://www.joinquant.com/post/43307,https://www.joinquant.com/view/community/detail/60ee661710c0f45f162f5fda803107f4,ok,国盛证券多因子,璇天凤舞,2023-07-23 23:53:34,1,read_file多因子,post,2015-01-12,2023-07-10,1000000,day,每天,3,318.508844,-2.487056,18.913312,-0.304292,0.19402898570281,1.0430487533903,0.4891333431885,0.59810109959194,0.91181221995196,49.96783,"[""2016-11-22"", ""2018-10-16""]",55.84166,54.259439,1.2549219207703,1453,1149,1.379279,26.586599241466,9.809909,2066,3020,20,49,91,132,
2024年度精选策略1,2024年度精选策略1/79.SVR选股的小市值策略.txt,SVR选股的小市值策略,SVR选股的小市值策略,南澳,https://www.joinquant.com/post/41611,https://www.joinquant.com/view/community/detail/b4a7f574a266526f9190aa10cb5b2682,ok,SVR选股的小市值策略,南澳,2023-03-28 08:15:52,1,SVM选股的小市值策略,post,2019-01-01,2023-03-26,20000,day,每天,3,412.696808,69.887461,48.925129,13.784261,0.38208623647209,0.68646016687383,1.8025218460471,2.6392433170775,1.7328019628166,23.780547,"[""2019-09-23"", ""2020-02-04""]",69.105691,50.389864,3.6049777664033,85,38,7.638431,102.15555555556,2.381638,1026,1914,81,19,26,149,
2024年度精选策略1,2024年度精选策略1/8.科技与狠活.txt,科技与狠活,科技与狠活,wywy1995,https://www.joinquant.com/post/39961,https://www.joinquant.com/view/community/detail/83f88b0023c0d212b65dea942a5e0013,ok,科技与狠活,wywy1995,2022-11-25 04:59:01,1,ROA8Y-REPS-NLS-HL-W1,post,2018-01-01,2022-11-24,100000,day,每天,3,856.146116,-2.091726,60.755463,-0.443486,0.60938032622178,0.94128102082806,1.9842637070904,2.5910719317723,3.1760648502446,26.751176,"[""2020-11-09"", ""2021-01-13""]",64.093357,54.751892,2.7315743930415,357,200,4.664601,59.438502673797,5.032289,1189,13739,144,102,185,968,
2024年度精选策略1,2024年度精选策略1/80.【深度解析 一】经典小市值模型.txt,【深度解析 一】经典小市值模型,【深度解析 一】经典小市值模型,加百力,https://www.joinquant.com/post/44300,https://www.joinquant.com/view/community/detail/d561c13d33fda85b00090ea36ce9225d,post_without_backtest,【深度解析 一】经典小市值模型,加百力,2023-10-01 23:15:34,0,,,,,,,,,,,,,,,,,,,,,,,,,,,,,11659,123,53,50,113,
2024年度精选策略1,2024年度精选策略1/81.方正证券-多因子选股系列研究之四：“球队硬币”.txt,方正证券-多因子选股系列研究之四：“球队硬币”,,,,,no_source_url,,,,0,,,,,,,,,,,,,,,,,,,,,,,,,,,,,,,,,,
2024年度精选策略1,2024年度精选策略1/82.实盘模拟的小盘股策略，低频，带基本面优化以及个股风控.txt,实盘模拟的小盘股策略，低频，带基本面优化以及个股风控,实盘模拟的小盘股策略，低频，带基本面优化以及个股风控,强势投资,https://www.joinquant.com/post/42288,https://www.joinquant.com/view/community/detail/691612b96eeebb137381bea2590951f4,ok,实盘模拟的小盘股策略，低频，带基本面优化以及个股风控,强势投资,2023-05-08 15:13:10,1,初策-小市值策略-基本面优化-个股风控-最高成本记录,post,2021-01-01,2023-01-05,100000,day,每天,3,68.277546,-23.846495,30.554575,-13.025825,0.31296171628498,0.2784943895577,1.1962102507305,1.7291193676772,1.6964643865624,17.9184,"[""2021-01-04"", ""2021-02-08""]",56.989247,55.122951,2.3986876879614,53,40,4.140472,42,2.600421,488,2520,49,26,37,155,
2024年度精选策略1,2024年度精选策略1/83.回测“一创模拟盘2号”，最终优化，年化39%.txt,回测“一创模拟盘2号”，最终优化，年化39%,回测“一创模拟盘2号”，最终优化，年化39%,P5张大猫,https://www.joinquant.com/post/40259,https://www.joinquant.com/view/community/detail/f7e126062ec07412b4a68e194fe1ada7,ok,回测“一创模拟盘2号”，最终优化，年化39%,P5张大猫,2022-12-22 11:56:55,1,8.改造-一创模拟盘2号-230217-持有再次优化,post,2013-01-01,2023-02-15,100000,day,每天,3,2508.809886,63.447155,39.355194,5.126249,0.34792435389254,0.49967549373562,1.6070279690242,2.1118430109005,1.5553065618153,27.047818,"[""2020-07-23"", ""2021-02-08""]",50.69735,53.479853,1.9409735716226,727,707,1.209801,45.883161512027,9.504901,2457,2712,64,19,47,94,
2024年度精选策略1,2024年度精选策略1/84.【社区研究】连板龙头策略-wywy：复现与研究.txt,【社区研究】连板龙头策略-wywy：复现与研究,,,,,no_source_url,,,,0,,,,,,,,,,,,,,,,,,,,,,,,,,,,,,,,,,
2024年度精选策略1,2024年度精选策略1/85.【深度解析 七】BBI指标-大盘涨跌-宽基轮动模型.txt,【深度解析 七】BBI指标-大盘涨跌-宽基轮动模型,【深度解析 七】BBI指标-大盘涨跌-宽基轮动 模型,加百力,https://www.joinquant.com/post/44521,https://www.joinquant.com/view/community/detail/1f61bc3c51daba7bd5d64073576953bf,ok,【深度解析 七】BBI指标-大盘涨跌-宽基轮动 模型,加百力,2023-10-21 20:49:01,1,07-宽基轮动模型-2010年至今,post,2010-01-01,2023-10-20,100000,day,每天,3,1134.547254,-1.820353,20.62338,-0.136964,0.18924811434358,0.55630937723902,0.79884930174542,1.2297979169117,1.0676714361288,40.828424,"[""2015-06-12"", ""2017-05-10""]",47.695725,50.999702,1.2653455823058,859,942,0.146636,175.64285714286,53.375658,3351,15210,77,48,58,140,
2024年度精选策略1,2024年度精选策略1/86.根据连续亏损预判st股票.txt,根据连续亏损预判st股票,,,,,no_source_url,,,,0,,,,,,,,,,,,,,,,,,,,,,,,,,,,,,,,,,
2024年度精选策略1,2024年度精选策略1/88.韶华研究之十六，指数增强.txt,韶华研究之十六，指数增强,韶华研究之十六，指数增强,韶华不负,https://www.joinquant.com/post/39897,https://www.joinquant.com/view/community/detail/333226244d63ac0cc8c3a5be68ec148b,ok,韶华研究之十六，指数增强,韶华不负,2022-11-20 18:13:07,1,这是一个简单的策略-514,post,2021-01-01,2022-11-18,100000,day,每天,3,60.873814,-4.490968,29.85345,-2.493087,0.33618641095598,1.1959167107555,0.66874840521031,0.99097085737155,1.0325046345826,31.768301,"[""2021-09-22"", ""2022-01-28""]",49.637681,51.868132,1.2091559060773,137,139,1.577662,12.037037037037,10.800551,455,1838,19,18,24,134,
2024年度精选策略1,2024年度精选策略1/89.【复现·水】市场情绪指标专题行业指数顶部和底部信号.txt,【复现·水】市场情绪指标专题行业指数顶部和底部信号,,,,,no_source_url,,,,0,,,,,,,,,,,,,,,,,,,,,,,,,,,,,,,,,,
2024年度精选策略1,2024年度精选策略1/9.持仓95只大容量小市值，媲美金元顺安元启.txt,持仓95只大容量小市值，媲美金元顺安元启,持仓95只大容量小市值，媲美金元顺安元启,开心果,https://www.joinquant.com/post/39814,https://www.joinquant.com/view/community/detail/6b331f66c139d4659734bf56973eadee,ok,持仓95只大容量小市值，媲美金元顺安元启,开心果,2022-11-14 11:09:31,1,大容量小市值,post,2009-01-01,2022-11-12,1000000,day,每天,3,9917.621937,216.516709,40.770876,8.928985,0.32747870848361,0.81619354722146,1.525724423677,1.8287985447724,2.750129158106,38.996169,"[""2016-11-22"", ""2018-10-18""]",63.943894,57.274347,2.4099792201216,3875,2185,8.963679,162.48409090909,1.990387,3368,14181,220,128,207,1165,
2024年度精选策略1,2024年度精选策略1/90.【复现】凸显度因子.txt,【复现】凸显度因子,,,,,no_source_url,,,,0,,,,,,,,,,,,,,,,,,,,,,,,,,,,,,,,,,
2024年度精选策略1,2024年度精选策略1/91.【复现】多任务时序动量策略.txt,【复现】多任务时序动量策略,,,,,no_source_url,,,,0,,,,,,,,,,,,,,,,,,,,,,,,,,,,,,,,,,
2024年度精选策略1,2024年度精选策略1/92.【机器学习研究】动态多因子选股策略研究.txt,【机器学习研究】动态多因子选股策略研究,,,,,no_source_url,,,,0,,,,,,,,,,,,,,,,,,,,,,,,,,,,,,,,,,
2024年度精选策略1,2024年度精选策略1/93.【复现】国信投资者情绪指数择时模型.txt,【复现】国信投资者情绪指数择时模型,,,,,no_source_url,,,,0,,,,,,,,,,,,,,,,,,,,,,,,,,,,,,,,,,
2024年度精选策略1,2024年度精选策略1/94.大市值小市值今年的一些分析，然后尝试预测小市值行情.txt,大市值小市值今年的一些分析，然后尝试预测小市值行情,,,,,no_source_url,,,,0,,,,,,,,,,,,,,,,,,,,,,,,,,,,,,,,,,
2024年度精选策略1,2024年度精选策略1/95.基金的最爱与最恶.txt,基金的最爱与最恶,,,,,no_source_url,,,,0,,,,,,,,,,,,,,,,,,,,,,,,,,,,,,,,,,
2024年度精选策略1,2024年度精选策略1/96.大盘预测器v1.1--引入世界数据.txt,大盘预测器v1.1--引入世界数据,,,,,no_source_url,,,,0,,,,,,,,,,,,,,,,,,,,,,,,,,,,,,,,,,
2024年度精选策略1,2024年度精选策略1/97.大周期顶底判断：FED指标+格雷厄姆指数一次搞定.txt,大周期顶底判断：FED指标+格雷厄姆指数一次搞定,,,https://www.joinquant.com/view/community/detail/b6186a348b1520a6982b818b8206dfe5,https://www.joinquant.com/view/community/detail/b6186a348b1520a6982b818b8206dfe5,post_without_backtest,1/pe-国债估值模型,zzy,2020-06-29 10:34:35,0,,,,,,,,,,,,,,,,,,,,,,,,,,,,,1591,16,23,44,0,
2024年度精选策略1,2024年度精选策略1/98.FScore9因子模型改进——RFScore7因子.txt,FScore9因子模型改进——RFScore7因子,,,,,no_source_url,,,,0,,,,,,,,,,,,,,,,,,,,,,,,,,,,,,,,,,
2024年度精选策略1,2024年度精选策略1/99.波动率交易的前言——期权定价.txt,波动率交易的前言——期权定价,,,,,no_source_url,,,,0,,,,,,,,,,,,,,,,,,,,,,,,,,,,,,,,,,
2025年度精选策略,"2025年度精选策略/0.回测提速十倍,过滤ST,退市,停牌,新股优化方法.txt","回测提速十倍,过滤ST,退市,停牌,新股优化方法",,,,,no_source_url,,,,0,,,,,,,,,,,,,,,,,,,,,,,,,,,,,,,,,,
2025年度精选策略,2025年度精选策略/1.龙回头3.0回测速度优化版.txt,龙回头3.0回测速度优化版,龙回头3.0回测速度优化版,一溜烟,https://www.joinquant.com/post/27574,https://www.joinquant.com/view/community/detail/c7cbb03a4f3e8a53cfa7130cae3b32c7,ok,龙回头3.0回测速度优化版,一溜烟,2020-05-24 15:03:25,1,连板-回调-冲高-优化,post,2020-01-01,2020-05-09,100000,minute,分钟,3,86.062293,-3.245634,563.940521,-9.569962,5.6067243698361,0.053936509179145,14.3145264787,29.711371717437,12.247600779784,6.860967,"[""2020-03-10"", ""2020-03-18""]",56.666667,52.439024,3.1270096463023,17,13,4.766256,1.3448275862069,19.500492,82,4954,21,30,44,293,
2025年度精选策略,2025年度精选策略/10.多因子选股.txt,多因子选股,,,,,no_source_url,,,,0,,,,,,,,,,,,,,,,,,,,,,,,,,,,,,,,,,
2025年度精选策略,2025年度精选策略/11.多因子选股策略——基于传统分析.txt,多因子选股策略——基于传统分析,,,,,no_source_url,,,,0,,,,,,,,,,,,,,,,,,,,,,,,,,,,,,,,,,
2025年度精选策略,2025年度精选策略/12.机器学习用于量化分析.txt,机器学习用于量化分析,,,,,no_source_url,,,,0,,,,,,,,,,,,,,,,,,,,,,,,,,,,,,,,,,
2025年度精选策略,2025年度精选策略/13.7年40倍，模拟超过两年，年化高回撤低.txt,年40倍，模拟超过两年，年化高回撤低,7年40倍，模拟超过两年，年化高回撤低,quakecat,https://www.joinquant.com/post/30481,https://www.joinquant.com/view/community/detail/6d0d64532d0ad36c2c43292ee663042a,ok,7年40倍，模拟超过两年，年化高回撤低,quakecat,2020-12-08 12:53:45,1,一创模拟盘2号,post,2014-01-01,2020-12-06,100000,day,每天,2,4143.016486,117.41866,74.206987,12.190245,0.65794845031568,0.53870690659605,2.8762818767478,3.6391318580729,2.6377568601913,22.411228,"[""2015-08-17"", ""2015-09-15""]",60.567823,55.154028,2.1146591651847,576,375,2.248149,32.922077922078,8.434392,1688,58959,964,405,808,3685,
2025年度精选策略,2025年度精选策略/14.FOF养老成长基金-v2.0.txt,FOF养老成长基金-v2.0,FOF养老成长基金-v2.0,富在知足,https://www.joinquant.com/post/24542,https://www.joinquant.com/view/community/detail/65a10d558d3a265352f25d6fa7415381,ok,FOF养老成长基金-v2.0,富在知足,2019-12-20 11:25:55,1,盘满钵满-v191220,post,2015-07-01,2019-12-17,10000,day,每天,3,56.890276,-9.640063,10.882108,-2.298162,0.083282409471192,0.22961189541748,0.78850259014808,1.0902622940401,0.69406946320541,9.153936,"[""2019-04-19"", ""2019-05-23""]",71.666667,49.633028,5.783035401788,43,17,4.928729,308.5,1.097111,1090,2706,10,14,27,161,
2025年度精选策略,2025年度精选策略/15.小市值策略之再优化，年化接近翻倍.txt,小市值策略之再优化，年化接近翻倍,小市值策略之再优化，年化接近翻倍,仓建右三,https://www.joinquant.com/post/30600,https://www.joinquant.com/view/community/detail/6656686e33d22e70bde669857255404a,ok,小市值策略之再优化，年化接近翻倍,仓建右三,2020-12-15 13:34:00,1,中小板最小流通市值3只_MA5,post,2016-07-01,2020-12-14,1000000,day,每天,3,1629.515716,56.466873,92.857291,10.865849,0.84868689178287,0.58093353553867,2.99918806832,4.6659023432958,2.8592394684939,20.406252,"[""2017-11-15"", ""2018-02-06""]",60.869565,53.640553,3.2517342757761,196,126,3.006724,40.083333333333,9.856081,1085,6950,72,45,82,387,
2025年度精选策略,2025年度精选策略/16.缠论工具（笔， 线段）.txt,缠论工具（笔， 线段）,,,,,no_source_url,,,,0,,,,,,,,,,,,,,,,,,,,,,,,,,,,,,,,,,
2025年度精选策略,2025年度精选策略/17.基金跟随策略，19年年化60%.txt,基金跟随策略，19年年化60%,基金跟随策略，19年年化60%。,不会卖股票,https://www.joinquant.com/post/23720,https://www.joinquant.com/view/community/detail/22c0f7cbe87dbf24135320b28738c55a,ok,基金跟随策略，19年年化60%。,不会卖股票,2019-11-13 14:46:56,1,基金抱团,post,2019-01-01,2019-11-11,1000000,day,每天,3,48.228168,29.639114,60.489123,36.615529,0.23205652541758,1.0204792414146,2.2960924382914,3.5412203950667,1.9488884590767,13.411697,"[""2019-04-19"", ""2019-05-09""]",100,50.961538,138485,3,0,23.792545,132.14285714286,0.460175,208,3626,12,22,49,252,
2025年度精选策略,2025年度精选策略/18.6年17倍的etf+分级b的轮动趋势策略跟随感悟.txt,年17倍的etf+分级b的轮动趋势策略跟随感悟,6年17倍的etf+分级b的轮动趋势策略跟随感悟,大吃一鲸,https://www.joinquant.com/post/28324,https://www.joinquant.com/view/community/detail/8fba9ec6a479bbde97a9e16036fa994b,ok,6年17倍的etf+分级b的轮动趋势策略跟随感悟,大吃一鲸,2020-07-09 18:43:24,1,这是一个简单的策略-74,post,2014-01-01,2020-07-08,500000,day,每天,3,1724.711455,65.066691,58.006821,8.215103,0.51449994797973,0.60658681313834,1.8098520884518,2.8713458618233,1.8358180916427,22.888731,"[""2018-03-12"", ""2018-10-11""]",58.444444,51.417769,2.0137982448458,263,187,0.648962,161.3,25.117013,1587,4035,65,29,61,299,
2025年度精选策略,2025年度精选策略/19.简单到发指的股指策略(2013到现在收益10949%).txt,简单到发指的股指策略(2013到现在收益10949%),简单到发指的股指策略(2013到现在收益10949%),资金永不眠,https://www.joinquant.com/post/30480,https://www.joinquant.com/view/community/detail/829e64d7f2e21eed4f53c76806d97f0a,ok,简单到发指的股指策略(2013到现在收益10949%),资金永不眠,2020-12-08 11:17:45,1,股指期货-无脑买,post,2013-01-01,2020-12-01,1000000,day,每天,3,10949.572597,100.840286,84.351017,9.489427,0.75478312442735,0.88765270163854,1.7682636835069,2.380555872276,1.8487368541962,42.624066,"[""2020-01-10"", ""2020-03-17""]",55.349576,51.898076,1.4074612458653,1045,843,-125.544169,20.891304347826,326.868676,1923,5877,75,84,83,369,
2025年度精选策略,2025年度精选策略/2.板块轮动打分与热度追踪.txt,板块轮动打分与热度追踪,,,,,no_source_url,,,,0,,,,,,,,,,,,,,,,,,,,,,,,,,,,,,,,,,
2025年度精选策略,2025年度精选策略/20.冲天炮最高板策略，收益惊呆了我.txt,冲天炮最高板策略，收益惊呆了我,冲天炮最高板策略，收益惊呆了我,jqz1226,https://www.joinquant.com/post/29356,https://www.joinquant.com/view/community/detail/ca72ac482eb173e549c55efe40347358,ok,冲天炮最高板策略，收益惊呆了我,jqz1226 ZUEL,2020-09-12 22:41:36,1,这是一个简单的策略-539,post,2020-07-01,2020-09-04,1000000,minute,分钟,3,614.3214,14.559698,2801220.616346,102.982036,28011.865546479,0.30370862089809,28201.330969224,200681.19948553,27783.437696841,0.483552,"[""2020-07-22"", ""2020-07-23""]",100,66.666667,6173537,8,0,33.57892,2.5,14.494132,48,24975,342,147,249,1489,
2025年度精选策略,2025年度精选策略/21.策略coding吐槽帖——以“网红”ETF轮动为例.txt,策略coding吐槽帖——以“网红”ETF轮动为例,策略coding吐槽帖——以“网红”ETF轮动为例,jqz1226,https://www.joinquant.com/post/24417,https://www.joinquant.com/view/community/detail/177edab03367da01e96210469dd5290d,ok,策略coding吐槽帖——以“网红”ETF轮动为例,jqz1226 ZUEL,2019-12-14 01:52:27,1,稳定盈利的etf轮动,post,2014-01-01,2019-10-01,100000,day,每天,3,940.455047,63.711626,51.7954,9.180918,0.44424815646976,0.6505765758577,1.6198498784845,2.5307870867623,1.6143058300856,21.293268,"[""2015-12-22"", ""2016-03-10""]",60.638298,51.176051,1.8707511617645,228,148,0.761061,156.66666666667,26.20179,1403,15319,152,204,293,800,
2025年度精选策略,2025年度精选策略/22.“开弓”ETF轮动模型——改.txt,“开弓”ETF轮动模型——改,“开弓”ETF轮动模型——改,jqz1226,https://www.joinquant.com/post/24591,https://www.joinquant.com/view/community/detail/0351d57abf297bae559209c6e998e4bd,ok,“开弓”ETF轮动模型——改,jqz1226 ZUEL,2019-12-23 14:40:00,1,ETF开弓5品种v3-改,post,2013-07-01,2019-11-07,100000,day,每天,3,347.008748,81.395867,27.298139,10.074621,0.20728528051909,0.4230075619947,1.0995926474172,1.593420244009,0.74485137305585,19.800498,"[""2015-11-25"", ""2017-04-17""]",52.419355,49.323017,1.9641874954266,65,59,1.435672,180.6,8.016674,1551,9216,77,100,160,619,
2025年度精选策略,2025年度精选策略/23.玩趋势交易的看进来~~~~2.txt,玩趋势交易的看进来~~~~2,,,,,no_source_url,,,,0,,,,,,,,,,,,,,,,,,,,,,,,,,,,,,,,,,
2025年度精选策略,2025年度精选策略/24.现在便宜的300就是最好的，收益惊人！【结束了】.txt,现在便宜的300就是最好的，收益惊人！【结束了】,现在便宜的300就是最好的，收益惊人！【结束了】,jqz1226,https://www.joinquant.com/post/29096,https://www.joinquant.com/view/community/detail/f6aa36f48edbc5dfe4af60831a4ba94a,ok,现在便宜的300就是最好的，收益惊人！【结束了】,jqz1226 ZUEL,2020-08-27 15:38:05,1,创业板最小流通市值,post,2020-07-23,2020-08-26,100000,day,每天,3,78.273174,-0.176479,32323.505732,-1.750838,323.22545527503,0.52858303225366,485.65702601888,1567.3936018089,487.28984117621,3.838476,"[""2020-08-05"", ""2020-08-11""]",80.0,72.0,17.446896035901,4,1,24.558383,10.714285714286,9.947099,25,9161,119,56,76,478,
2025年度精选策略,2025年度精选策略/25.基本不耍六毛的ETF轮动策略.txt,基本不耍六毛的ETF轮动策略,基本不耍六毛的ETF轮动策略,jqz1226,https://www.joinquant.com/post/24432,https://www.joinquant.com/view/community/detail/eddea80ce36079b8962f92d1ce3cfb98,ok,基本不耍六毛的ETF轮动策略,jqz1226 ZUEL,2019-12-15 13:38:34,1,自动选择基金并轮动,post,2014-01-01,2019-10-01,300000,day,每天,3,270.242125,63.711626,26.269441,9.180918,0.19876061957434,0.46196045301676,0.97153229013061,1.3925265691111,0.7161921842221,27.981218,"[""2015-06-03"", ""2015-09-30""]",67.366721,48.681397,1.9420310762986,417,202,0.369685,83.4,35.083554,1403,5583,28,46,72,223,
2025年度精选策略,2025年度精选策略/26.稳定高回报周期股策略2.txt,稳定高回报周期股策略2,稳定高回报周期股策略2,jqz1226,https://www.joinquant.com/post/23858,https://www.joinquant.com/view/community/detail/1edca153a30a134063675c5318b183d3,ok,稳定高回报周期股策略2,jqz1226 ZUEL,2019-11-18 12:05:38,1,稳定高回报周期股策略2,post,2010-01-01,2019-08-02,1000000,day,每天,3,596.485456,4.803562,23.151926,0.504677,0.22873205929494,1.0646454814391,0.62149507732375,0.83457047255348,1.2415014210233,40.040255,"[""2015-06-17"", ""2016-02-29""]",59.895833,50.429185,2.4664331688074,115,77,6.913883,102.5045045045,1.59727,2330,10548,69,87,189,630,
2025年度精选策略,2025年度精选策略/27.基于RSRS的趋势交易与网格交易相结合的尝试.txt,基于RSRS的趋势交易与网格交易相结合的尝试,基于RSRS的趋势交易与网格交易相结合的尝试,最爱苹果,https://www.joinquant.com/post/24680,https://www.joinquant.com/view/community/detail/4f45c285a333c35bfabd653ecee51c8a,ok,基于RSRS的趋势交易与网格交易相结合的尝试,最爱苹果,2019-12-27 17:38:43,1,RSRS趋势加仓分钟版,post,2010-02-01,2019-12-26,100000000,minute,分钟,3,240.302039,25.648844,13.558199,2.398759,0.10127937262814,0.35581055828223,0.74795419283774,1.0641967411422,0.62738712657115,14.139901,"[""2018-01-24"", ""2018-10-18""]",64.516129,48.754153,7.6322064262687,20,11,4.470071,1307,0.935196,2408,12554,102,72,167,576,
2025年度精选策略,2025年度精选策略/28.XGBoost模型多因子策略分享.txt,XGBoost模型多因子策略分享,XGBoost模型多因子策略分享,cgzol,https://www.joinquant.com/post/25313,https://www.joinquant.com/view/community/detail/d1f79c31891870b33e65380b41774ccc,ok,XGBoost模型多因子策略分享,cgzol,2020-02-07 16:04:40,1,XGB多因子策略,post,2019-01-01,2019-12-31,1000000,minute,分钟,3,52.236358,33.706569,53.817782,34.66504,0.1645073915484,1.088113466186,2.0473602189485,3.0961422526196,1.769581679737,16.123381,"[""2019-04-09"", ""2019-08-09""]",59.13556,52.459016,1.8702408445754,301,208,1.957526,19.4,10.768971,244,37686,154,269,546,989,
2025年度精选策略,2025年度精选策略/29.北上资金（北向资金港资外资）因子分析与策略分享.txt,北上资金（北向资金港资外资）因子分析与策略分享,北上资金（北向资金/港资/外资）因子分析与策略分享,cgzol,https://www.joinquant.com/post/25613,https://www.joinquant.com/view/community/detail/1fe0f985bef3d3ef51ae948c04883d63,ok,北上资金（北向资金/港资/外资）因子分析与策略分享,cgzol,2020-02-20 12:02:14,1,北向资金持股市值策略,post,2017-04-01,2020-02-14,500000,minute,分钟,2,75.911991,15.384037,22.421172,5.25882,0.17064346942867,1.0778546896253,0.79606983286188,1.1808825160273,1.5873367403626,31.576456,"[""2018-01-23"", ""2019-01-03""]",39.43662,54.011461,1.5549647475184,28,43,2.41758,268.46153846154,0.825628,698,25160,164,292,450,793,
2025年度精选策略,2025年度精选策略/3.一个简单而持续稳定的懒人超额收益策略.txt,一个简单而持续稳定的懒人超额收益策略,一个简单而持续稳定的懒人超额收益策略,Gyro,https://www.joinquant.com/post/30467,https://www.joinquant.com/view/community/detail/6155c47f9ad2d095e3e4e360d3aba4cc,ok,一个简单而持续稳定的懒人超额收益策略,Gyron,2020-12-07 12:34:51,1,指数重仓,post,2016-01-01,2020-12-01,1234567,day,每天,3,141.950474,35.810411,20.284699,6.607316,0.13980100537867,0.88389652889033,0.80191022805781,1.1763322647722,1.3092355673895,31.686886,"[""2018-01-23"", ""2018-12-27""]",36.363636,51.421405,0.63068035917676,8,14,-1.502392,640.41176470588,0.167072,1196,17720,370,130,174,715,
2025年度精选策略,2025年度精选策略/30.ETF宽基轮动修改版-1.0.txt,ETF宽基轮动修改版-1.0,ETF宽基轮动修改版-1.0,几米哥,https://www.joinquant.com/post/29165,https://www.joinquant.com/view/community/detail/28343f32b3dcc441f5273c996a64a9a5,ok,ETF宽基轮动修改版-1.0,几米哥,2020-09-01 15:15:27,1,ETF轮动宽基版v1,post,2015-01-01,2020-08-31,100000,day,每天,3,234.656908,36.293969,24.461834,5.769807,0.19743212286168,0.40604507838787,1.0201464206659,1.2780183339739,0.82339212634965,20.172217,"[""2015-06-12"", ""2015-08-06""]",68.614845,51.086957,1.8832220547012,1174,537,2.605919,449,18.209874,1380,6546,41,66,154,386,
2025年度精选策略,2025年度精选策略/31.RSRS择时+货币基金--6年8倍行业周期股策略.txt,RSRS择时+货币基金--6年8倍行业周期股策略,RSRS择时+货币基金--6年8倍行业周期股策略,南开小楼,https://www.joinquant.com/post/24224,https://www.joinquant.com/view/community/detail/dddd7e26aa6a73e6a2b23ab976c252ac,ok,RSRS择时+货币基金--6年8倍行业周期股策略,南开小楼,2019-12-05 00:57:36,1,这是一个简单的策略-196,post,2013-04-18,2019-12-01,100000,day,每天,2,812.567827,55.733851,40.874429,7.106932,0.35360257857034,0.48735253294299,1.6444722928677,2.3306629504789,1.4852967783509,26.810039,"[""2019-04-08"", ""2019-11-15""]",72.289157,50.650961,4.2529333335888,120,46,7.878298,80.757575757576,2.717995,1613,3870,24,20,52,204,
2025年度精选策略,2025年度精选策略/32.北向资金A股择时策略（5年16倍）.txt,北向资金A股择时策略（5年16倍）,北向资金A股择时策略,量化看市场,https://www.joinquant.com/post/28714,https://www.joinquant.com/view/community/detail/2362e2fe20e47080f20387e99e0d240e,ok,北向资金A股择时策略,Rookie888,2020-08-04 23:12:54,1,北向资金A股择时策略,post,2015-12-10,2021-05-25,10000000,day,每天,3,130.472145,46.275241,17.034918,7.427962,0.1147819816544,0.4541241175632,0.96232999332724,1.456518287585,0.64738061064763,15.520893,"[""2017-09-05"", ""2019-01-14""]",53.623188,49.284099,2.4417891250998,37,32,-77.867396,14.446428571429,4.864162,1327,5670,28,43,105,191,
2025年度精选策略,2025年度精选策略/33.【研报复现】基于风险溢价的沪深300择时-目前依然有效.txt,【研报复现】基于风险溢价的沪深300择时-目前依然有效,,,,,no_source_url,,,,0,,,,,,,,,,,,,,,,,,,,,,,,,,,,,,,,,,
2025年度精选策略,2025年度精选策略/34.套利三年，我的本金翻了10倍.txt,套利三年，我的本金翻了10倍,,,,,no_source_url,,,,0,,,,,,,,,,,,,,,,,,,,,,,,,,,,,,,,,,
2025年度精选策略,2025年度精选策略/35.精选价值策略.txt,精选价值策略,精选价值策略,BAFE,https://www.joinquant.com/post/29574,https://www.joinquant.com/view/community/detail/8a43c0f7254fd869befeb9171531de5f,ok,精选价值策略,BAFE1,2020-09-28 21:52:14,1,价值精选策略-68,post,2012-12-01,2020-09-26,1000000,day,每天,3,274.891805,113.586345,18.95834,10.483283,0.1207250441181,0.44511953538187,0.87185778388155,1.2589841803591,0.44952684683532,23.052621,"[""2018-06-12"", ""2018-10-30""]",80.978261,49.290594,4.3839262103192,149,35,22.690861,256.5,0.483601,1903,4423,27,45,83,223,
2025年度精选策略,2025年度精选策略/36.市场底部特征研究.txt,市场底部特征研究,,,,,no_source_url,,,,0,,,,,,,,,,,,,,,,,,,,,,,,,,,,,,,,,,
2025年度精选策略,2025年度精选策略/37.处置效应的CGO因子（行为金融学因子）.txt,处置效应的CGO因子（行为金融学因子）,处置效应的CGO因子（行为金融学因子）,BAFE,https://www.joinquant.com/post/27009,https://www.joinquant.com/view/community/detail/42afd6119b58f3f3a07f65d00e757111,ok,处置效应的CGO因子（行为金融学因子）,BAFE1,2020-04-22 14:32:05,1,基于处置效应的CGO因子,post,2010-01-01,2020-01-01,1000000,day,每天,3,902.344378,17.443805,26.748527,1.667282,0.25010602882892,0.96971683007705,0.71428954771433,0.94084602235697,1.3548565277787,45.595765,"[""2015-06-11"", ""2016-01-28""]",57.366885,51.131222,1.3100624590135,1573,1169,1.220833,17.150877192982,10.016192,2431,5454,14,47,90,141,
2025年度精选策略,2025年度精选策略/38.python搭建简单交易系统.txt,python搭建简单交易系统,,,,,no_source_url,,,,0,,,,,,,,,,,,,,,,,,,,,,,,,,,,,,,,,,
2025年度精选策略,2025年度精选策略/39.因子分析系列文章（八）：多因子策略（多元线性回归）.txt,因子分析系列文章（八）：多因子策略（多元线性回归）,因子分析系列文章（八）：多因子策略（多元线性回归）,量化狙击,https://www.joinquant.com/post/25273,https://www.joinquant.com/view/community/detail/9188f491cb2932d866f2e8031bccbd55,ok,因子分析系列文章（八）：多因子策略（多元线性回归）,量化狙击,2020-02-05 19:08:14,1,多元线性回归多因子模型,post,2012-01-01,2018-09-12,2000000,day,每天,2,353.393935,41.449949,26.091688,5.462628,0.20513949699122,1.0787010385634,0.74253083128675,0.91922499966505,1.446712779195,35.554784,"[""2015-06-15"", ""2015-09-15""]",52.217295,53.067485,1.336225672425,2355,2155,1.049921,27.669141914191,,1630,4835,16,26,62,277,
2025年度精选策略,2025年度精选策略/4.红利搬砖，年化29%.txt,红利搬砖，年化29%,红利搬砖,Gyro,https://www.joinquant.com/post/27994,https://www.joinquant.com/view/community/detail/0e0b9cd83583176ddada8f9dd9e63b92,ok,红利搬砖,Gyron,2020-06-17 21:29:52,1,红利搬砖,author_reply,2009-05-01,2020-06-01,1234567,day,每天,3,130.734136,51.408539,8.064698,3.922967,0.041037233735604,0.50660212897065,0.2017567472207,0.27987202419014,0.20748803170295,29.898981,"[""2015-07-07"", ""2015-08-25""]",75.0,48.460111,9.2285779400011,6,2,14.937291,673.75,0.326635,2695,7856,76,63,91,277,
2025年度精选策略,2025年度精选策略/40.基于遗传算法挖掘因子2.txt,基于遗传算法挖掘因子2,,,,,no_source_url,,,,0,,,,,,,,,,,,,,,,,,,,,,,,,,,,,,,,,,
2025年度精选策略,2025年度精选策略/41.均线黏合，突破前三十个交易日最高点选股法.txt,均线黏合，突破前三十个交易日最高点选股法,均线黏合，突破前三十个交易日最高点选股法,fireflytxy,https://www.joinquant.com/post/25698,https://www.joinquant.com/view/community/detail/efa569e49d4c843cf6c47a28f55d60d7,ok,均线黏合，突破前三十个交易日最高点选股法,fireflytxy,2020-02-23 13:33:35,1,均线粘合突破30日高点,post,2019-01-01,2020-02-08,500000,day,每天,3,54.4372,29.535815,50.684246,27.652161,0.2556247593223,0.89301649867377,1.8360259975848,2.4825643765387,1.3467110388125,18.272378,"[""2020-01-14"", ""2020-02-03""]",44.144144,51.320755,1.8443898571836,49,62,2.517963,15.819047619048,6.406422,265,3509,17,28,46,135,
2025年度精选策略,2025年度精选策略/42.市值，研发支出，roe，三因子，跑赢大盘.txt,市值，研发支出，roe，三因子，跑赢大盘,市值，研发支出，roe，三因子，跑赢大盘,zyljq,https://www.joinquant.com/post/28499,https://www.joinquant.com/view/community/detail/44a2bc58f1c257c66ca175d8691e9f92,ok,市值，研发支出，roe，三因子，跑赢大盘,zyljq,2020-07-20 00:34:40,1,市值研发ROE三因子,post,2016-07-01,2020-07-18,100000,day,每天,3,133.09438,44.09687,23.960176,9.715415,0.14709908898304,0.9186151067224,1.0027504846577,1.4805824473884,1.3636123072864,28.153259,"[""2018-01-26"", ""2019-01-03""]",61.068702,50.659898,3.052674272456,80,51,10.263785,173.40425531915,1.241822,985,7036,108,33,55,229,
2025年度精选策略,2025年度精选策略/43.ETF资源收集整合（附代码与excel表格）.txt,ETF资源收集整合（附代码与excel表格）,,,,,no_source_url,,,,0,,,,,,,,,,,,,,,,,,,,,,,,,,,,,,,,,,
2025年度精选策略,2025年度精选策略/44.借助JqData搭建简易回测框架.txt,借助JqData搭建简易回测框架,,,,,no_source_url,,,,0,,,,,,,,,,,,,,,,,,,,,,,,,,,,,,,,,,
2025年度精选策略,2025年度精选策略/45.市场宽度.txt,市场宽度,,,,,no_source_url,,,,0,,,,,,,,,,,,,,,,,,,,,,,,,,,,,,,,,,
2025年度精选策略,2025年度精选策略/46.大盘股也能穿越牛熊市.txt,大盘股也能穿越牛熊市,大盘股也能穿越牛熊市,曹经伟,https://www.joinquant.com/post/29185,https://www.joinquant.com/view/community/detail/953e55d0c0bf7024ac284e246c0f9264,ok,大盘股也能穿越牛熊市,曹经伟,2020-09-02 16:22:16,1,沪深300全行业选股,post,2005-06-01,2020-09-01,10000000,minute,分钟,3,2419.117254,465.701268,24.257339,12.372179,0.18495607400017,0.21042695476859,0.97247173404347,1.7098701980595,0.40434546382177,24.680904,"[""2007-08-31"", ""2010-01-13""]",44.95114,47.819063,2.6576456742523,138,169,4.044421,90.5,3.068221,3714,3538,16,35,24,127,
2025年度精选策略,2025年度精选策略/47.高收益低回撤的小市值策略.txt,高收益低回撤的小市值策略,高收益低回撤的小市值策略,曹经伟,https://www.joinquant.com/post/28824,https://www.joinquant.com/view/community/detail/0d33a25cb54fe1f6e57faaa94089f24f,ok,高收益低回撤的小市值策略,曹经伟,2020-08-11 22:57:56,1,策略REUI52SI,post,2005-06-01,2020-08-10,100000,minute,分钟,3,30277.645214,452.003038,47.173921,12.242749,0.39250393767022,0.47599749305709,1.8699824869618,2.4253832134666,1.4646744648678,30.743381,"[""2011-03-24"", ""2012-12-03""]",62.348485,52.028123,2.224192218325,823,497,3.801532,87.10824742268,6.274602,3698,3843,32,24,29,251,
2025年度精选策略,2025年度精选策略/49.根据北上资金买股票的最佳持股时间探讨.txt,根据北上资金买股票的最佳持股时间探讨,根据北上资金买股票的最佳持股时间探讨,见路不走2019,https://www.joinquant.com/post/24681,https://www.joinquant.com/view/community/detail/3f95d60b9d6d334bcfc01fba2c4d9171,ok,根据北上资金买股票的最佳持股时间探讨,见路不走2019,2019-12-27 18:36:00,1,测试港资策略持有时间测试,post,2019-01-01,2019-12-26,100000,day,每天,2,93.767184,33.724943,98.613395,35.184142,0.60767287660079,1.0853627966713,2.9041932408026,4.4960821583507,2.5891217326223,15.799917,"[""2019-04-10"", ""2019-05-24""]",76.666667,51.86722,3.7154062111082,23,7,7.548239,26.777777777778,4.251871,241,5210,41,58,71,171,
2025年度精选策略,2025年度精选策略/5.价值低波（下）--十年十倍（2020拜年）.txt,价值低波（下）--十年十倍（2020拜年）,价值低波（下）--十年十倍（2020拜年）,Gyro,https://www.joinquant.com/post/25183,https://www.joinquant.com/view/community/detail/f4127050e8cd5048e5201a903672be07,post_without_backtest,价值低波（下）--十年十倍（2020拜年）,Gyron,2020-01-29 20:03:43,0,,,,,,,,,,,,,,,,,,,,,,,,,,,,,5488,42,71,84,256,
2025年度精选策略,2025年度精选策略/50.昨日炸板股策略.txt,昨日炸板股策略,昨日炸板股策略,WiseFurther,https://www.joinquant.com/post/28789,https://www.joinquant.com/view/community/detail/259a0a598aa3224023ebf4d02e896f93,ok,昨日炸板股策略,WiseFurther,2020-08-09 10:15:16,1,昨日炸板策略,post,2020-01-01,2020-08-07,100000,minute,分钟,3,128.58786,14.923424,315.965371,27.102088,3.0721037333726,0.2058254415312,11.071170695822,29.301246678527,8.3643746420447,6.108218,"[""2020-02-07"", ""2020-02-14""]",57.5,51.724138,3.9869085685157,46,34,3.600168,1.225,18.677998,145,6780,75,61,97,412,
2025年度精选策略,2025年度精选策略/51.北上资金持股比选股策略（北向、港资、外资）.txt,北上资金持股比选股策略（北向、港资、外资）,北上资金持股比选股策略（北向/港资/外资）,逆熵者,https://www.joinquant.com/post/29535,https://www.joinquant.com/view/community/detail/115a4547d12f088acbb33330286a9956,ok,北上资金持股比选股策略（北向/港资/外资）,逆熵者,2020-09-25 12:06:47,1,港资持股比例17至今每日-stocknum10-checkout30-max020-min005,post,2017-03-20,2020-09-24,1000000,day,每天,3,191.327974,32.423601,36.407432,8.496038,0.27738797973392,1.0383886057779,1.3126254850321,1.8776231560958,2.0488465920308,30.565191,"[""2018-06-12"", ""2018-10-29""]",76.923077,55.400697,11.617434614611,10,3,267.597197,429.45,0.120931,861,7777,80,79,156,431,
2025年度精选策略,2025年度精选策略/52.根据北上资金买A股策略Python3版（北向、港资、外资）.txt,根据北上资金买A股策略Python3版（北向、港资、外资）,根据北上资金买A股策略Python3版（北向/港资/外资）,逆熵者,https://www.joinquant.com/post/27792,https://www.joinquant.com/view/community/detail/a6cf4472a7673a7d8cf4281694cebace,ok,根据北上资金买A股策略Python3版（北向/港资/外资）,逆熵者,2020-06-05 15:23:28,1,过去2日北向净买入最高策略-py3,post,2017-01-01,2020-02-25,500000,day,每天,3,268.496352,24.584602,53.232602,7.457898,0.45301178428686,1.1369402351718,1.7656306189919,2.681618244645,2.4638195569414,28.425212,"[""2018-06-12"", ""2018-10-30""]",76.190476,52.225131,4.1217168123965,32,10,11.076387,74.105263157895,1.418427,764,7684,126,67,145,527,
2025年度精选策略,2025年度精选策略/53.基于大盘PE标准差偏离度的聪明基金定投策略.txt,基于大盘PE标准差偏离度的聪明基金定投策略,基于大盘PE标准差偏离度的聪明基金定投策略,逆熵者,https://www.joinquant.com/post/24679,https://www.joinquant.com/view/community/detail/665ef88fe91b9d65f73125c387bf59fd,ok,基于大盘PE标准差偏离度的聪明基金定投策略,逆熵者,2019-12-27 17:17:33,1,历史PE标准差定投-高005-低025,post,2012-06-01,2019-12-26,100000,day,每天,3,150.518511,52.960821,13.251337,5.928023,0.082221966571138,0.53377982011301,0.62969797858226,0.88597456289595,0.54636772799396,21.003126,"[""2013-02-06"", ""2014-03-20""]",100,47.913279,331754.5,73,0,41.83275,1845,0.125795,1845,8841,50,88,185,451,
2025年度精选策略,2025年度精选策略/54.价值投资策略-大盘择时.txt,价值投资策略-大盘择时,价值投资策略-大盘择时,叶松,https://www.joinquant.com/post/29173,https://www.joinquant.com/view/community/detail/56270f71bc696ee1278769588ade3fa8,ok,价值投资策略-大盘择时,叶松,2020-09-01 23:37:16,1,价值投资-大盘择时,post,2019-01-01,2020-08-31,100000,day,每天,3,171.502385,59.972763,85.251406,33.645503,0.59565461899892,0.7315087131895,2.8857958996174,4.4563612923509,2.1697079524081,12.473741,"[""2020-03-06"", ""2020-03-19""]",87.5,53.08642,32.592132940682,7,1,29.192908,146.16666666667,1.280541,405,15758,337,132,255,1068,
2025年度精选策略,2025年度精选策略/55.价值投资改进版-6年9.5倍.txt,价值投资改进版-6年9.5倍,价值投资改进版-6年9.5倍,叶松,https://www.joinquant.com/post/29038,https://www.joinquant.com/view/community/detail/ec161df600ef512d0a8f00813d32b5b8,ok,价值投资改进版-6年9.5倍,叶松,2020-08-24 12:32:19,1,稳健一号,post,2014-01-01,2019-12-31,200000,day,每天,2,958.447875,75.81662,49.615887,10.1153,0.41663128068591,0.64637202871586,1.5264298107693,2.242070202492,1.4624305544872,38.505309,"[""2018-06-06"", ""2018-12-21""]",37.5,51.912568,4.1504875713281,6,10,14.94105,206.69230769231,0.122566,1464,9025,190,95,155,521,
2025年度精选策略,2025年度精选策略/56.大盘一路向上时，追总龙头2个月3倍.txt,大盘一路向上时，追总龙头2个月3倍,大盘一路向上时，追总龙头2个月3倍,叶松,https://www.joinquant.com/post/29336,https://www.joinquant.com/view/community/detail/13f4516a44013c70f5c78ba07ddb642f,ok,大盘一路向上时，追总龙头2个月3倍,叶松,2020-09-11 16:14:12,1,龙头,post,2020-07-01,2020-09-04,100000,minute,分钟,3,313.038028,14.559698,161440.510228,102.982036,1614.1240921987,0.24348871343674,1576.9611601645,6793.2756187746,1547.475753038,10.422368,"[""2020-08-04"", ""2020-08-10""]",87.5,58.333333,17.328895565686,7,1,25.751467,2.125,15.011155,48,16300,439,93,151,888,
2025年度精选策略,2025年度精选策略/57.股指期货套利，这段时间都没有交易分享给大家.txt,股指期货套利，这段时间都没有交易分享给大家,股指期货套利，这段时间都没有交易分享给大家,节点量化,https://www.joinquant.com/post/29295,https://www.joinquant.com/view/community/detail/98d2ec8aea1cbe74c3064d06e0732bf1,ok,股指期货套利，这段时间都没有交易分享给大家,节点量化,2020-09-09 11:34:18,1,股指期货套利策略,post,2018-12-31,2019-10-15,1000000,minute,分钟,3,205.402418,30.744191,337.89068,42.560066,3.4137884912305,-0.19419491234061,18.818548628443,70.576117674311,9.5268114242096,1.661609,"[""2019-01-21"", ""2019-01-31""]",63.928571,59.259259,1.8247803314348,716,404,-216.234528,18.8,2463.374863,189,4737,92,26,42,146,
2025年度精选策略,2025年度精选策略/58.严格资金管理，股指期货套利.txt,严格资金管理，股指期货套利,严格资金管理，股指期货套利,节点量化,https://www.joinquant.com/post/26820,https://www.joinquant.com/view/community/detail/e7fb2f2035f2b5a2e68cb0540285444c,ok,严格资金管理，股指期货套利,节点量化,2020-04-12 17:02:42,1,股指期货套利策略,post,2018-12-31,2019-10-15,1000000,minute,分钟,3,205.402418,30.744191,337.89068,42.560066,3.4137884912305,-0.19419491234061,18.818548628443,70.576117674311,9.5268114242096,1.661609,"[""2019-01-21"", ""2019-01-31""]",63.928571,59.259259,1.8247803314348,716,404,-216.234528,18.8,2463.374863,189,2952,27,23,46,203,
2025年度精选策略,2025年度精选策略/59.【复现】RSRS择时改进.txt,【复现】RSRS择时改进,,,,,no_source_url,,,,0,,,,,,,,,,,,,,,,,,,,,,,,,,,,,,,,,,
2025年度精选策略,2025年度精选策略/6.iAlpha 基金投资策略.txt,iAlpha 基金投资策略,iAlpha 基金投资策略,Gyro,https://www.joinquant.com/post/30024,https://www.joinquant.com/view/community/detail/a8ecbd620717d685b4ebf0d52f3954d2,post_without_backtest,iAlpha 基金投资策略,Gyron,2020-11-03 19:43:58,0,,,,,,,,,,,,,,,,,,,,,,,,,,,,,9810,40,67,139,588,
2025年度精选策略,2025年度精选策略/60.【分享】对RSRS模型的一次修改.txt,【分享】对RSRS模型的一次修改,,,,,no_source_url,,,,0,,,,,,,,,,,,,,,,,,,,,,,,,,,,,,,,,,
2025年度精选策略,2025年度精选策略/61.【复现】扩散指标择时.txt,【复现】扩散指标择时,【复现】扩散指标择时,Hugo2046,https://www.joinquant.com/post/27636,https://www.joinquant.com/view/community/detail/aa69406f4427ea472b1c640fc2e8c448,ok,【复现】扩散指标择时,Hugo2046,2020-05-27 16:31:45,1,100_90_30,post,2014-01-01,2020-04-25,500000,day,每天,3,225.226587,62.957988,21.115886,8.255566,0.15347939129491,0.41544343886902,1.0804134300253,1.430583922914,0.69003696803225,18.443056,"[""2017-11-21"", ""2019-01-02""]",50.0,50.292398,6.2038561814548,5,5,16.874959,799,0.654216,1539,5993,21,79,150,226,
2025年度精选策略,2025年度精选策略/62.【复现】北向资金交易能力一定强吗.txt,【复现】北向资金交易能力一定强吗,【复现】北向资金交易能力一定强吗,Hugo2046,https://www.joinquant.com/post/29573,https://www.joinquant.com/view/community/detail/c11731e00f6de8e489ed64cec1621c33,ok,【复现】北向资金交易能力一定强吗,Hugo2046,2020-09-28 21:01:11,1,北流择时,post,2017-01-01,2020-09-28,200000,day,每天,3,113.408969,38.422893,23.096215,9.322187,0.15574007762713,0.66179700976311,1.1902271506627,1.8049681795385,1.181203489703,16.699092,"[""2018-01-24"", ""2018-08-17""]",65.714286,49.890351,3.871078983525,23,12,2.490031,757,3.901657,912,4952,34,83,111,105,
2025年度精选策略,2025年度精选策略/63.【复现】华泰证券-波动率和换手率构建牛熊指标.txt,【复现】华泰证券-波动率和换手率构建牛熊指标,,,,,no_source_url,,,,0,,,,,,,,,,,,,,,,,,,,,,,,,,,,,,,,,,
2025年度精选策略,2025年度精选策略/64.【复现】C-VIX 中国版 VIX 编制手册.txt,【复现】C-VIX 中国版 VIX 编制手册,【复现】C-VIX 中国版 VIX 编制手册,Hugo2046,https://www.joinquant.com/post/26326,https://www.joinquant.com/view/community/detail/787f5bf7ba5add2d5bc68e154046c10e,ok,【复现】C-VIX 中国版 VIX 编制手册,Hugo2046,2020-03-20 11:25:28,1,VIX择时,post,2015-05-01,2020-04-25,100000,day,每天,3,15.039488,-14.596876,2.92234,-3.191934,0.02206848530203,0.45669341263636,-0.066381863269832,-0.075778524509192,0.34570906449373,30.392169,"[""2015-05-27"", ""2015-08-25""]",63.461538,50.657895,1.1619400821901,33,19,0.411519,661,4.270944,1216,10963,152,137,174,210,
2025年度精选策略,2025年度精选策略/65.【分享】多因子指数增强.txt,【分享】多因子指数增强,【分享】多因子指数增强,Hugo2046,https://www.joinquant.com/post/29940,https://www.joinquant.com/view/community/detail/8c60c343407d41b09def615c52c8693d,ok,【分享】多因子指数增强,Hugo2046,2020-10-28 15:14:45,1,指数增强测试-加权,post,2010-01-01,2020-10-21,1000000,day,每天,3,172.764684,34.039679,10.036123,2.831626,0.071734209921414,0.97340296431672,0.25994931744556,0.33246493976331,1.2613876501147,42.360411,"[""2015-06-08"", ""2016-01-28""]",50.957684,53.183378,1.4832932292015,2288,2202,3.950274,293.05625,1.917502,2623,24345,215,290,476,519,
2025年度精选策略,2025年度精选策略/66.【复现】A股日内动量效应（一）半小时 涨跌幅间的规律.txt,【复现】A股日内动量效应（一）半小时 涨跌幅间的规律,,,,,no_source_url,,,,0,,,,,,,,,,,,,,,,,,,,,,,,,,,,,,,,,,
2025年度精选策略,2025年度精选策略/67.RSRS择时改进-【成交量加权-钝化-右偏】.txt,RSRS择时改进-【成交量加权-钝化-右偏】,RSRS择时改进-【成交量加权-钝化-右偏】,uuyue,https://www.joinquant.com/post/27399,https://www.joinquant.com/view/community/detail/566ae9a1ab08d2a4bf4135beac15e78b,ok,RSRS择时改进-【成交量加权-钝化-右偏】,uuyue,2020-05-14 19:34:51,1,RSRS-成交量加权-右偏标准分-14_00-截至今日,post,2014-01-01,2020-05-13,10000000,day,每天,3,265.363086,70.30909,23.259567,8.9734,0.16827895322239,0.48893540974604,1.1611795796101,1.5677752598494,0.84233985682011,14.22977,"[""2018-01-24"", ""2018-10-18""]",84.615385,47.062621,41.253750163837,11,2,13.304471,1013,0.765687,1549,5299,44,49,132,297,
2025年度精选策略,2025年度精选策略/68.蒋老师吐槽了之后，我也想说说对ETF轮动策略的看法.txt,蒋老师吐槽了之后，我也想说说对ETF轮动策略的看法,蒋老师吐槽了之后，我也想说说对ETF轮动策略的看法,智习,https://www.joinquant.com/post/24430,https://www.joinquant.com/view/community/detail/9fd614ef06ab3769fa783c221af2e509,ok,蒋老师吐槽了之后，我也想说说对ETF轮动策略的看法,智习,2019-12-15 01:53:50,1,稳定盈利的ETF轮动,post,2014-01-01,2019-12-13,100000,day,每天,3,514.475089,70.307678,36.697873,9.600631,0.29917687212513,0.49640574324863,1.5178128451855,2.1977071760954,1.2523967878175,18.435581,"[""2015-12-23"", ""2016-02-25""]",53.113553,50.688705,2.138561203147,145,128,0.795111,118,18.042173,1452,11729,106,102,154,379,
2025年度精选策略,2025年度精选策略/69.（12.3更新v1.2）朱虽自用1号（神虽顶底+趋势）.txt,（12.3更新v1.2）朱虽自用1号（神虽顶底+趋势）,（12.3更新v1.2）朱虽自用1号（神虽顶底+趋势）,Fibonabbit,https://www.joinquant.com/post/29276,https://www.joinquant.com/view/community/detail/7c431f62580cf962275cd6464aaf45be,ok,（12.3更新v1.2）朱虽自用1号（神虽顶底+趋势）,Fibonabbit,2020-09-08 13:52:40,1,朱虽自用v1,post,2006-09-01,2020-09-01,1000000,day,每天,3,1070.738524,231.423553,19.791177,9.193322,0.13406934086994,0.45909784331983,0.77869302133794,1.0749517354242,0.48174928766832,34.067862,"[""2011-07-15"", ""2014-07-23""]",62.660944,51.409278,1.9701779998176,146,87,3.653185,2010,2.357183,3406,4746,82,36,45,127,
2025年度精选策略,2025年度精选策略/7.股债波动平衡.txt,股债波动平衡,股债波动平衡,囚徒,https://www.joinquant.com/post/28893,https://www.joinquant.com/view/community/detail/ca98873e716ccb60902f337b2af8512b,ok,股债波动平衡,囚徒,2020-08-16 13:19:34,1,基金定投组合_20波2,post,2014-06-01,2020-07-31,100000,day,每天,3,118.758732,117.720245,13.886608,13.796622,0.079692705146817,0.1957141185122,1.4417718336376,1.8255568944958,0.0044718864089737,8.438224,"[""2020-03-05"", ""2020-03-23""]",78.301887,48.903654,10.339713913156,664,184,7.670432,1505,0.855763,1505,4355,15,38,73,291,
2025年度精选策略,2025年度精选策略/70.超稳的股息率+均线选股策略.txt,超稳的股息率+均线选股策略,超稳的股息率+均线选股策略,策略人生,https://www.joinquant.com/post/27782,https://www.joinquant.com/view/community/detail/efd4958d8d4f0b684b7245d9f95df080,ok,超稳的股息率+均线选股策略,策略人生,2020-06-05 00:44:39,1,股息+均线策略,post,2013-01-01,2020-06-03,100000,day,每天,3,228.291179,57.89651,17.929671,6.542078,0.12940752393368,0.38901987743123,0.88026678872613,1.1924211064244,0.58930290674194,17.626859,"[""2019-04-17"", ""2019-08-07""]",67.326733,48.612653,3.9317214227061,68,33,8.050063,214.75,1.081399,1802,8125,47,54,113,648,
2025年度精选策略,2025年度精选策略/71.【股指策略】【研报复现】周内与日内结合CTA.txt,【股指策略】【研报复现】周内与日内结合CTA,【股指策略】【研报复现】周内与日内结合CTA,魔术先生,https://www.joinquant.com/post/30310,https://www.joinquant.com/view/community/detail/fd922b9783ef90f5ff6ebeb0eab1a439,post_without_backtest,【股指策略】【研报复现】周内与日内结合CTA,魔术先生,2020-11-25 17:19:15,0,,,,,,,,,,,,,,,,,,,,,,,,,,,,,4013,29,38,61,193,
2025年度精选策略,2025年度精选策略/72.【股指期货】收盘折溢价策略.txt,【股指期货】收盘折溢价策略,【股指期货】收盘折溢价策略,魔术先生,https://www.joinquant.com/post/30028,https://www.joinquant.com/view/community/detail/5dd4507230b7885a4e640b985d451efb,ok,【股指期货】收盘折溢价策略,魔术先生,2020-11-04 11:13:36,1,收盘折溢价,post,2017-01-03,2019-06-30,10000000,day,每天,3,171.497187,15.573944,51.09214,6.163488,0.46193989808094,0.41514008547244,2.1972421618137,2.8567945147831,1.9738667513626,10.216226,"[""2018-02-08"", ""2018-03-30""]",57.692308,50.082645,1.7711686859663,165,121,-5945.521642,10,127.253298,605,3845,28,35,51,203,
2025年度精选策略,2025年度精选策略/73.基于期权PCR与标的波动率价差的股指期货套利.txt,基于期权PCR与标的波动率价差的股指期货套利,基于期权PCR与标的波动率价差的股指期货套利,魔术先生,https://www.joinquant.com/post/27664,https://www.joinquant.com/view/community/detail/2015f5c8158378814e9e57ba32f7cdf0,ok,基于期权PCR与标的波动率价差的股指期货套利,魔术先生,2020-05-29 09:45:45,1,PCR股指期货,post,2018-01-03,2020-09-24,1000000,minute,分钟,3,1553.909116,10.657228,187.135628,3.880434,1.8307290220456,-0.52461006465186,3.3249589039531,11.413078542909,2.9035286059903,19.85433,"[""2018-02-09"", ""2018-04-03""]",65.57377,49.323308,15.928926044374,160,84,-73.400497,4,11.736137,665,6074,57,49,92,289,
2025年度精选策略,2025年度精选策略/74.迪马克TD趋势反转指标.txt,迪马克TD趋势反转指标,迪马克TD趋势反转指标,魔术先生,https://www.joinquant.com/post/28543,https://www.joinquant.com/view/community/detail/f68b2accd0f298d619e1cd523d562c25,ok,迪马克TD趋势反转指标,魔术先生,2020-07-23 16:28:40,1,迪马克TD趋势反转指标,post,2016-01-05,2020-07-24,1000000,day,每天,3,1821.821748,29.878901,94.708666,6.070549,0.89396602683404,0.633678760687,1.7598526760558,2.3221206609366,1.7546023706819,46.242775,"[""2020-01-14"", ""2020-03-23""]",63.636364,53.110911,2.5254771527469,28,16,-106.270594,20.340909090909,12.758426,1109,4126,29,28,36,120,
2025年度精选策略,2025年度精选策略/75.最近2年年化100%以上回撤12%的打板策略-验证策略.txt,最近2年年化100%以上回撤12%的打板策略-验证策略,最近2年年化100%以上回撤12%的打板策略-验证策略,大思维者,https://www.joinquant.com/post/28552,https://www.joinquant.com/view/community/detail/b71585eb57e0665777043dc36409eadf,ok,最近2年年化100%以上回撤12%的打板策略-验证策略,大思维者,2020-07-23 21:52:35,1,触及涨停打板----验证策略,post,2019-01-01,2020-07-22,200000,minute,分钟,3,345.692209,33.652512,169.398138,21.210211,1.5870134897587,0.38911720880485,5.5299201066074,8.6452329104604,4.7191329474658,11.849511,"[""2020-04-20"", ""2020-05-25""]",46.177559,53.580902,1.4463064342006,749,873,1.134684,1.7402376910017,41.209623,377,6649,46,37,66,265,
2025年度精选策略,2025年度精选策略/76.日内交易策略R-breaker - 300346.XSHE.txt,日内交易策略R-breaker - 300346.XSHE,日内交易策略R-breaker - 300346.XSHE,Pole,https://www.joinquant.com/post/26397,https://www.joinquant.com/view/community/detail/682ae9d9a94c50e994091c8eb2577e14,ok,日内交易策略R-breaker - 300346.XSHE,Pole,2020-03-23 13:57:01,1,R-breaker,post,2019-01-01,2020-03-21,1000000,tick,TICK,3,158.577288,21.343232,123.693241,17.814739,1.0907992367487,0.76826042690493,1.9746972882125,3.1119178949733,1.8126719766076,28.602762,"[""2020-02-25"", ""2020-03-12""]",49.610895,46.440678,2.408713051899,255,259,4.970937,294,11.876435,295,6134,52,38,108,389,
2025年度精选策略,"2025年度精选策略/77.超强单因子策略（EBIT,EV）.txt","超强单因子策略（EBIT,EV）",超强单因子策略（EBIT/EV）,乌龟赛跑7,https://www.joinquant.com/post/24809,https://www.joinquant.com/view/community/detail/586b90c21fd1c4ea39c9d2d4cfda300c,ok,超强单因子策略（EBIT/EV）,乌龟赛跑7,2020-01-03 11:21:42,1,单因子EBIT比EV回测,post,2009-01-01,2019-12-31,10000000,day,每天,3,780.61259,125.369144,22.54558,7.8899,0.14673407854147,0.99544273733301,0.70774727493142,0.89411314895837,1.3850081091938,39.627228,"[""2015-06-12"", ""2016-01-28""]",61.750359,56.149533,1.7950104339662,2152,1333,9.871224,205.29147286822,1.368671,2675,2796,16,31,32,113,
2025年度精选策略,2025年度精选策略/78.机器学习模型大比拼!.txt,机器学习模型大比拼!,,,,,no_source_url,,,,0,,,,,,,,,,,,,,,,,,,,,,,,,,,,,,,,,,
2025年度精选策略,2025年度精选策略/79.【多因子选股模型框架】(单因子各项指标评分细则).txt,【多因子选股模型框架】(单因子各项指标评分细则),【多因子选股模型框架】(单因子各项指标评分细则),酷安克L2,https://www.joinquant.com/post/27018,https://www.joinquant.com/view/community/detail/b8ae4f443d688b7d479c07dffdf3fd56,ok,【多因子选股模型框架】(单因子各项指标评分细则),酷安克L2,2020-04-22 22:34:13,1,多因子选股策略v1修正,post,2010-03-31,2020-03-31,1000000,day,每天,3,80.03817,9.488492,6.230805,0.936194,0.052823187829475,0.99598788773337,0.091733048591424,0.12022798905866,0.72730144686997,41.605093,"[""2015-06-12"", ""2016-01-28""]",56.628788,53.125,1.4465557600304,897,687,6.347671,267.16304347826,1.461756,2432,13332,71,164,342,478,
2025年度精选策略,2025年度精选策略/8.因子分析 营业利润TTM.txt,因子分析 营业利润TTM,,,,,no_source_url,,,,0,,,,,,,,,,,,,,,,,,,,,,,,,,,,,,,,,,
2025年度精选策略,2025年度精选策略/80.公募基金抱团.txt,公募基金抱团,公募基金抱团,dejiangwang,https://www.joinquant.com/post/29768,https://www.joinquant.com/view/community/detail/856e0ae7a27466fc3371b6edb5fed35a,ok,公募基金抱团,dejiangwang,2020-10-17 19:59:22,1,公募基金抱团效应,post,2014-01-30,2020-10-24,1000000,day,每天,3,176.014281,111.802332,16.760849,12.136043,0.086848334369941,0.500982562448,0.93247429529112,1.2699724395929,0.33895540856195,21.267626,"[""2015-06-11"", ""2015-09-15""]",62.142857,50.42735,3.2324263354099,696,424,8.443551,266.15073529412,0.757439,1638,3715,39,29,51,134,
2025年度精选策略,2025年度精选策略/81.无杠杆，稳定盈利的etf轮动，06年开始3000%收益.txt,无杠杆，稳定盈利的etf轮动，06年开始3000%收益,无杠杆，稳定盈利的etf轮动，06年开始3000%收益,热爱大自然,https://www.joinquant.com/post/24321,https://www.joinquant.com/view/community/detail/963f2092a1ae7a9613102001c957bc24,ok,无杠杆，稳定盈利的etf轮动，06年开始3000%收益,热爱大自然,2019-12-10 15:15:09,1,无杠杆回撤更小的etf轮动,post,2006-01-01,2019-10-01,100000,day,每天,3,3137.198424,313.073799,29.69857,11.190703,0.22415428342791,0.45658144010688,1.170670344106,1.6045147644739,0.789931568603,36.242101,"[""2009-11-23"", ""2012-12-05""]",58.112094,50.403829,2.0179762470464,394,284,0.595646,321.25,20.846218,3343,22546,322,165,360,1447,
2025年度精选策略,2025年度精选策略/82.无需先验知识，动态选择的etf轮动策略，更具鲁棒性.txt,无需先验知识，动态选择的etf轮动策略，更具鲁棒性,无需先验知识，动态选择的etf轮动策略，更具鲁棒性,热爱大自然,https://www.joinquant.com/post/24429,https://www.joinquant.com/view/community/detail/43772578d10c93ccf112dee8467648b9,ok,无需先验知识，动态选择的etf轮动策略，更具鲁棒性,热爱大自然,2019-12-14 23:39:45,1,etf轮动-动态选择etf候选,post,2006-01-01,2019-12-13,100000,day,每天,3,1337.578795,329.716823,21.708449,11.344131,0.145791761774,0.42609167481021,0.79008123377216,1.0977693870042,0.41787971812512,34.508889,"[""2009-11-23"", ""2012-11-28""]",57.457213,49.233491,1.5166396586766,470,348,0.433674,77.030303030303,28.549359,3392,5144,45,53,97,342,
2025年度精选策略,2025年度精选策略/83.识别趋势震荡之神器 MESA最大熵谱分析（一）：滤波器建立.txt,识别趋势震荡之神器 MESA最大熵谱分析（一）：滤波器建立,,,,,no_source_url,,,,0,,,,,,,,,,,,,,,,,,,,,,,,,,,,,,,,,,
2025年度精选策略,2025年度精选策略/84.ETF网格交易策略.txt,ETF网格交易策略,ETF网格交易策略,pia19,https://www.joinquant.com/post/27759,https://www.joinquant.com/view/community/detail/3e6e585f4ec3e792c15d1b5e2ef366f5,ok,ETF网格交易策略,pia19,2020-06-03 10:12:28,1,ETF网格交易,post,2019-04-01,2020-06-01,20000,day,每天,3,12.26,2.556594,10.716457,2.247111,0.073013452959766,0.33367079415978,0.70210598553476,1.0386571527719,0.55160763021017,5.105381,"[""2020-03-05"", ""2020-05-25""]",70.588235,50.704225,3.6856676811245,12,5,3.008539,262,1.841351,284,14705,121,94,150,721,
2025年度精选策略,2025年度精选策略/85.易方达中小盘（魔改版）.txt,易方达中小盘（魔改版）,易方达中小盘（魔改版）,猪头港,https://www.joinquant.com/post/28287,https://www.joinquant.com/view/community/detail/864d85c567796e1a7099f96b0d4c24da,ok,易方达中小盘（魔改版）,猪头港,2020-07-06 23:06:51,1,银河创新成长,post,2016-01-01,2020-07-05,100000,day,每天,3,230.692672,15.156248,31.398402,3.274376,0.27780596034095,0.52671062262278,1.3677160398194,1.8923310678246,1.4413267194799,16.288046,"[""2019-11-22"", ""2020-03-18""]",47.058824,52.60274,15.85987661635,24,27,8.197352,535.5,2.515627,1095,6223,43,35,77,304,
2025年度精选策略,2025年度精选策略/86.北上詹姆斯.txt,北上詹姆斯,北上詹姆斯,猪头港,https://www.joinquant.com/post/29225,https://www.joinquant.com/view/community/detail/d8e44acf706dca56a20ac01009404bc9,ok,北上詹姆斯,猪头港,2020-09-04 20:52:49,1,北上资金仓位调整,post,2017-06-01,2020-09-03,3000000,day,每天,3,162.072332,37.911981,35.233512,10.594865,0.28848703997743,0.36161595874979,2.1788971068075,3.4761851159601,1.378267080429,10.38938,"[""2018-06-12"", ""2019-01-03""]",75.316456,53.383459,9.6853256243104,119,39,10.541596,144.97777777778,1.320738,798,17677,423,160,233,1336,
2025年度精选策略,2025年度精选策略/87.穿越牛熊基业长青的价值精选策略（小资本也有大作为）.txt,穿越牛熊基业长青的价值精选策略（小资本也有大作为）,穿越牛熊基业长青的价值精选策略（小资本也有大作为）,发现alpha,https://www.joinquant.com/post/28567,https://www.joinquant.com/view/community/detail/90b28b79ed54feeeabf703dc1a9da681,ok,穿越牛熊基业长青的价值精选策略（小资本也有大作为）,发现alpha,2020-07-25 12:50:32,1,价值投资小股票,post,2019-01-01,2020-07-24,20000,day,每天,2,125.101717,49.655058,70.781116,30.465489,0.5165032977258,0.57171761026551,3.0313450248217,4.4160829528146,1.9831204787569,15.680769,"[""2019-11-21"", ""2019-12-03""]",100,55.936675,11057,4,0,68.985533,135.57142857143,0.336762,379,4883,45,35,88,309,
2025年度精选策略,2025年度精选策略/88.基于动量因子的ETF轮动加上RSRS择时.txt,基于动量因子的ETF轮动加上RSRS择时,基于动量因子的ETF轮动加上RSRS择时,慕长风,https://www.joinquant.com/post/26142,https://www.joinquant.com/view/community/detail/d7776a2d774bde97c79756e316f03aa6,ok,基于动量因子的ETF轮动加上RSRS择时,慕长风,2020-03-10 23:46:39,1,动量因子加RSRS择时和ETF轮动周调仓,post,2014-02-18,2020-03-09,100000,day,每天,3,299.497213,72.912422,26.399264,9.705324,0.19058931988813,0.58547631155768,1.004926111221,1.3205546136847,0.83599780429388,23.054866,"[""2015-06-12"", ""2015-08-18""]",51.530612,51.150203,2.0314581200272,101,95,1.504308,303.57142857143,6.917725,1478,21300,79,126,232,928,
2025年度精选策略,2025年度精选策略/89.2020年效果很好的策略-龙回头策略v3.0.txt,年效果很好的策略-龙回头策略v3.0,2020年效果很好的策略-龙回头策略v3.0,橘座量化,https://www.joinquant.com/post/27429,https://www.joinquant.com/view/community/detail/cb321cc0be77a6504208515a200d0ad3,ok,2020年效果很好的策略-龙回头策略v3.0,橘座量化,2020-05-16 18:07:12,1,连板-回调-冲高-阉割上传版本,post,2020-01-01,2020-05-09,100000,minute,分钟,3,86.062293,-3.245634,563.940521,-9.569962,5.6067243698361,0.053936509179143,14.3145264787,29.711371717437,12.247600779784,6.860967,"[""2020-03-10"", ""2020-03-18""]",56.666667,52.439024,3.1270096463023,17,13,4.766256,1.3448275862069,19.500492,82,7195,49,56,95,469,
2025年度精选策略,2025年度精选策略/9.持续跑赢大盘-真蓝筹v2(资金容量千万以上).txt,持续跑赢大盘-真蓝筹v2(资金容量千万以上),持续跑赢大盘-真蓝筹v2(资金容量千万以上),柱子嗨翻天,https://www.joinquant.com/post/26117,https://www.joinquant.com/view/community/detail/075ba1c9fc536f0240d5d27e409b48a1,ok,持续跑赢大盘-真蓝筹v2(资金容量千万以上),柱子嗨翻天,2020-03-09 22:35:42,1,v3-RSRS择时-10年真蓝筹-share-new,post,2014-01-01,2020-01-01,10000000,day,每天,3,233.426423,75.81662,22.831601,10.1153,0.16481427318927,0.38431041645454,1.2671100923251,1.8334851835542,0.67961362868622,11.699489,"[""2019-04-19"", ""2019-06-06""]",74.207493,49.31694,4.1183866734086,515,179,9.441495,212.52941176471,1.35039,1464,6899,80,83,103,447,
2025年度精选策略,2025年度精选策略/90.超稳+翻倍，贝塔值只有0.048的期指策略.txt,超稳+翻倍，贝塔值只有0.048的期指策略,超稳+翻倍，贝塔值只有0.048的期指策略,老虎渔,https://www.joinquant.com/post/30449,https://www.joinquant.com/view/community/detail/0fe934ee5865bfb9b52fabfa751dddd6,ok,超稳+翻倍，贝塔值只有0.048的期指策略,老虎渔,2020-12-06 17:01:02,1,Tiger优化指数复合折溢价策略,post,2018-01-01,2020-11-19,1000000,day,每天,3,1000.343132,19.215575,135.491011,6.478466,1.3137144334082,0.048242713898292,3.4646074389819,13.051136380388,3.0004452791809,10.591373,"[""2018-07-09"", ""2018-07-23""]",58.662614,51.428571,3.4773406812452,193,136,-72.735637,7.5744680851064,97.463086,700,4166,41,32,82,320,
2025年度精选策略,2025年度精选策略/91.欧奈尔 RPS选股战法回测.txt,欧奈尔 RPS选股战法回测,欧奈尔 RPS选股战法回测,子不语19,https://www.joinquant.com/post/27255,https://www.joinquant.com/view/community/detail/9c1d9d2ad4f37ed7a3a3786c18d06c67,ok,欧奈尔 RPS选股战法回测,子不语19,2020-05-07 06:37:41,1,RPS选股demo,post,2019-01-01,2020-04-16,100000,day,每天,3,109.172988,26.297643,80.299652,20.499881,0.58950385876676,1.0514782216095,2.2807942916676,3.238839646417,2.4925870371767,24.014977,"[""2020-02-25"", ""2020-03-23""]",54.545455,54.632588,3.7144629732079,12,10,16.526358,60.192307692308,1.28913,313,8293,60,46,75,383,
2025年度精选策略,2025年度精选策略/92.敢于直接实盘的—八仙过海V2.txt,敢于直接实盘的—八仙过海V2,敢于直接实盘的—八仙过海V2,Funine,https://www.joinquant.com/post/30551,https://www.joinquant.com/view/community/detail/ec8f69da431141a462f8e0732ec318e5,ok,敢于直接实盘的—八仙过海V2,Funine,2020-12-13 12:00:22,1,八仙过海-LOF轮动V2,post,2017-01-01,2020-12-11,1000000,day,每天,3,123.534334,47.71939,23.303403,10.694069,0.17152654379856,0.32129166072348,2.0569690126573,3.2976403316483,0.85044710315815,5.727342,"[""2020-07-13"", ""2020-07-27""]",68.619247,52.708333,3.876890294336,2460,1125,1.670279,745.22222222222,56.96249,960,8395,99,62,125,567,
2025年度精选策略,2025年度精选策略/93北向Boll带_ETF组合宝付费策略.txt,北向Boll带_ETF组合宝付费策略,北向Boll带_ETF组合宝付费策略,Funine,https://www.joinquant.com/post/30461,https://www.joinquant.com/view/community/detail/c293cf68b1220ce231e440e8172b82b3,ok,北向Boll带_ETF组合宝付费策略,Funine,2020-12-07 08:54:00,1,北向资金宽基ETF-Clone,post,2018-01-01,2020-12-06,100000,minute,分钟,3,165.640223,25.678703,40.99026,8.36827,0.35346971517808,0.37618752508266,2.3157955463952,3.8405110865973,1.6972962437288,8.306884,"[""2019-09-09"", ""2019-11-29""]",73.333333,52.742616,6.117116082572,55,20,3.828321,96.727272727273,6.132671,711,5249,104,79,82,364,
2025年度精选策略,2025年度精选策略/94.小资金短线策略.txt,小资金短线策略,小资金短线策略,rickch,https://www.joinquant.com/post/28782,https://www.joinquant.com/view/community/detail/086397d0c6dc6b25883884b50d2e2806,ok,小资金短线策略,rickch,2020-08-08 21:35:36,1,短线策略,post,2019-01-01,2020-06-30,100000,day,每天,3,163.316608,40.699705,95.519431,26.676517,0.7697905336928,0.64120860241789,2.9693891466521,5.1905532911759,2.474560578355,12.984469,"[""2019-03-06"", ""2019-03-27""]",50.046339,50.138504,1.4752970067452,540,539,0.545464,2.634382566586,68.831568,361,25515,533,180,275,1640,
2025年度精选策略,2025年度精选策略/95.冲天炮最高板策略迭代.txt,冲天炮最高板策略迭代,冲天炮最高板策略迭代,暗影之光,https://www.joinquant.com/post/29403,https://www.joinquant.com/view/community/detail/54ae5195ef24399beabebc00180b3033,ok,冲天炮最高板策略迭代,暗影之光,2020-09-15 20:08:59,1,冲天炮最高板策略迭代,post,2020-01-01,2020-09-04,100000,minute,分钟,3,884.229794,16.443961,3096.624899,25.943925,30.791637228452,0.61343519071386,33.072038596473,60.818132407958,33.109566778537,32.881903,"[""2020-06-03"", ""2020-06-29""]",48.648649,52.727273,4.0778921640984,18,19,9.328904,1.8378378378378,19.556497,165,9053,110,35,51,266,
2025年度精选策略,2025年度精选策略/96.分享一个简单的选股器.txt,分享一个简单的选股器,,,,,no_source_url,,,,0,,,,,,,,,,,,,,,,,,,,,,,,,,,,,,,,,,
2025年度精选策略,2025年度精选策略/97.稳定高回报周期股策略2-RSRS择时.txt,稳定高回报周期股策略2-RSRS择时,稳定高回报周期股策略2-RSRS择时,风轻云淡0769,https://www.joinquant.com/post/29915,https://www.joinquant.com/view/community/detail/beb9d52387675c141479c7990c4bd8f8,ok,稳定高回报周期股策略2-RSRS择时,风轻云淡0769,2020-10-26 22:48:17,1,稳定高回报周期股策略2-RSRS择时20倍,post,2010-01-01,2020-10-13,100000,day,每天,3,1907.685275,35.336495,33.181994,2.932843,0.29782894491207,0.56308507668789,1.2344031754808,1.8130536795718,1.3647934540357,26.546968,"[""2019-04-08"", ""2019-09-30""]",75.628931,50.630493,3.6430119553205,481,155,9.248844,75.728971962617,1.674185,2617,3681,49,29,42,193,
2025年度精选策略,2025年度精选策略/98.追涨大师（超额142）.txt,追涨大师（超额142）,追涨大师（超额142）,张仨06,https://www.joinquant.com/post/30457,https://www.joinquant.com/view/community/detail/f07f3ffb2a4f681b3e1e61f440fa44fb,ok,追涨大师（超额142）,张仨06,2020-12-06 22:25:08,1,搜哈,post,2020-02-04,2020-12-05,100000,day,每天,3,248.457064,37.348849,351.616347,46.708522,3.1232090636143,0.82642617131507,6.8692107339737,11.739112809971,6.4316501471881,26.134097,"[""2020-03-19"", ""2020-04-29""]",76.190476,49.758454,6.2403251243479,16,5,6.653862,6.7727272727273,9.838661,207,7682,107,62,111,591,
2025年度精选策略,2025年度精选策略/99.最新龙回头5.0速度优化版+风险控制版本.txt,最新龙回头5.0速度优化版+风险控制版本,最新龙回头5.0速度优化版+风险控制版本,GoodThinker,https://www.joinquant.com/post/30071,https://www.joinquant.com/view/community/detail/a7a637d4d48b02fb3197990bd80dbe2f,post_without_backtest,最新龙回头5.0速度优化版+风险控制版本,GoodThinker,2020-11-08 17:02:02,0,,,,,,,,,,,,,,,,,,,,,,,,,,,,,8848,171,59,79,402,
聚宽2026年精选,聚宽2026年精选/10.10年52倍，年化59，全新因子方法超稳定.txt,年52倍，年化59，全新因子方法超稳定,10年52倍，年化59%，全新因子方法超稳定,小白F,https://www.joinquant.com/post/44699,https://www.joinquant.com/view/community/detail/4cbd2cd2b666ee3b0ce6da8be939055d,ok,10年52倍，年化59%，全新因子方法超稳定,小白F,2023-11-01 11:55:41,1,ARBR,post,2014-10-31,2023-10-31,100000,day,每天,3,5817.293542,10.728013,59.329854,1.170111,0.57489838608984,0.76327527957479,1.7933985330586,2.3917656491674,2.356576695629,32.705223,"[""2020-09-03"", ""2021-01-13""]",66.751269,51.826484,2.533814760387,263,131,3.61825,62.778947368421,6.342492,2190,14454,335,137,232,845,
聚宽2026年精选,聚宽2026年精选/100使用K-means 聚类对基金分类.py,使用K-means 聚类对基金分类,,,,,no_source_url,,,,0,,,,,,,,,,,,,,,,,,,,,,,,,,,,,,,,,,
聚宽2026年精选,聚宽2026年精选/11低风险中等收益策略.txt,低风险中等收益策略,低风险中等收益策略,Gyro^.^,https://www.joinquant.com/post/48789,https://www.joinquant.com/view/community/detail/75ddfe28501d8adad8725e85f371eaca,ok,致敬市场(15)——小盘三正低风险中等收益策略,Gyron,2024-06-16 18:35:14,1,lowRisk,post,2006-01-01,2024-06-01,1234567,day,每天,3,1648.686558,287.667984,17.346955,7.869064,0.12365890146456,0.25356634131788,1.2747555717293,1.6437613214545,0.45369121712816,16.563133,"[""2008-03-06"", ""2008-10-27""]",66.522944,51.744186,2.6552596921473,2160,1087,7.765607,159.70093457944,0.798202,4472,26801,175,220,404,1388,
聚宽2026年精选,聚宽2026年精选/12用子账户模拟多策略分仓.txt,用子账户模拟多策略分仓,用子账户模拟多策略分仓,赌神Buffett,https://www.joinquant.com/post/47344,https://www.joinquant.com/view/community/detail/4e5c8dd9ca7e55d8b94c94b56b1e4569,ok,用子账户模拟多策略分仓,赌神Buffett,2024-03-31 00:13:46,1,MultiStrategy-ETF1-PB1-XSZ3-DaMa1-share,post,2016-01-01,2023-12-31,100000,day,每天,3,1066.789517,-8.038038,37.134134,-1.071279,0.36206617506686,0.60585971191898,1.6422537035815,2.2684908287147,2.1016579211717,17.634538,"[""2020-09-08"", ""2021-02-08""]",56.585366,54.755784,2.7141989631481,348,267,2.800166,41.173387096774,4.208881,1945,6956,140,112,196,608,
聚宽2026年精选,聚宽2026年精选/13首板高开-低开-弱转强混合策略（今年收益1138.61）.txt,首板高开-低开-弱转强混合策略（今年收益1138.61）,首板高开-低开-弱转强混合策略（今年收益1138.61%）,天山灵兔,https://www.joinquant.com/post/49499,https://www.joinquant.com/view/community/detail/943459e7a2efedf0c73635782d121071,ok,首板高开-低开-弱转强混合策略（今年收益1138.61%）,天山灵兔,2024-08-17 19:34:24,1,首板放量高开-低开-弱转强混合策略,post,2024-01-01,2024-08-13,100000,day,每天,3,1138.612251,-2.818913,6719.99694,-4.684394,67.23323406026,0.84363589254744,85.687124534712,216.4097216739,86.744268492592,13.014155,"[""2024-01-23"", ""2024-01-30""]",74.285714,62.416107,8.2949089674268,52,18,4.972041,1.4782608695652,24.627183,149,11565,72,94,201,1137,
聚宽2026年精选,聚宽2026年精选/14安全摸狗策略.txt,安全摸狗策略,安全摸狗策略,MarioC,https://www.joinquant.com/post/49263,https://www.joinquant.com/view/community/detail/25c6eea8bf1b3ea5a3911ac95103e1e1,ok,安全摸狗策略,MarioC,2024-07-26 10:02:32,1,核资轮V1.1,post,2015-01-01,2024-07-25,100000,day,每天,3,1055.46839,-3.804228,30.09933,-0.416172,0.27936203562283,0.41594238394087,1.2194855883526,1.687845045002,1.3156616610346,21.291452,"[""2015-05-12"", ""2015-09-30""]",51.497006,52.645161,2.6255581768125,86,81,1.673224,546.75,6.640499,2325,20847,71,169,392,1406,
聚宽2026年精选,聚宽2026年精选/15小市值排除3个bug版，22年至今收益506.txt,小市值排除3个bug版，22年至今收益506,小市值排除3个bug版，22年至今收益506%回撤11%,1616,https://www.joinquant.com/post/47933,https://www.joinquant.com/view/community/detail/b1fc2dba02af72d16ceddeb1e4806089,ok,小市值排除3个bug版，22年至今收益506%回撤11%,1616,2024-04-30 00:45:43,1,动态持仓 止损线9 单价不超过50 修复4个bug,post,2022-01-01,2024-04-19,100000,day,每天,3,506.690122,-33.600262,125.261932,-16.843776,1.3394047984535,0.60826541926931,4.3708418872947,6.5247230425163,5.4533432158805,11.034653,"[""2022-08-12"", ""2022-09-26""]",80.921053,60.36036,7.2570084573152,123,29,5.358684,59.8,8.486315,555,11984,56,109,245,892,
聚宽2026年精选,聚宽2026年精选/16集合竞价三合一，今年收益1067.txt,集合竞价三合一，今年收益1067,集合竞价三合一，今年收益1067%，年化198%,jevon y,https://www.joinquant.com/post/49474,https://www.joinquant.com/view/community/detail/2d7b56568f14e2a5983f7bdf183296bd,ok,集合竞价三合一，今年收益1067%，年化198%,jevon y,2024-08-14 16:34:49,1,集合竞价三合一(一进二-首板低开-弱转强),post,2024-01-01,2024-08-13,100000,day,每天,3,1067.489693,-2.818913,6075.797478,-4.684394,60.793830322697,0.87346965481728,77.697508882726,191.10991513777,78.748359541871,13.737233,"[""2024-01-23"", ""2024-01-30""]",79.62963,62.416107,7.4542299456027,43,11,6.385683,1.5090909090909,25.610608,149,12563,57,92,199,881,
聚宽2026年精选,聚宽2026年精选/17多品种ETF动量轮动+EPO优化.txt,多品种ETF动量轮动+EPO优化,多品种ETF动量轮动+EPO优化,openhe,https://www.joinquant.com/post/47208,https://www.joinquant.com/view/community/detail/b803a02b6ff2161eb67eacac1676b25d,ok,多品种ETF动量轮动+EPO优化,openhe,2024-03-23 15:39:26,1,"&#123;&#39;_lambda&#39;: 10.0, &#39;w&#39;: 0.2}",post,2019-01-01,2024-03-21,100000,day,每天,3,282.321992,18.947403,30.320783,3.485743,0.26589258779012,0.5220652662761,1.2812408172336,1.7762029936294,1.3319814348734,27.016398,"[""2020-02-13"", ""2020-05-14""]",68.686869,53.475513,3.8701266544548,68,31,5.792929,224.16666666667,2.676566,1266,10837,80,126,312,712,
聚宽2026年精选,聚宽2026年精选/18国庆节献礼：实例说明白马股攻防转换策略.txt,国庆节献礼：实例说明白马股攻防转换策略,国庆节献礼：实例说明白马股攻防转换策略,蚂蚁量化,https://www.joinquant.com/post/50043,https://www.joinquant.com/view/community/detail/51b35b6e7299bde1585129d413edf5ee,ok,国庆节献礼：实例说明“白马攻防”策略,蚂蚁量化,2024-10-05 13:38:36,1,白马股攻防转换策略V1,post,2013-04-11,2024-10-03,1000000,day,每天,3,2966.368382,61.663937,35.882127,4.396572,0.31619032362526,0.66342289711057,1.3764410020899,1.9665833572247,1.6101890162036,23.422479,"[""2018-02-26"", ""2019-01-02""]",60.9375,51.307775,3.2038211791197,156,100,7.629342,123.29090909091,1.679377,2791,15477,98,160,369,979,
聚宽2026年精选,聚宽2026年精选/19机器学习线性回归小市值.txt,机器学习线性回归小市值,机器学习线性回归小市值,MarioC,https://www.joinquant.com/post/48426,https://www.joinquant.com/view/community/detail/b86f2ec1541453e93ca5e6a695fce55c,ok,机器学习线性回归小市值,MarioC,2024-05-26 15:52:36,1,差不多得了V1.0,post,2008-11-01,2024-05-26,100000,day,每天,3,357733.687043,240.165299,71.77884,8.431479,0.64552540662821,0.7280411620578,2.4337170896731,3.1480986964586,2.9507339514909,33.179092,"[""2011-03-25"", ""2012-01-05""]",64.407989,53.134092,2.9009079046164,903,499,3.492576,28.241935483871,3.520682,3781,12777,56,153,302,554,
聚宽2026年精选,聚宽2026年精选/20小盘股动态调仓，100只10年17倍.py,小盘股动态调仓，100只10年17倍,,,,,no_source_url,,,,0,,,,,,,,,,,,,,,,,,,,,,,,,,,,,,,,,,
聚宽2026年精选,聚宽2026年精选/21【原创】年化123涨停弱转强竞价战法.txt,【原创】年化123涨停弱转强竞价战法,【原创】年化123%最大回撤14%涨停弱转强竞价战法,漩涡蓝蛙,https://www.joinquant.com/post/48357,https://www.joinquant.com/view/community/detail/0ab33e9ecd4913f0cd680fcc884ad10a,ok,【原创】年化123%最大回撤14%涨停弱转强竞价战法,漩涡蓝蛙,2024-05-22 21:18:14,1,42  无换手  左压0.9  非创业板,post,2022-04-01,2024-04-10,100000,day,每天,3,384.668368,-17.001137,123.72611,-9.069354,1.2173686637012,0.15385276765233,3.3905530474623,6.1472301271665,3.5125309875326,14.188631,"[""2023-04-06"", ""2023-09-12""]",55.084746,53.469388,2.3800336606255,65,53,2.173189,1.2596153846154,17.148871,490,8224,50,64,115,530,
聚宽2026年精选,聚宽2026年精选/22带上止损的核心资产轮动才更安心，低回撤，高收益率.txt,带上止损的核心资产轮动才更安心，低回撤，高收益率,带上止损的核心资产轮动才更安心，低回撤，高收益率,养家大哥,https://www.joinquant.com/post/47966,https://www.joinquant.com/view/community/detail/4637ae4563ef2e79717be59dbedf9b3e,ok,带上止损的核心资产轮动才更安心，低回撤，高收益率,养家大哥,2024-05-02 13:36:34,1,核心资产轮动_止损,post,2018-01-01,2024-05-01,100000,day,每天,3,420.599663,-10.579903,30.826115,-1.804765,0.29709995469099,0.49681267716468,1.2397960697435,1.68831336881,1.504208978853,18.061013,"[""2020-02-13"", ""2020-03-17""]",53.125,53.159609,2.5590962841395,51,45,1.887048,373.5,6.013321,1535,15001,49,101,241,1053,
聚宽2026年精选,聚宽2026年精选/23大盘择时，逻辑简单.txt,大盘择时，逻辑简单,大盘择时，逻辑简单,gjbdyrs,https://www.joinquant.com/post/47516,https://www.joinquant.com/view/community/detail/dfd909b44b4441c458a01b120c00ee1e,ok,大盘择时，逻辑简单,gjbdyrs,2024-04-09 13:51:34,1,大盘300策略,post,2017-01-01,2025-05-23,1000000,day,每天,3,434.605829,17.286413,22.868068,1.978141,0.20401605420556,0.75847891812607,1.0093485054507,1.4779576826725,1.6213665665427,22.006861,"[""2018-01-24"", ""2018-07-02""]",82.894737,54.201474,26.429111254715,63,13,9.046084,197.61290322581,1.050371,2035,8777,119,93,154,467,
聚宽2026年精选,聚宽2026年精选/24大容量低回撤价值投资-排除小市值因子.txt,大容量低回撤价值投资-排除小市值因子,大容量低回撤价值投资-排除小市值因子,Ahfu,https://www.joinquant.com/post/47566,https://www.joinquant.com/view/community/detail/4075a00ec602b6a23aa1a80065f62e42,ok,大容量低回撤价值投资-排除小市值因子,Ahfu,2024-04-11 13:52:11,1,大容量低回撤价值投资-排除小市值因子,post,2014-04-09,2024-04-09,10000000,day,每天,3,506.51515,34.188762,20.339141,3.066595,0.16733934570237,0.42296037679305,1.056402229369,1.5089621766431,0.94231694685179,16.40664,"[""2017-10-27"", ""2018-11-09""]",63.985149,50.082169,2.4486519317428,517,291,11.04833,161.08888888889,0.891156,2434,7209,71,77,183,522,
聚宽2026年精选,聚宽2026年精选/25冷饭热吃之三，14年至今年华99.99.txt,冷饭热吃之三，14年至今年华99.99,冷饭热吃之三，14年至今年华99.99%,韶华不负,https://www.joinquant.com/post/47527,https://www.joinquant.com/view/community/detail/477ca962273441d2f7c1ee2caf64fa97,ok,借花献佛之二，14年至今年华99.99%,韶华不负,2024-04-09 23:00:52,1,小市值调整持股数量和止损-Clone,post,2014-01-01,2024-04-07,100000,day,每天,3,100825.09522,45.053356,99.987071,3.797083,0.96155032033499,0.82773044401262,3.2147650386996,4.2354875889929,3.8657042956695,41.03844,"[""2015-06-15"", ""2015-07-08""]",68.676123,57.114228,6.9708557408201,581,265,6.783781,114.192,5.155376,2495,18952,160,125,275,1424,
聚宽2026年精选,聚宽2026年精选/26波动率过滤后相关性最小etf轮动.txt,波动率过滤后相关性最小etf轮动,波动率过滤后相关性最小etf轮动,开心果,https://www.joinquant.com/post/49615,https://www.joinquant.com/view/community/detail/87e621db95a1360bed921fa4ce5457d1,ok,波动率过滤后相关性最小etf轮动,开心果,2024-08-26 13:52:53,1,波动率过滤后相关性最小etf轮动,post,2017-01-01,2024-08-23,100000,day,每天,3,671.952664,0.516906,31.652236,0.069396,0.29567808129933,0.48734813869503,1.1412764736761,1.6032072489085,1.294318231637,21.750427,"[""2021-08-23"", ""2022-01-27""]",52.830189,53.067815,2.094982126837,84,75,1.491922,185.8,8.016323,1858,5877,30,54,140,373,
聚宽2026年精选,聚宽2026年精选/27人工智能强化学习DQN交易智能体（回馈社区公开训练代码）.txt,人工智能强化学习DQN交易智能体（回馈社区公开训练代码）,人工智能强化学习DQN交易智能体（回馈社区公开训练代码）,MarioC,https://www.joinquant.com/post/44758,https://www.joinquant.com/view/community/detail/805b669d7879b8ca1c784ce6b053617c,ok,人工智能强化学习DQN交易智能体（回馈社区公开训练代码）,MarioC,2023-11-04 15:16:24,1,DQN交易智能体-V1.0,post,2018-01-01,2022-11-01,10000,day,每天,3,155.321042,-24.148657,22.133803,-5.725357,0.19823036104888,0.17369367717784,0.99675462075737,1.9462226290002,0.71827615124541,19.469094,"[""2022-03-10"", ""2022-06-20""]",61.403509,48.37884,2.1586219095782,70,44,1.689824,125,7.95989,1172,12012,110,123,247,411,
聚宽2026年精选,聚宽2026年精选/28韶华研究之十九，一致性用在微盘控制回撤.txt,韶华研究之十九，一致性用在微盘控制回撤,韶华研究之十九，一致性用在微盘控制回撤,韶华不负,https://www.joinquant.com/post/47349,https://www.joinquant.com/view/community/detail/8d2d41afa011a99ff6d9a02343d17487,ok,韶华研究之十九，一致性用在微盘控制回撤,韶华不负,2024-03-31 16:54:12,1,一致性分享,post,2018-01-01,2024-03-30,100000,day,每天,3,1305.826358,-9.173528,54.677687,-1.57524,0.54339778510565,0.65684903191199,2.0785581661195,2.9860395972423,2.5133999747491,24.623421,"[""2018-06-07"", ""2018-09-05""]",65.109034,53.0033,2.6636678139493,209,112,4.403829,89.762711864407,3.780825,1515,10497,92,111,225,1023,
聚宽2026年精选,聚宽2026年精选/29穿越牛熊2.0(非小市值)年化50%的cta策略.txt,穿越牛熊2.0(非小市值)年化50%的cta策略,穿越牛熊2.0(非小市值):年化50%的cta策略,wsd518,https://www.joinquant.com/post/47771,https://www.joinquant.com/view/community/detail/810dfae2071821bcb43cf2d4b9d92464,ok,穿越牛熊2.0(非小市值):年化50%的cta策略,wsd518,2024-04-19 22:41:36,1,铁矿石策略2-择时,post,2018-01-01,2024-04-18,1000000,day,每天,3,1126.942823,61.584041,50.751626,8.173016,0.44221143642541,0.60639174715825,1.9324838779822,2.6199261835376,2.1199422855073,25.467302,"[""2021-05-12"", ""2021-11-26""]",56.25,57.498363,2.9424760931311,45,35,-78.30434,17.5625,5.148537,1527,5965,58,57,125,507,
聚宽2026年精选,聚宽2026年精选/2连板龙头策略.txt,连板龙头策略,连板龙头策略,wywy1995,https://www.joinquant.com/post/44926,https://www.joinquant.com/view/community/detail/5a3d4ddd5df593a8bbd957cb7052e686,ok,连板龙头策略,wywy1995,2023-11-14 02:26:27,1,龙头(打板指数),post,2005-02-01,2023-11-12,100000,minute,分钟,3,2562.279684,257.415915,19.707614,7.231126,0.15170185105423,0.16632877701079,0.5984416893059,0.84060271284275,0.37117387541515,50.080546,"[""2021-01-19"", ""2022-04-28""]",55.019255,49.112037,1.139166436076,2143,1752,0.261857,4.0269101393561,11.024102,4561,52470,578,466,631,3013,
聚宽2026年精选,聚宽2026年精选/30错杀反弹，掌握人性规律，开启投资新纪元.txt,错杀反弹，掌握人性规律，开启投资新纪元,错杀反弹，掌握人性规律，开启投资新纪元,养家大哥,https://www.joinquant.com/post/47792,https://www.joinquant.com/view/community/detail/2dd3163c65180ce4381c5de1d4f14bd9,ok,错杀反弹，掌握人性规律，开启投资新纪元,养家大哥,2024-04-21 16:16:02,1,错杀反弹策略V1,post,2018-01-01,2024-04-20,1000000,day,每天,3,220.877555,-14.973236,21.016191,-2.618957,0.18059753855833,0.15766276772908,1.2999501376186,2.0154039057382,1.0678527712917,10.755088,"[""2024-01-26"", ""2024-02-07""]",64.285714,50.981675,5.4791613965309,90,50,4.627641,26.125,1.698491,1528,6868,42,81,109,562,
聚宽2026年精选,聚宽2026年精选/31蛇皮走位小市值策略V1.0.txt,蛇皮走位小市值策略V1.0,蛇皮走位小市值策略V1.0,MarioC,https://www.joinquant.com/post/48284,https://www.joinquant.com/view/community/detail/3000e9b3594a6ca08a58616f61362977,ok,蛇皮走位小市值策略V1.0,MarioC,2024-05-19 20:46:00,1,反小市值策略,post,2015-01-01,2024-05-18,100000,day,每天,3,1953.044675,4.08269,39.345494,0.440311,0.36650714496727,0.3666670213873,1.7057438542808,2.2726662654429,1.6466694108304,37.794529,"[""2015-05-18"", ""2015-07-08""]",82.352941,54.545455,7.1867896104889,616,132,4.418795,49.863849765258,2.619309,2277,5428,35,63,100,345,
聚宽2026年精选,聚宽2026年精选/32EPO优化低相关etf组合.txt,EPO优化低相关etf组合,EPO优化低相关etf组合,开心果,https://www.joinquant.com/post/50253,https://www.joinquant.com/view/community/detail/a9b736ed5d601889f05808a317dba107,ok,EPO优化低相关etf组合,开心果,2024-10-23 13:57:03,1,低相关etf组合,post,2014-01-01,2024-10-22,1000000,day,每天,3,272.743589,69.859616,13.344198,5.173179,0.091881565355524,0.13300738082524,1.0304979923654,1.5140981586934,0.39152236506487,12.146956,"[""2020-01-07"", ""2020-03-19""]",77.439024,50.609292,11.21113698702,254,74,11.480376,1423.7,0.39878,2626,9899,65,64,142,455,
聚宽2026年精选,聚宽2026年精选/33回馈社区顺便搞积分《一个完整的机器学习pipeline》.txt,回馈社区顺便搞积分《一个完整的机器学习pipeline》,回馈社区顺便搞积分《一个完整的机器学习pipeline》,MarioC,https://www.joinquant.com/post/47395,https://www.joinquant.com/view/community/detail/c2b76486359b57977712c0e4a700132a,ok,回馈社区顺便搞积分《一个完整的机器学习pipeline》,MarioC,2024-04-03 12:05:03,1,树模型baseline回测,post,2020-01-01,2024-03-31,100000,day,每天,3,225.426695,-4.210101,33.236687,-1.040583,0.32977546379884,0.74214811460754,1.122795048484,1.7057798488324,1.5330985396356,31.271674,"[""2024-01-02"", ""2024-02-07""]",60.352423,51.55642,1.5185407249682,137,90,2.869572,22.619318181818,4.346867,1028,7593,128,112,178,216,
聚宽2026年精选,聚宽2026年精选/34十年回测 年化103.32% 最大回撤23.89%.txt,十年回测 年化103.32% 最大回撤23.89%,十年回测  年化103.32%  最大回撤23.89%,jason_99,https://www.joinquant.com/post/47523,https://www.joinquant.com/view/community/detail/e9913c85aa2e309ab037991c6ebff20c,ok,十年回测  年化103.32%  最大回撤23.89%,jason_99,2024-04-09 17:42:03,1,十年回测 年化翻倍 最大回撤23.89,post,2014-01-01,2024-04-04,100000,day,每天,3,118908.096178,45.053356,103.317143,3.797083,0.99454536548861,0.67709121436714,3.4607570851014,4.848280956701,3.8265243439322,23.88709,"[""2018-05-22"", ""2018-06-21""]",63.686382,56.232465,3.4321529313128,463,264,5.611023,94.605769230769,5.807673,2495,7450,102,57,104,427,
聚宽2026年精选,"聚宽2026年精选/35【菜场大妈】股息率小市值策略,10年206倍,5年10.8倍.txt","【菜场大妈】股息率小市值策略,10年206倍,5年10.8倍","【菜场大妈】股息率小市值策略,10年206倍,5年10.8倍",120022,https://www.joinquant.com/post/45261,https://www.joinquant.com/view/community/detail/3096299624b145d89e8334cd1a194f22,ok,"【菜场大妈】股息率小市值策略,10年206倍,5年10.8倍",120022,2023-11-30 19:25:32,1,10年收益206倍,post,2013-06-01,2023-11-26,100000,day,每天,3,20680.873412,45.016948,68.706909,3.709649,0.64943339706845,0.81429223364248,2.3190899271989,3.090055185816,3.2918471548969,34.871735,"[""2015-06-12"", ""2015-07-08""]",70.125786,52.52842,5.6971778109059,223,95,9.599147,67.462427745665,2.702508,2551,8031,169,76,118,453,
聚宽2026年精选,聚宽2026年精选/36快过年了。不想呆在小市值的，可以拿这个策略躲一躲.txt,快过年了。不想呆在小市值的，可以拿这个策略躲一躲,快过年了。不想呆在小市值的，可以拿这个策略躲一躲,MarioC,https://www.joinquant.com/post/49995,https://www.joinquant.com/view/community/detail/74f1ebc4473963eb4e9cf0ac2c7e9a77,post_without_backtest,快过年了。不想呆在小市值的，可以拿这个策略躲一躲,MarioC,2024-09-29 10:30:27,0,,,,,,,,,,,,,,,,,,,,,,,,,,,,,10494,45,122,138,466,
聚宽2026年精选,聚宽2026年精选/37微盘股扩散指数双均线择时.txt,微盘股扩散指数双均线择时,微盘股扩散指数双均线择时,无逻辑的光,https://www.joinquant.com/post/47407,https://www.joinquant.com/view/community/detail/61e73647809828e3cd0fb2f0f00023d9,ok,微盘股扩散指数双均线择时,无逻辑的光,2024-04-04 01:44:02,1,微盘扩散系数择时EMA6-28WP,post,2018-01-01,2024-04-02,100000,day,每天,3,729.846094,-6.505854,41.726097,-1.102502,0.39502236156639,0.34809175720102,1.9588244306361,2.972328972137,1.8370192095618,13.849508,"[""2020-03-17"", ""2020-05-20""]",56.626506,51.285432,2.2181709050446,423,324,1.635861,12.815789473684,9.579878,1517,5921,88,89,139,294,
聚宽2026年精选,聚宽2026年精选/38ETF策略之核心资产轮动（线性增加权重）.txt,ETF策略之核心资产轮动（线性增加权重）,ETF策略之核心资产轮动（线性增加权重）,MarioC,https://www.joinquant.com/post/47888,https://www.joinquant.com/view/community/detail/d261042fd31ffa815f577dcfbce7dd61,ok,ETF策略之核心资产轮动（线性增加权重）,MarioC,2024-04-26 17:24:19,1,ETFV2.0,post,2014-01-01,2023-06-05,100000,day,每天,3,1789.853181,64.987146,37.773512,5.610728,0.32914988676568,0.53300323191164,1.3769570602011,1.8397698279123,1.3487190234543,28.022602,"[""2020-02-13"", ""2020-03-17""]",56.521739,52.769298,2.7557864291958,78,60,2.346984,573.25,5.87734,2293,6857,24,55,128,477,
聚宽2026年精选,聚宽2026年精选/39干积分-大小盘反复横跳V2.0.txt,干积分-大小盘反复横跳V2.0,干积分-大小盘反复横跳V2.0,MarioC,https://www.joinquant.com/post/47337,https://www.joinquant.com/view/community/detail/7b1e76b35cc2c028cfa2ffae618c8cff,ok,干积分-大小盘反复横跳V2.0,MarioC,2024-03-30 14:00:59,1,大小盘反复横跳v2.0,post,2015-01-01,2024-03-29,100000,day,每天,3,2747.548804,2.17279,45.152217,0.239441,0.44122841584381,0.78994224793645,1.498182069628,2.0161059801603,2.1254355020413,35.931042,"[""2018-01-26"", ""2018-10-18""]",62.6703,53.093013,2.7414465243181,230,137,5.296488,65.980519480519,3.31999,2247,6116,97,64,96,427,
聚宽2026年精选,聚宽2026年精选/3、5年15倍的收益，年化79.93，可实盘，拿走不谢！.txt,5年15倍的收益，年化79.93，可实盘，拿走不谢！,5年15倍的收益，年化79.93%，可实盘，拿走不谢！,langcheng999,https://www.joinquant.com/post/45510,https://www.joinquant.com/view/community/detail/58585f1692b131684e4d1f7964b2a6c2,ok,5年15倍的收益，年化79.93%，可实盘，拿走不谢！,langcheng999,2023-12-14 15:44:53,1,无卖出缓冲池,post,2019-01-01,2023-11-30,100000,day,每天,3,1549.696223,16.127746,79.934315,3.182896,0.76479707498486,0.66747016789334,2.8964837281467,3.8527007337872,3.2358748795433,20.359304,"[""2020-12-02"", ""2021-01-14""]",69.078947,57.250629,5.652603905484,210,94,10.058769,87.455223880597,2.756799,1193,43463,549,405,755,3105,
聚宽2026年精选,聚宽2026年精选/40高股息策略.txt,高股息策略,高股息策略,雨汪,https://www.joinquant.com/post/50715,https://www.joinquant.com/view/community/detail/02885f20596e40cabfd160531c5128d8,ok,高股息策略,雨汪,2024-11-22 22:05:38,1,DIY-高股息-行业top2-10只,post,2014-01-01,2024-11-21,500000,day,每天,3,749.022225,71.212388,22.377073,5.207878,0.17581172669032,0.65892456331809,0.95932988425621,1.3241285677958,1.1728841533273,22.57088,"[""2024-05-09"", ""2024-09-18""]",59.193548,50.415408,1.8100969733227,367,253,4.010332,96.087121212121,2.480188,2648,6448,54,84,147,398,
聚宽2026年精选,聚宽2026年精选/41SVR机器学习上证综指择时中小板财务选股策略.txt,SVR机器学习上证综指择时中小板财务选股策略,SVR机器学习上证综指择时中小板财务选股策略,快乐一生,https://www.joinquant.com/post/45845,https://www.joinquant.com/view/community/detail/de2de22f0fdefaeea50facbc99239da2,ok,SVR机器学习上证综指择时中小板财务选股策略,快乐一生,2024-01-03 23:57:04,1,SVR机器学习上证综指择时中小板财务选股策略19,post,2019-01-01,2024-01-01,200000,day,每天,3,608.349571,13.965755,49.655328,2.728653,0.46017286706703,0.28470516281396,2.6374632760337,4.028273774876,2.1911528101322,12.947013,"[""2022-01-13"", ""2022-01-27""]",55.670996,53.706755,2.5210631951308,643,512,1.902657,65.842975206612,9.612114,1214,3714,97,32,69,335,
聚宽2026年精选,聚宽2026年精选/42国九条：三年分红5千万以下且占净利润30以下将被ST.txt,国九条：三年分红5千万以下且占净利润30以下将被ST,国九条：三年分红5千万以下且占净利润30%以下将被ST,Clarence.罗,https://www.joinquant.com/post/47624,https://www.joinquant.com/view/community/detail/17024004500837bb6532a17ded2705f1,ok,国九条：三年分红5千万以下且占净利润30%以下将被ST,Clarence.罗,2024-04-13 23:30:15,1,47523-中小板10股-近三年付息5000万-或-大于30pct,post,2014-01-01,2024-04-01,100000,day,每天,3,24282.040066,45.435212,73.531076,3.827556,0.69652071212385,0.70164860251253,2.7257311017919,3.543878667436,3.1715896664029,25.343024,"[""2016-11-22"", ""2018-02-06""]",60.358255,56.598476,2.8581246504417,775,509,5.006922,114.80813953488,4.914138,2493,4970,66,62,96,428,
聚宽2026年精选,聚宽2026年精选/43小市值再优化【年化98 回撤27】无未来函数.txt,小市值再优化【年化98 回撤27】无未来函数,小市值再优化【年化98%|胜率69%|回撤27%】无未来函数,zycash,https://www.joinquant.com/post/47562,https://www.joinquant.com/view/community/detail/52748442c2187ff43b30f63510cd3f62,ok,小市值再优化【年化98%|胜率69%|回撤27%】无未来函数,zycash,2024-04-11 12:32:47,1,小市值 止损 择时 2.0 1.4月空仓 且持有etf 优化,post,2014-01-01,2024-04-04,100000,day,每天,3,93205.884668,45.053356,98.420288,3.797083,0.94572195195056,0.74861711045057,3.4666977226031,4.6398050697936,4.0901029367794,27.550451,"[""2015-06-12"", ""2015-06-29""]",69.57346,57.635271,4.8091518320827,734,321,6.249722,123.76595744681,6.361099,2495,8090,118,188,136,540,
聚宽2026年精选,聚宽2026年精选/44国九条 年化130.74% 回撤11% 众神Debug版.txt,国九条 年化130.74% 回撤11% 众神Debug版,国九条 年化130.74% 回撤11%  众神Debug版,热情的刀,https://www.joinquant.com/post/47953,https://www.joinquant.com/view/community/detail/d0c22f3d2cb9d6d02b9785d61d92c3d2,ok,国九条 年化130.74% 回撤11%  众神Debug版,热情的刀,2024-05-01 16:04:47,1,国九条-众神Debug版,post,2020-02-01,2024-04-01,100000,day,每天,3,563.223605,2.128287,59.506677,0.521085,0.57439239793479,0.55550726255254,2.2221750839213,3.2229935941547,2.461053208536,25.125675,"[""2020-10-20"", ""2021-02-08""]",75.977654,53.307009,4.0231037502014,272,86,2.837972,82.142857142857,9.063959,1013,9491,53,70,163,582,
聚宽2026年精选,聚宽2026年精选/45此消彼长.txt,此消彼长,此消彼长,明曦,https://www.joinquant.com/post/47330,https://www.joinquant.com/view/community/detail/bc67513156090a5fc86e03ca3f975a5c,ok,此消彼长,明曦,2024-03-29 20:08:12,1,此消彼长,post,2016-01-01,2024-03-28,500000,day,每天,3,694.494867,-33.534583,29.538537,-4.973087,0.31699531431606,0.6866080949279,1.1796874752481,1.6652056319773,2.1795978340648,32.410773,"[""2018-01-26"", ""2018-10-18""]",56.793478,53.796204,2.4948897541619,209,159,6.441297,120.71241830065,1.845964,2002,6502,67,63,101,380,
聚宽2026年精选,聚宽2026年精选/46高增股池小市值轮动.txt,高增股池小市值轮动,高增股池小市值轮动,倚A听风雨,https://www.joinquant.com/post/45110,https://www.joinquant.com/view/community/detail/ac51f2edd1c06889633f21113faa2869,ok,高增股池小市值轮动,倚A听风雨,2023-11-24 11:22:14,1,高增小市值1.4实盘,post,2011-01-03,2023-11-22,100000,day,每天,3,6560.998083,13.303242,39.816072,1.001934,0.38236928540868,0.80747265524865,1.3464286311812,1.6821314096509,1.9032828168635,39.435491,"[""2015-06-12"", ""2015-09-15""]",62.131837,55.87484,2.8480864564807,886,540,3.464994,48.104906937394,4.489434,3132,4720,155,62,89,384,
聚宽2026年精选,聚宽2026年精选/47多策略整合大E小十年百倍（年化64）.txt,多策略整合大E小十年百倍（年化64）,多策略整合_大E小_十年百倍（年化64%回撤28%）,komunling,https://www.joinquant.com/post/51000,https://www.joinquant.com/view/community/detail/fd5d96019f66d1b4b230fbc28f2e9127,ok,多策略整合_大E小_十年百倍（年化64%回撤28%）,komunling,2024-12-08 12:01:19,1,大E小,post,2013-01-01,2023-01-01,1000000,day,每天,3,11887.395977,219.635344,63.629115,12.698781,0.56200483364959,0.39415082546815,2.3762311892716,3.1715283109895,1.7265610121741,28.426744,"[""2018-07-27"", ""2018-12-27""]",60.979463,53.662551,4.22538090721,386,247,4.074248,92.828571428571,4.411176,2430,4671,34,45,84,356,
聚宽2026年精选,聚宽2026年精选/48投资回报率ROIC中等市值.txt,投资回报率ROIC中等市值,投资回报率ROIC中等市值,明曦,https://www.joinquant.com/post/45757,https://www.joinquant.com/view/community/detail/809037fc70b478fa071975f90d010c41,ok,投资回报率ROIC中等市值,明曦,2023-12-30 18:56:49,1,投资回报率ROIC中等市值,post,2016-01-01,2023-12-29,100000,day,每天,3,648.474015,-8.038038,29.527519,-1.071279,0.29838618427345,0.85010100715171,1.0929826402315,1.573101364555,1.7902266655123,26.179233,"[""2018-06-12"", ""2019-01-03""]",59.42029,54.241645,9.8731454268902,41,28,31.609995,387.55263157895,0.535604,1945,7168,64,59,112,484,
聚宽2026年精选,聚宽2026年精选/49干货贴《机器学习5折保形回归》 .py,干货贴《机器学习5折保形回归》,,,,,no_source_url,,,,0,,,,,,,,,,,,,,,,,,,,,,,,,,,,,,,,,,
聚宽2026年精选,聚宽2026年精选/4高股息低市盈率高增长的价投策略.txt,高股息低市盈率高增长的价投策略,高股息低市盈率高增长的价投策略,芹菜1303,https://www.joinquant.com/post/45552,https://www.joinquant.com/view/community/detail/ef2d8378748d8d2065c71202b2c0031b,ok,高股息低市盈率高增长的价投策略,芹菜1303,2023-12-17 13:33:19,1,高股息-低市盈率长期价值投资策略,post,2013-01-01,2023-01-01,200000,minute,分钟,3,2027.171676,53.45647,36.963612,4.504329,0.32581295407587,0.75806959234233,1.5182599842293,2.0762631762521,2.2533806394737,21.720212,"[""2018-06-06"", ""2018-10-18""]",63.581489,52.674897,2.3676752019455,316,181,7.090482,109.23115577889,2.199427,2430,25699,362,248,483,2036,
聚宽2026年精选,聚宽2026年精选/50分享一种K线小碎步后突破的分钟级打法.txt,分享一种K线小碎步后突破的分钟级打法,分享一种K线小碎步后突破的分钟级打法,画家,https://www.joinquant.com/post/45425,https://www.joinquant.com/view/community/detail/34c6c15b047d55e7da6a70f3ceb4748d,ok,分享一种K线小碎步后突破的分钟级打法,画家,2023-12-08 21:02:51,1,突破,post,2023-01-01,2023-12-06,100000,minute,分钟,3,92.80953,-12.192022,107.400328,-13.451415,1.0443944346753,0.059543330355411,4.9139291901063,9.1002202287873,4.9265406378786,12.625848,"[""2023-08-02"", ""2023-10-23""]",54.166667,59.555556,4.488636108932,26,22,5.385129,10.82,4.621918,225,4564,77,68,110,401,
聚宽2026年精选,聚宽2026年精选/51“四大搅屎棍策略”学习笔记-有魔改.txt,“四大搅屎棍策略”学习笔记-有魔改,“四大搅屎棍策略”学习笔记-有魔改,口袋里的钥匙扣,https://www.joinquant.com/post/49277,https://www.joinquant.com/view/community/detail/5e72cb9b4cecf4317db5c427b0320efd,ok,“四大搅屎棍策略”学习笔记-有魔改,口袋里的钥匙扣,2024-07-26 15:35:03,1,四大搅屎棍策略-5只改,post,2021-01-01,2024-07-01,100000,day,每天,3,492.399302,-27.594531,69.271633,-9.110808,0.75890460827777,0.80992932859216,2.1366630524705,3.2129674478667,2.8750634655351,26.081084,"[""2024-01-04"", ""2024-02-05""]",67.79661,56.213018,2.6298188061574,160,76,3.754264,48.474576271186,8.753717,845,9760,45,104,158,367,
聚宽2026年精选,聚宽2026年精选/52机器学习滚动训练价投策略.txt,机器学习滚动训练价投策略,机器学习滚动训练价投策略,MarioC,https://www.joinquant.com/post/47347,https://www.joinquant.com/view/community/detail/a1dd9c07b8e3e0f160b5f15a57420906,ok,机器学习滚动训练价投策略,MarioC,2024-03-31 13:29:03,1,机器学习滚动训练,post,2015-01-01,2024-06-05,300000,day,每天,3,554.71231,-0.841113,22.768934,-0.09217,0.21702068887966,0.71676764734352,0.87824928919881,1.1090038166468,1.7189589137297,30.957522,"[""2018-06-06"", ""2018-10-29""]",55.285036,52.227074,1.5944053704282,931,753,2.911202,58.066298342541,3.728291,2290,5743,140,87,105,303,
聚宽2026年精选,"聚宽2026年精选/53TSmall-100, 微盘三正.txt","TSmall-100, 微盘三正","TSmall-100, 微盘三正",Gyro^.^,https://www.joinquant.com/post/50238,https://www.joinquant.com/view/community/detail/a87e3b6df1943c4e7c7545bf43118dd2,post_without_backtest,TSmall-100,Gyron,2024-10-22 15:36:37,0,,,,,,,,,,,,,,,,,,,,,,,,,,,,,7082,50,71,98,307,
聚宽2026年精选,聚宽2026年精选/54发一个学习策略5年70倍，思路可以学习.txt,发一个学习策略5年70倍，思路可以学习,发一个学习策略5年70倍，思路可以学习,xxzlw,https://www.joinquant.com/post/46977,https://www.joinquant.com/view/community/detail/eb0a5d06ccaa9419dd526d3d0446c5e5,ok,发一个学习策略5年70倍，思路可以学习,xxzlw,2024-03-08 21:08:46,1,EMA-一创,post,2023-01-01,2023-12-31,100000,minute,分钟,3,164.210665,-7.421643,172.834393,-7.657347,1.7388805132471,0.43351702339269,10.158751424338,21.320109831717,10.438163048978,3.490722,"[""2023-03-02"", ""2023-03-13""]",66.281755,65.289256,3.4274239406707,287,146,1.294966,1.6666666666667,34.689351,242,5622,89,32,56,336,
聚宽2026年精选,聚宽2026年精选/55怎么让龟速变奔跑？以“首版突破一进二”为例.txt,怎么让龟速变奔跑？以“首版突破一进二”为例,怎么让龟速变奔跑？以“首版突破一进二”为例,jqz1226,https://www.joinquant.com/post/45733,https://www.joinquant.com/view/community/detail/002488c5cef3f9716dd03a0a1f3f6d32,ok,怎么让龟速变奔跑？以“首版突破一进二”为例,jqz1226 ZUEL,2023-12-29 13:02:46,1,首版突破一进二(改),post,2023-08-01,2023-12-28,2000000,minute,分钟,3,19.855473,-14.947572,55.879463,-32.754454,0.45560111281179,-0.17193429622459,3.2232036969592,5.0496968217162,4.0365812614453,7.892855,"[""2023-08-01"", ""2023-10-12""]",42.014742,66.666667,1.2099571975094,342,472,0.615263,2.1283095723014,40.120466,102,6623,44,96,121,292,
聚宽2026年精选,聚宽2026年精选/56基于趋势、拥挤、景气的行业轮动，及行业强势个股的选择.txt,基于趋势、拥挤、景气的行业轮动，及行业强势个股的选择,基于趋势、拥挤、景气的行业轮动，及行业强势个股的选择,hayy,https://www.joinquant.com/post/47033,https://www.joinquant.com/view/community/detail/d9dd4aaf70a6519cdce5b0fe207f4e72,ok,基于趋势、拥挤、景气的行业轮动，及行业强势个股的选择,hayy,2024-03-12 17:24:49,1,行业轮动_强势个股选择,post,2015-01-01,2022-01-01,10000000,day,每天,3,530.155627,39.807284,30.984856,5.036122,0.25948872502469,0.99986624222599,0.88326068980672,1.0468688624653,1.3218693072629,47.621363,"[""2015-06-12"", ""2015-07-08""]",59.204316,53.665689,1.7732753181033,878,605,3.639638,42.472049689441,4.256674,1705,9403,54,99,218,482,
聚宽2026年精选,聚宽2026年精选/57韶华研究之十八，201系列.txt,韶华研究之十八，201系列,韶华研究之十八，201系列,韶华不负,https://www.joinquant.com/post/44907,https://www.joinquant.com/view/community/detail/accd0dd0ee090759384b782d3395e58c,ok,韶华研究之十八，201系列,韶华不负,2023-11-13 07:33:43,1,b-首板低开-买20D5V-bp,post,2020-01-01,2023-08-31,100000,minute,分钟,3,423.172381,1.124076,59.171944,0.314484,0.55891747819653,0.19530620967206,2.2577893560884,4.1064352419036,2.1225717221151,24.533363,"[""2020-04-30"", ""2021-02-05""]",58.456973,52.808989,2.1352060536002,197,140,1.756062,1.1942675159236,13.68564,890,3884,49,58,81,371,
聚宽2026年精选,聚宽2026年精选/58Debug-输出信息-多标的版ETF策略(ETF复现之三）.txt,Debug-输出信息-多标的版ETF策略(ETF复现之三）,Debug-输出信息-多标的版ETF策略(ETF复现之三）,璐璐202006,https://www.joinquant.com/post/48875,https://www.joinquant.com/view/community/detail/d926c8afee3a1e982b858e1b4fba865c,ok,Debug-输出信息-多标的版ETF策略(ETF复现之三）,璐璐202006,2024-06-26 01:30:06,1,Debug及增加输出信息,post,2021-04-12,2024-06-25,1000000,minute,分钟,3,392.533169,55.220317,67.028792,15.196096,0.5895109703225,0.36420682309672,2.3228235470462,3.7963750013342,1.771182899424,13.010953,"[""2021-08-30"", ""2022-01-27""]",54.117647,49.54955,2.5434626167006,92,78,2.128372,81.117647058824,10.30745,777,5829,33,59,99,425,
聚宽2026年精选,聚宽2026年精选/59追板策略，今年收益已翻倍，低操作低回撤高收益可实盘.txt,追板策略，今年收益已翻倍，低操作低回撤高收益可实盘,追板策略，今年收益已翻倍，低操作低回撤高收益可实盘,古月量化研究,https://www.joinquant.com/post/49749,https://www.joinquant.com/view/community/detail/b5471b5235b5c4716f2466482a761fc4,ok,追板策略，今年收益已翻倍，低操作低回撤高收益可实盘,喵大侠,2024-09-06 15:04:32,1,追首板涨停-原版加注释,post,2024-01-24,2024-08-02,100000,minute,分钟,3,146.125355,4.717305,497.178111,9.576938,4.9083407530206,0.42030864060021,10.229930741306,18.236853025284,10.046967065732,13.300349,"[""2024-01-25"", ""2024-01-29""]",62.068966,55.555556,4.0608203677511,18,11,3.769528,1.1851851851852,19.320693,126,5327,34,36,67,413,
聚宽2026年精选,聚宽2026年精选/5四大搅屎棍策略.txt,四大搅屎棍策略,四大搅屎棍策略,MarioC,https://www.joinquant.com/post/49085,https://www.joinquant.com/view/community/detail/fa169eaa2ccc4816b6354ba8557a5fbd,ok,四大搅屎棍策略,MarioC,2024-07-12 11:02:50,1,四大搅屎棍策略,post,2012-01-01,2024-07-11,100000,day,每天,3,12788.856907,53.718219,49.100913,3.597829,0.45359604577306,0.64323737255422,1.9457105236921,2.5397729551168,2.2893594950225,26.662448,"[""2017-01-05"", ""2017-05-23""]",64.779874,54.718842,2.756838556498,824,448,4.154733,112.22891566265,4.585942,3041,46335,181,363,641,2996,
聚宽2026年精选,聚宽2026年精选/60高股息V1.0（小程序公开股池）.txt,高股息V1.0（小程序公开股池）,高股息V1.0（小程序公开股池）,MarioC,https://www.joinquant.com/post/48151,https://www.joinquant.com/view/community/detail/810a0d7df304f03e12da375a8b868dc2,ok,高股息V1.0（小程序公开股池）,MarioC,2024-05-13 22:01:34,1,高股息,post,2015-01-01,2024-05-12,1000000,day,每天,3,954.628582,4.884096,29.591636,0.52609,0.28323962736382,0.78652760908402,1.0276777277406,1.3951044062515,1.6334951663123,37.123728,"[""2015-12-23"", ""2016-01-28""]",62.676056,49.735915,2.653462655511,89,53,8.522407,227.5652173913,1.35013,2272,4637,22,38,63,313,
聚宽2026年精选,聚宽2026年精选/61BiLSTM for ETF.txt,BiLSTM for ETF,BiLSTM for ETF,MarioC,https://www.joinquant.com/post/49226,https://www.joinquant.com/view/community/detail/4fb5d5b5b002e82e9f96fd3fcb26ff13,ok,BiLSTM for ETF,MarioC,2024-07-23 14:31:05,1,BiLSTM-ETF,post,2024-01-01,2024-07-22,100000,day,每天,3,20.204197,-8.799265,41.326914,-15.897501,0.45694879178885,0.42055360469837,2.3776478927639,3.7638038036499,3.2495327303208,9.781921,"[""2024-05-20"", ""2024-06-27""]",55.714286,54.887218,1.9445507519936,39,31,0.899957,7.8235294117647,17.963433,133,5851,30,65,94,230,
聚宽2026年精选,聚宽2026年精选/62基金溢价（模拟效果好！）.txt,基金溢价（模拟效果好！）,基金溢价（模拟效果好！）,大山深处,https://www.joinquant.com/post/45648,https://www.joinquant.com/view/community/detail/31cb82ebad4f9b1fb5a5fdddeb40aacc,ok,基金溢价（模拟效果好！）,大山深处,2023-12-23 11:24:58,1,基金溢价0620-改,post,2023-01-01,2023-12-22,1000000,day,每天,3,105.062476,-13.802972,113.301485,-14.502406,1.1241922263879,0.16850444016476,5.8318596626277,14.339722941643,5.9015170134479,5.845306,"[""2023-04-14"", ""2023-04-28""]",67.46988,58.227848,4.614346809754,56,27,1.17169,1.6785714285714,23.163158,237,9100,99,52,113,411,
聚宽2026年精选,聚宽2026年精选/63.5年12倍-小市值.txt,年12倍-小市值,5年12倍-小市值,道尘,https://www.joinquant.com/post/44880,https://www.joinquant.com/view/community/detail/b3f57c86caac8afd08bf3769f4c82596,ok,5年12倍-小市值,道尘,2023-11-11 09:59:30,1,V5.0-市场轮动版,post,2018-11-11,2023-11-10,500000,day,每天,3,1282.583661,27.57147,71.752673,5.142407,0.66675534125841,0.94286776095255,2.5004162266047,3.4810615469211,3.5308315300659,25.156565,"[""2020-09-08"", ""2021-02-08""]",58.516484,53.459638,2.1801380076729,426,302,3.686177,36.822916666667,7.034918,1214,4161,124,37,57,338,
聚宽2026年精选,聚宽2026年精选/64大小外择时小市值3.0.txt,大小外择时小市值3.0,大小外择时小市值3.0,kautz,https://www.joinquant.com/post/50567,https://www.joinquant.com/view/community/detail/1f1ea70ca47bb2c80773e5fa6f487f17,ok,大小外择时小市值3.0,kautz,2024-11-13 19:18:40,1,大小外3.0(无外盘时增加国债ETF),post,2013-01-01,2024-11-11,100000,day,每天,3,40360.522863,63.742048,68.446535,4.376617,0.64246291010071,0.5316920907873,2.6438466199182,3.776104696875,2.6986287855903,22.275294,"[""2021-04-19"", ""2021-11-04""]",60.741206,53.161918,4.1506840260118,967,625,3.798894,74.632743362832,7.166885,2878,5607,35,44,89,339,
聚宽2026年精选,聚宽2026年精选/65搭建量化交易模型从零开始——择时，选股，仓位管理和因子分析.txt,搭建量化交易模型从零开始——择时，选股，仓位管理和因子分析,搭建量化交易模型从零开始——择时，选股，仓位管理和因子分析,Jacobb75,https://www.joinquant.com/post/49082,https://www.joinquant.com/view/community/detail/69182b9cc15c3f8d4ecc5b0b7373312b,ok,搭建量化交易模型从零开始——择时，选股，仓位管理和因子分析,Jacobb75,2024-07-12 00:25:47,1,绩优小市值5因子,post,2021-02-17,2024-07-10,50000000,minute,分钟,3,84.874814,-25.761934,20.495323,-8.641623,0.25186260307377,0.68748585984119,0.95418395497901,1.3096586355104,2.2382205311245,18.761399,"[""2022-08-18"", ""2022-10-10""]",26.864245,55.218447,1.6272425473494,281,765,2.51128,91.614492753623,1.249553,824,7052,37,164,252,257,
聚宽2026年精选,聚宽2026年精选/66手把手教你构建ETF策略候选池.py,手把手教你构建ETF策略候选池,,,,,no_source_url,,,,0,,,,,,,,,,,,,,,,,,,,,,,,,,,,,,,,,,
聚宽2026年精选,聚宽2026年精选/67大市值价投高股息爱国者策略（爱我中华）.txt,大市值价投高股息爱国者策略（爱我中华）,大市值价投高股息爱国者策略（爱我中华）,MarioC,https://www.joinquant.com/post/46122,https://www.joinquant.com/view/community/detail/ad84a4bb36d57881cf7475d058c668d7,ok,大市值价投高股息爱国者策略（爱我中华）,MarioC,2024-01-17 18:12:14,1,大市值价投高股息爱国者策略,post,2022-01-01,2024-01-16,1000000,day,每天,3,70.323304,-29.169821,30.859449,-15.9858,0.38420815039181,0.57847900944461,1.4842258496775,2.3996807720823,2.7941390740302,13.412916,"[""2023-09-20"", ""2023-12-26""]",70.588235,55.151515,5.5668156217219,48,20,9.966236,145.05263157895,1.335414,495,5760,94,58,104,482,
聚宽2026年精选,聚宽2026年精选/68wywy1995 首板低开策略代码优化，提快速度.txt,wywy1995 首板低开策略代码优化，提快速度,wywy1995 首板低开策略代码优化，提快速度,养家大哥,https://www.joinquant.com/post/47978,https://www.joinquant.com/view/community/detail/375b0380d3907eb784f2b0b846dc1c00,ok,wywy1995 首板低开策略代码优化，提快速度,养家大哥,2024-05-03 12:23:04,1,首板低开回测快,post,2016-01-01,2024-05-02,100000,day,每天,3,2319.166804,-3.393719,48.249016,-0.425765,0.44793018961059,0.12291717077153,1.4836268646027,2.775587861033,1.4295550606116,19.402478,"[""2021-01-21"", ""2021-02-01""]",62.5,50.123579,2.6882925052339,160,96,2.356156,1.1311475409836,9.202558,2023,3576,14,43,91,311,
聚宽2026年精选,聚宽2026年精选/69“稳定摸狗策略”学习笔记.txt,“稳定摸狗策略”学习笔记,“稳定摸狗策略”学习笔记,口袋里的钥匙扣,https://www.joinquant.com/post/49290,https://www.joinquant.com/view/community/detail/ad9468f5a1b30037e37494bd94ae2584,ok,“稳定摸狗策略”学习笔记,口袋里的钥匙扣,2024-07-28 18:24:44,1,核资轮V1.1-原版-安全摸狗-货币基金,post,2014-01-01,2024-07-27,100000,day,每天,3,1421.519542,46.319575,30.305519,3.770462,0.26404118396807,0.42955603970463,1.2307456097401,1.698994058798,1.1609552644862,21.141875,"[""2015-05-12"", ""2015-09-30""]",55.555556,52.703228,2.6142193187636,115,92,1.508123,514.2,7.454123,2571,5737,35,84,192,264,
聚宽2026年精选,聚宽2026年精选/6国九小市值策略【年化100.5】.txt,国九小市值策略【年化100.5】,国九小市值策略【年化100.5%|回撤25.6%】,zycash,https://www.joinquant.com/post/47791,https://www.joinquant.com/view/community/detail/f20c03d5ebb66293b870c2eeeea14a02,ok,国九小市值策略【年化100.5%|回撤25.6%】,zycash,2024-04-21 16:11:46,1,动态持仓 止损线9 单价不超过50,post,2014-02-01,2024-03-22,100000,day,每天,3,95675.45974,61.775965,100.55608,4.997616,0.95903430000179,0.65420904469107,3.4031242680956,4.8308510477433,3.8466384699176,25.579964,"[""2018-05-11"", ""2018-06-21""]",71.029668,54.298459,5.0275710933408,407,166,5.147538,84.25,7.26553,2466,24611,191,417,409,1516,
聚宽2026年精选,聚宽2026年精选/70动态保形回归小市值策略改进.txt,动态保形回归小市值策略改进,动态保形回归小市值策略改进,yanzigao,https://www.joinquant.com/post/48996,https://www.joinquant.com/view/community/detail/9c34792bf863a954cd8f4caf790957c4,ok,动态保形回归小市值策略改进,yanzigao,2024-07-04 22:39:03,1,conformal尝试修改打分逻辑,post,2005-01-05,2024-07-05,100000,day,每天,3,191119.090498,241.926354,48.999961,6.703542,0.43553225417811,0.53512593046427,1.5540996016526,2.0867845776445,1.5017074222517,55.263183,"[""2008-03-05"", ""2008-10-15""]",60.774411,51.720498,3.6066967037469,361,233,5.410949,30.97385620915,2.439087,4737,3602,19,37,67,265,
聚宽2026年精选,聚宽2026年精选/71（乱改一版）股票加“钱粮”ETF组合.txt,（乱改一版）股票加“钱粮”ETF组合,（乱改一版）股票加“钱粮”ETF组合,美吉姆优秀毕业代表,https://www.joinquant.com/post/46218,https://www.joinquant.com/view/community/detail/9595cc6a662f15a9e5cda71817ab5683,ok,（乱改一版）股票加“钱粮”ETF组合,美吉姆优秀毕业代表,2024-01-23 17:49:56,1,奇怪的版本,post,2017-01-01,2024-02-01,1000000,day,每天,3,352.008279,-9.695359,24.452558,-1.467966,0.2251057655534,0.37637736443195,1.9137145334323,2.7205406321034,1.8437270808606,9.499026,"[""2019-04-09"", ""2019-08-07""]",49.507389,54.988399,2.5608837898356,603,615,6.716109,100.93373493976,2.125502,1724,3622,44,31,78,274,
聚宽2026年精选,聚宽2026年精选/72量化进阶学习笔记——打板策略.txt,量化进阶学习笔记——打板策略,量化进阶学习笔记——打板策略,HHH🌳,https://www.joinquant.com/post/47147,https://www.joinquant.com/view/community/detail/f628e7c6514c74d54d6ea75163ab2a13,ok,量化进阶学习笔记——打板策略,HHH🌳,2024-03-19 12:40:49,1,首板低开,post,2022-01-01,2024-03-20,100000,minute,分钟,3,182.841488,-27.426893,62.55542,-13.912138,0.59587019896691,0.057592219938211,1.6589838779316,3.2271143650328,1.9694824015854,13.558011,"[""2022-03-22"", ""2022-04-21""]",54.098361,53.831776,3.0826973362529,33,28,3.274832,1.655737704918,8.238743,535,11100,33,87,159,330,
聚宽2026年精选,聚宽2026年精选/73微盘400每日再平衡.txt,微盘400每日再平衡,微盘400每日再平衡,开心果,https://www.joinquant.com/post/44853,https://www.joinquant.com/view/community/detail/84afb0f9273f570b652a393f03a8817f,ok,微盘400每日再平衡,开心果,2023-11-09 15:24:33,1,small400,post,2023-01-01,2023-11-08,10000000,day,每天,3,37.6767,2.091528,47.686911,2.556468,0.45030550097023,0.93079927534797,2.4498856027181,4.2810506753725,4.4522834618503,11.90142,"[""2023-03-09"", ""2023-04-25""]",71.376253,58.536585,9.4219193095072,3703,1485,6.524581,119.72886297376,2.812595,205,3988,19,37,53,314,
聚宽2026年精选,聚宽2026年精选/74趋势筛选后相关性最小etf轮动.txt,趋势筛选后相关性最小etf轮动,趋势筛选后相关性最小etf轮动,蚂蚁量化,https://www.joinquant.com/post/49507,https://www.joinquant.com/view/community/detail/3198fd89884ccd869213cbf2483ba836,ok,趋势筛选后相关性最小etf轮动,蚂蚁量化,2024-08-18 16:05:20,1,趋势筛选后相关性最小etf轮动,post,2017-01-01,2024-08-16,100000,day,每天,3,471.970158,1.073992,26.526662,0.14423,0.23577696349964,0.27258733333891,1.0727889608029,1.4317797270774,1.0847246587018,17.363372,"[""2021-11-22"", ""2022-12-12""]",60.25641,52.401511,2.3185485983757,94,62,1.316223,154.41666666667,7.753416,1853,6406,16,89,182,334,
聚宽2026年精选,聚宽2026年精选/75大市值价值投资优化一波.txt,大市值价值投资优化一波,大市值价值投资优化一波,七八十,https://www.joinquant.com/post/46876,https://www.joinquant.com/view/community/detail/93f37f88cf6ad44d291b93e1349f7491,ok,大市值价值投资优化一波,四五十,2024-03-02 21:26:32,1,大市值价值投资-1-month,post,2014-01-01,2023-12-31,200000,day,每天,3,7046.548066,47.256044,55.037649,4.055025,0.51005732711529,0.5800279871957,1.6420619328363,2.5403865711359,1.7097911368016,24.836747,"[""2019-04-17"", ""2019-08-09""]",68.269231,48.767461,4.8592829487449,71,33,4.967062,58,3.492749,2434,5469,44,51,114,449,
聚宽2026年精选,聚宽2026年精选/76小市值止损策略【年化104.11】.txt,小市值止损策略【年化104.11】,小市值止损策略【年化104.11% 最大回撤30.65%】,天山灵兔,https://www.joinquant.com/post/47721,https://www.joinquant.com/view/community/detail/940b6317c3ad4de930ba1b0191690473,ok,小市值止损策略【年化104.11% 最大回撤30.65%】,天山灵兔,2024-04-17 22:31:10,1,小市值止损策略,post,2014-01-01,2024-04-16,100000,day,每天,3,126142.206808,42.112402,104.11389,3.574059,1.0044097943395,0.76792211930015,3.2941274352324,4.4994551315721,3.7964710792689,30.649673,"[""2015-06-15"", ""2015-07-08""]",61.495536,56.514788,3.7041325370431,551,345,4.883701,88.241666666667,7.594333,2502,4324,77,36,73,347,
聚宽2026年精选,聚宽2026年精选/77研报三因子II-新规高分红小市值-年化60回撤19.txt,研报三因子II-新规高分红小市值-年化60回撤19,研报三因子II-新规高分红小市值-年化60回撤19,xiaohui1108,https://www.joinquant.com/post/47618,https://www.joinquant.com/view/community/detail/448130b690411e3f234ef38ba0d0c41a,ok,研报三因子II-新规高分红小市值-年化60回撤19,xiaohui1108,2024-04-13 17:08:41,1,研报三因子小市值-高分红/高PE/高增长-,post,2019-01-01,2024-01-01,150000,day,每天,3,892.370617,52.527451,60.415327,9.082983,0.52389320474421,0.79205586694885,2.3532714120794,3.2504505182438,3.1041310429128,19.324172,"[""2020-01-14"", ""2020-02-04""]",70.327553,54.036244,3.3474635411062,365,154,4.847711,67.012121212121,4.462907,1214,2870,63,79,70,285,
聚宽2026年精选,聚宽2026年精选/78首板低开策略-终极版 最大回撤15%，年化50%.txt,首板低开策略-终极版 最大回撤15%，年化50%,首板低开策略-终极版  最大回撤15%，年化50%,蓝猫量化,https://www.joinquant.com/post/49434,https://www.joinquant.com/view/community/detail/f9b8116068a79c843a8ab9e0d457b129,ok,首板低开策略-终极版  最大回撤15%，年化50%,蓝猫量化,2024-08-11 17:46:07,1,涨停低开-ST-主板,post,2021-01-01,2024-08-10,100000,day,每天,3,328.88561,-36.068996,51.661626,-12.011585,0.48021382214112,0.022468490099526,1.672310303804,2.859651269497,1.9275315009589,15.658673,"[""2021-11-26"", ""2022-01-25""]",63.473054,54.23341,2.0638475392574,106,61,1.907297,1.3424657534247,12.867551,874,2906,12,35,63,273,
聚宽2026年精选,聚宽2026年精选/79国九条-新的红利因子，修正「审计意见」函数.txt,国九条-新的红利因子，修正「审计意见」函数,国九条-新的红利因子，修正「审计意见」函数,LGQ_2025,https://www.joinquant.com/post/48747,https://www.joinquant.com/view/community/detail/26d1f773563746601fd9f598cf67d650,ok,国九条-新的红利因子，修正「审计意见」函数,xixi_2026,2024-06-13 12:46:33,1,399101---审计---红利--VK2----社区,post,2019-01-01,2024-06-10,100000,day,每天,3,2159.587456,31.180421,80.729511,5.286946,0.76040890283509,0.53508092723511,3.0861095210404,4.5480716045925,3.1168794761969,24.683006,"[""2020-09-08"", ""2021-02-08""]",73.469388,54.290053,3.7956204762514,216,78,4.512186,79.673076923077,7.60205,1317,4895,33,45,87,356,
聚宽2026年精选,聚宽2026年精选/7追首板涨停 过去两年年化304%.txt,追首板涨停 过去两年年化304%,追首板涨停 过去两年年化304%,子匀,https://www.joinquant.com/post/48680,https://www.joinquant.com/view/community/detail/ee54e8fdd1ad03f2ae23a3e0e364b952,ok,追首板涨停 过去两年年化304%,子匀,2024-06-07 20:11:56,1,首板放量高开买入攻连板,post,2021-06-14,2024-06-06,100000,day,每天,3,5575.552009,-31.244856,304.113627,-12.14972,3.0263646227678,0.15621544116524,6.6129905481671,12.473144697373,6.6659971123989,19.894128,"[""2023-04-06"", ""2023-05-09""]",64.285714,56.569848,4.291329222375,126,70,3.106447,1.2485549132948,21.889949,723,22685,113,129,231,1538,
聚宽2026年精选,聚宽2026年精选/80基本面01加RSI择时.txt,基本面01加RSI择时,基本面01加RSI择时,明曦,https://www.joinquant.com/post/45358,https://www.joinquant.com/view/community/detail/c65fbcb1058b2ed4d25f5597013455d4,ok,基本面01加RSI择时,明曦,2023-12-05 20:36:26,1,基本面01加RSI择时,post,2019-01-01,2023-12-04,100000,day,每天,3,788.239869,14.929999,57.920058,2.95394,0.54438864770295,0.49596313458062,2.3404136582588,3.2479365140788,2.3791003457523,18.287591,"[""2019-03-22"", ""2019-03-28""]",73.741794,55.564854,3.374448565545,337,120,4.660747,36.564102564103,4.222201,1195,3105,44,29,58,298,
聚宽2026年精选,聚宽2026年精选/81搞市场最靓的仔！指数ETF动量轮动策略-2.txt,搞市场最靓的仔！指数ETF动量轮动策略-2,搞市场最靓的仔！指数ETF动量轮动策略-2,野蛮生涨,https://www.joinquant.com/post/46429,https://www.joinquant.com/view/community/detail/39b8ae922bfa8848e8dd23c5de94fd5c,ok,搞市场最靓的仔！指数ETF动量轮动策略-2,野蛮生涨,2024-02-04 10:34:31,1,ETF轮动-AI-2号-Clone,post,2020-01-01,2024-02-03,100000,day,每天,3,338.38065,-22.383305,45.021179,-6.174104,0.46534948564475,0.54194152437582,1.2116798907516,1.6661972346943,1.5325947769099,21.285787,"[""2020-02-13"", ""2020-06-15""]",52.336449,53.420523,2.0473836451638,56,51,1.490149,96.4,9.997226,994,4635,22,37,88,304,
聚宽2026年精选,聚宽2026年精选/82回报社区——基于Gyro老师策略的思考.txt,回报社区——基于Gyro老师策略的思考,回报社区——基于Gyro老师策略的思考,琼楼,https://www.joinquant.com/post/45654,https://www.joinquant.com/view/community/detail/425e860c41b4fb87985793b2b38ce17e,ok,回报社区——基于Gyro老师策略的思考,琼楼,2023-12-23 22:06:53,1,网格交易日级,post,2018-12-31,2023-12-01,1000000,day,每天,3,201.556489,15.685317,25.999937,3.097756,0.22489582800951,0.54269835297893,1.2891474476294,1.6072664365116,1.4218035518122,17.796019,"[""2019-04-17"", ""2019-08-09""]",74.814674,52.596315,3.5483806394195,3936,1325,6.636827,123.79130434783,1.644673,1194,4894,116,54,103,278,
聚宽2026年精选,聚宽2026年精选/83大小外择时小市值.txt,大小外择时小市值,大小外择时小市值,aqa,https://www.joinquant.com/post/50470,https://www.joinquant.com/view/community/detail/f9eca5584371c2302e13c221e645c237,ok,大小外择时小市值,aqa,2024-11-07 14:36:40,1,择时选股止盈止损一条龙-Clone,post,2015-01-01,2024-11-05,100000,day,每天,3,12355.864448,14.457085,65.611198,1.421868,0.630337089131,0.55176044159979,2.5892535337114,3.6805592808727,2.8277304638567,27.233134,"[""2021-04-19"", ""2021-11-29""]",60.424564,53.952321,3.1744365302354,797,522,3.210957,69.764192139738,6.871519,2391,4909,26,31,66,316,
聚宽2026年精选,聚宽2026年精选/84正黄旗大妈选股改进-加入涨停卖出后的买入，提高资金利用率.txt,正黄旗大妈选股改进-加入涨停卖出后的买入，提高资金利用率,正黄旗大妈选股改进-加入涨停卖出后的买入，提高资金利用率,jql123,https://www.joinquant.com/post/44743,https://www.joinquant.com/view/community/detail/0aeb1df260681c108f4972b0fe37fc1f,ok,正黄旗大妈选股改进-加入涨停卖出后的买入，提高资金利用率,jql123,2023-11-03 12:39:37,1,正黄旗大妈选股-720-share,post,2013-01-01,2023-11-02,1000000,day,每天,3,16681.378532,66.657,62.706587,4.973064,0.57726125628895,1.0076014091462,1.9852327677126,2.3672903855559,3.6519735940968,43.342832,"[""2015-06-15"", ""2015-07-08""]",69.755245,55.720258,5.7822905523333,399,173,10.924339,109.64135021097,2.123754,2631,4823,51,26,62,381,
聚宽2026年精选,聚宽2026年精选/85稳健型ETF策略.txt,稳健型ETF策略,稳健型ETF策略,gjbdyrs,https://www.joinquant.com/post/48989,https://www.joinquant.com/view/community/detail/7ec5581383610f67f1739eee56bfa881,ok,稳健型ETF策略,gjbdyrs,2024-07-04 12:37:13,1,全天候ETF择时,post,2017-01-01,2024-07-03,1000000,day,每天,3,88.944466,4.632214,9.128239,0.623591,0.057143953399575,0.17360348872791,0.90839330729084,1.1979809610247,0.53788938587856,6.001239,"[""2018-01-26"", ""2018-06-28""]",82.222222,51.510159,10.119979680327,37,8,7.137724,1355.6666666667,0.504984,1821,5513,22,45,115,361,
聚宽2026年精选,聚宽2026年精选/86手把手教你构建ETF策略候选池优化版.txt,手把手教你构建ETF策略候选池优化版,手把手教你构建ETF策略候选池优化版,N365128,https://www.joinquant.com/post/49554,https://www.joinquant.com/view/community/detail/afb91104f16460f26f066c4304ef9876,ok,手把手教你构建ETF策略候选池优化版,5128,2024-08-20 23:40:10,1,ETF策略池构建,post,2024-08-21,2024-08-21,100000,day,每天,3,0,-0.331863,0,-56.440282,-0.04,0,0,0,0,0,"[""2024-08-21"", ""2024-08-21""]",0,100,0,0,0,0,0,0,1,6189,51,107,196,181,
聚宽2026年精选,聚宽2026年精选/87山寨红利.txt,山寨红利,山寨红利,开心果,https://www.joinquant.com/post/45699,https://www.joinquant.com/view/community/detail/53ca890062227be45767ebfdebc2f801,ok,山寨红利,开心果,2023-12-26 21:43:10,1,红利,post,2007-02-01,2023-12-22,10000000,day,每天,3,830.049128,119.848771,14.535531,4.910896,0.098291560214935,0.77547211425256,0.46728972145925,0.55393371869677,0.86151190154508,59.524024,"[""2008-01-15"", ""2008-11-04""]",60.97561,51.825706,2.3834250115008,600,384,10.123451,365.3293768546,0.858575,4108,3828,59,35,59,224,
聚宽2026年精选,聚宽2026年精选/88WY大神的“龙头打板”策略小改.txt,WY大神的“龙头打板”策略小改,WY大神的“龙头打板”策略小改,苗老八,https://www.joinquant.com/post/46331,https://www.joinquant.com/view/community/detail/cdb25df88f02709e6072ad81c111b376,ok,WY大神的“龙头打板”策略小改,苗老八,2024-01-29 17:06:24,1,研究任务--龙头(打板指数)-Clone-Clone,post,2023-01-01,2024-01-24,100000,minute,分钟,3,47.06611,-15.355806,45.108116,-14.864028,0.38987448094643,-0.112418628947,1.1747496596978,2.0266926933159,1.5743984202626,27.73823,"[""2023-10-25"", ""2023-12-26""]",28.278689,50.965251,1.3636081644278,69,175,-1.899782,2.0434782608696,10.575051,259,5075,71,47,81,238,
聚宽2026年精选,聚宽2026年精选/89基于Gyro.大神的小市值策略的因子匹配研究.txt,基于Gyro.大神的小市值策略的因子匹配研究,基于Gyro^.^大神的小市值策略的因子匹配研究,热情的刀,https://www.joinquant.com/post/45272,https://www.joinquant.com/view/community/detail/eac946e1dd6819cfb9419dda6b76fdf9,ok,基于Gyro^.^大神的小市值策略的因子匹配研究,热情的刀,2023-12-01 09:49:04,1,小市值研究--因子测试,post,2023-01-01,2023-11-03,1000000,day,每天,3,68.752368,-7.425555,91.095229,-9.107382,0.9392834877178,0.52131840657924,3.8311259527915,7.9960196870927,4.4421732458139,12.182003,"[""2023-03-24"", ""2023-04-25""]",85.714286,57.920792,30.686806125239,24,4,9.891645,38.615384615385,3.054452,202,4711,87,55,83,292,
聚宽2026年精选,聚宽2026年精选/8国九条后中小板微盘小改，年化135.40.txt,国九条后中小板微盘小改，年化135.40,国九条后中小板微盘小改，年化135.40%,子匀,https://www.joinquant.com/post/47946,https://www.joinquant.com/view/community/detail/dedbb2e56c2a9517cdb744b4b961ea79,ok,国九条后中小板微盘小改，年化135.40%,子匀,2024-04-30 19:25:01,1,动态持仓 止损线9 单价不超过50 修复4个bug-Clone,post,2022-01-01,2024-04-29,100000,day,每天,3,582.848593,-30.551411,135.39776,-14.995869,1.433136714978,0.6272896130799,4.596596136087,7.1040255047398,5.641798270346,11.74619,"[""2023-03-21"", ""2023-05-09""]",77.419355,59.358289,8.6697077005566,168,49,3.802139,64.413793103448,12.383755,561,20913,169,184,369,1487,
聚宽2026年精选,聚宽2026年精选/90固收+.txt,固收+,固收+,开心果,https://www.joinquant.com/post/50559,https://www.joinquant.com/view/community/detail/683afe402a5f5f0462d962af99fd8008,ok,固收+,开心果,2024-11-13 09:13:19,1,国债,post,2014-01-01,2024-11-11,1000000,day,每天,3,91.638588,45.652377,6.353131,3.625271,0.025821191005402,0.61107613026255,0.66979220068214,0.89043808806226,0.82398297444893,3.955407,"[""2015-06-08"", ""2015-07-08""]",100,53.939394,248710.58,25,0,106.054104,2640,0.028065,2640,4956,50,39,76,269,
聚宽2026年精选,聚宽2026年精选/91ETF-T0动量策略，年化 18%，回撤3.31%.txt,ETF-T0动量策略，年化 18%，回撤3.31%,ETF-T0动量策略，年化 18%，回撤3.31%,127.0.0.1,https://www.joinquant.com/post/47374,https://www.joinquant.com/view/community/detail/2e751cf52d43efef7c9208625c1b5f9f,ok,ETF-T0动量策略，年化 18%，回撤3.31%,127.0.0.1,2024-04-02 11:29:17,1,T0-德国-0.003,post,2020-06-30,2024-03-22,100000,day,每天,3,83.283684,36.20178,18.175067,8.889332,0.13435081339204,0.15134691952998,2.2551913783936,3.7294777882563,0.5330677980614,3.313976,"[""2021-03-26"", ""2021-07-21""]",60.450161,45.314223,2.3757070580102,188,123,0.207249,0,34.876176,907,6303,110,62,96,348,
聚宽2026年精选,聚宽2026年精选/92行业宽度轮动研究.txt,行业宽度轮动研究,行业宽度轮动研究,MarioC,https://www.joinquant.com/post/49180,https://www.joinquant.com/view/community/detail/fa6a81a5f54de7e924764c4cbb417d22,ok,行业宽度轮动研究,MarioC,2024-07-19 21:58:07,1,行业宽度轮动,post,2013-01-01,2024-07-17,100000,day,每天,3,892.803192,45.961416,22.727563,3.431696,0.1922567280333,0.87648533367723,0.60507526274391,0.85294685923296,0.79965404807781,44.51916,"[""2015-06-08"", ""2015-07-08""]",51.669596,47.359029,1.2904326031113,1176,1100,0.736251,37.85590778098,17.006731,2802,6689,28,55,92,229,
聚宽2026年精选,聚宽2026年精选/93.234板介入-2023年14倍-无未来.txt,板介入-2023年14倍-无未来,234板介入-2023年14倍-无未来,Clarence.罗,https://www.joinquant.com/post/47559,https://www.joinquant.com/view/community/detail/c636ce933dba1bca24e39c4c59879a07,ok,234板介入-2023年14倍-无未来,Clarence.罗,2024-04-11 01:40:01,1,2023年12倍-无未来,post,2023-01-01,2024-01-01,100000,day,每天,3,1511.513793,-11.378153,1666.617751,-11.731325,16.646770813163,0.13090635003596,21.990342193256,42.266346973462,21.943673242496,24.880815,"[""2023-08-31"", ""2023-09-08""]",75.555556,62.396694,3.7713643702749,34,11,6.288733,1.8139534883721,18.547669,242,7540,100,51,57,439,
聚宽2026年精选,聚宽2026年精选/94别人“拿的住”的股票最赚钱.txt,别人“拿的住”的股票最赚钱,别人“拿的住”的股票最赚钱,hayy,https://www.joinquant.com/post/45273,https://www.joinquant.com/view/community/detail/7ed15bc2f4b6b9ddf3998b204923671c,ok,别人“拿的住”的股票最赚钱,hayy,2023-12-01 10:12:36,1,信息流,post,2019-07-20,2023-05-20,1000000,day,每天,3,266.378732,3.586697,41.826483,0.952808,0.40091115421836,0.74318652810667,1.5832345905561,2.2380587024373,2.0662380350395,16.679227,"[""2020-02-25"", ""2020-04-28""]",58.456973,54.036598,2.3405191866336,197,140,6.69935,51.625850340136,3.124968,929,4439,64,116,112,224,
聚宽2026年精选,聚宽2026年精选/95学习贴《一个完整的-深度学习-神经网络pipeline》.txt,学习贴《一个完整的-深度学习-神经网络pipeline》,学习贴《一个完整的-深度学习-神经网络pipeline》,MarioC,https://www.joinquant.com/post/48096,https://www.joinquant.com/view/community/detail/b7d70989af9f8038611281b829010e43,ok,学习贴《一个完整的-深度学习-神经网络pipeline》,MarioC,2024-05-10 19:15:22,1,深度学习ETF,post,2010-01-01,2024-05-30,100000,day,每天,3,661.04056,24.020139,15.609546,1.550446,0.13063023780605,0.59336406328944,0.5667735325193,0.80755781716449,0.76674264837094,37.623537,"[""2011-04-18"", ""2012-12-03""]",52.702703,49.74271,2.2851971962366,234,210,1.241355,50.926470588235,4.271507,3498,6812,48,76,153,125,
聚宽2026年精选,聚宽2026年精选/96首版+2版龙虎榜挖掘V2.0，年化1400.txt,首版+2版龙虎榜挖掘V2.0，年化1400,首版+2版龙虎榜挖掘V2.0，年化1400,xxzlw,https://www.joinquant.com/post/46874,https://www.joinquant.com/view/community/detail/c07966a1c2c71fbfd9ae5b2c88a42d10,ok,首版+2版龙虎榜挖掘V2.0，年化1400,xxzlw,2024-03-02 20:53:00,1,首版挖掘1只-准确版-概念,post,2023-01-01,2024-01-26,100000,minute,分钟,3,1391.18539,-13.891048,1230.676393,-13.346576,12.241555509313,-0.14532215700146,17.972506025041,37.110796378534,17.77059673005,26.786758,"[""2023-10-27"", ""2023-12-08""]",70.0,60.91954,2.7654322506814,28,12,7.193574,1.1951219512195,17.647192,261,5429,37,25,43,398,
聚宽2026年精选,聚宽2026年精选/97趋势筛选后相关性最小etf轮动-加速10倍版.txt,趋势筛选后相关性最小etf轮动-加速10倍版,趋势筛选后相关性最小etf轮动-加速10倍版,蚂蚁量化,https://www.joinquant.com/post/49537,https://www.joinquant.com/view/community/detail/44fd4859877588f25c1fd7d164217b01,ok,趋势筛选后相关性最小etf轮动-加速10倍版,蚂蚁量化,2024-08-20 12:34:34,1,趋势筛选后相关性最小etf轮动-加速版,post,2017-01-01,2024-08-19,100000,day,每天,3,479.423183,1.416582,26.731652,0.189857,0.23770396065516,0.27262603811023,1.0826685989305,1.444549242779,1.0914575792311,17.357952,"[""2021-11-22"", ""2022-12-12""]",60.25641,52.481122,2.3307201987038,94,62,1.323708,154.5,7.79495,1854,6428,17,63,127,386,
聚宽2026年精选,聚宽2026年精选/98热点行业和热点概念-成分股-及龙一龙二龙三.py,热点行业和热点概念-成分股-及龙一龙二龙三,,,,,no_source_url,,,,0,,,,,,,,,,,,,,,,,,,,,,,,,,,,,,,,,,
聚宽2026年精选,聚宽2026年精选/99韶华研究之二十，竞价异动.txt,韶华研究之二十，竞价异动,韶华研究之二十，竞价异动,韶华不负,https://www.joinquant.com/post/47897,https://www.joinquant.com/view/community/detail/59fafd766733dbe134c9172116ecd593,ok,韶华研究之二十，竞价异动,韶华不负,2024-04-27 11:51:18,1,20cm竞价异动-分享,post,2024-01-01,2024-04-26,1000000,day,每天,3,51.689432,4.265633,293.774677,14.72946,2.8398327265757,0.53976658562098,5.0878972417908,10.110808429404,4.9177392650024,14.367119,"[""2024-03-06"", ""2024-03-25""]",60.0,47.368421,2.4683059211467,18,12,5.751325,1.2903225806452,16.797346,76,4056,31,49,56,240,
聚宽2026年精选,聚宽2026年精选/9干积分-量化策略简易框架.txt,干积分-量化策略简易框架,全天候轮动,MarioC,https://www.joinquant.com/post/48819,https://www.joinquant.com/view/community/detail/c9a01dd114e512ea13328041e7b736f4,ok,全天候轮动,MarioC,2024-06-20 13:41:24,1,择时选股止盈止损一条龙,post,2010-01-01,2024-06-18,100000,day,每天,3,24416.165381,-0.841518,47.975197,-0.060173,0.46184918855822,0.54424325790022,1.9758150627668,2.7158194759379,2.2559276796058,21.409022,"[""2019-11-05"", ""2020-03-17""]",63.228155,54.444444,2.5194748986622,521,303,5.520404,88.04845814978,4.410179,3510,30115,142,327,640,2011,
