execution_date,observation_date,universe_count,reported_candidate_count,symbol,rank,selected
2019-01-02,2018-12-28,3453,50,SZ300029,1,True
2019-01-02,2018-12-28,3453,50,SZ002200,2,True
2019-01-02,2018-12-28,3453,50,SZ300489,3,True
2019-01-02,2018-12-28,3453,50,SZ002072,4,True
2019-01-02,2018-12-28,3453,50,SZ300592,5,True
2019-01-02,2018-12-28,3453,50,SZ300069,6,True
2019-01-02,2018-12-28,3453,50,SZ300106,7,True
2019-01-02,2018-12-28,3453,50,SZ300321,8,True
2019-01-02,2018-12-28,3453,50,SZ300354,9,True
2019-01-02,2018-12-28,3453,50,SH600306,10,True
2019-01-02,2018-12-28,3453,50,SZ300405,11,False
2019-01-02,2018-12-28,3453,50,SZ000929,12,False
2019-01-02,2018-12-28,3453,50,SZ300665,13,False
2019-01-02,2018-12-28,3453,50,SZ300330,14,False
2019-01-02,2018-12-28,3453,50,SZ002633,15,False
2019-01-02,2018-12-28,3453,50,SZ300220,16,False
2019-01-02,2018-12-28,3453,50,SZ002890,17,False
2019-01-02,2018-12-28,3453,50,SZ300417,18,False
2019-01-02,2018-12-28,3453,50,SH603029,19,False
2019-01-02,2018-12-28,3453,50,SZ002800,20,False
2019-01-02,2018-12-28,3453,50,SZ300557,21,False
2019-01-02,2018-12-28,3453,50,SZ300275,22,False
2019-01-02,2018-12-28,3453,50,SH600137,23,False
2019-01-02,2018-12-28,3453,50,SZ300551,24,False
2019-01-02,2018-12-28,3453,50,SH600099,25,False
2019-01-02,2018-12-28,3453,50,SZ300521,26,False
2019-01-02,2018-12-28,3453,50,SH603286,27,False
2019-01-02,2018-12-28,3453,50,SZ300680,28,False
2019-01-02,2018-12-28,3453,50,SZ300442,29,False
2019-01-02,2018-12-28,3453,50,SH603088,30,False
2019-01-02,2018-12-28,3453,50,SH600768,31,False
2019-01-02,2018-12-28,3453,50,SH600561,32,False
2019-01-02,2018-12-28,3453,50,SH603090,33,False
2019-01-02,2018-12-28,3453,50,SZ002760,34,False
2019-01-02,2018-12-28,3453,50,SH603269,35,False
2019-01-02,2018-12-28,3453,50,SZ002420,36,False
2019-01-02,2018-12-28,3453,50,SZ300093,37,False
2019-01-02,2018-12-28,3453,50,SH600213,38,False
2019-01-02,2018-12-28,3453,50,SZ300218,39,False
2019-01-02,2018-12-28,3453,50,SZ002209,40,False
2019-01-02,2018-12-28,3453,50,SH603031,41,False
2019-01-02,2018-12-28,3453,50,SZ002569,42,False
2019-01-02,2018-12-28,3453,50,SZ002112,43,False
2019-01-02,2018-12-28,3453,50,SZ300535,44,False
2019-01-02,2018-12-28,3453,50,SZ000004,45,False
2019-01-02,2018-12-28,3453,50,SH600095,46,False
2019-01-02,2018-12-28,3453,50,SZ300254,47,False
2019-01-02,2018-12-28,3453,50,SH603991,48,False
2019-01-02,2018-12-28,3453,50,SZ002205,49,False
2019-01-02,2018-12-28,3453,50,SZ000835,50,False
2019-02-01,2019-01-31,3474,50,SZ300029,1,True
2019-02-01,2019-01-31,3474,50,SZ002072,2,True
2019-02-01,2019-01-31,3474,50,SZ002200,3,True
2019-02-01,2019-01-31,3474,50,SH600306,4,True
2019-02-01,2019-01-31,3474,50,SZ300489,5,True
2019-02-01,2019-01-31,3474,50,SZ300592,6,True
2019-02-01,2019-01-31,3474,50,SZ300405,7,True
2019-02-01,2019-01-31,3474,50,SZ300321,8,True
2019-02-01,2019-01-31,3474,50,SZ002633,9,True
2019-02-01,2019-01-31,3474,50,SZ300330,10,True
2019-02-01,2019-01-31,3474,50,SZ300106,11,False
2019-02-01,2019-01-31,3474,50,SZ300216,12,False
2019-02-01,2019-01-31,3474,50,SZ002890,13,False
2019-02-01,2019-01-31,3474,50,SZ000929,14,False
2019-02-01,2019-01-31,3474,50,SH603286,15,False
2019-02-01,2019-01-31,3474,50,SZ300093,16,False
2019-02-01,2019-01-31,3474,50,SZ300665,17,False
2019-02-01,2019-01-31,3474,50,SZ300680,18,False
2019-02-01,2019-01-31,3474,50,SZ300354,19,False
2019-02-01,2019-01-31,3474,50,SZ300417,20,False
2019-02-01,2019-01-31,3474,50,SZ300220,21,False
2019-02-01,2019-01-31,3474,50,SZ300069,22,False
2019-02-01,2019-01-31,3474,50,SZ300442,23,False
2019-02-01,2019-01-31,3474,50,SZ002800,24,False
2019-02-01,2019-01-31,3474,50,SH603029,25,False
2019-02-01,2019-01-31,3474,50,SZ300275,26,False
2019-02-01,2019-01-31,3474,50,SZ002499,27,False
2019-02-01,2019-01-31,3474,50,SH603269,28,False
2019-02-01,2019-01-31,3474,50,SZ300521,29,False
2019-02-01,2019-01-31,3474,50,SZ300535,30,False
2019-02-01,2019-01-31,3474,50,SZ000835,31,False
2019-02-01,2019-01-31,3474,50,SH600137,32,False
2019-02-01,2019-01-31,3474,50,SZ002760,33,False
2019-02-01,2019-01-31,3474,50,SH603031,34,False
2019-02-01,2019-01-31,3474,50,SZ002420,35,False
2019-02-01,2019-01-31,3474,50,SZ002209,36,False
2019-02-01,2019-01-31,3474,50,SH600385,37,False
2019-02-01,2019-01-31,3474,50,SH600099,38,False
2019-02-01,2019-01-31,3474,50,SZ300557,39,False
2019-02-01,2019-01-31,3474,50,SH603090,40,False
2019-02-01,2019-01-31,3474,50,SZ002112,41,False
2019-02-01,2019-01-31,3474,50,SZ300167,42,False
2019-02-01,2019-01-31,3474,50,SZ000691,43,False
2019-02-01,2019-01-31,3474,50,SZ300551,44,False
2019-02-01,2019-01-31,3474,50,SZ000502,45,False
2019-02-01,2019-01-31,3474,50,SH603729,46,False
2019-02-01,2019-01-31,3474,50,SH600561,47,False
2019-02-01,2019-01-31,3474,50,SZ002729,48,False
2019-02-01,2019-01-31,3474,50,SZ300152,49,False
2019-02-01,2019-01-31,3474,50,SH603991,50,False
2019-03-01,2019-02-28,3487,50,SZ300029,1,True
2019-03-01,2019-02-28,3487,50,SZ002072,2,True
2019-03-01,2019-02-28,3487,50,SZ002200,3,True
2019-03-01,2019-02-28,3487,50,SZ300489,4,True
2019-03-01,2019-02-28,3487,50,SZ300592,5,True
2019-03-01,2019-02-28,3487,50,SH600306,6,True
2019-03-01,2019-02-28,3487,50,SZ300405,7,True
2019-03-01,2019-02-28,3487,50,SZ300321,8,True
2019-03-01,2019-02-28,3487,50,SZ300106,9,True
2019-03-01,2019-02-28,3487,50,SZ300330,10,True
2019-03-01,2019-02-28,3487,50,SZ002633,11,False
2019-03-01,2019-02-28,3487,50,SH603286,12,False
2019-03-01,2019-02-28,3487,50,SZ000929,13,False
2019-03-01,2019-02-28,3487,50,SZ300680,14,False
2019-03-01,2019-02-28,3487,50,SZ002890,15,False
2019-03-01,2019-02-28,3487,50,SZ300665,16,False
2019-03-01,2019-02-28,3487,50,SZ300417,17,False
2019-03-01,2019-02-28,3487,50,SZ300354,18,False
2019-03-01,2019-02-28,3487,50,SH603029,19,False
2019-03-01,2019-02-28,3487,50,SZ300535,20,False
2019-03-01,2019-02-28,3487,50,SZ300551,21,False
2019-03-01,2019-02-28,3487,50,SZ002800,22,False
2019-03-01,2019-02-28,3487,50,SH603031,23,False
2019-03-01,2019-02-28,3487,50,SH600137,24,False
2019-03-01,2019-02-28,3487,50,SZ002760,25,False
2019-03-01,2019-02-28,3487,50,SH603269,26,False
2019-03-01,2019-02-28,3487,50,SZ300442,27,False
2019-03-01,2019-02-28,3487,50,SH600099,28,False
2019-03-01,2019-02-28,3487,50,SZ300093,29,False
2019-03-01,2019-02-28,3487,50,SZ300557,30,False
2019-03-01,2019-02-28,3487,50,SH603090,31,False
2019-03-01,2019-02-28,3487,50,SZ300275,32,False
2019-03-01,2019-02-28,3487,50,SZ300573,33,False
2019-03-01,2019-02-28,3487,50,SH600561,34,False
2019-03-01,2019-02-28,3487,50,SZ002209,35,False
2019-03-01,2019-02-28,3487,50,SH600385,36,False
2019-03-01,2019-02-28,3487,50,SZ002420,37,False
2019-03-01,2019-02-28,3487,50,SZ000502,38,False
2019-03-01,2019-02-28,3487,50,SH603088,39,False
2019-03-01,2019-02-28,3487,50,SH600455,40,False
2019-03-01,2019-02-28,3487,50,SH600768,41,False
2019-03-01,2019-02-28,3487,50,SZ000835,42,False
2019-03-01,2019-02-28,3487,50,SZ000691,43,False
2019-03-01,2019-02-28,3487,50,SH603991,44,False
2019-03-01,2019-02-28,3487,50,SZ300220,45,False
2019-03-01,2019-02-28,3487,50,SZ002729,46,False
2019-03-01,2019-02-28,3487,50,SZ002499,47,False
2019-03-01,2019-02-28,3487,50,SH603536,48,False
2019-03-01,2019-02-28,3487,50,SH603879,49,False
2019-03-01,2019-02-28,3487,50,SH603041,50,False
2019-04-01,2019-03-29,3495,50,SZ002072,1,True
2019-04-01,2019-03-29,3495,50,SZ300029,2,True
2019-04-01,2019-03-29,3495,50,SZ002200,3,True
2019-04-01,2019-03-29,3495,50,SH600306,4,True
2019-04-01,2019-03-29,3495,50,SZ300405,5,True
2019-04-01,2019-03-29,3495,50,SZ300592,6,True
2019-04-01,2019-03-29,3495,50,SZ300489,7,True
2019-04-01,2019-03-29,3495,50,SZ300665,8,True
2019-04-01,2019-03-29,3495,50,SZ300106,9,True
2019-04-01,2019-03-29,3495,50,SZ300680,10,True
2019-04-01,2019-03-29,3495,50,SZ000611,11,False
2019-04-01,2019-03-29,3495,50,SZ300321,12,False
2019-04-01,2019-03-29,3495,50,SZ300069,13,False
2019-04-01,2019-03-29,3495,50,SH600385,14,False
2019-04-01,2019-03-29,3495,50,SH603286,15,False
2019-04-01,2019-03-29,3495,50,SZ002890,16,False
2019-04-01,2019-03-29,3495,50,SZ300417,17,False
2019-04-01,2019-03-29,3495,50,SZ000929,18,False
2019-04-01,2019-03-29,3495,50,SH600768,19,False
2019-04-01,2019-03-29,3495,50,SZ300442,20,False
2019-04-01,2019-03-29,3495,50,SZ300216,21,False
2019-04-01,2019-03-29,3495,50,SH603029,22,False
2019-04-01,2019-03-29,3495,50,SZ300354,23,False
2019-04-01,2019-03-29,3495,50,SZ002800,24,False
2019-04-01,2019-03-29,3495,50,SH603269,25,False
2019-04-01,2019-03-29,3495,50,SH603031,26,False
2019-04-01,2019-03-29,3495,50,SZ300275,27,False
2019-04-01,2019-03-29,3495,50,SH600099,28,False
2019-04-01,2019-03-29,3495,50,SZ300535,29,False
2019-04-01,2019-03-29,3495,50,SZ002569,30,False
2019-04-01,2019-03-29,3495,50,SZ300573,31,False
2019-04-01,2019-03-29,3495,50,SH603088,32,False
2019-04-01,2019-03-29,3495,50,SZ300330,33,False
2019-04-01,2019-03-29,3495,50,SH600561,34,False
2019-04-01,2019-03-29,3495,50,SZ002633,35,False
2019-04-01,2019-03-29,3495,50,SZ300093,36,False
2019-04-01,2019-03-29,3495,50,SZ002420,37,False
2019-04-01,2019-03-29,3495,50,SZ002209,38,False
2019-04-01,2019-03-29,3495,50,SZ002473,39,False
2019-04-01,2019-03-29,3495,50,SZ300626,40,False
2019-04-01,2019-03-29,3495,50,SZ300557,41,False
2019-04-01,2019-03-29,3495,50,SZ300551,42,False
2019-04-01,2019-03-29,3495,50,SZ002715,43,False
2019-04-01,2019-03-29,3495,50,SZ002760,44,False
2019-04-01,2019-03-29,3495,50,SZ002112,45,False
2019-04-01,2019-03-29,3495,50,SZ000691,46,False
2019-04-01,2019-03-29,3495,50,SZ300460,47,False
2019-04-01,2019-03-29,3495,50,SH603041,48,False
2019-04-01,2019-03-29,3495,50,SH600213,49,False
2019-04-01,2019-03-29,3495,50,SZ000835,50,False
2019-05-06,2019-04-30,3506,50,SZ300029,1,True
2019-05-06,2019-04-30,3506,50,SZ300592,2,True
2019-05-06,2019-04-30,3506,50,SH600306,3,True
2019-05-06,2019-04-30,3506,50,SZ300665,4,True
2019-05-06,2019-04-30,3506,50,SZ002890,5,True
2019-05-06,2019-04-30,3506,50,SH603286,6,True
2019-05-06,2019-04-30,3506,50,SZ300354,7,True
2019-05-06,2019-04-30,3506,50,SZ300321,8,True
2019-05-06,2019-04-30,3506,50,SZ300442,9,True
2019-05-06,2019-04-30,3506,50,SH603029,10,True
2019-05-06,2019-04-30,3506,50,SH603269,11,False
2019-05-06,2019-04-30,3506,50,SH603031,12,False
2019-05-06,2019-04-30,3506,50,SZ300535,13,False
2019-05-06,2019-04-30,3506,50,SZ300093,14,False
2019-05-06,2019-04-30,3506,50,SH600768,15,False
2019-05-06,2019-04-30,3506,50,SZ300330,16,False
2019-05-06,2019-04-30,3506,50,SZ002633,17,False
2019-05-06,2019-04-30,3506,50,SZ000691,18,False
2019-05-06,2019-04-30,3506,50,SZ002473,19,False
2019-05-06,2019-04-30,3506,50,SZ300460,20,False
2019-05-06,2019-04-30,3506,50,SZ300106,21,False
2019-05-06,2019-04-30,3506,50,SZ002209,22,False
2019-05-06,2019-04-30,3506,50,SH600137,23,False
2019-05-06,2019-04-30,3506,50,SZ300680,24,False
2019-05-06,2019-04-30,3506,50,SZ300626,25,False
2019-05-06,2019-04-30,3506,50,SZ300736,26,False
2019-05-06,2019-04-30,3506,50,SZ300557,27,False
2019-05-06,2019-04-30,3506,50,SZ300585,28,False
2019-05-06,2019-04-30,3506,50,SZ002800,29,False
2019-05-06,2019-04-30,3506,50,SZ000929,30,False
2019-05-06,2019-04-30,3506,50,SZ300521,31,False
2019-05-06,2019-04-30,3506,50,SZ300636,32,False
2019-05-06,2019-04-30,3506,50,SH603090,33,False
2019-05-06,2019-04-30,3506,50,SH603991,34,False
2019-05-06,2019-04-30,3506,50,SH600605,35,False
2019-05-06,2019-04-30,3506,50,SZ000502,36,False
2019-05-06,2019-04-30,3506,50,SZ300218,37,False
2019-05-06,2019-04-30,3506,50,SZ002760,38,False
2019-05-06,2019-04-30,3506,50,SH603536,39,False
2019-05-06,2019-04-30,3506,50,SZ000835,40,False
2019-05-06,2019-04-30,3506,50,SZ300489,41,False
2019-05-06,2019-04-30,3506,50,SH603330,42,False
2019-05-06,2019-04-30,3506,50,SH603041,43,False
2019-05-06,2019-04-30,3506,50,SH600319,44,False
2019-05-06,2019-04-30,3506,50,SZ300275,45,False
2019-05-06,2019-04-30,3506,50,SZ300606,46,False
2019-05-06,2019-04-30,3506,50,SH603088,47,False
2019-05-06,2019-04-30,3506,50,SZ000679,48,False
2019-05-06,2019-04-30,3506,50,SZ002857,49,False
2019-05-06,2019-04-30,3506,50,SH600561,50,False
2019-06-03,2019-05-31,3513,50,SZ000691,1,True
2019-06-03,2019-05-31,3513,50,SZ300665,2,True
2019-06-03,2019-05-31,3513,50,SZ002473,3,True
2019-06-03,2019-05-31,3513,50,SZ300029,4,True
2019-06-03,2019-05-31,3513,50,SH603269,5,True
2019-06-03,2019-05-31,3513,50,SH603029,6,True
2019-06-03,2019-05-31,3513,50,SZ002890,7,True
2019-06-03,2019-05-31,3513,50,SH603286,8,True
2019-06-03,2019-05-31,3513,50,SZ300321,9,True
2019-06-03,2019-05-31,3513,50,SZ002209,10,True
2019-06-03,2019-05-31,3513,50,SH600306,11,False
2019-06-03,2019-05-31,3513,50,SH600137,12,False
2019-06-03,2019-05-31,3513,50,SZ000679,13,False
2019-06-03,2019-05-31,3513,50,SZ300680,14,False
2019-06-03,2019-05-31,3513,50,SZ300442,15,False
2019-06-03,2019-05-31,3513,50,SZ000835,16,False
2019-06-03,2019-05-31,3513,50,SZ300489,17,False
2019-06-03,2019-05-31,3513,50,SZ002800,18,False
2019-06-03,2019-05-31,3513,50,SZ002633,19,False
2019-06-03,2019-05-31,3513,50,SZ300535,20,False
2019-06-03,2019-05-31,3513,50,SH603031,21,False
2019-06-03,2019-05-31,3513,50,SZ300521,22,False
2019-06-03,2019-05-31,3513,50,SZ000502,23,False
2019-06-03,2019-05-31,3513,50,SH600768,24,False
2019-06-03,2019-05-31,3513,50,SH603991,25,False
2019-06-03,2019-05-31,3513,50,SZ300736,26,False
2019-06-03,2019-05-31,3513,50,SZ300093,27,False
2019-06-03,2019-05-31,3513,50,SZ300721,28,False
2019-06-03,2019-05-31,3513,50,SZ300585,29,False
2019-06-03,2019-05-31,3513,50,SZ000929,30,False
2019-06-03,2019-05-31,3513,50,SH600605,31,False
2019-06-03,2019-05-31,3513,50,SZ300557,32,False
2019-06-03,2019-05-31,3513,50,SH603090,33,False
2019-06-03,2019-05-31,3513,50,SZ300460,34,False
2019-06-03,2019-05-31,3513,50,SZ300354,35,False
2019-06-03,2019-05-31,3513,50,SH600561,36,False
2019-06-03,2019-05-31,3513,50,SH603729,37,False
2019-06-03,2019-05-31,3513,50,SH603880,38,False
2019-06-03,2019-05-31,3513,50,SZ300517,39,False
2019-06-03,2019-05-31,3513,50,SZ300218,40,False
2019-06-03,2019-05-31,3513,50,SZ300650,41,False
2019-06-03,2019-05-31,3513,50,SZ300636,42,False
2019-06-03,2019-05-31,3513,50,SH600319,43,False
2019-06-03,2019-05-31,3513,50,SZ000609,44,False
2019-06-03,2019-05-31,3513,50,SH600671,45,False
2019-06-03,2019-05-31,3513,50,SZ002760,46,False
2019-06-03,2019-05-31,3513,50,SZ300167,47,False
2019-06-03,2019-05-31,3513,50,SZ300554,48,False
2019-06-03,2019-05-31,3513,50,SH603725,49,False
2019-06-03,2019-05-31,3513,50,SZ300606,50,False
2019-07-01,2019-06-28,3520,50,SZ000691,1,True
2019-07-01,2019-06-28,3520,50,SZ002473,2,True
2019-07-01,2019-06-28,3520,50,SZ300592,3,True
2019-07-01,2019-06-28,3520,50,SZ300029,4,True
2019-07-01,2019-06-28,3520,50,SZ300321,5,True
2019-07-01,2019-06-28,3520,50,SZ002890,6,True
2019-07-01,2019-06-28,3520,50,SZ300665,7,True
2019-07-01,2019-06-28,3520,50,SH603286,8,True
2019-07-01,2019-06-28,3520,50,SH603269,9,True
2019-07-01,2019-06-28,3520,50,SH603029,10,True
2019-07-01,2019-06-28,3520,50,SZ002209,11,False
2019-07-01,2019-06-28,3520,50,SZ000679,12,False
2019-07-01,2019-06-28,3520,50,SH600137,13,False
2019-07-01,2019-06-28,3520,50,SZ000502,14,False
2019-07-01,2019-06-28,3520,50,SZ002633,15,False
2019-07-01,2019-06-28,3520,50,SZ300442,16,False
2019-07-01,2019-06-28,3520,50,SZ300521,17,False
2019-07-01,2019-06-28,3520,50,SH603991,18,False
2019-07-01,2019-06-28,3520,50,SH600768,19,False
2019-07-01,2019-06-28,3520,50,SZ002112,20,False
2019-07-01,2019-06-28,3520,50,SZ000835,21,False
2019-07-01,2019-06-28,3520,50,SZ300535,22,False
2019-07-01,2019-06-28,3520,50,SZ000929,23,False
2019-07-01,2019-06-28,3520,50,SH600671,24,False
2019-07-01,2019-06-28,3520,50,SZ300721,25,False
2019-07-01,2019-06-28,3520,50,SH603090,26,False
2019-07-01,2019-06-28,3520,50,SZ300626,27,False
2019-07-01,2019-06-28,3520,50,SH603031,28,False
2019-07-01,2019-06-28,3520,50,SZ300680,29,False
2019-07-01,2019-06-28,3520,50,SZ002800,30,False
2019-07-01,2019-06-28,3520,50,SH603729,31,False
2019-07-01,2019-06-28,3520,50,SZ300557,32,False
2019-07-01,2019-06-28,3520,50,SH600561,33,False
2019-07-01,2019-06-28,3520,50,SZ002213,34,False
2019-07-01,2019-06-28,3520,50,SH600319,35,False
2019-07-01,2019-06-28,3520,50,SZ002715,36,False
2019-07-01,2019-06-28,3520,50,SZ300489,37,False
2019-07-01,2019-06-28,3520,50,SH603725,38,False
2019-07-01,2019-06-28,3520,50,SZ300354,39,False
2019-07-01,2019-06-28,3520,50,SZ300650,40,False
2019-07-01,2019-06-28,3520,50,SZ300218,41,False
2019-07-01,2019-06-28,3520,50,SZ300717,42,False
2019-07-01,2019-06-28,3520,50,SH600605,43,False
2019-07-01,2019-06-28,3520,50,SZ300093,44,False
2019-07-01,2019-06-28,3520,50,SZ000609,45,False
2019-07-01,2019-06-28,3520,50,SZ300554,46,False
2019-07-01,2019-06-28,3520,50,SZ300106,47,False
2019-07-01,2019-06-28,3520,50,SH603330,48,False
2019-07-01,2019-06-28,3520,50,SH603879,49,False
2019-07-01,2019-06-28,3520,50,SZ002760,50,False
2019-08-01,2019-07-31,3527,50,SH600306,1,True
2019-08-01,2019-07-31,3527,50,SZ002473,2,True
2019-08-01,2019-07-31,3527,50,SZ300665,3,True
2019-08-01,2019-07-31,3527,50,SZ300592,4,True
2019-08-01,2019-07-31,3527,50,SZ000691,5,True
2019-08-01,2019-07-31,3527,50,SZ300029,6,True
2019-08-01,2019-07-31,3527,50,SZ002890,7,True
2019-08-01,2019-07-31,3527,50,SZ002209,8,True
2019-08-01,2019-07-31,3527,50,SZ300321,9,True
2019-08-01,2019-07-31,3527,50,SZ002633,10,True
2019-08-01,2019-07-31,3527,50,SZ000835,11,False
2019-08-01,2019-07-31,3527,50,SH603029,12,False
2019-08-01,2019-07-31,3527,50,SH603286,13,False
2019-08-01,2019-07-31,3527,50,SZ000679,14,False
2019-08-01,2019-07-31,3527,50,SZ000929,15,False
2019-08-01,2019-07-31,3527,50,SH603269,16,False
2019-08-01,2019-07-31,3527,50,SZ002112,17,False
2019-08-01,2019-07-31,3527,50,SZ000502,18,False
2019-08-01,2019-07-31,3527,50,SZ300442,19,False
2019-08-01,2019-07-31,3527,50,SH603729,20,False
2019-08-01,2019-07-31,3527,50,SZ300362,21,False
2019-08-01,2019-07-31,3527,50,SH600768,22,False
2019-08-01,2019-07-31,3527,50,SH603991,23,False
2019-08-01,2019-07-31,3527,50,SZ000609,24,False
2019-08-01,2019-07-31,3527,50,SZ300680,25,False
2019-08-01,2019-07-31,3527,50,SH603090,26,False
2019-08-01,2019-07-31,3527,50,SH600137,27,False
2019-08-01,2019-07-31,3527,50,SZ002715,28,False
2019-08-01,2019-07-31,3527,50,SZ300521,29,False
2019-08-01,2019-07-31,3527,50,SH600561,30,False
2019-08-01,2019-07-31,3527,50,SZ300626,31,False
2019-08-01,2019-07-31,3527,50,SZ300489,32,False
2019-08-01,2019-07-31,3527,50,SZ300535,33,False
2019-08-01,2019-07-31,3527,50,SZ000638,34,False
2019-08-01,2019-07-31,3527,50,SZ002800,35,False
2019-08-01,2019-07-31,3527,50,SZ300460,36,False
2019-08-01,2019-07-31,3527,50,SZ300736,37,False
2019-08-01,2019-07-31,3527,50,SH603330,38,False
2019-08-01,2019-07-31,3527,50,SH603088,39,False
2019-08-01,2019-07-31,3527,50,SZ000004,40,False
2019-08-01,2019-07-31,3527,50,SH603879,41,False
2019-08-01,2019-07-31,3527,50,SZ000692,42,False
2019-08-01,2019-07-31,3527,50,SH600778,43,False
2019-08-01,2019-07-31,3527,50,SZ300557,44,False
2019-08-01,2019-07-31,3527,50,SH600099,45,False
2019-08-01,2019-07-31,3527,50,SZ002213,46,False
2019-08-01,2019-07-31,3527,50,SZ002760,47,False
2019-08-01,2019-07-31,3527,50,SH603041,48,False
2019-08-01,2019-07-31,3527,50,SZ002778,49,False
2019-08-01,2019-07-31,3527,50,SZ300606,50,False
2019-09-02,2019-08-30,3530,50,SH600306,1,True
2019-09-02,2019-08-30,3530,50,SZ000691,2,True
2019-09-02,2019-08-30,3530,50,SZ300665,3,True
2019-09-02,2019-08-30,3530,50,SZ002633,4,True
2019-09-02,2019-08-30,3530,50,SZ002209,5,True
2019-09-02,2019-08-30,3530,50,SZ300029,6,True
2019-09-02,2019-08-30,3530,50,SH603269,7,True
2019-09-02,2019-08-30,3530,50,SZ002890,8,True
2019-09-02,2019-08-30,3530,50,SZ300321,9,True
2019-09-02,2019-08-30,3530,50,SZ002473,10,True
2019-09-02,2019-08-30,3530,50,SZ000679,11,False
2019-09-02,2019-08-30,3530,50,SZ000502,12,False
2019-09-02,2019-08-30,3530,50,SH603029,13,False
2019-09-02,2019-08-30,3530,50,SH603286,14,False
2019-09-02,2019-08-30,3530,50,SZ300592,15,False
2019-09-02,2019-08-30,3530,50,SZ000835,16,False
2019-09-02,2019-08-30,3530,50,SZ000929,17,False
2019-09-02,2019-08-30,3530,50,SH603729,18,False
2019-09-02,2019-08-30,3530,50,SZ002112,19,False
2019-09-02,2019-08-30,3530,50,SZ300442,20,False
2019-09-02,2019-08-30,3530,50,SH603088,21,False
2019-09-02,2019-08-30,3530,50,SZ000609,22,False
2019-09-02,2019-08-30,3530,50,SZ300626,23,False
2019-09-02,2019-08-30,3530,50,SZ300535,24,False
2019-09-02,2019-08-30,3530,50,SZ002715,25,False
2019-09-02,2019-08-30,3530,50,SH600561,26,False
2019-09-02,2019-08-30,3530,50,SZ300680,27,False
2019-09-02,2019-08-30,3530,50,SH603991,28,False
2019-09-02,2019-08-30,3530,50,SH603879,29,False
2019-09-02,2019-08-30,3530,50,SZ300736,30,False
2019-09-02,2019-08-30,3530,50,SH603330,31,False
2019-09-02,2019-08-30,3530,50,SZ300022,32,False
2019-09-02,2019-08-30,3530,50,SZ002921,33,False
2019-09-02,2019-08-30,3530,50,SZ300721,34,False
2019-09-02,2019-08-30,3530,50,SH603725,35,False
2019-09-02,2019-08-30,3530,50,SZ300521,36,False
2019-09-02,2019-08-30,3530,50,SH600768,37,False
2019-09-02,2019-08-30,3530,50,SZ002778,38,False
2019-09-02,2019-08-30,3530,50,SZ002760,39,False
2019-09-02,2019-08-30,3530,50,SZ300362,40,False
2019-09-02,2019-08-30,3530,50,SZ300517,41,False
2019-09-02,2019-08-30,3530,50,SZ300106,42,False
2019-09-02,2019-08-30,3530,50,SH600099,43,False
2019-09-02,2019-08-30,3530,50,SZ000638,44,False
2019-09-02,2019-08-30,3530,50,SZ300557,45,False
2019-09-02,2019-08-30,3530,50,SZ300606,46,False
2019-09-02,2019-08-30,3530,50,SZ002667,47,False
2019-09-02,2019-08-30,3530,50,SH600137,48,False
2019-09-02,2019-08-30,3530,50,SZ000692,49,False
2019-09-02,2019-08-30,3530,50,SH600778,50,False
2019-10-08,2019-09-30,3540,50,SH600306,1,True
2019-10-08,2019-09-30,3540,50,SZ300029,2,True
2019-10-08,2019-09-30,3540,50,SZ300665,3,True
2019-10-08,2019-09-30,3540,50,SZ000502,4,True
2019-10-08,2019-09-30,3540,50,SZ000691,5,True
2019-10-08,2019-09-30,3540,50,SZ000835,6,True
2019-10-08,2019-09-30,3540,50,SH603269,7,True
2019-10-08,2019-09-30,3540,50,SZ002633,8,True
2019-10-08,2019-09-30,3540,50,SZ000679,9,True
2019-10-08,2019-09-30,3540,50,SZ300592,10,True
2019-10-08,2019-09-30,3540,50,SZ002209,11,False
2019-10-08,2019-09-30,3540,50,SH603286,12,False
2019-10-08,2019-09-30,3540,50,SZ002890,13,False
2019-10-08,2019-09-30,3540,50,SZ000929,14,False
2019-10-08,2019-09-30,3540,50,SZ300321,15,False
2019-10-08,2019-09-30,3540,50,SZ300362,16,False
2019-10-08,2019-09-30,3540,50,SZ002112,17,False
2019-10-08,2019-09-30,3540,50,SZ000609,18,False
2019-10-08,2019-09-30,3540,50,SH603029,19,False
2019-10-08,2019-09-30,3540,50,SH603729,20,False
2019-10-08,2019-09-30,3540,50,SZ300022,21,False
2019-10-08,2019-09-30,3540,50,SZ002473,22,False
2019-10-08,2019-09-30,3540,50,SZ002715,23,False
2019-10-08,2019-09-30,3540,50,SH603991,24,False
2019-10-08,2019-09-30,3540,50,SH600561,25,False
2019-10-08,2019-09-30,3540,50,SH600137,26,False
2019-10-08,2019-09-30,3540,50,SZ300626,27,False
2019-10-08,2019-09-30,3540,50,SZ300736,28,False
2019-10-08,2019-09-30,3540,50,SH600768,29,False
2019-10-08,2019-09-30,3540,50,SZ300535,30,False
2019-10-08,2019-09-30,3540,50,SZ300680,31,False
2019-10-08,2019-09-30,3540,50,SH603088,32,False
2019-10-08,2019-09-30,3540,50,SZ002921,33,False
2019-10-08,2019-09-30,3540,50,SZ300106,34,False
2019-10-08,2019-09-30,3540,50,SZ000638,35,False
2019-10-08,2019-09-30,3540,50,SH600099,36,False
2019-10-08,2019-09-30,3540,50,SZ300721,37,False
2019-10-08,2019-09-30,3540,50,SH603330,38,False
2019-10-08,2019-09-30,3540,50,SZ002778,39,False
2019-10-08,2019-09-30,3540,50,SZ300089,40,False
2019-10-08,2019-09-30,3540,50,SH600319,41,False
2019-10-08,2019-09-30,3540,50,SZ002760,42,False
2019-10-08,2019-09-30,3540,50,SH600796,43,False
2019-10-08,2019-09-30,3540,50,SZ300431,44,False
2019-10-08,2019-09-30,3540,50,SZ000692,45,False
2019-10-08,2019-09-30,3540,50,SH600241,46,False
2019-10-08,2019-09-30,3540,50,SZ300557,47,False
2019-10-08,2019-09-30,3540,50,SH600778,48,False
2019-10-08,2019-09-30,3540,50,SZ300069,49,False
2019-10-08,2019-09-30,3540,50,SH600883,50,False
2019-11-01,2019-10-31,3547,50,SH600306,1,True
2019-11-01,2019-10-31,3547,50,SZ000691,2,True
2019-11-01,2019-10-31,3547,50,SZ002633,3,True
2019-11-01,2019-10-31,3547,50,SZ000835,4,True
2019-11-01,2019-10-31,3547,50,SZ300665,5,True
2019-11-01,2019-10-31,3547,50,SZ002209,6,True
2019-11-01,2019-10-31,3547,50,SH603991,7,True
2019-11-01,2019-10-31,3547,50,SZ300029,8,True
2019-11-01,2019-10-31,3547,50,SH603269,9,True
2019-11-01,2019-10-31,3547,50,SZ000929,10,True
2019-11-01,2019-10-31,3547,50,SZ002473,11,False
2019-11-01,2019-10-31,3547,50,SH603729,12,False
2019-11-01,2019-10-31,3547,50,SH603286,13,False
2019-11-01,2019-10-31,3547,50,SZ300362,14,False
2019-11-01,2019-10-31,3547,50,SZ000609,15,False
2019-11-01,2019-10-31,3547,50,SH603029,16,False
2019-11-01,2019-10-31,3547,50,SZ000679,17,False
2019-11-01,2019-10-31,3547,50,SZ300592,18,False
2019-11-01,2019-10-31,3547,50,SZ002112,19,False
2019-11-01,2019-10-31,3547,50,SH600137,20,False
2019-11-01,2019-10-31,3547,50,SZ002890,21,False
2019-11-01,2019-10-31,3547,50,SZ000502,22,False
2019-11-01,2019-10-31,3547,50,SZ300626,23,False
2019-11-01,2019-10-31,3547,50,SH600768,24,False
2019-11-01,2019-10-31,3547,50,SZ300022,25,False
2019-11-01,2019-10-31,3547,50,SZ002715,26,False
2019-11-01,2019-10-31,3547,50,SH600561,27,False
2019-11-01,2019-10-31,3547,50,SH603088,28,False
2019-11-01,2019-10-31,3547,50,SZ300321,29,False
2019-11-01,2019-10-31,3547,50,SZ300721,30,False
2019-11-01,2019-10-31,3547,50,SZ300736,31,False
2019-11-01,2019-10-31,3547,50,SZ002921,32,False
2019-11-01,2019-10-31,3547,50,SZ300442,33,False
2019-11-01,2019-10-31,3547,50,SZ300535,34,False
2019-11-01,2019-10-31,3547,50,SH600302,35,False
2019-11-01,2019-10-31,3547,50,SH600241,36,False
2019-11-01,2019-10-31,3547,50,SH600099,37,False
2019-11-01,2019-10-31,3547,50,SZ300680,38,False
2019-11-01,2019-10-31,3547,50,SH603330,39,False
2019-11-01,2019-10-31,3547,50,SZ300478,40,False
2019-11-01,2019-10-31,3547,50,SH600796,41,False
2019-11-01,2019-10-31,3547,50,SZ002529,42,False
2019-11-01,2019-10-31,3547,50,SZ002071,43,False
2019-11-01,2019-10-31,3547,50,SZ300521,44,False
2019-11-01,2019-10-31,3547,50,SZ300557,45,False
2019-11-01,2019-10-31,3547,50,SZ002778,46,False
2019-11-01,2019-10-31,3547,50,SH603090,47,False
2019-11-01,2019-10-31,3547,50,SZ000638,48,False
2019-11-01,2019-10-31,3547,50,SZ300071,49,False
2019-11-01,2019-10-31,3547,50,SH600599,50,False
2019-12-02,2019-11-29,3550,50,SH600306,1,True
2019-12-02,2019-11-29,3550,50,SZ300431,2,True
2019-12-02,2019-11-29,3550,50,SZ002633,3,True
2019-12-02,2019-11-29,3550,50,SZ300362,4,True
2019-12-02,2019-11-29,3550,50,SZ000691,5,True
2019-12-02,2019-11-29,3550,50,SH603269,6,True
2019-12-02,2019-11-29,3550,50,SZ300665,7,True
2019-12-02,2019-11-29,3550,50,SH603991,8,True
2019-12-02,2019-11-29,3550,50,SZ000929,9,True
2019-12-02,2019-11-29,3550,50,SZ002473,10,True
2019-12-02,2019-11-29,3550,50,SH603029,11,False
2019-12-02,2019-11-29,3550,50,SH603286,12,False
2019-12-02,2019-11-29,3550,50,SZ300029,13,False
2019-12-02,2019-11-29,3550,50,SZ300069,14,False
2019-12-02,2019-11-29,3550,50,SZ300321,15,False
2019-12-02,2019-11-29,3550,50,SH603088,16,False
2019-12-02,2019-11-29,3550,50,SZ000502,17,False
2019-12-02,2019-11-29,3550,50,SZ300106,18,False
2019-12-02,2019-11-29,3550,50,SZ000679,19,False
2019-12-02,2019-11-29,3550,50,SZ002209,20,False
2019-12-02,2019-11-29,3550,50,SZ002112,21,False
2019-12-02,2019-11-29,3550,50,SZ300592,22,False
2019-12-02,2019-11-29,3550,50,SH600137,23,False
2019-12-02,2019-11-29,3550,50,SZ300736,24,False
2019-12-02,2019-11-29,3550,50,SH600768,25,False
2019-12-02,2019-11-29,3550,50,SZ300442,26,False
2019-12-02,2019-11-29,3550,50,SZ002921,27,False
2019-12-02,2019-11-29,3550,50,SH600099,28,False
2019-12-02,2019-11-29,3550,50,SZ300535,29,False
2019-12-02,2019-11-29,3550,50,SZ300521,30,False
2019-12-02,2019-11-29,3550,50,SZ300557,31,False
2019-12-02,2019-11-29,3550,50,SZ300680,32,False
2019-12-02,2019-11-29,3550,50,SZ300022,33,False
2019-12-02,2019-11-29,3550,50,SH600241,34,False
2019-12-02,2019-11-29,3550,50,SZ300721,35,False
2019-12-02,2019-11-29,3550,50,SZ002715,36,False
2019-12-02,2019-11-29,3550,50,SZ300478,37,False
2019-12-02,2019-11-29,3550,50,SH603330,38,False
2019-12-02,2019-11-29,3550,50,SH603729,39,False
2019-12-02,2019-11-29,3550,50,SH600561,40,False
2019-12-02,2019-11-29,3550,50,SH600493,41,False
2019-12-02,2019-11-29,3550,50,SZ300626,42,False
2019-12-02,2019-11-29,3550,50,SZ002760,43,False
2019-12-02,2019-11-29,3550,50,SH600444,44,False
2019-12-02,2019-11-29,3550,50,SH600883,45,False
2019-12-02,2019-11-29,3550,50,SH600671,46,False
2019-12-02,2019-11-29,3550,50,SZ002529,47,False
2019-12-02,2019-11-29,3550,50,SZ000638,48,False
2019-12-02,2019-11-29,3550,50,SH600506,49,False
2019-12-02,2019-11-29,3550,50,SZ300554,50,False
2020-01-02,2019-12-31,3554,50,SH600306,1,True
2020-01-02,2019-12-31,3554,50,SZ300362,2,True
2020-01-02,2019-12-31,3554,50,SZ300029,3,True
2020-01-02,2019-12-31,3554,50,SZ300431,4,True
2020-01-02,2019-12-31,3554,50,SH603269,5,True
2020-01-02,2019-12-31,3554,50,SZ002633,6,True
2020-01-02,2019-12-31,3554,50,SZ000679,7,True
2020-01-02,2019-12-31,3554,50,SH603991,8,True
2020-01-02,2019-12-31,3554,50,SZ000929,9,True
2020-01-02,2019-12-31,3554,50,SZ000691,10,True
2020-01-02,2019-12-31,3554,50,SZ300665,11,False
2020-01-02,2019-12-31,3554,50,SZ000502,12,False
2020-01-02,2019-12-31,3554,50,SZ002209,13,False
2020-01-02,2019-12-31,3554,50,SH603029,14,False
2020-01-02,2019-12-31,3554,50,SH603286,15,False
2020-01-02,2019-12-31,3554,50,SZ002112,16,False
2020-01-02,2019-12-31,3554,50,SH600561,17,False
2020-01-02,2019-12-31,3554,50,SH603088,18,False
2020-01-02,2019-12-31,3554,50,SZ300592,19,False
2020-01-02,2019-12-31,3554,50,SZ002473,20,False
2020-01-02,2019-12-31,3554,50,SZ300736,21,False
2020-01-02,2019-12-31,3554,50,SZ300535,22,False
2020-01-02,2019-12-31,3554,50,SZ300321,23,False
2020-01-02,2019-12-31,3554,50,SZ300106,24,False
2020-01-02,2019-12-31,3554,50,SH600099,25,False
2020-01-02,2019-12-31,3554,50,SZ300022,26,False
2020-01-02,2019-12-31,3554,50,SZ002921,27,False
2020-01-02,2019-12-31,3554,50,SH603729,28,False
2020-01-02,2019-12-31,3554,50,SZ002529,29,False
2020-01-02,2019-12-31,3554,50,SH600241,30,False
2020-01-02,2019-12-31,3554,50,SH600671,31,False
2020-01-02,2019-12-31,3554,50,SZ300478,32,False
2020-01-02,2019-12-31,3554,50,SH600506,33,False
2020-01-02,2019-12-31,3554,50,SH600137,34,False
2020-01-02,2019-12-31,3554,50,SZ300442,35,False
2020-01-02,2019-12-31,3554,50,SZ300626,36,False
2020-01-02,2019-12-31,3554,50,SZ300721,37,False
2020-01-02,2019-12-31,3554,50,SH600493,38,False
2020-01-02,2019-12-31,3554,50,SZ300521,39,False
2020-01-02,2019-12-31,3554,50,SZ300405,40,False
2020-01-02,2019-12-31,3554,50,SZ000638,41,False
2020-01-02,2019-12-31,3554,50,SH603389,42,False
2020-01-02,2019-12-31,3554,50,SZ000702,43,False
2020-01-02,2019-12-31,3554,50,SZ300554,44,False
2020-01-02,2019-12-31,3554,50,SH600444,45,False
2020-01-02,2019-12-31,3554,50,SZ002857,46,False
2020-01-02,2019-12-31,3554,50,SZ300654,47,False
2020-01-02,2019-12-31,3554,50,SZ300557,48,False
2020-01-02,2019-12-31,3554,50,SZ000692,49,False
2020-01-02,2019-12-31,3554,50,SZ000835,50,False
2020-02-03,2020-01-23,3560,50,SH600306,1,True
2020-02-03,2020-01-23,3560,50,SZ300431,2,True
2020-02-03,2020-01-23,3560,50,SZ300362,3,True
2020-02-03,2020-01-23,3560,50,SZ002473,4,True
2020-02-03,2020-01-23,3560,50,SZ300029,5,True
2020-02-03,2020-01-23,3560,50,SZ000691,6,True
2020-02-03,2020-01-23,3560,50,SZ300106,7,True
2020-02-03,2020-01-23,3560,50,SZ300665,8,True
2020-02-03,2020-01-23,3560,50,SZ000679,9,True
2020-02-03,2020-01-23,3560,50,SZ000929,10,True
2020-02-03,2020-01-23,3560,50,SH603991,11,False
2020-02-03,2020-01-23,3560,50,SH600561,12,False
2020-02-03,2020-01-23,3560,50,SH603269,13,False
2020-02-03,2020-01-23,3560,50,SZ002633,14,False
2020-02-03,2020-01-23,3560,50,SZ300592,15,False
2020-02-03,2020-01-23,3560,50,SH600241,16,False
2020-02-03,2020-01-23,3560,50,SZ000502,17,False
2020-02-03,2020-01-23,3560,50,SZ002209,18,False
2020-02-03,2020-01-23,3560,50,SZ002112,19,False
2020-02-03,2020-01-23,3560,50,SH603389,20,False
2020-02-03,2020-01-23,3560,50,SH603029,21,False
2020-02-03,2020-01-23,3560,50,SZ300736,22,False
2020-02-03,2020-01-23,3560,50,SZ300535,23,False
2020-02-03,2020-01-23,3560,50,SZ000835,24,False
2020-02-03,2020-01-23,3560,50,SH600099,25,False
2020-02-03,2020-01-23,3560,50,SZ300405,26,False
2020-02-03,2020-01-23,3560,50,SH600137,27,False
2020-02-03,2020-01-23,3560,50,SH603725,28,False
2020-02-03,2020-01-23,3560,50,SZ000663,29,False
2020-02-03,2020-01-23,3560,50,SH600506,30,False
2020-02-03,2020-01-23,3560,50,SZ000702,31,False
2020-02-03,2020-01-23,3560,50,SZ002921,32,False
2020-02-03,2020-01-23,3560,50,SZ300478,33,False
2020-02-03,2020-01-23,3560,50,SZ000609,34,False
2020-02-03,2020-01-23,3560,50,SZ300554,35,False
2020-02-03,2020-01-23,3560,50,SH600493,36,False
2020-02-03,2020-01-23,3560,50,SZ300557,37,False
2020-02-03,2020-01-23,3560,50,SZ300022,38,False
2020-02-03,2020-01-23,3560,50,SH600444,39,False
2020-02-03,2020-01-23,3560,50,SZ300156,40,False
2020-02-03,2020-01-23,3560,50,SZ000638,41,False
2020-02-03,2020-01-23,3560,50,SZ000633,42,False
2020-02-03,2020-01-23,3560,50,SZ300700,43,False
2020-02-03,2020-01-23,3560,50,SZ300210,44,False
2020-02-03,2020-01-23,3560,50,SH603286,45,False
2020-02-03,2020-01-23,3560,50,SH600302,46,False
2020-02-03,2020-01-23,3560,50,SZ300654,47,False
2020-02-03,2020-01-23,3560,50,SZ300089,48,False
2020-02-03,2020-01-23,3560,50,SZ300521,49,False
2020-02-03,2020-01-23,3560,50,SH600365,50,False
2020-03-02,2020-02-28,3574,50,SH600306,1,True
2020-03-02,2020-02-28,3574,50,SZ300362,2,True
2020-03-02,2020-02-28,3574,50,SZ300431,3,True
2020-03-02,2020-02-28,3574,50,SZ300029,4,True
2020-03-02,2020-02-28,3574,50,SH600561,5,True
2020-03-02,2020-02-28,3574,50,SZ000929,6,True
2020-03-02,2020-02-28,3574,50,SZ000679,7,True
2020-03-02,2020-02-28,3574,50,SH600241,8,True
2020-03-02,2020-02-28,3574,50,SZ300106,9,True
2020-03-02,2020-02-28,3574,50,SH603991,10,True
2020-03-02,2020-02-28,3574,50,SZ300665,11,False
2020-03-02,2020-02-28,3574,50,SZ000691,12,False
2020-03-02,2020-02-28,3574,50,SZ300736,13,False
2020-03-02,2020-02-28,3574,50,SZ002473,14,False
2020-03-02,2020-02-28,3574,50,SZ002633,15,False
2020-03-02,2020-02-28,3574,50,SZ002209,16,False
2020-03-02,2020-02-28,3574,50,SZ000835,17,False
2020-03-02,2020-02-28,3574,50,SZ002112,18,False
2020-03-02,2020-02-28,3574,50,SH603389,19,False
2020-03-02,2020-02-28,3574,50,SH603269,20,False
2020-03-02,2020-02-28,3574,50,SZ300592,21,False
2020-03-02,2020-02-28,3574,50,SH603029,22,False
2020-03-02,2020-02-28,3574,50,SZ300535,23,False
2020-03-02,2020-02-28,3574,50,SH603725,24,False
2020-03-02,2020-02-28,3574,50,SH600506,25,False
2020-03-02,2020-02-28,3574,50,SH600099,26,False
2020-03-02,2020-02-28,3574,50,SZ000663,27,False
2020-03-02,2020-02-28,3574,50,SZ300405,28,False
2020-03-02,2020-02-28,3574,50,SZ000702,29,False
2020-03-02,2020-02-28,3574,50,SH603729,30,False
2020-03-02,2020-02-28,3574,50,SZ002921,31,False
2020-03-02,2020-02-28,3574,50,SH600444,32,False
2020-03-02,2020-02-28,3574,50,SH600768,33,False
2020-03-02,2020-02-28,3574,50,SH603088,34,False
2020-03-02,2020-02-28,3574,50,SZ300557,35,False
2020-03-02,2020-02-28,3574,50,SZ300554,36,False
2020-03-02,2020-02-28,3574,50,SZ300478,37,False
2020-03-02,2020-02-28,3574,50,SZ002529,38,False
2020-03-02,2020-02-28,3574,50,SZ300156,39,False
2020-03-02,2020-02-28,3574,50,SH603286,40,False
2020-03-02,2020-02-28,3574,50,SH600137,41,False
2020-03-02,2020-02-28,3574,50,SZ300700,42,False
2020-03-02,2020-02-28,3574,50,SH600302,43,False
2020-03-02,2020-02-28,3574,50,SZ000638,44,False
2020-03-02,2020-02-28,3574,50,SZ000633,45,False
2020-03-02,2020-02-28,3574,50,SZ300521,46,False
2020-03-02,2020-02-28,3574,50,SZ002667,47,False
2020-03-02,2020-02-28,3574,50,SH600671,48,False
2020-03-02,2020-02-28,3574,50,SZ300716,49,False
2020-03-02,2020-02-28,3574,50,SZ002071,50,False
2020-04-01,2020-03-31,3583,50,SZ300362,1,True
2020-04-01,2020-03-31,3583,50,SH600306,2,True
2020-04-01,2020-03-31,3583,50,SZ300431,3,True
2020-04-01,2020-03-31,3583,50,SZ000835,4,True
2020-04-01,2020-03-31,3583,50,SH600241,5,True
2020-04-01,2020-03-31,3583,50,SH603389,6,True
2020-04-01,2020-03-31,3583,50,SZ000679,7,True
2020-04-01,2020-03-31,3583,50,SZ002071,8,True
2020-04-01,2020-03-31,3583,50,SH600599,9,True
2020-04-01,2020-03-31,3583,50,SH600561,10,True
2020-04-01,2020-03-31,3583,50,SZ000691,11,False
2020-04-01,2020-03-31,3583,50,SZ002633,12,False
2020-04-01,2020-03-31,3583,50,SZ002473,13,False
2020-04-01,2020-03-31,3583,50,SZ300736,14,False
2020-04-01,2020-03-31,3583,50,SZ300665,15,False
2020-04-01,2020-03-31,3583,50,SZ000929,16,False
2020-04-01,2020-03-31,3583,50,SH603269,17,False
2020-04-01,2020-03-31,3583,50,SZ300156,18,False
2020-04-01,2020-03-31,3583,50,SZ002209,19,False
2020-04-01,2020-03-31,3583,50,SZ000502,20,False
2020-04-01,2020-03-31,3583,50,SZ300029,21,False
2020-04-01,2020-03-31,3583,50,SZ300554,22,False
2020-04-01,2020-03-31,3583,50,SZ300592,23,False
2020-04-01,2020-03-31,3583,50,SH603729,24,False
2020-04-01,2020-03-31,3583,50,SZ300700,25,False
2020-04-01,2020-03-31,3583,50,SH603725,26,False
2020-04-01,2020-03-31,3583,50,SZ300535,27,False
2020-04-01,2020-03-31,3583,50,SH600671,28,False
2020-04-01,2020-03-31,3583,50,SZ000638,29,False
2020-04-01,2020-03-31,3583,50,SZ002319,30,False
2020-04-01,2020-03-31,3583,50,SH603286,31,False
2020-04-01,2020-03-31,3583,50,SH600099,32,False
2020-04-01,2020-03-31,3583,50,SZ300405,33,False
2020-04-01,2020-03-31,3583,50,SH603029,34,False
2020-04-01,2020-03-31,3583,50,SH600768,35,False
2020-04-01,2020-03-31,3583,50,SZ000633,36,False
2020-04-01,2020-03-31,3583,50,SH600506,37,False
2020-04-01,2020-03-31,3583,50,SZ000609,38,False
2020-04-01,2020-03-31,3583,50,SZ000663,39,False
2020-04-01,2020-03-31,3583,50,SZ300557,40,False
2020-04-01,2020-03-31,3583,50,SZ002112,41,False
2020-04-01,2020-03-31,3583,50,SH600137,42,False
2020-04-01,2020-03-31,3583,50,SH600444,43,False
2020-04-01,2020-03-31,3583,50,SH603683,44,False
2020-04-01,2020-03-31,3583,50,SZ002921,45,False
2020-04-01,2020-03-31,3583,50,SH603958,46,False
2020-04-01,2020-03-31,3583,50,SH600302,47,False
2020-04-01,2020-03-31,3583,50,SZ002857,48,False
2020-04-01,2020-03-31,3583,50,SH603088,49,False
2020-04-01,2020-03-31,3583,50,SZ300421,50,False
2020-05-06,2020-04-30,3594,50,SZ000835,1,True
2020-05-06,2020-04-30,3594,50,SZ002071,2,True
2020-05-06,2020-04-30,3594,50,SH600599,3,True
2020-05-06,2020-04-30,3594,50,SH600561,4,True
2020-05-06,2020-04-30,3594,50,SZ300029,5,True
2020-05-06,2020-04-30,3594,50,SZ002633,6,True
2020-05-06,2020-04-30,3594,50,SZ002209,7,True
2020-05-06,2020-04-30,3594,50,SZ000929,8,True
2020-05-06,2020-04-30,3594,50,SZ300736,9,True
2020-05-06,2020-04-30,3594,50,SZ300665,10,True
2020-05-06,2020-04-30,3594,50,SH600520,11,False
2020-05-06,2020-04-30,3594,50,SZ300405,12,False
2020-05-06,2020-04-30,3594,50,SH603269,13,False
2020-05-06,2020-04-30,3594,50,SZ000502,14,False
2020-05-06,2020-04-30,3594,50,SH600768,15,False
2020-05-06,2020-04-30,3594,50,SZ002473,16,False
2020-05-06,2020-04-30,3594,50,SH600506,17,False
2020-05-06,2020-04-30,3594,50,SH603029,18,False
2020-05-06,2020-04-30,3594,50,SZ300090,19,False
2020-05-06,2020-04-30,3594,50,SZ300700,20,False
2020-05-06,2020-04-30,3594,50,SZ000638,21,False
2020-05-06,2020-04-30,3594,50,SH600099,22,False
2020-05-06,2020-04-30,3594,50,SH603729,23,False
2020-05-06,2020-04-30,3594,50,SZ300106,24,False
2020-05-06,2020-04-30,3594,50,SZ300535,25,False
2020-05-06,2020-04-30,3594,50,SZ002112,26,False
2020-05-06,2020-04-30,3594,50,SZ300716,27,False
2020-05-06,2020-04-30,3594,50,SZ300592,28,False
2020-05-06,2020-04-30,3594,50,SH603286,29,False
2020-05-06,2020-04-30,3594,50,SZ300554,30,False
2020-05-06,2020-04-30,3594,50,SH600444,31,False
2020-05-06,2020-04-30,3594,50,SZ000633,32,False
2020-05-06,2020-04-30,3594,50,SZ300167,33,False
2020-05-06,2020-04-30,3594,50,SZ300089,34,False
2020-05-06,2020-04-30,3594,50,SZ300421,35,False
2020-05-06,2020-04-30,3594,50,SH600493,36,False
2020-05-06,2020-04-30,3594,50,SH600137,37,False
2020-05-06,2020-04-30,3594,50,SH600302,38,False
2020-05-06,2020-04-30,3594,50,SH600365,39,False
2020-05-06,2020-04-30,3594,50,SH600671,40,False
2020-05-06,2020-04-30,3594,50,SH600455,41,False
2020-05-06,2020-04-30,3594,50,SZ000692,42,False
2020-05-06,2020-04-30,3594,50,SZ300611,43,False
2020-05-06,2020-04-30,3594,50,SH603725,44,False
2020-05-06,2020-04-30,3594,50,SZ000702,45,False
2020-05-06,2020-04-30,3594,50,SH600778,46,False
2020-05-06,2020-04-30,3594,50,SH603329,47,False
2020-05-06,2020-04-30,3594,50,SZ300254,48,False
2020-05-06,2020-04-30,3594,50,SZ300084,49,False
2020-05-06,2020-04-30,3594,50,SZ300313,50,False
2020-06-01,2020-05-29,3605,50,SZ300090,1,True
2020-06-01,2020-05-29,3605,50,SZ300431,2,True
2020-06-01,2020-05-29,3605,50,SZ000835,3,True
2020-06-01,2020-05-29,3605,50,SH600561,4,True
2020-06-01,2020-05-29,3605,50,SZ300029,5,True
2020-06-01,2020-05-29,3605,50,SZ300736,6,True
2020-06-01,2020-05-29,3605,50,SZ002209,7,True
2020-06-01,2020-05-29,3605,50,SZ002633,8,True
2020-06-01,2020-05-29,3605,50,SZ300665,9,True
2020-06-01,2020-05-29,3605,50,SH603269,10,True
2020-06-01,2020-05-29,3605,50,SZ000929,11,False
2020-06-01,2020-05-29,3605,50,SZ002071,12,False
2020-06-01,2020-05-29,3605,50,SZ000502,13,False
2020-06-01,2020-05-29,3605,50,SZ300535,14,False
2020-06-01,2020-05-29,3605,50,SZ000638,15,False
2020-06-01,2020-05-29,3605,50,SZ300405,16,False
2020-06-01,2020-05-29,3605,50,SZ300592,17,False
2020-06-01,2020-05-29,3605,50,SH600671,18,False
2020-06-01,2020-05-29,3605,50,SZ002473,19,False
2020-06-01,2020-05-29,3605,50,SZ002112,20,False
2020-06-01,2020-05-29,3605,50,SZ000691,21,False
2020-06-01,2020-05-29,3605,50,SZ000692,22,False
2020-06-01,2020-05-29,3605,50,SZ300254,23,False
2020-06-01,2020-05-29,3605,50,SZ000633,24,False
2020-06-01,2020-05-29,3605,50,SH600493,25,False
2020-06-01,2020-05-29,3605,50,SH600302,26,False
2020-06-01,2020-05-29,3605,50,SZ300167,27,False
2020-06-01,2020-05-29,3605,50,SH600778,28,False
2020-06-01,2020-05-29,3605,50,SH600365,29,False
2020-06-01,2020-05-29,3605,50,SH603029,30,False
2020-06-01,2020-05-29,3605,50,SZ300716,31,False
2020-06-01,2020-05-29,3605,50,SZ300700,32,False
2020-06-01,2020-05-29,3605,50,SZ000702,33,False
2020-06-01,2020-05-29,3605,50,SH600099,34,False
2020-06-01,2020-05-29,3605,50,SH600599,35,False
2020-06-01,2020-05-29,3605,50,SH603958,36,False
2020-06-01,2020-05-29,3605,50,SH600444,37,False
2020-06-01,2020-05-29,3605,50,SH603725,38,False
2020-06-01,2020-05-29,3605,50,SH603286,39,False
2020-06-01,2020-05-29,3605,50,SZ300421,40,False
2020-06-01,2020-05-29,3605,50,SZ300554,41,False
2020-06-01,2020-05-29,3605,50,SZ300611,42,False
2020-06-01,2020-05-29,3605,50,SH603813,43,False
2020-06-01,2020-05-29,3605,50,SH600137,44,False
2020-06-01,2020-05-29,3605,50,SZ300540,45,False
2020-06-01,2020-05-29,3605,50,SZ300089,46,False
2020-06-01,2020-05-29,3605,50,SZ002667,47,False
2020-06-01,2020-05-29,3605,50,SH600455,48,False
2020-06-01,2020-05-29,3605,50,SZ300084,49,False
2020-06-01,2020-05-29,3605,50,SH600520,50,False
2020-07-01,2020-06-30,3617,50,SH600561,1,True
2020-07-01,2020-06-30,3617,50,SZ300029,2,True
2020-07-01,2020-06-30,3617,50,SZ002633,3,True
2020-07-01,2020-06-30,3617,50,SZ002209,4,True
2020-07-01,2020-06-30,3617,50,SH603269,5,True
2020-07-01,2020-06-30,3617,50,SZ000929,6,True
2020-07-01,2020-06-30,3617,50,SZ300665,7,True
2020-07-01,2020-06-30,3617,50,SZ000502,8,True
2020-07-01,2020-06-30,3617,50,SZ002473,9,True
2020-07-01,2020-06-30,3617,50,SZ300405,10,True
2020-07-01,2020-06-30,3617,50,SH600768,11,False
2020-07-01,2020-06-30,3617,50,SH600520,12,False
2020-07-01,2020-06-30,3617,50,SZ300535,13,False
2020-07-01,2020-06-30,3617,50,SZ000638,14,False
2020-07-01,2020-06-30,3617,50,SH600493,15,False
2020-07-01,2020-06-30,3617,50,SZ300312,16,False
2020-07-01,2020-06-30,3617,50,SZ000633,17,False
2020-07-01,2020-06-30,3617,50,SZ300716,18,False
2020-07-01,2020-06-30,3617,50,SZ300736,19,False
2020-07-01,2020-06-30,3617,50,SZ300700,20,False
2020-07-01,2020-06-30,3617,50,SH600778,21,False
2020-07-01,2020-06-30,3617,50,SZ000692,22,False
2020-07-01,2020-06-30,3617,50,SZ300167,23,False
2020-07-01,2020-06-30,3617,50,SZ002207,24,False
2020-07-01,2020-06-30,3617,50,SZ300254,25,False
2020-07-01,2020-06-30,3617,50,SH600099,26,False
2020-07-01,2020-06-30,3617,50,SH600444,27,False
2020-07-01,2020-06-30,3617,50,SZ300421,28,False
2020-07-01,2020-06-30,3617,50,SH600355,29,False
2020-07-01,2020-06-30,3617,50,SZ300106,30,False
2020-07-01,2020-06-30,3617,50,SH600455,31,False
2020-07-01,2020-06-30,3617,50,SZ300478,32,False
2020-07-01,2020-06-30,3617,50,SZ300611,33,False
2020-07-01,2020-06-30,3617,50,SZ300619,34,False
2020-07-01,2020-06-30,3617,50,SH603029,35,False
2020-07-01,2020-06-30,3617,50,SZ300554,36,False
2020-07-01,2020-06-30,3617,50,SH603813,37,False
2020-07-01,2020-06-30,3617,50,SH603286,38,False
2020-07-01,2020-06-30,3617,50,SZ000702,39,False
2020-07-01,2020-06-30,3617,50,SH600137,40,False
2020-07-01,2020-06-30,3617,50,SZ300071,41,False
2020-07-01,2020-06-30,3617,50,SZ002159,42,False
2020-07-01,2020-06-30,3617,50,SZ300549,43,False
2020-07-01,2020-06-30,3617,50,SZ300313,44,False
2020-07-01,2020-06-30,3617,50,SZ002800,45,False
2020-07-01,2020-06-30,3617,50,SH603958,46,False
2020-07-01,2020-06-30,3617,50,SZ300022,47,False
2020-07-01,2020-06-30,3617,50,SZ002667,48,False
2020-07-01,2020-06-30,3617,50,SH600213,49,False
2020-07-01,2020-06-30,3617,50,SH600992,50,False
2020-08-03,2020-07-31,3647,50,SZ002633,1,True
2020-08-03,2020-07-31,3647,50,SZ002209,2,True
2020-08-03,2020-07-31,3647,50,SZ000929,3,True
2020-08-03,2020-07-31,3647,50,SZ000502,4,True
2020-08-03,2020-07-31,3647,50,SZ300665,5,True
2020-08-03,2020-07-31,3647,50,SZ300029,6,True
2020-08-03,2020-07-31,3647,50,SZ300535,7,True
2020-08-03,2020-07-31,3647,50,SH600365,8,True
2020-08-03,2020-07-31,3647,50,SZ300736,9,True
2020-08-03,2020-07-31,3647,50,SH600768,10,True
2020-08-03,2020-07-31,3647,50,SH600520,11,False
2020-08-03,2020-07-31,3647,50,SH600561,12,False
2020-08-03,2020-07-31,3647,50,SZ300405,13,False
2020-08-03,2020-07-31,3647,50,SZ300312,14,False
2020-08-03,2020-07-31,3647,50,SZ300478,15,False
2020-08-03,2020-07-31,3647,50,SH600493,16,False
2020-08-03,2020-07-31,3647,50,SH603269,17,False
2020-08-03,2020-07-31,3647,50,SZ300071,18,False
2020-08-03,2020-07-31,3647,50,SH603029,19,False
2020-08-03,2020-07-31,3647,50,SZ300268,20,False
2020-08-03,2020-07-31,3647,50,SZ300167,21,False
2020-08-03,2020-07-31,3647,50,SH600099,22,False
2020-08-03,2020-07-31,3647,50,SH600455,23,False
2020-08-03,2020-07-31,3647,50,SH600506,24,False
2020-08-03,2020-07-31,3647,50,SZ000692,25,False
2020-08-03,2020-07-31,3647,50,SZ300254,26,False
2020-08-03,2020-07-31,3647,50,SZ000638,27,False
2020-08-03,2020-07-31,3647,50,SZ000702,28,False
2020-08-03,2020-07-31,3647,50,SH600778,29,False
2020-08-03,2020-07-31,3647,50,SZ000633,30,False
2020-08-03,2020-07-31,3647,50,SH600444,31,False
2020-08-03,2020-07-31,3647,50,SH603286,32,False
2020-08-03,2020-07-31,3647,50,SZ300700,33,False
2020-08-03,2020-07-31,3647,50,SZ300716,34,False
2020-08-03,2020-07-31,3647,50,SZ300421,35,False
2020-08-03,2020-07-31,3647,50,SH600302,36,False
2020-08-03,2020-07-31,3647,50,SZ002857,37,False
2020-08-03,2020-07-31,3647,50,SH603813,38,False
2020-08-03,2020-07-31,3647,50,SZ300619,39,False
2020-08-03,2020-07-31,3647,50,SH600355,40,False
2020-08-03,2020-07-31,3647,50,SZ002159,41,False
2020-08-03,2020-07-31,3647,50,SH600706,42,False
2020-08-03,2020-07-31,3647,50,SH603958,43,False
2020-08-03,2020-07-31,3647,50,SZ300539,44,False
2020-08-03,2020-07-31,3647,50,SZ002800,45,False
2020-08-03,2020-07-31,3647,50,SZ300321,46,False
2020-08-03,2020-07-31,3647,50,SZ300313,47,False
2020-08-03,2020-07-31,3647,50,SZ300106,48,False
2020-08-03,2020-07-31,3647,50,SH600213,49,False
2020-08-03,2020-07-31,3647,50,SZ300549,50,False
2020-09-01,2020-08-31,3656,50,SZ300029,1,True
2020-09-01,2020-08-31,3656,50,SZ000502,2,True
2020-09-01,2020-08-31,3656,50,SZ002209,3,True
2020-09-01,2020-08-31,3656,50,SH600768,4,True
2020-09-01,2020-08-31,3656,50,SH600520,5,True
2020-09-01,2020-08-31,3656,50,SZ000929,6,True
2020-09-01,2020-08-31,3656,50,SZ002633,7,True
2020-09-01,2020-08-31,3656,50,SZ300736,8,True
2020-09-01,2020-08-31,3656,50,SZ300535,9,True
2020-09-01,2020-08-31,3656,50,SH600561,10,True
2020-09-01,2020-08-31,3656,50,SZ300478,11,False
2020-09-01,2020-08-31,3656,50,SH600778,12,False
2020-09-01,2020-08-31,3656,50,SH603269,13,False
2020-09-01,2020-08-31,3656,50,SZ000638,14,False
2020-09-01,2020-08-31,3656,50,SH600302,15,False
2020-09-01,2020-08-31,3656,50,SZ300716,16,False
2020-09-01,2020-08-31,3656,50,SZ300700,17,False
2020-09-01,2020-08-31,3656,50,SH603958,18,False
2020-09-01,2020-08-31,3656,50,SH600506,19,False
2020-09-01,2020-08-31,3656,50,SH603029,20,False
2020-09-01,2020-08-31,3656,50,SH600493,21,False
2020-09-01,2020-08-31,3656,50,SH600444,22,False
2020-09-01,2020-08-31,3656,50,SH600455,23,False
2020-09-01,2020-08-31,3656,50,SH603725,24,False
2020-09-01,2020-08-31,3656,50,SH600213,25,False
2020-09-01,2020-08-31,3656,50,SH600099,26,False
2020-09-01,2020-08-31,3656,50,SH600355,27,False
2020-09-01,2020-08-31,3656,50,SZ000633,28,False
2020-09-01,2020-08-31,3656,50,SH603813,29,False
2020-09-01,2020-08-31,3656,50,SZ300167,30,False
2020-09-01,2020-08-31,3656,50,SZ300619,31,False
2020-09-01,2020-08-31,3656,50,SH600615,32,False
2020-09-01,2020-08-31,3656,50,SZ300321,33,False
2020-09-01,2020-08-31,3656,50,SH603729,34,False
2020-09-01,2020-08-31,3656,50,SZ300268,35,False
2020-09-01,2020-08-31,3656,50,SZ000702,36,False
2020-09-01,2020-08-31,3656,50,SH603286,37,False
2020-09-01,2020-08-31,3656,50,SZ000609,38,False
2020-09-01,2020-08-31,3656,50,SZ300254,39,False
2020-09-01,2020-08-31,3656,50,SH600766,40,False
2020-09-01,2020-08-31,3656,50,SH603518,41,False
2020-09-01,2020-08-31,3656,50,SH600719,42,False
2020-09-01,2020-08-31,3656,50,SZ002843,43,False
2020-09-01,2020-08-31,3656,50,SZ300539,44,False
2020-09-01,2020-08-31,3656,50,SZ002836,45,False
2020-09-01,2020-08-31,3656,50,SH600796,46,False
2020-09-01,2020-08-31,3656,50,SH603908,47,False
2020-09-01,2020-08-31,3656,50,SZ002159,48,False
2020-09-01,2020-08-31,3656,50,SH600689,49,False
2020-09-01,2020-08-31,3656,50,SZ002207,50,False
2020-10-09,2020-09-30,3666,50,SH600520,1,True
2020-10-09,2020-09-30,3666,50,SZ002633,2,True
2020-10-09,2020-09-30,3666,50,SZ002209,3,True
2020-10-09,2020-09-30,3666,50,SH600768,4,True
2020-10-09,2020-09-30,3666,50,SH600561,5,True
2020-10-09,2020-09-30,3666,50,SH603029,6,True
2020-10-09,2020-09-30,3666,50,SZ300665,7,True
2020-10-09,2020-09-30,3666,50,SH603286,8,True
2020-10-09,2020-09-30,3666,50,SZ000502,9,True
2020-10-09,2020-09-30,3666,50,SH603269,10,True
2020-10-09,2020-09-30,3666,50,SZ000702,11,False
2020-10-09,2020-09-30,3666,50,SH600506,12,False
2020-10-09,2020-09-30,3666,50,SH600455,13,False
2020-10-09,2020-09-30,3666,50,SZ000586,14,False
2020-10-09,2020-09-30,3666,50,SH603958,15,False
2020-10-09,2020-09-30,3666,50,SH600302,16,False
2020-10-09,2020-09-30,3666,50,SH600099,17,False
2020-10-09,2020-09-30,3666,50,SH600493,18,False
2020-10-09,2020-09-30,3666,50,SH600444,19,False
2020-10-09,2020-09-30,3666,50,SZ300736,20,False
2020-10-09,2020-09-30,3666,50,SH600355,21,False
2020-10-09,2020-09-30,3666,50,SH600213,22,False
2020-10-09,2020-09-30,3666,50,SZ300478,23,False
2020-10-09,2020-09-30,3666,50,SH600615,24,False
2020-10-09,2020-09-30,3666,50,SZ300716,25,False
2020-10-09,2020-09-30,3666,50,SH603729,26,False
2020-10-09,2020-09-30,3666,50,SH600137,27,False
2020-10-09,2020-09-30,3666,50,SZ000929,28,False
2020-10-09,2020-09-30,3666,50,SH600689,29,False
2020-10-09,2020-09-30,3666,50,SZ300268,30,False
2020-10-09,2020-09-30,3666,50,SZ000609,31,False
2020-10-09,2020-09-30,3666,50,SH600847,32,False
2020-10-09,2020-09-30,3666,50,SH603813,33,False
2020-10-09,2020-09-30,3666,50,SH600714,34,False
2020-10-09,2020-09-30,3666,50,SZ300535,35,False
2020-10-09,2020-09-30,3666,50,SH600778,36,False
2020-10-09,2020-09-30,3666,50,SH600706,37,False
2020-10-09,2020-09-30,3666,50,SZ000633,38,False
2020-10-09,2020-09-30,3666,50,SZ002800,39,False
2020-10-09,2020-09-30,3666,50,SH603090,40,False
2020-10-09,2020-09-30,3666,50,SH603908,41,False
2020-10-09,2020-09-30,3666,50,SH603320,42,False
2020-10-09,2020-09-30,3666,50,SZ000622,43,False
2020-10-09,2020-09-30,3666,50,SZ300619,44,False
2020-10-09,2020-09-30,3666,50,SZ002159,45,False
2020-10-09,2020-09-30,3666,50,SZ002857,46,False
2020-10-09,2020-09-30,3666,50,SZ002112,47,False
2020-10-09,2020-09-30,3666,50,SZ002205,48,False
2020-10-09,2020-09-30,3666,50,SH603518,49,False
2020-10-09,2020-09-30,3666,50,SH603356,50,False
2020-11-02,2020-10-30,3676,50,SH600520,1,True
2020-11-02,2020-10-30,3676,50,SH600768,2,True
2020-11-02,2020-10-30,3676,50,SZ002633,3,True
2020-11-02,2020-10-30,3676,50,SH600778,4,True
2020-11-02,2020-10-30,3676,50,SH603029,5,True
2020-11-02,2020-10-30,3676,50,SZ000502,6,True
2020-11-02,2020-10-30,3676,50,SZ000702,7,True
2020-11-02,2020-10-30,3676,50,SH600355,8,True
2020-11-02,2020-10-30,3676,50,SH600506,9,True
2020-11-02,2020-10-30,3676,50,SH603958,10,True
2020-11-02,2020-10-30,3676,50,SZ000695,11,False
2020-11-02,2020-10-30,3676,50,SZ002209,12,False
2020-11-02,2020-10-30,3676,50,SH603286,13,False
2020-11-02,2020-10-30,3676,50,SH600213,14,False
2020-11-02,2020-10-30,3676,50,SH603269,15,False
2020-11-02,2020-10-30,3676,50,SH600847,16,False
2020-11-02,2020-10-30,3676,50,SH600302,17,False
2020-11-02,2020-10-30,3676,50,SH600455,18,False
2020-11-02,2020-10-30,3676,50,SH600137,19,False
2020-11-02,2020-10-30,3676,50,SZ000633,20,False
2020-11-02,2020-10-30,3676,50,SZ000586,21,False
2020-11-02,2020-10-30,3676,50,SH603196,22,False
2020-11-02,2020-10-30,3676,50,SH600714,23,False
2020-11-02,2020-10-30,3676,50,SH600099,24,False
2020-11-02,2020-10-30,3676,50,SH600444,25,False
2020-11-02,2020-10-30,3676,50,SZ000929,26,False
2020-11-02,2020-10-30,3676,50,SH600689,27,False
2020-11-02,2020-10-30,3676,50,SH600615,28,False
2020-11-02,2020-10-30,3676,50,SH600796,29,False
2020-11-02,2020-10-30,3676,50,SH600719,30,False
2020-11-02,2020-10-30,3676,50,SH600561,31,False
2020-11-02,2020-10-30,3676,50,SZ000609,32,False
2020-11-02,2020-10-30,3676,50,SH600706,33,False
2020-11-02,2020-10-30,3676,50,SH603729,34,False
2020-11-02,2020-10-30,3676,50,SZ000622,35,False
2020-11-02,2020-10-30,3676,50,SZ000691,36,False
2020-11-02,2020-10-30,3676,50,SH600202,37,False
2020-11-02,2020-10-30,3676,50,SZ002159,38,False
2020-11-02,2020-10-30,3676,50,SZ000692,39,False
2020-11-02,2020-10-30,3676,50,SH600493,40,False
2020-11-02,2020-10-30,3676,50,SZ002205,41,False
2020-11-02,2020-10-30,3676,50,SH603320,42,False
2020-11-02,2020-10-30,3676,50,SZ002800,43,False
2020-11-02,2020-10-30,3676,50,SH600766,44,False
2020-11-02,2020-10-30,3676,50,SH600992,45,False
2020-11-02,2020-10-30,3676,50,SH603177,46,False
2020-11-02,2020-10-30,3676,50,SH603090,47,False
2020-11-02,2020-10-30,3676,50,SZ002830,48,False
2020-11-02,2020-10-30,3676,50,SZ002694,49,False
2020-11-02,2020-10-30,3676,50,SH603860,50,False
2020-12-01,2020-11-30,3712,50,SH600520,1,True
2020-12-01,2020-11-30,3712,50,SZ002633,2,True
2020-12-01,2020-11-30,3712,50,SH600768,3,True
2020-12-01,2020-11-30,3712,50,SZ300478,4,True
2020-12-01,2020-11-30,3712,50,SZ000502,5,True
2020-12-01,2020-11-30,3712,50,SH600778,6,True
2020-12-01,2020-11-30,3712,50,SH600561,7,True
2020-12-01,2020-11-30,3712,50,SH603029,8,True
2020-12-01,2020-11-30,3712,50,SH603269,9,True
2020-12-01,2020-11-30,3712,50,SH600355,10,True
2020-12-01,2020-11-30,3712,50,SH600455,11,False
2020-12-01,2020-11-30,3712,50,SZ002209,12,False
2020-12-01,2020-11-30,3712,50,SZ300736,13,False
2020-12-01,2020-11-30,3712,50,SH600506,14,False
2020-12-01,2020-11-30,3712,50,SH603729,15,False
2020-12-01,2020-11-30,3712,50,SH600493,16,False
2020-12-01,2020-11-30,3712,50,SZ000695,17,False
2020-12-01,2020-11-30,3712,50,SH600137,18,False
2020-12-01,2020-11-30,3712,50,SH600302,19,False
2020-12-01,2020-11-30,3712,50,SH600796,20,False
2020-12-01,2020-11-30,3712,50,SH603518,21,False
2020-12-01,2020-11-30,3712,50,SZ000702,22,False
2020-12-01,2020-11-30,3712,50,SH600766,23,False
2020-12-01,2020-11-30,3712,50,SH600615,24,False
2020-12-01,2020-11-30,3712,50,SZ000609,25,False
2020-12-01,2020-11-30,3712,50,SH600444,26,False
2020-12-01,2020-11-30,3712,50,SH600689,27,False
2020-12-01,2020-11-30,3712,50,SH603813,28,False
2020-12-01,2020-11-30,3712,50,SZ000586,29,False
2020-12-01,2020-11-30,3712,50,SH603196,30,False
2020-12-01,2020-11-30,3712,50,SZ002205,31,False
2020-12-01,2020-11-30,3712,50,SZ300665,32,False
2020-12-01,2020-11-30,3712,50,SH600847,33,False
2020-12-01,2020-11-30,3712,50,SZ002830,34,False
2020-12-01,2020-11-30,3712,50,SZ000633,35,False
2020-12-01,2020-11-30,3712,50,SZ002800,36,False
2020-12-01,2020-11-30,3712,50,SH600719,37,False
2020-12-01,2020-11-30,3712,50,SZ000622,38,False
2020-12-01,2020-11-30,3712,50,SZ300535,39,False
2020-12-01,2020-11-30,3712,50,SH603725,40,False
2020-12-01,2020-11-30,3712,50,SZ002857,41,False
2020-12-01,2020-11-30,3712,50,SZ000691,42,False
2020-12-01,2020-11-30,3712,50,SH600706,43,False
2020-12-01,2020-11-30,3712,50,SH600202,44,False
2020-12-01,2020-11-30,3712,50,SZ002691,45,False
2020-12-01,2020-11-30,3712,50,SH603286,46,False
2020-12-01,2020-11-30,3712,50,SH600714,47,False
2020-12-01,2020-11-30,3712,50,SZ002667,48,False
2020-12-01,2020-11-30,3712,50,SH603320,49,False
2020-12-01,2020-11-30,3712,50,SH600992,50,False
2021-01-04,2020-12-31,3737,50,SH600520,1,True
2021-01-04,2020-12-31,3737,50,SZ002633,2,True
2021-01-04,2020-12-31,3737,50,SH600768,3,True
2021-01-04,2020-12-31,3737,50,SZ300736,4,True
2021-01-04,2020-12-31,3737,50,SH603029,5,True
2021-01-04,2020-12-31,3737,50,SH600766,6,True
2021-01-04,2020-12-31,3737,50,SH600778,7,True
2021-01-04,2020-12-31,3737,50,SH600615,8,True
2021-01-04,2020-12-31,3737,50,SZ300478,9,True
2021-01-04,2020-12-31,3737,50,SH600355,10,True
2021-01-04,2020-12-31,3737,50,SH600455,11,False
2021-01-04,2020-12-31,3737,50,SH600561,12,False
2021-01-04,2020-12-31,3737,50,SH603269,13,False
2021-01-04,2020-12-31,3737,50,SZ002862,14,False
2021-01-04,2020-12-31,3737,50,SH603729,15,False
2021-01-04,2020-12-31,3737,50,SH603518,16,False
2021-01-04,2020-12-31,3737,50,SH603813,17,False
2021-01-04,2020-12-31,3737,50,SZ002209,18,False
2021-01-04,2020-12-31,3737,50,SH600137,19,False
2021-01-04,2020-12-31,3737,50,SZ300665,20,False
2021-01-04,2020-12-31,3737,50,SH603958,21,False
2021-01-04,2020-12-31,3737,50,SH603286,22,False
2021-01-04,2020-12-31,3737,50,SH600099,23,False
2021-01-04,2020-12-31,3737,50,SZ002858,24,False
2021-01-04,2020-12-31,3737,50,SH603196,25,False
2021-01-04,2020-12-31,3737,50,SZ300716,26,False
2021-01-04,2020-12-31,3737,50,SH603822,27,False
2021-01-04,2020-12-31,3737,50,SZ000609,28,False
2021-01-04,2020-12-31,3737,50,SZ002205,29,False
2021-01-04,2020-12-31,3737,50,SH600493,30,False
2021-01-04,2020-12-31,3737,50,SH600444,31,False
2021-01-04,2020-12-31,3737,50,SZ000586,32,False
2021-01-04,2020-12-31,3737,50,SH600689,33,False
2021-01-04,2020-12-31,3737,50,SZ002830,34,False
2021-01-04,2020-12-31,3737,50,SH600793,35,False
2021-01-04,2020-12-31,3737,50,SZ002800,36,False
2021-01-04,2020-12-31,3737,50,SH603320,37,False
2021-01-04,2020-12-31,3737,50,SZ300535,38,False
2021-01-04,2020-12-31,3737,50,SZ300167,39,False
2021-01-04,2020-12-31,3737,50,SH603725,40,False
2021-01-04,2020-12-31,3737,50,SZ300553,41,False
2021-01-04,2020-12-31,3737,50,SZ002857,42,False
2021-01-04,2020-12-31,3737,50,SZ000691,43,False
2021-01-04,2020-12-31,3737,50,SH603860,44,False
2021-01-04,2020-12-31,3737,50,SZ002760,45,False
2021-01-04,2020-12-31,3737,50,SH600506,46,False
2021-01-04,2020-12-31,3737,50,SH603316,47,False
2021-01-04,2020-12-31,3737,50,SZ002748,48,False
2021-01-04,2020-12-31,3737,50,SH603090,49,False
2021-01-04,2020-12-31,3737,50,SH603580,50,False
2021-02-01,2021-01-29,3754,50,SZ002633,1,True
2021-02-01,2021-01-29,3754,50,SZ000007,2,True
2021-02-01,2021-01-29,3754,50,SZ300736,3,True
2021-02-01,2021-01-29,3754,50,SH600766,4,True
2021-02-01,2021-01-29,3754,50,SZ002862,5,True
2021-02-01,2021-01-29,3754,50,SZ300478,6,True
2021-02-01,2021-01-29,3754,50,SH600355,7,True
2021-02-01,2021-01-29,3754,50,SH600768,8,True
2021-02-01,2021-01-29,3754,50,SH603029,9,True
2021-02-01,2021-01-29,3754,50,SH600778,10,True
2021-02-01,2021-01-29,3754,50,SH600520,11,False
2021-02-01,2021-01-29,3754,50,SH600561,12,False
2021-02-01,2021-01-29,3754,50,SH600615,13,False
2021-02-01,2021-01-29,3754,50,SZ300716,14,False
2021-02-01,2021-01-29,3754,50,SZ000695,15,False
2021-02-01,2021-01-29,3754,50,SH603958,16,False
2021-02-01,2021-01-29,3754,50,SH603269,17,False
2021-02-01,2021-01-29,3754,50,SH603813,18,False
2021-02-01,2021-01-29,3754,50,SH600506,19,False
2021-02-01,2021-01-29,3754,50,SH600455,20,False
2021-02-01,2021-01-29,3754,50,SH603518,21,False
2021-02-01,2021-01-29,3754,50,SH603729,22,False
2021-02-01,2021-01-29,3754,50,SZ300312,23,False
2021-02-01,2021-01-29,3754,50,SH603286,24,False
2021-02-01,2021-01-29,3754,50,SZ002209,25,False
2021-02-01,2021-01-29,3754,50,SZ000609,26,False
2021-02-01,2021-01-29,3754,50,SH603316,27,False
2021-02-01,2021-01-29,3754,50,SH600137,28,False
2021-02-01,2021-01-29,3754,50,SH603090,29,False
2021-02-01,2021-01-29,3754,50,SZ300665,30,False
2021-02-01,2021-01-29,3754,50,SH600493,31,False
2021-02-01,2021-01-29,3754,50,SZ300167,32,False
2021-02-01,2021-01-29,3754,50,SZ300588,33,False
2021-02-01,2021-01-29,3754,50,SH600099,34,False
2021-02-01,2021-01-29,3754,50,SZ002205,35,False
2021-02-01,2021-01-29,3754,50,SZ002800,36,False
2021-02-01,2021-01-29,3754,50,SZ300553,37,False
2021-02-01,2021-01-29,3754,50,SH600719,38,False
2021-02-01,2021-01-29,3754,50,SH600689,39,False
2021-02-01,2021-01-29,3754,50,SZ002830,40,False
2021-02-01,2021-01-29,3754,50,SH603196,41,False
2021-02-01,2021-01-29,3754,50,SZ000613,42,False
2021-02-01,2021-01-29,3754,50,SZ300254,43,False
2021-02-01,2021-01-29,3754,50,SH603860,44,False
2021-02-01,2021-01-29,3754,50,SZ000586,45,False
2021-02-01,2021-01-29,3754,50,SZ002494,46,False
2021-02-01,2021-01-29,3754,50,SH603320,47,False
2021-02-01,2021-01-29,3754,50,SZ300668,48,False
2021-02-01,2021-01-29,3754,50,SH603032,49,False
2021-02-01,2021-01-29,3754,50,SZ300535,50,False
2021-03-01,2021-02-26,3772,50,SZ002633,1,True
2021-03-01,2021-02-26,3772,50,SZ300736,2,True
2021-03-01,2021-02-26,3772,50,SH600768,3,True
2021-03-01,2021-02-26,3772,50,SH603029,4,True
2021-03-01,2021-02-26,3772,50,SH600355,5,True
2021-03-01,2021-02-26,3772,50,SZ300478,6,True
2021-03-01,2021-02-26,3772,50,SH600520,7,True
2021-03-01,2021-02-26,3772,50,SH600778,8,True
2021-03-01,2021-02-26,3772,50,SH603813,9,True
2021-03-01,2021-02-26,3772,50,SH603269,10,True
2021-03-01,2021-02-26,3772,50,SH603729,11,False
2021-03-01,2021-02-26,3772,50,SZ000609,12,False
2021-03-01,2021-02-26,3772,50,SH600561,13,False
2021-03-01,2021-02-26,3772,50,SH600615,14,False
2021-03-01,2021-02-26,3772,50,SZ000502,15,False
2021-03-01,2021-02-26,3772,50,SZ300716,16,False
2021-03-01,2021-02-26,3772,50,SZ000695,17,False
2021-03-01,2021-02-26,3772,50,SZ002209,18,False
2021-03-01,2021-02-26,3772,50,SH600455,19,False
2021-03-01,2021-02-26,3772,50,SH603286,20,False
2021-03-01,2021-02-26,3772,50,SH603090,21,False
2021-03-01,2021-02-26,3772,50,SH600766,22,False
2021-03-01,2021-02-26,3772,50,SZ002830,23,False
2021-03-01,2021-02-26,3772,50,SZ002862,24,False
2021-03-01,2021-02-26,3772,50,SH600137,25,False
2021-03-01,2021-02-26,3772,50,SH600506,26,False
2021-03-01,2021-02-26,3772,50,SZ300665,27,False
2021-03-01,2021-02-26,3772,50,SH600493,28,False
2021-03-01,2021-02-26,3772,50,SH603518,29,False
2021-03-01,2021-02-26,3772,50,SH600689,30,False
2021-03-01,2021-02-26,3772,50,SH603196,31,False
2021-03-01,2021-02-26,3772,50,SZ300588,32,False
2021-03-01,2021-02-26,3772,50,SZ300167,33,False
2021-03-01,2021-02-26,3772,50,SH600719,34,False
2021-03-01,2021-02-26,3772,50,SZ000929,35,False
2021-03-01,2021-02-26,3772,50,SH600444,36,False
2021-03-01,2021-02-26,3772,50,SH603580,37,False
2021-03-01,2021-02-26,3772,50,SZ300254,38,False
2021-03-01,2021-02-26,3772,50,SH603958,39,False
2021-03-01,2021-02-26,3772,50,SZ002205,40,False
2021-03-01,2021-02-26,3772,50,SZ300557,41,False
2021-03-01,2021-02-26,3772,50,SZ300553,42,False
2021-03-01,2021-02-26,3772,50,SH603320,43,False
2021-03-01,2021-02-26,3772,50,SH600847,44,False
2021-03-01,2021-02-26,3772,50,SZ002800,45,False
2021-03-01,2021-02-26,3772,50,SZ002748,46,False
2021-03-01,2021-02-26,3772,50,SZ300700,47,False
2021-03-01,2021-02-26,3772,50,SH603860,48,False
2021-03-01,2021-02-26,3772,50,SH600099,49,False
2021-03-01,2021-02-26,3772,50,SH603316,50,False
2021-04-01,2021-03-31,3785,50,SZ002633,1,True
2021-04-01,2021-03-31,3785,50,SZ300736,2,True
2021-04-01,2021-03-31,3785,50,SH600766,3,True
2021-04-01,2021-03-31,3785,50,SZ300478,4,True
2021-04-01,2021-03-31,3785,50,SH600520,5,True
2021-04-01,2021-03-31,3785,50,SH600768,6,True
2021-04-01,2021-03-31,3785,50,SZ000609,7,True
2021-04-01,2021-03-31,3785,50,SH600355,8,True
2021-04-01,2021-03-31,3785,50,SH603269,9,True
2021-04-01,2021-03-31,3785,50,SZ000502,10,True
2021-04-01,2021-03-31,3785,50,SZ002862,11,False
2021-04-01,2021-03-31,3785,50,SH600778,12,False
2021-04-01,2021-03-31,3785,50,SH600561,13,False
2021-04-01,2021-03-31,3785,50,SH600455,14,False
2021-04-01,2021-03-31,3785,50,SH603729,15,False
2021-04-01,2021-03-31,3785,50,SH603029,16,False
2021-04-01,2021-03-31,3785,50,SZ300716,17,False
2021-04-01,2021-03-31,3785,50,SH603813,18,False
2021-04-01,2021-03-31,3785,50,SH603286,19,False
2021-04-01,2021-03-31,3785,50,SH600615,20,False
2021-04-01,2021-03-31,3785,50,SZ300167,21,False
2021-04-01,2021-03-31,3785,50,SH603090,22,False
2021-04-01,2021-03-31,3785,50,SZ002209,23,False
2021-04-01,2021-03-31,3785,50,SZ002748,24,False
2021-04-01,2021-03-31,3785,50,SZ000695,25,False
2021-04-01,2021-03-31,3785,50,SZ300553,26,False
2021-04-01,2021-03-31,3785,50,SH600444,27,False
2021-04-01,2021-03-31,3785,50,SZ300264,28,False
2021-04-01,2021-03-31,3785,50,SZ300700,29,False
2021-04-01,2021-03-31,3785,50,SH600847,30,False
2021-04-01,2021-03-31,3785,50,SZ300254,31,False
2021-04-01,2021-03-31,3785,50,SZ300668,32,False
2021-04-01,2021-03-31,3785,50,SH600493,33,False
2021-04-01,2021-03-31,3785,50,SH600689,34,False
2021-04-01,2021-03-31,3785,50,SZ300535,35,False
2021-04-01,2021-03-31,3785,50,SZ000007,36,False
2021-04-01,2021-03-31,3785,50,SZ000929,37,False
2021-04-01,2021-03-31,3785,50,SH600099,38,False
2021-04-01,2021-03-31,3785,50,SH603320,39,False
2021-04-01,2021-03-31,3785,50,SZ300626,40,False
2021-04-01,2021-03-31,3785,50,SH603958,41,False
2021-04-01,2021-03-31,3785,50,SH600213,42,False
2021-04-01,2021-03-31,3785,50,SZ300743,43,False
2021-04-01,2021-03-31,3785,50,SH600506,44,False
2021-04-01,2021-03-31,3785,50,SZ300665,45,False
2021-04-01,2021-03-31,3785,50,SH603721,46,False
2021-04-01,2021-03-31,3785,50,SZ002779,47,False
2021-04-01,2021-03-31,3785,50,SZ300588,48,False
2021-04-01,2021-03-31,3785,50,SZ002691,49,False
2021-04-01,2021-03-31,3785,50,SZ002694,50,False
2021-05-06,2021-04-30,3800,50,SZ300736,1,True
2021-05-06,2021-04-30,3800,50,SZ002633,2,True
2021-05-06,2021-04-30,3800,50,SZ300478,3,True
2021-05-06,2021-04-30,3800,50,SH600520,4,True
2021-05-06,2021-04-30,3800,50,SH600768,5,True
2021-05-06,2021-04-30,3800,50,SH600355,6,True
2021-05-06,2021-04-30,3800,50,SH600455,7,True
2021-05-06,2021-04-30,3800,50,SH603269,8,True
2021-05-06,2021-04-30,3800,50,SH603813,9,True
2021-05-06,2021-04-30,3800,50,SH603029,10,True
2021-05-06,2021-04-30,3800,50,SH600561,11,False
2021-05-06,2021-04-30,3800,50,SH600778,12,False
2021-05-06,2021-04-30,3800,50,SZ000695,13,False
2021-05-06,2021-04-30,3800,50,SZ300700,14,False
2021-05-06,2021-04-30,3800,50,SZ300167,15,False
2021-05-06,2021-04-30,3800,50,SZ002862,16,False
2021-05-06,2021-04-30,3800,50,SH603090,17,False
2021-05-06,2021-04-30,3800,50,SZ002209,18,False
2021-05-06,2021-04-30,3800,50,SZ002205,19,False
2021-05-06,2021-04-30,3800,50,SH603286,20,False
2021-05-06,2021-04-30,3800,50,SH600137,21,False
2021-05-06,2021-04-30,3800,50,SZ002830,22,False
2021-05-06,2021-04-30,3800,50,SZ300668,23,False
2021-05-06,2021-04-30,3800,50,SZ300716,24,False
2021-05-06,2021-04-30,3800,50,SZ000702,25,False
2021-05-06,2021-04-30,3800,50,SH600847,26,False
2021-05-06,2021-04-30,3800,50,SH600493,27,False
2021-05-06,2021-04-30,3800,50,SH603356,28,False
2021-05-06,2021-04-30,3800,50,SH600444,29,False
2021-05-06,2021-04-30,3800,50,SZ300535,30,False
2021-05-06,2021-04-30,3800,50,SZ300553,31,False
2021-05-06,2021-04-30,3800,50,SZ300619,32,False
2021-05-06,2021-04-30,3800,50,SZ002494,33,False
2021-05-06,2021-04-30,3800,50,SZ300554,34,False
2021-05-06,2021-04-30,3800,50,SH603580,35,False
2021-05-06,2021-04-30,3800,50,SH603958,36,False
2021-05-06,2021-04-30,3800,50,SZ300717,37,False
2021-05-06,2021-04-30,3800,50,SZ300557,38,False
2021-05-06,2021-04-30,3800,50,SZ300588,39,False
2021-05-06,2021-04-30,3800,50,SH600099,40,False
2021-05-06,2021-04-30,3800,50,SZ002207,41,False
2021-05-06,2021-04-30,3800,50,SZ002691,42,False
2021-05-06,2021-04-30,3800,50,SZ000586,43,False
2021-05-06,2021-04-30,3800,50,SZ300626,44,False
2021-05-06,2021-04-30,3800,50,SZ002112,45,False
2021-05-06,2021-04-30,3800,50,SH600156,46,False
2021-05-06,2021-04-30,3800,50,SH600213,47,False
2021-05-06,2021-04-30,3800,50,SZ300264,48,False
2021-05-06,2021-04-30,3800,50,SZ002779,49,False
2021-05-06,2021-04-30,3800,50,SZ002694,50,False
2021-06-01,2021-05-31,3820,50,SZ002633,1,True
2021-06-01,2021-05-31,3820,50,SH600768,2,True
2021-06-01,2021-05-31,3820,50,SH600455,3,True
2021-06-01,2021-05-31,3820,50,SH603389,4,True
2021-06-01,2021-05-31,3820,50,SZ300478,5,True
2021-06-01,2021-05-31,3820,50,SH600520,6,True
2021-06-01,2021-05-31,3820,50,SH603029,7,True
2021-06-01,2021-05-31,3820,50,SH600561,8,True
2021-06-01,2021-05-31,3820,50,SH603269,9,True
2021-06-01,2021-05-31,3820,50,SH603813,10,True
2021-06-01,2021-05-31,3820,50,SH600778,11,False
2021-06-01,2021-05-31,3820,50,SH603286,12,False
2021-06-01,2021-05-31,3820,50,SH603090,13,False
2021-06-01,2021-05-31,3820,50,SZ002830,14,False
2021-06-01,2021-05-31,3820,50,SH600355,15,False
2021-06-01,2021-05-31,3820,50,SZ300668,16,False
2021-06-01,2021-05-31,3820,50,SZ002209,17,False
2021-06-01,2021-05-31,3820,50,SH603356,18,False
2021-06-01,2021-05-31,3820,50,SZ000695,19,False
2021-06-01,2021-05-31,3820,50,SZ300700,20,False
2021-06-01,2021-05-31,3820,50,SZ000702,21,False
2021-06-01,2021-05-31,3820,50,SZ002205,22,False
2021-06-01,2021-05-31,3820,50,SZ000586,23,False
2021-06-01,2021-05-31,3820,50,SH600847,24,False
2021-06-01,2021-05-31,3820,50,SZ300535,25,False
2021-06-01,2021-05-31,3820,50,SZ300553,26,False
2021-06-01,2021-05-31,3820,50,SH603958,27,False
2021-06-01,2021-05-31,3820,50,SZ002836,28,False
2021-06-01,2021-05-31,3820,50,SZ300557,29,False
2021-06-01,2021-05-31,3820,50,SZ002779,30,False
2021-06-01,2021-05-31,3820,50,SH600099,31,False
2021-06-01,2021-05-31,3820,50,SZ002691,32,False
2021-06-01,2021-05-31,3820,50,SZ002800,33,False
2021-06-01,2021-05-31,3820,50,SZ300167,34,False
2021-06-01,2021-05-31,3820,50,SH600444,35,False
2021-06-01,2021-05-31,3820,50,SH600493,36,False
2021-06-01,2021-05-31,3820,50,SZ002494,37,False
2021-06-01,2021-05-31,3820,50,SZ002112,38,False
2021-06-01,2021-05-31,3820,50,SH603860,39,False
2021-06-01,2021-05-31,3820,50,SH600796,40,False
2021-06-01,2021-05-31,3820,50,SH600689,41,False
2021-06-01,2021-05-31,3820,50,SH603709,42,False
2021-06-01,2021-05-31,3820,50,SZ300665,43,False
2021-06-01,2021-05-31,3820,50,SH600706,44,False
2021-06-01,2021-05-31,3820,50,SH600302,45,False
2021-06-01,2021-05-31,3820,50,SZ300654,46,False
2021-06-01,2021-05-31,3820,50,SH603320,47,False
2021-06-01,2021-05-31,3820,50,SZ002694,48,False
2021-06-01,2021-05-31,3820,50,SZ002207,49,False
2021-06-01,2021-05-31,3820,50,SZ000622,50,False
2021-07-01,2021-06-30,3844,50,SH600455,1,True
2021-07-01,2021-06-30,3844,50,SZ002633,2,True
2021-07-01,2021-06-30,3844,50,SH600768,3,True
2021-07-01,2021-06-30,3844,50,SH600561,4,True
2021-07-01,2021-06-30,3844,50,SH603813,5,True
2021-07-01,2021-06-30,3844,50,SH603269,6,True
2021-07-01,2021-06-30,3844,50,SZ300478,7,True
2021-07-01,2021-06-30,3844,50,SH603029,8,True
2021-07-01,2021-06-30,3844,50,SH600778,9,True
2021-07-01,2021-06-30,3844,50,SH603389,10,True
2021-07-01,2021-06-30,3844,50,SH603286,11,False
2021-07-01,2021-06-30,3844,50,SZ002830,12,False
2021-07-01,2021-06-30,3844,50,SZ000702,13,False
2021-07-01,2021-06-30,3844,50,SZ000695,14,False
2021-07-01,2021-06-30,3844,50,SZ002205,15,False
2021-07-01,2021-06-30,3844,50,SH600689,16,False
2021-07-01,2021-06-30,3844,50,SH600493,17,False
2021-07-01,2021-06-30,3844,50,SZ002209,18,False
2021-07-01,2021-06-30,3844,50,SH603356,19,False
2021-07-01,2021-06-30,3844,50,SZ002800,20,False
2021-07-01,2021-06-30,3844,50,SH603090,21,False
2021-07-01,2021-06-30,3844,50,SH603580,22,False
2021-07-01,2021-06-30,3844,50,SH603860,23,False
2021-07-01,2021-06-30,3844,50,SZ002836,24,False
2021-07-01,2021-06-30,3844,50,SZ300700,25,False
2021-07-01,2021-06-30,3844,50,SZ002779,26,False
2021-07-01,2021-06-30,3844,50,SZ002494,27,False
2021-07-01,2021-06-30,3844,50,SH603709,28,False
2021-07-01,2021-06-30,3844,50,SH600099,29,False
2021-07-01,2021-06-30,3844,50,SZ300535,30,False
2021-07-01,2021-06-30,3844,50,SZ000586,31,False
2021-07-01,2021-06-30,3844,50,SZ300668,32,False
2021-07-01,2021-06-30,3844,50,SZ002691,33,False
2021-07-01,2021-06-30,3844,50,SH600444,34,False
2021-07-01,2021-06-30,3844,50,SH600847,35,False
2021-07-01,2021-06-30,3844,50,SH600719,36,False
2021-07-01,2021-06-30,3844,50,SZ002112,37,False
2021-07-01,2021-06-30,3844,50,SH600355,38,False
2021-07-01,2021-06-30,3844,50,SH603316,39,False
2021-07-01,2021-06-30,3844,50,SH603917,40,False
2021-07-01,2021-06-30,3844,50,SZ300736,41,False
2021-07-01,2021-06-30,3844,50,SZ000679,42,False
2021-07-01,2021-06-30,3844,50,SH600137,43,False
2021-07-01,2021-06-30,3844,50,SH600520,44,False
2021-07-01,2021-06-30,3844,50,SH600250,45,False
2021-07-01,2021-06-30,3844,50,SZ000622,46,False
2021-07-01,2021-06-30,3844,50,SH603320,47,False
2021-07-01,2021-06-30,3844,50,SH600202,48,False
2021-07-01,2021-06-30,3844,50,SZ300557,49,False
2021-07-01,2021-06-30,3844,50,SZ300553,50,False
2021-08-02,2021-07-30,3874,50,SH600455,1,True
2021-08-02,2021-07-30,3874,50,SZ002633,2,True
2021-08-02,2021-07-30,3874,50,SH603813,3,True
2021-08-02,2021-07-30,3874,50,SZ000702,4,True
2021-08-02,2021-07-30,3874,50,SH603269,5,True
2021-08-02,2021-07-30,3874,50,SH600561,6,True
2021-08-02,2021-07-30,3874,50,SH600768,7,True
2021-08-02,2021-07-30,3874,50,SH603029,8,True
2021-08-02,2021-07-30,3874,50,SH603389,9,True
2021-08-02,2021-07-30,3874,50,SZ002830,10,True
2021-08-02,2021-07-30,3874,50,SH600689,11,False
2021-08-02,2021-07-30,3874,50,SH600493,12,False
2021-08-02,2021-07-30,3874,50,SZ300478,13,False
2021-08-02,2021-07-30,3874,50,SZ002836,14,False
2021-08-02,2021-07-30,3874,50,SZ002209,15,False
2021-08-02,2021-07-30,3874,50,SZ000679,16,False
2021-08-02,2021-07-30,3874,50,SH603860,17,False
2021-08-02,2021-07-30,3874,50,SH600778,18,False
2021-08-02,2021-07-30,3874,50,SH603580,19,False
2021-08-02,2021-07-30,3874,50,SZ002800,20,False
2021-08-02,2021-07-30,3874,50,SZ002205,21,False
2021-08-02,2021-07-30,3874,50,SZ002883,22,False
2021-08-02,2021-07-30,3874,50,SH603709,23,False
2021-08-02,2021-07-30,3874,50,SH600706,24,False
2021-08-02,2021-07-30,3874,50,SH603316,25,False
2021-08-02,2021-07-30,3874,50,SH603286,26,False
2021-08-02,2021-07-30,3874,50,SZ002494,27,False
2021-08-02,2021-07-30,3874,50,SZ300668,28,False
2021-08-02,2021-07-30,3874,50,SH600719,29,False
2021-08-02,2021-07-30,3874,50,SZ002417,30,False
2021-08-02,2021-07-30,3874,50,SH603356,31,False
2021-08-02,2021-07-30,3874,50,SZ000014,32,False
2021-08-02,2021-07-30,3874,50,SH600250,33,False
2021-08-02,2021-07-30,3874,50,SZ002890,34,False
2021-08-02,2021-07-30,3874,50,SH600302,35,False
2021-08-02,2021-07-30,3874,50,SZ300736,36,False
2021-08-02,2021-07-30,3874,50,SZ000622,37,False
2021-08-02,2021-07-30,3874,50,SZ002862,38,False
2021-08-02,2021-07-30,3874,50,SH600355,39,False
2021-08-02,2021-07-30,3874,50,SH600520,40,False
2021-08-02,2021-07-30,3874,50,SH600156,41,False
2021-08-02,2021-07-30,3874,50,SZ002193,42,False
2021-08-02,2021-07-30,3874,50,SH600137,43,False
2021-08-02,2021-07-30,3874,50,SH600202,44,False
2021-08-02,2021-07-30,3874,50,SZ002691,45,False
2021-08-02,2021-07-30,3874,50,SZ300654,46,False
2021-08-02,2021-07-30,3874,50,SZ002779,47,False
2021-08-02,2021-07-30,3874,50,SH603725,48,False
2021-08-02,2021-07-30,3874,50,SH600791,49,False
2021-08-02,2021-07-30,3874,50,SZ002207,50,False
2021-09-01,2021-08-31,3927,50,SH600455,1,True
2021-09-01,2021-08-31,3927,50,SZ300478,2,True
2021-09-01,2021-08-31,3927,50,SZ002633,3,True
2021-09-01,2021-08-31,3927,50,SH603813,4,True
2021-09-01,2021-08-31,3927,50,SZ000702,5,True
2021-09-01,2021-08-31,3927,50,SH600768,6,True
2021-09-01,2021-08-31,3927,50,SZ002417,7,True
2021-09-01,2021-08-31,3927,50,SH603709,8,True
2021-09-01,2021-08-31,3927,50,SH603269,9,True
2021-09-01,2021-08-31,3927,50,SZ002836,10,True
2021-09-01,2021-08-31,3927,50,SH603029,11,False
2021-09-01,2021-08-31,3927,50,SH600520,12,False
2021-09-01,2021-08-31,3927,50,SZ000679,13,False
2021-09-01,2021-08-31,3927,50,SH600689,14,False
2021-09-01,2021-08-31,3927,50,SH603356,15,False
2021-09-01,2021-08-31,3927,50,SH603860,16,False
2021-09-01,2021-08-31,3927,50,SH600778,17,False
2021-09-01,2021-08-31,3927,50,SH603580,18,False
2021-09-01,2021-08-31,3927,50,SZ002883,19,False
2021-09-01,2021-08-31,3927,50,SH600493,20,False
2021-09-01,2021-08-31,3927,50,SZ002830,21,False
2021-09-01,2021-08-31,3927,50,SH603389,22,False
2021-09-01,2021-08-31,3927,50,SZ002205,23,False
2021-09-01,2021-08-31,3927,50,SZ002800,24,False
2021-09-01,2021-08-31,3927,50,SH603316,25,False
2021-09-01,2021-08-31,3927,50,SZ002209,26,False
2021-09-01,2021-08-31,3927,50,SZ000014,27,False
2021-09-01,2021-08-31,3927,50,SZ300654,28,False
2021-09-01,2021-08-31,3927,50,SH600719,29,False
2021-09-01,2021-08-31,3927,50,SH600847,30,False
2021-09-01,2021-08-31,3927,50,SH600561,31,False
2021-09-01,2021-08-31,3927,50,SH600355,32,False
2021-09-01,2021-08-31,3927,50,SH600250,33,False
2021-09-01,2021-08-31,3927,50,SZ002193,34,False
2021-09-01,2021-08-31,3927,50,SZ300736,35,False
2021-09-01,2021-08-31,3927,50,SZ000622,36,False
2021-09-01,2021-08-31,3927,50,SZ002848,37,False
2021-09-01,2021-08-31,3927,50,SH600137,38,False
2021-09-01,2021-08-31,3927,50,SH603021,39,False
2021-09-01,2021-08-31,3927,50,SZ002856,40,False
2021-09-01,2021-08-31,3927,50,SZ002890,41,False
2021-09-01,2021-08-31,3927,50,SZ300668,42,False
2021-09-01,2021-08-31,3927,50,SZ002494,43,False
2021-09-01,2021-08-31,3927,50,SZ000929,44,False
2021-09-01,2021-08-31,3927,50,SH603499,45,False
2021-09-01,2021-08-31,3927,50,SZ300254,46,False
2021-09-01,2021-08-31,3927,50,SH600156,47,False
2021-09-01,2021-08-31,3927,50,SZ002112,48,False
2021-09-01,2021-08-31,3927,50,SH600302,49,False
2021-09-01,2021-08-31,3927,50,SZ002779,50,False
2021-10-08,2021-09-30,3989,50,SZ300478,1,True
2021-10-08,2021-09-30,3989,50,SH600768,2,True
2021-10-08,2021-09-30,3989,50,SZ002633,3,True
2021-10-08,2021-09-30,3989,50,SH603813,4,True
2021-10-08,2021-09-30,3989,50,SH600455,5,True
2021-10-08,2021-09-30,3989,50,SZ002417,6,True
2021-10-08,2021-09-30,3989,50,SZ000702,7,True
2021-10-08,2021-09-30,3989,50,SH603029,8,True
2021-10-08,2021-09-30,3989,50,SH600520,9,True
2021-10-08,2021-09-30,3989,50,SH603709,10,True
2021-10-08,2021-09-30,3989,50,SZ002209,11,False
2021-10-08,2021-09-30,3989,50,SZ002836,12,False
2021-10-08,2021-09-30,3989,50,SH600689,13,False
2021-10-08,2021-09-30,3989,50,SH603580,14,False
2021-10-08,2021-09-30,3989,50,SH603316,15,False
2021-10-08,2021-09-30,3989,50,SH603286,16,False
2021-10-08,2021-09-30,3989,50,SH603860,17,False
2021-10-08,2021-09-30,3989,50,SH603269,18,False
2021-10-08,2021-09-30,3989,50,SH600493,19,False
2021-10-08,2021-09-30,3989,50,SH600847,20,False
2021-10-08,2021-09-30,3989,50,SZ002800,21,False
2021-10-08,2021-09-30,3989,50,SZ002830,22,False
2021-10-08,2021-09-30,3989,50,SZ300654,23,False
2021-10-08,2021-09-30,3989,50,SZ002883,24,False
2021-10-08,2021-09-30,3989,50,SH600137,25,False
2021-10-08,2021-09-30,3989,50,SZ300700,26,False
2021-10-08,2021-09-30,3989,50,SH600778,27,False
2021-10-08,2021-09-30,3989,50,SZ000679,28,False
2021-10-08,2021-09-30,3989,50,SZ002848,29,False
2021-10-08,2021-09-30,3989,50,SZ002193,30,False
2021-10-08,2021-09-30,3989,50,SH603499,31,False
2021-10-08,2021-09-30,3989,50,SH603389,32,False
2021-10-08,2021-09-30,3989,50,SZ002205,33,False
2021-10-08,2021-09-30,3989,50,SH600706,34,False
2021-10-08,2021-09-30,3989,50,SH600250,35,False
2021-10-08,2021-09-30,3989,50,SZ300557,36,False
2021-10-08,2021-09-30,3989,50,SH603958,37,False
2021-10-08,2021-09-30,3989,50,SH600355,38,False
2021-10-08,2021-09-30,3989,50,SZ300254,39,False
2021-10-08,2021-09-30,3989,50,SZ000014,40,False
2021-10-08,2021-09-30,3989,50,SZ000586,41,False
2021-10-08,2021-09-30,3989,50,SH688215,42,False
2021-10-08,2021-09-30,3989,50,SZ000929,43,False
2021-10-08,2021-09-30,3989,50,SH600561,44,False
2021-10-08,2021-09-30,3989,50,SZ002890,45,False
2021-10-08,2021-09-30,3989,50,SZ002856,46,False
2021-10-08,2021-09-30,3989,50,SH603021,47,False
2021-10-08,2021-09-30,3989,50,SH600302,48,False
2021-10-08,2021-09-30,3989,50,SH603090,49,False
2021-10-08,2021-09-30,3989,50,SZ300554,50,False
2021-11-01,2021-10-29,4028,50,SZ002633,1,True
2021-11-01,2021-10-29,4028,50,SH600768,2,True
2021-11-01,2021-10-29,4028,50,SH603029,3,True
2021-11-01,2021-10-29,4028,50,SH600455,4,True
2021-11-01,2021-10-29,4028,50,SH603813,5,True
2021-11-01,2021-10-29,4028,50,SZ002209,6,True
2021-11-01,2021-10-29,4028,50,SZ002417,7,True
2021-11-01,2021-10-29,4028,50,SH600520,8,True
2021-11-01,2021-10-29,4028,50,SZ000702,9,True
2021-11-01,2021-10-29,4028,50,SZ002830,10,True
2021-11-01,2021-10-29,4028,50,SH603709,11,False
2021-11-01,2021-10-29,4028,50,SH603389,12,False
2021-11-01,2021-10-29,4028,50,SZ002205,13,False
2021-11-01,2021-10-29,4028,50,SH600561,14,False
2021-11-01,2021-10-29,4028,50,SH600778,15,False
2021-11-01,2021-10-29,4028,50,SH603316,16,False
2021-11-01,2021-10-29,4028,50,SH603269,17,False
2021-11-01,2021-10-29,4028,50,SZ300478,18,False
2021-11-01,2021-10-29,4028,50,SZ002836,19,False
2021-11-01,2021-10-29,4028,50,SH603860,20,False
2021-11-01,2021-10-29,4028,50,SZ002883,21,False
2021-11-01,2021-10-29,4028,50,SH600847,22,False
2021-11-01,2021-10-29,4028,50,SH600689,23,False
2021-11-01,2021-10-29,4028,50,SH688215,24,False
2021-11-01,2021-10-29,4028,50,SZ002781,25,False
2021-11-01,2021-10-29,4028,50,SZ300668,26,False
2021-11-01,2021-10-29,4028,50,SZ300700,27,False
2021-11-01,2021-10-29,4028,50,SZ002193,28,False
2021-11-01,2021-10-29,4028,50,SZ300654,29,False
2021-11-01,2021-10-29,4028,50,SH603580,30,False
2021-11-01,2021-10-29,4028,50,SZ002848,31,False
2021-11-01,2021-10-29,4028,50,SZ300254,32,False
2021-11-01,2021-10-29,4028,50,SH603958,33,False
2021-11-01,2021-10-29,4028,50,SH603286,34,False
2021-11-01,2021-10-29,4028,50,SH600137,35,False
2021-11-01,2021-10-29,4028,50,SZ300743,36,False
2021-11-01,2021-10-29,4028,50,SZ002112,37,False
2021-11-01,2021-10-29,4028,50,SZ300716,38,False
2021-11-01,2021-10-29,4028,50,SZ300557,39,False
2021-11-01,2021-10-29,4028,50,SH600302,40,False
2021-11-01,2021-10-29,4028,50,SZ300554,41,False
2021-11-01,2021-10-29,4028,50,SZ002494,42,False
2021-11-01,2021-10-29,4028,50,SZ300717,43,False
2021-11-01,2021-10-29,4028,50,SZ002875,44,False
2021-11-01,2021-10-29,4028,50,SH688096,45,False
2021-11-01,2021-10-29,4028,50,SZ002800,46,False
2021-11-01,2021-10-29,4028,50,SZ002691,47,False
2021-11-01,2021-10-29,4028,50,SZ000679,48,False
2021-11-01,2021-10-29,4028,50,SZ000014,49,False
2021-11-01,2021-10-29,4028,50,SZ300535,50,False
2021-12-01,2021-11-30,4060,50,SZ002633,1,True
2021-12-01,2021-11-30,4060,50,SZ002209,2,True
2021-12-01,2021-11-30,4060,50,SH603813,3,True
2021-12-01,2021-11-30,4060,50,SH600768,4,True
2021-12-01,2021-11-30,4060,50,SH603029,5,True
2021-12-01,2021-11-30,4060,50,SZ000702,6,True
2021-12-01,2021-11-30,4060,50,SH603709,7,True
2021-12-01,2021-11-30,4060,50,SZ300478,8,True
2021-12-01,2021-11-30,4060,50,SZ002417,9,True
2021-12-01,2021-11-30,4060,50,SH600561,10,True
2021-12-01,2021-11-30,4060,50,SH600778,11,False
2021-12-01,2021-11-30,4060,50,SZ002830,12,False
2021-12-01,2021-11-30,4060,50,SZ002205,13,False
2021-12-01,2021-11-30,4060,50,SH603389,14,False
2021-12-01,2021-11-30,4060,50,SZ002883,15,False
2021-12-01,2021-11-30,4060,50,SH600689,16,False
2021-12-01,2021-11-30,4060,50,SH603316,17,False
2021-12-01,2021-11-30,4060,50,SH603860,18,False
2021-12-01,2021-11-30,4060,50,SH600455,19,False
2021-12-01,2021-11-30,4060,50,SZ002781,20,False
2021-12-01,2021-11-30,4060,50,SH603958,21,False
2021-12-01,2021-11-30,4060,50,SH600520,22,False
2021-12-01,2021-11-30,4060,50,SZ000679,23,False
2021-12-01,2021-11-30,4060,50,SH688215,24,False
2021-12-01,2021-11-30,4060,50,SH600250,25,False
2021-12-01,2021-11-30,4060,50,SH603269,26,False
2021-12-01,2021-11-30,4060,50,SZ000014,27,False
2021-12-01,2021-11-30,4060,50,SZ002836,28,False
2021-12-01,2021-11-30,4060,50,SH600137,29,False
2021-12-01,2021-11-30,4060,50,SZ300654,30,False
2021-12-01,2021-11-30,4060,50,SZ002848,31,False
2021-12-01,2021-11-30,4060,50,SH600355,32,False
2021-12-01,2021-11-30,4060,50,SZ002691,33,False
2021-12-01,2021-11-30,4060,50,SZ000691,34,False
2021-12-01,2021-11-30,4060,50,SH603021,35,False
2021-12-01,2021-11-30,4060,50,SZ300700,36,False
2021-12-01,2021-11-30,4060,50,SH600791,37,False
2021-12-01,2021-11-30,4060,50,SH688096,38,False
2021-12-01,2021-11-30,4060,50,SZ002800,39,False
2021-12-01,2021-11-30,4060,50,SZ002856,40,False
2021-12-01,2021-11-30,4060,50,SZ002890,41,False
2021-12-01,2021-11-30,4060,50,SH600539,42,False
2021-12-01,2021-11-30,4060,50,SZ002494,43,False
2021-12-01,2021-11-30,4060,50,SZ300716,44,False
2021-12-01,2021-11-30,4060,50,SZ002868,45,False
2021-12-01,2021-11-30,4060,50,SZ300554,46,False
2021-12-01,2021-11-30,4060,50,SZ300254,47,False
2021-12-01,2021-11-30,4060,50,SZ002112,48,False
2021-12-01,2021-11-30,4060,50,SH600156,49,False
2021-12-01,2021-11-30,4060,50,SZ000856,50,False
2022-01-04,2021-12-31,4096,50,SH600768,1,True
2022-01-04,2021-12-31,4096,50,SZ002633,2,True
2022-01-04,2021-12-31,4096,50,SZ300478,3,True
2022-01-04,2021-12-31,4096,50,SZ000702,4,True
2022-01-04,2021-12-31,4096,50,SZ002209,5,True
2022-01-04,2021-12-31,4096,50,SH603029,6,True
2022-01-04,2021-12-31,4096,50,SH603709,7,True
2022-01-04,2021-12-31,4096,50,SH603389,8,True
2022-01-04,2021-12-31,4096,50,SZ002417,9,True
2022-01-04,2021-12-31,4096,50,SH600778,10,True
2022-01-04,2021-12-31,4096,50,SH600520,11,False
2022-01-04,2021-12-31,4096,50,SH688215,12,False
2022-01-04,2021-12-31,4096,50,SZ002830,13,False
2022-01-04,2021-12-31,4096,50,SH600455,14,False
2022-01-04,2021-12-31,4096,50,SH600137,15,False
2022-01-04,2021-12-31,4096,50,SH600561,16,False
2022-01-04,2021-12-31,4096,50,SH600689,17,False
2022-01-04,2021-12-31,4096,50,SH603269,18,False
2022-01-04,2021-12-31,4096,50,SH603316,19,False
2022-01-04,2021-12-31,4096,50,SZ300716,20,False
2022-01-04,2021-12-31,4096,50,SH603860,21,False
2022-01-04,2021-12-31,4096,50,SZ002207,22,False
2022-01-04,2021-12-31,4096,50,SZ002848,23,False
2022-01-04,2021-12-31,4096,50,SH603813,24,False
2022-01-04,2021-12-31,4096,50,SH603958,25,False
2022-01-04,2021-12-31,4096,50,SZ002205,26,False
2022-01-04,2021-12-31,4096,50,SZ300736,27,False
2022-01-04,2021-12-31,4096,50,SZ002856,28,False
2022-01-04,2021-12-31,4096,50,SZ300700,29,False
2022-01-04,2021-12-31,4096,50,SZ000691,30,False
2022-01-04,2021-12-31,4096,50,SH603580,31,False
2022-01-04,2021-12-31,4096,50,SZ000679,32,False
2022-01-04,2021-12-31,4096,50,SZ300554,33,False
2022-01-04,2021-12-31,4096,50,SZ002836,34,False
2022-01-04,2021-12-31,4096,50,SH688096,35,False
2022-01-04,2021-12-31,4096,50,SH600250,36,False
2022-01-04,2021-12-31,4096,50,SZ300743,37,False
2022-01-04,2021-12-31,4096,50,SZ002781,38,False
2022-01-04,2021-12-31,4096,50,SZ002875,39,False
2022-01-04,2021-12-31,4096,50,SZ300717,40,False
2022-01-04,2021-12-31,4096,50,SZ000014,41,False
2022-01-04,2021-12-31,4096,50,SZ002883,42,False
2022-01-04,2021-12-31,4096,50,SZ300167,43,False
2022-01-04,2021-12-31,4096,50,SZ002800,44,False
2022-01-04,2021-12-31,4096,50,SH600355,45,False
2022-01-04,2021-12-31,4096,50,SZ002890,46,False
2022-01-04,2021-12-31,4096,50,SZ002112,47,False
2022-01-04,2021-12-31,4096,50,SZ300330,48,False
2022-01-04,2021-12-31,4096,50,SZ300535,49,False
2022-01-04,2021-12-31,4096,50,SZ002193,50,False
2022-02-07,2022-01-28,4131,50,SH600768,1,True
2022-02-07,2022-01-28,4131,50,SH688309,2,True
2022-02-07,2022-01-28,4131,50,SZ000702,3,True
2022-02-07,2022-01-28,4131,50,SH603709,4,True
2022-02-07,2022-01-28,4131,50,SH603813,5,True
2022-02-07,2022-01-28,4131,50,SZ002633,6,True
2022-02-07,2022-01-28,4131,50,SH603029,7,True
2022-02-07,2022-01-28,4131,50,SZ002209,8,True
2022-02-07,2022-01-28,4131,50,SH603389,9,True
2022-02-07,2022-01-28,4131,50,SH688215,10,True
2022-02-07,2022-01-28,4131,50,SH600520,11,False
2022-02-07,2022-01-28,4131,50,SH600455,12,False
2022-02-07,2022-01-28,4131,50,SH600137,13,False
2022-02-07,2022-01-28,4131,50,SH603958,14,False
2022-02-07,2022-01-28,4131,50,SH600778,15,False
2022-02-07,2022-01-28,4131,50,SH603269,16,False
2022-02-07,2022-01-28,4131,50,SZ002205,17,False
2022-02-07,2022-01-28,4131,50,SZ300478,18,False
2022-02-07,2022-01-28,4131,50,SH600689,19,False
2022-02-07,2022-01-28,4131,50,SZ002830,20,False
2022-02-07,2022-01-28,4131,50,SZ002836,21,False
2022-02-07,2022-01-28,4131,50,SZ002883,22,False
2022-02-07,2022-01-28,4131,50,SH603316,23,False
2022-02-07,2022-01-28,4131,50,SZ002781,24,False
2022-02-07,2022-01-28,4131,50,SZ000679,25,False
2022-02-07,2022-01-28,4131,50,SZ300736,26,False
2022-02-07,2022-01-28,4131,50,SZ300654,27,False
2022-02-07,2022-01-28,4131,50,SZ002848,28,False
2022-02-07,2022-01-28,4131,50,SH600561,29,False
2022-02-07,2022-01-28,4131,50,SH603860,30,False
2022-02-07,2022-01-28,4131,50,SH688096,31,False
2022-02-07,2022-01-28,4131,50,SZ300716,32,False
2022-02-07,2022-01-28,4131,50,SH600355,33,False
2022-02-07,2022-01-28,4131,50,SH603580,34,False
2022-02-07,2022-01-28,4131,50,SH600719,35,False
2022-02-07,2022-01-28,4131,50,SZ000691,36,False
2022-02-07,2022-01-28,4131,50,SZ300554,37,False
2022-02-07,2022-01-28,4131,50,SZ002112,38,False
2022-02-07,2022-01-28,4131,50,SZ002800,39,False
2022-02-07,2022-01-28,4131,50,SH600493,40,False
2022-02-07,2022-01-28,4131,50,SZ002890,41,False
2022-02-07,2022-01-28,4131,50,SZ002719,42,False
2022-02-07,2022-01-28,4131,50,SZ002629,43,False
2022-02-07,2022-01-28,4131,50,SZ002856,44,False
2022-02-07,2022-01-28,4131,50,SZ002207,45,False
2022-02-07,2022-01-28,4131,50,SZ300836,46,False
2022-02-07,2022-01-28,4131,50,SZ002862,47,False
2022-02-07,2022-01-28,4131,50,SZ300167,48,False
2022-02-07,2022-01-28,4131,50,SZ300417,49,False
2022-02-07,2022-01-28,4131,50,SZ002193,50,False
2022-03-01,2022-02-28,4172,50,SH688309,1,True
2022-03-01,2022-02-28,4172,50,SH603709,2,True
2022-03-01,2022-02-28,4172,50,SZ002633,3,True
2022-03-01,2022-02-28,4172,50,SH600768,4,True
2022-03-01,2022-02-28,4172,50,SZ000702,5,True
2022-03-01,2022-02-28,4172,50,SH603389,6,True
2022-03-01,2022-02-28,4172,50,SH688215,7,True
2022-03-01,2022-02-28,4172,50,SH600778,8,True
2022-03-01,2022-02-28,4172,50,SZ002209,9,True
2022-03-01,2022-02-28,4172,50,SH603958,10,True
2022-03-01,2022-02-28,4172,50,SH603813,11,False
2022-03-01,2022-02-28,4172,50,SH600137,12,False
2022-03-01,2022-02-28,4172,50,SH600455,13,False
2022-03-01,2022-02-28,4172,50,SZ300716,14,False
2022-03-01,2022-02-28,4172,50,SZ300736,15,False
2022-03-01,2022-02-28,4172,50,SZ002883,16,False
2022-03-01,2022-02-28,4172,50,SZ002862,17,False
2022-03-01,2022-02-28,4172,50,SZ002193,18,False
2022-03-01,2022-02-28,4172,50,SZ002830,19,False
2022-03-01,2022-02-28,4172,50,SZ002848,20,False
2022-03-01,2022-02-28,4172,50,SZ002417,21,False
2022-03-01,2022-02-28,4172,50,SH600520,22,False
2022-03-01,2022-02-28,4172,50,SH603269,23,False
2022-03-01,2022-02-28,4172,50,SZ002856,24,False
2022-03-01,2022-02-28,4172,50,SZ000691,25,False
2022-03-01,2022-02-28,4172,50,SZ000679,26,False
2022-03-01,2022-02-28,4172,50,SZ300654,27,False
2022-03-01,2022-02-28,4172,50,SZ300478,28,False
2022-03-01,2022-02-28,4172,50,SH600689,29,False
2022-03-01,2022-02-28,4172,50,SZ002719,30,False
2022-03-01,2022-02-28,4172,50,SH603286,31,False
2022-03-01,2022-02-28,4172,50,SZ002836,32,False
2022-03-01,2022-02-28,4172,50,SH600355,33,False
2022-03-01,2022-02-28,4172,50,SH603725,34,False
2022-03-01,2022-02-28,4172,50,SH603356,35,False
2022-03-01,2022-02-28,4172,50,SH603499,36,False
2022-03-01,2022-02-28,4172,50,SH688096,37,False
2022-03-01,2022-02-28,4172,50,SZ002205,38,False
2022-03-01,2022-02-28,4172,50,SZ300417,39,False
2022-03-01,2022-02-28,4172,50,SH600719,40,False
2022-03-01,2022-02-28,4172,50,SZ300836,41,False
2022-03-01,2022-02-28,4172,50,SH603580,42,False
2022-03-01,2022-02-28,4172,50,SZ002513,43,False
2022-03-01,2022-02-28,4172,50,SZ300554,44,False
2022-03-01,2022-02-28,4172,50,SH600493,45,False
2022-03-01,2022-02-28,4172,50,SZ002781,46,False
2022-03-01,2022-02-28,4172,50,SZ000929,47,False
2022-03-01,2022-02-28,4172,50,SH603860,48,False
2022-03-01,2022-02-28,4172,50,SZ002890,49,False
2022-03-01,2022-02-28,4172,50,SZ300779,50,False
2022-04-01,2022-03-31,4199,50,SH688309,1,True
2022-04-01,2022-03-31,4199,50,SH600768,2,True
2022-04-01,2022-03-31,4199,50,SH603709,3,True
2022-04-01,2022-03-31,4199,50,SH600455,4,True
2022-04-01,2022-03-31,4199,50,SH688215,5,True
2022-04-01,2022-03-31,4199,50,SZ300478,6,True
2022-04-01,2022-03-31,4199,50,SZ300736,7,True
2022-04-01,2022-03-31,4199,50,SZ002633,8,True
2022-04-01,2022-03-31,4199,50,SZ002417,9,True
2022-04-01,2022-03-31,4199,50,SH603958,10,True
2022-04-01,2022-03-31,4199,50,SZ002862,11,False
2022-04-01,2022-03-31,4199,50,SH603389,12,False
2022-04-01,2022-03-31,4199,50,SH603813,13,False
2022-04-01,2022-03-31,4199,50,SZ002883,14,False
2022-04-01,2022-03-31,4199,50,SH600137,15,False
2022-04-01,2022-03-31,4199,50,SZ300717,16,False
2022-04-01,2022-03-31,4199,50,SZ300779,17,False
2022-04-01,2022-03-31,4199,50,SZ002890,18,False
2022-04-01,2022-03-31,4199,50,SH688096,19,False
2022-04-01,2022-03-31,4199,50,SZ000702,20,False
2022-04-01,2022-03-31,4199,50,SZ002209,21,False
2022-04-01,2022-03-31,4199,50,SH603580,22,False
2022-04-01,2022-03-31,4199,50,SH688081,23,False
2022-04-01,2022-03-31,4199,50,SZ300417,24,False
2022-04-01,2022-03-31,4199,50,SZ300836,25,False
2022-04-01,2022-03-31,4199,50,SH688218,26,False
2022-04-01,2022-03-31,4199,50,SH688679,27,False
2022-04-01,2022-03-31,4199,50,SZ002629,28,False
2022-04-01,2022-03-31,4199,50,SZ000929,29,False
2022-04-01,2022-03-31,4199,50,SH603286,30,False
2022-04-01,2022-03-31,4199,50,SZ300606,31,False
2022-04-01,2022-03-31,4199,50,SH600520,32,False
2022-04-01,2022-03-31,4199,50,SZ002719,33,False
2022-04-01,2022-03-31,4199,50,SH603269,34,False
2022-04-01,2022-03-31,4199,50,SZ000679,35,False
2022-04-01,2022-03-31,4199,50,SH600778,36,False
2022-04-01,2022-03-31,4199,50,SH603499,37,False
2022-04-01,2022-03-31,4199,50,SZ300594,38,False
2022-04-01,2022-03-31,4199,50,SZ300013,39,False
2022-04-01,2022-03-31,4199,50,SZ002856,40,False
2022-04-01,2022-03-31,4199,50,SH600689,41,False
2022-04-01,2022-03-31,4199,50,SZ300665,42,False
2022-04-01,2022-03-31,4199,50,SH688379,43,False
2022-04-01,2022-03-31,4199,50,SZ002848,44,False
2022-04-01,2022-03-31,4199,50,SZ300849,45,False
2022-04-01,2022-03-31,4199,50,SZ300321,46,False
2022-04-01,2022-03-31,4199,50,SZ300553,47,False
2022-04-01,2022-03-31,4199,50,SH603860,48,False
2022-04-01,2022-03-31,4199,50,SZ000586,49,False
2022-04-01,2022-03-31,4199,50,SZ300282,50,False
2022-05-05,2022-04-29,4247,50,SH600768,1,True
2022-05-05,2022-04-29,4247,50,SH688215,2,True
2022-05-05,2022-04-29,4247,50,SH600455,3,True
2022-05-05,2022-04-29,4247,50,SZ002633,4,True
2022-05-05,2022-04-29,4247,50,SZ002856,5,True
2022-05-05,2022-04-29,4247,50,SH603709,6,True
2022-05-05,2022-04-29,4247,50,SH603389,7,True
2022-05-05,2022-04-29,4247,50,SZ002862,8,True
2022-05-05,2022-04-29,4247,50,SZ300282,9,True
2022-05-05,2022-04-29,4247,50,SH603958,10,True
2022-05-05,2022-04-29,4247,50,SH600520,11,False
2022-05-05,2022-04-29,4247,50,SZ300736,12,False
2022-05-05,2022-04-29,4247,50,SH603813,13,False
2022-05-05,2022-04-29,4247,50,SZ300554,14,False
2022-05-05,2022-04-29,4247,50,SH603269,15,False
2022-05-05,2022-04-29,4247,50,SZ000702,16,False
2022-05-05,2022-04-29,4247,50,SH603286,17,False
2022-05-05,2022-04-29,4247,50,SZ002209,18,False
2022-05-05,2022-04-29,4247,50,SZ300417,19,False
2022-05-05,2022-04-29,4247,50,SZ300779,20,False
2022-05-05,2022-04-29,4247,50,SH688218,21,False
2022-05-05,2022-04-29,4247,50,SZ300665,22,False
2022-05-05,2022-04-29,4247,50,SZ300717,23,False
2022-05-05,2022-04-29,4247,50,SH603580,24,False
2022-05-05,2022-04-29,4247,50,SZ002883,25,False
2022-05-05,2022-04-29,4247,50,SZ002848,26,False
2022-05-05,2022-04-29,4247,50,SZ002652,27,False
2022-05-05,2022-04-29,4247,50,SH688081,28,False
2022-05-05,2022-04-29,4247,50,SH603161,29,False
2022-05-05,2022-04-29,4247,50,SZ300321,30,False
2022-05-05,2022-04-29,4247,50,SH603725,31,False
2022-05-05,2022-04-29,4247,50,SH688004,32,False
2022-05-05,2022-04-29,4247,50,SH688379,33,False
2022-05-05,2022-04-29,4247,50,SZ300899,34,False
2022-05-05,2022-04-29,4247,50,SH603499,35,False
2022-05-05,2022-04-29,4247,50,SZ300836,36,False
2022-05-05,2022-04-29,4247,50,SZ300807,37,False
2022-05-05,2022-04-29,4247,50,SZ002890,38,False
2022-05-05,2022-04-29,4247,50,SZ300535,39,False
2022-05-05,2022-04-29,4247,50,SZ000691,40,False
2022-05-05,2022-04-29,4247,50,SZ002830,41,False
2022-05-05,2022-04-29,4247,50,SH688679,42,False
2022-05-05,2022-04-29,4247,50,SH688555,43,False
2022-05-05,2022-04-29,4247,50,SH603029,44,False
2022-05-05,2022-04-29,4247,50,SZ300594,45,False
2022-05-05,2022-04-29,4247,50,SZ002719,46,False
2022-05-05,2022-04-29,4247,50,SZ002112,47,False
2022-05-05,2022-04-29,4247,50,SH688096,48,False
2022-05-05,2022-04-29,4247,50,SH600561,49,False
2022-05-05,2022-04-29,4247,50,SZ002899,50,False
2022-06-01,2022-05-31,4295,50,SH688555,1,True
2022-06-01,2022-05-31,4295,50,SH688215,2,True
2022-06-01,2022-05-31,4295,50,SH600768,3,True
2022-06-01,2022-05-31,4295,50,SH600455,4,True
2022-06-01,2022-05-31,4295,50,SH603709,5,True
2022-06-01,2022-05-31,4295,50,SZ300736,6,True
2022-06-01,2022-05-31,4295,50,SZ002633,7,True
2022-06-01,2022-05-31,4295,50,SH603958,8,True
2022-06-01,2022-05-31,4295,50,SH603389,9,True
2022-06-01,2022-05-31,4295,50,SZ300417,10,True
2022-06-01,2022-05-31,4295,50,SZ300554,11,False
2022-06-01,2022-05-31,4295,50,SZ002862,12,False
2022-06-01,2022-05-31,4295,50,SH603269,13,False
2022-06-01,2022-05-31,4295,50,SH603286,14,False
2022-06-01,2022-05-31,4295,50,SZ002652,15,False
2022-06-01,2022-05-31,4295,50,SH600520,16,False
2022-06-01,2022-05-31,4295,50,SZ000691,17,False
2022-06-01,2022-05-31,4295,50,SZ300717,18,False
2022-06-01,2022-05-31,4295,50,SH600137,19,False
2022-06-01,2022-05-31,4295,50,SZ300779,20,False
2022-06-01,2022-05-31,4295,50,SH688004,21,False
2022-06-01,2022-05-31,4295,50,SZ300665,22,False
2022-06-01,2022-05-31,4295,50,SH603729,23,False
2022-06-01,2022-05-31,4295,50,SH603813,24,False
2022-06-01,2022-05-31,4295,50,SH688218,25,False
2022-06-01,2022-05-31,4295,50,SZ300807,26,False
2022-06-01,2022-05-31,4295,50,SH688379,27,False
2022-06-01,2022-05-31,4295,50,SZ300478,28,False
2022-06-01,2022-05-31,4295,50,SZ002890,29,False
2022-06-01,2022-05-31,4295,50,SH688679,30,False
2022-06-01,2022-05-31,4295,50,SZ300535,31,False
2022-06-01,2022-05-31,4295,50,SZ300321,32,False
2022-06-01,2022-05-31,4295,50,SH603725,33,False
2022-06-01,2022-05-31,4295,50,SZ002209,34,False
2022-06-01,2022-05-31,4295,50,SZ002830,35,False
2022-06-01,2022-05-31,4295,50,SZ300899,36,False
2022-06-01,2022-05-31,4295,50,SZ300836,37,False
2022-06-01,2022-05-31,4295,50,SZ002899,38,False
2022-06-01,2022-05-31,4295,50,SZ000702,39,False
2022-06-01,2022-05-31,4295,50,SH603580,40,False
2022-06-01,2022-05-31,4295,50,SH600355,41,False
2022-06-01,2022-05-31,4295,50,SZ300845,42,False
2022-06-01,2022-05-31,4295,50,SH688081,43,False
2022-06-01,2022-05-31,4295,50,SZ300594,44,False
2022-06-01,2022-05-31,4295,50,SH600539,45,False
2022-06-01,2022-05-31,4295,50,SZ300449,46,False
2022-06-01,2022-05-31,4295,50,SH603499,47,False
2022-06-01,2022-05-31,4295,50,SH600493,48,False
2022-06-01,2022-05-31,4295,50,SZ300749,49,False
2022-06-01,2022-05-31,4295,50,SH688096,50,False
2022-07-01,2022-06-30,4312,50,SH688555,1,True
2022-07-01,2022-06-30,4312,50,SH600455,2,True
2022-07-01,2022-06-30,4312,50,SH688215,3,True
2022-07-01,2022-06-30,4312,50,SH600768,4,True
2022-07-01,2022-06-30,4312,50,SH603729,5,True
2022-07-01,2022-06-30,4312,50,SH603709,6,True
2022-07-01,2022-06-30,4312,50,SZ300736,7,True
2022-07-01,2022-06-30,4312,50,SH603269,8,True
2022-07-01,2022-06-30,4312,50,SZ002209,9,True
2022-07-01,2022-06-30,4312,50,SZ300779,10,True
2022-07-01,2022-06-30,4312,50,SH603813,11,False
2022-07-01,2022-06-30,4312,50,SZ300417,12,False
2022-07-01,2022-06-30,4312,50,SZ300478,13,False
2022-07-01,2022-06-30,4312,50,SZ002862,14,False
2022-07-01,2022-06-30,4312,50,SZ002633,15,False
2022-07-01,2022-06-30,4312,50,SH603958,16,False
2022-07-01,2022-06-30,4312,50,SZ002856,17,False
2022-07-01,2022-06-30,4312,50,SZ300717,18,False
2022-07-01,2022-06-30,4312,50,SZ002719,19,False
2022-07-01,2022-06-30,4312,50,SH600520,20,False
2022-07-01,2022-06-30,4312,50,SH688681,21,False
2022-07-01,2022-06-30,4312,50,SH600137,22,False
2022-07-01,2022-06-30,4312,50,SZ000691,23,False
2022-07-01,2022-06-30,4312,50,SH688004,24,False
2022-07-01,2022-06-30,4312,50,SZ002828,25,False
2022-07-01,2022-06-30,4312,50,SZ002830,26,False
2022-07-01,2022-06-30,4312,50,SH688067,27,False
2022-07-01,2022-06-30,4312,50,SZ300899,28,False
2022-07-01,2022-06-30,4312,50,SH603580,29,False
2022-07-01,2022-06-30,4312,50,SH688379,30,False
2022-07-01,2022-06-30,4312,50,SZ300665,31,False
2022-07-01,2022-06-30,4312,50,SH688679,32,False
2022-07-01,2022-06-30,4312,50,SZ300321,33,False
2022-07-01,2022-06-30,4312,50,SZ300535,34,False
2022-07-01,2022-06-30,4312,50,SH603389,35,False
2022-07-01,2022-06-30,4312,50,SZ000702,36,False
2022-07-01,2022-06-30,4312,50,SH603029,37,False
2022-07-01,2022-06-30,4312,50,SH603860,38,False
2022-07-01,2022-06-30,4312,50,SH688096,39,False
2022-07-01,2022-06-30,4312,50,SZ300716,40,False
2022-07-01,2022-06-30,4312,50,SZ002629,41,False
2022-07-01,2022-06-30,4312,50,SH603725,42,False
2022-07-01,2022-06-30,4312,50,SH603286,43,False
2022-07-01,2022-06-30,4312,50,SZ002899,44,False
2022-07-01,2022-06-30,4312,50,SH600539,45,False
2022-07-01,2022-06-30,4312,50,SZ002652,46,False
2022-07-01,2022-06-30,4312,50,SH603161,47,False
2022-07-01,2022-06-30,4312,50,SZ300449,48,False
2022-07-01,2022-06-30,4312,50,SZ300845,49,False
2022-07-01,2022-06-30,4312,50,SZ300807,50,False
2022-08-01,2022-07-29,4347,50,SH688555,1,True
2022-08-01,2022-07-29,4347,50,SZ002719,2,True
2022-08-01,2022-07-29,4347,50,SH600455,3,True
2022-08-01,2022-07-29,4347,50,SH603729,4,True
2022-08-01,2022-07-29,4347,50,SH600768,5,True
2022-08-01,2022-07-29,4347,50,SH603709,6,True
2022-08-01,2022-07-29,4347,50,SZ300736,7,True
2022-08-01,2022-07-29,4347,50,SH688215,8,True
2022-08-01,2022-07-29,4347,50,SZ300478,9,True
2022-08-01,2022-07-29,4347,50,SH603958,10,True
2022-08-01,2022-07-29,4347,50,SH600137,11,False
2022-08-01,2022-07-29,4347,50,SZ000691,12,False
2022-08-01,2022-07-29,4347,50,SZ002862,13,False
2022-08-01,2022-07-29,4347,50,SH688067,14,False
2022-08-01,2022-07-29,4347,50,SH603389,15,False
2022-08-01,2022-07-29,4347,50,SH688004,16,False
2022-08-01,2022-07-29,4347,50,SZ300779,17,False
2022-08-01,2022-07-29,4347,50,SZ000023,18,False
2022-08-01,2022-07-29,4347,50,SZ300899,19,False
2022-08-01,2022-07-29,4347,50,SZ300717,20,False
2022-08-01,2022-07-29,4347,50,SZ300417,21,False
2022-08-01,2022-07-29,4347,50,SZ300535,22,False
2022-08-01,2022-07-29,4347,50,SZ300321,23,False
2022-08-01,2022-07-29,4347,50,SH603269,24,False
2022-08-01,2022-07-29,4347,50,SZ002830,25,False
2022-08-01,2022-07-29,4347,50,SH600539,26,False
2022-08-01,2022-07-29,4347,50,SH603813,27,False
2022-08-01,2022-07-29,4347,50,SZ002899,28,False
2022-08-01,2022-07-29,4347,50,SZ300716,29,False
2022-08-01,2022-07-29,4347,50,SH688679,30,False
2022-08-01,2022-07-29,4347,50,SZ300665,31,False
2022-08-01,2022-07-29,4347,50,SZ002629,32,False
2022-08-01,2022-07-29,4347,50,SH600493,33,False
2022-08-01,2022-07-29,4347,50,SZ002828,34,False
2022-08-01,2022-07-29,4347,50,SH603860,35,False
2022-08-01,2022-07-29,4347,50,SZ300845,36,False
2022-08-01,2022-07-29,4347,50,SH603029,37,False
2022-08-01,2022-07-29,4347,50,SZ002633,38,False
2022-08-01,2022-07-29,4347,50,SZ300749,39,False
2022-08-01,2022-07-29,4347,50,SH603725,40,False
2022-08-01,2022-07-29,4347,50,SZ000929,41,False
2022-08-01,2022-07-29,4347,50,SZ002652,42,False
2022-08-01,2022-07-29,4347,50,SH688096,43,False
2022-08-01,2022-07-29,4347,50,SZ300807,44,False
2022-08-01,2022-07-29,4347,50,SZ000609,45,False
2022-08-01,2022-07-29,4347,50,SZ000679,46,False
2022-08-01,2022-07-29,4347,50,SH688379,47,False
2022-08-01,2022-07-29,4347,50,SH600561,48,False
2022-08-01,2022-07-29,4347,50,SH688038,49,False
2022-08-01,2022-07-29,4347,50,SH603316,50,False
2022-09-01,2022-08-31,4401,50,SH688555,1,True
2022-09-01,2022-08-31,4401,50,SH688215,2,True
2022-09-01,2022-08-31,4401,50,SH688004,3,True
2022-09-01,2022-08-31,4401,50,SH600455,4,True
2022-09-01,2022-08-31,4401,50,SH603709,5,True
2022-09-01,2022-08-31,4401,50,SH600768,6,True
2022-09-01,2022-08-31,4401,50,SH603729,7,True
2022-09-01,2022-08-31,4401,50,SH688081,8,True
2022-09-01,2022-08-31,4401,50,SZ300478,9,True
2022-09-01,2022-08-31,4401,50,SZ002719,10,True
2022-09-01,2022-08-31,4401,50,SH688096,11,False
2022-09-01,2022-08-31,4401,50,SH603813,12,False
2022-09-01,2022-08-31,4401,50,SZ300736,13,False
2022-09-01,2022-08-31,4401,50,SH600137,14,False
2022-09-01,2022-08-31,4401,50,SH603580,15,False
2022-09-01,2022-08-31,4401,50,SH688067,16,False
2022-09-01,2022-08-31,4401,50,SZ300899,17,False
2022-09-01,2022-08-31,4401,50,SH603269,18,False
2022-09-01,2022-08-31,4401,50,SZ300535,19,False
2022-09-01,2022-08-31,4401,50,SZ000023,20,False
2022-09-01,2022-08-31,4401,50,SZ300716,21,False
2022-09-01,2022-08-31,4401,50,SH603029,22,False
2022-09-01,2022-08-31,4401,50,SZ300417,23,False
2022-09-01,2022-08-31,4401,50,SZ300665,24,False
2022-09-01,2022-08-31,4401,50,SZ300321,25,False
2022-09-01,2022-08-31,4401,50,SZ300717,26,False
2022-09-01,2022-08-31,4401,50,SZ002633,27,False
2022-09-01,2022-08-31,4401,50,SZ002830,28,False
2022-09-01,2022-08-31,4401,50,SZ300779,29,False
2022-09-01,2022-08-31,4401,50,SH688316,30,False
2022-09-01,2022-08-31,4401,50,SZ002652,31,False
2022-09-01,2022-08-31,4401,50,SH603860,32,False
2022-09-01,2022-08-31,4401,50,SH688379,33,False
2022-09-01,2022-08-31,4401,50,SH688092,34,False
2022-09-01,2022-08-31,4401,50,SZ002899,35,False
2022-09-01,2022-08-31,4401,50,SZ300807,36,False
2022-09-01,2022-08-31,4401,50,SZ300555,37,False
2022-09-01,2022-08-31,4401,50,SZ300836,38,False
2022-09-01,2022-08-31,4401,50,SH688367,39,False
2022-09-01,2022-08-31,4401,50,SH688500,40,False
2022-09-01,2022-08-31,4401,50,SH600539,41,False
2022-09-01,2022-08-31,4401,50,SZ300845,42,False
2022-09-01,2022-08-31,4401,50,SH603389,43,False
2022-09-01,2022-08-31,4401,50,SZ002849,44,False
2022-09-01,2022-08-31,4401,50,SZ301024,45,False
2022-09-01,2022-08-31,4401,50,SZ300594,46,False
2022-09-01,2022-08-31,4401,50,SH688679,47,False
2022-09-01,2022-08-31,4401,50,SH688681,48,False
2022-09-01,2022-08-31,4401,50,SH600493,49,False
2022-09-01,2022-08-31,4401,50,SH603499,50,False
2022-10-10,2022-09-30,4437,50,SH688555,1,True
2022-10-10,2022-09-30,4437,50,SH688215,2,True
2022-10-10,2022-09-30,4437,50,SH688004,3,True
2022-10-10,2022-09-30,4437,50,SH600455,4,True
2022-10-10,2022-09-30,4437,50,SH600768,5,True
2022-10-10,2022-09-30,4437,50,SH688081,6,True
2022-10-10,2022-09-30,4437,50,SH603729,7,True
2022-10-10,2022-09-30,4437,50,SH603709,8,True
2022-10-10,2022-09-30,4437,50,SH688096,9,True
2022-10-10,2022-09-30,4437,50,SZ002719,10,True
2022-10-10,2022-09-30,4437,50,SZ300899,11,False
2022-10-10,2022-09-30,4437,50,SZ300478,12,False
2022-10-10,2022-09-30,4437,50,SZ300321,13,False
2022-10-10,2022-09-30,4437,50,SZ300417,14,False
2022-10-10,2022-09-30,4437,50,SZ300535,15,False
2022-10-10,2022-09-30,4437,50,SH688067,16,False
2022-10-10,2022-09-30,4437,50,SH688701,17,False
2022-10-10,2022-09-30,4437,50,SH688316,18,False
2022-10-10,2022-09-30,4437,50,SH603029,19,False
2022-10-10,2022-09-30,4437,50,SZ002633,20,False
2022-10-10,2022-09-30,4437,50,SH603269,21,False
2022-10-10,2022-09-30,4437,50,SZ300717,22,False
2022-10-10,2022-09-30,4437,50,SZ300555,23,False
2022-10-10,2022-09-30,4437,50,SH600137,24,False
2022-10-10,2022-09-30,4437,50,SH603860,25,False
2022-10-10,2022-09-30,4437,50,SZ300665,26,False
2022-10-10,2022-09-30,4437,50,SZ002652,27,False
2022-10-10,2022-09-30,4437,50,SZ300807,28,False
2022-10-10,2022-09-30,4437,50,SH603958,29,False
2022-10-10,2022-09-30,4437,50,SZ300836,30,False
2022-10-10,2022-09-30,4437,50,SZ300779,31,False
2022-10-10,2022-09-30,4437,50,SZ300169,32,False
2022-10-10,2022-09-30,4437,50,SH688092,33,False
2022-10-10,2022-09-30,4437,50,SH603499,34,False
2022-10-10,2022-09-30,4437,50,SH603389,35,False
2022-10-10,2022-09-30,4437,50,SH688379,36,False
2022-10-10,2022-09-30,4437,50,SZ002830,37,False
2022-10-10,2022-09-30,4437,50,SH688367,38,False
2022-10-10,2022-09-30,4437,50,SZ300594,39,False
2022-10-10,2022-09-30,4437,50,SZ000691,40,False
2022-10-10,2022-09-30,4437,50,SZ300626,41,False
2022-10-10,2022-09-30,4437,50,SH600493,42,False
2022-10-10,2022-09-30,4437,50,SZ000023,43,False
2022-10-10,2022-09-30,4437,50,SZ301024,44,False
2022-10-10,2022-09-30,4437,50,SH688500,45,False
2022-10-10,2022-09-30,4437,50,SH603725,46,False
2022-10-10,2022-09-30,4437,50,SH688681,47,False
2022-10-10,2022-09-30,4437,50,SZ002209,48,False
2022-10-10,2022-09-30,4437,50,SH600506,49,False
2022-10-10,2022-09-30,4437,50,SH600561,50,False
2022-11-01,2022-10-31,4467,50,SH688555,1,True
2022-11-01,2022-10-31,4467,50,SH603729,2,True
2022-11-01,2022-10-31,4467,50,SH603709,3,True
2022-11-01,2022-10-31,4467,50,SH600768,4,True
2022-11-01,2022-10-31,4467,50,SZ300478,5,True
2022-11-01,2022-10-31,4467,50,SH688215,6,True
2022-11-01,2022-10-31,4467,50,SZ002719,7,True
2022-11-01,2022-10-31,4467,50,SH600455,8,True
2022-11-01,2022-10-31,4467,50,SH688004,9,True
2022-11-01,2022-10-31,4467,50,SH688701,10,True
2022-11-01,2022-10-31,4467,50,SH688081,11,False
2022-11-01,2022-10-31,4467,50,SZ002856,12,False
2022-11-01,2022-10-31,4467,50,SH688096,13,False
2022-11-01,2022-10-31,4467,50,SZ300321,14,False
2022-11-01,2022-10-31,4467,50,SZ300535,15,False
2022-11-01,2022-10-31,4467,50,SH603958,16,False
2022-11-01,2022-10-31,4467,50,SZ300899,17,False
2022-11-01,2022-10-31,4467,50,SH600137,18,False
2022-11-01,2022-10-31,4467,50,SZ002652,19,False
2022-11-01,2022-10-31,4467,50,SH688379,20,False
2022-11-01,2022-10-31,4467,50,SH600561,21,False
2022-11-01,2022-10-31,4467,50,SH688067,22,False
2022-11-01,2022-10-31,4467,50,SH603269,23,False
2022-11-01,2022-10-31,4467,50,SH603860,24,False
2022-11-01,2022-10-31,4467,50,SZ002633,25,False
2022-11-01,2022-10-31,4467,50,SH600506,26,False
2022-11-01,2022-10-31,4467,50,SZ300417,27,False
2022-11-01,2022-10-31,4467,50,SZ000691,28,False
2022-11-01,2022-10-31,4467,50,SH603389,29,False
2022-11-01,2022-10-31,4467,50,SZ300594,30,False
2022-11-01,2022-10-31,4467,50,SH603725,31,False
2022-11-01,2022-10-31,4467,50,SH600493,32,False
2022-11-01,2022-10-31,4467,50,SH603499,33,False
2022-11-01,2022-10-31,4467,50,SH603286,34,False
2022-11-01,2022-10-31,4467,50,SZ300836,35,False
2022-11-01,2022-10-31,4467,50,SZ300169,36,False
2022-11-01,2022-10-31,4467,50,SH603316,37,False
2022-11-01,2022-10-31,4467,50,SZ300555,38,False
2022-11-01,2022-10-31,4467,50,SH603580,39,False
2022-11-01,2022-10-31,4467,50,SZ300912,40,False
2022-11-01,2022-10-31,4467,50,SZ300717,41,False
2022-11-01,2022-10-31,4467,50,SH688367,42,False
2022-11-01,2022-10-31,4467,50,SZ300626,43,False
2022-11-01,2022-10-31,4467,50,SH600250,44,False
2022-11-01,2022-10-31,4467,50,SZ001211,45,False
2022-11-01,2022-10-31,4467,50,SZ002193,46,False
2022-11-01,2022-10-31,4467,50,SH600539,47,False
2022-11-01,2022-10-31,4467,50,SZ300736,48,False
2022-11-01,2022-10-31,4467,50,SZ300210,49,False
2022-11-01,2022-10-31,4467,50,SZ000702,50,False
2022-12-01,2022-11-30,4506,50,SH688004,1,True
2022-12-01,2022-11-30,4506,50,SH688701,2,True
2022-12-01,2022-11-30,4506,50,SH688215,3,True
2022-12-01,2022-11-30,4506,50,SH603729,4,True
2022-12-01,2022-11-30,4506,50,SH600768,5,True
2022-12-01,2022-11-30,4506,50,SH603709,6,True
2022-12-01,2022-11-30,4506,50,SH600455,7,True
2022-12-01,2022-11-30,4506,50,SZ300478,8,True
2022-12-01,2022-11-30,4506,50,SZ002719,9,True
2022-12-01,2022-11-30,4506,50,SZ300899,10,True
2022-12-01,2022-11-30,4506,50,SH688067,11,False
2022-12-01,2022-11-30,4506,50,SZ300836,12,False
2022-12-01,2022-11-30,4506,50,SH688096,13,False
2022-12-01,2022-11-30,4506,50,SZ300535,14,False
2022-12-01,2022-11-30,4506,50,SZ300321,15,False
2022-12-01,2022-11-30,4506,50,SZ002856,16,False
2022-12-01,2022-11-30,4506,50,SH688379,17,False
2022-12-01,2022-11-30,4506,50,SZ300555,18,False
2022-12-01,2022-11-30,4506,50,SH688081,19,False
2022-12-01,2022-11-30,4506,50,SZ300417,20,False
2022-12-01,2022-11-30,4506,50,SH688681,21,False
2022-12-01,2022-11-30,4506,50,SH688367,22,False
2022-12-01,2022-11-30,4506,50,SZ002633,23,False
2022-12-01,2022-11-30,4506,50,SH600137,24,False
2022-12-01,2022-11-30,4506,50,SH603958,25,False
2022-12-01,2022-11-30,4506,50,SH688159,26,False
2022-12-01,2022-11-30,4506,50,SH688038,27,False
2022-12-01,2022-11-30,4506,50,SH688092,28,False
2022-12-01,2022-11-30,4506,50,SH688500,29,False
2022-12-01,2022-11-30,4506,50,SZ300807,30,False
2022-12-01,2022-11-30,4506,50,SH603286,31,False
2022-12-01,2022-11-30,4506,50,SH603269,32,False
2022-12-01,2022-11-30,4506,50,SH603389,33,False
2022-12-01,2022-11-30,4506,50,SZ300169,34,False
2022-12-01,2022-11-30,4506,50,SH688316,35,False
2022-12-01,2022-11-30,4506,50,SZ300626,36,False
2022-12-01,2022-11-30,4506,50,SZ300449,37,False
2022-12-01,2022-11-30,4506,50,SZ000691,38,False
2022-12-01,2022-11-30,4506,50,SH600539,39,False
2022-12-01,2022-11-30,4506,50,SZ300521,40,False
2022-12-01,2022-11-30,4506,50,SZ300665,41,False
2022-12-01,2022-11-30,4506,50,SZ002816,42,False
2022-12-01,2022-11-30,4506,50,SZ300717,43,False
2022-12-01,2022-11-30,4506,50,SZ300210,44,False
2022-12-01,2022-11-30,4506,50,SZ301024,45,False
2022-12-01,2022-11-30,4506,50,SZ002899,46,False
2022-12-01,2022-11-30,4506,50,SH600561,47,False
2022-12-01,2022-11-30,4506,50,SH688679,48,False
2022-12-01,2022-11-30,4506,50,SZ300789,49,False
2022-12-01,2022-11-30,4506,50,SH603725,50,False
2023-01-03,2022-12-30,4540,50,SH688701,1,True
2023-01-03,2022-12-30,4540,50,SH688004,2,True
2023-01-03,2022-12-30,4540,50,SZ300478,3,True
2023-01-03,2022-12-30,4540,50,SH688081,4,True
2023-01-03,2022-12-30,4540,50,SH603709,5,True
2023-01-03,2022-12-30,4540,50,SH600768,6,True
2023-01-03,2022-12-30,4540,50,SH688215,7,True
2023-01-03,2022-12-30,4540,50,SH603729,8,True
2023-01-03,2022-12-30,4540,50,SZ300899,9,True
2023-01-03,2022-12-30,4540,50,SZ002816,10,True
2023-01-03,2022-12-30,4540,50,SZ300555,11,False
2023-01-03,2022-12-30,4540,50,SH688067,12,False
2023-01-03,2022-12-30,4540,50,SZ300836,13,False
2023-01-03,2022-12-30,4540,50,SH688096,14,False
2023-01-03,2022-12-30,4540,50,SZ300321,15,False
2023-01-03,2022-12-30,4540,50,SZ300417,16,False
2023-01-03,2022-12-30,4540,50,SH688159,17,False
2023-01-03,2022-12-30,4540,50,SH688681,18,False
2023-01-03,2022-12-30,4540,50,SH688316,19,False
2023-01-03,2022-12-30,4540,50,SZ300535,20,False
2023-01-03,2022-12-30,4540,50,SZ300169,21,False
2023-01-03,2022-12-30,4540,50,SH603286,22,False
2023-01-03,2022-12-30,4540,50,SZ002652,23,False
2023-01-03,2022-12-30,4540,50,SZ002856,24,False
2023-01-03,2022-12-30,4540,50,SH603389,25,False
2023-01-03,2022-12-30,4540,50,SH688367,26,False
2023-01-03,2022-12-30,4540,50,SH688092,27,False
2023-01-03,2022-12-30,4540,50,SH600455,28,False
2023-01-03,2022-12-30,4540,50,SH688038,29,False
2023-01-03,2022-12-30,4540,50,SZ301024,30,False
2023-01-03,2022-12-30,4540,50,SZ300807,31,False
2023-01-03,2022-12-30,4540,50,SH603269,32,False
2023-01-03,2022-12-30,4540,50,SZ300665,33,False
2023-01-03,2022-12-30,4540,50,SH688565,34,False
2023-01-03,2022-12-30,4540,50,SZ300449,35,False
2023-01-03,2022-12-30,4540,50,SZ300626,36,False
2023-01-03,2022-12-30,4540,50,SZ300210,37,False
2023-01-03,2022-12-30,4540,50,SH688679,38,False
2023-01-03,2022-12-30,4540,50,SH600137,39,False
2023-01-03,2022-12-30,4540,50,SZ300742,40,False
2023-01-03,2022-12-30,4540,50,SH603958,41,False
2023-01-03,2022-12-30,4540,50,SZ300521,42,False
2023-01-03,2022-12-30,4540,50,SH688379,43,False
2023-01-03,2022-12-30,4540,50,SH603725,44,False
2023-01-03,2022-12-30,4540,50,SZ300717,45,False
2023-01-03,2022-12-30,4540,50,SZ300844,46,False
2023-01-03,2022-12-30,4540,50,SZ300995,47,False
2023-01-03,2022-12-30,4540,50,SZ300789,48,False
2023-01-03,2022-12-30,4540,50,SZ300163,49,False
2023-01-03,2022-12-30,4540,50,SZ300069,50,False
2023-02-01,2023-01-31,4578,50,SH688701,1,True
2023-02-01,2023-01-31,4578,50,SZ300478,2,True
2023-02-01,2023-01-31,4578,50,SH603729,3,True
2023-02-01,2023-01-31,4578,50,SH688004,4,True
2023-02-01,2023-01-31,4578,50,SH603709,5,True
2023-02-01,2023-01-31,4578,50,SH688215,6,True
2023-02-01,2023-01-31,4578,50,SH688096,7,True
2023-02-01,2023-01-31,4578,50,SH688067,8,True
2023-02-01,2023-01-31,4578,50,SZ300899,9,True
2023-02-01,2023-01-31,4578,50,SH688565,10,True
2023-02-01,2023-01-31,4578,50,SZ300417,11,False
2023-02-01,2023-01-31,4578,50,SZ002856,12,False
2023-02-01,2023-01-31,4578,50,SZ002816,13,False
2023-02-01,2023-01-31,4578,50,SZ300535,14,False
2023-02-01,2023-01-31,4578,50,SH600768,15,False
2023-02-01,2023-01-31,4578,50,SZ300321,16,False
2023-02-01,2023-01-31,4578,50,SZ002652,17,False
2023-02-01,2023-01-31,4578,50,SH603958,18,False
2023-02-01,2023-01-31,4578,50,SZ300836,19,False
2023-02-01,2023-01-31,4578,50,SH688367,20,False
2023-02-01,2023-01-31,4578,50,SZ301024,21,False
2023-02-01,2023-01-31,4578,50,SH603389,22,False
2023-02-01,2023-01-31,4578,50,SH688159,23,False
2023-02-01,2023-01-31,4578,50,SZ300665,24,False
2023-02-01,2023-01-31,4578,50,SH688038,25,False
2023-02-01,2023-01-31,4578,50,SH688316,26,False
2023-02-01,2023-01-31,4578,50,SH603286,27,False
2023-02-01,2023-01-31,4578,50,SZ002633,28,False
2023-02-01,2023-01-31,4578,50,SZ300169,29,False
2023-02-01,2023-01-31,4578,50,SZ300210,30,False
2023-02-01,2023-01-31,4578,50,SH600455,31,False
2023-02-01,2023-01-31,4578,50,SH600137,32,False
2023-02-01,2023-01-31,4578,50,SH688681,33,False
2023-02-01,2023-01-31,4578,50,SZ000702,34,False
2023-02-01,2023-01-31,4578,50,SZ300626,35,False
2023-02-01,2023-01-31,4578,50,SH688679,36,False
2023-02-01,2023-01-31,4578,50,SH600539,37,False
2023-02-01,2023-01-31,4578,50,SH688092,38,False
2023-02-01,2023-01-31,4578,50,SZ300163,39,False
2023-02-01,2023-01-31,4578,50,SH603269,40,False
2023-02-01,2023-01-31,4578,50,SH688081,41,False
2023-02-01,2023-01-31,4578,50,SZ300929,42,False
2023-02-01,2023-01-31,4578,50,SZ300449,43,False
2023-02-01,2023-01-31,4578,50,SZ300844,44,False
2023-02-01,2023-01-31,4578,50,SH603030,45,False
2023-02-01,2023-01-31,4578,50,SH603725,46,False
2023-02-01,2023-01-31,4578,50,SZ002899,47,False
2023-02-01,2023-01-31,4578,50,SH600493,48,False
2023-02-01,2023-01-31,4578,50,SH600561,49,False
2023-02-01,2023-01-31,4578,50,SZ300717,50,False
2023-03-01,2023-02-28,4598,50,SH688701,1,True
2023-03-01,2023-02-28,4598,50,SZ300478,2,True
2023-03-01,2023-02-28,4598,50,SH603729,3,True
2023-03-01,2023-02-28,4598,50,SH688215,4,True
2023-03-01,2023-02-28,4598,50,SH688096,5,True
2023-03-01,2023-02-28,4598,50,SH688565,6,True
2023-03-01,2023-02-28,4598,50,SZ002816,7,True
2023-03-01,2023-02-28,4598,50,SZ300899,8,True
2023-03-01,2023-02-28,4598,50,SZ002856,9,True
2023-03-01,2023-02-28,4598,50,SH688067,10,True
2023-03-01,2023-02-28,4598,50,SZ002652,11,False
2023-03-01,2023-02-28,4598,50,SH603709,12,False
2023-03-01,2023-02-28,4598,50,SZ300417,13,False
2023-03-01,2023-02-28,4598,50,SH600455,14,False
2023-03-01,2023-02-28,4598,50,SH600768,15,False
2023-03-01,2023-02-28,4598,50,SZ300321,16,False
2023-03-01,2023-02-28,4598,50,SZ300169,17,False
2023-03-01,2023-02-28,4598,50,SZ300535,18,False
2023-03-01,2023-02-28,4598,50,SH603030,19,False
2023-03-01,2023-02-28,4598,50,SZ300210,20,False
2023-03-01,2023-02-28,4598,50,SH603389,21,False
2023-03-01,2023-02-28,4598,50,SZ300665,22,False
2023-03-01,2023-02-28,4598,50,SH603286,23,False
2023-03-01,2023-02-28,4598,50,SH603958,24,False
2023-03-01,2023-02-28,4598,50,SZ300836,25,False
2023-03-01,2023-02-28,4598,50,SH688092,26,False
2023-03-01,2023-02-28,4598,50,SZ000023,27,False
2023-03-01,2023-02-28,4598,50,SZ300626,28,False
2023-03-01,2023-02-28,4598,50,SH603725,29,False
2023-03-01,2023-02-28,4598,50,SH688004,30,False
2023-03-01,2023-02-28,4598,50,SZ300163,31,False
2023-03-01,2023-02-28,4598,50,SH688038,32,False
2023-03-01,2023-02-28,4598,50,SH600539,33,False
2023-03-01,2023-02-28,4598,50,SZ000702,34,False
2023-03-01,2023-02-28,4598,50,SH688367,35,False
2023-03-01,2023-02-28,4598,50,SZ000691,36,False
2023-03-01,2023-02-28,4598,50,SZ300717,37,False
2023-03-01,2023-02-28,4598,50,SH600137,38,False
2023-03-01,2023-02-28,4598,50,SZ300929,39,False
2023-03-01,2023-02-28,4598,50,SZ301024,40,False
2023-03-01,2023-02-28,4598,50,SZ300069,41,False
2023-03-01,2023-02-28,4598,50,SZ002633,42,False
2023-03-01,2023-02-28,4598,50,SH603860,43,False
2023-03-01,2023-02-28,4598,50,SZ300995,44,False
2023-03-01,2023-02-28,4598,50,SH688679,45,False
2023-03-01,2023-02-28,4598,50,SZ001211,46,False
2023-03-01,2023-02-28,4598,50,SH600561,47,False
2023-03-01,2023-02-28,4598,50,SH603316,48,False
2023-03-01,2023-02-28,4598,50,SH688178,49,False
2023-03-01,2023-02-28,4598,50,SZ300405,50,False
2023-04-03,2023-03-31,4619,50,SH688701,1,True
2023-04-03,2023-03-31,4619,50,SZ300742,2,True
2023-04-03,2023-03-31,4619,50,SZ300478,3,True
2023-04-03,2023-03-31,4619,50,SH603030,4,True
2023-04-03,2023-03-31,4619,50,SZ002816,5,True
2023-04-03,2023-03-31,4619,50,SH688565,6,True
2023-04-03,2023-03-31,4619,50,SH603709,7,True
2023-04-03,2023-03-31,4619,50,SZ002652,8,True
2023-04-03,2023-03-31,4619,50,SH688215,9,True
2023-04-03,2023-03-31,4619,50,SZ002856,10,True
2023-04-03,2023-03-31,4619,50,SH603729,11,False
2023-04-03,2023-03-31,4619,50,SH603958,12,False
2023-04-03,2023-03-31,4619,50,SZ300899,13,False
2023-04-03,2023-03-31,4619,50,SH600768,14,False
2023-04-03,2023-03-31,4619,50,SH603389,15,False
2023-04-03,2023-03-31,4619,50,SH688067,16,False
2023-04-03,2023-03-31,4619,50,SH688096,17,False
2023-04-03,2023-03-31,4619,50,SZ000023,18,False
2023-04-03,2023-03-31,4619,50,SZ300169,19,False
2023-04-03,2023-03-31,4619,50,SZ300417,20,False
2023-04-03,2023-03-31,4619,50,SH603286,21,False
2023-04-03,2023-03-31,4619,50,SH688272,22,False
2023-04-03,2023-03-31,4619,50,SZ000691,23,False
2023-04-03,2023-03-31,4619,50,SH603725,24,False
2023-04-03,2023-03-31,4619,50,SZ000702,25,False
2023-04-03,2023-03-31,4619,50,SZ000609,26,False
2023-04-03,2023-03-31,4619,50,SZ300535,27,False
2023-04-03,2023-03-31,4619,50,SZ300321,28,False
2023-04-03,2023-03-31,4619,50,SH600137,29,False
2023-04-03,2023-03-31,4619,50,SZ300836,30,False
2023-04-03,2023-03-31,4619,50,SH600455,31,False
2023-04-03,2023-03-31,4619,50,SZ300210,32,False
2023-04-03,2023-03-31,4619,50,SZ300163,33,False
2023-04-03,2023-03-31,4619,50,SZ000692,34,False
2023-04-03,2023-03-31,4619,50,SH688081,35,False
2023-04-03,2023-03-31,4619,50,SZ300929,36,False
2023-04-03,2023-03-31,4619,50,SH600561,37,False
2023-04-03,2023-03-31,4619,50,SZ300665,38,False
2023-04-03,2023-03-31,4619,50,SZ300626,39,False
2023-04-03,2023-03-31,4619,50,SH688367,40,False
2023-04-03,2023-03-31,4619,50,SZ301024,41,False
2023-04-03,2023-03-31,4619,50,SH603316,42,False
2023-04-03,2023-03-31,4619,50,SH600493,43,False
2023-04-03,2023-03-31,4619,50,SZ300254,44,False
2023-04-03,2023-03-31,4619,50,SH600539,45,False
2023-04-03,2023-03-31,4619,50,SZ001211,46,False
2023-04-03,2023-03-31,4619,50,SZ300717,47,False
2023-04-03,2023-03-31,4619,50,SH603813,48,False
2023-04-03,2023-03-31,4619,50,SZ300854,49,False
2023-04-03,2023-03-31,4619,50,SZ300405,50,False
2023-05-04,2023-04-28,4645,50,SH688701,1,True
2023-05-04,2023-04-28,4645,50,SZ300478,2,True
2023-05-04,2023-04-28,4645,50,SH688565,3,True
2023-05-04,2023-04-28,4645,50,SH603709,4,True
2023-05-04,2023-04-28,4645,50,SZ300169,5,True
2023-05-04,2023-04-28,4645,50,SH603389,6,True
2023-05-04,2023-04-28,4645,50,SZ300417,7,True
2023-05-04,2023-04-28,4645,50,SZ002856,8,True
2023-05-04,2023-04-28,4645,50,SZ002652,9,True
2023-05-04,2023-04-28,4645,50,SH603729,10,True
2023-05-04,2023-04-28,4645,50,SH600455,11,False
2023-05-04,2023-04-28,4645,50,SH688215,12,False
2023-05-04,2023-04-28,4645,50,SH600768,13,False
2023-05-04,2023-04-28,4645,50,SZ000609,14,False
2023-05-04,2023-04-28,4645,50,SH603286,15,False
2023-05-04,2023-04-28,4645,50,SZ300535,16,False
2023-05-04,2023-04-28,4645,50,SZ000702,17,False
2023-05-04,2023-04-28,4645,50,SH688067,18,False
2023-05-04,2023-04-28,4645,50,SH603958,19,False
2023-05-04,2023-04-28,4645,50,SZ300321,20,False
2023-05-04,2023-04-28,4645,50,SZ000691,21,False
2023-05-04,2023-04-28,4645,50,SH688096,22,False
2023-05-04,2023-04-28,4645,50,SZ300899,23,False
2023-05-04,2023-04-28,4645,50,SZ300210,24,False
2023-05-04,2023-04-28,4645,50,SH603725,25,False
2023-05-04,2023-04-28,4645,50,SH600137,26,False
2023-05-04,2023-04-28,4645,50,SZ300736,27,False
2023-05-04,2023-04-28,4645,50,SH688367,28,False
2023-05-04,2023-04-28,4645,50,SZ300665,29,False
2023-05-04,2023-04-28,4645,50,SZ300405,30,False
2023-05-04,2023-04-28,4645,50,SH600539,31,False
2023-05-04,2023-04-28,4645,50,SH600615,32,False
2023-05-04,2023-04-28,4645,50,SH603316,33,False
2023-05-04,2023-04-28,4645,50,SH603813,34,False
2023-05-04,2023-04-28,4645,50,SZ300163,35,False
2023-05-04,2023-04-28,4645,50,SZ300626,36,False
2023-05-04,2023-04-28,4645,50,SZ300929,37,False
2023-05-04,2023-04-28,4645,50,SH600493,38,False
2023-05-04,2023-04-28,4645,50,SZ301024,39,False
2023-05-04,2023-04-28,4645,50,SZ300836,40,False
2023-05-04,2023-04-28,4645,50,SZ002633,41,False
2023-05-04,2023-04-28,4645,50,SH688092,42,False
2023-05-04,2023-04-28,4645,50,SZ300254,43,False
2023-05-04,2023-04-28,4645,50,SZ300995,44,False
2023-05-04,2023-04-28,4645,50,SZ002848,45,False
2023-05-04,2023-04-28,4645,50,SZ300717,46,False
2023-05-04,2023-04-28,4645,50,SH600355,47,False
2023-05-04,2023-04-28,4645,50,SZ001211,48,False
2023-05-04,2023-04-28,4645,50,SZ300097,49,False
2023-05-04,2023-04-28,4645,50,SZ300854,50,False
2023-06-01,2023-05-31,4674,50,SZ300478,1,True
2023-06-01,2023-05-31,4674,50,SH688701,2,True
2023-06-01,2023-05-31,4674,50,SH688565,3,True
2023-06-01,2023-05-31,4674,50,SZ002652,4,True
2023-06-01,2023-05-31,4674,50,SZ000691,5,True
2023-06-01,2023-05-31,4674,50,SZ300169,6,True
2023-06-01,2023-05-31,4674,50,SH603709,7,True
2023-06-01,2023-05-31,4674,50,SZ000702,8,True
2023-06-01,2023-05-31,4674,50,SZ002856,9,True
2023-06-01,2023-05-31,4674,50,SH603389,10,True
2023-06-01,2023-05-31,4674,50,SH603729,11,False
2023-06-01,2023-05-31,4674,50,SH600455,12,False
2023-06-01,2023-05-31,4674,50,SZ000609,13,False
2023-06-01,2023-05-31,4674,50,SZ300417,14,False
2023-06-01,2023-05-31,4674,50,SZ300321,15,False
2023-06-01,2023-05-31,4674,50,SZ300535,16,False
2023-06-01,2023-05-31,4674,50,SH600768,17,False
2023-06-01,2023-05-31,4674,50,SH600493,18,False
2023-06-01,2023-05-31,4674,50,SZ300210,19,False
2023-06-01,2023-05-31,4674,50,SH600137,20,False
2023-06-01,2023-05-31,4674,50,SH688096,21,False
2023-06-01,2023-05-31,4674,50,SH688215,22,False
2023-06-01,2023-05-31,4674,50,SH603286,23,False
2023-06-01,2023-05-31,4674,50,SH600539,24,False
2023-06-01,2023-05-31,4674,50,SZ300163,25,False
2023-06-01,2023-05-31,4674,50,SZ300899,26,False
2023-06-01,2023-05-31,4674,50,SH600561,27,False
2023-06-01,2023-05-31,4674,50,SZ300405,28,False
2023-06-01,2023-05-31,4674,50,SZ300175,29,False
2023-06-01,2023-05-31,4674,50,SH603813,30,False
2023-06-01,2023-05-31,4674,50,SH688067,31,False
2023-06-01,2023-05-31,4674,50,SZ300929,32,False
2023-06-01,2023-05-31,4674,50,SH603316,33,False
2023-06-01,2023-05-31,4674,50,SZ002719,34,False
2023-06-01,2023-05-31,4674,50,SH688367,35,False
2023-06-01,2023-05-31,4674,50,SZ301024,36,False
2023-06-01,2023-05-31,4674,50,SZ300254,37,False
2023-06-01,2023-05-31,4674,50,SH603536,38,False
2023-06-01,2023-05-31,4674,50,SZ002633,39,False
2023-06-01,2023-05-31,4674,50,SZ300665,40,False
2023-06-01,2023-05-31,4674,50,SZ300736,41,False
2023-06-01,2023-05-31,4674,50,SZ001211,42,False
2023-06-01,2023-05-31,4674,50,SZ002848,43,False
2023-06-01,2023-05-31,4674,50,SZ300069,44,False
2023-06-01,2023-05-31,4674,50,SH603725,45,False
2023-06-01,2023-05-31,4674,50,SZ300626,46,False
2023-06-01,2023-05-31,4674,50,SZ002629,47,False
2023-06-01,2023-05-31,4674,50,SZ300854,48,False
2023-06-01,2023-05-31,4674,50,SZ300995,49,False
2023-06-01,2023-05-31,4674,50,SH600615,50,False
