trade_date,symbol,side,requested_shares,filled_shares,price,gross_value,commission,tax,reason
2010-01-04,SH600553,buy,49400,49400,10.113643006324766,499613.96451244346,149.88418935373303,0.0,filled
2010-01-04,SH600607,buy,22000,22000,22.672666801452635,498798.66963195795,149.63960088958737,0.0,filled
2010-01-04,SH600631,buy,27800,27800,17.968496810913084,499524.21134338377,149.8572634030151,0.0,filled
2010-01-04,SZ000522,buy,37500,37500,13.326623933792114,499748.3975172043,149.92451925516127,0.0,filled
2010-01-04,SZ000527,buy,35600,35600,14.03522901725769,499654.15301437373,149.8962459043121,0.0,filled
2010-02-01,SH600553,sell,2200,2200,10.44136855316162,22971.010816955564,6.891303245086669,22.971010816955566,filled
2010-02-01,SH600607,sell,700,700,23.08685821723938,16160.800752067567,5.0,16.16080075206757,filled
2010-02-01,SH600631,sell,700,700,18.21937225341797,12753.560577392578,5.0,12.753560577392578,filled
2010-02-01,SH600263,buy,48500,48500,10.182816305160522,493866.5908002853,148.15997724008557,0.0,filled
2010-02-01,SZ000522,buy,5800,5800,11.41088125514984,66183.11127986907,19.85493338396072,0.0,filled
2010-02-01,SZ000527,buy,5800,5800,11.929313941955565,69190.02086334227,20.75700625900268,0.0,filled
2010-02-01,SZ000578,buy,21000,21000,23.469718168258666,492864.081533432,147.8592244600296,0.0,filled
2010-02-01,SZ002082,buy,35400,35400,13.944502127647398,493635.3753187179,148.09061259561537,0.0,filled
2010-03-01,SH600263,sell,48500,48500,10.890126651763916,528171.1426105499,158.45134278316496,528.17114261055,filled
2010-03-01,SH600553,sell,47200,47200,10.280198707580567,485225.37899780273,145.5676136993408,485.22537899780275,filled
2010-03-01,SZ000522,sell,2800,2800,12.27894849872589,34381.05579643249,10.314316738929746,34.38105579643249,filled
2010-03-01,SZ000527,sell,2700,2700,12.8712063331604,34752.25709953308,10.425677129859924,34.75225709953308,filled
2010-03-01,SH600369,buy,71800,71800,6.953332723617553,499249.2895557403,149.77478686672208,0.0,filled
2010-03-01,SH600991,buy,52700,52700,9.459902302742003,498536.8513545036,149.56105540635107,0.0,filled
2010-03-01,SZ000578,buy,1000,1000,22.655258205413816,22655.258205413815,6.7965774616241434,0.0,filled
2010-03-01,SZ000602,buy,44400,44400,11.243847131729124,499226.81264877314,149.76804379463192,0.0,filled
2010-03-01,SZ002082,buy,1000,1000,13.693819681167602,13693.819681167603,5.0,0.0,filled
2010-04-01,SZ000527,sell,38700,38700,13.63658017730713,527735.652861786,158.32069585853577,527.735652861786,filled
2010-04-01,SZ000602,sell,1300,1300,11.547492462158203,15011.740200805665,5.0,15.011740200805665,filled
2010-04-01,SZ002082,sell,100,100,13.684327677726746,1368.4327677726747,5.0,1.3684327677726746,filled
2010-04-01,SH600351,buy,53500,53500,9.307684960365295,497961.1453795433,149.388343613863,0.0,filled
2010-04-01,SH600369,buy,1600,1600,6.790754326343536,10865.206922149657,5.0,0.0,filled
2010-04-01,SH600545,buy,38300,38300,12.998828547477721,497855.1333683967,149.356540010519,0.0,filled
2010-04-01,SH600631,buy,400,400,18.117325223922727,7246.93008956909,5.0,0.0,filled
2010-04-01,SH600978,buy,75800,75800,6.572797959327697,498218.0853170394,149.4654255951118,0.0,filled
2010-04-01,SH600991,buy,400,400,9.391023983955382,3756.409593582153,5.0,0.0,filled
2010-04-01,SZ000522,buy,1900,1900,11.748948438644408,22323.002033424375,6.696900610027312,0.0,filled
2010-04-01,SZ000578,buy,200,200,22.448000831604002,4489.600166320801,5.0,0.0,filled
2010-04-01,SZ000791,buy,86700,86700,5.748943502426147,498433.4016603469,149.53002049810405,0.0,filled
2010-04-01,SZ002242,buy,46000,46000,10.83936266040802,498610.68237876886,149.58320471363064,0.0,filled
2010-05-04,SH600351,sell,53500,53500,8.835328305244445,472690.06433057785,141.80701929917333,472.69006433057785,filled
2010-05-04,SH600369,sell,73400,73400,6.589928190708161,483700.72919797903,145.1102187593937,483.70072919797906,filled
2010-05-04,SH600545,sell,38300,38300,10.636768698692322,407388.2411599159,122.21647234797477,407.38824115991594,filled
2010-05-04,SH600631,sell,27500,27500,14.46716489124298,397847.034509182,119.35411035275459,397.847034509182,filled
2010-05-04,SH600978,sell,75800,75800,5.978478275299072,453168.65326766967,135.95059598030087,453.1686532676697,filled
2010-05-04,SH600991,sell,53100,53100,10.367643218994141,550521.8549285888,165.15655647857665,550.5218549285888,filled
2010-05-04,SZ000522,sell,42400,42400,13.962890808105469,592026.5702636719,177.60797107910156,592.0265702636719,filled
2010-05-04,SZ000578,sell,22200,22200,18.04176226043701,400527.12218170165,120.15813665451049,400.52712218170166,filled
2010-05-04,SZ000602,sell,43100,43100,10.17221544456482,438422.4856607437,131.5267456982231,438.42248566074375,filled
2010-05-04,SZ000791,sell,86700,86700,4.681629697322846,405897.29475789075,121.76918842736721,405.89729475789073,filled
2010-05-04,SZ002082,sell,36300,36300,11.013127650260925,399776.5337044716,119.93296011134147,399.7765337044716,filled
2010-05-04,SZ002242,sell,46000,46000,10.41066522502899,478890.60035133356,143.66718010540006,478.89060035133355,filled
2010-05-04,SH600067,buy,74000,74000,4.678929626464844,346240.79235839844,103.87223770751952,0.0,filled
2010-05-04,SH600139,buy,33100,33100,10.465000520706175,346391.51723537437,103.9174551706123,0.0,filled
2010-05-04,SH600166,buy,81500,81500,4.248080239295959,346218.53950262064,103.86556185078618,0.0,filled
2010-05-04,SH600216,buy,20200,20200,17.1480723323822,346391.0611141204,103.91731833423611,0.0,filled
2010-05-04,SH600348,buy,25400,25400,13.592879226684568,345259.13235778804,103.5777397073364,0.0,filled
2010-05-04,SH600546,buy,31100,31100,11.118751725196837,345793.17865362164,103.73795359608648,0.0,filled
2010-05-04,SH600595,buy,31900,31900,10.836439589500426,345682.4229050636,103.70472687151907,0.0,filled
2010-05-04,SH600742,buy,66000,66000,5.247818698406219,346356.0340948104,103.90681022844312,0.0,filled
2010-05-04,SH600809,buy,25300,25300,13.645733160018919,345237.04894847865,103.57111468454359,0.0,filled
2010-05-04,SZ000338,buy,69300,69300,4.998984411716461,346429.61973195075,103.92888591958521,0.0,filled
2010-05-04,SZ000527,buy,30300,30300,11.41184542942047,345778.91651144024,103.73367495343206,0.0,filled
2010-05-04,SZ000567,buy,55300,55300,6.256336871147155,345975.4289744377,103.7926286923313,0.0,filled
2010-05-04,SZ000655,buy,17500,17500,19.776873434066772,346095.2850961685,103.82858552885055,0.0,filled
2010-05-04,SZ000671,buy,281500,281500,1.2309036556482313,346499.3790649771,103.94981371949312,0.0,filled
2010-05-04,SZ000718,buy,72800,72800,4.760055822372436,346532.0638687134,103.95961916061401,0.0,filled
2010-05-04,SZ000848,buy,73000,73000,4.7420014204978935,346166.1036963462,103.84983110890386,0.0,filled
2010-05-04,SZ000933,buy,27200,27200,12.707363438606261,345640.28553009033,103.69208565902709,0.0,filled
2010-05-04,SZ000961,buy,106800,106800,3.241875130176544,346232.26390285493,103.86967917085647,0.0,filled
2010-05-04,SZ002001,buy,54900,54900,6.305184230804443,346154.6142711639,103.84638428134916,0.0,filled
2010-05-04,SZ002007,buy,27300,27300,12.685837532043456,346323.36462478637,103.8970093874359,0.0,filled
2010-05-04,SZ002069,buy,20900,20900,16.511543571472167,345091.2606437683,103.52737819313047,0.0,filled
2010-05-04,SZ002081,buy,113200,113200,3.058692519664764,346243.9932260513,103.87319796781537,0.0,filled
2010-05-04,SZ002146,buy,139600,139600,2.4822525789737697,346522.4600247383,103.95673800742148,0.0,filled
2010-05-04,SZ002158,buy,52000,52000,6.6600132498741145,346320.688993454,103.89620669803618,0.0,filled
2010-05-04,SZ002208,buy,54900,54900,6.3111454052925104,346481.88275055884,103.94456482516765,0.0,filled
2010-05-04,SZ002250,buy,42900,38000,8.060544633865355,306300.6960868835,91.89020882606503,0.0,partial_volume_or_cash
2010-06-01,SH600067,sell,74000,74000,4.176826377868652,309085.1519622803,92.72554558868407,309.0851519622803,filled
2010-06-01,SH600166,sell,81500,81500,4.090983389854431,333415.14627313614,100.02454388194083,333.41514627313614,filled
2010-06-01,SH600348,sell,25400,25400,12.88426336956024,327260.2895868301,98.17808687604904,327.26028958683014,filled
2010-06-01,SH600546,sell,31100,31100,9.875232413291931,307119.72805337905,92.13591841601371,307.11972805337905,filled
2010-06-01,SH600742,sell,66000,66000,4.301540368080139,283901.6642932892,85.17049928798674,283.9016642932892,filled
2010-06-01,SZ000527,sell,30300,30300,10.733019207000732,325210.48197212216,97.56314459163664,325.2104819721222,filled
2010-06-01,SZ000567,sell,55300,55300,5.26879762172699,291364.50848150253,87.40935254445075,291.3645084815025,filled
2010-06-01,SZ000671,sell,281500,281500,1.217329749584198,342678.32450795174,102.8034973523855,342.67832450795174,filled
2010-06-01,SZ000718,sell,72800,72800,3.994776468515396,290819.72690792085,87.24591807237624,290.8197269079209,filled
2010-06-01,SZ000961,sell,106800,106800,2.729272399663925,291486.2922841072,87.44588768523215,291.4862922841072,filled
2010-06-01,SZ002146,sell,139600,139600,2.359953815460205,329449.55263824464,98.83486579147339,329.44955263824465,filled
2010-06-01,SH600139,buy,6700,6700,9.614933888435363,64420.05705251693,19.32601711575508,0.0,filled
2010-06-01,SH600216,buy,6400,6400,14.38899505805969,92089.56837158202,27.626870511474603,0.0,filled
2010-06-01,SH600499,buy,36400,36400,10.525093398094176,383113.399690628,114.93401990718839,0.0,filled
2010-06-01,SH600595,buy,2300,2300,11.17537166595459,25703.354831695557,7.711006449508666,0.0,filled
2010-06-01,SH600809,buy,4800,4800,12.705206933975218,60984.99328308104,18.29549798492431,0.0,filled
2010-06-01,SZ000338,buy,14000,14000,4.597259292602539,64361.63009643555,19.308489028930662,0.0,filled
2010-06-01,SZ000423,buy,12200,12200,31.30852944946289,381964.0592834472,114.58921778503415,0.0,filled
2010-06-01,SZ000536,buy,41100,41100,9.31631861591339,382900.69511404034,114.8702085342121,0.0,filled
2010-06-01,SZ000538,buy,12900,12900,29.556613344192503,381280.3121400833,114.38409364202498,0.0,filled
2010-06-01,SZ000655,buy,6700,6700,15.822051095008849,106007.74233655928,31.802322700967782,0.0,filled
2010-06-01,SZ000848,buy,3200,3200,5.0286437487602225,16091.659996032711,5.0,0.0,filled
2010-06-01,SZ000887,buy,62500,62500,6.123541435241698,382721.33970260614,114.81640191078183,0.0,filled
2010-06-01,SZ000933,buy,5800,5800,11.585948573112487,67198.50172405243,20.159550517215727,0.0,filled
2010-06-01,SZ002001,buy,17700,17700,5.277069931983947,93404.13779611586,28.021241338834756,0.0,filled
2010-06-01,SZ002007,buy,700,700,13.678510312080382,9574.957218456268,5.0,0.0,filled
2010-06-01,SZ002069,buy,5200,5200,14.646687337875365,76162.7741569519,22.848832247085568,0.0,filled
2010-06-01,SZ002081,buy,1100,1100,3.3503194379806516,3685.3513817787166,5.0,0.0,filled
2010-06-01,SZ002158,buy,1100,1100,7.210033144950866,7931.0364594459525,5.0,0.0,filled
2010-06-01,SZ002208,buy,16300,16300,5.379451874732971,87685.06555814743,26.305519667444226,0.0,filled
2010-06-01,SZ002213,buy,40200,40200,9.522229009628294,382793.6061870574,114.83808185611721,0.0,filled
2010-06-01,SZ002223,buy,33200,30800,11.540278215408325,355440.5690345764,106.63217071037292,0.0,partial_volume_or_cash
2010-06-01,SZ002250,buy,3400,100,9.240344547271727,924.0344547271727,5.0,0.0,partial_volume_or_cash
2010-07-01,SH600216,sell,26600,26600,11.747342765808105,312479.3175704956,93.74379527114867,312.4793175704956,filled
2010-07-01,SH600809,sell,3600,3600,12.880243841171264,46368.87782821655,13.910663348464965,46.368877828216554,filled
2010-07-01,SZ000338,sell,14400,14400,4.958591780662537,71403.72164154053,21.421116492462158,71.40372164154053,filled
2010-07-01,SZ000423,sell,500,500,28.993714765548706,14496.857382774353,5.0,14.496857382774353,filled
2010-07-01,SZ000536,sell,41100,41100,9.049339848518372,371927.8677741051,111.57836033223153,371.9278677741051,filled
2010-07-01,SZ000538,sell,900,900,28.464659465789794,25618.193519210814,7.6854580557632435,25.618193519210813,filled
2010-07-01,SZ000655,sell,24200,24200,12.388772418022155,299808.29251613613,89.94248775484083,299.80829251613613,filled
2010-07-01,SZ000848,sell,3000,3000,4.667518951892853,14002.556855678558,5.0,14.00255685567856,filled
2010-07-01,SZ002001,sell,72600,72600,4.374531154632568,317590.96182632446,95.27728854789733,317.5909618263245,filled
2010-07-01,SZ002007,sell,1900,1900,13.076090812683105,24844.5725440979,7.453371763229369,24.8445725440979,filled
2010-07-01,SZ002069,sell,6000,6000,16.995412044525146,101972.47226715088,30.59174168014526,101.97247226715088,filled
2010-07-01,SZ002081,sell,19300,19300,3.5968079073429107,69418.39261171817,20.825517783515448,69.41839261171818,filled
2010-07-01,SZ002208,sell,14800,14800,6.0596648411750795,89683.03964939118,26.904911894817353,89.68303964939119,filled
2010-07-01,SH600139,buy,4100,4100,7.789731469631194,31937.899025487895,9.581369707646369,0.0,filled
2010-07-01,SH600259,buy,13600,13600,25.077055864334103,341047.9597549438,102.31438792648312,0.0,filled
2010-07-01,SH600499,buy,400,400,9.300963424682616,3720.3853698730463,5.0,0.0,filled
2010-07-01,SH600595,buy,300,300,9.919569999694824,2975.870999908447,5.0,0.0,filled
2010-07-01,SH600794,buy,169900,169900,2.0159781403541563,342514.6860461712,102.75440581385135,0.0,filled
2010-07-01,SZ000527,buy,32700,32700,10.47002568244934,342369.8398160934,102.71095194482801,0.0,filled
2010-07-01,SZ000887,buy,400,400,5.445219538211822,2178.0878152847285,5.0,0.0,filled
2010-07-01,SZ000933,buy,1900,1900,9.795911308288574,18612.23148574829,5.583669445724486,0.0,filled
2010-07-01,SZ002050,buy,152900,152900,2.239523854255676,342423.1973156929,102.72695919470786,0.0,filled
2010-07-01,SZ002123,buy,16200,15500,21.133203155517577,327564.64891052246,98.26939467315673,0.0,partial_volume_or_cash
2010-07-01,SZ002158,buy,100,100,6.432225169181823,643.2225169181824,5.0,0.0,filled
2010-07-01,SZ002213,buy,1800,100,8.154774053573608,815.4774053573608,5.0,0.0,partial_volume_or_cash
2010-08-02,SH600139,sell,43900,43900,8.893956828117371,390444.7047543526,117.13341142630578,390.44470475435264,filled
2010-08-02,SH600259,sell,13600,13600,29.471565141677857,400813.28592681885,120.24398577804564,400.8132859268189,filled
2010-08-02,SH600499,sell,36800,36800,9.259066054344178,340733.63079986576,102.22008923995972,340.73363079986575,filled
2010-08-02,SH600595,sell,34500,34500,11.242080711364746,387851.78454208374,116.35553536262512,387.85178454208375,filled
2010-08-02,SH600794,sell,169900,169900,2.2254537169933317,378104.58651716704,113.4313759551501,378.10458651716704,filled
2010-08-02,SH600809,sell,26500,26500,15.268268617630005,404609.11836719513,121.38273551015853,404.60911836719515,filled
2010-08-02,SZ000338,sell,68900,68900,5.64384658241272,388861.02952823637,116.6583088584709,388.8610295282364,filled
2010-08-02,SZ000423,sell,11700,11700,33.604095726013185,393167.91999435425,117.95037599830627,393.16791999435424,filled
2010-08-02,SZ000538,sell,12000,12000,31.538947975158692,378467.3757019043,113.54021271057128,378.4673757019043,filled
2010-08-02,SZ000848,sell,73200,73200,5.304644688606262,388299.9912059784,116.4899973617935,388.2999912059784,filled
2010-08-02,SZ000887,sell,62900,62900,5.642441795825958,354909.58895745274,106.47287668723581,354.90958895745274,filled
2010-08-02,SZ000933,sell,34900,34900,11.732084944725036,409449.7645709038,122.83492937127113,409.4497645709038,filled
2010-08-02,SZ002007,sell,26100,26100,14.081035789489746,367515.0341056824,110.25451023170471,367.5150341056824,filled
2010-08-02,SZ002050,sell,152900,152900,2.4571246519088743,375694.3592768669,112.70830778306005,375.6943592768669,filled
2010-08-02,SZ002069,sell,20100,20100,19.859153102874757,399168.9773677826,119.75069321033477,399.16897736778265,filled
2010-08-02,SZ002081,sell,95000,95000,4.0341502690315245,383244.27555799484,114.97328266739844,383.24427555799485,filled
2010-08-02,SZ002123,sell,15500,15500,23.009842185974122,356652.5538825989,106.99576616477965,356.6525538825989,filled
2010-08-02,SZ002158,sell,53200,53200,8.027959487915039,427087.44475708005,128.126233427124,427.08744475708005,filled
2010-08-02,SZ002208,sell,56400,56400,7.616212204456329,429554.36833133694,128.86631049940107,429.55436833133695,filled
2010-08-02,SZ002213,sell,40300,40300,9.74379221534729,392674.8262784958,117.80244788354872,392.6748262784958,filled
2010-08-02,SZ002223,sell,30800,30800,10.162037529945373,312990.7559223175,93.89722677669525,312.99075592231753,filled
2010-08-02,SZ002250,sell,38100,38100,9.466066526412964,360657.13465633395,108.19714039690018,360.65713465633394,filled
2010-08-02,SH600230,buy,52300,52300,8.932309005737304,467159.761000061,140.1479283000183,0.0,filled
2010-08-02,SH600253,buy,55600,55600,8.399816557884215,467029.8006183623,140.1089401855087,0.0,filled
2010-08-02,SH600263,buy,38900,38900,12.00976903438568,467180.015437603,140.15400463128088,0.0,filled
2010-08-02,SH600287,buy,68300,68300,6.837666177749633,467012.59994029993,140.10377998208997,0.0,filled
2010-08-02,SH600351,buy,60400,60400,7.733845637798309,467124.27652301785,140.13728295690535,0.0,filled
2010-08-02,SH600415,buy,91800,91800,5.090381450176238,467297.01712617866,140.18910513785357,0.0,filled
2010-08-02,SH600900,buy,85900,85900,5.443224365711211,467572.97301459307,140.2718919043779,0.0,filled
2010-08-02,SH600978,buy,93100,93100,5.022862998962402,467628.5452033996,140.28856356101988,0.0,filled
2010-08-02,SH600991,buy,50000,50000,9.350212682723997,467510.6341361999,140.25319024085996,0.0,filled
2010-08-02,SZ000157,buy,94400,94400,4.950914119243621,467366.29285659787,140.20988785697935,0.0,filled
2010-08-02,SZ000522,buy,38100,38100,12.244425186157224,466512.59959259024,139.95377987777707,0.0,filled
2010-08-02,SZ000527,buy,4200,4200,12.674108972549437,53231.257684707634,15.969377305412289,0.0,filled
2010-08-02,SZ000627,buy,95100,95100,4.913796751022338,467302.0710222244,140.1906213066673,0.0,filled
2010-08-02,SZ000791,buy,98600,98600,4.741467306137085,467508.67638511653,140.25260291553494,0.0,filled
2010-08-02,SZ000930,buy,63200,63200,7.389507025718689,467016.84402542113,140.10505320762633,0.0,filled
2010-08-02,SZ002042,buy,119000,119000,3.9292325811386104,467578.67715549463,140.27360314664838,0.0,filled
2010-08-02,SZ002200,buy,22700,22700,20.51599988365173,465713.1973588943,139.71395920766827,0.0,filled
2010-08-02,SZ002221,buy,207900,207900,2.248781359195709,467521.6445767879,140.25649337303636,0.0,filled
2010-08-02,SZ002242,buy,52400,46200,8.916104195594787,411924.01383647916,123.57720415094374,0.0,partial_volume_or_cash
2010-09-01,SH600230,sell,1600,1600,9.784747770309448,15655.596432495116,5.0,15.655596432495116,filled
2010-09-01,SH600253,sell,4100,4100,9.625467169761658,39464.4153960228,11.839324618806838,39.4644153960228,filled
2010-09-01,SH600287,sell,68300,68300,7.493393175601959,511798.7538936138,153.53962616808414,511.7987538936138,filled
2010-09-01,SH600351,sell,1500,1500,8.414160996437072,12621.24149465561,5.0,12.62124149465561,filled
2010-09-01,SH600415,sell,5100,5100,5.71687881231308,29156.08194279671,8.746824582839013,29.15608194279671,filled
2010-09-01,SH600978,sell,3200,3200,5.514003620624543,17644.811585998537,5.2934434757995605,17.64481158599854,filled
2010-09-01,SZ000157,sell,13000,13000,6.0941390376091,79223.8074889183,23.76714224667549,79.22380748891831,filled
2010-09-01,SZ000522,sell,3700,3700,14.39509443283081,53261.849401474,15.978554820442199,53.261849401474,filled
2010-09-01,SZ000527,sell,1100,1100,13.849392245292664,15234.331469821931,5.0,15.234331469821932,filled
2010-09-01,SZ000627,sell,5800,5800,5.5496682415008545,32188.075800704955,9.656422740211486,32.18807580070496,filled
2010-09-01,SZ000791,sell,98600,98600,5.087772125244141,501654.3315490723,150.4962994647217,501.6543315490723,filled
2010-09-01,SZ000930,sell,1100,1100,7.983063004016876,8781.369304418564,5.0,8.781369304418565,filled
2010-09-01,SZ002042,sell,4800,4800,4.343538199424744,20848.983357238772,6.254695007171631,20.848983357238772,filled
2010-09-01,SZ002200,sell,22700,22700,33.426055103302005,758771.4508449555,227.63143525348664,758.7714508449556,filled
2010-09-01,SZ002221,sell,207900,207900,2.5171427178382872,523313.97103857994,156.99419131157396,523.31397103858,filled
2010-09-01,SH600545,buy,43300,43300,11.469341718673705,496622.49641857145,148.98674892557142,0.0,filled
2010-09-01,SH600553,buy,44800,44800,11.08014275074005,496390.39523315424,148.91711856994627,0.0,filled
2010-09-01,SH600863,buy,178900,178900,2.777477490186691,496890.722994399,149.06721689831969,0.0,filled
2010-09-01,SH600900,buy,9300,9300,5.218635720729828,48533.3122027874,14.559993660836218,0.0,filled
2010-09-01,SH600991,buy,1600,1600,9.620937543869017,15393.500070190426,5.0,0.0,filled
2010-09-01,SZ000578,buy,19600,19600,25.273342653274533,495357.5160041808,148.60725480125424,0.0,filled
2010-09-01,SZ000960,buy,26200,26200,18.96864528274536,496978.5064079284,149.0935519223785,0.0,filled
2010-09-01,SZ002077,buy,55200,7700,8.9920419883728,69238.72331047057,20.77161699314117,0.0,partial_volume_or_cash
2010-10-08,SH600553,sell,2300,2300,12.227119543075561,28122.37494907379,8.436712484722136,28.12237494907379,filled
2010-10-08,SH600978,sell,5900,5900,6.182496255397797,36476.727906847,10.9430183720541,36.476727906847,filled
2010-10-08,SH600991,sell,7700,7700,11.840161574363709,91169.24412260056,27.350773236780167,91.16924412260056,filled
2010-10-08,SZ000522,sell,1400,1400,15.725069583892822,22015.09741744995,6.604529225234985,22.01509741744995,filled
2010-10-08,SZ000578,sell,1700,1700,29.020118465423582,49334.20139122009,14.800260417366026,49.33420139122009,filled
2010-10-08,SZ000960,sell,8100,8100,28.7074469833374,232530.32056503295,69.75909616950987,232.53032056503295,filled
2010-10-08,SH600230,buy,3300,3300,9.635374382972715,31796.73546380996,9.539020639142988,0.0,filled
2010-10-08,SH600253,buy,1300,1300,9.861915242195128,12820.489814853667,5.0,0.0,filled
2010-10-08,SH600351,buy,3600,3600,8.324112648963927,29966.805536270138,8.99004166088104,0.0,filled
2010-10-08,SH600415,buy,1300,1300,5.91883530473709,7694.485896158218,5.0,0.0,filled
2010-10-08,SH600545,buy,4900,4900,10.794724255561828,52894.148852252954,15.868244655675884,0.0,filled
2010-10-08,SH600863,buy,21200,21200,2.6026762747764582,55176.73702526092,16.553021107578274,0.0,filled
2010-10-08,SH600900,buy,7300,7300,5.079734006881713,37082.05825023651,11.12461747507095,0.0,filled
2010-10-08,SZ000157,buy,6500,6500,5.919988018035888,38479.92211723328,11.543976635169981,0.0,filled
2010-10-08,SZ000527,buy,900,900,14.18034106349945,12762.306957149505,5.0,0.0,filled
2010-10-08,SZ000627,buy,10900,10900,5.194040207862853,56615.0382657051,16.98451147971153,0.0,filled
2010-10-08,SZ000930,buy,3600,3600,7.921273001670836,28516.58280601501,8.554974841804501,0.0,filled
2010-10-08,SZ002042,buy,8900,8900,4.229730857372283,37644.60463061332,11.293381389183995,0.0,filled
2010-10-08,SZ002077,buy,46600,6000,9.578810765266418,57472.86459159851,17.241859377479553,0.0,partial_volume_or_cash
2010-11-01,SH600230,sell,54000,54000,10.48831957912445,566369.2572727203,169.9107771818161,566.3692572727203,filled
2010-11-01,SH600253,sell,6300,6300,10.599894598960876,66779.33597345352,20.033800792036054,66.77933597345353,filled
2010-11-01,SH600351,sell,6900,6900,8.868724021911621,61194.195751190186,18.358258725357054,61.194195751190186,filled
2010-11-01,SH600415,sell,2400,2400,5.769873898029328,13847.697355270388,5.0,13.847697355270387,filled
2010-11-01,SH600545,sell,2500,2500,10.799525776863097,26998.814442157745,8.099644332647323,26.998814442157745,filled
2010-11-01,SH600553,sell,2900,2900,12.4470732049942,36096.51229448318,10.828953688344953,36.09651229448318,filled
2010-11-01,SH600863,sell,24800,24800,2.8163467791080476,69845.40012187957,20.95362003656387,69.84540012187958,filled
2010-11-01,SH600900,sell,11400,11400,5.419018801689148,61776.81433925629,18.533044301776886,61.77681433925629,filled
2010-11-01,SH600978,sell,400,400,5.907736385822296,2363.094554328918,5.0,2.363094554328918,filled
2010-11-01,SZ000157,sell,28100,28100,8.249431786537171,231809.0332016945,69.54270996050835,231.8090332016945,filled
2010-11-01,SZ000522,sell,6300,6300,18.47335042762756,116382.10769405364,34.91463230821609,116.38210769405364,filled
2010-11-01,SZ000527,sell,36700,36700,16.360873420715333,600444.0545402527,180.13321636207579,600.4440545402526,filled
2010-11-01,SZ000578,sell,2300,2300,31.60649586868286,72694.94049797057,21.80848214939117,72.69494049797058,filled
2010-11-01,SZ000627,sell,22300,22300,6.3395674967765805,141372.35517811775,42.41170655343532,141.37235517811774,filled
2010-11-01,SZ000930,sell,7500,7500,8.484982438087464,63637.368285655975,19.09121048569679,63.637368285655974,filled
2010-11-01,SZ000960,sell,4000,4000,34.80833080673218,139233.3232269287,41.76999696807861,139.23332322692872,filled
2010-11-01,SZ002042,sell,19600,19600,4.767939518451691,93451.61456165314,28.03548436849594,93.45161456165314,filled
2010-11-01,SZ002077,sell,13700,13700,10.613022136688233,145398.40327262878,43.61952098178863,145.3984032726288,filled
2010-11-01,SH600452,buy,118400,118400,4.177354715347289,494598.79829711904,148.37963948913568,0.0,filled
2010-11-01,SZ000677,buy,68600,68600,7.207734878063201,494450.6126351356,148.33518379054067,0.0,filled
2010-11-01,SZ002200,buy,13100,13100,37.53475830841064,491705.3338401794,147.5116001520538,0.0,filled
2010-11-01,SZ002221,buy,176500,176500,2.8036338198184962,494841.3691979646,148.45241075938938,0.0,filled
2010-11-01,SZ002242,buy,2600,2600,10.135396114349364,26352.029897308345,7.905608969192502,0.0,filled
2010-11-01,SZ002293,buy,53100,53100,9.317253196716308,494746.144745636,148.42384342369078,0.0,filled
2010-12-01,SH600253,sell,46500,46500,11.027419412612915,512775.00268650055,153.83250080595016,512.7750026865006,filled
2010-12-01,SH600415,sell,11100,11100,7.894435213565826,87628.23087058066,26.288469261174196,87.62823087058067,filled
2010-12-01,SH600452,sell,118400,118400,3.911481055498123,463119.3569709778,138.93580709129333,463.1193569709778,filled
2010-12-01,SZ002293,sell,53100,53100,9.968609516143799,529333.1653072357,158.7999495921707,529.3331653072357,filled
2010-12-01,SH600351,buy,900,900,10.41569303035736,9374.123727321625,5.0,0.0,filled
2010-12-01,SH600545,buy,16100,16100,9.529731431007384,153428.6760392189,46.028602811765666,0.0,filled
2010-12-01,SH600553,buy,5400,5400,13.09342358970642,70704.48738441466,21.211346215324397,0.0,filled
2010-12-01,SH600863,buy,17900,17900,3.050791541099548,54609.16858568191,16.38275057570457,0.0,filled
2010-12-01,SH600900,buy,26400,26400,5.013492847919464,132356.21118507386,39.70686335552215,0.0,filled
2010-12-01,SH600978,buy,19700,19700,5.702160525798797,112332.56235823629,33.69976870747088,0.0,filled
2010-12-01,SZ000157,buy,15100,15100,7.865811979293823,118773.76088733673,35.632128266201015,0.0,filled
2010-12-01,SZ000522,buy,5200,5200,18.45196433830261,95950.21455917358,28.78506436775207,0.0,filled
2010-12-01,SZ000527,buy,39600,39600,14.878333547592161,589182.0084846496,176.75460254539487,0.0,filled
2010-12-01,SZ000578,buy,7700,7700,25.242977846145628,194370.92941532133,58.31127882459639,0.0,filled
2010-12-01,SZ000627,buy,31300,12700,5.3967549843788145,68538.78830161094,20.56163649048328,0.0,partial_volume_or_cash
2011-01-04,SH600263,sell,38900,38900,13.428984254837037,522387.48751316074,156.7162462539482,522.3874875131607,filled
2011-01-04,SH600351,sell,5100,5100,8.832730236053466,45046.92420387268,13.514077261161804,45.046924203872685,filled
2011-01-04,SH600415,sell,16000,16000,7.764122084140777,124225.95334625244,37.26778600387573,124.22595334625244,filled
2011-01-04,SH600545,sell,9700,9700,8.70932909488678,84480.49222040176,25.344147666120527,84.48049222040177,filled
2011-01-04,SH600553,sell,9200,9200,12.68771900653839,116727.0148601532,35.018104458045954,116.7270148601532,filled
2011-01-04,SH600863,sell,43900,43900,3.0415075356960295,133522.1808170557,40.056654245116704,133.5221808170557,filled
2011-01-04,SH600900,sell,26700,26700,4.997236511707306,133426.21486258507,40.02786445877552,133.42621486258508,filled
2011-01-04,SH600978,sell,16000,16000,5.197489816188813,83159.837059021,24.947951117706296,83.159837059021,filled
2011-01-04,SZ000157,sell,16400,16400,7.75162762928009,127126.69312019348,38.13800793605804,127.12669312019348,filled
2011-01-04,SZ000522,sell,5300,5300,17.07438686943054,90494.25040798186,27.148275122394555,90.49425040798187,filled
2011-01-04,SZ000527,sell,11300,11300,16.040044744491578,181252.50561275482,54.37575168382644,181.25250561275482,filled
2011-01-04,SZ000578,sell,6400,6400,26.72207243728638,171021.26359863282,51.306379079589846,171.02126359863283,filled
2011-01-04,SZ000930,sell,1600,1600,8.01258257675171,12820.132122802735,5.0,12.820132122802736,filled
2011-01-04,SZ002042,sell,21200,21200,5.518800092697144,116998.56196517946,35.09956858955383,116.99856196517946,filled
2011-01-04,SZ002221,sell,7900,7900,2.6934258091449736,21278.063892245293,6.383419167673587,21.278063892245292,filled
2011-01-04,SH600253,buy,45700,45700,9.944121122360228,454446.33529186243,136.33390058755873,0.0,filled
2011-01-04,SH600452,buy,125500,125500,3.625835577011108,455042.36491489405,136.5127094744682,0.0,filled
2011-01-04,SH600631,buy,29300,29300,15.51558114337921,454606.52750101086,136.38195825030326,0.0,filled
2011-01-04,SH601318,buy,19800,19800,22.95495602607727,454508.12931632996,136.35243879489897,0.0,filled
2011-01-04,SZ000627,buy,2700,2700,4.87525269126892,13163.182266426084,5.0,0.0,filled
2011-01-04,SZ000677,buy,17500,17500,5.2857398633956905,92500.44760942458,27.75013428282737,0.0,filled
2011-01-04,SZ000960,buy,1100,1100,29.93443028259277,32927.87331085205,9.878361993255613,0.0,filled
2011-01-04,SZ002200,buy,3100,100,28.01808141517639,2801.808141517639,5.0,0.0,partial_volume_or_cash
2011-01-04,SZ002242,buy,300,100,9.259273865699766,925.9273865699766,5.0,0.0,partial_volume_or_cash
2011-02-01,SH600253,sell,45700,45700,9.146728857994079,418005.5088103294,125.40165264309881,418.00550881032945,filled
2011-02-01,SH600351,sell,51400,51400,7.736471272945404,397654.62342939375,119.29638702881812,397.6546234293938,filled
2011-02-01,SH600415,sell,5500,5500,7.069883126735688,38884.35719704628,11.665307159113883,38.88435719704628,filled
2011-02-01,SH600452,sell,125500,125500,3.195225438594818,401000.7925436497,120.3002377630949,401.0007925436497,filled
2011-02-01,SH600545,sell,8300,8300,8.555826745033265,71013.36198377609,21.304008595132824,71.0133619837761,filled
2011-02-01,SH600553,sell,9400,9400,14.185799809455872,133346.5182088852,40.00395546266555,133.3465182088852,filled
2011-02-01,SH600631,sell,29300,29300,14.554957145690919,426460.2443687439,127.93807331062317,426.46024436874393,filled
2011-02-01,SH600863,sell,149300,149300,3.3553789694309235,500958.0801360369,150.28742404081106,500.9580801360369,filled
2011-02-01,SH600900,sell,18200,18200,5.161103033065796,93932.07520179749,28.179622560539244,93.93207520179749,filled
2011-02-01,SH600978,sell,87300,87300,5.079938856124878,443478.66213970183,133.04359864191053,443.47866213970184,filled
2011-02-01,SH601318,sell,1200,1200,20.060506799697876,24072.60815963745,7.2217824478912345,24.07260815963745,filled
2011-02-01,SZ000157,sell,9200,9200,7.593088245391845,69856.41185760498,20.956923557281492,69.85641185760498,filled
2011-02-01,SZ000522,sell,2500,2500,15.514713629722594,38786.78407430649,11.636035222291945,38.78678407430649,filled
2011-02-01,SZ000527,sell,3500,3500,15.05939509677887,52707.882838726044,15.812364851617811,52.70788283872604,filled
2011-02-01,SZ000578,sell,1500,1500,24.275293378829957,36412.940068244934,10.92388202047348,36.412940068244936,filled
2011-02-01,SZ000627,sell,93300,93300,4.614999750137329,430579.4766878128,129.17384300634384,430.5794766878128,filled
2011-02-01,SZ000677,sell,86100,86100,5.265349725723267,453346.6113847733,136.00398341543197,453.34661138477327,filled
2011-02-01,SZ000930,sell,56600,56600,7.887314103126526,446421.97823696135,133.92659347108838,446.42197823696137,filled
2011-02-01,SZ000960,sell,15200,15200,31.39232236289978,477163.29991607665,143.148989974823,477.16329991607665,filled
2011-02-01,SZ002042,sell,7000,7000,4.972110886573791,34804.77620601654,10.44143286180496,34.80477620601654,filled
2011-02-01,SZ002200,sell,13200,13200,23.626113344192504,311864.6961433411,93.55940884300232,311.86469614334106,filled
2011-02-01,SZ002221,sell,168600,168600,2.5264462730884554,425958.8416427136,127.78765249281406,425.9588416427136,filled
2011-02-01,SZ002242,sell,9200,9200,9.423911496162415,86699.98576469421,26.00999572940826,86.69998576469422,filled
2011-02-01,SH600298,buy,28500,28500,13.15798317146301,375002.5203866958,112.50075611600873,0.0,filled
2011-02-01,SH600406,buy,30900,30900,12.139943061828612,375124.2406105041,112.53727218315123,0.0,filled
2011-02-01,SH600420,buy,44700,44700,8.39855358505249,375415.3452518463,112.62460357555388,0.0,filled
2011-02-01,SH600527,buy,177600,177600,2.114457325220108,375527.6209590912,112.65828628772734,0.0,filled
2011-02-01,SH600710,buy,46700,46700,8.039565729141234,375447.7195508956,112.63431586526868,0.0,filled
2011-02-01,SH600873,buy,43300,43300,8.658149393081665,374897.86872043606,112.46936061613081,0.0,filled
2011-02-01,SZ000788,buy,39400,39400,9.511366297721862,374747.8321302414,112.4243496390724,0.0,filled
2011-02-01,SZ002014,buy,73000,73000,5.138141011238098,375084.2938203811,112.52528814611432,0.0,filled
2011-02-01,SZ002043,buy,120200,120200,3.122133993387222,375280.5060051441,112.58415180154321,0.0,filled
2011-02-01,SZ002056,buy,51800,51800,7.238231423854827,374940.38775568,112.48211632670399,0.0,filled
2011-02-01,SZ002171,buy,48900,48900,7.6775483613014215,375432.1148676395,112.62963446029184,0.0,filled
2011-02-01,SZ002230,buy,53300,53300,7.036797758102416,375061.3205068588,112.51839615205763,0.0,filled
2011-02-01,SZ002249,buy,47500,47500,7.902781857490539,375382.1382308006,112.61464146924018,0.0,filled
2011-02-01,SZ002250,buy,33700,33700,11.1319780960083,375147.6618354797,112.5442985506439,0.0,filled
2011-02-01,SZ002283,buy,48700,48700,7.698711509227752,374927.2504993915,112.47817514981745,0.0,filled
2011-02-01,SZ002293,buy,43100,20300,8.70189617538452,176648.49236030577,52.99454770809172,0.0,partial_volume_or_cash
2011-03-01,SH600415,sell,53000,53000,7.074370917320252,374941.6586179733,112.48249758539198,374.94165861797336,filled
2011-03-01,SH600420,sell,44700,44700,8.358582132339478,373628.6213155747,112.08858639467239,373.62862131557466,filled
2011-03-01,SH600527,sell,177600,177600,2.3470199182033538,416830.7374729156,125.04922124187468,416.83073747291564,filled
2011-03-01,SH600545,sell,43800,43800,10.028441325187684,439245.73004322057,131.77371901296615,439.2457300432206,filled
2011-03-01,SH600873,sell,43300,43300,10.03624029636383,434569.20483255386,130.37076144976615,434.56920483255385,filled
2011-03-01,SH600900,sell,72600,72600,5.115441990852356,371381.0885358811,111.41432656076431,371.3810885358811,filled
2011-03-01,SH601318,sell,18600,18600,20.064550146102906,373200.63271751406,111.96018981525421,373.20063271751405,filled
2011-03-01,SZ000522,sell,24100,24100,17.907739236831667,431576.5156076432,129.47295468229294,431.57651560764316,filled
2011-03-01,SZ000527,sell,1100,1100,18.285668272018434,20114.235099220277,6.034270529766083,20.114235099220277,filled
2011-03-01,SZ000788,sell,39400,39400,10.906896440505982,429731.71975593566,128.9195159267807,429.73171975593567,filled
2011-03-01,SZ002042,sell,75300,75300,5.513339574337006,415154.4699475765,124.54634098427294,415.15446994757656,filled
2011-03-01,SZ002043,sell,120200,120200,3.1693657422065735,380957.76221323013,114.28732866396903,380.9577622132301,filled
2011-03-01,SZ002056,sell,4300,4300,9.119775438308716,39215.03438472748,11.764510315418242,39.21503438472748,filled
2011-03-01,SZ002242,sell,39700,39700,10.4391610994339,414434.69564752583,124.33040869425774,414.43469564752587,filled
2011-03-01,SH600066,buy,72900,72900,5.962840313911437,434691.0588841438,130.4073176652431,0.0,filled
2011-03-01,SH600139,buy,31100,31100,13.951551100730894,433893.2392327308,130.16797176981925,0.0,filled
2011-03-01,SH600160,buy,52900,52900,8.206184589385986,434107.16477851867,130.23214943355558,0.0,filled
2011-03-01,SH600298,buy,4100,4100,13.300389801979064,54531.59818811416,16.359479456434247,0.0,filled
2011-03-01,SH600403,buy,28300,28300,15.322704285621642,433632.53128309245,130.08975938492773,0.0,filled
2011-03-01,SH600406,buy,2700,2700,12.922895527839659,34891.81792516708,10.467545377550124,0.0,filled
2011-03-01,SH600503,buy,50200,50200,8.644283421516418,433943.0277601242,130.18290832803726,0.0,filled
2011-03-01,SH600547,buy,17900,17900,24.267076925277706,434380.6769624709,130.31420308874127,0.0,filled
2011-03-01,SH600710,buy,800,800,9.142680376052855,7314.144300842284,5.0,0.0,filled
2011-03-01,SZ000157,buy,2800,2800,8.331704805374144,23328.773455047605,6.998632036514281,0.0,filled
2011-03-01,SZ002014,buy,7700,7700,5.3845949330329885,41461.380984354015,12.438414295306204,0.0,filled
2011-03-01,SZ002037,buy,28200,28200,15.390334905624387,434007.4443386077,130.2022333015823,0.0,filled
2011-03-01,SZ002126,buy,68100,68100,6.381985484600066,434613.2115012645,130.38396345037933,0.0,filled
2011-03-01,SZ002170,buy,58700,58700,7.395504476070403,434116.1127453327,130.2348338235998,0.0,filled
2011-03-01,SZ002171,buy,7200,7200,7.74495750761032,55763.69405479431,16.72910821643829,0.0,filled
2011-03-01,SZ002226,buy,79800,79800,5.4420549464225765,434275.9847245216,130.28279541735645,0.0,filled
2011-03-01,SZ002230,buy,3200,3200,7.6912868900299065,24612.1180480957,7.38363541442871,0.0,filled
2011-03-01,SZ002249,buy,1900,1900,8.78314933681488,16687.98373994827,5.006395121984481,0.0,filled
2011-03-01,SZ002250,buy,2100,2100,12.135589003562925,25484.736907482144,7.645421072244642,0.0,filled
2011-03-01,SZ002283,buy,3800,3800,8.277028487205504,31452.708251380915,9.435812475414274,0.0,filled
2011-03-01,SZ002293,buy,27400,27400,9.09494420337677,249201.47117252348,74.76044135175704,0.0,filled
2011-03-01,SZ300008,buy,77000,100,5.642606058597564,564.2606058597564,5.0,0.0,partial_volume_or_cash
2011-04-01,SH600066,sell,2300,2300,5.422710594177246,12472.234366607667,5.0,12.472234366607667,filled
2011-04-01,SH600160,sell,12000,12000,9.355844369888306,112270.13243865967,33.6810397315979,112.27013243865967,filled
2011-04-01,SH600298,sell,32600,32600,12.446576837539673,405758.40490379336,121.72752147113799,405.75840490379335,filled
2011-04-01,SH600403,sell,2200,2200,14.66780214214325,32269.164712715152,9.680749413814544,32.26916471271515,filled
2011-04-01,SH600406,sell,400,400,11.529946206092834,4611.978482437134,5.0,4.6119784824371335,filled
2011-04-01,SH600503,sell,7500,7500,8.96173718547821,67213.02889108658,20.163908667325973,67.21302889108658,filled
2011-04-01,SH600547,sell,17900,17900,26.04348953819275,466178.4627336502,139.85353882009505,466.1784627336502,filled
2011-04-01,SH600710,sell,47500,47500,8.82996925163269,419423.5394525528,125.82706183576583,419.4235394525528,filled
2011-04-01,SH600991,sell,43900,43900,15.40488971042633,676274.6582877159,202.88239748631474,676.2746582877159,filled
2011-04-01,SZ000157,sell,6800,6800,8.440949595451356,57398.457249069215,17.219537174720763,57.39845724906922,filled
2011-04-01,SZ000527,sell,23700,23700,17.14008648490906,406220.0496923447,121.86601490770339,406.2200496923447,filled
2011-04-01,SZ002014,sell,80700,80700,4.970784699440002,401142.32524480816,120.34269757344244,401.14232524480815,filled
2011-04-01,SZ002037,sell,700,700,13.916331350326539,9741.431945228578,5.0,9.741431945228578,filled
2011-04-01,SZ002056,sell,2400,2400,8.48580558872223,20365.93341293335,6.109780023880004,20.36593341293335,filled
2011-04-01,SZ002126,sell,68100,68100,5.426070839881897,369515.42419595714,110.85462725878713,369.51542419595717,filled
2011-04-01,SZ002170,sell,58700,58700,6.550825677394867,384533.46726307867,115.36004017892358,384.53346726307865,filled
2011-04-01,SZ002171,sell,56100,56100,10.561719082832337,592512.4405468941,177.75373216406823,592.5124405468941,filled
2011-04-01,SZ002226,sell,79800,79800,5.553743027687073,443188.6936094284,132.95660808282852,443.1886936094284,filled
2011-04-01,SZ002230,sell,56500,56500,7.47219514131546,422179.0254843235,126.65370764529703,422.1790254843235,filled
2011-04-01,SZ002249,sell,49400,49400,8.391519590377808,414541.0677646637,124.36232032939911,414.54106776466375,filled
2011-04-01,SZ002250,sell,35800,35800,11.503028037071228,411808.40372715,123.54252111814499,411.80840372715,filled
2011-04-01,SZ002283,sell,52500,52500,7.7030917525291445,404412.3170077801,121.32369510233401,404.4123170077801,filled
2011-04-01,SZ002293,sell,47700,47700,8.204419547080994,391350.8123957634,117.40524371872901,391.3508123957634,filled
2011-04-01,SZ300008,sell,100,100,5.419961518764496,541.9961518764496,5.0,0.5419961518764497,filled
2011-04-01,SH600031,buy,24200,24200,15.840037240982054,383328.9012317657,114.99867036952969,0.0,filled
2011-04-01,SH600132,buy,6500,6500,59.04953390884399,383821.97040748596,115.14659112224578,0.0,filled
2011-04-01,SH600188,buy,16300,16300,23.433392663955686,381964.3004224777,114.58929012674331,0.0,filled
2011-04-01,SH600502,buy,114600,114600,3.3479240376949306,383672.09471983905,115.10162841595171,0.0,filled
2011-04-01,SH600585,buy,19500,19500,19.63373078536987,382857.75031471247,114.85732509441372,0.0,filled
2011-04-01,SH600815,buy,25600,25600,14.963393765449522,383062.8803955078,114.91886411865232,0.0,filled
2011-04-01,SH600970,buy,24100,24100,15.890284085273741,382955.84645509714,114.88675393652913,0.0,filled
2011-04-01,SH600982,buy,84200,84200,4.557185441493988,383715.0141737938,115.11450425213812,0.0,filled
2011-04-01,SH601002,buy,18300,18300,20.89142643356323,382313.1037342071,114.69393112026212,0.0,filled
2011-04-01,SH601699,buy,18400,18400,20.839534765243528,383447.4396804809,115.03423190414426,0.0,filled
2011-04-01,SZ000039,buy,23800,23800,16.1270690574646,383824.2435676575,115.14727307029723,0.0,filled
2011-04-01,SZ000338,buy,44600,44600,8.592663822174071,383232.80646896356,114.96984194068907,0.0,filled
2011-04-01,SZ000581,buy,20300,20300,18.834772071838376,382345.87305831903,114.7037619174957,0.0,filled
2011-04-01,SZ002042,buy,77700,77700,4.940671915531158,383890.2078367709,115.16706235103126,0.0,filled
2011-04-01,SZ002069,buy,16900,16900,22.625166421890256,382365.31252994534,114.70959375898359,0.0,filled
2011-04-01,SZ002081,buy,53300,53300,7.20223717546463,383879.2414522648,115.16377243567942,0.0,filled
2011-04-01,SZ002118,buy,51700,51700,7.420268958091735,383627.9051333427,115.08837154000281,0.0,filled
2011-04-01,SZ002158,buy,42600,42600,8.997144474983214,383278.3546342849,114.98350639028547,0.0,filled
2011-04-01,SZ002304,buy,7800,300,48.99500242233276,14698.500726699827,5.0,0.0,partial_volume_or_cash
2011-04-01,SZ002310,buy,58400,400,6.570417117118835,2628.1668468475336,5.0,0.0,partial_volume_or_cash
2011-05-03,SH600066,sell,70600,70600,5.026023442268372,354837.25502414705,106.4511765072441,354.83725502414705,filled
2011-05-03,SH600132,sell,6500,6500,50.21583954620361,326402.9570503235,97.92088711509703,326.4029570503235,filled
2011-05-03,SH600139,sell,31100,31100,12.099003387451171,376279.0053497314,112.88370160491942,376.27900534973145,filled
2011-05-03,SH600160,sell,7200,7200,11.482897049903869,82676.85875930786,24.803057627792356,82.67685875930786,filled
2011-05-03,SH600188,sell,16300,16300,23.7966007976532,387884.59300174715,116.36537790052414,387.88459300174713,filled
2011-05-03,SH600403,sell,1100,1100,15.469867163658142,17016.853880023955,5.105056164007186,17.016853880023955,filled
2011-05-03,SH600406,sell,2500,2500,12.579061217308045,31447.65304327011,9.434295912981032,31.447653043270112,filled
2011-05-03,SH600503,sell,42700,42700,11.155554622650147,476342.1823871613,142.9026547161484,476.3421823871613,filled
2011-05-03,SH600970,sell,24100,24100,14.17382696914673,341589.22995643615,102.47676898693084,341.58922995643616,filled
2011-05-03,SH600982,sell,84200,84200,4.0832263383865355,343807.6576921463,103.14229730764389,343.80765769214634,filled
2011-05-03,SH601002,sell,18300,18300,17.894176305770873,327463.426395607,98.2390279186821,327.46342639560703,filled
2011-05-03,SH601699,sell,18400,18400,20.79648349571228,382655.29632110597,114.79658889633178,382.655296321106,filled
2011-05-03,SZ000338,sell,44600,44600,8.251689734458923,368025.362156868,110.40760864706039,368.02536215686797,filled
2011-05-03,SZ002037,sell,27500,27500,13.436736542701722,369510.25492429733,110.85307647728919,369.5102549242973,filled
2011-05-03,SZ002042,sell,77700,77700,4.543231780529022,353009.109347105,105.9027328041315,353.00910934710504,filled
2011-05-03,SZ002056,sell,45100,45100,7.129780197143555,321553.0868911743,96.46592606735229,321.5530868911743,filled
2011-05-03,SZ002069,sell,16900,16900,22.568309520721435,381404.43090019224,114.42132927005765,381.40443090019227,filled
2011-05-03,SZ002118,sell,5400,5400,8.349983828544616,45089.91267414093,13.526973802242278,45.089912674140926,filled
2011-05-03,SZ002158,sell,42600,42600,7.879974819660187,335686.927317524,100.70607819525719,335.686927317524,filled
2011-05-03,SZ002310,sell,400,400,5.7367644739151,2294.70578956604,5.0,2.29470578956604,filled
2011-05-03,SH600031,buy,700,700,15.547030407905577,10882.921285533905,5.0,0.0,filled
2011-05-03,SH600086,buy,46900,46900,8.260779764175414,387430.5709398269,116.22917128194806,0.0,filled
2011-05-03,SH600111,buy,21000,21000,18.439525535583495,387230.0362472534,116.16901087417601,0.0,filled
2011-05-03,SH600199,buy,22700,22700,17.032069757461546,386627.9834943771,115.98839504831312,0.0,filled
2011-05-03,SH600252,buy,80700,80700,4.804352947711944,387711.2828803539,116.31338486410617,0.0,filled
2011-05-03,SH600375,buy,19000,19000,20.397719566345213,387556.671760559,116.2670015281677,0.0,filled
2011-05-03,SH600458,buy,20900,20900,18.471182909011837,386047.7227983474,115.81431683950422,0.0,filled
2011-05-03,SH600502,buy,11500,11500,3.075041717290878,35362.97974884509,10.608893924653527,0.0,filled
2011-05-03,SH600585,buy,1300,1300,18.642166328430175,24234.81622695923,7.270444868087768,0.0,filled
2011-05-03,SH600805,buy,34400,34400,11.255259709358214,387180.93400192255,116.15428020057675,0.0,filled
2011-05-03,SH600815,buy,1200,1200,14.437748864173887,17325.298637008666,5.1975895911025995,0.0,filled
2011-05-03,SZ000039,buy,1300,1300,15.42865844631195,20057.255980205533,6.017176794061659,0.0,filled
2011-05-03,SZ000049,buy,37900,37900,10.231193033218382,387762.21595897665,116.32866478769299,0.0,filled
2011-05-03,SZ000157,buy,700,700,8.43048111820221,5901.336782741547,5.0,0.0,filled
2011-05-03,SZ000425,buy,51500,51500,7.523451833724975,387457.7694368362,116.23733083105084,0.0,filled
2011-05-03,SZ000528,buy,25800,25800,14.988837465286252,386712.00660438533,116.01360198131559,0.0,filled
2011-05-03,SZ000540,buy,148600,148600,2.6094226307868955,387760.20293493266,116.32806088047978,0.0,filled
2011-05-03,SZ000581,buy,500,500,18.643109500885007,9321.554750442503,5.0,0.0,filled
2011-05-03,SZ000680,buy,27800,27800,13.904014445304869,386531.60157947533,115.95948047384259,0.0,filled
2011-05-03,SZ000876,buy,52600,52600,7.370115190029144,387668.058995533,116.30041769865988,0.0,filled
2011-05-03,SZ002006,buy,18700,18700,20.68774318695068,386860.7975959777,116.05823927879331,0.0,filled
2011-05-03,SZ002081,buy,3200,3200,6.855143984317778,21936.46074981689,6.580938224945067,0.0,filled
2011-05-03,SZ002269,buy,35900,4600,10.777728058815,49577.549070549,14.873264721164698,0.0,partial_volume_or_cash
2011-06-01,SH600031,sell,600,600,14.205473490715027,8523.284094429016,5.0,8.523284094429016,filled
2011-06-01,SH600111,sell,5600,5600,22.422024982452392,125563.3399017334,37.669001970520014,125.5633399017334,filled
2011-06-01,SH600252,sell,6000,6000,4.633722139835358,27802.33283901215,8.340699851703643,27.80233283901215,filled
2011-06-01,SH600403,sell,1000,1000,14.391686551094056,14391.686551094055,5.0,14.391686551094056,filled
2011-06-01,SH600406,sell,800,800,11.58555269908905,9268.442159271239,5.0,9.268442159271238,filled
2011-06-01,SH600458,sell,20900,20900,15.340344792366027,320613.20616044995,96.18396184813497,320.61320616045,filled
2011-06-01,SH600502,sell,18400,18400,3.21734118103981,59199.07773113251,17.759723319339752,59.19907773113251,filled
2011-06-01,SH600585,sell,1400,1400,17.85148108291626,24992.07351608276,7.497622054824827,24.992073516082762,filled
2011-06-01,SZ000039,sell,300,300,13.94430037021637,4183.290111064911,5.0,4.1832901110649106,filled
2011-06-01,SZ000049,sell,37900,37900,8.95059511756897,339227.5549558639,101.76826648675916,339.2275549558639,filled
2011-06-01,SZ000157,sell,1800,1800,7.828231132507324,14090.816038513183,5.0,14.090816038513184,filled
2011-06-01,SZ000540,sell,148600,148600,2.1712050890922545,322641.07623910904,96.79232287173271,322.64107623910905,filled
2011-06-01,SZ000680,sell,27800,27800,12.32885772228241,342742.244679451,102.82267340383528,342.742244679451,filled
2011-06-01,SZ000876,sell,7800,7800,7.730551543235779,60298.302037239075,18.08949061117172,60.298302037239075,filled
2011-06-01,SZ002006,sell,900,900,19.410463600158693,17469.417240142822,5.240825172042846,17.46941724014282,filled
2011-06-01,SZ002081,sell,2200,2200,6.380705497741699,14037.552095031739,5.0,14.037552095031739,filled
2011-06-01,SZ002118,sell,3700,3700,8.129663369178772,30079.754465961454,9.023926339788435,30.079754465961454,filled
2011-06-01,SH600086,buy,9100,9100,6.198689750671386,56408.07673110961,16.922423019332882,0.0,filled
2011-06-01,SH600160,buy,100,100,10.268319470405578,1026.8319470405577,5.0,0.0,filled
2011-06-01,SH600784,buy,45800,45800,7.576290015697478,346994.0827189445,104.09822481568335,0.0,filled
2011-06-01,SH600805,buy,1100,1100,9.775613053321837,10753.174358654021,5.0,0.0,filled
2011-06-01,SH600809,buy,16400,16400,21.142426771163937,346735.79904708854,104.02073971412655,0.0,filled
2011-06-01,SH600815,buy,600,600,12.648040946006773,7588.824567604064,5.0,0.0,filled
2011-06-01,SZ000425,buy,500,500,6.676428555488585,3338.2142777442928,5.0,0.0,filled
2011-06-01,SZ000528,buy,1000,1000,12.946797503471373,12946.797503471373,5.0,0.0,filled
2011-06-01,SZ000581,buy,800,800,16.076364946365356,12861.091957092285,5.0,0.0,filled
2011-06-01,SZ000596,buy,10600,10600,32.48641056060791,344355.95194244385,103.30678558273314,0.0,filled
2011-06-01,SZ000656,buy,110600,110600,3.137986068487167,347061.2591746807,104.1183777524042,0.0,filled
2011-06-01,SZ002204,buy,50200,35100,6.914651674747466,242704.27378363605,72.8112821350908,0.0,partial_volume_or_cash
2011-07-01,SH600160,sell,1500,1500,12.018378450393676,18027.567675590515,5.408270302677154,18.027567675590515,filled
2011-07-01,SH600199,sell,22700,22700,15.934050762176513,361702.9523014068,108.51088569042204,361.7029523014068,filled
2011-07-01,SH600252,sell,600,600,5.239375702857971,3143.6254217147825,5.0,3.1436254217147828,filled
2011-07-01,SH600375,sell,19000,19000,19.491517261505127,370338.8279685974,111.10164839057921,370.3388279685974,filled
2011-07-01,SH600403,sell,24000,24000,14.01350313949585,336324.0753479004,100.89722260437011,336.3240753479004,filled
2011-07-01,SH600502,sell,20600,20600,4.458799295425415,91851.26548576355,27.55537964572906,91.85126548576355,filled
2011-07-01,SH600585,sell,19400,19400,20.73590189552307,402276.49677314755,120.68294903194425,402.2764967731475,filled
2011-07-01,SH600784,sell,45800,45800,8.009269014358521,366824.5208576203,110.04735625728608,366.8245208576203,filled
2011-07-01,SH600805,sell,2000,2000,11.568176027297973,23136.352054595947,6.9409056163787834,23.136352054595946,filled
2011-07-01,SZ000425,sell,300,300,7.505409841060638,2251.6229523181914,5.0,2.2516229523181917,filled
2011-07-01,SZ000581,sell,900,900,18.740211290359497,16866.190161323546,5.059857048397063,16.866190161323548,filled
2011-07-01,SH600031,buy,1000,1000,15.352238566398619,15352.238566398619,5.0,0.0,filled
2011-07-01,SH600086,buy,3200,3200,6.569379913806914,21022.015724182125,6.306604717254637,0.0,filled
2011-07-01,SH600111,buy,1500,1500,22.922296293258665,34383.444439888,10.315033331966399,0.0,filled
2011-07-01,SH600406,buy,900,900,12.628650542259216,11365.785488033294,5.0,0.0,filled
2011-07-01,SH600505,buy,33100,33100,11.733942641258238,388393.5014256477,116.5180504276943,0.0,filled
2011-07-01,SH600684,buy,133700,133700,2.912251631259918,389368.04309945105,116.81041292983531,0.0,filled
2011-07-01,SH600809,buy,1000,1000,22.299766197204587,22299.766197204586,6.689929859161375,0.0,filled
2011-07-01,SH600815,buy,700,700,13.829680427551269,9680.776299285888,5.0,0.0,filled
2011-07-01,SZ000011,buy,38600,38600,10.063656775474547,388457.1515333175,116.53714545999524,0.0,filled
2011-07-01,SZ000039,buy,1200,1200,14.962969910621641,17955.56389274597,5.386669167823791,0.0,filled
2011-07-01,SZ000157,buy,1600,1600,8.496223484039305,13593.95757446289,5.0,0.0,filled
2011-07-01,SZ000528,buy,1200,1200,13.892318343162534,16670.78201179504,5.001234603538512,0.0,filled
2011-07-01,SZ000596,buy,200,200,35.99256824493408,7198.5136489868155,5.0,0.0,filled
2011-07-01,SZ000651,buy,50400,50400,7.725145635604857,389347.3400344848,116.80420201034543,0.0,filled
2011-07-01,SZ000656,buy,6900,6900,3.3127027993202205,22857.64931530952,6.857294794592856,0.0,filled
2011-07-01,SZ002006,buy,2600,2600,19.086318456649778,49624.427987289426,14.887328396186826,0.0,filled
2011-07-01,SZ002081,buy,1300,1300,6.993873387813568,9092.035404157637,5.0,0.0,filled
2011-07-01,SZ002204,buy,21200,21200,6.906234242439269,146412.16593971252,43.92364978191375,0.0,filled
2011-07-01,SZ002269,buy,32300,3500,10.536952741622924,36879.33459568024,11.06380037870407,0.0,partial_volume_or_cash
2011-08-01,SH600086,sell,2800,2800,6.895960162639618,19308.68845539093,5.792606536617279,19.30868845539093,filled
2011-08-01,SH600252,sell,9300,9300,6.002241986274719,55820.85047235489,16.746255141706467,55.82085047235489,filled
2011-08-01,SH600406,sell,1100,1100,13.09516237449646,14404.678611946107,5.0,14.404678611946107,filled
2011-08-01,SH600505,sell,33100,33100,11.997449083328247,397115.564658165,119.13466939744949,397.115564658165,filled
2011-08-01,SH600684,sell,133700,133700,2.812739064216614,376063.2128857613,112.81896386572838,376.0632128857613,filled
2011-08-01,SH600809,sell,17400,17400,25.252035919189453,439385.42499389645,131.81562749816894,439.38542499389644,filled
2011-08-01,SZ000011,sell,38600,38600,9.185712281227111,354568.4940553665,106.37054821660993,354.5684940553665,filled
2011-08-01,SZ000581,sell,20700,20700,15.980957010269165,330805.8101125717,99.2417430337715,330.8058101125717,filled
2011-08-01,SZ000596,sell,1600,1600,42.13134561538696,67410.15298461914,20.22304589538574,67.41015298461915,filled
2011-08-01,SZ000656,sell,117500,117500,3.4030888373851775,399862.93839275837,119.9588815178275,399.8629383927584,filled
2011-08-01,SZ000876,sell,44800,44800,8.23466175842285,368912.8467773437,110.6738540332031,368.9128467773437,filled
2011-08-01,SZ002006,sell,1900,1900,20.957182697296144,39818.64712486268,11.945594137458801,39.81864712486268,filled
2011-08-01,SZ002081,sell,5600,5600,7.773282969474793,43530.38462905884,13.05911538871765,43.530384629058844,filled
2011-08-01,SZ002118,sell,7000,7000,10.91547092628479,76408.29648399353,22.922488945198058,76.40829648399354,filled
2011-08-01,SH600031,buy,1600,1600,14.47114747905731,23153.835966491697,6.946150789947509,0.0,filled
2011-08-01,SH600111,buy,1300,1300,21.359698192596433,27767.60765037536,8.330282295112607,0.0,filled
2011-08-01,SH600160,buy,2000,2000,11.368273344039915,22736.54668807983,6.8209640064239485,0.0,filled
2011-08-01,SH600309,buy,35000,35000,11.122126335144042,389274.42173004145,116.78232651901243,0.0,filled
2011-08-01,SH600339,buy,33800,33800,11.511522911071776,389089.47439422604,116.7268423182678,0.0,filled
2011-08-01,SH600502,buy,600,600,4.445797060966491,2667.4782365798947,5.0,0.0,filled
2011-08-01,SH600585,buy,20900,20900,18.640476636886596,389585.96171092987,116.87578851327895,0.0,filled
2011-08-01,SH600784,buy,50900,50900,7.65742146205902,389762.7524188041,116.92882572564122,0.0,filled
2011-08-01,SH600805,buy,2000,2000,10.965684763908385,21931.36952781677,6.57941085834503,0.0,filled
2011-08-01,SH600815,buy,2000,2000,12.931329666137694,25862.659332275387,7.758797799682616,0.0,filled
2011-08-01,SH601101,buy,19900,19900,19.55667321395874,389177.7969577789,116.75333908733367,0.0,filled
2011-08-01,SZ000039,buy,1700,1700,14.067811425209044,23915.279422855376,7.174583826856612,0.0,filled
2011-08-01,SZ000157,buy,700,700,8.373044015884398,5861.130811119078,5.0,0.0,filled
2011-08-01,SZ000425,buy,6200,6200,6.736569641590117,41766.731777858724,12.530019533357615,0.0,filled
2011-08-01,SZ000528,buy,3600,3600,12.32687545108795,44376.75162391662,13.313025487174984,0.0,filled
2011-08-01,SZ000651,buy,1300,1300,7.533306458473205,9793.298396015167,5.0,0.0,filled
2011-08-01,SZ000789,buy,59900,59900,6.506643194198608,389747.9273324966,116.92437819974897,0.0,filled
2011-08-01,SZ002085,buy,218200,218200,1.7870237429141997,389928.58070387837,116.9785742111635,0.0,filled
2011-08-01,SZ002204,buy,4100,300,6.448917316913604,1934.675195074081,5.0,0.0,partial_volume_or_cash
2011-09-01,SH600086,sell,56400,56400,6.492552519321442,366179.9620897293,109.85398862691879,366.1799620897293,filled
2011-09-01,SH600309,sell,35000,35000,10.542364562988281,368982.75970458984,110.69482791137695,368.98275970458985,filled
2011-09-01,SH600406,sell,1900,1900,13.451862888336182,25558.539487838745,7.667561846351623,25.558539487838747,filled
2011-09-01,SH600784,sell,50900,50900,6.649353664398193,338452.101517868,101.53563045536039,338.452101517868,filled
2011-09-01,SH600805,sell,3300,3300,11.637902792930603,38405.079216670994,11.521523765001298,38.405079216671,filled
2011-09-01,SH600815,sell,30100,30100,13.385698345184327,402909.52019004826,120.87285605701447,402.9095201900483,filled
2011-09-01,SZ000039,sell,27700,27700,12.369021566390991,342621.89738903043,102.78656921670913,342.62189738903044,filled
2011-09-01,SZ000425,sell,57900,57900,6.846579699039459,396416.9645743847,118.9250893723154,396.4169645743847,filled
2011-09-01,SZ000528,sell,31600,31600,11.665385925292968,368626.19523925777,110.58785857177732,368.62619523925775,filled
2011-09-01,SZ000596,sell,1000,1000,45.297823184967044,45297.82318496704,13.589346955490111,45.297823184967044,filled
2011-09-01,SZ000651,sell,51700,51700,6.804422763347626,351788.65686507226,105.53659705952167,351.78865686507226,filled
2011-09-01,SZ000789,sell,59900,59900,6.1253949437141415,366911.15712847706,110.07334713854311,366.91115712847704,filled
2011-09-01,SZ002006,sell,3100,3100,24.222106796264647,75088.5310684204,22.52655932052612,75.08853106842041,filled
2011-09-01,SZ002081,sell,900,900,7.620814797878265,6858.733318090439,5.0,6.858733318090439,filled
2011-09-01,SZ002085,sell,218200,218200,1.7273688644170762,376911.886215806,113.0735658647418,376.911886215806,filled
2011-09-01,SH600031,buy,300,300,13.767932225227355,4130.379667568206,5.0,0.0,filled
2011-09-01,SH600111,buy,800,800,19.697595397949218,15758.076318359375,5.0,0.0,filled
2011-09-01,SH600160,buy,2900,2900,10.082371302604674,29238.876777553556,8.771663033266066,0.0,filled
2011-09-01,SH600188,buy,18000,18000,20.81908854293823,374743.5937728881,112.42307813186643,0.0,filled
2011-09-01,SH600259,buy,6000,6000,62.56684928512573,375401.09571075434,112.62032871322629,0.0,filled
2011-09-01,SH600340,buy,161200,161200,2.32896724653244,375429.5201410293,112.62885604230878,0.0,filled
2011-09-01,SH600348,buy,17900,17900,20.953639539718626,375070.1477609634,112.52104432828901,0.0,filled
2011-09-01,SH600403,buy,25700,25700,14.558285922050475,374147.9481966972,112.24438445900915,0.0,filled
2011-09-01,SH600502,buy,2900,2900,4.140563829898833,12007.635106706617,5.0,0.0,filled
2011-09-01,SH600519,buy,2500,2500,148.54792039489743,371369.8009872436,111.41094029617307,0.0,filled
2011-09-01,SH600532,buy,27900,27900,13.441633695602416,375021.5801073074,112.50647403219222,0.0,filled
2011-09-01,SH600585,buy,1700,1700,16.548907711029052,28133.143108749387,8.439942932624815,0.0,filled
2011-09-01,SH600612,buy,16600,16600,22.565255878448482,374583.2475822448,112.37497427467343,0.0,filled
2011-09-01,SH600809,buy,14100,14100,26.46291222953796,373127.06243648526,111.93811873094556,0.0,filled
2011-09-01,SH601101,buy,300,300,18.522738548278806,5556.821564483642,5.0,0.0,filled
2011-09-01,SZ000157,buy,1600,1600,7.800857658863067,12481.372254180907,5.0,0.0,filled
2011-09-01,SZ000626,buy,56300,56300,6.659473885059356,374928.3797288417,112.47851391865251,0.0,filled
2011-09-01,SZ000656,buy,108500,4000,3.4577568519115442,13831.027407646177,5.0,0.0,partial_volume_or_cash
2011-10-10,SH600031,sell,800,800,12.243714031219483,9794.971224975587,5.0,9.794971224975587,filled
2011-10-10,SH600111,sell,600,600,17.6147700176239,10568.862010574341,5.0,10.56886201057434,filled
2011-10-10,SH600188,sell,1900,1900,20.108283834457396,38205.739285469055,11.461721785640716,38.20573928546906,filled
2011-10-10,SH600252,sell,64800,64800,3.55380424118042,230286.51482849123,69.08595444854737,230.28651482849122,filled
2011-10-10,SH600259,sell,6000,6000,54.748084075927736,328488.5044555664,98.5465513366699,328.4885044555664,filled
2011-10-10,SH600339,sell,33800,33800,10.213091923713684,345202.5070215225,103.56075210645675,345.2025070215225,filled
2011-10-10,SH600340,sell,30300,30300,2.474858593940735,74988.21539640427,22.496464618921276,74.98821539640427,filled
2011-10-10,SH600348,sell,800,800,18.897120569229127,15117.696455383302,5.0,15.117696455383303,filled
2011-10-10,SH600403,sell,700,700,12.965563785552979,9075.894649887085,5.0,9.075894649887084,filled
2011-10-10,SH600406,sell,27800,27800,12.111608834266663,336702.7255926132,101.01081767778396,336.7027255926132,filled
2011-10-10,SH600519,sell,100,100,131.80382473754884,13180.382473754884,5.0,13.180382473754884,filled
2011-10-10,SH600532,sell,27900,27900,12.036261969566345,335811.70895090105,100.7435126852703,335.81170895090105,filled
2011-10-10,SH600805,sell,3800,3800,11.39088614845276,43285.36736412049,12.985610209236146,43.28536736412049,filled
2011-10-10,SH601101,sell,2400,2400,18.118902145385743,43485.36514892578,13.045609544677733,43.48536514892579,filled
2011-10-10,SZ000157,sell,1000,1000,6.874418672561646,6874.4186725616455,5.0,6.874418672561646,filled
2011-10-10,SZ002006,sell,15400,15400,18.59327318572998,286336.4070602417,85.9009221180725,286.3364070602417,filled
2011-10-10,SZ002081,sell,1100,1100,6.741035400867462,7415.138940954208,5.0,7.415138940954209,filled
2011-10-10,SZ002204,sell,200,200,5.738034926891327,1147.6069853782653,5.0,1.1476069853782653,filled
2011-10-10,SZ002269,sell,8100,8100,9.568959403038026,77508.571164608,23.2525713493824,77.508571164608,filled
2011-10-10,SZ002304,sell,300,300,63.6333511390686,19090.00534172058,5.727001602516174,19.090005341720584,filled
2011-10-10,SH600160,buy,4200,4200,7.837008466243743,32915.43555822372,9.874630667467114,0.0,filled
2011-10-10,SH600266,buy,65000,65000,4.992216576576232,324494.0774774551,97.34822324323652,0.0,filled
2011-10-10,SH600502,buy,5600,5600,3.3755920207500454,18903.315316200253,5.670994594860075,0.0,filled
2011-10-10,SH600546,buy,24800,24800,13.083883037567137,324480.299331665,97.34408979949949,0.0,filled
2011-10-10,SH600585,buy,2800,2800,12.770685822486875,35757.92030296325,10.727376090888974,0.0,filled
2011-10-10,SH600612,buy,400,400,19.030938577651977,7612.375431060791,5.0,0.0,filled
2011-10-10,SH600684,buy,165100,165100,1.9662430959939954,324626.7351486086,97.38802054458257,0.0,filled
2011-10-10,SH600807,buy,42300,42300,7.6717418365478505,324514.6796859741,97.35440390579221,0.0,filled
2011-10-10,SH600809,buy,100,100,22.871489082336424,2287.1489082336425,5.0,0.0,filled
2011-10-10,SZ000568,buy,11300,11300,28.540001358032224,322502.0153457641,96.75060460372923,0.0,filled
2011-10-10,SZ000596,buy,200,200,38.66238398361206,7732.476796722412,5.0,0.0,filled
2011-10-10,SZ000626,buy,4900,4900,5.3029775810241695,25984.59014701843,7.795377044105528,0.0,filled
2011-10-10,SZ000650,buy,48900,48900,6.635919394016265,324496.4583673954,97.3489375102186,0.0,filled
2011-10-10,SZ000651,buy,49700,23400,6.531874966621398,152845.8742189407,45.85376226568221,0.0,partial_volume_or_cash
2011-11-01,SH600031,sell,26400,26400,12.573486848831177,331940.0528091431,99.58201584274292,331.9400528091431,filled
2011-11-01,SH600188,sell,16100,16100,19.15212387084961,308349.1943206787,92.5047582962036,308.3491943206787,filled
2011-11-01,SH600266,sell,65000,65000,5.1999349737167355,337995.77329158783,101.39873198747634,337.99577329158785,filled
2011-11-01,SH600348,sell,17100,17100,16.242905645370485,277753.68653583527,83.32610596075057,277.7536865358353,filled
2011-11-01,SH600403,sell,25000,25000,12.750746240615845,318768.6560153961,95.63059680461883,318.7686560153961,filled
2011-11-01,SH600502,sell,5100,5100,3.967933802604675,20236.462393283844,6.070938717985153,20.236462393283844,filled
2011-11-01,SH600546,sell,24800,24800,12.67523646068573,314345.8642250061,94.30375926750182,314.3458642250061,filled
2011-11-01,SH600585,sell,25400,25400,14.729930960655212,374140.2464006424,112.24207392019271,374.1402464006424,filled
2011-11-01,SH600684,sell,165100,165100,2.09602804684639,346054.230534339,103.81626916030169,346.05423053433896,filled
2011-11-01,SH600805,sell,28400,28400,10.473509536743164,297447.6708435058,89.23430125305174,297.4476708435058,filled
2011-11-01,SH600807,sell,42300,42300,9.203686308860778,389315.9308648109,116.79477925944326,389.31593086481087,filled
2011-11-01,SH600809,sell,14200,14200,21.25289003562927,301791.03850593563,90.53731155178068,301.79103850593566,filled
2011-11-01,SH601101,sell,17800,17800,16.25295113182068,289302.5301464081,86.79075904392244,289.3025301464081,filled
2011-11-01,SZ000157,sell,47100,47100,6.968354069709778,328209.47668333055,98.46284300499916,328.20947668333054,filled
2011-11-01,SZ000568,sell,11300,11300,30.235908142089844,341665.7620056152,102.49972860168455,341.66576200561525,filled
2011-11-01,SZ000626,sell,61200,61200,5.375317505836486,328969.431357193,98.69082940715789,328.969431357193,filled
2011-11-01,SZ000650,sell,48900,48900,6.622636995792389,323846.94909424783,97.15408472827434,323.84694909424786,filled
2011-11-01,SZ000651,sell,23400,23400,6.369610113143921,149048.87664756775,44.71466299427032,149.04887664756777,filled
2011-11-01,SZ000656,sell,4000,4000,2.8470386745929717,11388.154698371887,5.0,11.388154698371887,filled
2011-11-01,SZ002118,sell,35600,35600,7.302062576293945,259953.42771606444,77.98602831481932,259.9534277160644,filled
2011-11-01,SH600111,buy,5600,5600,15.04424789237976,84247.78819732665,25.274336459197993,0.0,filled
2011-11-01,SH600160,buy,4700,4700,7.84800148487091,36885.60697889327,11.06568209366798,0.0,filled
2011-11-01,SH600252,buy,88600,88600,4.089057831287383,362290.5238520622,108.68715715561865,0.0,filled
2011-11-01,SH600318,buy,46300,46300,7.8243782606124865,362268.71346635814,108.68061403990743,0.0,filled
2011-11-01,SH600381,buy,11000,11000,32.74879197311401,360236.7117042541,108.07101351127622,0.0,filled
2011-11-01,SH600503,buy,40200,40200,9.01140470790863,362258.4692579269,108.67754077737807,0.0,filled
2011-11-01,SH600519,buy,100,100,140.5775861968994,14057.758619689941,5.0,0.0,filled
2011-11-01,SH600745,buy,38500,38500,9.397448630332946,361801.7722678184,108.54053168034551,0.0,filled
2011-11-01,SH600801,buy,52400,52400,6.915172424316405,362355.03503417963,108.70651051025388,0.0,filled
2011-11-01,SZ000430,buy,39500,39500,9.166328420639037,362069.97261524195,108.62099178457258,0.0,filled
2011-11-01,SZ000506,buy,46200,46200,7.843230731487274,362357.25979471207,108.70717793841361,0.0,filled
2011-11-01,SZ000596,buy,500,500,40.375582286834714,20187.79114341736,6.056337343025207,0.0,filled
2011-11-01,SZ000703,buy,36500,36500,9.922548439025878,362173.0180244445,108.65190540733335,0.0,filled
2011-11-01,SZ000876,buy,45700,45700,7.925415609836578,362191.4933695316,108.65744801085947,0.0,filled
2011-11-01,SZ002006,buy,19300,19300,18.69723690795898,360856.67232360836,108.2570016970825,0.0,filled
2011-11-01,SZ002035,buy,136200,136200,2.66022435259819,362322.5568238735,108.69676704716204,0.0,filled
2011-11-01,SZ002063,buy,67400,67400,5.370023014068603,361939.55114822387,108.58186534446715,0.0,filled
2011-11-01,SZ002081,buy,3500,3500,7.030326334953307,24606.142172336575,7.381842651700972,0.0,filled
2011-11-01,SZ002140,buy,18400,18400,19.650263032913205,361564.83980560297,108.46945194168089,0.0,filled
2011-11-01,SZ002204,buy,8900,8900,5.5491990509033196,49387.87155303954,14.81636146591186,0.0,filled
2011-11-01,SZ002304,buy,5200,5000,68.84819072723388,344240.95363616943,103.27228609085083,0.0,partial_volume_or_cash
2011-11-01,SZ002469,buy,46500,100,7.787888560295104,778.7888560295104,5.0,0.0,partial_volume_or_cash
2011-12-01,SH600111,sell,1700,1700,14.796613783836365,25154.24343252182,7.546273029756545,25.15424343252182,filled
2011-12-01,SH600160,sell,1500,1500,7.414707025051117,11122.060537576675,5.0,11.122060537576676,filled
2011-12-01,SH600252,sell,88600,88600,3.618094544649124,320563.1766559124,96.16895299677371,320.56317665591246,filled
2011-12-01,SH600340,sell,130900,130900,2.5792448601722717,337623.1521965504,101.28694565896511,337.6231521965504,filled
2011-12-01,SH600381,sell,500,500,31.406081554412843,15703.04077720642,5.0,15.703040777206422,filled
2011-12-01,SH600502,sell,9300,9300,4.0436608028411865,37606.045466423035,11.28181363992691,37.60604546642303,filled
2011-12-01,SH600503,sell,1500,1500,8.549998000144958,12824.997000217438,5.0,12.824997000217438,filled
2011-12-01,SH600519,sell,300,300,147.21596369934082,44164.789109802245,13.249436732940673,44.16478910980224,filled
2011-12-01,SH600612,sell,2400,2400,22.632675327301026,54318.42078552246,16.295526235656737,54.31842078552246,filled
2011-12-01,SH600801,sell,52400,52400,5.621543392181397,294568.8737503052,88.37066212509156,294.5688737503052,filled
2011-12-01,SZ000430,sell,6900,6900,10.129691711425782,69894.8728088379,20.96846184265137,69.8948728088379,filled
2011-12-01,SZ000506,sell,46200,46200,7.7366856350898745,357434.8763411522,107.23046290234565,357.4348763411522,filled
2011-12-01,SZ000596,sell,1300,1300,43.36233309173584,56371.033019256596,16.911309905776978,56.3710330192566,filled
2011-12-01,SZ000703,sell,700,700,9.241870399475097,6469.309279632568,5.0,6.469309279632569,filled
2011-12-01,SZ000876,sell,6400,6400,8.417809916496276,53873.983465576166,16.16219503967285,53.87398346557617,filled
2011-12-01,SZ002035,sell,136200,136200,2.6289085199832916,358057.3404217243,107.41720212651728,358.0573404217243,filled
2011-12-01,SZ002063,sell,6400,6400,5.422811582565307,34705.994128417966,10.411798238525389,34.70599412841797,filled
2011-12-01,SZ002081,sell,2500,2500,6.746236302852631,16865.590757131577,5.059677227139472,16.865590757131578,filled
2011-12-01,SZ002140,sell,3200,3200,21.72353212738037,69515.30280761719,20.854590842285155,69.51530280761719,filled
2011-12-01,SZ002204,sell,10500,10500,6.035564819812775,63373.430608034134,19.012029182410238,63.373430608034134,filled
2011-12-01,SZ002304,sell,300,300,69.464561668396,20839.3685005188,6.25181055015564,20.839368500518802,filled
2011-12-01,SZ002469,sell,100,100,7.236763103485107,723.6763103485107,5.0,0.7236763103485108,filled
2011-12-01,SH600016,buy,116700,116700,2.8397669665813443,331400.8050000429,99.42024150001286,0.0,filled
2011-12-01,SH600066,buy,59500,59500,5.569407093524933,331379.7220647335,99.41391661942005,0.0,filled
2011-12-01,SH600309,buy,38900,38900,8.509194014549255,331007.64716596605,99.3022941497898,0.0,filled
2011-12-01,SH600318,buy,5200,5200,6.4396063528060905,33485.95303459167,10.0457859103775,0.0,filled
2011-12-01,SH600546,buy,27100,27100,12.232764405250547,331507.91538228985,99.45237461468695,0.0,filled
2011-12-01,SH600585,buy,26400,26400,12.55590979862213,331476.0186836242,99.44280560508726,0.0,filled
2011-12-01,SH600745,buy,1300,1300,8.332708119392395,10832.520555210112,5.0,0.0,filled
2011-12-01,SZ000001,buy,64800,64800,5.11569436597824,331496.99491539,99.44909847461699,0.0,filled
2011-12-01,SZ000069,buy,78000,53200,4.24701821565628,225941.3690729141,67.78241072187423,0.0,partial_volume_or_cash
2012-01-04,SH600016,sell,9600,9600,2.8012237679958343,26891.74817276001,8.067524451828001,26.89174817276001,filled
2012-01-04,SH600066,sell,4200,4200,5.424904709815979,22784.599781227113,6.835379934368133,22.78459978122711,filled
2012-01-04,SH600160,sell,4600,4600,7.488690070152282,34447.9743227005,10.33439229681015,34.4479743227005,filled
2012-01-04,SH600309,sell,1600,1600,8.033937809944153,12854.300495910644,5.0,12.854300495910644,filled
2012-01-04,SH600318,sell,51500,51500,5.673523830413818,292186.47726631165,87.65594317989348,292.18647726631167,filled
2012-01-04,SH600502,sell,2400,2400,3.7782440264225006,9067.785663414,5.0,9.067785663414002,filled
2012-01-04,SH600546,sell,27100,27100,11.447204323768617,310219.2371741295,93.06577115223885,310.21923717412955,filled
2012-01-04,SH600585,sell,26400,26400,11.708843324661254,309113.4637710571,92.73403913131712,309.11346377105707,filled
2012-01-04,SZ000001,sell,4800,4800,4.996435750007629,23982.89160003662,7.194867480010985,23.98289160003662,filled
2012-01-04,SZ000430,sell,1100,1100,9.514786754608155,10466.26543006897,5.0,10.46626543006897,filled
2012-01-04,SZ002006,sell,400,400,15.81266653060913,6325.066612243652,5.0,6.325066612243653,filled
2012-01-04,SZ002081,sell,49000,49000,6.131097453117371,300423.77520275116,90.12713256082534,300.4237752027512,filled
2012-01-04,SZ002204,sell,2200,2200,5.697543346881867,12534.595363140106,5.0,12.534595363140106,filled
2012-01-04,SH600111,buy,2400,2400,12.162670845031737,29190.41002807617,8.75712300842285,0.0,filled
2012-01-04,SH600381,buy,400,400,27.534224399566646,11013.689759826659,5.0,0.0,filled
2012-01-04,SH600503,buy,3200,3200,7.170339235782622,22945.085554504392,6.883525666351317,0.0,filled
2012-01-04,SH600612,buy,2200,2200,17.837350017547607,39242.17003860474,11.77265101158142,0.0,filled
2012-01-04,SH600745,buy,10400,10400,5.985666423797607,62250.93080749511,18.675279242248532,0.0,filled
2012-01-04,SZ000069,buy,16800,16800,4.2951644010543815,72158.76193771361,21.647628581314084,0.0,filled
2012-01-04,SZ000422,buy,24600,24600,12.187410029411314,299810.28672351834,89.94308601705549,0.0,filled
2012-01-04,SZ000596,buy,100,100,38.706865829467766,3870.6865829467765,5.0,0.0,filled
2012-01-04,SZ000703,buy,5400,5400,7.2867861900329585,39348.64542617797,11.804593627853391,0.0,filled
2012-01-04,SZ000876,buy,3300,3300,7.053199698925018,23275.559006452557,6.982667701935767,0.0,filled
2012-01-04,SZ000982,buy,96300,96300,3.123167616844177,300761.04150209425,90.22831245062827,0.0,filled
2012-01-04,SZ002029,buy,21400,21400,14.022414091110228,300079.66154975886,90.02389846492765,0.0,filled
2012-01-04,SZ002063,buy,8000,8000,4.356616668701172,34852.933349609375,10.455880004882811,0.0,filled
2012-01-04,SZ002140,buy,1300,1300,18.139976636886594,23581.96962795257,7.074590888385771,0.0,filled
2012-01-04,SZ002304,buy,200,200,60.82599349975585,12165.19869995117,5.0,0.0,filled
2012-01-04,SZ002520,buy,74500,23400,4.034738066673278,94412.87076015472,28.323861228046415,0.0,partial_volume_or_cash
2012-02-01,SH600111,sell,1800,1800,14.860491797447205,26748.88523540497,8.02466557062149,26.74888523540497,filled
2012-02-01,SH600160,sell,40000,40000,7.67340307188034,306936.1228752136,92.08083686256408,306.93612287521364,filled
2012-02-01,SH600309,sell,37300,37300,8.467379971504212,315833.2729371071,94.74998188113211,315.8332729371071,filled
2012-02-01,SH600381,sell,10900,10900,30.13038480377197,328421.19436111447,98.52635830833434,328.4211943611145,filled
2012-02-01,SH600745,sell,50200,50200,6.294092235088349,315963.4302014351,94.78902906043052,315.96343020143513,filled
2012-02-01,SZ000001,sell,60000,60000,5.313735548973083,318824.132938385,95.64723988151549,318.824132938385,filled
2012-02-01,SZ000703,sell,41200,41200,8.361699434280396,344502.0166923523,103.35060500770568,344.5020166923523,filled
2012-02-01,SZ002520,sell,23400,23400,3.889064253330231,91004.10352792741,27.30123105837822,91.00410352792741,filled
2012-02-01,SH600016,buy,6000,6000,3.014261030435562,18085.566182613373,5.425669854784012,0.0,filled
2012-02-01,SH600066,buy,5600,5600,5.601285463333129,31367.198594665522,9.410159578399655,0.0,filled
2012-02-01,SH600502,buy,10800,10800,3.780594616413116,40830.42185726165,12.249126557178494,0.0,filled
2012-02-01,SH600503,buy,7100,7100,6.952335614681243,49361.58286423683,14.808474859271048,0.0,filled
2012-02-01,SH600519,buy,400,400,128.82923153686522,51531.69261474609,15.459507784423826,0.0,filled
2012-02-01,SH600612,buy,900,900,19.196682998657224,17277.0146987915,5.1831044096374495,0.0,filled
2012-02-01,SZ000069,buy,6400,6400,4.463435722351074,28565.988623046873,8.56979658691406,0.0,filled
2012-02-01,SZ000422,buy,2000,2000,12.795394458770751,25590.788917541504,7.67723667526245,0.0,filled
2012-02-01,SZ000430,buy,8300,8300,8.559098147392271,71040.51462335585,21.312154387006753,0.0,filled
2012-02-01,SZ000568,buy,12500,12500,27.15700123977661,339462.5154972076,101.83875464916227,0.0,filled
2012-02-01,SZ000596,buy,1900,1900,35.22556283950805,66928.5693950653,20.078570818519587,0.0,filled
2012-02-01,SZ000861,buy,92300,92300,3.694486932992935,341001.14391524787,102.30034317457435,0.0,filled
2012-02-01,SZ000876,buy,5700,5700,7.053260795116424,40203.586532163616,12.061075959649084,0.0,filled
2012-02-01,SZ000982,buy,8400,8400,3.2564871435165403,27354.492005538938,8.206347601661681,0.0,filled
2012-02-01,SZ002006,buy,1300,1300,16.80861807441711,21851.203496742244,6.555361049022673,0.0,filled
2012-02-01,SZ002029,buy,4800,4800,13.001552101135253,62407.450085449214,18.722235025634763,0.0,filled
2012-02-01,SZ002038,buy,37300,37300,9.129060698509216,340513.96405439376,102.15418921631812,0.0,filled
2012-02-01,SZ002063,buy,23600,23600,3.681061044931411,86873.0406603813,26.06191219811439,0.0,filled
2012-02-01,SZ002081,buy,55300,55300,6.160829681873321,340693.88140759466,102.20816442227839,0.0,filled
2012-02-01,SZ002140,buy,6000,2900,15.103373731613157,43799.78382167815,13.139935146503445,0.0,partial_volume_or_cash
2012-03-01,SH600066,sell,60900,60900,6.17586484336853,376110.16896114347,112.83305068834304,376.1101689611435,filled
2012-03-01,SH600111,sell,2800,2800,17.5413000125885,49115.6400352478,14.734692010574339,49.1156400352478,filled
2012-03-01,SH600502,sell,3000,3000,4.062671866893768,12188.015600681305,5.0,12.188015600681306,filled
2012-03-01,SH600503,sell,49000,49000,7.285607185363769,356994.7520828247,107.09842562484741,356.99475208282473,filled
2012-03-01,SH600519,sell,100,100,140.53208724975585,14053.208724975584,5.0,14.053208724975585,filled
2012-03-01,SH600612,sell,1000,1000,21.170138626098634,21170.138626098633,6.351041587829589,21.170138626098634,filled
2012-03-01,SZ000430,sell,600,600,9.029572800636291,5417.7436803817745,5.0,5.417743680381775,filled
2012-03-01,SZ000568,sell,12500,12500,29.717290849685668,371466.13562107086,111.43984068632125,371.46613562107086,filled
2012-03-01,SZ000596,sell,1300,1300,42.32177541732788,55018.30804252624,16.50549241275787,55.018308042526236,filled
2012-03-01,SZ000861,sell,7200,7200,4.160187588214875,29953.350635147097,8.986005190544128,29.953350635147096,filled
2012-03-01,SZ000876,sell,800,800,7.447125250339508,5957.700200271606,5.0,5.957700200271606,filled
2012-03-01,SZ000982,sell,13500,13500,3.8826376762390136,52415.608629226685,15.724682588768005,52.41560862922669,filled
2012-03-01,SZ002006,sell,100,100,17.566023113250733,1756.6023113250733,5.0,1.7566023113250733,filled
2012-03-01,SZ002029,sell,26200,26200,14.651198126792908,383861.3909219742,115.15841727659225,383.8613909219742,filled
2012-03-01,SZ002038,sell,37300,37300,9.52633658695221,355332.35469331744,106.59970640799523,355.3323546933174,filled
2012-03-01,SZ002063,sell,92600,92600,4.029877793312073,373166.68366069795,111.95000509820937,373.16668366069797,filled
2012-03-01,SZ002081,sell,3900,3900,6.888165002346039,26863.843509149552,8.059153052744865,26.863843509149554,filled
2012-03-01,SZ002140,sell,19400,19400,17.389261041641234,337351.66420783993,101.20549926235196,337.3516642078399,filled
2012-03-01,SH600016,buy,1600,1600,3.0945929758548734,4951.348761367797,5.0,0.0,filled
2012-03-01,SH600067,buy,76700,76700,4.625519145011902,354777.31842241285,106.43319552672385,0.0,filled
2012-03-01,SH600106,buy,117900,117900,3.0102852435111997,354912.63020997046,106.47378906299113,0.0,filled
2012-03-01,SH600123,buy,20600,20600,17.22744964981079,354885.46278610226,106.46563883583067,0.0,filled
2012-03-01,SH600160,buy,42800,42800,8.28219970703125,354478.1474609375,106.34344423828124,0.0,filled
2012-03-01,SH600406,buy,30100,30100,11.778513267517088,354533.24935226433,106.35997480567929,0.0,filled
2012-03-01,SH600489,buy,26000,26000,13.60198351383209,353651.57135963434,106.09547140789029,0.0,filled
2012-03-01,SH600546,buy,27800,27800,12.747696471214294,354385.9618997574,106.31578856992721,0.0,filled
2012-03-01,SH600887,buy,57700,54900,6.147376109600066,337490.94841704366,101.24728452511309,0.0,partial_volume_or_cash
2012-04-05,SH600111,sell,20100,20100,21.131315259933473,424739.4367246628,127.42183101739883,424.73943672466277,filled
2012-04-05,SH600123,sell,1200,1200,17.449459648132326,20939.35157775879,6.281805473327636,20.93935157775879,filled
2012-04-05,SH600160,sell,42800,42800,7.91354297876358,338699.63949108124,101.60989184732436,338.69963949108126,filled
2012-04-05,SH600489,sell,26000,26000,11.892644096374513,309208.7465057373,92.76262395172118,309.20874650573734,filled
2012-04-05,SZ000069,sell,76400,76400,4.190591762065887,320161.2106218338,96.04836318655013,320.1612106218338,filled
2012-04-05,SZ000422,sell,26600,26600,12.497048166275025,332421.4812229157,99.7264443668747,332.4214812229157,filled
2012-04-05,SZ000430,sell,39200,39200,9.127558213233948,357800.28195877076,107.34008458763122,357.80028195877077,filled
2012-04-05,SZ000861,sell,8600,8600,4.438932211875915,38174.81702213287,11.45244510663986,38.17481702213287,filled
2012-04-05,SZ000982,sell,2500,2500,3.8302154138088227,9575.538534522057,5.0,9.575538534522057,filled
2012-04-05,SZ002006,sell,20100,20100,14.500670170783996,291463.47043275833,87.43904112982749,291.46347043275836,filled
2012-04-05,SZ002081,sell,51400,51400,6.777186385631561,348347.3802214622,104.50421406643866,348.34738022146223,filled
2012-04-05,SZ002204,sell,52600,52600,5.311085556507111,279363.10027227405,83.8089300816822,279.36310027227404,filled
2012-04-05,SH600016,buy,1500,1500,2.9293662018775937,4394.04930281639,5.0,0.0,filled
2012-04-05,SH600039,buy,162400,162400,2.0976429851055145,340657.22078113555,102.19716623434066,0.0,filled
2012-04-05,SH600066,buy,56200,56200,6.057800501346588,340448.3881756782,102.13451645270345,0.0,filled
2012-04-05,SH600106,buy,900,900,2.8665356900691985,2579.8821210622787,5.0,0.0,filled
2012-04-05,SH600403,buy,29800,29800,11.413197182655333,340113.2760431289,102.03398281293866,0.0,filled
2012-04-05,SH600406,buy,1700,1700,10.703001688957213,18195.102871227264,5.458530861368178,0.0,filled
2012-04-05,SH600502,buy,2400,2400,3.8001437270641323,9120.344944953917,5.0,0.0,filled
2012-04-05,SH600546,buy,1100,1100,11.760448842048644,12936.49372625351,5.0,0.0,filled
2012-04-05,SH600612,buy,2600,2600,17.63841318130493,45859.874271392815,13.757962281417843,0.0,filled
2012-04-05,SH600887,buy,2700,2700,5.911868906974791,15962.046048831937,5.0,0.0,filled
2012-04-05,SH601933,buy,104000,104000,3.2739883384704584,340494.7872009277,102.1484361602783,0.0,filled
2012-04-05,SZ000001,buy,67500,67500,5.045016573429107,340538.61870646477,102.16158561193942,0.0,filled
2012-04-05,SZ000006,buy,107100,107100,3.1785288805961605,340420.4431118488,102.12613293355463,0.0,filled
2012-04-05,SZ000596,buy,300,300,39.22208237457275,11766.624712371826,5.0,0.0,filled
2012-04-05,SZ000799,buy,12400,12400,27.260824670791624,338034.22591781616,101.41026777534483,0.0,filled
2012-04-05,SZ000809,buy,37500,37500,9.074038805007934,340276.45518779755,102.08293655633925,0.0,filled
2012-04-05,SZ000876,buy,1500,1500,6.949007304191588,10423.510956287382,5.0,0.0,filled
2012-04-05,SZ002146,buy,92000,57700,3.700479610204696,213517.67350881096,64.05530205264328,0.0,partial_volume_or_cash
2012-05-02,SH600016,sell,116200,116200,3.173177101135254,368723.1791519165,110.61695374557495,368.72317915191655,filled
2012-05-02,SH600067,sell,76700,76700,5.101335532665253,391272.4353554249,117.38173060662746,391.2724353554249,filled
2012-05-02,SH600106,sell,118800,118800,2.952671099424362,350777.3266116142,105.23319798348425,350.7773266116142,filled
2012-05-02,SH600123,sell,300,300,18.756996322631835,5627.09889678955,5.0,5.62709889678955,filled
2012-05-02,SH600403,sell,29800,29800,11.882291833877563,354092.29664955137,106.2276889948654,354.0922966495514,filled
2012-05-02,SH600406,sell,31800,31800,10.525073636054993,334697.3416265488,100.40920248796463,334.6973416265488,filled
2012-05-02,SH600502,sell,89600,89600,4.031888986587524,361257.25319824216,108.37717595947264,361.25725319824215,filled
2012-05-02,SH600519,sell,200,200,156.05454364013673,31210.908728027345,9.363272618408203,31.210908728027345,filled
2012-05-02,SH600546,sell,28900,28900,13.342457213401794,385597.01346731186,115.67910404019355,385.59701346731185,filled
2012-05-02,SH600612,sell,19300,19300,18.417185640335084,355451.6828584671,106.63550485754013,355.4516828584671,filled
2012-05-02,SH601933,sell,104000,104000,3.5489241678714754,369088.1134586334,110.72643403759001,369.0881134586334,filled
2012-05-02,SZ000001,sell,67500,67500,5.358613931179047,361706.44035458565,108.51193210637568,361.70644035458565,filled
2012-05-02,SZ000006,sell,107100,107100,3.716424365758896,398029.04957277776,119.40871487183331,398.02904957277775,filled
2012-05-02,SZ000799,sell,1700,1700,33.440780353546145,56849.32660102845,17.054797980308532,56.84932660102845,filled
2012-05-02,SZ000809,sell,37500,37500,8.149670502662659,305612.6438498497,91.6837931549549,305.6126438498497,filled
2012-05-02,SZ000861,sell,76500,76500,4.2444371509552,324699.4420480728,97.40983261442183,324.6994420480728,filled
2012-05-02,SZ000876,sell,49000,49000,6.955645729064941,340826.6407241821,102.24799221725463,340.82664072418214,filled
2012-05-02,SZ002146,sell,57700,57700,3.8850294814109803,224166.20107741357,67.24986032322407,224.16620107741358,filled
2012-05-02,SZ002304,sell,400,400,78.17603343200683,31270.413372802734,9.38112401184082,31.270413372802736,filled
2012-05-02,SH600077,buy,68000,68000,5.2910428218841545,359790.9118881225,107.93727356643674,0.0,filled
2012-05-02,SH600111,buy,15600,15600,22.9770346622467,358441.7407310486,107.53252221931456,0.0,filled
2012-05-02,SH600199,buy,17200,17200,20.918543596267696,359798.9498558044,107.9396849567413,0.0,filled
2012-05-02,SH600422,buy,54300,54300,6.62393738079071,359679.79977693554,107.90393993308065,0.0,filled
2012-05-02,SH600887,buy,2100,2100,6.030968295097351,12665.033419704436,5.0,0.0,filled
2012-05-02,SZ000049,buy,33800,33800,10.627504934310911,359209.6667797088,107.76290003391263,0.0,filled
2012-05-02,SZ000411,buy,38600,38600,9.316857026100157,359630.68120746606,107.88920436223981,0.0,filled
2012-05-02,SZ000568,buy,11100,11100,32.3452745399475,359032.5473934173,107.70976421802517,0.0,filled
2012-05-02,SZ000656,buy,101300,101300,3.554854212760925,360106.7317526817,108.0320195258045,0.0,filled
2012-05-02,SZ000858,buy,12300,12300,29.17649384307861,358870.8742698669,107.66126228096006,0.0,filled
2012-05-02,SZ000963,buy,55100,55100,6.536990818023681,360188.1940731048,108.05645822193144,0.0,filled
2012-05-02,SZ000982,buy,800,800,4.023556986331939,3218.845589065551,5.0,0.0,filled
2012-05-02,SZ002004,buy,91700,91700,3.927576062917709,360158.72496955394,108.04761749086617,0.0,filled
2012-05-02,SZ002029,buy,22800,22800,15.737808993339536,358822.04504814144,107.64661351444242,0.0,filled
2012-05-02,SZ002051,buy,32500,32500,11.08164915370941,360153.5974955558,108.04607924866674,0.0,filled
2012-05-02,SZ002081,buy,49800,49800,7.228133368968963,359961.04177465435,107.9883125323963,0.0,filled
2012-05-02,SZ002311,buy,43500,35300,8.277356879234313,292190.69783697126,87.65720935109137,0.0,partial_volume_or_cash
2012-05-02,SZ300005,buy,52700,100,6.823720972061157,682.3720972061157,5.0,0.0,partial_volume_or_cash
2012-06-01,SH600039,sell,162400,162400,2.3380976893901826,379707.0647569657,113.91211942708969,379.7070647569657,filled
2012-06-01,SH600066,sell,56200,56200,5.873517518520355,330091.68454084394,99.02750536225318,330.09168454084397,filled
2012-06-01,SH600077,sell,10400,10400,6.965406352043152,72440.22606124877,21.73206781837463,72.44022606124878,filled
2012-06-01,SH600111,sell,1600,1600,28.619619478225708,45791.391165161134,13.73741734954834,45.79139116516114,filled
2012-06-01,SH600199,sell,17200,17200,23.585590324401856,405672.1535797119,121.70164607391357,405.6721535797119,filled
2012-06-01,SH600422,sell,1500,1500,7.5989570045471195,11398.435506820679,5.0,11.398435506820679,filled
2012-06-01,SH600887,sell,59700,59700,6.067408554553985,362224.29070687294,108.66728721206188,362.2242907068729,filled
2012-06-01,SZ000049,sell,6500,6500,14.675492503166199,95390.70127058029,28.617210381174086,95.3907012705803,filled
2012-06-01,SZ000411,sell,38600,38600,9.013651885986327,347926.9627990722,104.37808883972166,347.9269627990722,filled
2012-06-01,SZ000799,sell,200,200,38.01773796844483,7603.547593688965,5.0,7.603547593688965,filled
2012-06-01,SZ000982,sell,3400,3400,4.660513120651245,15845.744610214235,5.0,15.845744610214235,filled
2012-06-01,SZ002004,sell,2300,2300,4.48764529466629,10321.584177732468,5.0,10.321584177732468,filled
2012-06-01,SZ002029,sell,22800,22800,15.294008271217345,348703.38858375547,104.61101657512663,348.7033885837555,filled
2012-06-01,SZ002051,sell,32500,32500,12.910563222885132,419593.3047437668,125.87799142313003,419.5933047437668,filled
2012-06-01,SZ002081,sell,7400,7400,9.449435834884644,69925.82517814636,20.97774755344391,69.92582517814637,filled
2012-06-01,SZ002311,sell,35300,35300,8.592638917922974,303320.15380268096,90.99604614080428,303.320153802681,filled
2012-06-01,SH600016,buy,133800,133800,3.0049672496318816,402064.6180007458,120.61938540022372,0.0,filled
2012-06-01,SH600123,buy,1700,1700,19.300277318954464,32810.47144222259,9.843141432666776,0.0,filled
2012-06-01,SH600139,buy,37300,37300,10.755087146759031,401164.7505741119,120.34942517223355,0.0,filled
2012-06-01,SH600519,buy,100,100,164.66876145935058,16466.876145935057,5.0,0.0,filled
2012-06-01,SH601166,buy,64500,64500,6.2336167249679555,402068.27876043314,120.62048362812993,0.0,filled
2012-06-01,SZ000422,buy,28600,28600,14.0540686006546,401946.3619787216,120.58390859361646,0.0,filled
2012-06-01,SZ000552,buy,105200,105200,3.819849396705627,401848.15653343196,120.55444696002958,0.0,filled
2012-06-01,SZ000568,buy,2700,2700,29.052323471069332,78441.2733718872,23.53238201156616,0.0,filled
2012-06-01,SZ000596,buy,700,700,42.88008700561523,30016.060903930662,9.004818271179198,0.0,filled
2012-06-01,SZ000656,buy,14200,14200,3.4802173392772673,49419.0862177372,14.825725865321157,0.0,filled
2012-06-01,SZ000858,buy,2700,2700,26.629244701385495,71898.96069374084,21.56968820812225,0.0,filled
2012-06-01,SZ000963,buy,3600,3600,6.843935219764709,24638.16679115295,7.3914500373458845,0.0,filled
2012-06-01,SZ002304,buy,400,400,81.1832597503662,32473.303900146482,9.741991170043944,0.0,filled
2012-06-01,SZ002344,buy,32100,32100,12.502314119338989,401324.28323078156,120.39728496923446,0.0,filled
2012-06-01,SZ300005,buy,51900,51900,7.724411526679992,400896.9582346916,120.26908747040747,0.0,filled
2012-06-01,SZ300204,buy,32900,6000,12.187512174606322,73125.07304763794,21.93752191429138,0.0,partial_volume_or_cash
2012-07-02,SH600016,sell,133800,133800,2.97181721162796,397629.14291582105,119.2887428747463,397.62914291582103,filled
2012-07-02,SH600123,sell,20800,20800,14.697873816490173,305715.7753829956,91.71473261489868,305.7157753829956,filled
2012-07-02,SH600139,sell,37300,37300,8.907228226661681,332239.6128544807,99.6718838563442,332.2396128544807,filled
2012-07-02,SH600422,sell,6400,6400,8.441297338485718,54024.3029663086,16.20729088989258,54.024302966308596,filled
2012-07-02,SH600519,sell,100,100,165.7213503112793,16572.13503112793,5.0,16.57213503112793,filled
2012-07-02,SZ000049,sell,1000,1000,14.885378766059876,14885.378766059875,5.0,14.885378766059876,filled
2012-07-02,SZ000422,sell,28600,28600,12.047564094543457,344560.33310394286,103.36809993118285,344.56033310394287,filled
2012-07-02,SZ000568,sell,13800,13800,31.075834281921388,428846.51309051516,128.65395392715453,428.84651309051515,filled
2012-07-02,SZ000596,sell,200,200,42.76764105606079,8553.528211212159,5.0,8.553528211212159,filled
2012-07-02,SZ000799,sell,2900,2900,51.151956172943116,148340.67290153503,44.5022018704605,148.34067290153504,filled
2012-07-02,SZ000858,sell,15000,15000,26.97812373161316,404671.8559741974,121.4015567922592,404.6718559741974,filled
2012-07-02,SZ000963,sell,58700,58700,7.636894816875458,448285.7257505894,134.4857177251768,448.2857257505894,filled
2012-07-02,SZ000982,sell,1800,1800,4.650744875907898,8371.340776634215,5.0,8.371340776634215,filled
2012-07-02,SZ002004,sell,7700,7700,4.802094077110291,36976.12439374924,11.09283731812477,36.97612439374924,filled
2012-07-02,SZ002081,sell,2900,2900,9.929526057243347,28795.625566005707,8.638687669801712,28.795625566005707,filled
2012-07-02,SZ300005,sell,300,300,7.587487200737,2276.2461602211,5.0,2.2762461602211004,filled
2012-07-02,SH600039,buy,187800,187800,2.0938920130729675,393232.9200551033,117.96987601653099,0.0,filled
2012-07-02,SH600066,buy,68800,68800,5.712688163280486,393032.94563369744,117.90988369010923,0.0,filled
2012-07-02,SH600077,buy,12000,12000,5.646180663108825,67754.1679573059,20.326250387191767,0.0,filled
2012-07-02,SH600111,buy,1400,1400,25.401955863952633,35562.73820953369,10.668821462860105,0.0,filled
2012-07-02,SH600157,buy,116100,116100,3.3856826772689814,393077.75883092877,117.92332764927862,0.0,filled
2012-07-02,SH600199,buy,16200,16200,24.254489200592037,392922.725049591,117.87681751487729,0.0,filled
2012-07-02,SH600779,buy,17000,17000,23.116456171035765,392979.754907608,117.89392647228239,0.0,filled
2012-07-02,SH600887,buy,70300,70300,5.590115361213684,392985.109893322,117.89553296799659,0.0,filled
2012-07-02,SH601166,buy,200,200,6.07175429868698,1214.3508597373961,5.0,0.0,filled
2012-07-02,SZ000537,buy,61700,61700,6.364877119064331,392712.9182462692,117.81387547388076,0.0,filled
2012-07-02,SZ000552,buy,13200,13200,3.320686353206634,43833.059862327565,13.149917958698268,0.0,filled
2012-07-02,SZ000656,buy,33800,29100,2.633361359596252,76630.81556425094,22.98924466927528,0.0,partial_volume_or_cash
2012-08-01,SH600066,sell,68800,68800,5.746853309154511,395383.50766983035,118.61505230094909,395.38350766983035,filled
2012-08-01,SH600077,sell,5400,5400,5.860848715782166,31648.583065223695,9.494574919567107,31.648583065223693,filled
2012-08-01,SH600157,sell,116100,116100,3.206119560956955,372230.48102710245,111.66914430813073,372.2304810271024,filled
2012-08-01,SH600199,sell,16200,16200,21.273994703292846,344638.7141933441,103.39161425800323,344.63871419334413,filled
2012-08-01,SH600519,sell,200,200,172.65326948547363,34530.65389709473,10.359196169128419,34.53065389709473,filled
2012-08-01,SH600779,sell,900,900,23.362261173248292,21026.035055923465,6.307810516777039,21.026035055923465,filled
2012-08-01,SH600887,sell,70300,70300,5.074152507305145,356712.9212635517,107.0138763790655,356.7129212635517,filled
2012-08-01,SH601166,sell,64700,64700,5.812122771263122,376044.343300724,112.8133029902172,376.044343300724,filled
2012-08-01,SZ000656,sell,144600,144600,2.4904886906147,360124.66466288565,108.03739939886569,360.12466466288566,filled
2012-08-01,SZ000982,sell,2200,2200,4.584024896621704,10084.854772567749,5.0,10.084854772567748,filled
2012-08-01,SZ002004,sell,10700,10700,5.3053301711082455,56767.032830858225,17.030109849257467,56.76703283085823,filled
2012-08-01,SZ002081,sell,2500,2500,10.174985956192016,25437.464890480038,7.6312394671440105,25.437464890480037,filled
2012-08-01,SZ002304,sell,300,300,80.74907274627685,24224.721823883054,7.267416547164916,24.224721823883055,filled
2012-08-01,SZ002344,sell,32100,32100,11.910183683395386,382316.8962369919,114.69506887109756,382.3168962369919,filled
2012-08-01,SZ300005,sell,5600,5600,8.156125185012817,45674.301036071774,13.702290310821532,45.674301036071775,filled
2012-08-01,SH600016,buy,126700,126700,2.9779054553508755,377300.62119295594,113.19018635788677,0.0,filled
2012-08-01,SH600111,buy,1000,1000,22.92597733879089,22925.97733879089,6.8777932016372665,0.0,filled
2012-08-01,SH600381,buy,11500,11500,32.6489913444519,375463.40046119684,112.63902013835904,0.0,filled
2012-08-01,SH600422,buy,3600,3600,7.547162406444548,27169.784663200375,8.150935398960112,0.0,filled
2012-08-01,SH600763,buy,34900,34900,10.794089427947997,376713.7210353851,113.01411631061552,0.0,filled
2012-08-01,SZ000049,buy,3500,3500,12.649537802696226,44273.38230943679,13.282014692831035,0.0,filled
2012-08-01,SZ000537,buy,15500,15500,4.887313938617706,75753.36604857445,22.726009814572333,0.0,filled
2012-08-01,SZ000552,buy,6100,6100,3.031077041149139,18489.569951009747,5.546870985302924,0.0,filled
2012-08-01,SZ000590,buy,33700,33700,11.200191993713378,377446.47018814087,113.23394105644225,0.0,filled
2012-08-01,SZ000596,buy,1500,1500,35.34660966873169,53019.914503097534,15.90597435092926,0.0,filled
2012-08-01,SZ000799,buy,500,500,46.42047383117675,23210.236915588375,6.963071074676512,0.0,filled
2012-08-01,SZ000963,buy,47900,47900,7.871187489509581,377029.88074750896,113.10896422425267,0.0,filled
2012-08-01,SZ002051,buy,25700,25700,14.669986943244933,377018.6644413948,113.10559933241842,0.0,filled
2012-08-01,SZ002310,buy,52600,42800,7.165089736461638,306665.84072055813,91.99975221616744,0.0,partial_volume_or_cash
2012-09-03,SH600016,sell,126700,126700,2.95727440738678,374686.667415905,112.40600022477149,374.686667415905,filled
2012-09-03,SH600039,sell,187800,187800,2.1449042830467224,402813.02435617446,120.84390730685233,402.8130243561745,filled
2012-09-03,SH600077,sell,64200,64200,5.137659912586212,329837.7663880348,98.95132991641043,329.8377663880348,filled
2012-09-03,SH600111,sell,16400,16400,20.190943782806396,331131.4780380249,99.33944341140746,331.1314780380249,filled
2012-09-03,SH600422,sell,50000,50000,8.020339628219604,401016.9814109802,120.30509442329405,401.01698141098024,filled
2012-09-03,SH600763,sell,2200,2200,10.93056011581421,24047.232254791263,7.214169676437378,24.047232254791265,filled
2012-09-03,SH600779,sell,16100,16100,21.998052864074708,354168.6511116028,106.25059533348083,354.1686511116028,filled
2012-09-03,SZ000049,sell,29800,29800,15.721936085700989,468513.6953538895,140.55410860616684,468.5136953538895,filled
2012-09-03,SZ000537,sell,77200,77200,4.779415991306305,368970.91452884674,110.69127435865401,368.9709145288468,filled
2012-09-03,SZ000552,sell,7800,7800,3.0708927748203276,23952.963643598556,7.185889093079566,23.952963643598558,filled
2012-09-03,SZ000590,sell,2500,2500,11.46138842868805,28653.471071720123,8.596041321516037,28.653471071720123,filled
2012-09-03,SZ000596,sell,10600,10600,33.92095155715943,359562.08650588995,107.86862595176697,359.56208650588997,filled
2012-09-03,SZ000799,sell,500,500,46.999298412323,23499.6492061615,7.049894761848449,23.4996492061615,filled
2012-09-03,SZ000963,sell,4800,4800,8.315605856895447,39914.90811309814,11.974472433929442,39.91490811309814,filled
2012-09-03,SZ002004,sell,400,400,5.072453806400299,2028.9815225601196,5.0,2.0289815225601195,filled
2012-09-03,SZ002051,sell,1800,1800,14.98171311378479,26967.083604812622,8.090125081443786,26.967083604812622,filled
2012-09-03,SZ002310,sell,42800,42800,7.252541110038758,310408.75950965885,93.12262785289765,310.40875950965886,filled
2012-09-03,SZ300005,sell,46100,46100,7.765944638729096,358010.0478454113,107.40301435362338,358.0100478454113,filled
2012-09-03,SH600066,buy,61500,61500,5.834543085098266,358824.3997335434,107.64731992006301,0.0,filled
2012-09-03,SH600080,buy,46700,46700,7.678827085494994,358601.2248926162,107.58036746778485,0.0,filled
2012-09-03,SH600157,buy,139300,139300,2.5771803090572356,359001.2170516729,107.70036511550187,0.0,filled
2012-09-03,SH600199,buy,17500,17500,20.49249885177612,358618.7299060821,107.58561897182462,0.0,filled
2012-09-03,SH600436,buy,16800,16800,21.379405532836913,359174.01295166014,107.75220388549803,0.0,filled
2012-09-03,SH600568,buy,137200,137200,2.617078269958496,359063.1386383056,107.71894159149167,0.0,filled
2012-09-03,SH600637,buy,35500,35500,10.096443473815917,358423.74332046503,107.5271229961395,0.0,filled
2012-09-03,SZ000522,buy,18400,18400,19.51988566970825,359165.89632263174,107.74976889678952,0.0,filled
2012-09-03,SZ000563,buy,121200,121200,2.9637624030113217,359208.0032449722,107.76240097349165,0.0,filled
2012-09-03,SZ000661,buy,16600,16600,21.613190109252926,358778.9558135986,107.63368674407957,0.0,filled
2012-09-03,SZ000848,buy,77200,77200,4.648493699550628,358863.7136053085,107.65911408159253,0.0,filled
2012-09-03,SZ002081,buy,1500,1500,9.327154598236083,13990.731897354124,5.0,0.0,filled
2012-09-03,SZ002116,buy,56600,40900,6.33850933933258,259245.03197870252,77.77350959361075,0.0,partial_volume_or_cash
2012-09-03,SZ002146,buy,114000,100,3.1495661833286284,314.95661833286283,5.0,0.0,partial_volume_or_cash
2012-10-08,SH600157,sell,139300,139300,3.1341050748825072,436580.83693113324,130.97425107933995,436.58083693113326,filled
2012-10-08,SH600381,sell,11500,11500,36.36647874069214,418214.5055179596,125.46435165538787,418.2145055179596,filled
2012-10-08,SH600436,sell,1100,1100,23.291716020584108,25620.88762264252,7.686266286792756,25.62088762264252,filled
2012-10-08,SH600568,sell,2000,2000,2.7108148663043976,5421.629732608795,5.0,5.421629732608795,filled
2012-10-08,SH600637,sell,1600,1600,10.802963192939758,17284.741108703613,5.1854223326110835,17.284741108703614,filled
2012-10-08,SZ000552,sell,116700,116700,3.2241474173069,376258.00359971524,112.87740107991456,376.25800359971527,filled
2012-10-08,SZ000563,sell,121200,121200,3.0548803989887237,370251.5043574333,111.07545130722998,370.2515043574333,filled
2012-10-08,SZ000799,sell,700,700,52.869635272979735,37008.74469108581,11.102623407325742,37.008744691085816,filled
2012-10-08,SZ000848,sell,2200,2200,4.882406045436859,10741.29329996109,5.0,10.74129329996109,filled
2012-10-08,SZ000963,sell,900,900,8.669479648590087,7802.531683731078,5.0,7.802531683731079,filled
2012-10-08,SZ000982,sell,82100,82100,4.032804551124573,331093.2536473275,99.32797609419823,331.0932536473275,filled
2012-10-08,SZ002051,sell,100,100,15.361862940788269,1536.186294078827,5.0,1.536186294078827,filled
2012-10-08,SZ002081,sell,600,600,9.65043702507019,5790.262215042114,5.0,5.790262215042114,filled
2012-10-08,SZ300204,sell,6000,6000,11.786998809814452,70721.99285888672,21.216597857666013,70.72199285888672,filled
2012-10-08,SH600066,buy,5500,5500,5.479480182170867,30137.14100193977,9.04114230058193,0.0,filled
2012-10-08,SH600080,buy,3900,3900,7.252895941734313,28286.29417276382,8.485888251829145,0.0,filled
2012-10-08,SH600199,buy,500,500,20.337642917633055,10168.821458816527,5.0,0.0,filled
2012-10-08,SH600315,buy,12900,12900,28.43497891426086,366811.2279939651,110.04336839818951,0.0,filled
2012-10-08,SH600763,buy,1300,1300,10.799890702247618,14039.857912921903,5.0,0.0,filled
2012-10-08,SH600809,buy,15100,15100,24.2218332862854,365749.68262290955,109.72490478687286,0.0,filled
2012-10-08,SZ000028,buy,11600,11600,31.59568154907226,366509.9059692382,109.95297179077146,0.0,filled
2012-10-08,SZ000522,buy,400,400,19.489459766387938,7795.783906555175,5.0,0.0,filled
2012-10-08,SZ000537,buy,76800,76800,4.7808714857101435,367170.930102539,110.1512790307617,0.0,filled
2012-10-08,SZ000590,buy,3000,3000,10.70948361301422,32128.45083904266,9.638535251712797,0.0,filled
2012-10-08,SZ000661,buy,800,800,21.081998819351195,16865.599055480958,5.059679716644287,0.0,filled
2012-10-08,SZ002004,buy,4700,4700,4.8719644751548765,22898.23303322792,6.869469909968375,0.0,filled
2012-10-08,SZ002116,buy,15800,15800,6.4703988332748406,102232.30156574248,30.66969046972274,0.0,filled
2012-10-08,SZ002146,buy,115200,115200,3.1852881240844724,366945.1918945312,110.08355756835935,0.0,filled
2012-10-08,SZ002304,buy,500,100,71.4252280807495,7142.52280807495,5.0,0.0,partial_volume_or_cash
2012-10-08,SZ002310,buy,47900,800,7.659456251621245,6127.565001296996,5.0,0.0,partial_volume_or_cash
2012-11-01,SH600066,sell,67000,67000,5.40005537366867,361803.71003580093,108.54111301074028,361.8037100358009,filled
2012-11-01,SH600080,sell,50600,50600,6.979587598800659,353167.13249931333,105.95013974979399,353.1671324993133,filled
2012-11-01,SH600199,sell,18000,18000,19.750725872039794,355513.0656967163,106.65391970901489,355.5130656967163,filled
2012-11-01,SH600315,sell,800,800,30.429363784790038,24343.49102783203,7.303047308349608,24.34349102783203,filled
2012-11-01,SH600568,sell,135200,135200,2.836188377380371,383452.66862182616,115.03580058654784,383.45266862182615,filled
2012-11-01,SH600763,sell,34000,34000,10.622796097755431,361175.0673236847,108.35252019710539,361.1750673236847,filled
2012-11-01,SH600809,sell,2300,2300,28.87812307548523,66419.68307361603,19.925904922084808,66.41968307361603,filled
2012-11-01,SZ000028,sell,11600,11600,30.472436285018922,353480.2609062195,106.04407827186583,353.4802609062195,filled
2012-11-01,SZ000522,sell,18800,18800,19.86972639656067,373550.85625534056,112.06525687660216,373.5508562553406,filled
2012-11-01,SZ000537,sell,7700,7700,5.362904508590698,41294.364716148375,12.388309414844512,41.29436471614837,filled
2012-11-01,SZ000590,sell,34200,34200,9.788312850952149,334760.2995025635,100.42808985076904,334.7602995025635,filled
2012-11-01,SZ000661,sell,17400,17400,26.215413694381713,456148.1982822418,136.84445948467254,456.1481982822418,filled
2012-11-01,SZ000848,sell,75000,75000,4.393280220508576,329496.01653814316,98.84880496144294,329.4960165381432,filled
2012-11-01,SZ002116,sell,56700,56700,6.193811718463897,351189.124436903,105.35673733107089,351.189124436903,filled
2012-11-01,SZ002146,sell,12800,12800,3.6160135645866394,46284.97362670898,13.885492088012693,46.28497362670898,filled
2012-11-01,SZ002304,sell,4700,4700,67.46760585021973,317097.74749603274,95.12932424880981,317.09774749603275,filled
2012-11-01,SZ002310,sell,800,800,7.010360475540161,5608.288380432129,5.0,5.608288380432129,filled
2012-11-01,SH600048,buy,69800,69800,5.321343668937683,371429.78809185023,111.42893642755506,0.0,filled
2012-11-01,SH600077,buy,74700,74700,4.976063793659209,371711.96538634296,111.51358961590287,0.0,filled
2012-11-01,SH600340,buy,84800,84800,4.381679471969604,371566.4192230224,111.46992576690671,0.0,filled
2012-11-01,SH600383,buy,101600,101600,3.658025394201278,371655.38005084987,111.49661401525495,0.0,filled
2012-11-01,SH600436,buy,700,700,22.626468534469602,15838.527974128721,5.0,0.0,filled
2012-11-01,SH600637,buy,1000,1000,10.64414696407318,10644.14696407318,5.0,0.0,filled
2012-11-01,SH600684,buy,125700,125700,2.9561836113929747,371592.2799520969,111.47768398562907,0.0,filled
2012-11-01,SH601633,buy,71900,71900,5.16980888557434,371709.25887279504,111.5127776618385,0.0,filled
2012-11-01,SZ000002,buy,63300,63300,5.871816534996032,371685.98666524887,111.50579599957464,0.0,filled
2012-11-01,SZ000043,buy,78700,78700,4.719194880485534,371400.63709421153,111.42019112826345,0.0,filled
2012-11-01,SZ000049,buy,24700,24700,15.010665034294126,370763.4263470649,111.22902790411946,0.0,filled
2012-11-01,SZ000671,buy,191200,191200,1.9440117193460462,371695.04073896405,111.5085122216892,0.0,filled
2012-11-01,SZ000799,buy,100,100,53.08913839721679,5308.913839721679,5.0,0.0,filled
2012-11-01,SZ000963,buy,300,300,8.745177099227904,2623.553129768371,5.0,0.0,filled
2012-11-01,SZ001914,buy,79500,79500,4.67415744113922,371595.516570568,111.4786549711704,0.0,filled
2012-11-01,SZ002004,buy,800,800,4.881027713298797,3904.8221706390377,5.0,0.0,filled
2012-11-01,SZ002038,buy,28100,28100,13.194102476119994,370754.27957897185,111.22628387369154,0.0,filled
2012-11-01,SZ002051,buy,1500,800,14.690120047569273,11752.096038055419,5.0,0.0,partial_volume_or_cash
2012-12-03,SH600048,sell,6500,6500,5.487493692398071,35668.70900058746,10.700612700176238,35.66870900058746,filled
2012-12-03,SH600315,sell,100,100,28.921138412475585,2892.1138412475584,5.0,2.8921138412475584,filled
2012-12-03,SH600340,sell,84800,84800,4.621319622516632,391887.9039894104,117.5663711968231,391.8879039894104,filled
2012-12-03,SH600383,sell,7800,7800,3.7067740201950072,28912.837357521057,8.673851207256316,28.912837357521056,filled
2012-12-03,SH600436,sell,16400,16400,21.434754878997804,351529.980015564,105.4589940046692,351.52998001556404,filled
2012-12-03,SH600637,sell,34900,34900,9.13542768573761,318826.4262322426,95.64792786967277,318.8264262322426,filled
2012-12-03,SH600684,sell,14100,14100,3.1147717530727386,43918.28171832561,13.175484515497683,43.918281718325616,filled
2012-12-03,SZ000002,sell,7000,7000,6.177783146381378,43244.48202466965,12.973344607400893,43.24448202466965,filled
2012-12-03,SZ000043,sell,2900,2900,4.586177568912506,13299.914949846267,5.0,13.299914949846267,filled
2012-12-03,SZ000537,sell,300,300,5.054340205192566,1516.3020615577698,5.0,1.5163020615577698,filled
2012-12-03,SZ000671,sell,33100,33100,2.199470405101776,72802.47040886879,21.840741122660635,72.80247040886879,filled
2012-12-03,SZ000963,sell,42500,42500,7.77492784166336,330434.4332706928,99.13032998120784,330.4344332706928,filled
2012-12-03,SZ001914,sell,3000,3000,4.54241005897522,13627.23017692566,5.0,13.627230176925659,filled
2012-12-03,SZ002051,sell,500,500,14.375265458106995,7187.632729053497,5.0,7.187632729053497,filled
2012-12-03,SZ002146,sell,13100,13100,3.8885057208538054,50939.42494318485,15.281827482955453,50.939424943184854,filled
2012-12-03,SH600077,buy,6500,6500,4.28940847158432,27881.15506529808,8.364346519589423,0.0,filled
2012-12-03,SH600197,buy,34000,34000,10.249613534927366,348486.86018753046,104.54605805625913,0.0,filled
2012-12-03,SH600519,buy,200,200,149.68204899597166,29936.40979919433,8.9809229397583,0.0,filled
2012-12-03,SH600559,buy,58100,58100,5.992966941356658,348191.37929282186,104.45741378784655,0.0,filled
2012-12-03,SH600809,buy,2300,2300,22.93479810142517,52750.03563327789,15.825010689983365,0.0,filled
2012-12-03,SH601633,buy,100,100,4.838981123447418,483.8981123447418,5.0,0.0,filled
2012-12-03,SZ000049,buy,3700,3700,12.260784646034239,45364.90319032668,13.609470957098003,0.0,filled
2012-12-03,SZ000563,buy,152500,152500,2.2845464968681335,348393.34077239037,104.5180022317171,0.0,filled
2012-12-03,SZ000631,buy,172500,172500,2.0204357757568356,348525.17131805414,104.55755139541623,0.0,filled
2012-12-03,SZ000651,buy,44600,19700,7.805754900455474,153773.37153897283,46.132011461691846,0.0,partial_volume_or_cash
2013-01-04,SH600048,sell,1300,1300,6.596416218280792,8575.34108376503,5.0,8.57534108376503,filled
2013-01-04,SH600077,sell,9800,9800,5.726732325553894,56121.97679042816,16.83659303712845,56.121976790428164,filled
2013-01-04,SH600197,sell,2000,2000,12.772751229286193,25545.502458572388,7.663650737571715,25.54550245857239,filled
2013-01-04,SH600383,sell,12500,12500,5.031521116733551,62894.013959169395,18.868204187750816,62.8940139591694,filled
2013-01-04,SH600559,sell,3500,3500,7.492631475448609,26224.21016407013,7.867263049221038,26.22421016407013,filled
2013-01-04,SH600684,sell,32700,32700,5.185601291656494,169569.16223716736,50.8707486711502,169.56916223716738,filled
2013-01-04,SH601633,sell,7500,7500,6.335150683879852,47513.63012909889,14.254089038729667,47.51363012909889,filled
2013-01-04,SZ000043,sell,15300,15300,6.754567368507385,103344.88073816299,31.003464221448894,103.34488073816298,filled
2013-01-04,SZ000537,sell,7100,7100,6.626267337799073,47046.49809837341,14.113949429512022,47.04649809837341,filled
2013-01-04,SZ000563,sell,152500,152500,2.8959527814388277,441632.79916942125,132.48983975082638,441.6327991694213,filled
2013-01-04,SZ000631,sell,19800,19800,2.679780467748642,53059.65326142311,15.917895978426932,53.059653261423115,filled
2013-01-04,SZ000671,sell,11500,11500,2.7895705654621126,32080.061502814293,9.624018450844288,32.080061502814296,filled
2013-01-04,SZ001914,sell,15400,15400,6.690105813503266,103027.6295279503,30.908288858385085,103.0276295279503,filled
2013-01-04,SZ002038,sell,28100,28100,13.438832528114318,377631.1940400123,113.28935821200369,377.6311940400123,filled
2013-01-04,SZ002051,sell,24100,24100,14.894609676361084,358960.0932003021,107.68802796009062,358.9600932003021,filled
2013-01-04,SZ002081,sell,2200,2200,11.451136201858521,25192.499644088744,7.557749893226623,25.192499644088745,filled
2013-01-04,SZ002146,sell,8200,8200,5.0334994411468506,41274.695417404175,12.38240862522125,41.274695417404175,filled
2013-01-04,SH600315,buy,1500,1500,30.249745817184444,45374.618725776665,13.612385617732999,0.0,filled
2013-01-04,SH600340,buy,67900,67900,6.030895743370055,409497.82097482675,122.84934629244802,0.0,filled
2013-01-04,SH600519,buy,400,400,148.97985519409178,59591.94207763671,17.877582623291012,0.0,filled
2013-01-04,SH600809,buy,300,300,26.540848058700558,7962.254417610167,5.0,0.0,filled
2013-01-04,SZ000049,buy,2800,2800,13.121146941184996,36739.211435317986,11.021763430595394,0.0,filled
2013-01-04,SZ000651,buy,28400,28400,8.521428526878356,242008.5701633453,72.60257104900359,0.0,filled
2013-01-04,SZ000732,buy,106700,106700,3.8415218386650083,409890.38018555637,122.9671140556669,0.0,filled
2013-01-04,SZ000799,buy,5800,5800,31.932317745208735,185207.44292221067,55.562232876663195,0.0,filled
2013-01-04,SZ000921,buy,71200,71200,5.755996771335601,409826.9701190948,122.94809103572844,0.0,filled
2013-01-04,SZ002004,buy,4700,4700,5.073655890464782,23846.182685184478,7.153854805555342,0.0,filled
2013-01-04,SZ002008,buy,52900,18900,7.736442225933074,146218.7580701351,43.86562742104053,0.0,partial_volume_or_cash
2013-02-01,SH600077,sell,500,500,5.8408596839904785,2920.4298419952393,5.0,2.9204298419952393,filled
2013-02-01,SH600315,sell,1700,1700,34.89833242034912,59327.1651145935,17.798149534378048,59.327165114593505,filled
2013-02-01,SH600383,sell,81300,81300,5.171269038677216,420424.1728444576,126.12725185333727,420.42417284445764,filled
2013-02-01,SH600559,sell,2100,2100,7.885993632316589,16560.58662786484,5.0,16.56058662786484,filled
2013-02-01,SH601633,sell,8600,8600,7.404554833889008,63679.17157144547,19.10375147143364,63.67917157144547,filled
2013-02-01,SZ000002,sell,56300,56300,8.507755319595336,478986.62449321744,143.69598734796523,478.98662449321745,filled
2013-02-01,SZ000049,sell,3400,3400,14.885470227241516,50610.59877262115,15.183179631786345,50.61059877262115,filled
2013-02-01,SZ000651,sell,48100,48100,9.627225892066955,463069.5654084205,138.92086962252614,463.06956540842054,filled
2013-02-01,SZ000671,sell,16300,16300,3.181277608394623,51854.82501683235,15.556447505049704,51.85482501683235,filled
2013-02-01,SZ000921,sell,10100,10100,6.781157801628113,68489.69379644394,20.54690813893318,68.48969379644394,filled
2013-02-01,SZ002008,sell,18900,18900,9.856670557022095,186291.0735277176,55.88732205831528,186.29107352771763,filled
2013-02-01,SZ002146,sell,81200,81200,5.237560293674469,425289.8958463669,127.58696875391006,425.2898958463669,filled
2013-02-01,SH600048,buy,3400,3400,6.351057446956633,21593.595319652555,6.478078595895766,0.0,filled
2013-02-01,SH600197,buy,1400,1400,12.43548729610443,17409.682214546203,5.222904664363861,0.0,filled
2013-02-01,SH600340,buy,7500,7500,5.505781615257263,41293.362114429474,12.388008634328841,0.0,filled
2013-02-01,SH600519,buy,600,600,125.70547491455076,75423.28494873046,22.626985484619137,0.0,filled
2013-02-01,SH600684,buy,11900,11900,4.575066578388213,54443.29228281974,16.33298768484592,0.0,filled
2013-02-01,SH600809,buy,3500,3500,21.883928335189818,76593.74917316437,22.97812475194931,0.0,filled
2013-02-01,SZ000028,buy,12600,12600,32.967531612396236,415390.89831619256,124.61726949485775,0.0,filled
2013-02-01,SZ000043,buy,1300,1300,6.71498025226593,8729.474327945709,5.0,0.0,filled
2013-02-01,SZ000537,buy,2500,2500,6.46206922674179,16155.173066854475,5.0,0.0,filled
2013-02-01,SZ000631,buy,14500,14500,2.4848219602108,36029.9184230566,10.80897552691698,0.0,filled
2013-02-01,SZ000732,buy,1900,1900,3.8229841563701625,7263.669897103309,5.0,0.0,filled
2013-02-01,SZ000799,buy,1800,1800,28.410611080169673,51139.09994430541,15.341729983291621,0.0,filled
2013-02-01,SZ001914,buy,1300,1300,6.650896552562713,8646.165518331527,5.0,0.0,filled
2013-02-01,SZ002004,buy,1500,1500,5.0451888837814325,7567.783325672149,5.0,0.0,filled
2013-02-01,SZ002038,buy,25400,25400,16.31345253562927,414361.6944049835,124.30850832149504,0.0,filled
2013-02-01,SZ002081,buy,4700,4700,10.268483666419982,48261.873232173915,14.478561969652173,0.0,filled
2013-02-01,SZ002294,buy,25100,25100,16.50112476158142,414178.2315156936,124.25346945470807,0.0,filled
2013-02-01,SZ002646,buy,20400,20400,20.347737154006957,415093.8379417419,124.52815138252257,0.0,filled
2013-02-01,SZ002653,buy,37200,13800,11.164548093795775,154070.7636943817,46.2212291083145,0.0,partial_volume_or_cash
2013-02-01,SZ300267,buy,171000,200,2.4287750349044797,485.7550069808959,5.0,0.0,partial_volume_or_cash
2013-03-01,SH600077,sell,70900,70900,5.280508940219879,374388.08386158943,112.31642515847682,374.38808386158945,filled
2013-03-01,SH600519,sell,3300,3300,122.24270908355713,403400.9399757385,121.02028199272155,403.40093997573854,filled
2013-03-01,SZ000028,sell,12600,12600,30.92886378479004,389703.6836883545,116.91110510650634,389.7036836883545,filled
2013-03-01,SZ000049,sell,27800,27800,16.164931177139284,449385.0867244721,134.81552601734163,449.3850867244721,filled
2013-03-01,SZ000537,sell,64200,64200,5.980674772739411,383959.3204098702,115.18779612296105,383.9593204098702,filled
2013-03-01,SZ000799,sell,14600,14600,28.064499647140504,409741.69484825135,122.92250845447539,409.74169484825137,filled
2013-03-01,SZ002038,sell,1200,1200,18.718254890441894,22461.905868530273,6.738571760559082,22.461905868530273,filled
2013-03-01,SZ300267,sell,200,200,2.6191333680152895,523.8266736030579,5.0,0.5238266736030579,filled
2013-03-01,SH600048,buy,8200,8200,6.164181858062744,50546.2912361145,15.163887370834349,0.0,filled
2013-03-01,SH600197,buy,1900,1900,12.85807724189758,24430.346759605403,7.329104027881621,0.0,filled
2013-03-01,SH600315,buy,200,200,37.81224575424194,7562.449150848389,5.0,0.0,filled
2013-03-01,SH600340,buy,8200,8200,5.42325498008728,44470.690836715694,13.341207251014707,0.0,filled
2013-03-01,SH600559,buy,1600,1600,8.385623148918151,13416.997038269043,5.0,0.0,filled
2013-03-01,SH600684,buy,8300,8300,4.578534264564514,38001.83439588547,11.400550318765639,0.0,filled
2013-03-01,SH600809,buy,600,600,23.24688508415222,13948.13105049133,5.0,0.0,filled
2013-03-01,SZ000011,buy,77500,77500,5.856099062442779,453847.6773393154,136.15430320179462,0.0,filled
2013-03-01,SZ000043,buy,8000,8000,6.500497299194335,52003.97839355468,15.601193518066403,0.0,filled
2013-03-01,SZ000631,buy,14900,14900,2.4918601937294005,37128.716886568065,11.138615065970418,0.0,filled
2013-03-01,SZ000651,buy,46900,46900,9.669832634925841,453515.15057802194,136.05454517340658,0.0,filled
2013-03-01,SZ000671,buy,8800,8800,3.2629700222015376,28714.136195373532,8.614240858612058,0.0,filled
2013-03-01,SZ000732,buy,3500,3500,4.047960141658782,14167.860495805739,5.0,0.0,filled
2013-03-01,SZ000921,buy,10400,10400,6.347534392356872,66014.35768051147,19.80430730415344,0.0,filled
2013-03-01,SZ001914,buy,8000,8000,6.438460321903228,51507.68257522582,15.452304772567745,0.0,filled
2013-03-01,SZ002004,buy,7300,7300,5.060945496082305,36944.90212140083,11.083470636420248,0.0,filled
2013-03-01,SZ002008,buy,41300,41300,10.968990640640257,453019.31345844263,135.9057940375328,0.0,filled
2013-03-01,SZ002081,buy,2900,2900,10.459398763656615,30332.256414604184,9.099676924381255,0.0,filled
2013-03-01,SZ002146,buy,87800,87800,5.16574551153183,453552.4559124946,136.06573677374837,0.0,filled
2013-03-01,SZ002294,buy,700,700,17.550866157531736,12285.606310272215,5.0,0.0,filled
2013-03-01,SZ002353,buy,14100,2900,32.18299923706054,93330.69778747557,27.999209336242668,0.0,partial_volume_or_cash
2013-03-01,SZ002653,buy,26200,100,11.331178409576415,1133.1178409576414,5.0,0.0,partial_volume_or_cash
2013-04-01,SH600048,sell,73600,73600,5.511356009960174,405635.8023330688,121.69074069992062,405.6358023330688,filled
2013-04-01,SH600197,sell,35300,35300,10.179905805587769,359350.67493724823,107.80520248117446,359.35067493724824,filled
2013-04-01,SH600315,sell,12000,12000,41.66129230499268,499935.5076599121,149.98065229797362,499.9355076599121,filled
2013-04-01,SH600559,sell,54100,54100,6.608725368976593,357532.0424616337,107.25961273849009,357.5320424616337,filled
2013-04-01,SH600809,sell,19500,19500,19.003994865417482,370577.8998756409,111.17336996269226,370.5778998756409,filled
2013-04-01,SH601633,sell,3600,3600,8.595738118171692,30944.65722541809,9.283397167625425,30.94465722541809,filled
2013-04-01,SZ000011,sell,77500,77500,5.135179504394531,397976.4115905762,119.39292347717284,397.97641159057616,filled
2013-04-01,SZ000043,sell,69800,69800,5.340795673370361,372787.53800125123,111.83626140037536,372.7875380012512,filled
2013-04-01,SZ000631,sell,182100,182100,2.1314216187000277,388131.876765275,116.4395630295825,388.131876765275,filled
2013-04-01,SZ000651,sell,46900,46900,9.507639444351197,445908.2899400711,133.77248698202132,445.90828994007114,filled
2013-04-01,SZ000732,sell,112100,112100,4.650989248752594,521375.8947851657,156.4127684355497,521.3758947851658,filled
2013-04-01,SZ000921,sell,71500,71500,7.038957814693451,503285.48375058174,150.9856451251745,503.28548375058176,filled
2013-04-01,SZ001914,sell,70400,70400,5.2898265480995175,372403.78898620605,111.7211366958618,372.40378898620605,filled
2013-04-01,SZ002004,sell,200,200,5.028951629161835,1005.790325832367,5.0,1.005790325832367,filled
2013-04-01,SZ002008,sell,4100,4100,12.075952311515808,49511.40447721481,14.853421343164442,49.51140447721481,filled
2013-04-01,SZ002038,sell,3100,3100,21.272335063934324,65944.23869819641,19.78327160945892,65.94423869819641,filled
2013-04-01,SZ002294,sell,1600,1600,18.577145530700683,29723.432849121094,8.917029854736327,29.723432849121096,filled
2013-04-01,SZ002646,sell,20400,20400,18.020337478637696,367614.88456420903,110.2844653692627,367.61488456420904,filled
2013-04-01,SZ002653,sell,13900,13900,13.157585583686828,182890.4396132469,54.86713188397407,182.8904396132469,filled
2013-04-01,SH600230,buy,43500,43500,10.354339089393614,450413.7503886222,135.12412511658667,0.0,filled
2013-04-01,SH600309,buy,38600,38600,11.658486935615539,450017.5957147598,135.00527871442793,0.0,filled
2013-04-01,SH600340,buy,6200,6200,5.018663113117217,31115.711301326744,9.334713390398022,0.0,filled
2013-04-01,SH600383,buy,96800,96800,4.65519423341751,450622.801794815,135.1868405384445,0.0,filled
2013-04-01,SH600557,buy,23000,23000,19.574660314559935,450217.1872348785,135.06515617046352,0.0,filled
2013-04-01,SH600562,buy,49100,49100,9.179420188903807,450709.5312751769,135.21285938255306,0.0,filled
2013-04-01,SH600684,buy,20900,20900,3.755461886644363,78489.1534308672,23.546746029260156,0.0,filled
2013-04-01,SH601166,buy,56100,56100,8.034742948532104,450749.079412651,135.2247238237953,0.0,filled
2013-04-01,SZ000563,buy,148400,148400,3.036873780965805,450672.0690953254,135.20162072859762,0.0,filled
2013-04-01,SZ000671,buy,13400,13400,2.9564697611331936,39616.69479918479,11.885008439755437,0.0,filled
2013-04-01,SZ000826,buy,29800,29800,15.12253120613098,450651.42994270317,135.19542898281094,0.0,filled
2013-04-01,SZ002016,buy,67900,67900,6.635515586376189,450551.50831494323,135.16545249448296,0.0,filled
2013-04-01,SZ002081,buy,6800,6800,9.000436986923217,61202.97151107788,18.36089145332336,0.0,filled
2013-04-01,SZ002146,buy,4300,4300,4.892917127609253,21039.543648719788,6.311863094615935,0.0,filled
2013-04-01,SZ002353,buy,8800,8800,38.40410747146606,337956.14574890136,101.3868437246704,0.0,filled
2013-04-01,SZ002450,buy,63900,63900,7.047207976341247,450316.5896882057,135.09497690646168,0.0,filled
2013-04-01,SZ300026,buy,104000,104000,4.335878807544708,450931.3959846496,135.27941879539486,0.0,filled
2013-04-01,SZ300228,buy,25100,10400,17.9346724319458,186520.5932922363,55.956177987670884,0.0,partial_volume_or_cash
2013-04-01,SZ300288,buy,31800,100,14.154467781066893,1415.4467781066894,5.0,0.0,partial_volume_or_cash
2013-05-02,SH600230,sell,43500,43500,9.46251764202118,411619.5174279213,123.48585522837638,411.6195174279213,filled
2013-05-02,SH600309,sell,1800,1800,12.022940076828004,21641.292138290406,6.492387641487121,21.641292138290407,filled
2013-05-02,SH600340,sell,8000,8000,5.4082902145385745,43266.321716308594,12.979896514892577,43.266321716308596,filled
2013-05-02,SH600383,sell,96800,96800,4.792929380893708,463955.5640705109,139.18666922115327,463.95556407051095,filled
2013-05-02,SH600557,sell,23000,23000,19.1199066696167,439757.8534011841,131.9273560203552,439.7578534011841,filled
2013-05-02,SH600684,sell,16200,16200,4.2612722010612485,69032.60965719222,20.709782897157666,69.03260965719222,filled
2013-05-02,SH601166,sell,56100,56100,8.36699370288849,469388.34673204424,140.81650401961326,469.3883467320442,filled
2013-05-02,SH601633,sell,5400,5400,9.436543619155884,50957.335543441775,15.28720066303253,50.95733554344178,filled
2013-05-02,SZ000563,sell,148400,148400,3.6626740107536317,543540.823195839,163.06224695875167,543.5408231958389,filled
2013-05-02,SZ000671,sell,22500,22500,3.4028837642669676,76564.88469600677,22.96946540880203,76.56488469600677,filled
2013-05-02,SZ000826,sell,2400,2400,16.151415882110594,38763.39811706543,11.629019435119629,38.76339811706543,filled
2013-05-02,SZ002004,sell,89400,89400,4.560364555835724,407696.5912917137,122.3089773875141,407.69659129171373,filled
2013-05-02,SZ002008,sell,37200,37200,10.080227408409119,374984.4595928192,112.49533787784576,374.98445959281923,filled
2013-05-02,SZ002016,sell,67900,67900,6.282146070957184,426557.7182179928,127.96731546539783,426.55771821799283,filled
2013-05-02,SZ002081,sell,50100,50100,10.240144426345825,513031.23575992585,153.90937072797774,513.0312357599258,filled
2013-05-02,SZ002146,sell,92100,92100,4.836858376979828,445474.65651984216,133.64239695595265,445.47465651984214,filled
2013-05-02,SZ002294,sell,1600,1600,19.57927998161316,31326.847970581053,9.398054391174314,31.326847970581053,filled
2013-05-02,SZ002353,sell,600,600,39.655971599578855,23793.582959747313,7.138074887924193,23.793582959747315,filled
2013-05-02,SZ002450,sell,5400,5400,7.554948932647705,40796.72423629761,12.239017270889281,40.796724236297614,filled
2013-05-02,SZ300026,sell,400,400,4.270719378948212,1708.2877515792848,5.0,1.7082877515792847,filled
2013-05-02,SZ300288,sell,100,100,13.074495958328248,1307.4495958328248,5.0,1.3074495958328247,filled
2013-05-02,SH600332,buy,14500,14500,30.43620184707641,441324.926782608,132.39747803478238,0.0,filled
2013-05-02,SH600535,buy,18900,18900,23.460336084365842,443400.3519945144,133.02010559835432,0.0,filled
2013-05-02,SH600562,buy,800,800,8.878896615028381,7103.117292022705,5.0,0.0,filled
2013-05-02,SH600728,buy,111500,111500,3.976006011486053,443324.6702806949,132.99740108420846,0.0,filled
2013-05-02,SZ000661,buy,11600,11600,38.13744932556152,442394.41217651364,132.71832365295407,0.0,filled
2013-05-02,SZ000732,buy,87500,87500,5.064427501678466,443137.4063968658,132.94122191905973,0.0,filled
2013-05-02,SZ000848,buy,70300,70300,6.305789464950561,443296.9993860244,132.98909981580732,0.0,filled
2013-05-02,SZ000921,buy,61100,61100,7.256465773105621,443370.0587367534,133.011017621026,0.0,filled
2013-05-02,SZ002035,buy,133400,133400,3.3225827217102046,443232.5350761413,132.96976052284236,0.0,filled
2013-05-02,SZ002038,buy,600,600,20.408130739212034,12244.878443527221,5.0,0.0,filled
2013-05-02,SZ002447,buy,94100,94100,4.709831889152526,443195.1807692527,132.9585542307758,0.0,filled
2013-05-02,SZ300202,buy,35600,35600,12.427805404663085,442429.8724060058,132.72896172180174,0.0,filled
2013-05-02,SZ300228,buy,13200,13200,18.739807588577268,247365.46016921994,74.20963805076597,0.0,filled
2013-05-02,SZ300251,buy,86300,37300,5.135848949432373,191567.1658138275,57.470149744148245,0.0,partial_volume_or_cash
2013-06-03,SH600332,sell,14500,14500,34.164352626800536,495383.1130886078,148.61493392658232,495.3831130886078,filled
2013-06-03,SH600340,sell,14700,14700,7.079267901420593,104065.23815088272,31.219571445264815,104.06523815088272,filled
2013-06-03,SH600535,sell,1300,1300,26.89474924278259,34963.17401561737,10.48895220468521,34.96317401561737,filled
2013-06-03,SH600562,sell,49900,49900,9.685613376617432,483312.1074932099,144.99363224796295,483.3121074932099,filled
2013-06-03,SH600684,sell,3900,3900,4.757703011512756,18555.04174489975,5.566512523469925,18.55504174489975,filled
2013-06-03,SH600728,sell,111500,111500,5.85756373500824,653118.3564534187,195.9355069360256,653.1183564534188,filled
2013-06-03,SZ000671,sell,24600,24600,4.508112115859985,110899.55805015564,33.26986741504669,110.89955805015565,filled
2013-06-03,SZ000826,sell,27400,27400,20.28219536590576,555732.1530258178,166.71964590774533,555.7321530258179,filled
2013-06-03,SZ000848,sell,2000,2000,6.960628934383393,13921.257868766785,5.0,13.921257868766785,filled
2013-06-03,SZ002038,sell,2500,2500,24.728944650650025,61822.36162662506,18.546708487987516,61.82236162662506,filled
2013-06-03,SZ002353,sell,1000,1000,46.67254190826416,46672.54190826416,14.001762572479247,46.67254190826416,filled
2013-06-03,SZ002450,sell,4800,4800,8.84308916759491,42446.828004455565,12.734048401336668,42.44682800445557,filled
2013-06-03,SZ300026,sell,7400,7400,4.938951920986176,36548.2442152977,10.96447326458931,36.5482442152977,filled
2013-06-03,SZ300202,sell,35600,35600,12.53569623184204,446270.7858535766,133.88123575607298,446.2707858535766,filled
2013-06-03,SZ300228,sell,5400,5400,26.01473833465576,140479.58700714112,42.14387610214233,140.47958700714113,filled
2013-06-03,SH600086,buy,65200,65200,7.29989323234558,475953.03874893184,142.78591162467953,0.0,filled
2013-06-03,SH600309,buy,3400,3400,11.846116203308105,40276.79509124756,12.083038527374265,0.0,filled
2013-06-03,SH601633,buy,800,800,9.973331784248352,7978.6654273986815,5.0,0.0,filled
2013-06-03,SZ000661,buy,300,300,40.02683377075195,12008.050131225586,5.0,0.0,filled
2013-06-03,SZ000732,buy,7000,7000,5.0392262773513785,35274.58394145965,10.582375182437893,0.0,filled
2013-06-03,SZ000921,buy,9800,9800,6.718213099956512,65838.48837957381,19.751546513872142,0.0,filled
2013-06-03,SZ002016,buy,65400,65400,7.276122518062591,475858.41268129344,142.75752380438803,0.0,filled
2013-06-03,SZ002035,buy,1700,1700,3.5265549819469446,5995.143469309806,5.0,0.0,filled
2013-06-03,SZ002294,buy,4000,4000,17.85697525978088,71427.90103912352,21.428370311737055,0.0,filled
2013-06-03,SZ002447,buy,3100,3100,4.8984725852012625,15185.265014123914,5.0,0.0,filled
2013-06-03,SZ002467,buy,123500,123500,3.855696393728256,476178.5046254396,142.85355138763185,0.0,filled
2013-06-03,SZ300027,buy,63500,63500,7.493898937702178,475862.5825440883,142.75877476322648,0.0,filled
2013-06-03,SZ300058,buy,47100,47100,10.110895586967468,476223.18214616773,142.8669546438503,0.0,filled
2013-06-03,SZ300251,buy,47700,47700,5.600600517749786,267148.6446966648,80.14459340899944,0.0,filled
2013-06-03,SZ300293,buy,45800,32500,10.382583667755126,337433.9692020416,101.23019076061247,0.0,partial_volume_or_cash
2013-07-01,SH600086,sell,65200,65200,6.845365456581115,446317.82776908873,133.89534833072662,446.31782776908875,filled
2013-07-01,SH600309,sell,40200,40200,10.922706839561462,439092.81495037075,131.7278444851112,439.0928149503708,filled
2013-07-01,SH600340,sell,2500,2500,6.822114785671234,17055.286964178085,5.116586089253425,17.055286964178087,filled
2013-07-01,SH601633,sell,2200,2200,9.67927968978882,21294.4153175354,6.388324595260619,21.2944153175354,filled
2013-07-01,SZ000661,sell,1300,1300,41.24674831008911,53620.77280311584,16.08623184093475,53.62077280311584,filled
2013-07-01,SZ000732,sell,94500,94500,4.330522606372833,409234.38630223274,122.7703158906698,409.23438630223274,filled
2013-07-01,SZ000848,sell,1500,1500,6.594620816230774,9891.93122434616,5.0,9.89193122434616,filled
2013-07-01,SZ002016,sell,65400,65400,5.930871777534485,387879.0142507553,116.36370427522658,387.8790142507553,filled
2013-07-01,SZ002038,sell,1000,1000,24.150932847976684,24150.932847976685,7.245279854393004,24.150932847976684,filled
2013-07-01,SZ002353,sell,300,300,44.87571458816528,13462.714376449585,5.0,13.462714376449584,filled
2013-07-01,SZ002447,sell,97200,97200,3.8293412926197052,372211.97364263533,111.6635920927906,372.2119736426353,filled
2013-07-01,SZ002450,sell,6000,6000,9.23645989894867,55418.759393692024,16.625627818107606,55.41875939369203,filled
2013-07-01,SZ300026,sell,3400,3400,4.750531883239746,16151.808403015137,5.0,16.15180840301514,filled
2013-07-01,SZ300058,sell,3000,3000,9.992043585777283,29976.13075733185,8.992839227199555,29.976130757331852,filled
2013-07-01,SZ300228,sell,100,100,24.329752796173096,2432.9752796173098,5.0,2.4329752796173096,filled
2013-07-01,SZ300251,sell,9500,9500,5.832291867256164,55406.77273893356,16.622031821680068,55.40677273893356,filled
2013-07-01,SH600332,buy,14100,14100,31.218087993621822,440175.04071006767,132.0525122130203,0.0,filled
2013-07-01,SH600535,buy,100,100,24.857258497238156,2485.725849723816,5.0,0.0,filled
2013-07-01,SH600658,buy,79100,79100,5.578810656547546,441283.9229329109,132.38517687987326,0.0,filled
2013-07-01,SH600684,buy,14100,14100,3.8751154363155362,54639.12765204906,16.391738295614715,0.0,filled
2013-07-01,SZ000671,buy,5500,5500,3.981957401037216,21900.765705704685,6.570229711711405,0.0,filled
2013-07-01,SZ000826,buy,25700,25700,17.13960287284851,440487.7938322067,132.146338149662,0.0,filled
2013-07-01,SZ000921,buy,300,300,6.198681636333465,1859.6044909000393,5.0,0.0,filled
2013-07-01,SZ002018,buy,124600,124600,3.5435141868591304,441521.86768264766,132.4565603047943,0.0,filled
2013-07-01,SZ002035,buy,15200,15200,2.9388089046478267,44669.89535064697,13.40096860519409,0.0,filled
2013-07-01,SZ002294,buy,1800,1800,15.533804991722105,27960.84898509979,8.388254695529936,0.0,filled
2013-07-01,SZ002305,buy,87800,86100,5.03100454378128,433169.4912195682,129.95084736587043,0.0,partial_volume_or_cash
2013-08-01,SH600332,sell,14100,14100,32.2629165802002,454907.1237808228,136.47213713424682,454.9071237808228,filled
2013-08-01,SH600340,sell,400,400,7.036395948886871,2814.5583795547486,5.0,2.814558379554749,filled
2013-08-01,SH600535,sell,2300,2300,29.267284687042235,67314.75478019714,20.19442643405914,67.31475478019713,filled
2013-08-01,SH601633,sell,1300,1300,10.22111383152008,13287.447980976105,5.0,13.287447980976106,filled
2013-08-01,SZ000661,sell,500,500,44.75911682510376,22379.55841255188,6.713867523765563,22.37955841255188,filled
2013-08-01,SZ000826,sell,25700,25700,20.293304088592528,521537.915076828,156.4613745230484,521.537915076828,filled
2013-08-01,SZ002018,sell,124600,124600,3.8192950916290282,475884.1684169769,142.76525052509308,475.88416841697693,filled
2013-08-01,SZ002294,sell,700,700,16.284213706970213,11398.94959487915,5.0,11.39894959487915,filled
2013-08-01,SZ300026,sell,6600,6600,5.240586134433746,34587.86848726273,10.376360546178818,34.587868487262725,filled
2013-08-01,SZ300027,sell,63500,63500,9.818310213088989,623462.6985311508,187.03880955934522,623.4626985311509,filled
2013-08-01,SZ300058,sell,2700,2700,10.897512142181396,29423.28278388977,8.826984835166929,29.423282783889768,filled
2013-08-01,SZ300251,sell,11700,11700,7.083317916870117,82874.81962738036,24.862445888214108,82.87481962738036,filled
2013-08-01,SH600086,buy,61400,61400,7.3766448454856866,452925.99351282115,135.87779805384633,0.0,filled
2013-08-01,SH600406,buy,45000,45000,10.068302949905394,453073.63274574274,135.9220898237228,0.0,filled
2013-08-01,SH600658,buy,3300,3300,5.495679741859435,18135.743148136135,5.44072294444084,0.0,filled
2013-08-01,SH600684,buy,900,900,3.940270467281341,3546.243420553207,5.0,0.0,filled
2013-08-01,SZ000011,buy,70300,70300,6.441093663215637,452808.88452405925,135.84266535721775,0.0,filled
2013-08-01,SZ000671,buy,3900,3900,3.944325726985931,15382.870335245132,5.0,0.0,filled
2013-08-01,SZ000848,buy,700,700,6.70296578168869,4692.076047182083,5.0,0.0,filled
2013-08-01,SZ000921,buy,1200,1200,6.252767517089843,7503.321020507812,5.0,0.0,filled
2013-08-01,SZ002035,buy,2300,2300,2.9690658388137816,6828.851429271697,5.0,0.0,filled
2013-08-01,SZ002038,buy,1900,1900,22.503353981018066,42756.372563934325,12.826911769180295,0.0,filled
2013-08-01,SZ002305,buy,1700,1700,5.155961051940918,8765.13378829956,5.0,0.0,filled
2013-08-01,SZ002344,buy,27400,27400,16.52898462486267,452894.1787212372,135.86825361637113,0.0,filled
2013-08-01,SZ002353,buy,500,500,43.61080127334594,21805.40063667297,6.541620191001891,0.0,filled
2013-08-01,SZ002450,buy,4700,4700,8.634322833061217,40581.31731538772,12.174395194616315,0.0,filled
2013-08-01,SZ002467,buy,3700,3700,3.561447828292846,13177.356964683531,5.0,0.0,filled
2013-08-01,SZ300014,buy,120400,90700,3.762981729984283,341302.4429095745,102.39073287287233,0.0,partial_volume_or_cash
2013-09-02,SH600086,sell,61400,61400,7.301792003631592,448330.0290229797,134.4990087068939,448.3300290229797,filled
2013-09-02,SH600340,sell,3400,3400,7.7969418811798095,26509.602396011353,7.952880718803405,26.509602396011353,filled
2013-09-02,SH600406,sell,45000,45000,11.211197319030761,504503.8793563843,151.35116380691528,504.5038793563843,filled
2013-09-02,SH600535,sell,15400,15400,26.945388250350952,414958.97905540466,124.4876937166214,414.95897905540465,filled
2013-09-02,SH600658,sell,82400,82400,5.750995262145996,473882.0096008301,142.16460288024902,473.8820096008301,filled
2013-09-02,SH600684,sell,7600,7600,4.418685945510864,33582.01318588257,10.07460395576477,33.58201318588257,filled
2013-09-02,SH601633,sell,5700,5700,12.318428289413452,70215.04124965667,21.064512374897,70.21504124965668,filled
2013-09-02,SZ000011,sell,70300,70300,7.481370317459106,525940.3333173752,157.78209999521255,525.9403333173751,filled
2013-09-02,SZ000661,sell,10100,10100,47.66521965408325,481418.71850624087,144.42561555187226,481.41871850624085,filled
2013-09-02,SZ000671,sell,3500,3500,4.261412727355957,14914.94454574585,5.0,14.91494454574585,filled
2013-09-02,SZ000848,sell,67500,67500,6.814298665523529,459965.1599228382,137.98954797685144,459.9651599228382,filled
2013-09-02,SZ002035,sell,152600,152600,3.325004329919815,507395.66074576374,152.21869822372912,507.39566074576373,filled
2013-09-02,SZ002294,sell,600,600,17.456873720169067,10474.12423210144,5.0,10.47412423210144,filled
2013-09-02,SZ002305,sell,5400,5400,5.753706228733063,31070.01363515854,9.32100409054756,31.07001363515854,filled
2013-09-02,SZ002450,sell,52400,52400,8.679051632881164,454782.30556297296,136.43469166889187,454.78230556297297,filled
2013-09-02,SZ002467,sell,3400,3400,3.8301465797424314,13022.498371124268,5.0,13.022498371124268,filled
2013-09-02,SZ300058,sell,41400,41400,11.416332364082336,472636.1598730087,141.7908479619026,472.63615987300875,filled
2013-09-02,SH600067,buy,64600,64600,7.351034085750579,474876.8019394874,142.4630405818462,0.0,filled
2013-09-02,SH600182,buy,42200,42200,11.239498801231383,474306.84941196436,142.2920548235893,0.0,filled
2013-09-02,SH600252,buy,108600,108600,4.37631684923172,475268.00982656475,142.58040294796942,0.0,filled
2013-09-02,SH600633,buy,30300,30300,15.683579441070554,475212.4570644378,142.56373711933134,0.0,filled
2013-09-02,SZ000049,buy,16000,16000,29.52744373130798,472439.0997009277,141.7317299102783,0.0,filled
2013-09-02,SZ000915,buy,20800,20800,22.805785856246946,474360.34580993647,142.30810374298093,0.0,filled
2013-09-02,SZ002038,buy,800,800,22.668854017257686,18135.08321380615,5.4405249641418445,0.0,filled
2013-09-02,SZ002219,buy,83700,83700,5.677225642681122,475183.7862924099,142.55513588772294,0.0,filled
2013-09-02,SZ002344,buy,3100,3100,15.558085954666137,48230.06645946502,14.469019937839505,0.0,filled
2013-09-02,SZ002353,buy,1000,1000,42.0628567123413,42062.8567123413,12.618857013702389,0.0,filled
2013-09-02,SZ002410,buy,44100,44100,10.766053913116455,474782.97756843566,142.4348932705307,0.0,filled
2013-09-02,SZ002653,buy,23600,23600,20.074356517791745,473754.8138198852,142.12644414596554,0.0,filled
2013-09-02,SZ300014,buy,13800,13800,4.546284544467926,62738.72671365738,18.82161801409721,0.0,filled
2013-09-02,SZ300026,buy,400,400,5.488045581817627,2195.2182327270507,5.0,0.0,filled
2013-09-02,SZ300070,buy,37000,37000,12.820936485290526,474374.64995574945,142.31239498672483,0.0,filled
2013-09-02,SZ300228,buy,4400,800,21.10140258789062,16881.122070312496,5.064336621093749,0.0,partial_volume_or_cash
2013-09-02,SZ300251,buy,7600,100,6.651108957290648,665.1108957290649,5.0,0.0,partial_volume_or_cash
2013-10-08,SH600182,sell,42200,42200,11.057549202919006,466628.57636318204,139.9885729089546,466.62857636318205,filled
2013-10-08,SH600340,sell,60800,60800,6.817931865692139,414530.25743408204,124.3590772302246,414.53025743408205,filled
2013-10-08,SH600633,sell,5900,5900,22.40529330253601,132191.23048496246,39.65736914548874,132.19123048496246,filled
2013-10-08,SZ000921,sell,72400,72400,7.299654574871063,528494.9912206649,158.54849736619946,528.4949912206649,filled
2013-10-08,SZ002219,sell,83700,83700,5.671365918159485,474693.32734994893,142.40799820498466,474.69332734994896,filled
2013-10-08,SZ002305,sell,82400,82400,5.459794292449951,449887.049697876,134.96611490936277,449.88704969787597,filled
2013-10-08,SZ002344,sell,3600,3600,20.27208318901062,72979.49948043823,21.893849844131466,72.97949948043824,filled
2013-10-08,SZ002467,sell,11300,11300,4.859272082805633,54909.774535703655,16.472932360711095,54.909774535703654,filled
2013-10-08,SZ300070,sell,37000,37000,13.224169323921204,489294.26498508453,146.78827949552536,489.29426498508457,filled
2013-10-08,SZ300251,sell,18200,18200,11.958611426353455,217646.72795963287,65.29401838788985,217.64672795963287,filled
2013-10-08,SH600067,buy,16800,16800,6.730262891769408,113068.41658172607,33.92052497451782,0.0,filled
2013-10-08,SH600252,buy,19000,19000,4.2930250797271725,81567.47651481628,24.470242954444885,0.0,filled
2013-10-08,SH600566,buy,41600,41600,13.147394437789915,546931.6086120604,164.0794825836181,0.0,filled
2013-10-08,SH600684,buy,16600,16600,4.422383377552032,73411.56406736374,22.02346922020912,0.0,filled
2013-10-08,SH601633,buy,600,600,13.989581570625303,8393.748942375181,5.0,0.0,filled
2013-10-08,SZ000049,buy,5800,5800,25.074327537536618,145431.09971771238,43.62932991531371,0.0,filled
2013-10-08,SZ000671,buy,32600,32600,3.8070206284523005,124108.872487545,37.232661746263496,0.0,filled
2013-10-08,SZ000732,buy,95500,95500,5.73900105190277,548074.6004567145,164.42238013701433,0.0,filled
2013-10-08,SZ000892,buy,92500,92500,5.924989791393279,548061.5557038783,164.41846671116346,0.0,filled
2013-10-08,SZ000915,buy,100,100,26.14399583816528,2614.3995838165283,5.0,0.0,filled
2013-10-08,SZ002038,buy,2900,2900,22.95835450172424,66579.2280550003,19.97376841650009,0.0,filled
2013-10-08,SZ002294,buy,2300,2300,18.635373195648192,42861.35834999084,12.85840750499725,0.0,filled
2013-10-08,SZ002353,buy,800,800,45.19098934936523,36152.79147949219,10.845837443847655,0.0,filled
2013-10-08,SZ002410,buy,3800,3800,11.421821291923521,43402.92090930938,13.020876272792814,0.0,filled
2013-10-08,SZ002653,buy,3400,3400,20.29164130401611,68991.58043365477,20.69747413009643,0.0,filled
2013-10-08,SZ300014,buy,9300,9300,4.814977957248687,44779.29500241279,13.433788500723837,0.0,filled
2013-10-08,SZ300026,buy,8400,8400,5.767416985988616,48446.30268230438,14.533890804691312,0.0,filled
2013-10-08,SZ300228,buy,3800,3800,24.09924759674072,91577.14086761474,27.47314226028442,0.0,filled
2013-10-08,SZ300293,buy,8500,8500,13.353239916801451,113502.53929281233,34.0507617878437,0.0,filled
2013-10-08,SZ300347,buy,53600,53600,10.224880078315733,548053.5721977233,164.41607165931697,0.0,filled
2013-11-01,SH600067,sell,9300,9300,6.420473010063171,59710.39899358749,17.913119698076247,59.710398993587496,filled
2013-11-01,SH600252,sell,5200,5200,3.7818710339069366,19665.72937631607,5.899718812894821,19.665729376316072,filled
2013-11-01,SH600566,sell,1500,1500,11.536488538742065,17304.732808113098,5.191419842433929,17.304732808113098,filled
2013-11-01,SH600684,sell,123900,123900,3.896340657234192,482756.6074313164,144.8269822293949,482.7566074313164,filled
2013-11-01,SZ000049,sell,21800,21800,24.59326008224487,536133.0697929382,160.83992093788143,536.1330697929382,filled
2013-11-01,SZ000671,sell,24300,24300,3.8677711851596834,93986.83979938031,28.19605193981409,93.9868397993803,filled
2013-11-01,SZ000732,sell,95500,95500,5.436534094333648,519189.00600886345,155.75670180265902,519.1890060088634,filled
2013-11-01,SZ000892,sell,92500,92500,6.273925520896912,580338.1106829643,174.10143320488928,580.3381106829644,filled
2013-11-01,SZ000915,sell,20900,20900,21.23633556175232,443839.4132406235,133.15182397218703,443.8394132406235,filled
2013-11-01,SZ002038,sell,23800,23800,19.890745319366456,473399.73860092164,142.01992158027647,473.39973860092164,filled
2013-11-01,SZ002294,sell,29400,29400,19.30961240386963,567702.6046737671,170.31078140213012,567.7026046737672,filled
2013-11-01,SZ002344,sell,26900,26900,18.83378560638428,506628.8328117371,151.9886498435211,506.6288328117371,filled
2013-11-01,SZ002353,sell,2600,2600,48.57180194091797,126286.68504638673,37.88600551391602,126.28668504638674,filled
2013-11-01,SZ002410,sell,10600,10600,12.410029520988465,131546.31292247772,39.46389387674331,131.54631292247774,filled
2013-11-01,SZ002653,sell,27000,27000,18.27405651283264,493399.52584648127,148.01985775394436,493.39952584648125,filled
2013-11-01,SZ300014,sell,19900,19900,4.926199278831482,98031.36564874649,29.409409694623946,98.03136564874649,filled
2013-11-01,SZ300026,sell,95000,95000,5.033725235939026,478203.89741420746,143.46116922426222,478.20389741420746,filled
2013-11-01,SZ300228,sell,2200,2200,22.549329420089723,49608.52472419739,14.882557417259216,49.608524724197395,filled
2013-11-01,SZ300251,sell,45700,45700,7.331591676235199,335053.7396039486,100.51612188118457,335.0537396039486,filled
2013-11-01,SZ300293,sell,41000,41000,10.48613117980957,429931.3783721924,128.9794135116577,429.9313783721924,filled
2013-11-01,SZ300347,sell,3100,3100,9.151646801948548,28370.105086040498,8.511031525812149,28.3701050860405,filled
2013-11-01,SH600340,buy,60900,60900,7.611469011783599,463538.4628176211,139.06153884528632,0.0,filled
2013-11-01,SH600392,buy,78200,78200,5.925839887619018,463400.6792118072,139.02020376354216,0.0,filled
2013-11-01,SH600398,buy,115300,115300,4.019956129550933,463500.9417372226,139.05028252116676,0.0,filled
2013-11-01,SH600633,buy,6200,6200,15.135143751144408,93837.89125709533,28.151367377128594,0.0,filled
2013-11-01,SH600658,buy,79400,79400,5.839395936489105,463648.0373572349,139.09441120717045,0.0,filled
2013-11-01,SH601633,buy,1500,1500,11.420870482444762,17131.305723667145,5.139391717100143,0.0,filled
2013-11-01,SZ000921,buy,55100,55100,8.406222111701965,463182.83835477824,138.95485150643347,0.0,filled
2013-11-01,SZ002035,buy,122500,122500,3.784711688280105,463627.1818143129,139.08815454429384,0.0,filled
2013-11-01,SZ002305,buy,87900,87900,5.272696781158447,463470.0470638275,139.04101411914823,0.0,filled
2013-11-01,SZ002467,buy,6600,6600,3.8937294888496394,25698.61462640762,7.709584387922285,0.0,filled
2013-11-01,SZ002508,buy,52200,52200,8.875913402557373,463322.67961349484,138.99680388404843,0.0,filled
2013-11-01,SZ300017,buy,88900,88900,5.214673537254333,463584.4774619102,139.07534323857305,0.0,filled
2013-11-01,SZ300058,buy,38000,38000,12.180701858520507,462866.6706237793,138.86000118713378,0.0,filled
2013-11-01,SZ300202,buy,30300,30300,15.280744566917418,463006.56037759775,138.9019681132793,0.0,filled
2013-11-01,SZ300273,buy,34300,34300,13.49335639476776,462822.12434053415,138.84663730216025,0.0,filled
2013-11-01,SZ300349,buy,41800,41800,11.071853715896605,462803.48532447807,138.8410455973434,0.0,filled
2013-11-01,SZ300352,buy,191000,124100,2.427899641036987,301302.3454526901,90.39070363580701,0.0,partial_volume_or_cash
2013-12-02,SH600067,sell,72100,72100,6.294676252841949,453846.1578299045,136.15384734897134,453.84615782990454,filled
2013-12-02,SH600252,sell,122400,122400,3.879412478685379,474840.0873910904,142.4520262173271,474.84008739109044,filled
2013-12-02,SH600392,sell,7900,7900,6.88212522983551,54368.78931570053,16.31063679471016,54.36878931570053,filled
2013-12-02,SH600398,sell,115300,115300,5.109340767860413,589106.9905343056,176.73209716029166,589.1069905343056,filled
2013-12-02,SH600566,sell,1900,1900,12.663490367889404,24060.631698989866,7.218189509696959,24.060631698989866,filled
2013-12-02,SH600658,sell,5700,5700,6.5604781665802,37394.725549507144,11.218417664852142,37.39472554950714,filled
2013-12-02,SZ000671,sell,119600,119600,3.43325554561615,410617.36325569154,123.18520897670746,410.61736325569154,filled
2013-12-02,SZ002410,sell,100,100,12.980404314994813,1298.0404314994812,5.0,1.2980404314994811,filled
2013-12-02,SZ300017,sell,4100,4100,5.708629680633545,23405.381690597536,7.02161450717926,23.405381690597537,filled
2013-12-02,SZ300202,sell,5800,5800,19.758378124237062,114598.59312057497,34.37957793617249,114.59859312057498,filled
2013-12-02,SZ300273,sell,3300,3300,15.607172309875489,51503.66862258912,15.451100586776734,51.50366862258912,filled
2013-12-02,SZ300347,sell,50500,50500,10.042209091186523,507131.55910491943,152.1394677314758,507.13155910491946,filled
2013-12-02,SZ300349,sell,1100,1100,11.891618016242981,13080.77981786728,5.0,13.080779817867281,filled
2013-12-02,SH600161,buy,58800,58800,8.24562313556671,484842.6403713226,145.45279211139675,0.0,filled
2013-12-02,SH600340,buy,10300,10300,6.80896290063858,70132.31787657738,21.039695362973212,0.0,filled
2013-12-02,SH600633,buy,100,100,15.774299648284911,1577.4299648284912,5.0,0.0,filled
2013-12-02,SH601633,buy,200,200,11.870256835937498,2374.0513671874996,5.0,0.0,filled
2013-12-02,SZ000156,buy,22700,22700,21.340533081054684,484430.1009399413,145.32903028198237,0.0,filled
2013-12-02,SZ000921,buy,1500,1500,8.567667842864989,12851.501764297484,5.0,0.0,filled
2013-12-02,SZ002030,buy,110000,110000,4.409342681884765,485027.69500732416,145.50830850219722,0.0,filled
2013-12-02,SZ002035,buy,7900,7900,3.7186034612655634,29376.967343997952,8.813090203199385,0.0,filled
2013-12-02,SZ002153,buy,43000,43000,11.268230239868164,484533.90031433105,145.3601700942993,0.0,filled
2013-12-02,SZ002305,buy,9200,9200,4.993743504047393,45942.44023723602,13.782732071170805,0.0,filled
2013-12-02,SZ002353,buy,400,400,48.836408164978025,19534.563265991208,5.860368979797362,0.0,filled
2013-12-02,SZ002467,buy,2700,2700,3.982842102527618,10753.673676824568,5.0,0.0,filled
2013-12-02,SZ002508,buy,1500,1500,9.019612599372863,13529.418899059294,5.0,0.0,filled
2013-12-02,SZ002653,buy,27100,27100,17.87664059638977,484456.9601621628,145.3370880486488,0.0,filled
2013-12-02,SZ300014,buy,9800,9800,4.674596092700957,45811.04170846938,13.743312512540815,0.0,filled
2013-12-02,SZ300058,buy,1700,1700,12.202150440216062,20743.655748367306,6.223096724510191,0.0,filled
2013-12-02,SZ300228,buy,300,300,23.274605571746825,6982.381671524047,5.0,0.0,filled
2013-12-02,SZ300315,buy,43100,4200,11.245177883148193,47229.74710922241,14.16892413276672,0.0,partial_volume_or_cash
2013-12-02,SZ300352,buy,52800,300,2.740843641042709,822.2530923128127,5.0,0.0,partial_volume_or_cash
2014-01-02,SH600340,sell,71200,71200,6.447525512695313,459063.8165039063,137.71914495117187,459.0638165039063,filled
2014-01-02,SH600566,sell,7900,7900,15.993073711395263,126345.28232002258,37.903584696006774,126.34528232002259,filled
2014-01-02,SH600633,sell,30700,30700,13.892856313705444,426510.6888307571,127.95320664922713,426.5106888307571,filled
2014-01-02,SH600658,sell,3600,3600,6.91453392791748,24892.32214050293,7.467696642150878,24.89232214050293,filled
2014-01-02,SZ000921,sell,7100,7100,9.790932832717896,69515.62311229706,20.854686933689116,69.51562311229706,filled
2014-01-02,SZ002030,sell,4000,4000,4.568749926567078,18274.99970626831,5.482499911880493,18.27499970626831,filled
2014-01-02,SZ002035,sell,200,200,3.720433890581131,744.0867781162262,5.0,0.7440867781162263,filled
2014-01-02,SZ002305,sell,97100,97100,4.5201740355491635,438908.89885182376,131.6726696555471,438.9088988518238,filled
2014-01-02,SZ002353,sell,500,500,51.09238445663452,25546.19222831726,7.663857668495178,25.54619222831726,filled
2014-01-02,SZ002410,sell,37200,37200,13.660802146911621,508181.8398651123,152.4545519595337,508.18183986511235,filled
2014-01-02,SZ002508,sell,53700,53700,9.627886127471923,517017.48504524224,155.10524551357267,517.0174850452422,filled
2014-01-02,SZ300017,sell,7000,7000,6.225638780593872,43579.471464157104,13.073841439247131,43.5794714641571,filled
2014-01-02,SZ300202,sell,700,700,20.322141036987304,14225.498725891113,5.0,14.225498725891114,filled
2014-01-02,SZ300228,sell,1300,1300,24.743807092666625,32166.949220466613,9.650084766139983,32.16694922046661,filled
2014-01-02,SZ300315,sell,4200,4200,9.427937693595887,39597.33831310272,11.879201493930816,39.597338313102725,filled
2014-01-02,SZ300349,sell,40700,40700,12.223247686386108,497486.18083591457,149.24585425077436,497.4861808359146,filled
2014-01-02,SH600161,buy,2300,2300,7.944137296676635,18271.51578235626,5.481454734706877,0.0,filled
2014-01-02,SH600252,buy,124000,124000,3.9157250723838803,485549.90897560114,145.66497269268032,0.0,filled
2014-01-02,SH600392,buy,12600,12600,5.856446069717407,73791.22047843933,22.137366143531796,0.0,filled
2014-01-02,SH600398,buy,90400,90400,5.3682049250602715,485285.72522544855,145.58571756763456,0.0,filled
2014-01-02,SH601633,buy,2300,2300,11.259091586112975,25895.910648059842,7.768773194417952,0.0,filled
2014-01-02,SZ000049,buy,16100,16100,30.130676977157588,485103.89933223714,145.53116979967112,0.0,filled
2014-01-02,SZ000156,buy,4100,4100,18.117794900894165,74282.95909366607,22.284887728099818,0.0,filled
2014-01-02,SZ002153,buy,1000,1000,11.024309423446654,11024.309423446653,5.0,0.0,filled
2014-01-02,SZ002467,buy,11500,11500,3.641090770959854,41872.54386603832,12.561763159811496,0.0,filled
2014-01-02,SZ002653,buy,700,700,17.412290449142453,12188.603314399717,5.0,0.0,filled
2014-01-02,SZ002701,buy,114000,114000,4.257216983795166,485322.7361526489,145.59682084579467,0.0,filled
2014-01-02,SZ300014,buy,2100,2100,4.589260464668273,9637.446975803374,5.0,0.0,filled
2014-01-02,SZ300058,buy,200,200,12.155235247611998,2431.0470495223994,5.0,0.0,filled
2014-01-02,SZ300133,buy,37100,37100,13.074977313041686,485081.6583138465,145.52449749415393,0.0,filled
2014-01-02,SZ300146,buy,30700,30700,15.80506539916992,485215.5077545165,145.56465232635495,0.0,filled
2014-01-02,SZ300273,buy,1000,1000,15.136037282943724,15136.037282943724,5.0,0.0,filled
2014-01-02,SZ300347,buy,47000,3900,10.323343273162841,40261.03876533508,12.078311629600522,0.0,partial_volume_or_cash
2014-01-02,SZ300352,buy,47100,200,2.8319733836650847,566.3946767330169,5.0,0.0,partial_volume_or_cash
2014-02-07,SH600392,sell,82900,82900,5.623570781707763,466194.0178035736,139.85820534107205,466.19401780357356,filled
2014-02-07,SH600398,sell,7500,7500,6.620746321678162,49655.59741258621,14.896679223775863,49.65559741258621,filled
2014-02-07,SH600566,sell,100,100,18.150618215560915,1815.0618215560914,5.0,1.8150618215560914,filled
2014-02-07,SH601633,sell,43100,43100,9.708572991371154,418439.49592809676,125.53184877842902,418.4394959280968,filled
2014-02-07,SZ000156,sell,26800,26800,23.2538015499115,623201.8815376282,186.96056446128847,623.2018815376283,filled
2014-02-07,SZ002153,sell,44000,44000,14.970859720230102,658717.8276901245,197.61534830703732,658.7178276901245,filled
2014-02-07,SZ002467,sell,133300,133300,4.185364660263062,557909.1092130662,167.37273276391983,557.9091092130661,filled
2014-02-07,SZ002653,sell,27800,27800,19.724451742172242,548339.7584323883,164.50192752971648,548.3397584323883,filled
2014-02-07,SZ002701,sell,114000,114000,4.555999189853668,519383.9076433181,155.8151722929954,519.3839076433181,filled
2014-02-07,SZ300017,sell,16100,16100,8.885029835700989,143048.98035478592,42.914694106435775,143.04898035478593,filled
2014-02-07,SZ300058,sell,4000,4000,15.272923610687256,61091.69444274902,18.327508332824706,61.091694442749024,filled
2014-02-07,SZ300133,sell,3200,3200,16.19119006347656,51811.808203124994,15.543542460937497,51.811808203125,filled
2014-02-07,SZ300202,sell,400,400,23.431331514358522,9372.532605743409,5.0,9.372532605743409,filled
2014-02-07,SZ300273,sell,1100,1100,17.723936559677124,19496.330215644837,5.848899064693451,19.49633021564484,filled
2014-02-07,SH600161,buy,3900,3900,8.460437344551085,32995.705643749236,9.89871169312477,0.0,filled
2014-02-07,SH600182,buy,49600,49600,11.0773800573349,549438.050843811,164.8314152531433,0.0,filled
2014-02-07,SH600252,buy,25300,25300,3.682770545005798,93174.09478864669,27.952228436594005,0.0,filled
2014-02-07,SH600633,buy,29300,29300,18.75003356361389,549375.983413887,164.8127950241661,0.0,filled
2014-02-07,SH600658,buy,19800,19800,6.1171607017517085,121119.78189468382,36.33593456840514,0.0,filled
2014-02-07,SH600983,buy,39800,39800,13.800180513381957,549247.1844326019,164.77415532978057,0.0,filled
2014-02-07,SZ000049,buy,3600,3600,27.873031419754025,100342.91311111448,30.10287393333434,0.0,filled
2014-02-07,SZ000921,buy,8900,8900,9.414663436889647,83790.50458831785,25.137151376495353,0.0,filled
2014-02-07,SZ002030,buy,300,300,5.172405473709106,1551.7216421127318,5.0,0.0,filled
2014-02-07,SZ002035,buy,35000,35000,3.3288500931262965,116509.75325942038,34.95292597782611,0.0,filled
2014-02-07,SZ002219,buy,67100,67100,8.19077307510376,549600.8733394623,164.88026200183867,0.0,filled
2014-02-07,SZ002353,buy,1900,1900,48.50536227035522,92160.18831367492,27.648056494102473,0.0,filled
2014-02-07,SZ002410,buy,26700,26700,20.55430528640747,548799.9511470795,164.63998534412383,0.0,filled
2014-02-07,SZ002508,buy,60400,60400,9.09349412345886,549247.0450569151,164.77411351707454,0.0,filled
2014-02-07,SZ300228,buy,3200,3200,24.2111624546051,77475.71985473631,23.24271595642089,0.0,filled
2014-02-07,SZ300267,buy,101800,19800,5.402358650684356,106966.70128355024,32.09001038506507,0.0,partial_volume_or_cash
2014-03-03,SH600182,sell,49600,49600,11.777015250205993,584139.9564102172,175.24198692306516,584.1399564102172,filled
2014-03-03,SH600252,sell,149300,149300,3.7328152098655702,557309.3108329297,167.1927932498789,557.3093108329297,filled
2014-03-03,SH600398,sell,6400,6400,6.923255132675171,44308.83284912109,13.292649854736327,44.308832849121096,filled
2014-03-03,SH600566,sell,2700,2700,19.211053453445434,51869.84432430267,15.5609532972908,51.86984432430267,filled
2014-03-03,SH600658,sell,2400,2400,6.057704142093659,14538.489941024782,5.0,14.538489941024782,filled
2014-03-03,SH600983,sell,39800,39800,12.461588856697082,495971.23649654386,148.79137094896313,495.9712364965439,filled
2014-03-03,SZ000921,sell,58400,58400,8.665644948005676,506073.6649635315,151.82209948905944,506.0736649635315,filled
2014-03-03,SZ002035,sell,165200,165200,3.2444498941898345,535983.1225201606,160.79493675604817,535.9831225201607,filled
2014-03-03,SZ002219,sell,11800,11800,9.58545576095581,113108.37797927856,33.932513393783566,113.10837797927857,filled
2014-03-03,SZ002508,sell,60400,60400,8.366324892997742,505326.0235370636,151.59780706111908,505.32602353706363,filled
2014-03-03,SZ300273,sell,4100,4100,19.75210541152954,80983.63218727111,24.295089656181332,80.98363218727111,filled
2014-03-03,SZ300352,sell,7300,7300,4.516318851470947,32969.12761573791,9.890738284721373,32.96912761573791,filled
2014-03-03,SH600161,buy,3400,3400,7.7628200292587275,26393.588099479675,7.918076429843902,0.0,filled
2014-03-03,SH600633,buy,4000,4000,15.937581129074095,63750.32451629638,19.12509735488891,0.0,filled
2014-03-03,SZ000049,buy,1100,1100,25.438974428176877,27982.871870994564,8.394861561298368,0.0,filled
2014-03-03,SZ000413,buy,85400,85400,6.218540285110473,531063.3403484344,159.3190021045303,0.0,filled
2014-03-03,SZ002030,buy,3800,3800,4.8228741626739495,18326.92181816101,5.498076545448302,0.0,filled
2014-03-03,SZ002270,buy,99300,99300,5.344317746162414,530690.7521939276,159.2072256581783,0.0,filled
2014-03-03,SZ002353,buy,400,400,45.15715351486205,18062.861405944823,5.418858421783447,0.0,filled
2014-03-03,SZ002354,buy,29400,29400,18.006584558486935,529393.5860195159,158.81807580585476,0.0,filled
2014-03-03,SZ002410,buy,3400,3400,17.605497608184812,59858.69186782836,17.957607560348507,0.0,filled
2014-03-03,SZ002701,buy,123400,123400,4.302644865989684,530946.3764631271,159.2839129389381,0.0,filled
2014-03-03,SZ300017,buy,7000,7000,7.723571454048156,54065.00017833709,16.219500053501125,0.0,filled
2014-03-03,SZ300058,buy,6100,6100,12.634414586067198,77069.92897500991,23.120978692502973,0.0,filled
2014-03-03,SZ300133,buy,5400,5400,13.488963196754455,72840.40126247406,21.852120378742214,0.0,filled
2014-03-03,SZ300202,buy,2500,2500,20.47368886184692,51184.2221546173,15.35526664638519,0.0,filled
2014-03-03,SZ300228,buy,1900,1900,21.57288953399658,40988.4901145935,12.29654703437805,0.0,filled
2014-03-03,SZ300263,buy,59400,59400,8.937830574035644,530907.1360977172,159.27214082931516,0.0,filled
2014-03-03,SZ300267,buy,66900,57700,6.1239762682914725,353353.430680418,106.00602920412538,0.0,partial_volume_or_cash
2014-04-01,SH600161,sell,68400,68400,7.4974341402053835,512824.49519004824,153.84734855701447,512.8244951900482,filled
2014-04-01,SH600398,sell,76500,76500,6.96942159318924,533160.7518789768,159.94822556369303,533.1607518789768,filled
2014-04-01,SH600566,sell,100,100,16.56493856048584,1656.493856048584,5.0,1.656493856048584,filled
2014-04-01,SH600658,sell,87500,87500,6.057787981510162,530056.4483821392,159.01693451464175,530.0564483821393,filled
2014-04-01,SZ000049,sell,20800,20800,22.781899961471556,473863.51919860835,142.1590557595825,473.86351919860834,filled
2014-04-01,SZ000413,sell,13700,13700,6.3327431588172916,86758.5812757969,26.027574382739065,86.7585812757969,filled
2014-04-01,SZ002030,sell,110100,110100,4.188139459133148,461114.1544505596,138.33424633516788,461.11415445055957,filled
2014-04-01,SZ002219,sell,8600,8600,9.713488077163696,83535.99746360778,25.060799239082332,83.53599746360779,filled
2014-04-01,SZ002270,sell,6700,6700,4.907494514465332,32880.21324691773,9.864063974075318,32.880213246917734,filled
2014-04-01,SZ002353,sell,11700,11700,38.6304211807251,451975.9278144837,135.5927783443451,451.9759278144837,filled
2014-04-01,SZ002410,sell,30100,30100,16.011413583755495,481943.5488710404,144.5830646613121,481.94354887104043,filled
2014-04-01,SZ002701,sell,123400,123400,4.807965218067169,593302.9079094887,177.99087237284658,593.3029079094887,filled
2014-04-01,SZ300014,sell,105800,105800,4.407566742897034,466320.56139850616,139.89616841955183,466.3205613985062,filled
2014-04-01,SZ300017,sell,10500,10500,7.801015238285065,81910.66000199318,24.57319800059795,81.91066000199318,filled
2014-04-01,SZ300058,sell,42000,42000,12.005936871528625,504249.34860420227,151.27480458126067,504.2493486042023,filled
2014-04-01,SZ300146,sell,30700,30700,13.020136576652527,399718.1929032326,119.91545787096976,399.7181929032326,filled
2014-04-01,SZ300202,sell,4800,4800,21.446648643493653,102943.91348876954,30.88317404663086,102.94391348876954,filled
2014-04-01,SZ300228,sell,800,800,19.019952936172487,15215.96234893799,5.0,15.21596234893799,filled
2014-04-01,SZ300267,sell,13000,13000,7.036818004131317,91478.63405370712,27.443590216112135,91.47863405370713,filled
2014-04-01,SH600323,buy,46800,46800,9.725845432281494,455169.5662307739,136.55086986923217,0.0,filled
2014-04-01,SH600633,buy,3000,3000,12.512258479118346,37536.77543735504,11.261032631206511,0.0,filled
2014-04-01,SH600835,buy,28000,28000,16.247512561798093,454930.3517303466,136.47910551910397,0.0,filled
2014-04-01,SH600885,buy,30300,30300,15.017477259635923,455029.5609669685,136.50886829009053,0.0,filled
2014-04-01,SH600894,buy,43000,43000,10.567731857299803,454412.46986389154,136.32374095916745,0.0,filled
2014-04-01,SZ000062,buy,57600,57600,7.893763009548186,454680.7493499755,136.40422480499262,0.0,filled
2014-04-01,SZ000400,buy,23500,23500,19.310220724105832,453790.18701648706,136.1370561049461,0.0,filled
2014-04-01,SZ002198,buy,45000,45000,10.11732118797302,455279.45345878595,136.58383603763576,0.0,filled
2014-04-01,SZ002268,buy,49400,49400,9.21878713798523,455408.0846164703,136.6224253849411,0.0,filled
2014-04-01,SZ002354,buy,7800,7800,12.222615755081176,95336.40288963317,28.60092086688995,0.0,filled
2014-04-01,SZ002400,buy,55100,55100,8.255667731285094,454887.29199380864,136.46618759814257,0.0,filled
2014-04-01,SZ002462,buy,28500,28500,15.936356341361998,454186.1557288169,136.25584671864507,0.0,filled
2014-04-01,SZ300005,buy,45700,45700,9.963419881820677,455328.2885992049,136.59848657976147,0.0,filled
2014-04-01,SZ300027,buy,39100,39100,11.635907119750975,454963.9683822631,136.4891905146789,0.0,filled
2014-04-01,SZ300124,buy,42300,28300,10.757187328338622,304428.40139198303,91.3285204175949,0.0,partial_volume_or_cash
2014-05-05,SH600323,sell,46800,46800,9.754334069252014,456502.83444099425,136.95085033229827,456.50283444099426,filled
2014-05-05,SH600566,sell,2500,2500,17.283951112747193,43209.87778186798,12.962963334560394,43.20987778186798,filled
2014-05-05,SH600835,sell,28000,28000,14.078212878227234,394189.96059036255,118.25698817710875,394.18996059036255,filled
2014-05-05,SZ000400,sell,23500,23500,18.285199533462524,429702.1890363693,128.91065671091079,429.7021890363693,filled
2014-05-05,SZ000413,sell,71700,71700,7.382876628398895,529352.2542562007,158.8056762768602,529.3522542562008,filled
2014-05-05,SZ002198,sell,7600,7600,11.531123768806458,87636.54064292907,26.29096219287872,87.63654064292908,filled
2014-05-05,SZ002219,sell,46700,46700,8.094934796333312,378033.4549887657,113.4100364966297,378.0334549887657,filled
2014-05-05,SZ002268,sell,49400,49400,8.706181305885314,430085.35651073453,129.02560695322035,430.0853565107345,filled
2014-05-05,SZ002270,sell,92600,92600,4.6950130405426025,434758.207554245,130.4274622662735,434.758207554245,filled
2014-05-05,SZ002354,sell,37200,37200,13.225157295227051,491975.8513824463,147.5927554147339,491.9758513824463,filled
2014-05-05,SZ002400,sell,55100,55100,8.645875994682312,476387.7673069954,142.9163301920986,476.3877673069954,filled
2014-05-05,SZ002462,sell,1200,1200,15.758305243492126,18909.96629219055,5.672989887657165,18.90996629219055,filled
2014-05-05,SZ300005,sell,45700,45700,8.855330675125122,404688.6118532181,121.40658355596543,404.6886118532181,filled
2014-05-05,SZ300017,sell,7200,7200,8.449459296226502,60836.106932830815,18.250832079849243,60.836106932830816,filled
2014-05-05,SZ300027,sell,39100,39100,10.697936222076416,418289.3062831879,125.48679188495635,418.2893062831879,filled
2014-05-05,SZ300133,sell,39300,39300,10.638596969604492,418096.86090545653,125.42905827163695,418.09686090545654,filled
2014-05-05,SZ300202,sell,600,600,20.962289279937742,12577.373567962646,5.0,12.577373567962645,filled
2014-05-05,SZ300228,sell,23800,23800,16.70590501213074,397600.53928871156,119.28016178661346,397.60053928871156,filled
2014-05-05,SZ300263,sell,59400,59400,6.564662515640259,389940.95342903136,116.9822860287094,389.94095342903137,filled
2014-05-05,SZ300267,sell,5300,5300,7.284074734210968,38605.59609131813,11.58167882739544,38.605596091318134,filled
2014-05-05,SZ300352,sell,117300,117300,3.566971078634262,418405.7075237989,125.52171225713967,418.4057075237989,filled
2014-05-05,SH600081,buy,43800,43800,9.874530651092527,432504.4425178527,129.7513327553558,0.0,filled
2014-05-05,SH600340,buy,53300,53300,8.113877790451049,432469.6862310409,129.74090586931226,0.0,filled
2014-05-05,SH600398,buy,63300,63300,6.831046309947967,432405.2314197063,129.7215694259119,0.0,filled
2014-05-05,SH600633,buy,300,300,11.798427762031555,3539.5283286094664,5.0,0.0,filled
2014-05-05,SH600885,buy,2200,2200,13.273881691932678,29202.53972225189,8.760761916675566,0.0,filled
2014-05-05,SH600894,buy,900,900,9.846335713386534,8861.70214204788,5.0,0.0,filled
2014-05-05,SZ000700,buy,88400,88400,4.888550659179687,432147.87827148434,129.64436348144528,0.0,filled
2014-05-05,SZ002065,buy,49300,49300,8.756184914588927,431679.91628923407,129.5039748867702,0.0,filled
2014-05-05,SZ002085,buy,136700,136700,3.163903502464294,432505.608786869,129.75168263606068,0.0,filled
2014-05-05,SZ002180,buy,58300,58300,7.406922304153442,431823.57033214567,129.5470710996437,0.0,filled
2014-05-05,SZ002217,buy,123700,123700,3.496187549591064,432478.3998844146,129.74351996532437,0.0,filled
2014-05-05,SZ002271,buy,96400,96400,4.48628378868103,432477.7572288513,129.74332716865538,0.0,filled
2014-05-05,SZ002285,buy,113700,113700,3.8020491645336145,432292.990007472,129.68789700224158,0.0,filled
2014-05-05,SZ002360,buy,85700,85700,5.044748800277709,432334.97218379966,129.7004916551399,0.0,filled
2014-05-05,SZ002440,buy,42800,42800,10.103579318046569,432433.1948123931,129.72995844371792,0.0,filled
2014-05-05,SZ002504,buy,110700,110700,3.9055561363697047,432345.0642961263,129.70351928883787,0.0,filled
2014-05-05,SZ300014,buy,113400,113400,3.8139106559753415,432497.4683876037,129.7492405162811,0.0,filled
2014-05-05,SZ300025,buy,59300,59300,7.281585854053496,431798.0411453723,129.53941234361167,0.0,filled
2014-05-05,SZ300058,buy,34600,15400,12.494662775993346,192417.80675029752,57.72534202508925,0.0,partial_volume_or_cash
2014-05-05,SZ300124,buy,18500,100,9.225568815231322,922.5568815231321,5.0,0.0,partial_volume_or_cash
2014-06-03,SH600081,sell,9200,9200,12.596235912322998,115885.37039337157,34.76561111801147,115.88537039337157,filled
2014-06-03,SH600340,sell,1900,1900,8.480906699180602,16113.722728443145,5.0,16.113722728443143,filled
2014-06-03,SH600566,sell,24900,24900,17.612331052780153,438547.0432142258,131.56411296426774,438.5470432142258,filled
2014-06-03,SH600633,sell,1300,1300,12.334569282531739,16034.94006729126,5.0,16.03494006729126,filled
2014-06-03,SH600885,sell,1800,1800,14.166311908721925,25499.361435699466,7.6498084307098395,25.499361435699466,filled
2014-06-03,SH600894,sell,43900,43900,8.727538444519043,383138.937714386,114.94168131431579,383.138937714386,filled
2014-06-03,SZ000062,sell,57600,57600,9.674414145469665,557246.2547790527,167.1738764337158,557.2462547790527,filled
2014-06-03,SZ000700,sell,88400,88400,4.956210931777954,438129.0463691711,131.43871391075132,438.12904636917114,filled
2014-06-03,SZ002085,sell,500,500,3.2007969489097596,1600.3984744548798,5.0,1.6003984744548798,filled
2014-06-03,SZ002180,sell,2200,2200,7.768970003128052,17091.734006881714,5.127520202064514,17.091734006881715,filled
2014-06-03,SZ002198,sell,100,100,11.669020554542541,1166.9020554542542,5.0,1.1669020554542542,filled
2014-06-03,SZ002360,sell,85700,85700,4.873780112743377,417682.95566210744,125.30488669863222,417.6829556621075,filled
2014-06-03,SZ002440,sell,1100,1100,10.455336390495301,11500.87002954483,5.0,11.500870029544831,filled
2014-06-03,SZ002462,sell,100,100,15.979095394134522,1597.9095394134522,5.0,1.5979095394134522,filled
2014-06-03,SZ002504,sell,2500,2500,4.031000098228454,10077.500245571136,5.0,10.077500245571137,filled
2014-06-03,SZ300014,sell,113400,113400,4.156415767192841,471337.54799966817,141.40126439990044,471.3375479996682,filled
2014-06-03,SZ300017,sell,1100,1100,8.728667418479919,9601.53416032791,5.0,9.60153416032791,filled
2014-06-03,SZ300058,sell,15400,15400,12.945725283622743,199364.16936779022,59.80925081033706,199.36416936779023,filled
2014-06-03,SZ300202,sell,100,100,21.287054597854613,2128.7054597854612,5.0,2.1287054597854613,filled
2014-06-03,SZ300273,sell,26800,26800,16.50001636505127,442200.438583374,132.6601315750122,442.200438583374,filled
2014-06-03,SZ300347,sell,3900,3900,10.441137994766235,40720.43817958832,12.216131453876494,40.72043817958832,filled
2014-06-03,SH600057,buy,127800,127800,3.4184056541919703,436872.2426057338,131.06167278172012,0.0,filled
2014-06-03,SH600396,buy,93600,93600,4.665699437141418,436709.46731643676,131.01284019493102,0.0,filled
2014-06-03,SH600398,buy,400,400,6.855763060569762,2742.305224227905,5.0,0.0,filled
2014-06-03,SH600570,buy,38100,38100,11.448548011779783,436189.67924880976,130.85690377464292,0.0,filled
2014-06-03,SH600856,buy,95900,95900,4.5546146283149715,436787.5428554058,131.03626285662173,0.0,filled
2014-06-03,SZ000156,buy,17400,17400,25.057510810852047,436000.68810882565,130.80020643264768,0.0,filled
2014-06-03,SZ000553,buy,38300,38300,11.406668481826781,436875.4028539657,131.0626208561897,0.0,filled
2014-06-03,SZ000600,buy,91200,91200,4.78948652601242,436801.1711723327,131.0403513516998,0.0,filled
2014-06-03,SZ002153,buy,40700,40700,10.721268495559691,436355.6277692794,130.90668833078382,0.0,filled
2014-06-03,SZ002217,buy,22300,22300,2.992891682863235,66741.48452785015,20.022445358355043,0.0,filled
2014-06-03,SZ002271,buy,1200,1200,4.477125087738036,5372.550105285643,5.0,0.0,filled
2014-06-03,SZ002285,buy,8900,8900,3.5631885924339293,31712.37847266197,9.513713541798591,0.0,filled
2014-06-03,SZ300025,buy,2900,1600,7.019249309062957,11230.798894500731,5.0,0.0,partial_volume_or_cash
2014-07-01,SH600340,sell,51400,51400,8.114678026199341,417094.45054664614,125.12833516399382,417.09445054664616,filled
2014-07-01,SH600633,sell,35300,35300,12.306863213539124,434432.2714379311,130.32968143137933,434.4322714379311,filled
2014-07-01,SH600885,sell,30700,30700,14.759717771530152,453123.33558597567,135.9370006757927,453.12333558597567,filled
2014-07-01,SZ000600,sell,91200,91200,4.679287433624268,426751.0139465332,128.02530418395995,426.7510139465332,filled
2014-07-01,SZ002065,sell,500,500,9.532293949127197,4766.146974563599,5.0,4.766146974563599,filled
2014-07-01,SZ002085,sell,3600,3600,3.51325835609436,12647.730081939697,5.0,12.647730081939697,filled
2014-07-01,SZ002153,sell,2100,2100,12.047285900115966,25299.30039024353,7.589790117073059,25.29930039024353,filled
2014-07-01,SZ002217,sell,146000,146000,3.025599244594574,441737.4897108078,132.52124691324232,441.73748971080784,filled
2014-07-01,SZ002462,sell,27200,27200,17.085802368164064,464733.82441406255,139.42014732421876,464.73382441406255,filled
2014-07-01,SZ002504,sell,300,300,4.3140076704025265,1294.202301120758,5.0,1.294202301120758,filled
2014-07-01,SZ300017,sell,900,900,9.502254667282104,8552.029200553894,5.0,8.552029200553894,filled
2014-07-01,SZ300202,sell,3100,3100,26.916215944290162,83440.2694272995,25.032080828189848,83.4402694272995,filled
2014-07-01,SZ300267,sell,4200,4200,8.46383299255371,35548.09856872558,10.664429570617674,35.548098568725585,filled
2014-07-01,SH600057,buy,12500,12500,3.326790244579315,41584.87805724144,12.475463417172431,0.0,filled
2014-07-01,SH600081,buy,2100,2100,12.694956138610838,26659.40789108276,7.997822367324827,0.0,filled
2014-07-01,SH600396,buy,10800,10800,4.469867051124572,48274.56415214538,14.482369245643612,0.0,filled
2014-07-01,SH600398,buy,1700,1700,7.1340595536231985,12127.901241159438,5.0,0.0,filled
2014-07-01,SH600570,buy,300,300,12.14324512004852,3642.9735360145564,5.0,0.0,filled
2014-07-01,SH600856,buy,7200,7200,4.525949059009552,32586.833224868773,9.776049967460631,0.0,filled
2014-07-01,SZ000062,buy,46300,46300,10.08123052215576,466760.9731758117,140.0282919527435,0.0,filled
2014-07-01,SZ000156,buy,1500,1500,24.635049739837644,36952.57460975646,11.085772382926939,0.0,filled
2014-07-01,SZ000553,buy,2900,2900,11.31995675754547,32827.87459688186,9.848362379064557,0.0,filled
2014-07-01,SZ000700,buy,96700,96700,4.8241829576492306,466498.4920046806,139.94954760140416,0.0,filled
2014-07-01,SZ002198,buy,15200,15200,8.888904934883117,135111.35501022337,40.533406503067006,0.0,filled
2014-07-01,SZ002210,buy,124500,124500,3.747904574155807,466614.119482398,139.9842358447194,0.0,filled
2014-07-01,SZ002271,buy,2400,2400,4.666422090530395,11199.413017272947,5.0,0.0,filled
2014-07-01,SZ002285,buy,12600,12600,3.451226719141006,43485.45666117668,13.045636998353002,0.0,filled
2014-07-01,SZ002360,buy,94800,94800,4.919259609699249,466345.81099948875,139.9037432998466,0.0,filled
2014-07-01,SZ002440,buy,5700,5700,9.835782300949095,56063.95911540984,16.81918773462295,0.0,filled
2014-07-01,SZ002595,buy,43900,43100,10.621484095573424,457785.9645192146,137.33578935576438,0.0,partial_volume_or_cash
2014-07-01,SZ300315,buy,50100,100,9.305176198005675,930.5176198005676,5.0,0.0,partial_volume_or_cash
2014-08-01,SH600057,sell,140300,140300,4.00813575553894,562341.4465021132,168.70243395063395,562.3414465021133,filled
2014-08-01,SH600081,sell,900,900,13.77000775051117,12393.006975460052,5.0,12.393006975460052,filled
2014-08-01,SH600398,sell,65400,65400,7.119865233421326,465639.1862657547,139.6917558797264,465.6391862657547,filled
2014-08-01,SH600856,sell,103100,103100,4.433845636367798,457129.48510952,137.138845532856,457.12948510952003,filled
2014-08-01,SZ000156,sell,18900,18900,26.201014274597167,495199.16978988645,148.5597509369659,495.19916978988647,filled
2014-08-01,SZ000553,sell,41200,41200,12.124442934036255,499527.0488822937,149.8581146646881,499.5270488822937,filled
2014-08-01,SZ002180,sell,56100,56100,11.290581813812256,633401.6397548675,190.02049192646024,633.4016397548676,filled
2014-08-01,SZ002210,sell,10800,10800,4.3342772784233095,46810.194606971745,14.043058382091523,46.81019460697175,filled
2014-08-01,SZ002271,sell,100000,100000,4.748619296550751,474861.9296550751,142.4585788965225,474.8619296550751,filled
2014-08-01,SZ002285,sell,135200,135200,4.037086077690124,545814.0377037048,163.74421131111143,545.8140377037048,filled
2014-08-01,SZ002360,sell,94800,94800,5.409754546165466,512844.7309764862,153.85341929294583,512.8447309764862,filled
2014-08-01,SZ300025,sell,60900,60900,6.9191836810112,421378.2861735821,126.41348585207461,421.37828617358207,filled
2014-08-01,SH600180,buy,45700,45700,10.805623243331908,493816.9822202682,148.14509466608047,0.0,filled
2014-08-01,SH600323,buy,43500,43500,11.349020406723021,493682.3876924514,148.1047163077354,0.0,filled
2014-08-01,SH600483,buy,83600,83600,5.909300957679748,494017.56006202695,148.20526801860808,0.0,filled
2014-08-01,SH600570,buy,3100,3100,11.90327073574066,36900.139280796044,11.070041784238812,0.0,filled
2014-08-01,SH600885,buy,34000,34000,14.505693556785582,493193.5809307098,147.95807427921292,0.0,filled
2014-08-01,SH600886,buy,110100,110100,4.485443716049194,493847.3531370163,148.15420594110486,0.0,filled
2014-08-01,SH601515,buy,71600,71600,6.901545587062835,494150.664033699,148.2451992101097,0.0,filled
2014-08-01,SZ000062,buy,3500,3500,9.91304129886627,34695.644546031945,10.408693363809583,0.0,filled
2014-08-01,SZ000673,buy,67500,67500,7.310691984176635,493471.70893192285,148.04151267957684,0.0,filled
2014-08-01,SZ000700,buy,1500,1500,5.0314641971588125,7547.196295738218,5.0,0.0,filled
2014-08-01,SZ000905,buy,51700,51700,9.54445656776428,493448.4045534133,148.03452136602397,0.0,filled
2014-08-01,SZ002085,buy,25300,25300,3.1284257078170774,79149.17040777206,23.744751122331618,0.0,filled
2014-08-01,SZ002153,buy,2800,2800,11.930039459228514,33404.11048583984,10.021233145751951,0.0,filled
2014-08-01,SZ002198,buy,2700,2700,8.940262966156006,24138.710008621216,7.241613002586364,0.0,filled
2014-08-01,SZ002440,buy,1400,1400,10.121512004852294,14170.11680679321,5.0,0.0,filled
2014-08-01,SZ002504,buy,600,600,4.553248078346252,2731.9488470077513,5.0,0.0,filled
2014-08-01,SZ002595,buy,3300,3300,10.633376851081847,35090.14360857009,10.527043082571026,0.0,filled
2014-08-01,SZ300005,buy,57100,57100,8.648854180335997,493849.57369718543,148.1548721091556,0.0,filled
2014-08-01,SZ300017,buy,12800,12800,7.989099797725677,102260.47741088866,30.678143223266595,0.0,filled
2014-08-01,SZ300124,buy,26600,26600,8.970292698860167,238609.78578968043,71.58293573690412,0.0,filled
2014-08-01,SZ300202,buy,2400,2400,25.07134337043762,60171.22408905029,18.051367226715083,0.0,filled
2014-08-01,SZ300267,buy,1400,700,8.752800758361815,6126.96053085327,5.0,0.0,partial_volume_or_cash
2014-09-01,SH600081,sell,35800,35800,12.453963280677796,445851.88544826506,133.7555656344795,445.8518854482651,filled
2014-09-01,SH600323,sell,200,200,11.744035872459412,2348.8071744918825,5.0,2.3488071744918826,filled
2014-09-01,SH600483,sell,83600,83600,5.980393243789673,499960.8751808167,149.98826255424498,499.9608751808167,filled
2014-09-01,SH600570,sell,41500,41500,13.088585743904114,543176.3083720207,162.9528925116062,543.1763083720207,filled
2014-09-01,SH600885,sell,34000,34000,15.454276843070984,525445.4126644135,157.63362379932403,525.4454126644134,filled
2014-09-01,SH600886,sell,4400,4400,4.821338081359864,21213.8875579834,6.364166267395019,21.213887557983398,filled
2014-09-01,SH601515,sell,71600,71600,6.9736145167350765,499310.7993982315,149.79323981946945,499.3107993982315,filled
2014-09-01,SZ000062,sell,1300,1300,10.503444972038269,13654.47846364975,5.0,13.65447846364975,filled
2014-09-01,SZ000673,sell,7900,7900,8.540305973052979,67468.41718711852,20.240525156135554,67.46841718711853,filled
2014-09-01,SZ000700,sell,98200,98200,5.15962345790863,506675.02356662747,152.00250706998824,506.6750235666275,filled
2014-09-01,SZ000905,sell,51700,51700,8.642944473266601,446840.2292678833,134.05206878036498,446.8402292678833,filled
2014-09-01,SZ002085,sell,23800,23800,3.7995030348300936,90428.17222895623,27.128451668686868,90.42817222895623,filled
2014-09-01,SZ002198,sell,55200,55200,8.861226110458373,489139.6812973022,146.74190438919064,489.1396812973022,filled
2014-09-01,SZ002210,sell,113700,113700,4.612804205417633,524475.8381559849,157.34275144679546,524.4758381559849,filled
2014-09-01,SZ002440,sell,48800,48800,9.87488562297821,481894.41840133665,144.56832552040098,481.8944184013367,filled
2014-09-01,SZ002504,sell,3400,3400,4.848614949703217,16485.29082899094,5.0,16.48529082899094,filled
2014-09-01,SZ300005,sell,57100,57100,10.047373789787292,573705.0433968544,172.1115130190563,573.7050433968544,filled
2014-09-01,SZ300124,sell,55000,55000,8.74285057067871,480856.78138732904,144.2570344161987,480.8567813873291,filled
2014-09-01,SZ300202,sell,400,400,26.320628351211546,10528.251340484618,5.0,10.528251340484617,filled
2014-09-01,SZ300267,sell,55700,55700,8.243180033683776,459145.12787618634,137.7435383628559,459.14512787618634,filled
2014-09-01,SH600180,buy,1300,1300,10.863030752182006,14121.939977836608,5.0,0.0,filled
2014-09-01,SH600382,buy,80100,80100,6.372516052246093,510438.53578491206,153.1315607354736,0.0,filled
2014-09-01,SH600446,buy,47200,47200,10.797879301071166,509659.90301055904,152.8979709031677,0.0,filled
2014-09-01,SH600816,buy,207300,207300,2.4629681389331815,510573.2952008485,153.17198856025453,0.0,filled
2014-09-01,SH600982,buy,83800,83800,6.091361880302428,510456.1255693435,153.13683767080303,0.0,filled
2014-09-01,SZ000151,buy,42200,42200,12.088449473381042,510132.56777667993,153.03977033300396,0.0,filled
2014-09-01,SZ000531,buy,75600,75600,6.750098152160644,510307.42030334467,153.0922260910034,0.0,filled
2014-09-01,SZ000550,buy,24800,24800,20.56356517791748,509976.41641235346,152.99292492370603,0.0,filled
2014-09-01,SZ000753,buy,164100,164100,3.110177516460418,510380.1304511546,153.11403913534636,0.0,filled
2014-09-01,SZ002019,buy,43400,43400,11.747021044731138,509820.7133413314,152.94621400239942,0.0,filled
2014-09-01,SZ002030,buy,59900,59900,8.521456211090086,510435.22704429616,153.13056811328883,0.0,filled
2014-09-01,SZ002174,buy,29900,29900,17.049119413375852,509768.67045993794,152.93060113798137,0.0,filled
2014-09-01,SZ002180,buy,43500,43500,11.717150734901427,509696.05696821207,152.9088170904636,0.0,filled
2014-09-01,SZ002410,buy,30500,30500,16.692205009460448,509112.25278854364,152.73367583656307,0.0,filled
2014-09-01,SZ002595,buy,1800,1800,10.584962892532348,19052.933206558224,5.715879961967467,0.0,filled
2014-09-01,SZ002664,buy,31200,1500,16.334565088272093,24501.84763240814,7.3505542897224405,0.0,partial_volume_or_cash
2014-10-08,SH600180,sell,47000,47000,12.410480157852172,583292.5674190521,174.98777022571562,583.2925674190521,filled
2014-10-08,SH600382,sell,5000,5000,7.57647803735733,37882.39018678665,11.364717056035994,37.88239018678665,filled
2014-10-08,SH600446,sell,5000,5000,13.480170124053956,67400.85062026978,20.22025518608093,67.40085062026978,filled
2014-10-08,SH600816,sell,207300,207300,2.983561637163162,618492.3273839235,185.54769821517704,618.4923273839235,filled
2014-10-08,SH600886,sell,6100,6100,5.7167983074188236,34872.469675254826,10.461740902576446,34.87246967525483,filled
2014-10-08,SZ000531,sell,12500,12500,9.028872550964355,112860.90688705443,33.85827206611633,112.86090688705443,filled
2014-10-08,SZ000753,sell,164100,164100,3.9743427543640135,652189.6459911346,195.65689379734036,652.1896459911346,filled
2014-10-08,SZ002019,sell,100,100,13.148537595748902,1314.85375957489,5.0,1.3148537595748901,filled
2014-10-08,SZ002085,sell,10300,10300,4.6015063676834105,47395.515587139125,14.218654676141737,47.39551558713912,filled
2014-10-08,SZ002153,sell,41400,41400,18.127101259231566,750461.9921321868,225.138597639656,750.4619921321868,filled
2014-10-08,SZ002174,sell,29900,29900,16.83232151412964,503286.4132724762,150.98592398174284,503.2864132724762,filled
2014-10-08,SZ002504,sell,105100,105100,5.969059202671051,627348.1222007275,188.20443666021822,627.3481222007275,filled
2014-10-08,SZ002595,sell,3600,3600,12.754361815452576,45915.70253562927,13.77471076068878,45.91570253562927,filled
2014-10-08,SZ002664,sell,1500,1500,17.399234121322632,26098.851181983948,7.829655354595183,26.09885118198395,filled
2014-10-08,SH600323,buy,600,600,12.978474924087523,7787.084954452514,5.0,0.0,filled
2014-10-08,SH600398,buy,65900,65900,8.662140692710876,570835.0716496467,171.250521494894,0.0,filled
2014-10-08,SH600661,buy,20400,20400,27.87715923118591,568694.0483161926,170.60821449485775,0.0,filled
2014-10-08,SH600982,buy,3800,3800,6.5112712306976315,24742.830676651,7.422849202995299,0.0,filled
2014-10-08,SH600988,buy,100800,100800,5.660466193675994,570574.9923225401,171.17249769676204,0.0,filled
2014-10-08,SZ000062,buy,3900,3900,10.884829682350157,42450.83576116561,12.735250728349682,0.0,filled
2014-10-08,SZ000151,buy,300,300,13.432006272315977,4029.601881694793,5.0,0.0,filled
2014-10-08,SZ000550,buy,3900,3900,19.82247219467163,77307.64155921935,23.192292467765803,0.0,filled
2014-10-08,SZ000600,buy,99400,99400,5.739193409442901,570475.8248986243,171.14274746958728,0.0,filled
2014-10-08,SZ000673,buy,1100,1100,9.399085817337035,10338.994399070738,5.0,0.0,filled
2014-10-08,SZ002008,buy,31400,31400,18.166910511016845,570440.9900459289,171.13229701377864,0.0,filled
2014-10-08,SZ002030,buy,2700,2700,9.105635082244872,24585.214722061155,7.375564416618346,0.0,filled
2014-10-08,SZ002198,buy,55100,55100,10.346665789604186,570101.2850071907,171.03038550215717,0.0,filled
2014-10-08,SZ002219,buy,60700,52100,9.400719185829162,489777.46958169935,146.93324087450978,0.0,partial_volume_or_cash
2014-11-03,SH600323,sell,43900,43900,13.119448176383973,575943.7749432564,172.7831324829769,575.9437749432564,filled
2014-11-03,SH600382,sell,200,200,7.508905373096466,1501.7810746192931,5.0,1.5017810746192932,filled
2014-11-03,SH600446,sell,42200,42200,14.019631038665771,591628.4298316955,177.48852894950863,591.6284298316955,filled
2014-11-03,SH600661,sell,20400,20400,28.55144469451904,582449.4717681884,174.73484153045652,582.4494717681885,filled
2014-11-03,SH600886,sell,6100,6100,6.020651407241822,36725.97358417511,11.017792075252531,36.72597358417511,filled
2014-11-03,SH600982,sell,87600,87600,6.364501148700714,557530.3006261825,167.25909018785472,557.5303006261825,filled
2014-11-03,SH600988,sell,100800,100800,5.259772975444793,530185.1159248352,159.05553477745056,530.1851159248353,filled
2014-11-03,SZ000062,sell,52400,52400,10.529277039527893,551734.1168712616,165.52023506137846,551.7341168712617,filled
2014-11-03,SZ000151,sell,1900,1900,13.845526104927062,26306.499599361417,7.891949879808425,26.30649959936142,filled
2014-11-03,SZ000550,sell,28700,28700,19.03363209915161,546265.2412456513,163.87957237369537,546.2652412456513,filled
2014-11-03,SZ000600,sell,99400,99400,6.841781797885894,680073.1107098579,204.02193321295735,680.0731107098579,filled
2014-11-03,SZ000673,sell,60700,60700,9.26972604560852,562672.3709684372,168.80171129053113,562.6723709684372,filled
2014-11-03,SZ002019,sell,43300,43300,11.520003613471985,498816.15646333696,149.64484693900107,498.816156463337,filled
2014-11-03,SZ002030,sell,62600,62600,9.72751212501526,608942.2590259552,182.68267770778655,608.9422590259552,filled
2014-11-03,SZ002085,sell,123800,123800,4.78515327501297,592401.9754466057,177.7205926339817,592.4019754466058,filled
2014-11-03,SZ002180,sell,43500,43500,12.760852701187133,555097.0925016403,166.52912775049208,555.0970925016403,filled
2014-11-03,SZ002198,sell,1700,1700,10.535602151870728,17910.52365818024,5.373157097454071,17.91052365818024,filled
2014-11-03,SZ002410,sell,30500,30500,14.960348353385925,456290.6247782707,136.88718743348122,456.29062477827074,filled
2014-11-03,SH600398,buy,1900,1900,8.31371961402893,15796.067266654967,5.0,0.0,filled
2014-11-03,SH600582,buy,117700,117700,4.78925502872467,563695.3168808937,169.1085950642681,0.0,filled
2014-11-03,SH600816,buy,150600,150600,3.7437662618160243,563811.1990294933,169.14335970884795,0.0,filled
2014-11-03,SZ000065,buy,73900,73900,7.629756820201873,563839.0290129185,169.15170870387553,0.0,filled
2014-11-03,SZ000531,buy,1600,1600,8.708587162971495,13933.739460754392,5.0,0.0,filled
2014-11-03,SZ000681,buy,24800,24800,22.717709968566894,563399.207220459,169.0197621661377,0.0,filled
2014-11-03,SZ000887,buy,40900,40900,13.789701561927794,563998.7938828468,169.19963816485404,0.0,filled
2014-11-03,SZ000908,buy,37800,37800,14.907097443580625,563488.2833673477,169.0464850102043,0.0,filled
2014-11-03,SZ000957,buy,85300,85300,6.607312534332275,563603.759178543,169.0811277535629,0.0,filled
2014-11-03,SZ002002,buy,136800,136800,4.12180061674118,563862.3243701934,169.158697311058,0.0,filled
2014-11-03,SZ002074,buy,41200,41200,13.671554892539977,563268.0615726471,168.9804184717941,0.0,filled
2014-11-03,SZ002219,buy,10200,10200,9.04420572566986,92250.89840183257,27.67526952054977,0.0,filled
2014-11-03,SZ002252,buy,42100,42100,13.391312390327451,563774.2516327857,169.13227548983568,0.0,filled
2014-11-03,SZ002568,buy,37700,37700,14.95993037509918,563989.3751412391,169.19681254237173,0.0,filled
2014-11-03,SZ002581,buy,29900,29900,18.863794672012325,564027.4606931686,169.20823820795056,0.0,filled
2014-11-03,SZ002595,buy,200,200,12.579790772438049,2515.9581544876096,5.0,0.0,filled
2014-11-03,SZ300017,buy,18500,18500,7.02058053779602,129880.73994922636,38.9642219847679,0.0,filled
2014-11-03,SZ300025,buy,61600,61600,9.153737832069396,563870.2504554748,169.16107513664244,0.0,filled
2014-11-03,SZ300199,buy,35200,23500,16.006903349876403,376162.2287220955,112.84866861662864,0.0,partial_volume_or_cash
2014-11-03,SZ300284,buy,84700,100,6.658590376853942,665.8590376853942,5.0,0.0,partial_volume_or_cash
2014-12-01,SH600816,sell,5700,5700,4.023555539131165,22934.266573047636,6.88027997191429,22.934266573047637,filled
2014-12-01,SZ000065,sell,2600,2600,8.171391580581664,21245.61810951233,6.373685432853698,21.24561810951233,filled
2014-12-01,SZ000151,sell,1000,1000,14.71153964138031,14711.53964138031,5.0,14.71153964138031,filled
2014-12-01,SZ000531,sell,13200,13200,11.311478788375855,149311.52000656127,44.79345600196838,149.31152000656127,filled
2014-12-01,SZ000681,sell,2700,2700,26.322985382080077,71072.06053161621,21.32161815948486,71.07206053161622,filled
2014-12-01,SZ000887,sell,7500,7500,17.416445972442627,130623.3447933197,39.187003437995905,130.62334479331972,filled
2014-12-01,SZ000957,sell,85300,85300,6.503572162628174,554754.7054721833,166.42641164165497,554.7547054721833,filled
2014-12-01,SZ002002,sell,136800,136800,3.7714280247688294,515931.35378837585,154.77940613651273,515.9313537883759,filled
2014-12-01,SZ002008,sell,31400,31400,16.617968896865843,521804.2233615875,156.54126700847624,521.8042233615876,filled
2014-12-01,SZ002065,sell,48800,48800,8.321453656196594,406086.9384223938,121.82608152671813,406.0869384223938,filled
2014-12-01,SZ002074,sell,3000,3000,15.239400229454041,45718.20068836212,13.715460206508634,45.718200688362124,filled
2014-12-01,SZ002581,sell,2400,2400,21.173120641708373,50815.4895401001,15.244646862030027,50.815489540100096,filled
2014-12-01,SZ300017,sell,80300,80300,7.097247645378113,569908.9859238624,170.97269577715872,569.9089859238625,filled
2014-12-01,SZ300199,sell,23500,23500,17.04892064666748,400649.6351966858,120.19489055900573,400.6496351966858,filled
2014-12-01,SZ300202,sell,19300,19300,27.907272159576415,538610.3526798248,161.58310580394743,538.6103526798248,filled
2014-12-01,SZ300284,sell,100,100,6.59131868648529,659.131868648529,5.0,0.659131868648529,filled
2014-12-01,SH600081,buy,38300,38300,15.256927553176878,584340.3252866744,175.3020975860023,0.0,filled
2014-12-01,SH600382,buy,3100,3100,7.484180347442626,23200.95907707214,6.960287723121642,0.0,filled
2014-12-01,SH600398,buy,3500,3500,8.188824679374694,28660.88637781143,8.598265913343427,0.0,filled
2014-12-01,SH600629,buy,44400,44400,13.154670612335204,584067.375187683,175.2202125563049,0.0,filled
2014-12-01,SH600687,buy,70400,70400,8.29719404888153,584122.4610412597,175.2367383123779,0.0,filled
2014-12-01,SH600850,buy,20200,20200,28.878189779281612,583339.4335414886,175.00183006244657,0.0,filled
2014-12-01,SH600886,buy,4000,4000,5.991574139118194,23966.29655647278,7.189888966941833,0.0,filled
2014-12-01,SZ000600,buy,84800,84800,6.8891201491355885,584197.3886466979,175.25921659400933,0.0,filled
2014-12-01,SZ000902,buy,92700,92700,6.297112373828887,583742.3170539378,175.12269511618132,0.0,filled
2014-12-01,SZ000908,buy,200,200,15.363937532424925,3072.787506484985,5.0,0.0,filled
2014-12-01,SZ002085,buy,124500,90700,4.6935803022384635,425707.73341302865,127.71232002390859,0.0,partial_volume_or_cash
2015-01-05,SH600382,sell,16000,16000,8.427953533172607,134847.25653076172,40.45417695922851,134.8472565307617,filled
2015-01-05,SH600396,sell,104400,104400,6.55406397485733,684244.2789751053,205.27328369253155,684.2442789751053,filled
2015-01-05,SH600398,sell,4200,4200,7.793776466846466,32733.861160755157,9.820158348226546,32.73386116075516,filled
2015-01-05,SH600582,sell,22400,22400,5.489542518138886,122965.75240631105,36.88972572189331,122.96575240631105,filled
2015-01-05,SH600687,sell,11300,11300,8.853233736991882,100041.54122800827,30.012462368402478,100.04154122800827,filled
2015-01-05,SH600816,sell,15300,15300,4.03731663608551,61770.944532108304,18.53128335963249,61.7709445321083,filled
2015-01-05,SH600850,sell,20200,20200,25.595453601837157,517028.16275711055,155.10844882713315,517.0281627571105,filled
2015-01-05,SH600886,sell,42000,42000,9.421122882843017,395687.16107940674,118.706148323822,395.68716107940674,filled
2015-01-05,SZ000065,sell,2900,2900,7.648382246017456,22180.308513450622,6.654092554035186,22.180308513450623,filled
2015-01-05,SZ000151,sell,9600,9600,17.436430240631104,167389.7303100586,50.21691909301757,167.3897303100586,filled
2015-01-05,SZ000531,sell,6400,6400,11.588362272262573,74165.51854248047,22.249655562744138,74.16551854248047,filled
2015-01-05,SZ000600,sell,23700,23700,8.561121013641358,202898.56802330018,60.86957040699005,202.8985680233002,filled
2015-01-05,SZ000902,sell,92700,92700,7.1066205110549925,658783.7213747978,197.63511641243932,658.7837213747978,filled
2015-01-05,SZ000908,sell,38000,38000,12.773389552116393,485388.802980423,145.61664089412687,485.388802980423,filled
2015-01-05,SZ002085,sell,90700,90700,4.476905274868011,406055.3084305286,121.81659252915857,406.0553084305286,filled
2015-01-05,SZ002219,sell,62300,62300,7.599228053569794,473431.90773739817,142.02957232121943,473.4319077373982,filled
2015-01-05,SZ002568,sell,37700,37700,13.533114715576172,510198.4247772217,153.0595274331665,510.1984247772217,filled
2015-01-05,SZ002595,sell,44800,44800,11.035334615707397,494382.9907836914,148.3148972351074,494.3829907836914,filled
2015-01-05,SH600027,buy,97000,97000,5.401071812152862,523903.96577882767,157.17118973364828,0.0,filled
2015-01-05,SH600081,buy,3200,3200,12.608547031402587,40347.350500488275,12.104205150146482,0.0,filled
2015-01-05,SH600266,buy,37600,37600,13.94561522388458,524355.1324180602,157.30653972541805,0.0,filled
2015-01-05,SH600340,buy,37400,37400,14.002264758110044,523684.70195331564,157.1054105859947,0.0,filled
2015-01-05,SH600446,buy,34200,34200,15.331820028305051,524348.2449680327,157.3044734904098,0.0,filled
2015-01-05,SH600629,buy,900,900,11.550965275764463,10395.868748188017,5.0,0.0,filled
2015-01-05,SH600755,buy,55600,55600,9.421551077842711,523838.23992805474,157.1514719784164,0.0,filled
2015-01-05,SZ000631,buy,194300,194300,2.698177020311355,524255.7950464963,157.27673851394889,0.0,filled
2015-01-05,SZ000671,buy,107500,107500,4.875671295642852,524134.6642816066,157.24039928448198,0.0,filled
2015-01-05,SZ000681,buy,2300,2300,21.476611482620235,49396.20641002654,14.818861923007962,0.0,filled
2015-01-05,SZ000887,buy,8000,8000,12.648718731880187,101189.7498550415,30.356924956512447,0.0,filled
2015-01-05,SZ002074,buy,5200,5200,12.062253526687622,62723.71833877563,18.81711550163269,0.0,filled
2015-01-05,SZ002153,buy,34100,34100,15.372825119018554,524213.33655853267,157.26400096755978,0.0,filled
2015-01-05,SZ002198,buy,3600,3600,9.189206080436705,33081.141889572136,9.92434256687164,0.0,filled
2015-01-05,SZ002252,buy,100,100,12.423872337341308,1242.3872337341309,5.0,0.0,filled
2015-01-05,SZ002373,buy,38900,38900,13.474284836769103,524149.6801503181,157.2449040450954,0.0,filled
2015-01-05,SZ002581,buy,800,800,18.47368403434753,14778.947227478026,5.0,0.0,filled
2015-01-05,SZ300072,buy,83600,80600,6.268070681095122,505206.4968962669,151.56194906888004,0.0,partial_volume_or_cash
2015-02-02,SH600081,sell,41500,41500,14.215859098434448,589958.1525850296,176.98744577550886,589.9581525850297,filled
2015-02-02,SH600340,sell,700,700,15.00251005268097,10501.75703687668,5.0,10.501757036876679,filled
2015-02-02,SH600382,sell,2100,2100,9.211955924034118,19345.10744047165,5.803532232141494,19.34510744047165,filled
2015-02-02,SH600398,sell,67100,67100,8.977870556831359,602415.1143633842,180.72453430901524,602.4151143633842,filled
2015-02-02,SH600446,sell,34200,34200,21.84005938911438,746930.0311077118,224.07900933231352,746.9300311077119,filled
2015-02-02,SH600582,sell,4400,4400,6.0689324312210084,26703.302697372437,8.01099080921173,26.703302697372436,filled
2015-02-02,SH600629,sell,45300,45300,11.96489080810547,542009.5536071778,162.60286608215333,542.0095536071778,filled
2015-02-02,SZ000151,sell,800,800,18.896962417602538,15117.56993408203,5.0,15.11756993408203,filled
2015-02-02,SZ000600,sell,61100,61100,8.451688662528992,516398.1772805214,154.91945318415642,516.3981772805214,filled
2015-02-02,SZ000631,sell,194300,194300,2.6407348794937135,513094.78708562854,153.92843612568856,513.0947870856286,filled
2015-02-02,SZ000671,sell,800,800,5.16923307466507,4135.386459732056,5.0,4.135386459732056,filled
2015-02-02,SZ000681,sell,24400,24400,24.596870893478393,600163.6498008728,180.04909494026182,600.1636498008728,filled
2015-02-02,SZ000887,sell,8400,8400,16.706249897003175,140332.49913482668,42.099749740448,140.3324991348267,filled
2015-02-02,SZ002074,sell,7500,7500,15.36837764453888,115262.8323340416,34.57884970021247,115.2628323340416,filled
2015-02-02,SZ002153,sell,34100,34100,17.521249053955078,597474.5927398682,179.24237782196045,597.4745927398682,filled
2015-02-02,SZ002198,sell,57000,57000,9.300572281837463,530132.6200647354,159.0397860194206,530.1326200647354,filled
2015-02-02,SZ002373,sell,38900,38900,14.464628748893738,562674.0583319664,168.80221749958991,562.6740583319664,filled
2015-02-02,SZ002581,sell,400,400,19.74415019416809,7897.660077667236,5.0,7.897660077667236,filled
2015-02-02,SZ300072,sell,80600,80600,6.635311514854431,534806.1080972671,160.44183242918012,534.8061080972672,filled
2015-02-02,SH600027,buy,20400,20400,4.707165613174438,96026.17850875854,28.80785355262756,0.0,filled
2015-02-02,SH600048,buy,72500,72500,7.6252447710037226,552830.2458977699,165.84907376933097,0.0,filled
2015-02-02,SH600266,buy,12600,12600,10.992884979248046,138510.3507385254,41.553105221557615,0.0,filled
2015-02-02,SH600297,buy,87400,87400,6.322665855884551,552600.9958043098,165.78029874129294,0.0,filled
2015-02-02,SH600755,buy,800,800,9.795582916259765,7836.466333007812,5.0,0.0,filled
2015-02-02,SH600816,buy,10300,10300,3.949474274396896,40679.58502628803,12.203875507886407,0.0,filled
2015-02-02,SH600886,buy,12200,12200,8.156023661613464,99503.48867168426,29.851046601505274,0.0,filled
2015-02-02,SH601009,buy,144100,144100,3.8351606750488276,552646.653274536,165.7939959823608,0.0,filled
2015-02-02,SH601318,buy,19600,19600,28.18741905593872,552473.4134963988,165.74202404891963,0.0,filled
2015-02-02,SH601669,buy,89600,89600,6.166537879943847,552521.7940429687,165.75653821289058,0.0,filled
2015-02-02,SH601818,buy,185300,185300,2.982757590770721,552704.9815698146,165.81149447094438,0.0,filled
2015-02-02,SZ000029,buy,91300,91300,6.0498522686958305,552351.5121319293,165.70545363957876,0.0,filled
2015-02-02,SZ000065,buy,3400,3400,7.692877777576446,26155.784443759916,7.846735333127974,0.0,filled
2015-02-02,SZ000531,buy,5700,5700,10.875198440551756,61988.63111114501,18.596589333343502,0.0,filled
2015-02-02,SZ000540,buy,160900,160900,3.436195146799087,552883.7991199731,165.8651397359919,0.0,filled
2015-02-02,SZ000656,buy,142300,142300,3.883213306903839,552581.2535724163,165.77437607172487,0.0,filled
2015-02-02,SZ000672,buy,77800,77800,7.10677676296234,552907.2321584701,165.872169647541,0.0,filled
2015-02-02,SZ000902,buy,74300,74300,7.437651301860808,552617.4917282581,165.7852475184774,0.0,filled
2015-02-02,SZ002252,buy,100,100,13.055110549926756,1305.5110549926756,5.0,0.0,filled
2015-02-02,SZ002568,buy,32700,6700,16.905572002410885,113267.33241615293,33.980199724845875,0.0,partial_volume_or_cash
2015-03-02,SH600340,sell,36700,36700,15.831103580474853,581001.5014034271,174.3004504210281,581.0015014034271,filled
2015-03-02,SH600382,sell,59900,59900,8.80518231868744,527430.4208893776,158.22912626681327,527.4304208893776,filled
2015-03-02,SH600582,sell,90900,90900,6.693369834423065,608427.3179490566,182.52819538471698,608.4273179490566,filled
2015-03-02,SH600816,sell,139900,139900,4.5000158958435055,629552.2238285064,188.86566714855192,629.5522238285064,filled
2015-03-02,SH601009,sell,144100,144100,4.011808969974518,578101.672573328,173.4305017719984,578.1016725733281,filled
2015-03-02,SH601669,sell,5300,5300,7.2287888317108155,38312.58080806732,11.493774242420196,38.312580808067324,filled
2015-03-02,SZ000029,sell,91300,91300,6.151348959445953,561618.1599974155,168.48544799922465,561.6181599974155,filled
2015-03-02,SZ000531,sell,50800,50800,11.311621696472168,574630.3821807861,172.3891146542358,574.6303821807861,filled
2015-03-02,SZ000540,sell,25300,25300,4.49637078666687,113758.18090267181,34.12745427080154,113.75818090267181,filled
2015-03-02,SZ000671,sell,3900,3900,5.927412448883056,23116.90855064392,6.935072565193175,23.11690855064392,filled
2015-03-02,SZ000672,sell,77800,77800,7.074407597064972,550388.9110516548,165.11667331549643,550.3889110516549,filled
2015-03-02,SZ002074,sell,10000,10000,23.53185306930542,235318.5306930542,70.59555920791625,235.3185306930542,filled
2015-03-02,SZ002252,sell,42300,42300,14.629483717918395,618827.1612679481,185.6481483803844,618.8271612679481,filled
2015-03-02,SZ300315,sell,100,100,13.616607341766358,1361.6607341766357,5.0,1.3616607341766358,filled
2015-03-02,SH600027,buy,15800,15800,4.584769417285918,72439.3567931175,21.73180703793525,0.0,filled
2015-03-02,SH600048,buy,4000,4000,7.983259860992431,31933.039443969723,9.579911833190916,0.0,filled
2015-03-02,SH600266,buy,3700,3700,11.335217440605163,41940.304530239104,12.58209135907173,0.0,filled
2015-03-02,SH600297,buy,8100,8100,6.396606566905975,51812.51319193839,15.543753957581517,0.0,filled
2015-03-02,SH600571,buy,31900,31900,19.14771058273315,610811.9675891876,183.24359027675624,0.0,filled
2015-03-02,SH600755,buy,2100,2100,10.43623471546173,21916.09290246963,6.574827870740888,0.0,filled
2015-03-02,SH600886,buy,2700,2700,8.674604315757751,23421.43165254593,7.026429495763778,0.0,filled
2015-03-02,SH601000,buy,156300,156300,3.9080524885654446,610828.603962779,183.2485811888337,0.0,filled
2015-03-02,SH601318,buy,600,600,30.19248341178894,18115.490047073363,5.4346470141220085,0.0,filled
2015-03-02,SH601567,buy,71100,71100,8.59229151725769,610911.9268770218,183.27357806310653,0.0,filled
2015-03-02,SH601766,buy,57700,57700,10.584295607566832,610713.8565566061,183.21415696698182,0.0,filled
2015-03-02,SH601818,buy,17600,17600,3.0104919204711913,52984.65780029297,15.89539734008789,0.0,filled
2015-03-02,SZ000065,buy,4200,4200,8.030964530944823,33730.05102996826,10.119015308990477,0.0,filled
2015-03-02,SZ000151,buy,500,500,20.56129507255554,10280.647536277771,5.0,0.0,filled
2015-03-02,SZ000333,buy,35000,35000,17.43375239562988,610181.3338470458,183.05440015411372,0.0,filled
2015-03-02,SZ000600,buy,70900,70900,8.612577362060547,610631.7349700928,183.18952049102782,0.0,filled
2015-03-02,SZ000625,buy,47000,47000,12.97943337059021,610033.3684177399,183.01001052532195,0.0,filled
2015-03-02,SZ000656,buy,7600,7600,4.074945088386535,30969.582671737666,9.2908748015213,0.0,filled
2015-03-02,SZ000732,buy,54300,54300,11.244915360450744,610598.9040724754,183.1796712217426,0.0,filled
2015-03-02,SZ000776,buy,30000,17600,20.351357103347777,358183.8850189209,107.45516550567625,0.0,partial_volume_or_cash
2015-03-02,SZ000902,buy,9300,100,7.306051537513732,730.6051537513732,5.0,0.0,partial_volume_or_cash
2015-04-01,SH600027,sell,133200,133200,5.282443915843964,703621.529590416,211.08645887712478,703.621529590416,filled
2015-04-01,SH600048,sell,76500,76500,8.735454600334167,668262.2769255638,200.47868307766913,668.2622769255638,filled
2015-04-01,SH600266,sell,53900,53900,13.377862217903138,721066.7735449792,216.32003206349373,721.0667735449791,filled
2015-04-01,SH600297,sell,95500,95500,8.28940794467926,791638.4587168694,237.4915376150608,791.6384587168694,filled
2015-04-01,SH600571,sell,31900,31900,25.488583116531373,813085.8014173508,243.92574042520522,813.0858014173508,filled
2015-04-01,SH600687,sell,59100,59100,11.90296015548706,703464.9451892852,211.03948355678554,703.4649451892852,filled
2015-04-01,SH600755,sell,58500,58500,11.49423442554474,672412.7138943672,201.72381416831016,672.4127138943672,filled
2015-04-01,SH601000,sell,156300,156300,4.75403503704071,743055.676289463,222.91670288683886,743.055676289463,filled
2015-04-01,SH601318,sell,20200,20200,33.584759307861326,678412.1380187988,203.5236414056396,678.4121380187988,filled
2015-04-01,SH601567,sell,71100,71100,11.122759119987487,790828.1734311103,237.24845202933307,790.8281734311104,filled
2015-04-01,SH601818,sell,202900,202900,3.449107864379883,699823.9856826783,209.94719570480348,699.8239856826783,filled
2015-04-01,SZ000065,sell,76000,76000,9.002522203445434,684191.6874618529,205.25750623855586,684.1916874618529,filled
2015-04-01,SZ000151,sell,29700,29700,20.476150234222413,608141.6619564056,182.44249858692166,608.1416619564056,filled
2015-04-01,SZ000333,sell,35000,35000,18.198627714157105,636951.9699954987,191.0855909986496,636.9519699954986,filled
2015-04-01,SZ000600,sell,70900,70900,11.194495173454285,793689.7077979088,238.10691233937263,793.6897077979088,filled
2015-04-01,SZ000656,sell,149900,149900,6.341301448345185,950561.0871069431,285.16832613208294,950.5610871069432,filled
2015-04-01,SZ000902,sell,74400,74400,9.87443879699707,734658.246496582,220.3974739489746,734.658246496582,filled
2015-04-01,SZ002568,sell,6700,6700,27.600959135055543,184926.42620487214,55.47792786146164,184.92642620487214,filled
2015-04-01,SZ002581,sell,1700,1700,28.91485807800293,49155.258732604976,14.746577619781492,49.15525873260498,filled
2015-04-01,SH600021,buy,54000,54000,14.06384303665161,759447.5239791869,227.83425719375606,0.0,filled
2015-04-01,SH600030,buy,26300,26300,28.82216075325012,758022.8278104782,227.40684834314342,0.0,filled
2015-04-01,SH600201,buy,53300,53300,14.250650369644163,759559.6647020339,227.86789941061014,0.0,filled
2015-04-01,SH600340,buy,42500,42500,17.848843738555907,758575.858888626,227.57275766658776,0.0,filled
2015-04-01,SH600446,buy,18500,18500,40.94677058029174,757515.2557353972,227.25457672061916,0.0,filled
2015-04-01,SH600606,buy,55200,55200,13.7405153093338,758476.4450752258,227.54293352256772,0.0,filled
2015-04-01,SH600705,buy,69400,69400,10.939923172950744,759230.6682027816,227.76920046083447,0.0,filled
2015-04-01,SH600837,buy,36500,36500,20.762055248260495,757815.0165615081,227.3445049684524,0.0,filled
2015-04-01,SH600886,buy,15000,15000,8.888504945755004,133327.57418632507,39.99827225589752,0.0,filled
2015-04-01,SH600981,buy,91100,91100,8.32950534248352,758817.9367002486,227.64538101007457,0.0,filled
2015-04-01,SH601377,buy,56000,56000,13.546532037734984,758605.7941131591,227.5817382339477,0.0,filled
2015-04-01,SH601628,buy,22300,22300,33.97505363082885,757643.6959674835,227.29310879024501,0.0,filled
2015-04-01,SH601669,buy,300,300,8.975417141914367,2692.62514257431,5.0,0.0,filled
2015-04-01,SH601688,buy,29100,29100,26.066460952758785,758534.0137252806,227.56020411758416,0.0,filled
2015-04-01,SZ000024,buy,23200,23200,32.642625885009764,757308.9205322266,227.19267615966794,0.0,filled
2015-04-01,SZ000686,buy,41100,41100,18.477538822174072,759426.8455913543,227.82805367740627,0.0,filled
2015-04-01,SZ000732,buy,7100,7100,12.361716508865355,87768.18721294402,26.330456163883202,0.0,filled
2015-04-01,SZ000776,buy,14400,14400,23.71558833503723,341504.4720245361,102.45134160736082,0.0,filled
2015-04-01,SZ000783,buy,54500,54500,13.922078870773314,758753.2984571456,227.62598953714365,0.0,filled
2015-04-01,SZ002030,buy,45200,39500,16.794487670898437,663382.2630004883,199.01467890014646,0.0,partial_volume_or_cash
2015-04-01,SZ300208,buy,58500,100,12.97664872074127,1297.664872074127,5.0,0.0,partial_volume_or_cash
2015-05-04,SH600021,sell,54000,54000,22.658760818481444,1223573.084197998,367.0719252593994,1223.573084197998,filled
2015-05-04,SH600201,sell,53300,53300,14.985518280029297,798728.1243255615,239.6184372976684,798.7281243255615,filled
2015-05-04,SH600446,sell,3700,3700,58.19578572463989,215324.4071811676,64.59732215435028,215.3244071811676,filled
2015-05-04,SH600606,sell,55200,55200,29.596491588592528,1633726.3356903074,490.1179007070922,1633.7263356903075,filled
2015-05-04,SH600837,sell,36500,36500,25.048298515319825,914262.8958091736,274.278868742752,914.2628958091736,filled
2015-05-04,SH600886,sell,85400,85400,10.349193783760072,883821.1491331101,265.146344739933,883.8211491331101,filled
2015-05-04,SH600981,sell,4000,4000,9.942795550346375,39771.1822013855,11.931354660415648,39.7711822013855,filled
2015-05-04,SH601628,sell,22300,22300,34.287768058776855,764617.2277107239,229.38516831321715,764.6172277107239,filled
2015-05-04,SH601669,sell,84600,84600,17.749216049194334,1501583.6777618406,450.47510332855217,1501.5836777618406,filled
2015-05-04,SH601766,sell,57700,57700,27.39119291496277,1580471.8311933517,474.1415493580055,1580.4718311933516,filled
2015-05-04,SZ000540,sell,27400,27400,7.999666543006897,219190.86327838898,65.75725898351669,219.19086327838897,filled
2015-05-04,SZ000625,sell,47000,47000,15.168671201705932,712927.5464801788,213.87826394405363,712.9275464801789,filled
2015-05-04,SZ000671,sell,102800,102800,8.956541047096252,920732.4196414946,276.21972589244837,920.7324196414946,filled
2015-05-04,SZ000686,sell,800,800,21.490454738616943,17192.363790893556,5.157709137268067,17.192363790893555,filled
2015-05-04,SZ000732,sell,61400,61400,16.52288928222656,1014505.4019287109,304.3516205786132,1014.5054019287109,filled
2015-05-04,SZ000887,sell,33000,33000,22.330085535049438,736892.8226566315,221.06784679698941,736.8928226566314,filled
2015-05-04,SZ002030,sell,39500,39500,18.917503074645996,747241.3714485168,224.17241143455504,747.2413714485168,filled
2015-05-04,SZ002074,sell,25900,25900,24.445144414901733,633129.2403459549,189.93877210378645,633.1292403459549,filled
2015-05-04,SZ002581,sell,26200,26200,40.38384254837036,1058056.6747673035,317.417002430191,1058.0566747673035,filled
2015-05-04,SH600030,buy,2700,2700,29.92429786109924,80795.60422496794,24.23868126749038,0.0,filled
2015-05-04,SH600048,buy,77100,77100,11.244049512863159,866916.2174417495,260.0748652325248,0.0,filled
2015-05-04,SH600177,buy,105900,105900,8.188163122177123,867126.4746385573,260.13794239156715,0.0,filled
2015-05-04,SH600550,buy,68500,68500,12.66069167613983,867257.3798155783,260.1772139446735,0.0,filled
2015-05-04,SH600570,buy,16900,16900,51.2645044593811,866370.1253635406,259.91103760906213,0.0,filled
2015-05-04,SH600687,buy,57700,57700,15.028233053207396,867129.0471700667,260.13871415102,0.0,filled
2015-05-04,SH600705,buy,4900,4900,11.679326464653014,57228.69967679977,17.16860990303993,0.0,filled
2015-05-04,SH600856,buy,59300,59300,14.628554179191587,867473.2628260611,260.2419788478183,0.0,filled
2015-05-04,SH600999,buy,33000,33000,26.25372841644287,866373.0377426146,259.91191132278436,0.0,filled
2015-05-04,SH601099,buy,103000,103000,8.417155466079711,866967.0130062102,260.090103901863,0.0,filled
2015-05-04,SH601377,buy,2800,2800,14.737682477951049,41265.51093826294,12.37965328147888,0.0,filled
2015-05-04,SH601555,buy,41200,41200,21.018034925460814,865943.0389289855,259.7829116786956,0.0,filled
2015-05-04,SH601688,buy,4500,4500,25.78613444328308,116037.60499477385,34.81128149843215,0.0,filled
2015-05-04,SZ000046,buy,51800,51800,16.742256155014037,867248.868829727,260.1746606489181,0.0,filled
2015-05-04,SZ000408,buy,45800,45800,18.91130268859863,866137.6631378173,259.84129894134514,0.0,filled
2015-05-04,SZ000776,buy,4500,4500,23.74092607116699,106834.16732025145,32.05025019607543,0.0,filled
2015-05-04,SZ000958,buy,71700,71700,12.089244678497312,866798.8434482573,260.03965303447717,0.0,filled
2015-05-04,SZ002270,buy,72700,72700,11.934720000267028,867654.1440194129,260.2962432058238,0.0,filled
2015-05-04,SZ002285,buy,53100,53100,16.331065422058103,867179.5739112853,260.15387217338554,0.0,filled
2015-05-04,SZ002354,buy,26800,26800,32.35467189788818,867105.2068634032,260.13156205902095,0.0,filled
2015-05-04,SZ002373,buy,37000,37000,23.448922552108762,867610.1344280242,260.28304032840725,0.0,filled
2015-05-04,SZ002673,buy,33500,33500,25.85407913589477,866111.6510524749,259.8334953157424,0.0,filled
2015-05-04,SZ300032,buy,31100,16200,27.84809462738037,451139.132963562,135.34173988906858,0.0,partial_volume_or_cash
2015-06-01,SH600177,sell,105900,105900,8.416991529464722,891359.402970314,267.40782089109416,891.359402970314,filled
2015-06-01,SH600340,sell,42500,42500,17.375825775146485,738472.5954437256,221.54177863311764,738.4725954437256,filled
2015-06-01,SH600446,sell,1200,1200,68.5261318359375,82231.35820312501,24.669407460937503,82.23135820312501,filled
2015-06-01,SH600550,sell,68500,68500,12.915110558509827,884685.0732579231,265.4055219773769,884.6850732579231,filled
2015-06-01,SH600687,sell,9300,9300,19.216624963760378,178714.61216297152,53.614383648891454,178.71461216297152,filled
2015-06-01,SH600856,sell,59300,59300,16.019269718170165,949942.6942874908,284.98280828624723,949.9426942874908,filled
2015-06-01,SH600981,sell,87100,87100,14.549048372268677,1267222.1132246018,380.1666339673805,1267.2221132246018,filled
2015-06-01,SH600999,sell,33000,33000,21.666285049438475,714987.4066314697,214.4962219894409,714.9874066314698,filled
2015-06-01,SZ000408,sell,9400,9400,25.5585452041626,240250.3249191284,72.07509747573852,240.25032491912842,filled
2015-06-01,SZ000776,sell,36500,36500,22.29042568016052,813600.537325859,244.08016119775766,813.600537325859,filled
2015-06-01,SZ000783,sell,54500,54500,15.017900301933288,818475.5664553642,245.54266993660926,818.4755664553643,filled
2015-06-01,SZ000958,sell,17600,17600,17.225389280319213,303166.85133361816,90.95005540008545,303.1668513336182,filled
2015-06-01,SZ002270,sell,14000,14000,15.856910877227783,221996.75228118896,66.59902568435669,221.99675228118898,filled
2015-06-01,SZ002285,sell,5700,5700,19.64358290863037,111968.42257919311,33.59052677375793,111.96842257919312,filled
2015-06-01,SZ002373,sell,37000,37000,31.89921738052368,1180271.0430793762,354.08131292381285,1180.2710430793763,filled
2015-06-01,SZ300025,sell,61600,24700,15.985934022903443,394852.570365715,118.45577110971449,394.852570365715,partial_volume_or_cash
2015-06-01,SZ300032,sell,16200,16200,34.909406845092775,565532.390890503,169.65971726715088,565.5323908905029,filled
2015-06-01,SH600030,buy,6100,6100,26.573154579162594,162096.24293289182,48.628872879867544,0.0,filled
2015-06-01,SH600048,buy,23700,23700,9.2555250415802,219355.94348545073,65.80678304563521,0.0,filled
2015-06-01,SH600570,buy,1300,1300,51.14276266098022,66485.59145927428,19.945677437782283,0.0,filled
2015-06-01,SH600705,buy,6300,6300,11.572487363815306,72906.67039203642,21.872001117610925,0.0,filled
2015-06-01,SH600826,buy,28700,28700,32.48288607406616,932258.8303256987,279.6776490977096,0.0,filled
2015-06-01,SH600837,buy,41400,41400,22.513919803619384,932076.2798698425,279.6228839609527,0.0,filled
2015-06-01,SH601099,buy,2100,2100,8.879303286552428,18646.5369017601,5.59396107052803,0.0,filled
2015-06-01,SH601377,buy,9300,9300,13.70713387775421,127476.34506311415,38.24290351893424,0.0,filled
2015-06-01,SH601555,buy,3500,3500,20.853772087097166,72988.20230484009,21.896460691452024,0.0,filled
2015-06-01,SH601688,buy,2800,2800,25.626026145935057,71752.87320861816,21.525861962585445,0.0,filled
2015-06-01,SZ000046,buy,6300,6300,16.05589581298828,101152.14362182615,30.34564308654784,0.0,filled
2015-06-01,SZ000516,buy,76200,76200,12.255073106765746,933836.5707355498,280.1509712206649,0.0,filled
2015-06-01,SZ000540,buy,15300,15300,7.55840601491928,115643.61202826498,34.69308360847949,0.0,filled
2015-06-01,SZ000686,buy,5400,5400,20.404113664627072,110182.21378898619,33.054664136695855,0.0,filled
2015-06-01,SZ002280,buy,27300,27300,34.179286743164056,933094.5280883787,279.92835842651357,0.0,filled
2015-06-01,SZ002658,buy,32900,32900,28.35908789825439,933013.9918525694,279.9041975557708,0.0,filled
2015-06-01,SZ002673,buy,2300,2300,26.021318504333493,59849.03255996703,17.954709767990106,0.0,filled
2015-06-01,SZ300059,buy,56300,56300,16.572786775588987,933047.89546566,279.91436863969795,0.0,filled
2015-06-01,SZ300072,buy,72200,72200,12.934063720703124,933839.4006347655,280.15182019042965,0.0,filled
2015-06-01,SZ300208,buy,28400,28400,32.66876741790771,927792.994668579,278.3378984005737,0.0,filled
2015-06-01,SZ300216,buy,13000,13000,71.56464958953856,930340.4446640013,279.1021333992004,0.0,filled
2015-06-01,SZ300244,buy,13600,11000,68.26254554748535,750888.0010223388,225.2664003067016,0.0,partial_volume_or_cash
2015-06-01,SZ300253,buy,45300,100,20.600102609634398,2060.0102609634396,5.0,0.0,partial_volume_or_cash
2015-07-01,SH600030,sell,35100,35100,23.220534450531005,815040.7592136383,244.51222776409145,815.0407592136382,filled
2015-07-01,SH600048,sell,100800,100800,8.655511811256408,872475.590574646,261.74267717239377,872.475590574646,filled
2015-07-01,SH600570,sell,300,300,45.044277545928956,13513.283263778687,5.0,13.513283263778687,filled
2015-07-01,SH600687,sell,900,900,17.01785242652893,15316.067183876035,5.0,15.316067183876036,filled
2015-07-01,SH600705,sell,80600,80600,10.131264653205871,816579.9310483932,244.97397931451795,816.5799310483933,filled
2015-07-01,SH600826,sell,28700,28700,32.861930156707764,943137.3954975129,282.94121864925387,943.1373954975129,filled
2015-07-01,SH600837,sell,41400,41400,18.797048698425293,778197.8161148072,233.45934483444213,778.1978161148072,filled
2015-07-01,SH601099,sell,105100,105100,7.4277240471839905,780653.7973590374,234.1961392077112,780.6537973590374,filled
2015-07-01,SH601555,sell,44700,44700,16.511157480239866,738048.7393667221,221.4146218100166,738.0487393667221,filled
2015-07-01,SZ000408,sell,36400,36400,19.325557136535643,703450.2797698975,211.03508393096922,703.4502797698975,filled
2015-07-01,SZ000540,sell,18600,18600,7.709863214492798,143403.45578956604,43.02103673686981,143.40345578956604,filled
2015-07-01,SZ000686,sell,45700,45700,16.655292680740356,761146.8755098343,228.34406265295027,761.1468755098343,filled
2015-07-01,SZ002658,sell,32900,32900,23.37636524963379,769082.4167129516,230.72472501388546,769.0824167129516,filled
2015-07-01,SZ002673,sell,1700,1700,23.71605588912964,40317.295011520386,12.095188503456114,40.317295011520386,filled
2015-07-01,SZ300025,sell,36900,36900,12.133748156547547,447735.3069766045,134.32059209298134,447.73530697660453,filled
2015-07-01,SZ300072,sell,72200,72200,11.380252833366393,821654.2545690536,246.49627637071606,821.6542545690537,filled
2015-07-01,SZ300253,sell,100,100,15.113756383895874,1511.3756383895873,5.0,1.5113756383895873,filled
2015-07-01,SH600176,buy,122700,122700,6.605785606861113,810529.8939618586,243.15896818855757,0.0,filled
2015-07-01,SH600177,buy,116700,116700,6.94174449443817,810101.5825009345,243.03047475028032,0.0,filled
2015-07-01,SH600446,buy,6900,6900,39.36992752075195,271652.4998931885,81.49574996795654,0.0,filled
2015-07-01,SH601377,buy,2100,2100,11.538394734382628,24230.62894220352,7.2691886826610554,0.0,filled
2015-07-01,SH601688,buy,3400,3400,20.317695011138913,69080.1630378723,20.724048911361688,0.0,filled
2015-07-01,SZ000006,buy,71400,71400,11.349337343215941,810342.6863056181,243.10280589168542,0.0,filled
2015-07-01,SZ000046,buy,4900,4900,12.851366207122801,62971.69441490173,18.891508324470518,0.0,filled
2015-07-01,SZ000516,buy,17800,17800,8.621484041213987,153462.41593360898,46.03872478008269,0.0,filled
2015-07-01,SZ000626,buy,21000,21000,38.4739098701477,807952.1072731017,242.38563218193048,0.0,filled
2015-07-01,SZ000783,buy,65900,65900,12.284632207870482,809557.2624986648,242.86717874959942,0.0,filled
2015-07-01,SZ000796,buy,34000,34000,23.839754888534543,810551.6662101744,243.1654998630523,0.0,filled
2015-07-01,SZ000958,buy,1200,1200,14.647814753532408,17577.37770423889,5.273213311271666,0.0,filled
2015-07-01,SZ002270,buy,7700,7700,12.19429957962036,93896.10676307676,28.168832028923028,0.0,filled
2015-07-01,SZ002280,buy,9900,9900,21.77023405075073,215525.31710243222,64.65759513072966,0.0,filled
2015-07-01,SZ002285,buy,8000,8000,14.620581126213072,116964.64900970458,35.08939470291137,0.0,filled
2015-07-01,SZ002364,buy,30500,30500,26.525245618820186,809019.9913740157,242.70599741220468,0.0,filled
2015-07-01,SZ002631,buy,30000,30000,26.96914381599426,809074.3144798279,242.72229434394833,0.0,filled
2015-07-01,SZ300011,buy,22600,22600,35.76803592300415,808357.6118598938,242.50728355796812,0.0,filled
2015-07-01,SZ300016,buy,29800,29800,27.18611739349365,810146.2983261107,243.0438894978332,0.0,filled
2015-07-01,SZ300059,buy,2800,2800,13.711212048530577,38391.39373588561,11.517418120765683,0.0,filled
2015-07-01,SZ300216,buy,3000,3000,50.626557121276846,151879.67136383054,45.56390140914916,0.0,filled
2015-07-01,SZ300244,buy,6600,2900,45.94449631500244,133239.03931350706,39.97171179405211,0.0,partial_volume_or_cash
2015-07-01,SZ300367,buy,48500,100,16.695427833557126,1669.5427833557126,5.0,0.0,partial_volume_or_cash
2015-08-03,SH600176,sell,122700,122700,6.427161108970642,788612.6680706978,236.58380042120933,788.6126680706979,filled
2015-08-03,SH600687,sell,47500,47500,15.47924765110016,735264.2634272575,220.57927902817724,735.2642634272576,filled
2015-08-03,SH601688,sell,1400,1400,16.748379203796386,23447.73088531494,7.0343192655944815,23.44773088531494,filled
2015-08-03,SZ000006,sell,71400,71400,9.705980638504029,693007.0175891876,207.90210527675626,693.0070175891876,filled
2015-08-03,SZ000046,sell,1500,1500,10.466856688499451,15700.285032749176,5.0,15.700285032749177,filled
2015-08-03,SZ000516,sell,11900,11900,7.833063807964325,93213.45931477546,27.964037794432638,93.21345931477546,filled
2015-08-03,SZ000540,sell,4900,4900,6.43302700996399,31521.83234882355,9.456549704647065,31.52183234882355,filled
2015-08-03,SZ000783,sell,100,100,9.772789220809937,977.2789220809937,5.0,0.9772789220809937,filled
2015-08-03,SZ000796,sell,7000,7000,23.77329725074768,166413.08075523376,49.92392422657012,166.41308075523378,filled
2015-08-03,SZ000958,sell,8200,8200,13.656159539222717,111980.50822162628,33.594152466487884,111.98050822162628,filled
2015-08-03,SZ002285,sell,55400,55400,11.879641365051269,658132.1316238403,197.43963948715208,658.1321316238403,filled
2015-08-03,SZ002354,sell,26800,26800,24.148914985656738,647190.9216156006,194.15727648468015,647.1909216156006,filled
2015-08-03,SZ002364,sell,30500,30500,18.09234219932556,551816.4370794296,165.54493112382886,551.8164370794296,filled
2015-08-03,SZ002631,sell,30000,30000,21.648404388427736,649452.131652832,194.8356394958496,649.452131652832,filled
2015-08-03,SZ002673,sell,1600,1600,19.79170238685608,31666.723818969727,9.500017145690917,31.66672381896973,filled
2015-08-03,SZ300016,sell,29800,29800,17.828884454727174,531300.7567508698,159.3902270252609,531.3007567508698,filled
2015-08-03,SZ300367,sell,100,100,14.105807478904724,1410.5807478904724,5.0,1.4105807478904724,filled
2015-08-03,SH600086,buy,40700,40700,15.813118640899656,643593.928684616,193.07817860538478,0.0,filled
2015-08-03,SH600376,buy,48500,48500,13.290175282478332,644573.5012001991,193.37205036005972,0.0,filled
2015-08-03,SH600518,buy,40700,40700,15.833800656318664,644435.6867121696,193.33070601365085,0.0,filled
2015-08-03,SH600570,buy,7000,7000,25.838444238662717,180869.109670639,54.260732901191695,0.0,filled
2015-08-03,SH600571,buy,24500,24500,26.308844818115233,644566.6980438232,193.37000941314696,0.0,filled
2015-08-03,SH600816,buy,99600,99600,6.470917673587798,644503.4002893447,193.3510200868034,0.0,filled
2015-08-03,SH601009,buy,125200,125200,5.149915870189666,644769.4669477462,193.43084008432385,0.0,filled
2015-08-03,SH601099,buy,122200,122200,5.275107694149017,644618.1602250099,193.38544806750295,0.0,filled
2015-08-03,SH601377,buy,3200,3200,8.785561681747435,28113.79738159179,8.434139214477536,0.0,filled
2015-08-03,SH601567,buy,60000,60000,10.738560626983642,644313.6376190184,193.29409128570552,0.0,filled
2015-08-03,SH601766,buy,48800,27100,13.202109895706176,357777.17817363737,107.3331534520912,0.0,partial_volume_or_cash
2015-09-01,SH600086,sell,40700,40700,11.1600648021698,454214.63744831085,136.26439123449325,454.21463744831084,filled
2015-09-01,SH600177,sell,116700,116700,4.872576826572418,568629.7156610012,170.58891469830033,568.6297156610011,filled
2015-09-01,SH600376,sell,48500,48500,7.899517978191375,383126.6219422817,114.9379865826845,383.12662194228176,filled
2015-09-01,SH600518,sell,40700,40700,12.641779769897461,514520.43663482665,154.35613099044798,514.5204366348266,filled
2015-09-01,SH600571,sell,24500,24500,19.169394790649413,469650.17237091064,140.89505171127317,469.65017237091064,filled
2015-09-01,SH600816,sell,1600,1600,5.666352702140808,9066.164323425293,5.0,9.066164323425294,filled
2015-09-01,SH601009,sell,125200,125200,4.673424390792847,585112.7337272645,175.5338201181793,585.1127337272644,filled
2015-09-01,SH601099,sell,122200,122200,4.159539738178253,508295.7560053826,152.48872680161475,508.2957560053826,filled
2015-09-01,SH601377,sell,73400,73400,6.790522569179535,498424.3565777778,149.52730697333334,498.4243565777778,filled
2015-09-01,SH601567,sell,60000,60000,8.89511914730072,533707.1488380432,160.11214465141296,533.7071488380432,filled
2015-09-01,SH601688,sell,38400,38400,12.522320986747742,480857.1258911133,144.25713776733397,480.8571258911133,filled
2015-09-01,SH601766,sell,27100,27100,10.83691815662384,293680.48204450606,88.1041446133518,293.68048204450605,filled
2015-09-01,SZ000046,sell,3100,3100,9.507120211601258,29472.0726559639,8.84162179678917,29.472072655963903,filled
2015-09-01,SZ000516,sell,82100,82100,6.037400236129761,495670.55938625336,148.701167815876,495.6705593862534,filled
2015-09-01,SZ000783,sell,65800,65800,8.076231937408448,531416.0614814758,159.42481844444274,531.4160614814758,filled
2015-09-01,SZ000958,sell,2500,2500,12.4572387342453,31143.096835613247,9.342929050683974,31.143096835613246,filled
2015-09-01,SZ002270,sell,66400,66400,7.674567296504974,509591.2684879303,152.87738054637907,509.59126848793034,filled
2015-09-01,SZ300208,sell,28500,28500,18.284986124038696,521122.10453510284,156.33663136053084,521.1221045351028,filled
2015-09-01,SZ300244,sell,13900,13900,29.61223434448242,411610.05738830566,123.48301721649169,411.6100573883057,filled
2015-09-01,SH600020,buy,114900,114900,4.8419209003448485,556336.7114496231,166.90101343488692,0.0,filled
2015-09-01,SH600236,buy,127400,127400,4.368376253604889,556531.1347092629,166.95934041277886,0.0,filled
2015-09-01,SH600340,buy,34500,34500,16.113114305496214,555902.4435396194,166.7707330618858,0.0,filled
2015-09-01,SH600570,buy,2700,2700,20.124188098907467,54335.30786705016,16.300592360115047,0.0,filled
2015-09-01,SZ000029,buy,51500,51500,10.807864709854124,556605.0325574874,166.9815097672462,0.0,filled
2015-09-01,SZ000048,buy,31900,31900,17.398087493896483,554998.9910552978,166.49969731658933,0.0,filled
2015-09-01,SZ000718,buy,97200,97200,5.722972370624541,556272.9144247054,166.88187432741162,0.0,filled
2015-09-01,SZ000732,buy,41800,41800,13.314918285369872,556563.5843284606,166.96907529853817,0.0,filled
2015-09-01,SZ000796,buy,1400,1400,19.592662689208982,27429.727764892574,8.22891832946777,0.0,filled
2015-09-01,SZ000902,buy,58600,58600,9.492135316848755,556239.129567337,166.87173887020109,0.0,filled
2015-09-01,SZ000997,buy,31200,31200,17.827574626922605,556220.3283599853,166.86609850799556,0.0,filled
2015-09-01,SZ002036,buy,63800,63800,8.72309655380249,556533.5601325989,166.96006803977963,0.0,filled
2015-09-01,SZ002085,buy,95400,95400,5.83253407049179,556423.7503249168,166.92712509747503,0.0,filled
2015-09-01,SZ002280,buy,16600,16600,10.340311785697937,171649.17564258576,51.49475269277573,0.0,filled
2015-09-01,SZ002285,buy,63000,63000,8.827861248016356,556155.2586250304,166.8465775875091,0.0,filled
2015-09-01,SZ002470,buy,65800,65800,8.454258037567138,556290.1788719177,166.8870536615753,0.0,filled
2015-09-01,SZ002673,buy,9100,9100,13.371957307815551,121684.81150112151,36.50544345033645,0.0,filled
2015-09-01,SZ300017,buy,38900,14700,14.286800222396849,210015.96326923367,63.004788980770094,0.0,partial_volume_or_cash
2015-09-01,SZ300059,buy,18300,100,7.187373617649078,718.7373617649077,5.0,0.0,partial_volume_or_cash
2015-10-08,SH600570,sell,27600,27600,18.844324602127074,520103.35901870724,156.03100770561215,520.1033590187072,filled
2015-10-08,SZ000024,sell,23200,23200,29.171094200134277,676769.3854431153,203.03081563293455,676.7693854431153,filled
2015-10-08,SZ000029,sell,5000,5000,11.929830688476562,59649.15344238281,17.894746032714842,59.64915344238281,filled
2015-10-08,SZ000796,sell,28400,28400,24.752970359802244,702984.3582183837,210.89530746551512,702.9843582183837,filled
2015-10-08,SZ000902,sell,5200,5200,10.39245206451416,54040.75073547363,16.212225220642086,54.04075073547363,filled
2015-10-08,SZ000958,sell,2300,2300,13.108510943412782,30149.5751698494,9.04487255095482,30.1495751698494,filled
2015-10-08,SZ000997,sell,31200,31200,18.94165644836426,590979.6811889649,177.29390435668944,590.9796811889648,filled
2015-10-08,SZ002036,sell,7700,7700,9.885006374359131,76114.54908256531,22.834364724769593,76.11454908256532,filled
2015-10-08,SZ002085,sell,95400,95400,10.595248180389405,1010786.6764091492,303.2360029227447,1010.7866764091492,filled
2015-10-08,SZ002280,sell,53800,53800,14.686011491775513,790107.4182575226,237.03222547725676,790.1074182575227,filled
2015-10-08,SZ002285,sell,63000,63000,8.844427740097046,557198.9476261139,167.15968428783415,557.1989476261139,filled
2015-10-08,SZ002470,sell,65800,65800,8.87420311832428,583922.5651857376,175.17676955572125,583.9225651857375,filled
2015-10-08,SZ002673,sell,2900,2900,14.322870586395263,41536.32470054626,12.460897410163877,41.53632470054626,filled
2015-10-08,SZ300011,sell,22600,22600,26.890839277267457,607732.9676662445,182.31989029987332,607.7329676662445,filled
2015-10-08,SH600020,buy,4000,4000,4.67685856103897,18707.43424415588,5.612230273246763,0.0,filled
2015-10-08,SH600236,buy,5500,5500,4.186711501598357,23026.913258790966,6.908073977637289,0.0,filled
2015-10-08,SH600340,buy,3300,3300,14.717413816452025,48567.46559429168,14.570239678287503,0.0,filled
2015-10-08,SH600483,buy,44500,44500,12.489909683227538,555800.9809036254,166.7402942710876,0.0,filled
2015-10-08,SH600807,buy,53800,53800,10.329271512985228,555714.8073986053,166.71444221958157,0.0,filled
2015-10-08,SH600816,buy,8700,8700,5.213962339401244,45361.47235279083,13.608441705837247,0.0,filled
2015-10-08,SZ000006,buy,67200,67200,8.27936064338684,556373.0352355957,166.91191057067869,0.0,filled
2015-10-08,SZ000046,buy,2900,2900,9.076784315109252,26322.674513816833,7.896802354145049,0.0,filled
2015-10-08,SZ000718,buy,3700,3700,5.514480185508727,20403.57668638229,6.1210730059146865,0.0,filled
2015-10-08,SZ000732,buy,14300,14300,9.917578645706175,141821.37463359832,42.54641239007949,0.0,filled
2015-10-08,SZ000838,buy,126400,126400,4.401945746898651,556405.9424079895,166.92178272239684,0.0,filled
2015-10-08,SZ002074,buy,21000,21000,26.46363774681091,555736.3926830291,166.7209178049087,0.0,filled
2015-10-08,SZ002244,buy,89600,89600,6.20945461320877,556367.1333435058,166.9101400030517,0.0,filled
2015-10-08,SZ002508,buy,32300,32300,17.224528488159176,556352.2701675415,166.90568105026242,0.0,filled
2015-10-08,SZ002568,buy,19500,19500,28.395407674789425,553710.4496583937,166.1131348975181,0.0,filled
2015-10-08,SZ002572,buy,31200,31200,17.804281703948973,555493.5891632079,166.64807674896235,0.0,filled
2015-10-08,SZ300017,buy,16400,16400,17.886799747467037,293343.5158584594,88.00305475753781,0.0,filled
2015-10-08,SZ300032,buy,23300,23300,23.84973647880554,555698.859956169,166.7096579868507,0.0,filled
2015-10-08,SZ300059,buy,7100,7100,8.381439969062804,59508.22378034591,17.85246713410377,0.0,filled
2015-10-08,SZ300072,buy,50200,5100,11.06582333087921,56435.69898748397,16.93070969624519,0.0,partial_volume_or_cash
2015-11-02,SH600020,sell,118900,118900,4.917137476444244,584647.6459492206,175.39429378476618,584.6476459492206,filled
2015-11-02,SH600446,sell,20500,20500,44.21420253753662,906391.1520195007,271.9173456058502,906.3911520195007,filled
2015-11-02,SH600483,sell,44500,44500,13.259286606788635,590038.2540020943,177.01147620062827,590.0382540020943,filled
2015-11-02,SH600807,sell,53800,53800,12.585556866645813,677102.9594255447,203.1308878276634,677.1029594255448,filled
2015-11-02,SH600816,sell,106700,106700,6.192752769470215,660766.7205024719,198.23001615074156,660.7667205024719,filled
2015-11-02,SZ000006,sell,67200,67200,9.452797986030578,635228.0246612548,190.56840739837642,635.2280246612548,filled
2015-11-02,SZ000540,sell,100000,100000,6.278919682502747,627891.9682502747,188.36759047508238,627.8919682502747,filled
2015-11-02,SZ000718,sell,100900,100900,7.724780437946319,779430.3461887836,233.82910385663507,779.4303461887837,filled
2015-11-02,SZ000732,sell,56100,56100,11.02614086151123,618566.50233078,185.569950699234,618.56650233078,filled
2015-11-02,SZ000838,sell,126400,126400,5.247655321598053,663303.6326499939,198.99108979499815,663.3036326499939,filled
2015-11-02,SZ000902,sell,53400,53400,11.290685660362243,602922.6142633437,180.87678427900312,602.9226142633438,filled
2015-11-02,SZ002036,sell,56100,56100,10.16590176486969,570307.0890091895,171.09212670275684,570.3070890091896,filled
2015-11-02,SZ002244,sell,89600,89600,6.338544274806976,567933.5670227051,170.3800701068115,567.9335670227051,filled
2015-11-02,SZ002673,sell,38700,38700,16.678981126785278,645476.5696065902,193.64297088197705,645.4765696065903,filled
2015-11-02,SZ300059,sell,66300,66300,11.344357177734375,752130.880883789,225.6392642651367,752.130880883789,filled
2015-11-02,SZ300072,sell,5100,5100,11.434300675392151,58314.93344449997,17.49448003334999,58.31493344449997,filled
2015-11-02,SZ300216,sell,16000,16000,46.157813621520994,738525.0179443359,221.55750538330076,738.5250179443359,filled
2015-11-02,SH600021,buy,48700,48700,13.42776963329315,653932.3811413764,196.17971434241292,0.0,filled
2015-11-02,SH600066,buy,40000,40000,16.34775804710388,653910.3218841553,196.17309656524657,0.0,filled
2015-11-02,SH600177,buy,122200,122200,5.3574854073524465,654684.7167784689,196.40541503354066,0.0,filled
2015-11-02,SH600236,buy,10200,10200,4.573353021144866,46648.200815677636,13.994460244703289,0.0,filled
2015-11-02,SH600340,buy,2300,2300,16.289162981033325,37465.07485637665,11.239522456912994,0.0,filled
2015-11-02,SH600681,buy,100000,100000,6.5469385190010065,654693.8519001007,196.4081555700302,0.0,filled
2015-11-02,SH600687,buy,44900,44900,14.577951258659361,654550.0115138054,196.3650034541416,0.0,filled
2015-11-02,SH600743,buy,114400,114400,5.718307580947875,654174.3872604369,196.25231617813105,0.0,filled
2015-11-02,SZ000029,buy,6600,6600,12.324086028099059,81338.96778545379,24.401690335636133,0.0,filled
2015-11-02,SZ000031,buy,49200,49200,13.29100676345825,653917.532762146,196.1752598286438,0.0,filled
2015-11-02,SZ000046,buy,4900,4900,9.876576418876647,48395.22445249557,14.518567335748669,0.0,filled
2015-11-02,SZ000958,buy,9900,9900,12.530579699516295,124052.73902521133,37.21582170756339,0.0,filled
2015-11-02,SZ002074,buy,2300,2300,28.06516366767883,64549.87643566131,19.36496293069839,0.0,filled
2015-11-02,SZ002085,buy,66700,66700,9.802308270454406,653813.9616393088,196.14418849179265,0.0,filled
2015-11-02,SZ002252,buy,29200,29200,22.35708778953552,652826.9634544372,195.84808903633115,0.0,filled
2015-11-02,SZ002280,buy,39100,39100,16.703586084365842,653110.2158987044,195.9330647696113,0.0,filled
2015-11-02,SZ002354,buy,19200,19200,34.05162243270874,653791.1507080079,196.13734521240235,0.0,filled
2015-11-02,SZ002508,buy,4600,4600,17.70491256713867,81442.59780883789,24.432779342651365,0.0,filled
2015-11-02,SZ002568,buy,4600,4600,27.068320117950435,124514.272542572,37.3542817627716,0.0,filled
2015-11-02,SZ002707,buy,31400,31400,20.820810691833493,653773.4557235717,196.1320367170715,0.0,filled
2015-11-02,SZ300017,buy,2700,2700,19.328375839233395,52186.614765930164,15.655984429779048,0.0,filled
2015-11-02,SZ300032,buy,4300,4300,23.710469619750974,101955.01936492919,30.586505809478755,0.0,filled
2015-11-02,SZ300166,buy,31900,31900,20.507723258972167,654196.3719612121,196.25891158836362,0.0,filled
2015-11-02,SZ300208,buy,32300,32300,20.2365401763916,653640.2476974487,196.0920743092346,0.0,filled
2015-11-02,SZ300231,buy,38900,38900,16.79258032417297,653231.3746103286,195.96941238309856,0.0,filled
2015-11-02,SZ300237,buy,112800,15800,5.7991459565162655,91626.506112957,27.487951833887095,0.0,partial_volume_or_cash
2015-12-01,SH600177,sell,122200,122200,5.801619502544403,708957.9032109261,212.6873709632778,708.9579032109261,filled
2015-12-01,SH600340,sell,40100,40100,16.705421030044555,669887.3833047866,200.96621499143598,669.8873833047867,filled
2015-12-01,SH600687,sell,44900,44900,19.858449995040893,891644.404777336,267.4933214332008,891.644404777336,filled
2015-12-01,SZ000958,sell,52200,52200,11.524347066879272,601570.916891098,180.4712750673294,601.570916891098,filled
2015-12-01,SZ002074,sell,100,100,31.666759260177614,3166.6759260177614,5.0,3.1666759260177613,filled
2015-12-01,SZ002085,sell,8200,8200,12.559409448623658,102987.157478714,30.896147243614198,102.987157478714,filled
2015-12-01,SZ002280,sell,8800,8800,24.21552921295166,213096.6570739746,63.92899712219238,213.09665707397463,filled
2015-12-01,SZ002354,sell,19200,19200,39.12933430480957,751283.2186523437,225.3849655957031,751.2832186523437,filled
2015-12-01,SZ002508,sell,36900,36900,18.291432231903077,674953.8493572235,202.48615480716703,674.9538493572235,filled
2015-12-01,SZ002568,sell,24100,24100,30.052488458633423,724264.9718530655,217.27949155591963,724.2649718530655,filled
2015-12-01,SZ002572,sell,31200,31200,17.120969192504884,534174.2388061524,160.2522716418457,534.1742388061524,filled
2015-12-01,SZ300032,sell,1200,1200,27.81121505355835,33373.45806427002,10.012037419281004,33.37345806427002,filled
2015-12-01,SZ300208,sell,32300,32300,23.87792122077942,771256.8554311753,231.37705662935258,771.2568554311754,filled
2015-12-01,SZ300231,sell,3400,3400,20.672700313568114,70287.18106613158,21.086154319839473,70.28718106613158,filled
2015-12-01,SH600021,buy,4100,4100,13.944179463386535,57171.13579988479,17.151340739965434,0.0,filled
2015-12-01,SH600066,buy,6800,6800,15.728172978401183,106951.57625312805,32.085472875938414,0.0,filled
2015-12-01,SH600201,buy,44900,44900,16.394078506469725,736094.1249404907,220.8282374821472,0.0,filled
2015-12-01,SH600236,buy,27800,27800,4.307749739170074,119755.44274892805,35.926632824678414,0.0,filled
2015-12-01,SH600446,buy,15900,15900,46.192959251403806,734468.0520973206,220.34041562919614,0.0,filled
2015-12-01,SH600681,buy,100,100,7.355286476135253,735.5286476135253,5.0,0.0,filled
2015-12-01,SH600743,buy,23500,23500,5.337362326622008,125428.01467561719,37.628404402685156,0.0,filled
2015-12-01,SZ000029,buy,3400,3400,13.015791332244872,44253.690529632564,13.276107158889769,0.0,filled
2015-12-01,SZ000031,buy,5400,5400,13.478735312461852,72785.170687294,21.835551206188196,0.0,filled
2015-12-01,SZ000046,buy,8100,8100,9.903632485389709,80219.42313165664,24.06582693949699,0.0,filled
2015-12-01,SZ000540,buy,117500,117500,6.266775250911712,736346.0919821261,220.90382759463782,0.0,filled
2015-12-01,SZ000957,buy,60400,60400,12.172814722061156,735238.0092124939,220.57140276374815,0.0,filled
2015-12-01,SZ002036,buy,36500,36500,20.14395271682739,735254.2741641997,220.5762822492599,0.0,filled
2015-12-01,SZ002252,buy,3300,3300,22.633011554718014,74688.93813056944,22.40668143917083,0.0,filled
2015-12-01,SZ300017,buy,2500,2500,20.27199505996704,50679.9876499176,15.20399629497528,0.0,filled
2015-12-01,SZ300059,buy,58900,58900,12.494850837707519,735946.7143409728,220.78401430229184,0.0,filled
2015-12-01,SZ300166,buy,2300,2300,21.508284130096435,49469.0534992218,14.84071604976654,0.0,filled
2015-12-01,SZ300207,buy,56000,56000,13.138395159721373,735750.1289443969,220.72503868331904,0.0,filled
2015-12-01,SZ300237,buy,103800,103800,6.15499022245407,638887.9850907325,191.66639552721972,0.0,filled
2015-12-01,SZ300287,buy,37700,8700,19.48252725791931,169497.98714389798,50.849396143169386,0.0,partial_volume_or_cash
2016-01-04,SH600021,sell,52800,52800,12.87601566696167,679853.6272155762,203.95608816467285,679.8536272155762,filled
2016-01-04,SH600066,sell,46800,46800,16.754691930770875,784119.582360077,235.23587470802306,784.119582360077,filled
2016-01-04,SH600201,sell,7000,7000,18.85934900665283,132015.44304656982,39.604632913970946,132.01544304656983,filled
2016-01-04,SH600236,sell,170900,170900,4.510295751571655,770809.5439435958,231.24286318307873,770.8095439435958,filled
2016-01-04,SH600681,sell,4300,4300,7.465933861255646,32103.51560339928,9.631054681019783,32.10351560339928,filled
2016-01-04,SZ000031,sell,54600,54600,13.21770797252655,721686.8552999496,216.50605658998487,721.6868552999497,filled
2016-01-04,SZ000046,sell,74300,74300,11.255953276634216,836317.3284539223,250.89519853617668,836.3173284539223,filled
2016-01-04,SZ000048,sell,31900,31900,26.131833417892455,833605.4860307693,250.08164580923076,833.6054860307693,filled
2016-01-04,SZ000957,sell,60400,60400,11.684845244407654,705764.6527622223,211.7293958286667,705.7646527622223,filled
2016-01-04,SZ002074,sell,400,400,31.341161264419554,12536.46450576782,5.0,12.536464505767821,filled
2016-01-04,SZ002280,sell,400,400,23.922239879608153,9568.89595184326,5.0,9.56889595184326,filled
2016-01-04,SZ300032,sell,1600,1600,28.77864189147949,46045.82702636719,13.813748107910156,46.045827026367185,filled
2016-01-04,SZ300166,sell,34200,34200,19.604565187454224,670476.1294109344,201.1428388232803,670.4761294109344,filled
2016-01-04,SZ300207,sell,2700,2700,13.413245309829712,36215.762336540225,10.864728700962067,36.21576233654022,filled
2016-01-04,SZ300231,sell,35500,35500,21.603946632385252,766940.1054496764,230.0820316349029,766.9401054496764,filled
2016-01-04,SZ300237,sell,119600,119600,6.634482647895813,793484.1246883392,238.04523740650174,793.4841246883392,filled
2016-01-04,SH600622,buy,101100,101100,7.084391691207885,716231.9999811172,214.86959999433515,0.0,filled
2016-01-04,SH600743,buy,700,700,5.16936641550064,3618.556490850448,5.0,0.0,filled
2016-01-04,SH600826,buy,23000,23000,31.14888891983032,716424.4451560974,214.9273335468292,0.0,filled
2016-01-04,SZ000029,buy,1600,1600,12.326830583572386,19722.92893371582,5.9168786801147455,0.0,filled
2016-01-04,SZ000540,buy,9800,9800,5.630151981830596,55175.48942193984,16.552646826581952,0.0,filled
2016-01-04,SZ000958,buy,57800,57800,12.40029588985443,716737.102433586,215.02113073007578,0.0,filled
2016-01-04,SZ002036,buy,3100,3100,18.083017803192135,56057.35518989562,16.817206556968685,0.0,filled
2016-01-04,SZ002085,buy,1700,1700,11.905053980827331,20238.591767406462,6.071577530221938,0.0,filled
2016-01-04,SZ002210,buy,73100,73100,9.79452041530609,715979.4423588752,214.79383270766255,0.0,filled
2016-01-04,SZ002252,buy,100,100,21.92632718276977,2192.6327182769774,5.0,0.0,filled
2016-01-04,SZ002701,buy,68200,68200,10.502044859886169,716239.4594442367,214.871837833271,0.0,filled
2016-01-04,SZ002717,buy,57600,57600,12.437598933219908,716405.6985534667,214.92170956604,0.0,filled
2016-01-04,SZ300017,buy,400,400,19.5249222869873,7809.96891479492,5.0,0.0,filled
2016-01-04,SZ300059,buy,3900,3900,11.40682599544525,44486.62138223647,13.345986414670941,0.0,filled
2016-01-04,SZ300072,buy,62500,62500,11.46707543182373,716692.2144889832,215.00766434669492,0.0,filled
2016-01-04,SZ300100,buy,23200,23200,30.877499637603755,716357.9915924071,214.90739747772213,0.0,filled
2016-01-04,SZ300113,buy,16900,16900,42.31068577575683,715050.5896102905,214.51517688308712,0.0,filled
2016-01-04,SZ300230,buy,73400,73400,9.760420148849485,716414.8389255522,214.92445167766564,0.0,filled
2016-01-04,SZ300287,buy,32300,25600,17.476164608001707,447389.8139648437,134.2169441894531,0.0,partial_volume_or_cash
2016-02-01,SH600201,sell,37900,37900,12.824490629196166,486048.1948465347,145.81445845396038,486.0481948465347,filled
2016-02-01,SH600446,sell,15900,15900,31.82452027130127,506009.8723136902,151.80296169410704,506.0098723136902,filled
2016-02-01,SH600681,sell,95800,95800,5.500584074020385,526955.9542911529,158.08678628734586,526.9559542911529,filled
2016-02-01,SH600743,sell,138600,138600,3.8425331389904023,532575.0930640697,159.77252791922092,532.5750930640697,filled
2016-02-01,SH600826,sell,23000,23000,23.849886463165284,548547.3886528015,164.56421659584043,548.5473886528015,filled
2016-02-01,SZ000540,sell,127300,127300,4.107842257976532,522928.31944041257,156.87849583212375,522.9283194404126,filled
2016-02-01,SZ000958,sell,57800,57800,6.295234070777893,363864.5292909622,109.15935878728865,363.8645292909622,filled
2016-02-01,SZ002036,sell,39600,39600,11.677958026885987,462447.1378646851,138.73414135940553,462.4471378646851,filled
2016-02-01,SZ002210,sell,73100,73100,7.903015892028809,577710.461707306,173.31313851219178,577.710461707306,filled
2016-02-01,SZ002252,sell,32600,32600,20.384277477264405,664527.4457588196,199.35823372764585,664.5274457588196,filled
2016-02-01,SZ002701,sell,68200,68200,8.262554560661316,563506.2210371018,169.05186631113054,563.5062210371018,filled
2016-02-01,SZ300017,sell,700,700,16.984907346725464,11889.435142707825,5.0,11.889435142707825,filled
2016-02-01,SZ300059,sell,62800,62800,8.470614458084107,531954.5879676819,159.58637639030457,531.954587967682,filled
2016-02-01,SZ300072,sell,600,600,9.895849287986755,5937.5095727920525,5.0,5.937509572792052,filled
2016-02-01,SZ300100,sell,100,100,26.462726634979248,2646.272663497925,5.0,2.646272663497925,filled
2016-02-01,SZ300207,sell,53300,53300,9.76733870601654,520599.1530306816,156.17974590920446,520.5991530306816,filled
2016-02-01,SZ300287,sell,34300,34300,11.993482907295228,411376.4637202263,123.41293911606789,411.3764637202263,filled
2016-02-01,SH600622,buy,4800,4800,5.797436217784881,27827.69384536743,8.348308153610228,0.0,filled
2016-02-01,SH600641,buy,72600,72600,8.450659090042114,613517.8499370575,184.05535498111723,0.0,filled
2016-02-01,SH600666,buy,27700,27700,22.11197559738159,612501.72404747,183.750517214241,0.0,filled
2016-02-01,SH600687,buy,39300,39300,15.606726160049437,613344.3380899428,184.00330142698283,0.0,filled
2016-02-01,SH600807,buy,57300,57300,10.71002584171295,613684.480730152,184.10534421904558,0.0,filled
2016-02-01,SH600816,buy,114400,114400,5.366963431358337,613980.6165473937,184.1941849642181,0.0,filled
2016-02-01,SZ000029,buy,6800,6800,9.456680433273315,64305.426946258536,19.29162808387756,0.0,filled
2016-02-01,SZ000048,buy,24000,24000,25.495074096679684,611881.7783203124,183.5645334960937,0.0,filled
2016-02-01,SZ002074,buy,6300,6300,21.059341678619383,132673.85257530212,39.80215577259063,0.0,filled
2016-02-01,SZ002085,buy,10800,10800,8.651224521636962,93433.2248336792,28.029967450103758,0.0,filled
2016-02-01,SZ002280,buy,14200,14200,13.916163995742796,197609.5287395477,59.28285862186431,0.0,filled
2016-02-01,SZ002364,buy,35900,35900,17.078002637863158,613100.2946992874,183.9300884097862,0.0,filled
2016-02-01,SZ002717,buy,7400,7400,9.446750392913817,69905.95290756224,20.971785872268672,0.0,filled
2016-02-01,SZ300113,buy,3800,3800,29.54892477035522,112285.91412734984,33.68577423820495,0.0,filled
2016-02-01,SZ300182,buy,62000,62000,9.895501918792723,613521.1189651488,184.05633568954462,0.0,filled
2016-02-01,SZ300188,buy,33900,33900,18.099212112426756,613563.290611267,184.06898718338007,0.0,filled
2016-02-01,SZ300230,buy,9100,9100,7.443714144229888,67737.79871249199,20.321339613747593,0.0,filled
2016-02-01,SZ300231,buy,45300,45300,13.533707565307616,613076.952708435,183.92308581253047,0.0,filled
2016-02-01,SZ300237,buy,140700,75700,4.364033173561095,330357.3112385749,99.10719337157246,0.0,partial_volume_or_cash
2016-03-01,SH600622,sell,9900,9900,5.73565693616867,56783.00366806983,17.03490110042095,56.78300366806983,filled
2016-03-01,SH600641,sell,72600,72600,7.681899434566498,557705.8989495278,167.31176968485832,557.7058989495278,filled
2016-03-01,SH600687,sell,39300,39300,15.209783002853394,597744.4720121383,179.3233416036415,597.7444720121383,filled
2016-03-01,SH600807,sell,1000,1000,9.779275342941284,9779.275342941284,5.0,9.779275342941284,filled
2016-03-01,SH600816,sell,5700,5700,5.064487156391144,28867.57679142952,8.660273037428855,28.86757679142952,filled
2016-03-01,SZ000029,sell,64900,64900,8.577417300224305,556674.3827845574,167.0023148353672,556.6743827845575,filled
2016-03-01,SZ000626,sell,21000,21000,29.04434234046936,609931.1891498566,182.97935674495696,609.9311891498566,filled
2016-03-01,SZ002074,sell,8800,8800,27.075922410964967,238268.11721649172,71.48043516494751,238.26811721649173,filled
2016-03-01,SZ002085,sell,71000,71000,10.750333951950074,763273.7105884552,228.98211317653653,763.2737105884552,filled
2016-03-01,SZ002280,sell,10700,10700,16.448140726089477,175995.1057691574,52.79853173074722,175.99510576915742,filled
2016-03-01,SZ002364,sell,35900,35900,17.311833435058595,621494.8203186035,186.44844609558103,621.4948203186035,filled
2016-03-01,SZ300017,sell,3800,3800,17.099338623046876,64977.48676757813,19.493246030273436,64.97748676757813,filled
2016-03-01,SZ300032,sell,24800,24800,17.306399116516115,429198.69808959967,128.75960942687988,429.1986980895997,filled
2016-03-01,SZ300072,sell,2700,2700,9.289956115722656,25082.88151245117,7.524864453735351,25.08288151245117,filled
2016-03-01,SZ300100,sell,3100,3100,27.43429399681091,85046.31139011383,25.513893417034147,85.04631139011383,filled
2016-03-01,SZ300113,sell,3800,3800,32.482164276123044,123432.22424926757,37.029667274780266,123.43222424926758,filled
2016-03-01,SZ300182,sell,6500,6500,9.915080906867981,64448.025894641876,19.334407768392563,64.44802589464187,filled
2016-03-01,SZ300188,sell,33900,33900,14.883117007255555,504537.6665459633,151.36129996378898,504.5376665459633,filled
2016-03-01,SZ300231,sell,45300,45300,12.175084799766541,551531.3414294244,165.4594024288273,551.5313414294244,filled
2016-03-01,SZ300237,sell,75700,75700,4.371901169300079,330952.918516016,99.28587555480479,330.952918516016,filled
2016-03-01,SH600666,buy,1300,1300,18.984675395965574,24680.078014755247,7.404023404426574,0.0,filled
2016-03-01,SH601021,buy,12800,12800,42.814740810394284,548028.6823730469,164.40860471191405,0.0,filled
2016-03-01,SZ000048,buy,200,200,22.759532220840452,4551.90644416809,5.0,0.0,filled
2016-03-01,SZ000813,buy,78300,78300,7.043874892711639,551535.4040993213,165.4606212297964,0.0,filled
2016-03-01,SZ000957,buy,64600,64600,8.530005859374999,551038.3785156249,165.31151355468745,0.0,filled
2016-03-01,SZ002252,buy,25900,25900,21.2255214099884,549741.0045186996,164.92230135560987,0.0,filled
2016-03-01,SZ002504,buy,60000,60000,9.190537786483764,551432.2671890259,165.42968015670775,0.0,filled
2016-03-01,SZ002572,buy,31900,31900,17.29075294113159,551575.0188220977,165.4725056466293,0.0,filled
2016-03-01,SZ002643,buy,47600,47600,11.586675999641416,551525.7775829314,165.45773327487942,0.0,filled
2016-03-01,SZ002714,buy,94300,94300,5.845348996639251,551216.4103830813,165.36492311492438,0.0,filled
2016-03-01,SZ300033,buy,11100,11100,49.29926909255981,547221.8869274139,164.16656607822415,0.0,filled
2016-03-01,SZ300208,buy,44900,44900,12.271346650123595,550983.4645905495,165.2950393771648,0.0,filled
2016-03-01,SZ300230,buy,13400,13400,5.748862359046935,77034.75561122893,23.110426683368676,0.0,filled
2016-03-01,SZ300267,buy,42700,42700,12.909351265907286,551229.2990542412,165.36878971627235,0.0,filled
2016-03-01,SZ300367,buy,35100,14200,15.704923013687132,223009.9067943573,66.90297203830718,0.0,partial_volume_or_cash
2016-03-01,SZ300376,buy,94200,100,5.85306859588623,585.306859588623,5.0,0.0,partial_volume_or_cash
2016-04-01,SH600666,sell,29000,29000,19.039929582595825,552157.9578952789,165.64738736858365,552.157957895279,filled
2016-04-01,SH600807,sell,56300,56300,11.597805639266968,652956.4574907302,195.88693724721904,652.9564574907303,filled
2016-04-01,SH601021,sell,12800,12800,45.2813639831543,579601.458984375,173.88043769531248,579.601458984375,filled
2016-04-01,SZ000813,sell,78300,78300,7.278976249694824,569943.8403511047,170.9831521053314,569.9438403511048,filled
2016-04-01,SZ002252,sell,25900,25900,21.045297924041748,545073.2162326813,163.52196486980438,545.0732162326813,filled
2016-04-01,SZ002280,sell,33400,33400,24.386003328323365,814492.5111660004,244.3477533498001,814.4925111660004,filled
2016-04-01,SZ002504,sell,3700,3700,11.413634259223938,42230.44675912857,12.66913402773857,42.230446759128576,filled
2016-04-01,SZ002707,sell,31400,31400,22.931073148727418,720035.696870041,216.01070906101228,720.035696870041,filled
2016-04-01,SZ300033,sell,2200,2200,71.96314395904541,158318.9167098999,47.49567501296997,158.3189167098999,filled
2016-04-01,SZ300072,sell,400,400,10.932456029891968,4372.9824119567875,5.0,4.372982411956787,filled
2016-04-01,SZ300100,sell,2800,2800,37.33983531188965,104551.53887329102,31.365461661987304,104.55153887329102,filled
2016-04-01,SZ300182,sell,700,700,11.745678362846375,8221.974853992462,5.0,8.221974853992462,filled
2016-04-01,SZ300208,sell,44900,44900,15.868558839797974,712498.291906929,213.7494875720787,712.498291906929,filled
2016-04-01,SZ300230,sell,95900,95900,7.165573435306549,687178.4924458981,206.15354773376941,687.1784924458981,filled
2016-04-01,SZ300367,sell,14200,14200,21.22075476837158,301334.71771087643,90.40041531326293,301.3347177108764,filled
2016-04-01,SH600066,buy,44500,44500,14.481655069351195,644433.6505861281,193.3300951758384,0.0,filled
2016-04-01,SH600276,buy,44700,44700,14.41849306297302,644506.639914894,193.35199197446818,0.0,filled
2016-04-01,SH600622,buy,21900,21900,5.470465630054473,119803.19729819297,35.940959189457885,0.0,filled
2016-04-01,SH600651,buy,45900,45900,14.05018326473236,644903.4118512153,193.47102355536458,0.0,filled
2016-04-01,SH600743,buy,158400,158400,4.071457832336425,644918.9206420898,193.47567619262693,0.0,filled
2016-04-01,SH600816,buy,2800,2800,5.784120589256286,16195.537649917602,5.0,0.0,filled
2016-04-01,SH600958,buy,35300,35300,18.23395976257324,643658.7796188353,193.09763388565057,0.0,filled
2016-04-01,SZ000048,buy,3500,3500,23.27635826873779,81467.25394058228,24.44017618217468,0.0,filled
2016-04-01,SZ000732,buy,62500,62500,10.31908849620819,644943.0310130118,193.48290930390354,0.0,filled
2016-04-01,SZ000957,buy,1200,1200,9.796009634971618,11755.211561965942,5.0,0.0,filled
2016-04-01,SZ002074,buy,300,300,31.259784235000605,9377.935270500182,5.0,0.0,filled
2016-04-01,SZ002508,buy,30200,30200,21.332294641494748,644235.2981731414,193.2705894519424,0.0,filled
2016-04-01,SZ002572,buy,1000,1000,19.545937467575072,19545.937467575073,5.863781240272521,0.0,filled
2016-04-01,SZ002643,buy,7400,7400,11.711915555000305,86668.17510700226,26.000452532100674,0.0,filled
2016-04-01,SZ002749,buy,51200,51200,12.59569964790344,644899.8219726562,193.46994659179683,0.0,filled
2016-04-01,SZ300017,buy,1300,1300,19.230094978332517,24999.12347183227,7.499737041549681,0.0,filled
2016-04-01,SZ300113,buy,300,300,37.42853876113891,11228.561628341673,5.0,0.0,filled
2016-04-01,SZ300144,buy,40800,40800,15.797745311737058,644548.008718872,193.3644026156616,0.0,filled
2016-04-01,SZ300267,buy,1300,1300,14.647502590179442,19041.753367233276,5.712526010169983,0.0,filled
2016-04-01,SZ300376,buy,80300,30100,8.017005005836486,241311.85067567823,72.39355520270347,0.0,partial_volume_or_cash
2016-05-03,SH600066,sell,44500,44500,15.197690119743347,676297.210328579,202.88916309857368,676.297210328579,filled
2016-05-03,SH600276,sell,44700,44700,14.28308878326416,638454.068611908,191.53622058357237,638.454068611908,filled
2016-05-03,SH600622,sell,117900,117900,5.4804554686546325,646145.6997543812,193.84370992631435,646.1456997543812,filled
2016-05-03,SH600651,sell,45900,45900,11.899318857192993,546178.7355451584,163.8536206635475,546.1787355451584,filled
2016-05-03,SH600743,sell,158400,158400,3.957209502696991,626821.9852272033,188.046595568161,626.8219852272034,filled
2016-05-03,SH600958,sell,35300,35300,16.31871743774414,576050.7255523682,172.81521766571043,576.0507255523682,filled
2016-05-03,SZ000048,sell,200,200,25.739379203796386,5147.875840759277,5.0,5.147875840759277,filled
2016-05-03,SZ000732,sell,62500,62500,9.637536234855652,602346.0146784782,180.70380440354344,602.3460146784782,filled
2016-05-03,SZ000957,sell,8800,8800,12.435026052474976,109428.2292617798,32.82846877853394,109.42822926177979,filled
2016-05-03,SZ002508,sell,500,500,23.851755701065063,11925.877850532532,5.0,11.925877850532531,filled
2016-05-03,SZ002572,sell,1500,1500,22.57988126564026,33869.82189846039,10.160946569538115,33.86982189846039,filled
2016-05-03,SZ002643,sell,55000,55000,17.966120052337647,988136.6028785706,296.44098086357116,988.1366028785706,filled
2016-05-03,SZ002714,sell,94300,94300,5.849114055633545,551571.4554462433,165.47143663387297,551.5714554462432,filled
2016-05-03,SZ002717,sell,65000,65000,10.437604353904725,678444.2830038071,203.5332849011421,678.4442830038071,filled
2016-05-03,SZ002749,sell,51200,51200,11.058819179534913,566211.5419921875,169.86346259765622,566.2115419921876,filled
2016-05-03,SZ300072,sell,4700,4700,13.090876084327698,61527.117596340184,18.458135278902052,61.52711759634018,filled
2016-05-03,SZ300100,sell,17200,17200,37.23312678909302,640409.7807724,192.12293423171997,640.4097807724,filled
2016-05-03,SH600816,buy,13500,13500,5.682032671928405,76707.44107103346,23.012232321310037,0.0,filled
2016-05-03,SZ000881,buy,37300,37300,19.02539791679382,709647.3422964095,212.89420268892283,0.0,filled
2016-05-03,SZ002074,buy,3400,3400,29.546918142318724,100459.52168388366,30.137856505165097,0.0,filled
2016-05-03,SZ002091,buy,78000,78000,9.107649347305296,710396.6490898131,213.11899472694392,0.0,filled
2016-05-03,SZ002411,buy,46200,46200,15.376189228057859,710379.942336273,213.11398270088188,0.0,filled
2016-05-03,SZ002504,buy,11500,11500,10.47086002731323,120414.89031410216,36.124467094230646,0.0,filled
2016-05-03,SZ002699,buy,40000,40000,17.730622608184813,709224.9043273926,212.76747129821774,0.0,filled
2016-05-03,SZ300017,buy,400,400,20.954391786575314,8381.756714630126,5.0,0.0,filled
2016-05-03,SZ300033,buy,900,900,72.09813389587401,64888.32050628661,19.46649615188598,0.0,filled
2016-05-03,SZ300113,buy,1300,1300,38.251233345031736,49726.603348541255,14.917981004562375,0.0,filled
2016-05-03,SZ300144,buy,6600,6600,14.963198066711424,98757.1072402954,29.62713217208862,0.0,filled
2016-05-03,SZ300182,buy,9200,9200,11.098614802360533,102107.2561817169,30.63217685451507,0.0,filled
2016-05-03,SZ300207,buy,59100,59100,12.005434068679808,709521.1534589767,212.856346037693,0.0,filled
2016-05-03,SZ300230,buy,103000,103000,6.897626361846923,710455.515270233,213.1366545810699,0.0,filled
2016-05-03,SZ300267,buy,5000,5000,14.482407316207885,72412.03658103943,21.72361097431183,0.0,filled
2016-05-03,SZ300302,buy,30000,30000,23.67889243507385,710366.7730522155,213.11003191566462,0.0,filled
2016-05-03,SZ300324,buy,49200,49200,14.41386693572998,709162.253237915,212.74867597137447,0.0,filled
2016-05-03,SZ300376,buy,72400,72400,6.921815680503845,501139.45526847837,150.3418365805435,0.0,filled
2016-05-03,SZ300383,buy,41000,41000,17.323679969787595,710270.8787612914,213.0812636283874,0.0,filled
2016-06-01,SH600816,sell,7100,7100,5.964895813465119,42350.76027560234,12.705228082680701,42.35076027560234,filled
2016-06-01,SZ000048,sell,27500,27500,24.65960754776001,678139.2075634003,203.44176226902007,678.1392075634003,filled
2016-06-01,SZ000881,sell,37300,37300,19.6762917137146,733925.6809215547,220.1777042764664,733.9256809215547,filled
2016-06-01,SZ000957,sell,5100,5100,13.540766967773438,69057.91153564454,20.71737346069336,69.05791153564454,filled
2016-06-01,SZ002091,sell,11500,11500,10.569568548202515,121550.03830432892,36.465011491298675,121.55003830432892,filled
2016-06-01,SZ002411,sell,46200,46200,17.907078048706055,827307.0058502197,248.1921017550659,827.3070058502198,filled
2016-06-01,SZ002508,sell,400,400,23.98626270675659,9594.505082702637,5.0,9.594505082702637,filled
2016-06-01,SZ002572,sell,600,600,22.775720615386962,13665.432369232178,5.0,13.665432369232178,filled
2016-06-01,SZ002699,sell,40000,40000,21.321032426834105,852841.2970733641,255.8523891220092,852.8412970733641,filled
2016-06-01,SZ300017,sell,33900,33900,22.00805261993408,746072.9838157654,223.82189514472958,746.0729838157654,filled
2016-06-01,SZ300033,sell,9800,9800,77.60408855438233,760520.0678329468,228.15602034988402,760.5200678329468,filled
2016-06-01,SZ300072,sell,2200,2200,13.544324426651,29797.513738632202,8.93925412158966,29.7975137386322,filled
2016-06-01,SZ300182,sell,64000,64000,11.325624784469605,724839.9862060547,217.45199586181639,724.8399862060547,filled
2016-06-01,SZ300207,sell,59100,59100,11.238979605674743,664223.6946953773,199.26710840861315,664.2236946953773,filled
2016-06-01,SZ300230,sell,6100,6100,7.260272914409637,44287.66477789879,13.286299433369635,44.28766477789879,filled
2016-06-01,SZ300267,sell,400,400,14.4594783411026,5783.79133644104,5.0,5.783791336441039,filled
2016-06-01,SZ300302,sell,30000,30000,28.558563423156738,856756.9026947021,257.0270708084106,856.7569026947021,filled
2016-06-01,SZ300383,sell,41000,41000,18.001740371704102,738071.3552398682,221.42140657196043,738.0713552398681,filled
2016-06-01,SH600054,buy,44200,44200,15.929660580635069,704090.9976640701,211.22729929922102,0.0,filled
2016-06-01,SH600076,buy,54300,54300,12.975638724327085,704577.1827309608,211.3731548192882,0.0,filled
2016-06-01,SH600233,buy,43300,43300,16.26817071151733,704411.7918087004,211.3235375426101,0.0,filled
2016-06-01,SH600340,buy,42700,42700,16.485226387023925,703919.1667259216,211.17575001777644,0.0,filled
2016-06-01,SH600419,buy,33600,33600,20.969641014099118,704579.9380737303,211.37398142211907,0.0,filled
2016-06-01,SH601238,buy,45800,45800,15.376247460365294,704232.1336847305,211.26964010541914,0.0,filled
2016-06-01,SH603601,buy,76600,76600,9.196698000907897,704467.0668695449,211.34012006086346,0.0,filled
2016-06-01,SH603898,buy,24400,24400,28.837411890029905,703632.8501167297,211.0898550350189,0.0,filled
2016-06-01,SZ002043,buy,92500,92500,7.617651182651519,704632.7343952656,211.38982031857967,0.0,filled
2016-06-01,SZ002074,buy,1300,1300,27.815631547927854,36160.32101230621,10.848096303691861,0.0,filled
2016-06-01,SZ002085,buy,58600,58600,12.026710817337035,704765.2538959503,211.42957616878508,0.0,filled
2016-06-01,SZ002504,buy,1200,1200,10.21702921772003,12260.435061264037,5.0,0.0,filled
2016-06-01,SZ002709,buy,35500,35500,19.826663011550902,703846.5369100571,211.15396107301711,0.0,filled
2016-06-01,SZ300009,buy,86800,58200,8.118697707176208,472508.2065576553,141.75246196729657,0.0,partial_volume_or_cash
2016-07-01,SH600054,sell,44200,44200,15.222800024986267,672847.7611043929,201.85432833131787,672.8477611043929,filled
2016-07-01,SH603898,sell,24400,24400,28.697332901000976,700214.9227844238,210.06447683532713,700.2149227844238,filled
2016-07-01,SZ000957,sell,9900,9900,21.331070291519165,211177.59588603972,63.35327876581191,211.17759588603974,filled
2016-07-01,SZ002043,sell,92500,92500,9.225871361732484,853393.1009602548,256.0179302880764,853.3931009602549,filled
2016-07-01,SZ002085,sell,58600,58600,12.84134997367859,752503.1084575653,225.75093253726956,752.5031084575653,filled
2016-07-01,SZ002091,sell,66500,66500,10.476962196350097,696717.9860572815,209.01539581718444,696.7179860572816,filled
2016-07-01,SZ002504,sell,69000,69000,9.526868205070496,657353.9061498642,197.20617184495924,657.3539061498642,filled
2016-07-01,SZ002572,sell,30800,30800,25.516111026763916,785896.2196243287,235.76886588729857,785.8962196243286,filled
2016-07-01,SZ300009,sell,58200,58200,9.997267353057861,581840.9599479676,174.55228798439026,581.8409599479676,filled
2016-07-01,SZ300113,sell,18500,18500,36.81041226196289,680992.6268463135,204.29778805389404,680.9926268463134,filled
2016-07-01,SZ300144,sell,47400,47400,13.488170119285584,639339.2636541367,191.80177909624098,639.3392636541367,filled
2016-07-01,SZ300230,sell,96900,96900,7.561430291175842,732702.5952149391,219.81077856448172,732.7025952149392,filled
2016-07-01,SZ300267,sell,48600,48600,15.36742111301422,746856.6660924911,224.05699982774732,746.8566660924912,filled
2016-07-01,SH600076,buy,6700,6700,14.720508720397948,98627.40842666625,29.588222527999875,0.0,filled
2016-07-01,SH600233,buy,6100,6100,18.17159582519531,110846.7345336914,33.25402036010742,0.0,filled
2016-07-01,SH600340,buy,12400,12400,16.311713203430173,202265.24372253416,60.67957311676024,0.0,filled
2016-07-01,SH600419,buy,5800,5800,22.785309085845945,132154.7926979065,39.646437809371946,0.0,filled
2016-07-01,SH600816,buy,32100,32100,5.990945039272308,192309.3357606411,57.692800728192324,0.0,filled
2016-07-01,SH601238,buy,14500,14500,14.900677570343015,216059.82476997373,64.8179474309921,0.0,filled
2016-07-01,SH603601,buy,4400,4400,11.08843942260742,48789.13345947265,14.636740037841793,0.0,filled
2016-07-01,SZ002074,buy,1000,1000,34.17311220932007,34173.11220932007,10.25193366279602,0.0,filled
2016-07-01,SZ002411,buy,50200,50200,17.873356676101682,897242.5051403044,269.1727515420913,0.0,filled
2016-07-01,SZ002508,buy,5100,5100,26.071755319595333,132965.9521299362,39.889785638980854,0.0,filled
2016-07-01,SZ002709,buy,100,100,25.179128507614134,2517.912850761413,5.0,0.0,filled
2016-07-01,SZ002717,buy,106500,106500,8.433913005828856,898211.7351207732,269.46352053623195,0.0,filled
2016-07-01,SZ300015,buy,125700,125700,7.150138352870941,898772.3909558773,269.63171728676315,0.0,filled
2016-07-01,SZ300017,buy,40400,40400,22.20980969238281,897276.3115722655,269.1828934716796,0.0,filled
2016-07-01,SZ300033,buy,11600,11600,77.01067244720458,893323.8003875732,267.9971401162719,0.0,filled
2016-07-01,SZ300072,buy,12700,12700,13.89404240131378,176454.338496685,52.93630154900549,0.0,filled
2016-07-01,SZ300207,buy,73200,73200,12.27175141239166,898292.2033870695,269.48766101612085,0.0,filled
2016-07-01,SZ300302,buy,27600,27600,32.52995687103271,897826.8096405028,269.34804289215083,0.0,filled
2016-07-01,SZ300324,buy,14600,14600,14.073482870101927,205472.84990348812,61.641854971046435,0.0,filled
2016-07-01,SZ300367,buy,50900,49000,17.626936643600462,863719.8955364226,259.11596866092674,0.0,partial_volume_or_cash
2016-07-01,SZ300376,buy,30800,100,6.737671282291411,673.7671282291411,5.0,0.0,partial_volume_or_cash
2016-08-01,SH600233,sell,6600,6600,19.93839659500122,131593.41752700804,39.47802525810241,131.59341752700806,filled
2016-08-01,SH600340,sell,55100,55100,16.85161029624939,928523.7273233414,278.5571181970024,928.5237273233414,filled
2016-08-01,SH600419,sell,4000,4000,24.044853120803833,96179.41248321533,28.853823744964597,96.17941248321533,filled
2016-08-01,SH600816,sell,24000,24000,6.769571289539337,162469.7109489441,48.740913284683224,162.46971094894408,filled
2016-08-01,SH601238,sell,60300,60300,14.979266527175904,903249.771588707,270.9749314766121,903.2497715887071,filled
2016-08-01,SZ002074,sell,26300,26300,30.846607789993286,811265.7848768234,243.379735463047,811.2657848768234,filled
2016-08-01,SZ002411,sell,13500,13500,23.229861585617066,313603.1314058304,94.08093942174911,313.60313140583037,filled
2016-08-01,SZ002508,sell,4400,4400,28.440064029693602,125136.28173065184,37.54088451919555,125.13628173065185,filled
2016-08-01,SZ002717,sell,106500,106500,8.253659960746765,879014.7858195305,263.70443574585914,879.0147858195305,filled
2016-08-01,SZ300015,sell,125700,125700,7.148857951641083,898611.4445212841,269.5834333563852,898.611444521284,filled
2016-08-01,SZ300017,sell,5500,5500,24.389080615997315,134139.94338798523,40.241983016395565,134.13994338798523,filled
2016-08-01,SZ300072,sell,64600,64600,17.159573432922365,1108508.4437667849,332.55253313003544,1108.508443766785,filled
2016-08-01,SZ300207,sell,73200,73200,11.056500257492065,809335.8188484191,242.8007456545257,809.3358188484191,filled
2016-08-01,SZ300324,sell,2600,2600,13.92755630493164,36211.646392822266,10.863493917846679,36.21164639282227,filled
2016-08-01,SH600076,buy,2200,2200,13.530082842826841,29766.18225421905,8.929854676265714,0.0,filled
2016-08-01,SH603010,buy,72900,72900,11.71607009601593,854101.5099995612,256.23045299986836,0.0,filled
2016-08-01,SH603601,buy,7800,7800,9.629112023353576,75107.0737821579,22.532122134647366,0.0,filled
2016-08-01,SH603788,buy,34400,34400,24.83181957054138,854214.5932266235,256.264377967987,0.0,filled
2016-08-01,SZ000957,buy,7700,7700,17.19280047225952,132384.56363639832,39.715369090919495,0.0,filled
2016-08-01,SZ002108,buy,86100,86100,9.926777441024779,854695.5376722334,256.40866130167,0.0,filled
2016-08-01,SZ002166,buy,90100,90100,9.486220441818237,854708.4618078232,256.4125385423469,0.0,filled
2016-08-01,SZ002572,buy,33100,33100,25.776674079895017,853207.912044525,255.9623736133575,0.0,filled
2016-08-01,SZ002709,buy,4800,4800,21.16216847801208,101578.40869445799,30.473522608337394,0.0,filled
2016-08-01,SZ002722,buy,25500,25500,33.447075618743895,852900.4282779694,255.87012848339077,0.0,filled
2016-08-01,SZ002772,buy,39300,39300,21.70595131111145,853043.88652668,255.91316595800396,0.0,filled
2016-08-01,SZ300033,buy,1700,1700,64.20737748718261,109152.54172821045,32.74576251846313,0.0,filled
2016-08-01,SZ300302,buy,2500,2500,28.402168350219725,71005.42087554932,21.301626262664794,0.0,filled
2016-08-01,SZ300367,buy,1900,1900,16.776722043991086,31875.771883583064,9.562731565074918,0.0,filled
2016-08-01,SZ300376,buy,29100,29100,6.487855160713195,188796.585176754,56.63897555302619,0.0,filled
2016-08-01,SZ300482,buy,43100,30700,19.81741457557678,608394.6274702072,182.51838824106213,0.0,partial_volume_or_cash
2016-09-01,SH600076,sell,10100,10100,13.376894253730773,135106.6319626808,40.53198958880424,135.1066319626808,filled
2016-09-01,SH600233,sell,9100,9100,21.078302072525023,191812.54885997772,57.54376465799331,191.8125488599777,filled
2016-09-01,SH600419,sell,35400,35400,24.554377647399903,869224.9687179566,260.7674906153869,869.2249687179566,filled
2016-09-01,SH600816,sell,126000,126000,7.1415858349800105,899839.8152074814,269.95194456224436,899.8398152074814,filled
2016-09-01,SH603010,sell,13100,13100,11.883336968421936,155671.71428632736,46.701514285898206,155.67171428632736,filled
2016-09-01,SH603601,sell,88800,88800,10.560227122306824,937748.168460846,281.32445053825376,937.7481684608459,filled
2016-09-01,SH603788,sell,34400,34400,25.80790458869934,887791.9178512574,266.33757535537717,887.7919178512574,filled
2016-09-01,SZ000957,sell,11600,11600,18.612057025909422,215899.8615005493,64.76995845016478,215.89986150054932,filled
2016-09-01,SZ002108,sell,86100,86100,9.78257842540741,842280.002427578,252.68400072827336,842.280002427578,filled
2016-09-01,SZ002166,sell,90100,90100,9.794373106956481,882473.0169367789,264.7419050810336,882.4730169367789,filled
2016-09-01,SZ002411,sell,3300,3300,21.264490362167358,70172.81819515229,21.051845458545685,70.17281819515229,filled
2016-09-01,SZ002508,sell,3400,3400,26.661469877243043,90648.99758262634,27.1946992747879,90.64899758262634,filled
2016-09-01,SZ002572,sell,5800,5800,25.975825412750243,150659.7873939514,45.19793621818542,150.6597873939514,filled
2016-09-01,SZ002709,sell,6100,6100,20.70805577659607,126319.14023723602,37.8957420711708,126.31914023723601,filled
2016-09-01,SZ002722,sell,25500,25500,35.62644345474243,908474.3080959319,272.54229242877955,908.4743080959319,filled
2016-09-01,SZ002772,sell,39300,39300,21.558846742630006,847262.6769853593,254.17880309560778,847.2626769853593,filled
2016-09-01,SZ300017,sell,3500,3500,22.578640823364257,79025.2428817749,23.70757286453247,79.0252428817749,filled
2016-09-01,SZ300033,sell,13300,13300,64.64710306549073,859806.4707710267,257.94194123130796,859.8064707710267,filled
2016-09-01,SZ300302,sell,6100,6100,29.506962524414064,179992.4713989258,53.99774141967773,179.9924713989258,filled
2016-09-01,SZ300324,sell,8600,8600,13.495896683692932,116064.71147975921,34.81941344392776,116.06471147975921,filled
2016-09-01,SZ300367,sell,8400,8400,16.70065933227539,140285.53839111328,42.08566151733398,140.28553839111328,filled
2016-09-01,SZ300376,sell,28000,28000,6.841842772006989,191571.59761619568,57.471479284858695,191.57159761619567,filled
2016-09-01,SH600066,buy,40900,40900,17.378662723541257,710787.3053928374,213.2361916178512,0.0,filled
2016-09-01,SH601012,buy,116500,116500,6.110728895664215,711899.916344881,213.5699749034643,0.0,filled
2016-09-01,SZ000626,buy,22500,22500,31.55809402656555,710057.1155977248,213.01713467931742,0.0,filled
2016-09-01,SZ002074,buy,22700,22700,31.353719629287717,711729.4355848312,213.51883067544932,0.0,filled
2016-09-01,SZ002085,buy,59200,59200,12.012677785873413,711150.5249237061,213.3451574771118,0.0,filled
2016-09-01,SZ002120,buy,42500,42500,16.739997505187986,711449.8939704894,213.4349681911468,0.0,filled
2016-09-01,SZ002468,buy,25400,25400,28.029422395706174,711947.3288509368,213.58419865528103,0.0,filled
2016-09-01,SZ002717,buy,80400,80400,8.855583644866943,711988.9250473023,213.59667751419067,0.0,filled
2016-09-01,SZ002769,buy,25400,25400,27.972077892303464,710490.778464508,213.14723353935238,0.0,filled
2016-09-01,SZ300072,buy,32900,32900,21.633571416854856,711744.4996145248,213.5233498843574,0.0,filled
2016-09-01,SZ300113,buy,20000,20000,35.495604187011715,709912.0837402343,212.97362512207025,0.0,filled
2016-09-01,SZ300145,buy,75600,75600,9.417285799980162,711946.8064785002,213.58404194355006,0.0,filled
2016-09-01,SZ300426,buy,25000,25000,28.477876077651974,711946.9019412993,213.58407058238978,0.0,filled
2016-09-01,SZ300450,buy,72800,52800,9.775004000663756,516120.2112350463,154.8360633705139,0.0,partial_volume_or_cash
2016-10-10,SH600066,sell,40900,40900,17.687954206466674,723437.327044487,217.03119811334608,723.437327044487,filled
2016-10-10,SH600076,sell,53100,53100,13.310199045181275,706771.5692991257,212.03147078973768,706.7715692991258,filled
2016-10-10,SH600233,sell,6100,6100,27.201216608047485,165927.42130908967,49.77822639272689,165.92742130908968,filled
2016-10-10,SH603010,sell,59800,59800,12.569662628173829,751665.8251647949,225.49974754943847,751.6658251647949,filled
2016-10-10,SZ000626,sell,22500,22500,30.279674222946166,681292.6700162888,204.3878010048866,681.2926700162888,filled
2016-10-10,SZ002074,sell,22700,22700,28.607866716384887,649398.574461937,194.81957233858108,649.398574461937,filled
2016-10-10,SZ002085,sell,59200,59200,15.173064196586608,898245.4004379272,269.47362013137814,898.2454004379273,filled
2016-10-10,SZ002120,sell,2300,2300,18.68240782356262,42969.53799419403,12.890861398258206,42.96953799419403,filled
2016-10-10,SZ002411,sell,4300,4300,25.810126333236695,110983.54323291779,33.29506296987533,110.98354323291778,filled
2016-10-10,SZ002468,sell,25400,25400,29.80594150543213,757070.9142379761,227.1212742713928,757.0709142379761,filled
2016-10-10,SZ002508,sell,26600,26600,29.10283557701111,774135.4263484955,232.24062790454863,774.1354263484956,filled
2016-10-10,SZ002572,sell,700,700,28.178911869049074,19725.238308334352,5.917571492500305,19.72523830833435,filled
2016-10-10,SZ300324,sell,1100,1100,14.581546626091004,16039.701288700106,5.0,16.039701288700105,filled
2016-10-10,SZ300367,sell,42500,42500,17.316137826919554,735935.8576440811,220.78075729322433,735.9358576440811,filled
2016-10-10,SZ300426,sell,25000,25000,26.07646319961548,651911.579990387,195.57347399711608,651.9115799903869,filled
2016-10-10,SZ300482,sell,30700,30700,25.511698024749755,783209.1293598175,234.96273880794521,783.2091293598176,filled
2016-10-10,SH600487,buy,53700,53700,13.997368471145629,751658.6869005202,225.49760607015605,0.0,filled
2016-10-10,SH601012,buy,21500,21500,5.455864117622375,117301.07852888106,35.19032355866432,0.0,filled
2016-10-10,SZ000957,buy,4500,4500,17.639054691314694,79375.74611091612,23.812723833274834,0.0,filled
2016-10-10,SZ002335,buy,34800,34800,21.599214355468746,751652.6595703124,225.49579787109369,0.0,filled
2016-10-10,SZ002709,buy,10900,10900,16.652211824417112,181509.1088861465,54.452732665843946,0.0,filled
2016-10-10,SZ002717,buy,9700,9700,8.349198363304136,80987.22412405012,24.296167237215034,0.0,filled
2016-10-10,SZ002718,buy,14900,14900,50.50494897079467,752523.7396648406,225.75712189945216,0.0,filled
2016-10-10,SZ002722,buy,16400,16400,45.86097018432617,752119.9110229491,225.63597330688472,0.0,filled
2016-10-10,SZ002769,buy,5100,5100,24.644296266555784,125685.9109594345,37.70577328783035,0.0,filled
2016-10-10,SZ300017,buy,1200,1200,23.060828088760374,27672.99370651245,8.301898111953735,0.0,filled
2016-10-10,SZ300033,buy,12400,12400,60.517152252197256,750412.687927246,225.12380637817378,0.0,filled
2016-10-10,SZ300072,buy,600,600,22.425694993972776,13455.416996383665,5.0,0.0,filled
2016-10-10,SZ300113,buy,2800,2800,32.92211423110962,92181.91984710692,27.654575954132074,0.0,filled
2016-10-10,SZ300145,buy,6600,6600,9.150289715766906,60391.91212406158,18.117573637218474,0.0,filled
2016-10-10,SZ300237,buy,97100,97100,7.747269139289855,752259.833425045,225.67795002751348,0.0,filled
2016-10-10,SZ300265,buy,42600,42600,17.64974843406677,751879.2832912444,225.5637849873733,0.0,filled
2016-10-10,SZ300294,buy,17000,17000,44.13206634140014,750245.1278038024,225.0735383411407,0.0,filled
2016-10-10,SZ300302,buy,1100,1100,29.97301825523376,32970.320080757134,9.891096024227139,0.0,filled
2016-10-10,SZ300376,buy,11600,11600,6.519930183887481,75631.19013309477,22.68935703992843,0.0,filled
2016-10-10,SZ300432,buy,49800,49800,15.096541459083555,751807.764662361,225.5423293987083,0.0,filled
2016-10-10,SZ300450,buy,27300,27300,9.389318063735962,256328.38313999175,76.89851494199752,0.0,filled
2016-11-01,SH600233,sell,27600,27600,32.48922584152222,896702.6332260133,269.010789967804,896.7026332260133,filled
2016-11-01,SH601012,sell,138000,138000,5.572704550266266,769033.2279367447,230.70996838102337,769.0332279367447,filled
2016-11-01,SZ000957,sell,42600,42600,17.43944655418396,742920.4232082367,222.87612696247098,742.9204232082367,filled
2016-11-01,SZ002120,sell,4000,4000,21.477673038482667,85910.69215393066,25.7732076461792,85.91069215393067,filled
2016-11-01,SZ002335,sell,34800,34800,21.648114761352538,753354.3936950683,226.00631810852047,753.3543936950683,filled
2016-11-01,SZ002709,sell,9300,9300,21.614255069732668,201012.5721485138,60.30377164455414,201.0125721485138,filled
2016-11-01,SZ002718,sell,14900,14900,51.61428101348877,769052.7871009827,230.7158361302948,769.0527871009828,filled
2016-11-01,SZ002722,sell,4900,4900,67.43651667022705,330438.9316841125,99.13167950523375,330.43893168411256,filled
2016-11-01,SZ002769,sell,30500,30500,24.799651765823363,756389.3788576126,226.91681365728377,756.3893788576127,filled
2016-11-01,SZ300017,sell,32600,32600,20.531905351638795,669340.1144634247,200.8020343390274,669.3401144634247,filled
2016-11-01,SZ300033,sell,12400,12400,67.8553860168457,841406.7866088867,252.422035982666,841.4067866088867,filled
2016-11-01,SZ300145,sell,2700,2700,9.774398365974426,26390.875588130948,7.917262676439283,26.39087558813095,filled
2016-11-01,SZ300265,sell,42600,42600,16.199894119262694,690115.4894805908,207.03464684417722,690.1154894805908,filled
2016-11-01,SZ300302,sell,25100,25100,30.002556369781495,753064.1648815155,225.91924946445465,753.0641648815156,filled
2016-11-01,SZ300324,sell,51500,51500,14.908400307655334,767782.6158442497,230.3347847532749,767.7826158442498,filled
2016-11-01,SZ300376,sell,115400,115400,6.474783326625824,747189.9958926201,224.156998767786,747.1899958926201,filled
2016-11-01,SZ300432,sell,49800,49800,15.33502098941803,763684.045273018,229.10521358190536,763.684045273018,filled
2016-11-01,SZ300450,sell,80100,80100,10.78252733516693,863680.4395468711,259.1041318640613,863.6804395468712,filled
2016-11-01,SH600083,buy,34400,34400,22.622600381851193,778217.453135681,233.46523594070428,0.0,filled
2016-11-01,SH600487,buy,6200,6200,12.997529298782347,80584.68165245056,24.175404495735165,0.0,filled
2016-11-01,SH600715,buy,32800,32800,23.702836414337156,777453.0343902587,233.23591031707758,0.0,filled
2016-11-01,SH601689,buy,37900,37900,20.511070184707638,777369.5600004195,233.21086800012583,0.0,filled
2016-11-01,SH603010,buy,59200,59200,13.142572611808776,778040.2986190795,233.41208958572383,0.0,filled
2016-11-01,SH603306,buy,30900,30900,25.180277879714964,778070.5864831924,233.4211759449577,0.0,filled
2016-11-01,SH603788,buy,30000,30000,25.895742919921872,776872.2875976561,233.06168627929682,0.0,filled
2016-11-01,SZ000002,buy,37800,37800,20.582090688705442,778003.0280330657,233.4009084099197,0.0,filled
2016-11-01,SZ000034,buy,26500,26500,29.375350490570064,778446.7880001067,233.534036400032,0.0,filled
2016-11-01,SZ000333,buy,32400,32400,24.048461387634276,779170.1489593505,233.75104468780515,0.0,filled
2016-11-01,SZ002043,buy,65400,65400,11.901517084121704,778359.2173015594,233.5077651904678,0.0,filled
2016-11-01,SZ002352,buy,16200,16200,48.024962917327876,778004.3992607116,233.40131977821346,0.0,filled
2016-11-01,SZ002411,buy,1200,1200,25.672930837631224,30807.517005157468,9.24225510154724,0.0,filled
2016-11-01,SZ002508,buy,29100,29100,26.723090360641475,777641.9294946669,233.29257884840004,0.0,filled
2016-11-01,SZ002572,buy,2500,2500,26.70723208045959,66768.08020114897,20.03042406034469,0.0,filled
2016-11-01,SZ002717,buy,3700,3700,8.304230611801147,30725.653263664244,9.217695979099272,0.0,filled
2016-11-01,SZ002768,buy,29400,29400,26.458083721160886,777867.66140213,233.360298420639,0.0,filled
2016-11-01,SZ300014,buy,85500,85500,9.104445615768432,778430.1001482009,233.52903004446023,0.0,filled
2016-11-01,SZ300072,buy,1800,1800,22.046961612701413,39684.53090286254,11.905359270858762,0.0,filled
2016-11-01,SZ300113,buy,1600,1600,31.892444843292232,51027.91174926757,15.30837352478027,0.0,filled
2016-11-01,SZ300237,buy,11500,11500,7.170246159553527,82457.83083486557,24.73734925045967,0.0,filled
2016-11-01,SZ300294,buy,2000,2000,40.97800218963623,81956.00437927246,24.586801313781738,0.0,filled
2016-11-01,SZ300355,buy,114400,88300,6.806339105606078,600999.7430250167,180.299922907505,0.0,partial_volume_or_cash
2016-12-01,SH600083,sell,34400,34400,23.14683007621765,796250.9546218872,238.87528638656613,796.2509546218872,filled
2016-12-01,SH600487,sell,59900,59900,13.920861536979675,833859.6060650826,250.15788181952476,833.8596060650826,filled
2016-12-01,SH600715,sell,32800,32800,21.89774662399292,718246.0892669677,215.4738267800903,718.2460892669677,filled
2016-12-01,SH603010,sell,7000,7000,15.9807902841568,111865.5319890976,33.559659596729276,111.8655319890976,filled
2016-12-01,SH603306,sell,30900,30900,25.23084550666809,779633.126156044,233.88993784681315,779.633126156044,filled
2016-12-01,SH603788,sell,30000,30000,27.422177295684815,822665.3188705444,246.7995956611633,822.6653188705444,filled
2016-12-01,SZ000034,sell,26500,26500,25.953798511505127,687775.6605548859,206.33269816646575,687.7756605548859,filled
2016-12-01,SZ000333,sell,2200,2200,27.617856588363647,60759.284494400024,18.227785348320005,60.75928449440003,filled
2016-12-01,SZ002043,sell,65400,65400,11.2217734708786,733903.9849954605,220.17119549863813,733.9039849954605,filled
2016-12-01,SZ002411,sell,30300,30300,25.374031797409057,768833.1634614944,230.64994903844828,768.8331634614943,filled
2016-12-01,SZ002717,sell,93800,93800,8.202355001449584,769380.899135971,230.81426974079127,769.380899135971,filled
2016-12-01,SZ300014,sell,85500,85500,8.584072053909301,733938.1606092452,220.18144818277352,733.9381606092452,filled
2016-12-01,SZ300072,sell,1300,1300,24.49533945465088,31843.941291046143,9.553182387313843,31.843941291046143,filled
2016-12-01,SZ300113,sell,24400,24400,31.40291280555725,766231.0724555969,229.86932173667904,766.2310724555969,filled
2016-12-01,SZ300237,sell,108600,108600,8.653348182678222,939753.6126388549,281.9260837916564,939.7536126388549,filled
2016-12-01,SZ300355,sell,88300,88300,6.477303272724152,571945.8789815425,171.58376369446276,571.9458789815426,filled
2016-12-01,SH600053,buy,19800,19800,42.05879763412475,832764.1931556701,249.829257946701,0.0,filled
2016-12-01,SH600309,buy,55800,55800,14.98806708049774,836334.1430917738,250.90024292753213,0.0,filled
2016-12-01,SH600566,buy,32900,32900,25.37756702804565,834921.9552227019,250.47658656681054,0.0,filled
2016-12-01,SH600649,buy,48400,48400,17.25496966552734,835140.5318115233,250.54215954345696,0.0,filled
2016-12-01,SH600816,buy,100300,100300,8.334892308235167,835989.6985159873,250.79690955479614,0.0,filled
2016-12-01,SH601689,buy,5900,5900,19.063899972915646,112477.00984020231,33.74310295206069,0.0,filled
2016-12-01,SZ000002,buy,700,700,21.69284999656677,15184.99499759674,5.0,0.0,filled
2016-12-01,SZ000567,buy,30200,30200,27.671906576156612,835691.5785999297,250.70747357997888,0.0,filled
2016-12-01,SZ000661,buy,14600,14600,57.0311410369873,832654.6591400146,249.79639774200433,0.0,filled
2016-12-01,SZ000915,buy,24300,24300,34.40911152267456,836141.4100009918,250.84242300029752,0.0,filled
2016-12-01,SZ002050,buy,147200,147200,5.679860415935516,836075.453225708,250.8226359677124,0.0,filled
2016-12-01,SZ002120,buy,6600,6600,19.508227752685546,128754.3031677246,38.626290950317376,0.0,filled
2016-12-01,SZ002271,buy,97700,97700,8.553221457481383,835649.7363959311,250.6949209187793,0.0,filled
2016-12-01,SZ002352,buy,2200,2200,45.38304522705078,99842.69949951171,29.952809849853512,0.0,filled
2016-12-01,SZ002508,buy,1500,1500,27.287959016799924,40931.93852519988,12.279581557559963,0.0,filled
2016-12-01,SZ002572,buy,4300,4300,25.033633655548094,107644.62471885681,32.29338741565704,0.0,filled
2016-12-01,SZ002709,buy,9800,9800,18.270806493759153,179053.9036388397,53.7161710916519,0.0,filled
2016-12-01,SZ002722,buy,2200,2200,60.87635967254638,133927.99127960202,40.1783973838806,0.0,filled
2016-12-01,SZ002768,buy,3000,3000,25.769145883560178,77307.43765068053,23.192231295204156,0.0,filled
2016-12-01,SZ300145,buy,17700,17700,8.602273107528685,152260.23400325773,45.67807020097732,0.0,filled
2016-12-01,SZ300294,buy,1300,1300,41.03834231567382,53349.84501037597,16.004953503112787,0.0,filled
2016-12-01,SZ300366,buy,36700,28900,22.786181615829467,658520.6486974716,197.55619460924146,0.0,partial_volume_or_cash
2017-01-03,SH600053,sell,19800,19800,44.319805904388424,877532.1569068908,263.2596470720672,877.5321569068908,filled
2017-01-03,SH600309,sell,7700,7700,15.44549085330963,118930.27957048416,35.679083871145245,118.93027957048416,filled
2017-01-03,SH600566,sell,32900,32900,26.6542844581604,876925.9586734772,263.07778760204314,876.9259586734772,filled
2017-01-03,SH600816,sell,11600,11600,8.374931771278382,97149.20854682924,29.14476256404877,97.14920854682924,filled
2017-01-03,SH601689,sell,43800,43800,19.479741634368896,853212.6835853576,255.96380507560727,853.2126835853576,filled
2017-01-03,SZ000002,sell,38500,38500,16.750665733337403,644900.63073349,193.470189220047,644.90063073349,filled
2017-01-03,SZ000333,sell,900,900,25.28042318344116,22752.380865097046,6.825714259529113,22.752380865097045,filled
2017-01-03,SZ000567,sell,1300,1300,25.694767107009888,33403.19723911285,10.020959171733855,33.40319723911285,filled
2017-01-03,SZ000661,sell,14600,14600,55.49271147537232,810193.5875404358,243.05807626213073,810.1935875404358,filled
2017-01-03,SZ000915,sell,300,300,30.94250864982605,9282.752594947815,5.0,9.282752594947816,filled
2017-01-03,SZ002050,sell,147200,147200,6.01731831407547,885749.2558319091,265.7247767495727,885.7492558319092,filled
2017-01-03,SZ002120,sell,2600,2600,18.46468257522583,48008.17469558716,14.402452408676146,48.00817469558716,filled
2017-01-03,SZ002271,sell,97700,97700,8.215083349227905,802613.6432195663,240.7840929658699,802.6136432195664,filled
2017-01-03,SZ002352,sell,200,200,40.66723120880127,8133.4462417602535,5.0,8.133446241760254,filled
2017-01-03,SZ002508,sell,1900,1900,25.822500268936157,49062.750510978694,14.718825153293608,49.062750510978695,filled
2017-01-03,SZ002572,sell,3300,3300,24.66035066986084,81379.15721054077,24.413747163162228,81.37915721054077,filled
2017-01-03,SZ002768,sell,32400,32400,24.114636096954346,781314.2095413208,234.39426286239623,781.3142095413208,filled
2017-01-03,SZ300072,sell,2100,2100,23.271737468719483,48870.648684310916,14.661194605293273,48.870648684310915,filled
2017-01-03,SZ300145,sell,13600,13600,8.885611948013306,120844.32249298097,36.25329674789429,120.84432249298096,filled
2017-01-03,SZ300294,sell,200,200,36.87273162460327,7374.546324920654,5.0,7.374546324920654,filled
2017-01-03,SZ300366,sell,28900,28900,17.075124275207518,493471.09155349724,148.04132746604915,493.4710915534973,filled
2017-01-03,SH600338,buy,38700,38700,19.232273439407347,744288.9821050643,223.28669463151928,0.0,filled
2017-01-03,SH600837,buy,51700,51700,14.378956190109252,743392.0350286483,223.0176105085945,0.0,filled
2017-01-03,SZ000034,buy,34400,34400,21.602526914596556,743126.9258621215,222.93807775863644,0.0,filled
2017-01-03,SZ000688,buy,82700,82700,8.992155589103698,743651.2672188758,223.09538016566273,0.0,filled
2017-01-03,SZ000881,buy,27700,27700,26.85329207229614,743836.190402603,223.15085712078087,0.0,filled
2017-01-03,SZ002035,buy,75700,75700,9.825676609039306,743803.7193042755,223.14111579128263,0.0,filled
2017-01-03,SZ002168,buy,47000,47000,15.816745272636412,743387.0278139113,223.01610834417338,0.0,filled
2017-01-03,SZ002411,buy,27500,27500,26.985901355743405,742112.2872829436,222.63368618488306,0.0,filled
2017-01-03,SZ002709,buy,2600,2600,15.400409094810485,40041.06364650726,12.012319093952177,0.0,filled
2017-01-03,SZ002714,buy,146100,146100,5.092488791465759,744012.6124331474,223.2037837299442,0.0,filled
2017-01-03,SZ002722,buy,2400,2400,46.11083451461791,110666.002835083,33.199800850524895,0.0,filled
2017-01-03,SZ300197,buy,89100,89100,8.352589201927184,744215.6978917121,223.2647093675136,0.0,filled
2017-01-03,SZ300237,buy,80800,7800,9.20366583061218,71788.59347877502,21.536578043632502,0.0,partial_volume_or_cash
2017-02-03,SH600309,sell,48100,48100,17.602838144302368,846696.5147409439,254.00895442228315,846.6965147409439,filled
2017-02-03,SH600338,sell,1000,1000,20.49277520942688,20492.77520942688,6.1478325628280635,20.49277520942688,filled
2017-02-03,SH600816,sell,88700,88700,9.005908172607421,798824.0549102783,239.64721647308346,798.8240549102783,filled
2017-02-03,SH600837,sell,51700,51700,14.877955166816712,769190.282124424,230.75708463732718,769.190282124424,filled
2017-02-03,SZ000034,sell,34400,34400,20.781300939559937,714876.7523208618,214.4630256962585,714.8767523208618,filled
2017-02-03,SZ000567,sell,28900,28900,22.984880905151368,664263.0581588745,199.27891744766234,664.2630581588745,filled
2017-02-03,SZ000688,sell,82700,82700,10.290228950500488,851001.9342063904,255.3005802619171,851.0019342063904,filled
2017-02-03,SZ002035,sell,75700,75700,9.48816583442688,718254.1536661148,215.4762460998344,718.2541536661148,filled
2017-02-03,SZ002508,sell,600,600,27.530448280334472,16518.268968200682,5.0,16.518268968200683,filled
2017-02-03,SZ002572,sell,30100,30100,25.675535488128663,772833.6181926727,231.8500854578018,772.8336181926727,filled
2017-02-03,SZ002714,sell,146100,146100,5.247280902385712,766627.7398385525,229.98832195156575,766.6277398385525,filled
2017-02-03,SH600053,buy,18300,18300,42.27825897216796,773692.1391906737,232.1076417572021,0.0,filled
2017-02-03,SH600475,buy,59300,59300,13.069165537834166,775001.516393566,232.50045491806978,0.0,filled
2017-02-03,SH601689,buy,38500,38500,20.110009963989256,774235.3836135863,232.27061508407587,0.0,filled
2017-02-03,SZ000333,buy,200,200,26.259996503829953,5251.9993007659905,5.0,0.0,filled
2017-02-03,SZ000607,buy,77900,77900,9.955226309776306,775512.1295315742,232.65363885947224,0.0,filled
2017-02-03,SZ000881,buy,2300,2300,25.828443555831907,59405.420178413384,17.821626053524014,0.0,filled
2017-02-03,SZ000915,buy,2700,2700,29.026281219482417,78370.95929260252,23.511287787780756,0.0,filled
2017-02-03,SZ002043,buy,75100,75100,10.328413302421568,775663.8390118597,232.6991517035579,0.0,filled
2017-02-03,SZ002050,buy,137200,137200,5.652639198780059,775542.0980726241,232.6626294217872,0.0,filled
2017-02-03,SZ002120,buy,4600,4600,17.3112698059082,79631.84110717772,23.889552332153315,0.0,filled
2017-02-03,SZ002271,buy,88000,88000,8.806736285209654,774992.7930984496,232.49783792953485,0.0,filled
2017-02-03,SZ002352,buy,700,700,41.03146899414062,28722.02829589843,8.61660848876953,0.0,filled
2017-02-03,SZ002411,buy,900,900,27.25511217689514,24529.600959205625,7.358880287761687,0.0,filled
2017-02-03,SZ002447,buy,123500,123500,6.27806754541397,775341.3418586253,232.60240255758757,0.0,filled
2017-02-03,SZ002709,buy,800,800,15.777210309028623,12621.768247222899,5.0,0.0,filled
2017-02-03,SZ002722,buy,4100,4100,38.269703487396235,156905.78429832455,47.07173528949736,0.0,filled
2017-02-03,SZ300072,buy,500,500,23.89851033210754,11949.25516605377,5.0,0.0,filled
2017-02-03,SZ300145,buy,6600,6600,8.595310050964354,56729.046336364736,17.018713900909418,0.0,filled
2017-02-03,SZ300197,buy,7600,7600,8.022804370880126,60973.313218688956,18.291993965606686,0.0,filled
2017-02-03,SZ300237,buy,77200,16900,9.121129649162292,154147.09107084273,46.24412732125281,0.0,partial_volume_or_cash
2017-03-01,SH600053,sell,18300,18300,39.97108585739136,731470.8711902619,219.44126135707856,731.470871190262,filled
2017-03-01,SH600338,sell,37700,37700,19.873274328231812,749222.4421743393,224.76673265230178,749.2224421743393,filled
2017-03-01,SH600475,sell,59300,59300,14.272081048965454,846334.4062036515,253.90032186109542,846.3344062036515,filled
2017-03-01,SH601689,sell,100,100,20.59100451850891,2059.100451850891,5.0,2.0591004518508913,filled
2017-03-01,SZ000333,sell,1300,1300,28.059598852157592,36477.478507804866,10.943243552341459,36.47747850780487,filled
2017-03-01,SZ000607,sell,77900,77900,9.994829340934754,778597.2056588173,233.57916169764516,778.5972056588173,filled
2017-03-01,SZ000915,sell,400,400,30.08143592262268,12032.574369049073,5.0,12.032574369049073,filled
2017-03-01,SZ002043,sell,75100,75100,11.425573754310609,858060.5889487267,257.41817668461795,858.0605889487267,filled
2017-03-01,SZ002050,sell,4100,4100,5.952021223068237,24403.28701457977,7.32098610437393,24.40328701457977,filled
2017-03-01,SZ002120,sell,5700,5700,20.234913745880128,115339.00835151674,34.601702505455016,115.33900835151674,filled
2017-03-01,SZ002271,sell,6700,6700,9.737165090560913,65239.00610675811,19.571701832027433,65.23900610675811,filled
2017-03-01,SZ002352,sell,7900,7900,71.72773049926758,566649.0709442139,169.99472128326414,566.6490709442139,filled
2017-03-01,SZ002508,sell,1600,1600,29.808875885009765,47694.201416015625,14.308260424804686,47.69420141601562,filled
2017-03-01,SZ002709,sell,5200,5200,18.020838609695435,93708.36077041626,28.112508231124874,93.70836077041626,filled
2017-03-01,SZ002722,sell,20200,20200,41.96413171005249,847675.4605430603,254.30263816291807,847.6754605430604,filled
2017-03-01,SZ300197,sell,96700,96700,7.987074910640716,772350.1438589572,231.70504315768716,772.3501438589573,filled
2017-03-01,SZ300294,sell,20100,20100,40.104802104949954,806106.5223094941,241.8319566928482,806.1065223094942,filled
2017-03-01,SH600309,buy,42400,42400,18.693660871505735,792611.2209518432,237.78336628555294,0.0,filled
2017-03-01,SH600487,buy,55700,55700,14.2330097990036,792778.6458045006,237.83359374135014,0.0,filled
2017-03-01,SH600566,buy,30900,30900,25.680501037597654,793527.4820617675,238.05824461853024,0.0,filled
2017-03-01,SH600816,buy,84400,84400,9.403803588867186,793681.0229003906,238.10430687011714,0.0,filled
2017-03-01,SH600837,buy,55400,55400,14.315019980430602,793052.1069158553,237.9156320747566,0.0,filled
2017-03-01,SH601633,buy,68600,68600,11.565404024124144,793386.7160549163,238.01601481647486,0.0,filled
2017-03-01,SZ000881,buy,1900,1900,24.852515905380248,47219.78022022247,14.16593406606674,0.0,filled
2017-03-01,SZ002041,buy,43800,43800,18.099832620620724,792772.6687831877,237.8318006349563,0.0,filled
2017-03-01,SZ002091,buy,88500,88500,8.96841971874237,793705.1451086997,238.1115435326099,0.0,filled
2017-03-01,SZ002221,buy,63200,63200,12.551447867393492,793251.5052192687,237.9754515657806,0.0,filled
2017-03-01,SZ002447,buy,2800,2800,6.285163772583007,17598.45856323242,5.279537568969725,0.0,filled
2017-03-01,SZ002572,buy,29000,5000,27.364180334091184,136820.90167045593,41.046270501136775,0.0,partial_volume_or_cash
2017-03-01,SZ300145,buy,2500,100,8.557744484901427,855.7744484901427,5.0,0.0,partial_volume_or_cash
2017-04-05,SH600487,sell,55700,55700,17.87683869552612,995739.915340805,298.72197460224146,995.7399153408049,filled
2017-04-05,SH600566,sell,30900,30900,28.607432275772094,883969.6573213578,265.1908971964073,883.9696573213578,filled
2017-04-05,SH600837,sell,55400,55400,13.303671003341675,737023.3735851288,221.10701207553862,737.0233735851289,filled
2017-04-05,SH601633,sell,200,200,12.195314869880676,2439.0629739761353,5.0,2.439062973976135,filled
2017-04-05,SH601689,sell,38400,38400,22.060412240982057,847119.830053711,254.13594901611327,847.119830053711,filled
2017-04-05,SZ000881,sell,500,500,26.56367881965637,13281.839409828186,5.0,13.281839409828187,filled
2017-04-05,SZ000915,sell,26300,26300,28.383020833969116,746473.4479333877,223.94203438001628,746.4734479333878,filled
2017-04-05,SZ002041,sell,43800,43800,14.625247921943664,640585.8589811325,192.17575769433972,640.5858589811326,filled
2017-04-05,SZ002091,sell,88500,88500,8.659335079193115,766351.1545085907,229.9053463525772,766.3511545085908,filled
2017-04-05,SZ002221,sell,63200,63200,12.261635659217834,774935.3736625671,232.4806120987701,774.9353736625671,filled
2017-04-05,SZ002271,sell,6100,6100,11.093052337646485,67667.61925964356,20.300285777893066,67.66761925964356,filled
2017-04-05,SZ002352,sell,11000,11000,54.28416247558594,597125.7872314453,179.13773616943357,597.1257872314453,filled
2017-04-05,SZ002411,sell,28400,28400,23.625680809020995,670969.3349761963,201.29080049285886,670.9693349761963,filled
2017-04-05,SZ002447,sell,126300,126300,6.743945009708405,851760.2547261715,255.52807641785142,851.7602547261715,filled
2017-04-05,SZ002508,sell,2800,2800,35.13501490402221,98378.0417312622,29.513412519378658,98.3780417312622,filled
2017-04-05,SZ300072,sell,6400,6400,32.002640922546384,204816.90190429686,61.44507057128905,204.81690190429686,filled
2017-04-05,SZ300145,sell,5400,5400,9.825510875701903,53057.75872879028,15.917327618637083,53.05775872879028,filled
2017-04-05,SH600211,buy,24300,24300,34.43220206451416,836702.5101676941,251.0107530503082,0.0,filled
2017-04-05,SH600309,buy,500,500,19.4835983505249,9741.79917526245,5.0,0.0,filled
2017-04-05,SH600771,buy,29300,29300,28.47850613212585,834420.2296712875,250.3260689013862,0.0,filled
2017-04-05,SH600816,buy,8100,8100,9.037983460426329,73207.66602945326,21.962299808835976,0.0,filled
2017-04-05,SH603306,buy,34300,34300,24.373600044250484,836014.4815177916,250.80434445533746,0.0,filled
2017-04-05,SZ000055,buy,95500,95500,8.7541401014328,836020.3796868323,250.80611390604966,0.0,filled
2017-04-05,SZ000065,buy,36500,36500,22.883448661804195,835245.8761558532,250.57376284675593,0.0,filled
2017-04-05,SZ000333,buy,200,200,29.379274011611937,5875.8548023223875,5.0,0.0,filled
2017-04-05,SZ000921,buy,68800,68800,12.157280060768127,836420.8681808471,250.92626045425413,0.0,filled
2017-04-05,SZ002043,buy,67100,67100,12.453573678016662,835634.793794918,250.69043813847537,0.0,filled
2017-04-05,SZ002120,buy,9300,9300,17.26270788002014,160543.1832841873,48.16295498525619,0.0,filled
2017-04-05,SZ002182,buy,92800,92800,9.013455248832702,836448.6470916747,250.9345941275024,0.0,filled
2017-04-05,SZ002572,buy,21500,21500,31.474113492965696,676693.4400987625,203.00803202962874,0.0,filled
2017-04-05,SZ002597,buy,46500,46500,17.968019496917723,835512.9066066741,250.65387198200222,0.0,filled
2017-04-05,SZ002709,buy,2100,2100,18.162435214996336,38141.113951492305,11.44233418544769,0.0,filled
2017-04-05,SZ300121,buy,69500,37500,12.0291737575531,451094.0159082412,135.32820477247236,0.0,partial_volume_or_cash
2017-05-02,SH600211,sell,24300,24300,35.40424994659424,860323.2737022401,258.096982110672,860.3232737022402,filled
2017-05-02,SH600309,sell,3900,3900,20.003707500457764,78014.45925178529,23.404337775535584,78.01445925178528,filled
2017-05-02,SH600649,sell,48400,48400,10.922544877052307,528651.1720493316,158.59535161479945,528.6511720493316,filled
2017-05-02,SH600771,sell,29300,29300,29.214197187423707,855975.9775915146,256.79279327745434,855.9759775915146,filled
2017-05-02,SH600816,sell,7000,7000,9.139493897438049,63976.457282066345,19.1929371846199,63.97645728206635,filled
2017-05-02,SH601633,sell,68400,68400,11.005204825401306,752756.0100574493,225.8268030172348,752.7560100574493,filled
2017-05-02,SH603306,sell,34300,34300,22.001791339874266,754661.4429576873,226.39843288730617,754.6614429576873,filled
2017-05-02,SZ000055,sell,95500,95500,7.889566811084747,753453.6304585934,226.036089137578,753.4536304585934,filled
2017-05-02,SZ000333,sell,28400,28400,29.304154975891112,832238.0013153076,249.67140039459224,832.2380013153075,filled
2017-05-02,SZ000881,sell,31400,31400,20.46437460708618,642581.362662506,192.7744087987518,642.5813626625061,filled
2017-05-02,SZ000921,sell,4400,4400,12.130856649398803,53375.76925735473,16.012730777206418,53.37576925735473,filled
2017-05-02,SZ002043,sell,12900,12900,14.415839924812317,185964.3350300789,55.78930050902366,185.9643350300789,filled
2017-05-02,SZ002050,sell,133100,133100,7.145141864776611,951018.382201767,285.30551466053004,951.0183822017669,filled
2017-05-02,SZ002120,sell,500,500,16.302288722991943,8151.144361495972,5.0,8.151144361495971,filled
2017-05-02,SZ002182,sell,92800,92800,8.872411050796508,823359.7455139159,247.00792365417476,823.3597455139159,filled
2017-05-02,SZ002271,sell,1500,1500,10.594508869171143,15891.763303756716,5.0,15.891763303756717,filled
2017-05-02,SZ002508,sell,3200,3200,38.06378867340088,121804.1237548828,36.541237126464836,121.80412375488281,filled
2017-05-02,SZ002572,sell,26500,26500,31.937545331954954,846344.9512968063,253.9034853890419,846.3449512968064,filled
2017-05-02,SZ002597,sell,4000,4000,18.352917011260985,73411.66804504395,22.023500413513183,73.41166804504395,filled
2017-05-02,SZ002709,sell,46000,46000,14.227969130516053,654486.5800037384,196.3459740011215,654.4865800037384,filled
2017-05-02,SZ300145,sell,84900,84900,10.731391960144043,911095.1774162293,273.32855322486876,911.0951774162293,filled
2017-05-02,SZ300237,sell,24700,24700,9.409857913970948,232423.4904750824,69.72704714252471,232.4234904750824,filled
2017-05-02,SH600179,buy,66200,66200,11.816277396202086,782237.5636285781,234.6712690885734,0.0,filled
2017-05-02,SH600293,buy,87400,87400,8.95882952594757,783001.7005678175,234.90051017034526,0.0,filled
2017-05-02,SH600338,buy,32800,32800,23.868685844421385,782892.8956970214,234.8678687091064,0.0,filled
2017-05-02,SH600452,buy,61300,61300,12.765549923896788,782528.2103348732,234.75846310046194,0.0,filled
2017-05-02,SH600477,buy,121900,121900,6.423567647933959,783032.8962831496,234.90986888494487,0.0,filled
2017-05-02,SH600507,buy,250600,250600,3.1250305733680723,783132.661686039,234.93979850581167,0.0,filled
2017-05-02,SH603338,buy,37900,37900,20.64921058273315,782605.0810855865,234.78152432567592,0.0,filled
2017-05-02,SZ000065,buy,3200,3200,19.72313169670105,63114.02142944336,18.934206428833008,0.0,filled
2017-05-02,SZ000568,buy,18800,18800,41.65091946029663,783037.2858535766,234.91118575607297,0.0,filled
2017-05-02,SZ002035,buy,60000,60000,13.050588477134703,783035.3086280822,234.91059258842463,0.0,filled
2017-05-02,SZ002092,buy,65700,65700,11.910130692481994,782495.586496067,234.74867594882008,0.0,filled
2017-05-02,SZ002558,buy,13600,13600,57.33927967834472,779814.2036254881,233.9442610876464,0.0,filled
2017-05-02,SZ002793,buy,53300,53300,14.676371495246885,782250.600696659,234.67518020899766,0.0,filled
2017-05-02,SZ300072,buy,1700,1700,28.22591156578064,47984.049661827084,14.395214898548124,0.0,filled
2017-05-02,SZ300121,buy,33000,33000,11.09693370246887,366198.8121814727,109.85964365444181,0.0,filled
2017-05-02,SZ300156,buy,24100,24100,32.465221637725826,782411.8414691924,234.72355244075771,0.0,filled
2017-05-02,SZ300376,buy,79600,33800,9.833133208274841,332359.9024396896,99.70797073190687,0.0,partial_volume_or_cash
2017-06-01,SH600179,sell,5700,5700,11.334659434318542,64607.55877561569,19.382267632684705,64.60755877561569,filled
2017-06-01,SH600293,sell,87400,87400,8.679449870109558,758583.9186475753,227.57517559427257,758.5839186475753,filled
2017-06-01,SH600309,sell,5200,5200,20.260966844558716,105357.02759170532,31.607108277511593,105.35702759170532,filled
2017-06-01,SH600338,sell,1300,1300,21.764112310409544,28293.346003532406,8.48800380105972,28.293346003532406,filled
2017-06-01,SH600507,sell,40700,40700,3.2676434018611906,132993.08645575045,39.89792593672513,132.99308645575044,filled
2017-06-01,SH600816,sell,5400,5400,8.565510197639465,46253.755067253114,13.876126520175934,46.25375506725312,filled
2017-06-01,SH603338,sell,3900,3900,20.1556416721344,78607.00252132416,23.582100756397246,78.60700252132416,filled
2017-06-01,SZ000065,sell,39700,39700,14.608593412399292,579961.158472252,173.98834754167558,579.961158472252,filled
2017-06-01,SZ000568,sell,18800,18800,43.90352795791626,825386.3256088257,247.61589768264767,825.3863256088257,filled
2017-06-01,SZ000921,sell,5600,5600,11.658190026283265,65285.86414718628,19.58575924415588,65.28586414718627,filled
2017-06-01,SZ002035,sell,60000,60000,12.842623761177062,770557.4256706238,231.1672277011871,770.5574256706238,filled
2017-06-01,SZ002092,sell,400,400,10.491652195930481,4196.660878372192,5.0,4.196660878372192,filled
2017-06-01,SZ002120,sell,6900,6900,16.702602882385253,115247.95988845825,34.57438796653747,115.24795988845825,filled
2017-06-01,SZ002271,sell,18500,18500,12.426444897651672,229889.23060655594,68.96676918196678,229.88923060655594,filled
2017-06-01,SZ002508,sell,2400,2400,37.785262699127195,90684.63047790527,27.20538914337158,90.68463047790527,filled
2017-06-01,SZ002597,sell,42500,42500,17.48764659690857,743224.9803686142,222.96749411058423,743.2249803686142,filled
2017-06-01,SZ300072,sell,500,500,25.15309397506714,12576.54698753357,5.0,12.57654698753357,filled
2017-06-01,SH600211,buy,21800,21800,31.490515911102293,686493.24686203,205.947974058609,0.0,filled
2017-06-01,SH600340,buy,30500,30500,22.47362495613098,685445.5611619949,205.63366834859846,0.0,filled
2017-06-01,SH600452,buy,3900,3900,10.541633282661437,41112.3698023796,12.33371094071388,0.0,filled
2017-06-01,SH600477,buy,1200,1200,5.580409181118011,6696.491017341613,5.0,0.0,filled
2017-06-01,SH600487,buy,41400,41400,16.593761861801145,686981.7410785673,206.09452232357017,0.0,filled
2017-06-01,SH600681,buy,89900,89900,7.6458456430435175,687361.5233096122,206.20845699288364,0.0,filled
2017-06-01,SZ000011,buy,43900,43900,15.63542418670654,686395.1217964172,205.91853653892514,0.0,filled
2017-06-01,SZ000049,buy,20800,20800,33.03586388397216,687145.968786621,206.14379063598628,0.0,filled
2017-06-01,SZ001979,buy,41900,29100,16.381731348037718,476708.3822278976,143.01251466836925,0.0,partial_volume_or_cash
2017-07-03,SH600338,sell,31500,31500,25.108443769454954,790915.9787378311,237.27479362134932,790.9159787378311,filled
2017-07-03,SZ000049,sell,20800,20800,34.09520416259765,709180.2465820311,212.75407397460933,709.1802465820311,filled
2017-07-03,SZ002120,sell,41000,41000,18.910290979385376,775321.9301548004,232.5965790464401,775.3219301548004,filled
2017-07-03,SZ002793,sell,53300,53300,12.730208441734314,678520.1099444389,203.55603298333165,678.5201099444389,filled
2017-07-03,SZ300121,sell,70500,70500,10.63344941997528,749658.1841082573,224.89745523247717,749.6581841082573,filled
2017-07-03,SZ300156,sell,24100,24100,32.808181468963625,790677.1734020234,237.203152020607,790.6771734020234,filled
2017-07-03,SZ300376,sell,33800,33800,8.853754875183105,299256.91478118894,89.77707443435668,299.2569147811889,filled
2017-07-03,SH600179,buy,14200,14200,11.678954159736632,165841.1490682602,49.75234472047805,0.0,filled
2017-07-03,SH600211,buy,8400,8400,28.817137500762936,242063.95500640865,72.61918650192258,0.0,filled
2017-07-03,SH600309,buy,900,900,25.13560701751709,22622.04631576538,6.786613894729613,0.0,filled
2017-07-03,SH600340,buy,7700,7700,22.80317590332031,175584.4544555664,52.675336336669915,0.0,filled
2017-07-03,SH600452,buy,10500,10500,11.530318581581115,121068.34510660172,36.32050353198051,0.0,filled
2017-07-03,SH600477,buy,5000,5000,6.812890240192413,34064.45120096207,10.21933536028862,0.0,filled
2017-07-03,SH600487,buy,3000,3000,19.63499853134155,58904.99559402466,17.671498678207396,0.0,filled
2017-07-03,SH600507,buy,8200,8200,4.002868765830994,32823.52387981415,9.847057163944244,0.0,filled
2017-07-03,SH600681,buy,15900,15900,8.249776721954344,131171.44987907406,39.35143496372221,0.0,filled
2017-07-03,SH600781,buy,41100,41100,21.1920998840332,870995.3052337646,261.29859157012936,0.0,filled
2017-07-03,SH600816,buy,1300,1300,10.722539105415343,13939.300837039946,5.0,0.0,filled
2017-07-03,SH601127,buy,45000,45000,19.40236905479431,873106.6074657439,261.93198223972314,0.0,filled
2017-07-03,SH603338,buy,3000,3000,23.586747922897338,70760.24376869202,21.2280731306076,0.0,filled
2017-07-03,SZ000011,buy,5000,5000,17.846123048782346,89230.61524391173,26.769184573173515,0.0,filled
2017-07-03,SZ000036,buy,171600,171600,5.086686562538146,872875.4141315459,261.86262423946374,0.0,filled
2017-07-03,SZ001979,buy,20000,20000,17.776038080215454,355520.7616043091,106.65622848129271,0.0,filled
2017-07-03,SZ002043,buy,16100,16100,12.41452462005615,199873.846382904,59.9621539148712,0.0,filled
2017-07-03,SZ002092,buy,5700,5700,12.285655569076537,70028.23674373626,21.008471023120876,0.0,filled
2017-07-03,SZ002110,buy,139500,61600,6.2558237586021415,385358.7435298919,115.60762305896756,0.0,partial_volume_or_cash
2017-08-01,SH600179,sell,3700,3700,11.994417526245117,44379.344847106935,13.31380345413208,44.379344847106935,filled
2017-08-01,SH600211,sell,30200,30200,27.29681259727478,824363.7404376983,247.30912213130946,824.3637404376983,filled
2017-08-01,SH600309,sell,6900,6900,30.6454427318573,211453.55484981538,63.43606645494461,211.4535548498154,filled
2017-08-01,SH600340,sell,38200,38200,20.96067346572876,800697.7263908386,240.20931791725155,800.6977263908386,filled
2017-08-01,SH600452,sell,75700,75700,10.829830867767335,819818.1966899872,245.94545900699615,819.8181966899872,filled
2017-08-01,SH600477,sell,128100,128100,6.287539898872375,805433.8610455513,241.63015831366536,805.4338610455512,filled
2017-08-01,SH600487,sell,300,300,19.316809255599974,5795.042776679992,5.0,5.795042776679992,filled
2017-08-01,SH600507,sell,69700,69700,5.73985986328125,400068.23247070314,120.02046974121093,400.06823247070315,filled
2017-08-01,SH600681,sell,105800,105800,7.937431496143341,839780.2522919654,251.9340756875896,839.7802522919654,filled
2017-08-01,SH600781,sell,6000,6000,24.22004320335388,145320.2592201233,43.596077766036984,145.3202592201233,filled
2017-08-01,SH600816,sell,7100,7100,11.458136793136596,81352.77123126983,24.405831369380945,81.35277123126983,filled
2017-08-01,SH601127,sell,45000,45000,18.870086168289184,849153.8775730133,254.74616327190398,849.1538775730133,filled
2017-08-01,SH603010,sell,52200,52200,13.1707655210495,687513.9601987839,206.25418805963514,687.5139601987839,filled
2017-08-01,SH603338,sell,37000,37000,22.972510780334474,849982.8988723755,254.9948696617126,849.9828988723755,filled
2017-08-01,SZ000036,sell,58400,58400,7.525125442028045,439467.3258144378,131.84019774433133,439.46732581443786,filled
2017-08-01,SZ002043,sell,2200,2200,12.497463552474976,27494.419815444948,8.248325944633484,27.49441981544495,filled
2017-08-01,SZ002092,sell,18300,18300,16.15494285392761,295635.45422687527,88.69063626806258,295.63545422687525,filled
2017-08-01,SZ002508,sell,18100,18100,37.19208358383179,673176.7128673553,201.95301386020657,673.1767128673554,filled
2017-08-01,SZ002558,sell,13600,13600,41.072571922302245,558586.9781433105,167.57609344299314,558.5869781433105,filled
2017-08-01,SH600258,buy,39400,39400,21.650863548278807,853044.023802185,255.91320714065546,0.0,filled
2017-08-01,SH600406,buy,62700,62700,13.613662432670592,853576.6345284461,256.07299035853384,0.0,filled
2017-08-01,SH600779,buy,26500,26500,32.18953271102905,853022.6168422699,255.90678505268096,0.0,filled
2017-08-01,SH600856,buy,79800,79800,10.695773245811461,853522.7050157546,256.05681150472634,0.0,filled
2017-08-01,SZ000006,buy,114500,114500,7.452993605613708,853367.7678427695,256.0103303528308,0.0,filled
2017-08-01,SZ000011,buy,1600,1600,16.88520787811279,27016.332604980464,8.104899781494138,0.0,filled
2017-08-01,SZ000049,buy,23600,23600,36.0954542312622,851852.719857788,255.55581595733636,0.0,filled
2017-08-01,SZ000921,buy,9100,9100,12.576760783195494,114448.523127079,34.3345569381237,0.0,filled
2017-08-01,SZ000968,buy,65500,65500,13.029226766586302,853414.3532114028,256.02430596342083,0.0,filled
2017-08-01,SZ001979,buy,2700,2700,16.46217021179199,44447.85957183837,13.33435787155151,0.0,filled
2017-08-01,SZ002050,buy,88100,88100,9.68943401145935,853639.1364095687,256.0917409228706,0.0,filled
2017-08-01,SZ002061,buy,83500,83500,10.22640557384491,853904.86541605,256.171459624815,0.0,filled
2017-08-01,SZ002271,buy,6200,6200,13.899689980506896,86178.07787914276,25.853423363742824,0.0,filled
2017-08-01,SZ002572,buy,23600,23600,36.099486579895014,851947.8832855223,255.5843649856567,0.0,filled
2017-08-01,SZ300072,buy,9700,9700,23.092624837875363,223998.46092739102,67.1995382782173,0.0,filled
2017-08-01,SZ300415,buy,61600,22900,13.84861356449127,317133.25062685006,95.139975188055,0.0,partial_volume_or_cash
2017-09-01,SH600179,sell,71000,71000,12.028837417602539,854047.4566497803,256.2142369949341,854.0474566497803,filled
2017-09-01,SH600258,sell,39400,39400,23.882395196914672,940966.370758438,282.2899112275314,940.9663707584381,filled
2017-09-01,SH600507,sell,17900,17900,6.836575179576874,122374.69571442605,36.712408714327815,122.37469571442605,filled
2017-09-01,SH600816,sell,74300,74300,10.270901106834412,763127.9522377969,228.93838567133903,763.1279522377969,filled
2017-09-01,SH600856,sell,79800,79800,11.270560389518737,899390.7190835952,269.81721572507854,899.3907190835952,filled
2017-09-01,SZ000006,sell,114500,114500,7.4382616138458255,851680.954785347,255.5042864356041,851.680954785347,filled
2017-09-01,SZ000011,sell,50500,50500,17.474238006591797,882449.0193328857,264.7347057998657,882.4490193328858,filled
2017-09-01,SZ000036,sell,113200,113200,6.533186531066894,739556.7153167725,221.86701459503172,739.5567153167725,filled
2017-09-01,SZ000921,sell,67900,67900,11.539078986167908,783503.463160801,235.05103894824026,783.503463160801,filled
2017-09-01,SZ000968,sell,65500,65500,14.639896001815796,958913.1881189346,287.67395643568034,958.9131881189346,filled
2017-09-01,SZ001979,sell,51800,51800,15.940901776313781,825738.7120130538,247.72161360391613,825.7387120130538,filled
2017-09-01,SZ002043,sell,68100,68100,11.758894503593444,800780.7156947135,240.23421470841404,800.7807156947135,filled
2017-09-01,SZ002061,sell,5400,5400,11.415747393608093,61645.0359254837,18.49351077764511,61.645035925483704,filled
2017-09-01,SZ300072,sell,36900,36900,24.327039447784422,897667.7556232451,269.3003266869735,897.6677556232452,filled
2017-09-01,SZ300415,sell,22900,22900,13.001842434883118,297742.1917588234,89.32265752764701,297.7421917588234,filled
2017-09-01,SH600230,buy,24600,24600,36.340671432495114,893980.5172393798,268.1941551718139,0.0,filled
2017-09-01,SH600309,buy,200,200,31.829763969421382,6365.952793884277,5.0,0.0,filled
2017-09-01,SH600338,buy,28400,28400,31.42302753067016,892413.9818710326,267.7241945613098,0.0,filled
2017-09-01,SH600406,buy,5300,5300,13.139849058151244,69641.20000820159,20.892360002460475,0.0,filled
2017-09-01,SH600487,buy,800,800,19.878237743377685,15902.590194702148,5.0,0.0,filled
2017-09-01,SH600519,buy,1900,1900,466.86388894653317,887041.388998413,266.11241669952386,0.0,filled
2017-09-01,SH600690,buy,68300,68300,13.084873941421508,893696.890199089,268.10906705972667,0.0,filled
2017-09-01,SH600779,buy,1300,1300,32.14207624435424,41784.699117660515,12.535409735298153,0.0,filled
2017-09-01,SH600781,buy,1200,1200,24.619136091232296,29542.963309478753,8.862888992843626,0.0,filled
2017-09-01,SZ000049,buy,1000,1000,36.31313996124267,36313.13996124267,10.8939419883728,0.0,filled
2017-09-01,SZ000333,buy,23800,23800,37.45222117233276,891362.8639015198,267.4088591704559,0.0,filled
2017-09-01,SZ000627,buy,96100,96100,9.304604375839233,894172.4805181503,268.25174415544507,0.0,filled
2017-09-01,SZ002008,buy,23100,23100,38.58394029235839,891289.0207534789,267.38670622604366,0.0,filled
2017-09-01,SZ002050,buy,11200,11200,9.000772061347961,100808.64708709717,30.24259412612915,0.0,filled
2017-09-01,SZ002092,buy,2100,2100,16.31453699302673,34260.52768535614,10.27815830560684,0.0,filled
2017-09-01,SZ002271,buy,4900,4900,13.477721497535704,66040.83533792495,19.81225060137748,0.0,filled
2017-09-01,SZ002460,buy,18000,18000,49.546846134185785,891843.2304153441,267.55296912460324,0.0,filled
2017-09-01,SZ002572,buy,800,800,36.53208198165893,29225.665585327148,8.767699675598143,0.0,filled
2017-09-01,SZ002597,buy,46300,46300,19.30255315208435,893708.2109415054,268.1124632824516,0.0,filled
2017-09-01,SZ002677,buy,64800,64800,13.798650244712828,894152.5358573913,268.2457607572174,0.0,filled
2017-09-01,SZ300355,buy,79700,79700,11.215257932662963,893856.0572332381,268.1568171699714,0.0,filled
2017-09-01,SZ300450,buy,43600,20200,20.48183756637573,413733.1188407898,124.11993565223692,0.0,partial_volume_or_cash
2017-10-09,SH600230,sell,1900,1900,38.00515062332153,72209.78618431091,21.662935855293274,72.20978618431091,filled
2017-10-09,SH600309,sell,5100,5100,37.65894718551636,192060.63064613345,57.61818919384003,192.06063064613346,filled
2017-10-09,SH600338,sell,2500,2500,33.25612403869629,83140.31009674074,24.942093029022217,83.14031009674073,filled
2017-10-09,SH600406,sell,68000,68000,12.97432691001892,882254.2298812866,264.67626896438594,882.2542298812866,filled
2017-10-09,SH600487,sell,10000,10000,24.718411371231078,247184.11371231076,74.15523411369323,247.18411371231076,filled
2017-10-09,SH600519,sell,200,200,498.57057147216796,99714.11429443359,29.914234288330075,99.71411429443359,filled
2017-10-09,SH600690,sell,7800,7800,14.265432964324951,111270.37712173462,33.38111313652038,111.27037712173463,filled
2017-10-09,SH600779,sell,5900,5900,39.44243641662597,232710.37485809324,69.81311245742796,232.71037485809325,filled
2017-10-09,SZ000333,sell,2600,2600,40.68390382003784,105778.14993209839,31.733444979629514,105.77814993209839,filled
2017-10-09,SZ002008,sell,3300,3300,43.41877226257324,143281.9484664917,42.98458453994751,143.2819484664917,filled
2017-10-09,SZ002050,sell,4400,4400,9.099947416305541,40039.76863174438,12.011930589523313,40.03976863174438,filled
2017-10-09,SZ002061,sell,78100,78100,11.416281869888305,891611.6140382766,267.48348421148296,891.6116140382766,filled
2017-10-09,SZ002271,sell,8300,8300,14.87007711982727,123421.64009456635,37.0264920283699,123.42164009456636,filled
2017-10-09,SZ002460,sell,3000,3000,57.31893975448608,171956.81926345825,51.587045779037474,171.95681926345824,filled
2017-10-09,SZ002597,sell,4300,4300,20.560845193862914,88411.63433361053,26.523490300083157,88.41163433361054,filled
2017-10-09,SZ002677,sell,64800,64800,14.27694754600525,925146.2009811401,277.54386029434204,925.1462009811402,filled
2017-10-09,SZ300355,sell,11500,11500,12.663076887130737,145625.38420200348,43.68761526060104,145.6253842020035,filled
2017-10-09,SH600507,buy,9800,9800,6.1676691141128535,60443.157318305966,18.132947195491788,0.0,filled
2017-10-09,SH600781,buy,3500,3500,21.71944020462036,76018.04071617125,22.805412214851373,0.0,filled
2017-10-09,SZ000049,buy,900,900,33.840458721160886,30456.4128490448,9.136923854713439,0.0,filled
2017-10-09,SZ000627,buy,3100,3100,8.722982953071593,27041.247154521938,8.112374146356581,0.0,filled
2017-10-09,SZ000651,buy,25800,25800,33.53313724136352,865154.9408271788,259.5464822481536,0.0,filled
2017-10-09,SZ002092,buy,2700,2700,15.052844317436216,40642.67965707778,12.192803897123333,0.0,filled
2017-10-09,SZ002127,buy,83500,83500,10.356444998741148,864763.1573948859,259.42894721846574,0.0,filled
2017-10-09,SZ002466,buy,16200,16200,53.22400823974609,862228.9334838866,258.66868004516596,0.0,filled
2017-10-09,SZ002507,buy,60000,60000,14.416327012062071,864979.6207237242,259.4938862171173,0.0,filled
2017-10-09,SZ002572,buy,300,300,34.985233333587644,10495.570000076294,5.0,0.0,filled
2017-10-09,SZ300014,buy,64300,63000,13.443889481544494,846965.037337303,254.0895112011909,0.0,partial_volume_or_cash
2017-11-01,SH600230,sell,22700,22700,34.512221420288085,783427.4262405395,235.02822787216184,783.4274262405395,filled
2017-11-01,SH600338,sell,25900,25900,30.19332343482971,782007.0769620895,234.60212308862683,782.0070769620895,filled
2017-11-01,SH600519,sell,200,200,590.141079711914,118028.2159423828,35.40846478271484,118.0282159423828,filled
2017-11-01,SH600690,sell,3200,3200,16.01036940193176,51233.18208618164,15.36995462585449,51.233182086181635,filled
2017-11-01,SH600779,sell,800,800,43.4433600769043,34754.68806152344,10.42640641845703,34.75468806152344,filled
2017-11-01,SZ000049,sell,25500,25500,34.41169033813477,877498.1036224366,263.24943108673097,877.4981036224367,filled
2017-11-01,SZ000333,sell,1500,1500,46.36830390930176,69552.45586395264,20.86573675918579,69.55245586395264,filled
2017-11-01,SZ000651,sell,25800,25800,37.03007153320313,955375.8455566406,286.61275366699215,955.3758455566407,filled
2017-11-01,SZ002008,sell,200,200,46.579796459198,9315.9592918396,5.0,9.315959291839599,filled
2017-11-01,SZ002050,sell,94900,94900,9.999542449951171,948956.5785003662,284.6869735501098,948.9565785003662,filled
2017-11-01,SZ002127,sell,83500,83500,9.829249351501465,820742.3208503723,246.22269625511169,820.7423208503724,filled
2017-11-01,SZ002271,sell,58000,58000,14.752438033103942,855641.4059200287,256.6924217760086,855.6414059200287,filled
2017-11-01,SZ002507,sell,60000,60000,16.426426317214965,985585.5790328978,295.67567370986933,985.5855790328978,filled
2017-11-01,SZ002572,sell,24700,24700,35.57669619369507,878744.3959842683,263.62331879528045,878.7443959842683,filled
2017-11-01,SZ002597,sell,42000,42000,21.52627131843567,904103.3953742981,271.2310186122894,904.1033953742981,filled
2017-11-01,SZ300014,sell,63000,63000,11.634238629341125,732957.0336484909,219.88711009454724,732.9570336484909,filled
2017-11-01,SZ300355,sell,3000,3000,14.065508348464967,42196.5250453949,12.658957513618468,42.1965250453949,filled
2017-11-01,SH600309,buy,5300,5300,32.57569118881225,172651.16330070494,51.79534899021148,0.0,filled
2017-11-01,SH600487,buy,900,900,25.668258888244626,23101.432999420165,6.930429899826049,0.0,filled
2017-11-01,SH600507,buy,12300,12300,6.02279095172882,74080.32870626448,22.22409861187934,0.0,filled
2017-11-01,SH600781,buy,3900,3900,20.995013116836546,81880.55115566253,24.564165346698758,0.0,filled
2017-11-01,SH600809,buy,22700,22700,40.467627517700194,918615.1446517945,275.58454339553833,0.0,filled
2017-11-01,SH601012,buy,68900,68900,13.33309440231323,918650.2043193816,275.59506129581445,0.0,filled
2017-11-01,SH601155,buy,53200,53200,17.27935468292236,919261.6691314696,275.77850073944086,0.0,filled
2017-11-01,SH603338,buy,36300,36300,25.293723960876463,918162.1797798156,275.4486539339447,0.0,filled
2017-11-01,SZ000627,buy,4500,4500,8.858691913604735,39864.113611221306,11.959234083366391,0.0,filled
2017-11-01,SZ000786,buy,42800,42800,21.476092164993283,919176.7446617124,275.75302339851373,0.0,filled
2017-11-01,SZ002019,buy,43300,43300,21.211257358551023,918447.4436252593,275.5342330875778,0.0,filled
2017-11-01,SZ002035,buy,50800,50800,18.07860933113098,918393.3540214538,275.5180062064361,0.0,filled
2017-11-01,SZ002092,buy,9100,9100,13.798101333618163,125562.72213592529,37.668816640777585,0.0,filled
2017-11-01,SZ002310,buy,41900,41900,21.935392330169677,919092.9386341095,275.7278815902328,0.0,filled
2017-11-01,SZ002366,buy,31000,31000,29.58758911323547,917215.2625102996,275.16457875308987,0.0,filled
2017-11-01,SZ002460,buy,1100,1100,56.972175575256344,62669.39313278198,18.80081793983459,0.0,filled
2017-11-01,SZ002812,buy,23900,23900,38.4548936805725,919071.9589656829,275.72158768970485,0.0,filled
2017-11-01,SZ300274,buy,48900,3600,18.798694770812986,67675.30117492675,20.30259035247802,0.0,partial_volume_or_cash
2017-12-01,SH600309,sell,2600,2600,33.710003963470456,87646.01030502318,26.293803091506952,87.64601030502318,filled
2017-12-01,SH600507,sell,35600,35600,7.396644870758057,263320.5573989868,78.99616721969605,263.3205573989868,filled
2017-12-01,SH600519,sell,100,100,606.4220236816407,60642.202368164064,18.192660710449218,60.642202368164064,filled
2017-12-01,SH600690,sell,3800,3800,16.158877590179443,61403.734842681886,18.421120452804566,61.403734842681885,filled
2017-12-01,SH600781,sell,6500,6500,23.240979835510252,151066.36893081665,45.31991067924499,151.06636893081665,filled
2017-12-01,SH600809,sell,22700,22700,33.500092929840086,760452.1095073699,228.13563285221096,760.45210950737,filled
2017-12-01,SH601012,sell,2500,2500,13.023652115821838,32559.130289554596,9.767739086866378,32.559130289554595,filled
2017-12-01,SH601155,sell,12600,12600,21.308288835525513,268484.4393276215,80.54533179828644,268.4844393276215,filled
2017-12-01,SH603338,sell,36300,36300,25.17845920944214,913978.0693027496,274.19342079082486,913.9780693027496,filled
2017-12-01,SZ000333,sell,1300,1300,46.92202514648437,60998.63269042969,18.299589807128903,60.99863269042969,filled
2017-12-01,SZ000627,sell,4600,4600,8.734573333740235,40179.03733520508,12.053711200561523,40.17903733520508,filled
2017-12-01,SZ000786,sell,3200,3200,21.84877106666565,69916.06741333008,20.97482022399902,69.91606741333008,filled
2017-12-01,SZ002008,sell,1500,1500,47.71491737365723,71572.37606048584,21.47171281814575,71.57237606048584,filled
2017-12-01,SZ002035,sell,50800,50800,16.539994428634643,840231.7169746398,252.06951509239192,840.2317169746398,filled
2017-12-01,SZ002092,sell,66600,66600,13.664395809173584,910048.7608909607,273.0146282672882,910.0487608909607,filled
2017-12-01,SZ002110,sell,61600,61600,10.05443440246582,619353.1591918945,185.80594775756833,619.3531591918945,filled
2017-12-01,SZ300450,sell,20200,20200,20.59700475311279,416059.4960128784,124.8178488038635,416.05949601287836,filled
2017-12-01,SH600179,buy,52800,52800,16.409703857421874,866432.363671875,259.9297091015625,0.0,filled
2017-12-01,SH600230,buy,25700,25700,33.685606605529784,865720.0897621155,259.7160269286346,0.0,filled
2017-12-01,SH600779,buy,1000,1000,39.23857834625244,39238.57834625244,11.77157350387573,0.0,filled
2017-12-01,SZ000921,buy,70300,70300,12.322070808410643,866241.5778312682,259.8724733493804,0.0,filled
2017-12-01,SZ002019,buy,1400,1400,19.403653984069823,27165.115577697754,8.149534673309326,0.0,filled
2017-12-01,SZ002061,buy,63400,63400,13.68080619239807,867363.1125980376,260.20893377941127,0.0,filled
2017-12-01,SZ002310,buy,1400,1400,20.014461248397826,28020.245747756955,8.406073724327086,0.0,filled
2017-12-01,SZ002366,buy,2000,2000,26.22192021179199,52443.84042358398,15.733152127075192,0.0,filled
2017-12-01,SZ002460,buy,2200,2200,47.38129544830322,104238.84998626709,31.271654995880123,0.0,filled
2017-12-01,SZ002466,buy,2900,2900,45.2061182937622,131097.7430519104,39.329322915573115,0.0,filled
2017-12-01,SZ002812,buy,5500,5500,29.46225027656555,162042.3765211105,48.61271295633315,0.0,filled
2017-12-01,SZ300274,buy,49500,49500,16.315348426818847,807609.747127533,242.28292413825986,0.0,filled
2017-12-01,SZ300355,buy,4100,4100,12.50284680175781,51261.67188720702,15.378501566162104,0.0,filled
2018-01-02,SH600230,sell,25700,25700,29.513364807128905,758493.4755432128,227.54804266296384,758.4934755432129,filled
2018-01-02,SH600487,sell,35800,35800,28.213301273345948,1010036.185585785,303.01085567573546,1010.036185585785,filled
2018-01-02,SH600519,sell,100,100,665.3436339111328,66534.36339111328,19.96030901733398,66.53436339111327,filled
2018-01-02,SH600690,sell,2000,2000,17.588065258026123,35176.130516052246,10.552839154815674,35.17613051605225,filled
2018-01-02,SH600779,sell,1200,1200,43.21818264770508,51861.81917724609,15.558545753173826,51.86181917724609,filled
2018-01-02,SH601012,sell,5500,5500,14.856720929145814,81711.96511030197,24.513589533090588,81.71196511030197,filled
2018-01-02,SH601155,sell,4400,4400,25.003701662063598,110016.28731307983,33.004886193923944,110.01628731307983,filled
2018-01-02,SZ000333,sell,700,700,50.98913621520996,35692.39535064697,10.70771860519409,35.69239535064697,filled
2018-01-02,SZ002019,sell,2700,2700,21.55983947753906,58211.56658935546,17.463469976806635,58.21156658935546,filled
2018-01-02,SZ002466,sell,19100,19100,44.27580545425415,845667.8841762542,253.70036525287622,845.6678841762541,filled
2018-01-02,SZ300274,sell,4400,4400,18.59467177963257,81816.55583038331,24.54496674911499,81.81655583038331,filled
2018-01-02,SH600179,buy,1800,1800,16.62343551826477,29922.183932876585,8.976655179862975,0.0,filled
2018-01-02,SH600507,buy,34700,34700,5.980799730300903,207533.75064144132,62.26012519243239,0.0,filled
2018-01-02,SH600781,buy,2500,2500,22.832486801147457,57081.217002868645,17.124365100860594,0.0,filled
2018-01-02,SH603338,buy,32200,32200,28.17317027854919,907176.0829692839,272.15282489078515,0.0,filled
2018-01-02,SZ000627,buy,17600,17600,7.773330006122588,136810.60810775755,41.043182432327264,0.0,filled
2018-01-02,SZ000786,buy,3000,3000,21.286651968002317,63859.95590400695,19.157986771202083,0.0,filled
2018-01-02,SZ000921,buy,3500,3500,12.290109863281248,43015.38452148437,12.904615356445309,0.0,filled
2018-01-02,SZ002008,buy,500,500,48.5755923423767,24287.79617118835,7.286338851356505,0.0,filled
2018-01-02,SZ002035,buy,49200,49200,18.427149738311766,906615.7671249389,271.9847301374816,0.0,filled
2018-01-02,SZ002061,buy,100,100,14.296262495040892,1429.6262495040892,5.0,0.0,filled
2018-01-02,SZ002110,buy,94800,94800,9.57051791191101,907285.0980491637,272.1855294147491,0.0,filled
2018-01-02,SZ002310,buy,2600,2600,19.749719995498655,51349.2719882965,15.404781596488949,0.0,filled
2018-01-02,SZ002460,buy,1100,1100,46.65972651672363,51325.69916839599,15.397709750518796,0.0,filled
2018-01-02,SZ002517,buy,62300,33900,14.569174408912657,493895.0124621391,148.1685037386417,0.0,partial_volume_or_cash
2018-02-01,SH600179,sell,5200,5200,17.293922286987303,89928.39589233398,26.97851876770019,89.92839589233398,filled
2018-02-01,SH600507,sell,31100,31100,7.088740326404571,220459.82415118217,66.13794724535464,220.45982415118218,filled
2018-02-01,SH600519,sell,200,200,729.026103515625,145805.220703125,43.7415662109375,145.805220703125,filled
2018-02-01,SH600690,sell,51500,51500,19.676467014312745,1013338.0512371064,304.0014153711319,1013.3380512371065,filled
2018-02-01,SH600779,sell,1100,1100,43.020767498016355,47322.84424781799,14.196853274345397,47.322844247818,filled
2018-02-01,SH601012,sell,5100,5100,15.312779726028442,78095.17660274505,23.428552980823515,78.09517660274506,filled
2018-02-01,SH601155,sell,11100,11100,33.95697583007812,376922.4317138672,113.07672951416015,376.9224317138672,filled
2018-02-01,SZ000333,sell,2100,2100,54.48732062530517,114423.37331314087,34.32701199394226,114.42337331314087,filled
2018-02-01,SZ000627,sell,116700,116700,7.7672960729599,906443.4517144203,271.9330355143261,906.4434517144203,filled
2018-02-01,SZ000786,sell,42600,42600,23.226879570007323,989465.069682312,296.8395209046936,989.465069682312,filled
2018-02-01,SZ000921,sell,73800,73800,13.044319484710693,962670.7779716491,288.8012333914947,962.670777971649,filled
2018-02-01,SZ002008,sell,900,900,48.2433267288208,43418.99405593872,13.025698216781613,43.41899405593872,filled
2018-02-01,SZ002019,sell,42000,42000,20.74889891052246,871453.7542419434,261.436126272583,871.4537542419433,filled
2018-02-01,SZ002035,sell,49200,49200,20.301312658309936,998824.5827888488,299.6473748366546,998.8245827888488,filled
2018-02-01,SZ002061,sell,2800,2800,14.084249316215516,39435.898085403445,11.830769425621032,39.435898085403444,filled
2018-02-01,SZ002110,sell,19500,19500,11.34553092956543,221237.85312652588,66.37135593795776,221.2378531265259,filled
2018-02-01,SH600230,buy,25700,25700,33.24936070632934,854508.5701526641,256.3525710457992,0.0,filled
2018-02-01,SH600781,buy,1500,1500,20.775227205276487,31162.84080791473,9.348852242374418,0.0,filled
2018-02-01,SH601313,buy,17100,17100,50.0199635848999,855341.3773017883,256.6024131905365,0.0,filled
2018-02-01,SH601360,buy,17200,17200,49.75129690170287,855722.3067092894,256.7166920127868,0.0,filled
2018-02-01,SH603039,buy,48000,48000,17.85278635215759,856933.7449035643,257.08012347106927,0.0,filled
2018-02-01,SH603165,buy,34600,34600,24.761996170043943,856765.0674835205,257.0295202450561,0.0,filled
2018-02-01,SH603337,buy,38300,38300,22.33304643821716,855355.6785837172,256.60670357511515,0.0,filled
2018-02-01,SH603338,buy,3500,3500,23.97041100311279,83896.43851089476,25.168931553268425,0.0,filled
2018-02-01,SH603638,buy,134800,134800,6.355492171287536,856720.3446895599,257.01610340686796,0.0,filled
2018-02-01,SZ000301,buy,157800,157800,5.431549742698669,857098.54939785,257.129564819355,0.0,filled
2018-02-01,SZ002310,buy,1600,1600,18.02476640319824,28839.626245117182,8.651887873535154,0.0,filled
2018-02-01,SZ002460,buy,3200,3000,37.8294443321228,113488.3329963684,34.04649989891052,0.0,partial_volume_or_cash
2018-02-01,SZ300274,buy,3000,100,16.57088706588745,1657.088706588745,5.0,0.0,partial_volume_or_cash
2018-02-01,SZ300595,buy,119400,100,7.178291764259337,717.8291764259337,5.0,0.0,partial_volume_or_cash
2018-03-01,SH600507,sell,23500,23500,8.96005944442749,210561.39694404602,63.1684190832138,210.56139694404604,filled
2018-03-01,SH601360,sell,17200,17200,52.36756292724609,900722.0823486327,270.2166247045898,900.7220823486327,filled
2018-03-01,SH603039,sell,48000,48000,19.927918573379518,956540.0915222169,286.96202745666506,956.5400915222169,filled
2018-03-01,SH603337,sell,38300,38300,22.15999631881714,848727.8590106964,254.61835770320891,848.7278590106964,filled
2018-03-01,SH603338,sell,35700,35700,24.76034822845459,883944.4317558288,265.1833295267486,883.9444317558288,filled
2018-03-01,SH603638,sell,134800,134800,6.918200473308564,932573.4238019944,279.7720271405983,932.5734238019944,filled
2018-03-01,SZ000301,sell,16000,16000,6.136835689544678,98189.37103271484,29.45681130981445,98.18937103271485,filled
2018-03-01,SZ002008,sell,2000,2000,55.28918367004395,110578.36734008789,33.173510202026364,110.5783673400879,filled
2018-03-01,SZ002061,sell,60700,60700,14.215009271621705,862851.0627874375,258.8553188362312,862.8510627874375,filled
2018-03-01,SZ002310,sell,47500,47500,18.69296968460083,887916.0600185394,266.3748180055618,887.9160600185395,filled
2018-03-01,SZ002460,sell,3600,3600,46.30076363754272,166682.7490951538,50.00482472854613,166.68274909515378,filled
2018-03-01,SZ002812,sell,29400,29400,29.44537675666809,865694.0766460418,259.7082229938125,865.6940766460418,filled
2018-03-01,SZ300595,sell,100,100,7.561243081569672,756.1243081569672,5.0,0.7561243081569673,filled
2018-03-01,SH600230,buy,2500,2500,30.91405998039245,77285.14995098113,23.185544985294335,0.0,filled
2018-03-01,SH600282,buy,199300,199300,4.376497273921966,872235.9066926477,261.6707720077943,0.0,filled
2018-03-01,SH600487,buy,32300,32300,26.979545442581173,871439.3177953719,261.43179533861155,0.0,filled
2018-03-01,SH600519,buy,100,100,693.3431632080077,69334.31632080078,20.80029489624023,0.0,filled
2018-03-01,SH600690,buy,48400,48400,17.99543832206726,870979.2147880553,261.29376443641655,0.0,filled
2018-03-01,SH600779,buy,1800,1800,40.33009617233276,72594.17311019897,21.77825193305969,0.0,filled
2018-03-01,SH600781,buy,8100,8100,17.66109132385254,143054.83972320557,42.91645191696167,0.0,filled
2018-03-01,SH601012,buy,7200,7200,13.834448794364928,99608.03131942748,29.88240939582824,0.0,filled
2018-03-01,SH601155,buy,5700,5700,28.267414972305296,161124.2653421402,48.337279602642056,0.0,filled
2018-03-01,SH603040,buy,33400,33400,26.107924264907833,872004.6704479216,261.6014011343765,0.0,filled
2018-03-01,SH603165,buy,5300,5300,21.819765878677366,115644.75915699004,34.69342774709701,0.0,filled
2018-03-01,SZ000333,buy,1800,1800,50.03614643859863,90065.06358947753,27.019519076843256,0.0,filled
2018-03-01,SZ000661,buy,10800,10800,80.04932207489013,864532.6784088134,259.35980352264403,0.0,filled
2018-03-01,SZ000932,buy,131400,131400,6.639418105602264,872419.5390761375,261.7258617228412,0.0,filled
2018-03-01,SZ002110,buy,2300,2300,11.240253911972045,25852.583997535705,7.755775199260711,0.0,filled
2018-03-01,SZ002258,buy,40800,40800,21.37781703186035,872214.9348999022,261.6644804699706,0.0,filled
2018-03-01,SZ002466,buy,17200,15000,50.65467282485962,759820.0923728943,227.94602771186825,0.0,partial_volume_or_cash
2018-03-01,SZ300274,buy,5000,100,16.18716288948059,1618.716288948059,5.0,0.0,partial_volume_or_cash
2018-03-01,SZ300355,buy,7200,100,11.390612593650816,1139.0612593650817,5.0,0.0,partial_volume_or_cash
2018-04-02,SH600179,sell,49400,49400,11.100045307159423,548342.2381736755,164.50267145210265,548.3422381736755,filled
2018-04-02,SH600230,sell,300,300,29.062255393981932,8718.67661819458,5.0,8.71867661819458,filled
2018-04-02,SH600487,sell,32300,32300,26.23627256011963,847431.6036918641,254.2294811075592,847.4316036918641,filled
2018-04-02,SH600690,sell,48400,48400,16.214487894058227,784781.2140724182,235.43436422172542,784.7812140724182,filled
2018-04-02,SH600779,sell,1400,1400,40.014434646606446,56020.20850524902,16.806062551574705,56.02020850524902,filled
2018-04-02,SH600781,sell,49300,49300,18.505622886657715,912327.2083122253,273.69816249366755,912.3272083122254,filled
2018-04-02,SH601012,sell,4700,4700,13.924442813873291,65444.881225204466,19.633464367561338,65.44488122520447,filled
2018-04-02,SH601155,sell,3500,3500,29.689461879730224,103913.11657905579,31.173934973716733,103.91311657905578,filled
2018-04-02,SH603040,sell,33400,33400,28.635148824691772,956413.9707447052,286.9241912234115,956.4139707447052,filled
2018-04-02,SH603165,sell,2000,2000,21.393362977981567,42786.725955963135,12.83601778678894,42.786725955963135,filled
2018-04-02,SZ000301,sell,141800,141800,6.416117171287537,909805.4148885728,272.9416244665718,909.8054148885727,filled
2018-04-02,SZ000333,sell,17400,17400,48.40171844100952,842189.9008735657,252.65697026206968,842.1899008735658,filled
2018-04-02,SZ000661,sell,10800,10800,91.02946199798583,983118.189578247,294.9354568734741,983.1181895782471,filled
2018-04-02,SZ002008,sell,500,500,53.35156329345703,26675.781646728516,8.002734494018554,26.675781646728517,filled
2018-04-02,SZ002110,sell,77600,77600,9.264784283638,718947.2604103088,215.68417812309264,718.9472604103089,filled
2018-04-02,SZ002460,sell,3000,3000,51.264636348724366,153793.9090461731,46.13817271385192,153.7939090461731,filled
2018-04-02,SZ002517,sell,33900,33900,11.450435952186584,388169.7787791252,116.45093363373755,388.1697787791252,filled
2018-04-02,SZ300274,sell,48900,48900,18.840081184387206,921279.9699165344,276.3839909749603,921.2799699165344,filled
2018-04-02,SZ300355,sell,69400,69400,10.588513398170472,734842.8298330307,220.4528489499092,734.8428298330307,filled
2018-04-02,SH600282,buy,36900,36900,3.4447784457206723,127112.32464709281,38.13369739412784,0.0,filled
2018-04-02,SH600346,buy,84000,84000,9.67873549556732,813013.7816276549,243.90413448829645,0.0,filled
2018-04-02,SH600507,buy,8200,8200,7.724939435958861,63344.50337486266,19.003351012458797,0.0,filled
2018-04-02,SH600567,buy,187000,187000,4.351821572303772,813790.6340208052,244.13719020624154,0.0,filled
2018-04-02,SH600585,buy,29300,29300,27.748843864440914,813041.1252281187,243.9123375684356,0.0,filled
2018-04-02,SH600801,buy,89400,89400,9.100009459495544,813540.8456789016,244.06225370367048,0.0,filled
2018-04-02,SH600985,buy,73800,73800,11.019100973129271,813209.6518169402,243.96289554508203,0.0,filled
2018-04-02,SH601318,buy,14100,14100,57.35939941787719,808767.5317920684,242.6302595376205,0.0,filled
2018-04-02,SH603899,buy,27200,27200,29.818290241241453,811057.4945617676,243.31724836853024,0.0,filled
2018-04-02,SZ000537,buy,69800,69800,11.652222666740416,813325.142138481,243.9975426415443,0.0,filled
2018-04-02,SZ000717,buy,140400,140400,5.795002871036529,813618.4030935287,244.0855209280586,0.0,filled
2018-04-02,SZ000786,buy,34100,34100,23.841501857757567,812995.213349533,243.89856400485988,0.0,filled
2018-04-02,SZ000932,buy,30900,30900,5.012962074756622,154900.5281099796,46.47015843299388,0.0,filled
2018-04-02,SZ001979,buy,44100,44100,18.422023386001584,812411.2313226699,243.72336939680093,0.0,filled
2018-04-02,SZ002258,buy,900,900,19.495464376449583,17545.917938804625,5.263775381641387,0.0,filled
2018-04-02,SZ002466,buy,1200,1200,49.9548388633728,59945.80663604736,17.983741990814206,0.0,filled
2018-04-02,SZ300122,buy,24400,18800,33.31786099243164,626375.7866577149,187.91273599731446,0.0,partial_volume_or_cash
2018-05-02,SH600230,sell,27900,27900,24.774659997940063,691213.0139425277,207.3639041827583,691.2130139425277,filled
2018-05-02,SH600282,sell,236200,236200,3.6358461120128633,858786.8516574383,257.6360554972315,858.7868516574383,filled
2018-05-02,SH600346,sell,3500,3500,9.744208554267884,34104.72993993759,10.231418981981276,34.10472993993759,filled
2018-05-02,SH600519,sell,1200,1200,627.3243792114258,752789.255053711,225.83677651611328,752.789255053711,filled
2018-05-02,SH600567,sell,187000,187000,3.9318330738544462,735252.7848107815,220.5758354432344,735.2527848107815,filled
2018-05-02,SH600585,sell,29300,29300,29.756558183670045,871867.1547815324,261.5601464344597,871.8671547815323,filled
2018-05-02,SH600801,sell,89400,89400,8.65754110622406,773984.174896431,232.19525246892928,773.984174896431,filled
2018-05-02,SH600985,sell,73800,73800,10.631392496109008,784596.7662128448,235.37902986385342,784.5967662128447,filled
2018-05-02,SH601012,sell,58300,58300,13.77060034275055,802825.999982357,240.8477999947071,802.8259999823571,filled
2018-05-02,SH601318,sell,14100,14100,54.6676439666748,770813.7799301147,231.24413397903442,770.8137799301147,filled
2018-05-02,SH603165,sell,37900,37900,17.039906003952026,645812.4375497818,193.7437312649345,645.8124375497817,filled
2018-05-02,SH603899,sell,27200,27200,27.85145987892151,757559.7087066651,227.2679126119995,757.5597087066651,filled
2018-05-02,SZ000717,sell,140400,140400,6.503386858463287,913075.5149282455,273.9226544784736,913.0755149282455,filled
2018-05-02,SZ000932,sell,22500,22500,5.614334631443024,126322.52920746803,37.89675876224041,126.32252920746804,filled
2018-05-02,SZ001979,sell,44100,44100,18.281849767684935,806229.5747549057,241.86887242647168,806.2295747549057,filled
2018-05-02,SZ002008,sell,15200,15200,46.002783107757566,699242.303237915,209.7726909713745,699.242303237915,filled
2018-05-02,SZ002258,sell,41700,41700,19.45795100784302,811396.5570270539,243.41896710811616,811.396557027054,filled
2018-05-02,SZ300122,sell,600,600,43.05667744445801,25834.006466674808,7.750201940002442,25.834006466674808,filled
2018-05-02,SH600507,buy,9500,9500,6.849590435981749,65071.10914182662,19.521332742547983,0.0,filled
2018-05-02,SH600566,buy,17900,17900,43.91519777297973,786082.0401363372,235.82461204090112,0.0,filled
2018-05-02,SH600779,buy,600,600,37.742267704010004,22645.360622406002,6.7936081867218,0.0,filled
2018-05-02,SH600782,buy,159400,159400,4.9325528044700615,786248.9170325279,235.87467510975833,0.0,filled
2018-05-02,SH601003,buy,136900,136900,5.7463154115676875,786670.5798436165,236.00117395308493,0.0,filled
2018-05-02,SH601155,buy,2100,2100,26.755794006347653,56187.16741333007,16.85615022399902,0.0,filled
2018-05-02,SH603799,buy,12800,12800,61.313945869445796,784818.5071289062,235.44555213867184,0.0,filled
2018-05-02,SZ000537,buy,4200,4200,10.617531935691833,44593.634129905695,13.378090238971707,0.0,filled
2018-05-02,SZ000786,buy,2000,2000,21.760212366104124,43520.424732208245,13.056127419662472,0.0,filled
2018-05-02,SZ000830,buy,52700,52700,14.920235988616941,786296.4366001128,235.88893098003382,0.0,filled
2018-05-02,SZ002001,buy,54300,54300,14.484899849891661,786530.0618491172,235.95901855473514,0.0,filled
2018-05-02,SZ002016,buy,58100,58100,13.534486541748045,786353.6680755614,235.9061004226684,0.0,filled
2018-05-02,SZ002019,buy,41900,41900,18.744061410903928,785376.1731168745,235.61285193506234,0.0,filled
2018-05-02,SZ002127,buy,79600,79600,9.881686542510986,786582.2487838744,235.9746746351623,0.0,filled
2018-05-02,SZ002343,buy,32600,32600,24.11953535079956,786296.8524360657,235.88905573081968,0.0,filled
2018-05-02,SZ002460,buy,3400,3400,40.96414862823486,139278.10533599852,41.78343160079955,0.0,filled
2018-05-02,SZ002466,buy,1700,1700,43.89773189926147,74626.14422874451,22.38784326862335,0.0,filled
2018-05-02,SZ002626,buy,50500,50500,15.54917545700073,785233.3605785369,235.57000817356104,0.0,filled
2018-05-02,SZ300176,buy,21000,21000,37.4357939338684,786151.6726112365,235.8455017833709,0.0,filled
2018-05-02,SZ300401,buy,40200,40200,19.559264074325558,786282.4157878874,235.8847247363662,0.0,filled
2018-05-02,SZ300450,buy,40800,40800,19.238199769973754,784918.5506149292,235.47556518447874,0.0,filled
2018-05-02,SZ300567,buy,14400,7200,54.599237686157224,393114.511340332,117.93435340209959,0.0,partial_volume_or_cash
2018-06-01,SH600346,sell,80500,80500,10.145146745681762,816684.3130273819,245.00529390821455,816.6843130273819,filled
2018-06-01,SH600566,sell,1400,1400,46.41772343444824,64984.812808227536,19.49544384246826,64.98481280822753,filled
2018-06-01,SH600779,sell,4400,4400,46.90070706939697,206363.11110534667,61.908933331604,206.3631111053467,filled
2018-06-01,SZ000830,sell,6100,6100,16.505389709472656,100682.8772277832,30.20486316833496,100.68287722778321,filled
2018-06-01,SZ000932,sell,139800,139800,5.235872549057007,731974.9823581695,219.59249470745084,731.9749823581695,filled
2018-06-01,SZ002001,sell,3600,3600,15.169125649452209,54608.85233802795,16.382655701408385,54.60885233802795,filled
2018-06-01,SZ002016,sell,8300,8300,15.46189765548706,128333.7505405426,38.50012516216278,128.3337505405426,filled
2018-06-01,SZ002019,sell,41900,41900,17.264936714172364,723400.848323822,217.0202544971466,723.4008483238221,filled
2018-06-01,SZ002127,sell,5500,5500,10.390601881027221,57148.31034564972,17.144493103694913,57.14831034564972,filled
2018-06-01,SZ002168,sell,47000,47000,10.060576592445374,472847.09984493256,141.85412995347974,472.8470998449326,filled
2018-06-01,SZ002343,sell,32600,32600,21.510351356506348,701237.454222107,210.37123626663208,701.237454222107,filled
2018-06-01,SZ002366,sell,33000,33000,16.28057431411743,537258.9523658752,161.17768570976256,537.2589523658753,filled
2018-06-01,SZ002460,sell,300,300,40.6823184928894,12204.69554786682,5.0,12.204695547866821,filled
2018-06-01,SZ002626,sell,6000,6000,17.27629123878479,103657.74743270874,31.09732422981262,103.65774743270875,filled
2018-06-01,SZ300122,sell,1300,1300,45.365828384399414,58975.576899719235,17.69267306991577,58.975576899719236,filled
2018-06-01,SZ300176,sell,500,500,37.56066452407837,18780.332262039185,5.634099678611755,18.780332262039185,filled
2018-06-01,SZ300401,sell,5700,5700,22.323250717163084,127242.52908782958,38.17275872634887,127.24252908782958,filled
2018-06-01,SH600507,buy,14700,14700,5.958428023338318,87588.89194307326,26.276667582921977,0.0,filled
2018-06-01,SH600516,buy,65900,65900,11.695268752098082,770718.2107632636,231.21546322897908,0.0,filled
2018-06-01,SH600782,buy,4800,4800,4.700430235385895,22562.065129852293,6.768619538955687,0.0,filled
2018-06-01,SH601003,buy,14800,14800,5.086445041656494,75279.3866165161,22.58381598495483,0.0,filled
2018-06-01,SH601155,buy,1600,1600,24.84977230453491,39759.63568725585,11.927890706176756,0.0,filled
2018-06-01,SH603658,buy,13500,13500,56.80016306686401,766802.2014026641,230.0406604207992,0.0,filled
2018-06-01,SH603799,buy,900,900,56.003770393371575,50403.393354034415,15.121018006210322,0.0,filled
2018-06-01,SZ000537,buy,3400,3400,9.967132430076598,33888.25026226043,10.166475078678127,0.0,filled
2018-06-01,SZ000786,buy,2300,2300,20.095205593109128,46218.972864150994,13.865691859245297,0.0,filled
2018-06-01,SZ002061,buy,74000,74000,10.428986225128172,771744.9806594847,231.5234941978454,0.0,filled
2018-06-01,SZ002110,buy,99300,99300,7.769637505054473,771525.0042519092,231.45750127557275,0.0,filled
2018-06-01,SZ002507,buy,28700,28700,26.886438665390013,771640.7896966934,231.492236909008,0.0,filled
2018-06-01,SZ300450,buy,500,500,18.6497575302124,9324.878765106201,5.0,0.0,filled
2018-06-01,SZ300554,buy,16000,14300,48.13477186584472,688327.2376815794,206.4981713044738,0.0,partial_volume_or_cash
2018-06-01,SZ300633,buy,19800,100,38.980912796020505,3898.0912796020502,5.0,0.0,partial_volume_or_cash
2018-07-02,SH600309,sell,25600,25600,41.02315239715576,1050192.7013671875,315.05781041015626,1050.1927013671875,filled
2018-07-02,SH600779,sell,2300,2300,51.94497797012329,119473.44933128357,35.84203479938507,119.47344933128358,filled
2018-07-02,SH600782,sell,164200,164200,4.811854700088501,790106.5417545319,237.03196252635956,790.1065417545319,filled
2018-07-02,SH601003,sell,34800,34800,6.2677671346664425,218118.2962863922,65.43548888591765,218.1182962863922,filled
2018-07-02,SH601155,sell,4100,4100,27.172295820236204,111406.41286296844,33.42192385889053,111.40641286296844,filled
2018-07-02,SH603658,sell,1700,1700,61.77100712585449,105010.71211395263,31.503213634185787,105.01071211395264,filled
2018-07-02,SZ002001,sell,500,500,14.594822788238526,7297.411394119263,5.0,7.297411394119263,filled
2018-07-02,SZ002110,sell,13300,13300,8.515954433441163,113262.19396476746,33.978658189430234,113.26219396476746,filled
2018-07-02,SZ002466,sell,17900,17900,41.22788063049316,737979.0632858275,221.39371898574825,737.9790632858276,filled
2018-07-02,SZ300122,sell,1200,1200,46.41106963348388,55693.28356018066,16.707985068054196,55.69328356018066,filled
2018-07-02,SZ300176,sell,3700,3700,43.50214675140381,160957.9429801941,48.28738289405822,160.95794298019408,filled
2018-07-02,SZ300450,sell,1600,1600,18.440687353134155,29505.09976501465,8.851529929504395,29.50509976501465,filled
2018-07-02,SH600507,buy,4000,4000,5.497500694751739,21990.002779006958,6.5970008337020865,0.0,filled
2018-07-02,SH600516,buy,800,800,10.991383349418639,8793.10667953491,5.0,0.0,filled
2018-07-02,SH600566,buy,500,500,43.02069607162475,21510.348035812374,6.453104410743712,0.0,filled
2018-07-02,SH603799,buy,100,100,53.136869796752926,5313.686979675293,5.0,0.0,filled
2018-07-02,SZ000537,buy,6900,6900,8.70381115913391,60056.29699802398,18.01688909940719,0.0,filled
2018-07-02,SZ000786,buy,2900,2900,17.768448787689206,51528.50148429869,15.458550445289607,0.0,filled
2018-07-02,SZ000830,buy,2700,2700,14.887219224929808,40195.49190731048,12.058647572193143,0.0,filled
2018-07-02,SZ002016,buy,3400,3400,13.78807201194763,46879.444840621945,14.063833452186582,0.0,filled
2018-07-02,SZ002061,buy,600,600,9.833866362571715,5900.319817543029,5.0,0.0,filled
2018-07-02,SZ002127,buy,5300,5300,9.237660133361816,48959.598706817625,14.687879612045286,0.0,filled
2018-07-02,SZ002258,buy,38600,38600,18.986846220016478,732892.2640926361,219.8676792277908,0.0,filled
2018-07-02,SZ002460,buy,600,600,37.4678885269165,22480.7331161499,6.744219934844969,0.0,filled
2018-07-02,SZ002507,buy,700,700,24.970187170028684,17479.13101902008,5.243739305706023,0.0,filled
2018-07-02,SZ002626,buy,2400,2400,15.624186305999753,37498.04713439941,11.249414140319821,0.0,filled
2018-07-02,SZ300401,buy,1300,1300,20.496964601516723,26646.05398197174,7.993816194591521,0.0,filled
2018-07-02,SZ300554,buy,6800,6800,34.7853151397705,236540.14295043942,70.96204288513182,0.0,filled
2018-07-02,SZ300567,buy,6800,6800,52.2630758857727,355388.91602325434,106.61667480697629,0.0,filled
2018-07-02,SZ300601,buy,11300,11300,64.51279734802246,728994.6100326538,218.69838300979612,0.0,filled
2018-07-02,SZ300618,buy,8200,8200,88.5282820663452,725931.9129440306,217.77957388320917,0.0,filled
2018-07-02,SZ300630,buy,23200,9400,31.603898986816404,297076.6504760742,89.12299514282225,0.0,partial_volume_or_cash
2018-08-01,SH600507,sell,133500,133500,6.520261922836304,870454.9666986465,261.13649000959396,870.4549666986466,filled
2018-08-01,SH600566,sell,17000,17000,42.39362579727173,720691.6385536194,216.2074915660858,720.6916385536194,filled
2018-08-01,SH601003,sell,23800,23800,8.395838273048401,199820.95089855194,59.94628526956558,199.82095089855193,filled
2018-08-01,SZ000786,sell,41300,41300,19.938994903564453,823480.4895172119,247.04414685516355,823.4804895172119,filled
2018-08-01,SZ002061,sell,74600,74600,10.079336614608765,751918.5114498138,225.57555343494414,751.9185114498139,filled
2018-08-01,SZ002110,sell,86000,86000,11.50897396659851,989771.7611274719,296.93152833824155,989.7717611274719,filled
2018-08-01,SZ002258,sell,38600,38600,19.182361318588256,740439.1468975067,222.131744069252,740.4391468975067,filled
2018-08-01,SZ002460,sell,19500,19500,36.32568324279785,708350.8232345581,212.5052469703674,708.3508232345581,filled
2018-08-01,SZ002507,sell,29400,29400,29.244859548568726,859798.8707279206,257.93966121837616,859.7988707279205,filled
2018-08-01,SZ300401,sell,35800,35800,18.183595687866212,650972.7256256104,195.2918176876831,650.9727256256105,filled
2018-08-01,SZ300450,sell,39700,39700,18.5388309173584,735991.5874191285,220.79747622573854,735.9915874191286,filled
2018-08-01,SZ300618,sell,500,500,100.4497960281372,50224.8980140686,15.06746940422058,50.22489801406861,filled
2018-08-01,SH600309,buy,16700,16700,46.76882522201537,781039.3812076567,234.31181436229699,0.0,filled
2018-08-01,SH600516,buy,1400,1400,11.497015429496765,16095.82160129547,5.0,0.0,filled
2018-08-01,SH600681,buy,96000,96000,8.162163828849792,783567.7275695801,235.070318270874,0.0,filled
2018-08-01,SH600779,buy,1000,1000,51.756466266632074,51756.46626663207,15.526939879989621,0.0,filled
2018-08-01,SH601155,buy,5100,5100,24.44744815635681,124681.98559741973,37.40459567922591,0.0,filled
2018-08-01,SH601888,buy,11100,11100,70.40030892181396,781443.4290321349,234.43302870964047,0.0,filled
2018-08-01,SH603387,buy,33600,33600,23.288356033325194,782488.7627197265,234.74662881591794,0.0,filled
2018-08-01,SH603658,buy,2700,2700,54.027327693939206,145873.78477363585,43.76213543209075,0.0,filled
2018-08-01,SH603707,buy,72000,72000,10.878297163009643,783237.3957366943,234.97121872100828,0.0,filled
2018-08-01,SH603799,buy,900,900,53.12426107025146,47811.83496322631,14.343550488967892,0.0,filled
2018-08-01,SZ000537,buy,1400,1400,9.146765229225158,12805.471320915221,5.0,0.0,filled
2018-08-01,SZ000830,buy,1700,1700,15.350886813163756,26096.507582378385,7.828952274713514,0.0,filled
2018-08-01,SZ002001,buy,9700,9700,13.069043345451353,126769.72045087813,38.03091613526343,0.0,filled
2018-08-01,SZ002016,buy,11600,11600,12.084124053955076,140175.83902587887,42.052751707763655,0.0,filled
2018-08-01,SZ002127,buy,16800,16800,8.14142167186737,136775.8840873718,41.03276522621154,0.0,filled
2018-08-01,SZ002626,buy,3500,3500,15.542418600082396,54398.465100288384,16.319539530086512,0.0,filled
2018-08-01,SZ002768,buy,30400,30400,25.707832036972043,781518.0939239501,234.455428177185,0.0,filled
2018-08-01,SZ300121,buy,63900,63900,12.258932667732237,783345.79746809,235.00373924042697,0.0,filled
2018-08-01,SZ300122,buy,5100,5100,37.657221805572505,192051.83120841978,57.61554936252593,0.0,filled
2018-08-01,SZ300176,buy,5000,5000,35.79430728530883,178971.53642654416,53.69146092796324,0.0,filled
2018-08-01,SZ300554,buy,4400,4400,30.734782752990718,135233.04411315915,40.569913233947744,0.0,filled
2018-08-01,SZ300567,buy,700,700,53.25130296325683,37275.91207427978,11.182773622283934,0.0,filled
2018-08-01,SZ300601,buy,6800,6800,43.17318070983886,293577.6288269042,88.07328864807126,0.0,filled
2018-08-01,SZ300630,buy,18400,18400,28.161138147354123,518164.94191131584,155.44948257339473,0.0,filled
2018-08-01,SZ300633,buy,23700,11300,32.9361205329895,372178.1620227813,111.65344860683439,0.0,partial_volume_or_cash
2018-08-01,SZ300673,buy,29100,100,26.924343124389644,2692.4343124389643,5.0,0.0,partial_volume_or_cash
2018-09-03,SH600309,sell,1900,1900,44.55120269393921,84647.2851184845,25.39418553554535,84.6472851184845,filled
2018-09-03,SH600516,sell,3200,3200,10.158546761512756,32507.34963684082,9.752204891052244,32.50734963684082,filled
2018-09-03,SH600681,sell,96000,96000,7.611389056205749,730693.349395752,219.20800481872556,730.693349395752,filled
2018-09-03,SH601155,sell,32000,32000,22.65716786956787,725029.3718261719,217.50881154785154,725.0293718261719,filled
2018-09-03,SH601888,sell,11100,11100,61.97477882766724,687920.0449871063,206.3760134961319,687.9200449871064,filled
2018-09-03,SH603387,sell,33600,33600,21.665227529525758,727951.6449920655,218.38549349761962,727.9516449920656,filled
2018-09-03,SH603658,sell,14500,14500,50.32190021896362,729667.5531749725,218.90026595249174,729.6675531749726,filled
2018-09-03,SH603707,sell,4500,4500,9.771891757965088,43973.512910842896,13.192053873252867,43.9735129108429,filled
2018-09-03,SZ000537,sell,85700,85700,7.6882307395935054,658881.3743831634,197.664412314949,658.8813743831635,filled
2018-09-03,SZ000830,sell,2400,2400,13.566692401885986,32560.061764526366,9.768018529357908,32.56006176452637,filled
2018-09-03,SZ002001,sell,59900,59900,11.832607452392578,708773.1863983155,212.63195591949463,708.7731863983155,filled
2018-09-03,SZ002016,sell,64800,64800,9.56769419002533,619986.5835136414,185.9959750540924,619.9865835136414,filled
2018-09-03,SZ002127,sell,96200,96200,7.334268344879151,705556.6147773743,211.66698443321226,705.5566147773743,filled
2018-09-03,SZ002626,sell,50400,50400,13.48441639995575,679614.5865577698,203.88437596733093,679.6145865577698,filled
2018-09-03,SZ002768,sell,30400,30400,24.83073141860962,754854.2351257325,226.45627053771972,754.8542351257325,filled
2018-09-03,SZ300121,sell,63900,63900,9.814010584831237,627115.276370716,188.1345829112148,627.1152763707161,filled
2018-09-03,SZ300122,sell,4900,4900,41.24076522445679,202079.74959983825,60.62392487995147,202.07974959983827,filled
2018-09-03,SZ300176,sell,2000,2000,33.16337858963013,66326.75717926025,19.898027153778074,66.32675717926026,filled
2018-09-03,SZ300554,sell,25500,25500,23.65456348800659,603191.3689441681,180.9574106832504,603.1913689441681,filled
2018-09-03,SZ300567,sell,1000,1000,48.112548671722415,48112.54867172241,14.433764601516723,48.112548671722415,filled
2018-09-03,SZ300601,sell,3700,3700,45.74052198028564,169239.93132705687,50.771979398117054,169.23993132705687,filled
2018-09-03,SZ300618,sell,300,300,89.04891584014892,26714.674752044677,8.014402425613403,26.714674752044676,filled
2018-09-03,SZ300630,sell,3200,3200,26.770771705627443,85666.46945800782,25.699940837402345,85.66646945800782,filled
2018-09-03,SZ300633,sell,11400,11400,30.249156675338746,344840.3860988617,103.4521158296585,344.8403860988617,filled
2018-09-03,SZ300673,sell,100,100,27.563810651779175,2756.3810651779177,5.0,2.756381065177918,filled
2018-09-03,SH600486,buy,13000,13000,50.56231829452514,657310.1378288268,197.19304134864802,0.0,filled
2018-09-03,SH600519,buy,1000,1000,629.7734924926757,629773.4924926757,188.93204774780267,0.0,filled
2018-09-03,SH600569,buy,173900,173900,3.8002310755252835,660860.1840338468,198.25805521015403,0.0,filled
2018-09-03,SH600585,buy,20200,20200,32.68018095016479,660139.6551933287,198.0418965579986,0.0,filled
2018-09-03,SH600763,buy,12200,12200,53.9142424621582,657753.75803833,197.326127411499,0.0,filled
2018-09-03,SH600779,buy,1600,1600,39.54732794952392,63275.72471923827,18.98271741577148,0.0,filled
2018-09-03,SH600801,buy,54300,54300,12.157797469139098,660168.402574253,198.0505207722759,0.0,filled
2018-09-03,SH601003,buy,5400,5400,6.70518529176712,36208.00057554245,10.862400172662735,0.0,filled
2018-09-03,SH603338,buy,25000,25000,26.349867092132566,658746.6773033142,197.62400319099424,0.0,filled
2018-09-03,SH603568,buy,46500,46500,14.190988029479978,659880.943370819,197.96428301124567,0.0,filled
2018-09-03,SH603638,buy,67500,67500,9.787055224418639,660626.2276482581,198.1878682944774,0.0,filled
2018-09-03,SH603799,buy,2100,2100,39.30594071578979,82542.47550315855,24.762742650947562,0.0,filled
2018-09-03,SZ000596,buy,8600,8600,76.23215422821045,655596.5263626098,196.67895790878293,0.0,filled
2018-09-03,SZ000661,buy,5700,5700,115.3929800338745,657739.9861930846,197.32199585792537,0.0,filled
2018-09-03,SZ000789,buy,80300,80300,8.228941011428832,660783.9632177352,198.23518896532053,0.0,filled
2018-09-03,SZ000932,buy,107800,107800,6.128600008964538,660663.0809663772,198.19892428991312,0.0,filled
2018-09-03,SZ002607,buy,99500,99500,6.643074808120727,660985.9434080124,198.2957830224037,0.0,filled
2018-09-03,SZ002761,buy,53600,53600,12.31976920032501,660339.6291374206,198.10188874122616,0.0,filled
2018-09-03,SZ300015,buy,46700,2700,14.145684248924255,38193.34747209549,11.458004241628647,0.0,partial_volume_or_cash
2018-10-08,SH600516,sell,64900,64900,9.883741161346435,641454.8013713837,192.4364404114151,641.4548013713837,filled
2018-10-08,SH600519,sell,100,100,689.6407846069336,68964.07846069336,20.689223538208005,68.96407846069336,filled
2018-10-08,SH601003,sell,98500,98500,6.092454627513885,600106.7808101177,180.0320342430353,600.1067808101177,filled
2018-10-08,SH603338,sell,100,100,26.448744506835936,2644.8744506835938,5.0,2.6448744506835937,filled
2018-10-08,SH603707,sell,67500,67500,10.17904549884796,687085.5711722374,206.1256713516712,687.0855711722375,filled
2018-10-08,SH603799,sell,16800,16800,39.180910789489744,658239.3012634277,197.4717903790283,658.2393012634277,filled
2018-10-08,SZ000596,sell,300,300,78.57217467498779,23571.652402496336,7.0714957207489,23.571652402496337,filled
2018-10-08,SZ002607,sell,5600,5600,7.01763116312027,39298.734513473515,11.789620354042054,39.29873451347352,filled
2018-10-08,SZ300122,sell,800,800,43.38016040039062,34704.1283203125,10.411238496093748,34.7041283203125,filled
2018-10-08,SZ300176,sell,1200,1200,35.309709571838376,42371.65148620605,12.711495445861814,42.37165148620605,filled
2018-10-08,SZ300630,sell,24600,24600,24.97731511116028,614441.9517345428,184.33258552036284,614.4419517345428,filled
2018-10-08,SH600309,buy,2800,2800,37.42424293518066,104787.88021850584,31.43636406555175,0.0,filled
2018-10-08,SH600486,buy,1900,1900,44.064371761322015,83722.30634651183,25.116691903953548,0.0,filled
2018-10-08,SH600569,buy,7000,7000,3.6503845517635343,25552.69186234474,7.6658075587034205,0.0,filled
2018-10-08,SH600585,buy,800,800,31.451971851348873,25161.577481079097,7.548473244323729,0.0,filled
2018-10-08,SH600763,buy,300,300,52.601919181823725,15780.575754547117,5.0,0.0,filled
2018-10-08,SH600779,buy,700,700,37.78641733932495,26450.492137527464,7.935147641258238,0.0,filled
2018-10-08,SH600801,buy,100,100,12.133623424530027,1213.3623424530026,5.0,0.0,filled
2018-10-08,SH603568,buy,5000,5000,12.805848589897154,64029.24294948577,19.20877288484573,0.0,filled
2018-10-08,SH603638,buy,4100,4100,9.226153047561645,37827.22749500275,11.348168248500825,0.0,filled
2018-10-08,SZ000736,buy,117500,117500,5.621086357116699,660477.6469612122,198.14329408836363,0.0,filled
2018-10-08,SZ000789,buy,5800,5800,7.668655046939849,44478.19927225112,13.343459781675335,0.0,filled
2018-10-08,SZ000830,buy,4400,4400,12.457239449501037,54811.85357780456,16.443556073341366,0.0,filled
2018-10-08,SZ000932,buy,15200,15200,5.370616792678833,81633.37524871826,24.490012574615477,0.0,filled
2018-10-08,SZ002755,buy,48700,48700,13.552029740333555,659983.8483542441,197.99515450627322,0.0,filled
2018-10-08,SZ002761,buy,900,900,12.104210381507873,10893.789343357086,5.0,0.0,filled
2018-10-08,SZ300015,buy,43500,43500,14.299342124938963,622021.3824348449,186.60641473045345,0.0,filled
2018-10-08,SZ300365,buy,42300,42300,15.614318316459654,660485.6647862433,198.14569943587298,0.0,filled
2018-10-08,SZ300567,buy,1700,1700,42.639543663024895,72487.22422714232,21.746167268142692,0.0,filled
2018-10-08,SZ300571,buy,12100,2800,54.39545515823364,152307.2744430542,45.69218233291625,0.0,partial_volume_or_cash
2018-10-08,SZ300595,buy,72100,500,9.163156191825866,4581.578095912933,5.0,0.0,partial_volume_or_cash
2018-11-01,SH600309,sell,17600,17600,26.03618217086792,458236.8062072754,137.4710418621826,458.23680620727544,filled
2018-11-01,SH600519,sell,900,900,535.0088281860352,481507.9453674317,144.4523836102295,481.50794536743166,filled
2018-11-01,SH600569,sell,180900,180900,3.3439934813976286,604928.420784831,181.4785262354493,604.928420784831,filled
2018-11-01,SH600585,sell,700,700,30.26089228820801,21182.624601745607,6.354787380523682,21.18262460174561,filled
2018-11-01,SH600779,sell,17400,17400,26.983369411468505,469510.627759552,140.85318832786558,469.510627759552,filled
2018-11-01,SH600801,sell,3400,3400,12.071983277320863,41044.74314289093,12.313422942867279,41.04474314289094,filled
2018-11-01,SH603338,sell,2000,2000,26.87560146331787,53751.20292663574,16.125360877990722,53.75120292663574,filled
2018-11-01,SH603568,sell,700,700,12.108648731231689,8476.054111862182,5.0,8.476054111862183,filled
2018-11-01,SZ000596,sell,8300,8300,54.0490386428833,448607.0207359314,134.58210622077942,448.6070207359314,filled
2018-11-01,SZ000661,sell,5700,5700,89.63038792419434,510893.21116790775,153.2679633503723,510.89321116790774,filled
2018-11-01,SZ000736,sell,117500,117500,5.669188475131988,666129.6458280087,199.83889374840257,666.1296458280086,filled
2018-11-01,SZ000789,sell,14000,14000,8.533622637748719,119470.71692848207,35.841215078544614,119.47071692848208,filled
2018-11-01,SZ000830,sell,53000,53000,10.199235554695129,540559.4843988419,162.16784531965254,540.5594843988418,filled
2018-11-01,SZ000932,sell,4700,4700,5.205415499210358,24465.45284628868,7.3396358538866036,24.46545284628868,filled
2018-11-01,SZ002755,sell,1600,1600,13.072284693717956,20915.65550994873,6.274696652984619,20.91565550994873,filled
2018-11-01,SZ002761,sell,7600,7600,13.106132952690125,99606.61044044494,29.88198313213348,99.60661044044494,filled
2018-11-01,SZ300176,sell,18600,18600,33.40340321731567,621303.2998420715,186.39098995262142,621.3032998420715,filled
2018-11-01,SZ300567,sell,15400,15400,35.65932374954224,549153.5857429504,164.7460757228851,549.1535857429504,filled
2018-11-01,SZ300595,sell,500,500,10.230302822113037,5115.151411056519,5.0,5.115151411056519,filled
2018-11-01,SZ300601,sell,14400,14400,36.650641010284424,527769.2305480957,158.3307691644287,527.7692305480957,filled
2018-11-01,SZ300618,sell,7400,7400,52.53548184585571,388762.56565933226,116.62876969779967,388.76256565933227,filled
2018-11-01,SH600346,buy,64900,64900,9.497613926887512,616395.1438549996,184.91854315649985,0.0,filled
2018-11-01,SH600426,buy,59200,59200,10.41758319377899,616720.9250717162,185.01627752151484,0.0,filled
2018-11-01,SH600486,buy,2000,2000,36.30234502792358,72604.69005584715,21.781407016754144,0.0,filled
2018-11-01,SH600641,buy,84500,84500,7.29626612329483,616534.487418413,184.9603462255239,0.0,filled
2018-11-01,SH600763,buy,400,400,47.81921767425536,19127.687069702144,5.738306120910643,0.0,filled
2018-11-01,SH601888,buy,11300,11300,54.553006961822504,616448.9786685943,184.93469360057827,0.0,filled
2018-11-01,SH603127,buy,38100,38100,16.17989817047119,616454.1202949524,184.9362360884857,0.0,filled
2018-11-01,SH603638,buy,2800,2800,8.291736440658568,23216.86203384399,6.965058610153196,0.0,filled
2018-11-01,SZ000672,buy,72900,72900,8.46278095626831,616936.7317119597,185.0810195135879,0.0,filled
2018-11-01,SZ001979,buy,36400,36400,16.936269020080566,616480.1923309326,184.94405769927977,0.0,filled
2018-11-01,SZ002258,buy,36500,36500,16.8675186214447,615664.4296827315,184.69932890481942,0.0,filled
2018-11-01,SZ002768,buy,24000,24000,25.64608288002014,615505.9891204833,184.65179673614497,0.0,filled
2018-11-01,SZ300015,buy,3600,3600,12.381889707565307,44574.802947235105,13.37244088417053,0.0,filled
2018-11-01,SZ300122,buy,2300,2300,35.30514062881469,81201.82344627379,24.360547033882135,0.0,filled
2018-11-01,SZ300132,buy,50700,50700,12.157912979125975,616406.1880416869,184.92185641250606,0.0,filled
2018-11-01,SZ300365,buy,3000,3000,13.612042428970335,40836.127286911,12.2508381860733,0.0,filled
2018-11-01,SZ300529,buy,27100,9000,22.726994680404662,204542.95212364197,61.36288563709258,0.0,partial_volume_or_cash
2018-12-03,SH600426,sell,59200,59200,9.636804545402526,570498.8290878296,171.14964872634886,570.4988290878296,filled
2018-12-03,SH600486,sell,16900,16900,39.16940573501587,661962.9569217683,198.58888707653045,661.9629569217683,filled
2018-12-03,SH600641,sell,84500,84500,7.832928521633148,661882.460078001,198.56473802340028,661.882460078001,filled
2018-12-03,SH600763,sell,400,400,50.231391757965085,20092.556703186034,6.0277670109558095,20.092556703186034,filled
2018-12-03,SH601888,sell,11300,11300,56.94830474853516,643515.8436584473,193.05475309753416,643.5158436584472,filled
2018-12-03,SH603127,sell,3000,3000,17.900422342300416,53701.26702690125,16.110380108070373,53.701267026901256,filled
2018-12-03,SH603338,sell,600,600,28.163481605529785,16898.08896331787,5.06942668899536,16.89808896331787,filled
2018-12-03,SH603568,sell,3100,3100,13.177853762626649,40851.34666414261,12.255403999242782,40.85134666414261,filled
2018-12-03,SH603638,sell,74400,74400,7.795740976810455,580003.1286746978,174.00093860240932,580.0031286746978,filled
2018-12-03,SZ002607,sell,93900,93900,7.79252030467987,731717.6566094399,219.51529698283196,731.7176566094399,filled
2018-12-03,SZ002755,sell,6500,6500,15.484525723457336,100649.41720247269,30.194825160741804,100.64941720247269,filled
2018-12-03,SZ002761,sell,12800,12800,18.42757410621643,235872.9485595703,70.76188456787108,235.87294855957032,filled
2018-12-03,SZ300015,sell,2000,2000,13.138093872070312,26276.187744140625,7.882856323242187,26.276187744140625,filled
2018-12-03,SZ300122,sell,2800,2800,43.07597575378418,120612.7321105957,36.18381963317871,120.6127321105957,filled
2018-12-03,SZ300132,sell,50700,50700,11.556211761474609,585899.9363067626,175.76998089202877,585.8999363067626,filled
2018-12-03,SZ300365,sell,900,900,14.143184615135192,12728.866153621673,5.0,12.728866153621674,filled
2018-12-03,SH600346,buy,2100,2100,9.397287298202514,19734.30332622528,5.920290997867583,0.0,filled
2018-12-03,SH600585,buy,1600,1600,28.703647506713864,45925.83601074218,13.777750803222654,0.0,filled
2018-12-03,SH600801,buy,4200,4200,11.416095433235167,47947.6008195877,14.384280245876308,0.0,filled
2018-12-03,SH603605,buy,14900,14900,42.21642962646484,629024.8014343261,188.70744043029782,0.0,filled
2018-12-03,SZ000672,buy,3400,3400,8.255712598800658,28069.422835922236,8.42082685077667,0.0,filled
2018-12-03,SZ000789,buy,6900,6900,7.972157060146331,55007.88371500968,16.502365114502904,0.0,filled
2018-12-03,SZ000813,buy,67300,67300,9.367499086380004,630432.6885133743,189.12980655401228,0.0,filled
2018-12-03,SZ001979,buy,1200,1200,16.753877796173093,20104.65335540771,6.0313960066223125,0.0,filled
2018-12-03,SZ002120,buy,36800,36800,17.093280504226684,629032.7225555419,188.70981676666256,0.0,filled
2018-12-03,SZ002127,buy,79900,79900,7.887324043750762,630197.1910956858,189.05915732870574,0.0,filled
2018-12-03,SZ002258,buy,8400,8400,14.02421261024475,117803.3859260559,35.341015777816764,0.0,filled
2018-12-03,SZ002768,buy,800,800,25.371266483306883,20297.013186645505,6.089103955993651,0.0,filled
2018-12-03,SZ002867,buy,50800,50800,12.386917733192442,629255.4208461761,188.7766262538528,0.0,filled
2018-12-03,SZ300529,buy,18200,18200,23.153001239776607,421384.62256393424,126.41538676918026,0.0,filled
2018-12-03,SZ300571,buy,13500,13500,38.46644849777221,519297.05471992487,155.78911641597745,0.0,filled
2018-12-03,SZ300595,buy,61000,59300,10.323992420196532,612212.7505176543,183.66382515529628,0.0,partial_volume_or_cash
2019-01-02,SH600346,sell,67000,67000,8.864690202713012,593934.2435817719,178.18027307453153,593.9342435817719,filled
2019-01-02,SH600763,sell,100,100,47.075912395477296,4707.59123954773,5.0,4.70759123954773,filled
2019-01-02,SH603127,sell,1000,1000,17.2100104637146,17210.0104637146,5.163003139114379,17.2100104637146,filled
2019-01-02,SH603338,sell,1600,1600,28.319360040664673,45310.97606506348,13.593292819519043,45.31097606506348,filled
2019-01-02,SH603568,sell,800,800,12.51602921962738,10012.823375701904,5.0,10.012823375701904,filled
2019-01-02,SH603605,sell,1500,1500,43.631728191375736,65447.592287063606,19.63427768611908,65.44759228706361,filled
2019-01-02,SZ000813,sell,700,700,8.821529099464417,6175.070369625092,5.0,6.175070369625092,filled
2019-01-02,SZ000932,sell,118300,118300,3.9651137495040896,469072.95656633377,140.7218869699001,469.0729565663338,filled
2019-01-02,SZ002120,sell,36800,36800,17.522546659469604,644829.7170684815,193.44891512054443,644.8297170684815,filled
2019-01-02,SZ002258,sell,44900,44900,12.997090264320374,583569.3528679848,175.0708058603954,583.5693528679848,filled
2019-01-02,SZ002755,sell,40600,40600,12.505799858093262,507735.47423858644,152.3206422715759,507.73547423858645,filled
2019-01-02,SZ002768,sell,24800,24800,21.560533058166502,534701.2198425293,160.41036595275878,534.7012198425293,filled
2019-01-02,SZ300365,sell,1700,1700,13.742379804611206,23362.04566783905,7.008613700351715,23.362045667839052,filled
2019-01-02,SZ300571,sell,2800,2800,43.261485706329346,121132.15997772217,36.339647993316646,121.13215997772217,filled
2019-01-02,SZ300595,sell,1600,1600,10.182403839111329,16291.846142578126,5.0,16.291846142578127,filled
2019-01-02,SH600585,buy,800,800,25.88649257469177,20709.194059753416,6.212758217926024,0.0,filled
2019-01-02,SH600801,buy,900,900,10.481842067718505,9433.657860946654,5.0,0.0,filled
2019-01-02,SH603260,buy,19400,19400,30.329023853301997,588383.0627540587,176.5149188262176,0.0,filled
2019-01-02,SZ000672,buy,1100,1100,7.607594176769256,8368.353594446182,5.0,0.0,filled
2019-01-02,SZ000789,buy,2900,2900,7.187338773727416,20843.282443809505,6.252984733142851,0.0,filled
2019-01-02,SZ001979,buy,1500,1500,15.026367710113524,22539.551565170284,6.7618654695510845,0.0,filled
2019-01-02,SZ002127,buy,500,500,7.31959532213211,3659.797661066055,5.0,0.0,filled
2019-01-02,SZ002602,buy,54300,54300,10.841707226753234,588704.7024127006,176.61141072381017,0.0,filled
2019-01-02,SZ002761,buy,25200,25200,9.922769912719726,250053.8018005371,75.01614054016112,0.0,filled
2019-01-02,SZ002867,buy,1000,1000,11.355126207351683,11355.126207351683,5.0,0.0,filled
2019-01-02,SZ002912,buy,12300,12300,47.736585075378414,587159.9964271545,176.14799892814634,0.0,filled
2019-01-02,SZ300015,buy,2200,2200,11.762562388420104,25877.63725452423,7.763291176357268,0.0,filled
2019-01-02,SZ300122,buy,800,800,38.08767502212524,30470.140017700192,9.141042005310057,0.0,filled
2019-01-02,SZ300132,buy,57700,57700,10.197718048095702,588408.331375122,176.52249941253658,0.0,filled
2019-01-02,SZ300450,buy,32600,32600,18.016335128784178,587332.5251983642,176.19975755950924,0.0,filled
2019-01-02,SZ300662,buy,22600,11300,25.995801298141476,293752.5546689987,88.1257664006996,0.0,partial_volume_or_cash
2019-01-02,SZ300715,buy,64700,100,9.100034279823301,910.0034279823301,5.0,0.0,partial_volume_or_cash
2019-02-01,SH600585,sell,400,400,28.726787212371825,11490.71488494873,5.0,11.49071488494873,filled
2019-02-01,SH600763,sell,100,100,51.85118071746826,5185.118071746826,5.0,5.185118071746826,filled
2019-02-01,SH603127,sell,300,300,18.94193083190918,5682.579249572754,5.0,5.682579249572754,filled
2019-02-01,SH603260,sell,19400,19400,32.56143444442749,631691.8282218933,189.50754846656798,631.6918282218933,filled
2019-02-01,SH603338,sell,600,600,31.828018661499023,19096.811196899413,5.7290433590698235,19.096811196899413,filled
2019-02-01,SZ000672,sell,77400,77400,7.924764122486114,613376.7430804252,184.01302292412754,613.3767430804252,filled
2019-02-01,SZ000789,sell,81900,81900,7.324655393600464,599889.276735878,179.9667830207634,599.889276735878,filled
2019-02-01,SZ000813,sell,66600,66600,8.264485725402832,550414.7493118286,165.12442479354857,550.4147493118287,filled
2019-02-01,SZ001979,sell,39100,39100,16.819888509750367,657657.6407312393,197.2972922193718,657.6576407312393,filled
2019-02-01,SZ002127,sell,9400,9400,9.02407846069336,84826.33753051759,25.447901259155273,84.82633753051759,filled
2019-02-01,SZ002761,sell,59300,59300,6.7208043780326845,398543.6996173382,119.56310988520144,398.5436996173382,filled
2019-02-01,SZ002867,sell,51800,51800,11.678788799285888,604961.259803009,181.4883779409027,604.9612598030089,filled
2019-02-01,SZ002912,sell,12300,12300,53.589457637786865,659150.3289447784,197.7450986834335,659.1503289447784,filled
2019-02-01,SZ300015,sell,50000,50000,12.253427018165588,612671.3509082794,183.8014052724838,612.6713509082795,filled
2019-02-01,SZ300715,sell,100,100,10.816394648551942,1081.639464855194,5.0,1.0816394648551941,filled
2019-02-01,SH600801,buy,1100,1100,11.224323080062865,12346.755388069152,5.0,0.0,filled
2019-02-01,SH603043,buy,33200,33200,19.36186800765991,642814.0178543091,192.8442053562927,0.0,filled
2019-02-01,SH603305,buy,26500,26500,24.19273240661621,641107.4087753295,192.3322226325988,0.0,filled
2019-02-01,SH603568,buy,10900,10900,11.110454098701476,121103.94967584609,36.331184902753826,0.0,filled
2019-02-01,SH603605,buy,1400,1400,43.39849964523315,60757.899503326415,18.227369850997924,0.0,filled
2019-02-01,SH603659,buy,19700,19700,32.5726096496582,641680.4100982664,192.50412302947993,0.0,filled
2019-02-01,SZ002120,buy,33700,33700,19.069721294403074,642649.6076213836,192.79488228641506,0.0,filled
2019-02-01,SZ002602,buy,10200,10200,9.955695032119749,101548.08932762143,30.46442679828643,0.0,filled
2019-02-01,SZ002755,buy,48400,48400,13.280575543403623,642779.8563007354,192.8339568902206,0.0,filled
2019-02-01,SZ300014,buy,69900,69900,9.191728207588195,642501.8017104148,192.75054051312443,0.0,filled
2019-02-01,SZ300073,buy,23800,23800,26.938926021575924,641146.4393135069,192.34393179405205,0.0,filled
2019-02-01,SZ300122,buy,3400,3400,34.04685692977905,115759.31356124875,34.72779406837462,0.0,filled
2019-02-01,SZ300132,buy,3500,3500,10.501939850807188,36756.78947782516,11.027036843347545,0.0,filled
2019-02-01,SZ300365,buy,2600,2600,14.164911411285399,36828.76966934204,11.04863090080261,0.0,filled
2019-02-01,SZ300450,buy,2300,2300,18.366819158554076,42243.68406467437,12.673105219402311,0.0,filled
2019-02-01,SZ300529,buy,4100,4100,20.47296143531799,83939.14188480376,25.181742565441127,0.0,filled
2019-02-01,SZ300571,buy,3400,3400,37.94514906311035,129013.50681457519,38.70405204437255,0.0,filled
2019-02-01,SZ300595,buy,6500,6500,10.005862642288207,65038.107174873345,19.511432152462003,0.0,filled
2019-02-01,SZ300662,buy,12000,5300,27.51405501937866,145824.4916027069,43.74734748081207,0.0,partial_volume_or_cash
2019-03-01,SH600585,sell,22300,22300,31.467800703048706,701731.9556779861,210.51958670339582,701.7319556779862,filled
2019-03-01,SH603305,sell,2400,2400,33.29201111984253,79900.82668762206,23.970248006286617,79.90082668762206,filled
2019-03-01,SH603659,sell,19700,19700,35.209441440582275,693625.9963794708,208.08779891384123,693.6259963794708,filled
2019-03-01,SZ002602,sell,64500,64500,10.679539186477662,688830.2775278091,206.64908325834273,688.8302775278091,filled
2019-03-01,SZ300122,sell,700,700,44.17398629379272,30921.790405654905,9.276537121696471,30.921790405654907,filled
2019-03-01,SZ300132,sell,4700,4700,14.17972240447998,66644.69530105591,19.993408590316772,66.6446953010559,filled
2019-03-01,SZ300571,sell,1500,1500,51.98491220855713,77977.3683128357,23.393210493850706,77.9773683128357,filled
2019-03-01,SZ300595,sell,300,300,12.538197123527526,3761.459137058258,5.0,3.761459137058258,filled
2019-03-01,SH600763,buy,1300,1300,59.109805301666256,76842.74689216613,23.052824067649837,0.0,filled
2019-03-01,SH600801,buy,10700,10700,11.829847433090208,126579.36753406523,37.973810260219565,0.0,filled
2019-03-01,SH603043,buy,3300,3300,22.013503810882565,72644.56257591247,21.79336877277374,0.0,filled
2019-03-01,SH603127,buy,1000,1000,23.078330238342282,23078.33023834228,6.923499071502684,0.0,filled
2019-03-01,SH603338,buy,2600,2600,35.26745191574096,91695.3749809265,27.508612494277948,0.0,filled
2019-03-01,SH603568,buy,1300,1300,13.597992214202879,17677.389878463742,5.303216963539122,0.0,filled
2019-03-01,SH603605,buy,1100,1100,50.3058784866333,55336.46633529662,16.600939900588987,0.0,filled
2019-03-01,SH603638,buy,90300,90300,8.898368162155151,803522.6450426101,241.056793512783,0.0,filled
2019-03-01,SZ002120,buy,5000,5000,20.77326258087158,103866.31290435791,31.15989387130737,0.0,filled
2019-03-01,SZ002127,buy,5300,5300,10.5289806432724,55803.59740934372,16.741079222803116,0.0,filled
2019-03-01,SZ002755,buy,1300,1300,16.17576654052734,21028.496502685543,6.308548950805662,0.0,filled
2019-03-01,SZ002912,buy,13100,13100,61.19317397308349,801630.5790473938,240.4891737142181,0.0,filled
2019-03-01,SZ300014,buy,5300,5300,10.678142221450804,56594.15377368926,16.978246132106776,0.0,filled
2019-03-01,SZ300073,buy,2000,1100,31.06615513038635,34172.770643424985,10.251831193027494,0.0,partial_volume_or_cash
2019-04-01,SH600763,sell,400,400,70.03060729980469,28012.242919921875,8.403672875976563,28.012242919921874,filled
2019-04-01,SH600801,sell,4900,4900,14.69696015739441,72015.10477123261,21.604531431369782,72.01510477123261,filled
2019-04-01,SH603043,sell,36500,36500,20.779111587524415,758437.5729446411,227.53127188339232,758.4375729446411,filled
2019-04-01,SH603127,sell,34800,34800,25.99652993774414,904679.241833496,271.40377255004876,904.679241833496,filled
2019-04-01,SH603305,sell,24100,24100,30.499377319335938,735034.9933959962,220.51049801879884,735.0349933959961,filled
2019-04-01,SH603338,sell,500,500,41.71382151031494,20856.91075515747,6.257073226547241,20.85691075515747,filled
2019-04-01,SH603605,sell,15900,15900,68.27363800048828,1085550.8442077637,325.6652532623291,1085.5508442077637,filled
2019-04-01,SH603638,sell,90300,90300,9.747590712547302,880207.4413430213,264.0622324029064,880.2074413430214,filled
2019-04-01,SZ002120,sell,38700,38700,22.281214776992798,862283.0118696212,258.68490356088637,862.2830118696213,filled
2019-04-01,SZ002127,sell,76300,76300,11.210929604530335,855393.9288256646,256.6181786476993,855.3939288256646,filled
2019-04-01,SZ300014,sell,5100,5100,13.20986231803894,67370.2978219986,20.21108934659958,67.37029782199859,filled
2019-04-01,SZ300073,sell,24900,24900,27.289939670562745,679519.4977970123,203.85584933910368,679.5194977970124,filled
2019-04-01,SZ300122,sell,100,100,51.44604579162598,5144.6045791625975,5.0,5.144604579162597,filled
2019-04-01,SZ300132,sell,56500,56500,15.04245000743866,849898.4254202843,254.96952762608527,849.8984254202843,filled
2019-04-01,SZ300365,sell,45300,45300,17.069655658721924,773255.4013401031,231.97662040203093,773.2554013401032,filled
2019-04-01,SZ300450,sell,34900,34900,23.211999979019165,810098.7992677689,243.02963978033063,810.0987992677689,filled
2019-04-01,SZ300529,sell,31300,31300,31.90050164794922,998485.7015808106,299.54571047424315,998.4857015808107,filled
2019-04-01,SZ300595,sell,3400,3400,15.316240007400513,52075.216025161746,15.622564807548523,52.075216025161744,filled
2019-04-01,SZ300662,sell,16600,16600,40.08852201461792,665469.4654426575,199.64083963279722,665.4694654426575,filled
2019-04-01,SH600585,buy,27000,27000,34.36839472961425,927946.6576995848,278.38399730987544,0.0,filled
2019-04-01,SH600675,buy,187800,187800,4.943748681545257,928436.0023941993,278.53080071825974,0.0,filled
2019-04-01,SH603568,buy,8700,8700,13.695804352760314,119153.49786901474,35.74604936070442,0.0,filled
2019-04-01,SZ000708,buy,137000,137000,6.774760966300963,928142.252383232,278.4426757149696,0.0,filled
2019-04-01,SZ000720,buy,166200,166200,5.586177043437957,928422.6246193885,278.52678738581653,0.0,filled
2019-04-01,SZ002007,buy,41300,41300,22.474570037841794,928199.7425628661,278.45992276885977,0.0,filled
2019-04-01,SZ002299,buy,41800,41800,22.169566394805905,926687.8753028868,278.00636259086605,0.0,filled
2019-04-01,SZ002755,buy,8700,8700,15.89164347553253,138257.298237133,41.4771894711399,0.0,filled
2019-04-01,SZ300107,buy,86800,86800,10.687385884284971,927665.0947559355,278.2995284267806,0.0,filled
2019-04-01,SZ300423,buy,58000,58000,15.99350514602661,927623.2984695433,278.286989540863,0.0,filled
2019-04-01,SZ300487,buy,26600,26600,34.87753984069824,927742.5597625732,278.32276792877195,0.0,filled
2019-04-01,SZ300525,buy,72400,72400,12.819266840934752,928114.9192836761,278.4344757851028,0.0,filled
2019-04-01,SZ300559,buy,56100,56100,16.537939035415647,927778.3798868178,278.3335139660453,0.0,filled
2019-04-01,SZ300571,buy,200,200,59.25476365280151,11850.952730560302,5.0,0.0,filled
2019-04-01,SZ300684,buy,40000,26300,23.16720419502258,609297.4703290939,182.78924109872816,0.0,partial_volume_or_cash
2019-05-06,SH600585,sell,27000,27000,34.05199256515503,919403.7992591859,275.8211397777558,919.4037992591859,filled
2019-05-06,SH600675,sell,187800,187800,4.687215022087097,880258.9811479568,264.077694344387,880.2589811479568,filled
2019-05-06,SH600763,sell,2500,2500,73.92897248840332,184822.4312210083,55.446729366302485,184.82243122100832,filled
2019-05-06,SH600801,sell,13400,13400,15.999519819259644,214393.56557807923,64.31806967342376,214.39356557807923,filled
2019-05-06,SH603338,sell,22200,22200,36.45384703445435,809275.4041648866,242.78262124946596,809.2754041648866,filled
2019-05-06,SH603568,sell,67800,67800,14.600724892616272,989929.1477193832,296.97874431581494,989.9291477193833,filled
2019-05-06,SZ000708,sell,16700,16700,6.599191969871521,110206.5058968544,33.06195176905632,110.20650589685441,filled
2019-05-06,SZ000720,sell,166200,166200,5.495375073909759,913331.337283802,273.9994011851406,913.331337283802,filled
2019-05-06,SZ002007,sell,41300,41300,20.6174310836792,851499.903755951,255.44997112678527,851.499903755951,filled
2019-05-06,SZ002299,sell,7400,7400,23.086292301177977,170838.56302871704,51.251568908615106,170.83856302871703,filled
2019-05-06,SZ002755,sell,58400,58400,13.717766266822816,801117.5499824524,240.3352649947357,801.1175499824525,filled
2019-05-06,SZ002912,sell,13100,13100,58.02082810592651,760072.8481876373,228.02185445629115,760.0728481876373,filled
2019-05-06,SZ300014,sell,9400,9400,13.073478452682496,122890.69745521546,36.867209236564634,122.89069745521546,filled
2019-05-06,SZ300107,sell,86800,86800,10.162571053504944,882111.1674442291,264.6333502332687,882.1111674442292,filled
2019-05-06,SZ300423,sell,58000,58000,13.884746755599975,805315.3118247986,241.59459354743956,805.3153118247986,filled
2019-05-06,SZ300487,sell,26600,26600,31.684266454696655,842801.487694931,252.84044630847927,842.801487694931,filled
2019-05-06,SZ300525,sell,72400,72400,10.921922750473023,790747.2071342468,237.22416214027402,790.7472071342469,filled
2019-05-06,SZ300559,sell,200,200,14.206826354026795,2841.365270805359,5.0,2.841365270805359,filled
2019-05-06,SZ300571,sell,15600,15600,42.05850821685791,656112.7281829834,196.83381845489498,656.1127281829833,filled
2019-05-06,SZ300595,sell,5600,5600,14.456665909767151,80957.32909469605,24.28719872840881,80.95732909469605,filled
2019-05-06,SZ300684,sell,26300,26300,17.844044145584107,469298.361028862,140.78950830865858,469.298361028862,filled
2019-05-06,SH600031,buy,71500,71500,11.127399700164794,795609.0785617828,238.68272356853484,0.0,filled
2019-05-06,SH600332,buy,19000,19000,41.776307937622065,793749.8508148192,238.12495524444574,0.0,filled
2019-05-06,SH600486,buy,15100,15100,52.64220830154419,794897.3453533172,238.46920360599515,0.0,filled
2019-05-06,SH600738,buy,102200,102200,7.780535060882568,795170.6832221984,238.5512049666595,0.0,filled
2019-05-06,SH600810,buy,78800,78800,10.09956606197357,795845.8056835174,238.75374170505518,0.0,filled
2019-05-06,SH601100,buy,44100,44100,18.008472812652585,794173.6510379789,238.25209531139367,0.0,filled
2019-05-06,SH601888,buy,10700,10700,74.04418505859374,792272.780126953,237.6818340380859,0.0,filled
2019-05-06,SZ000596,buy,7200,7200,110.31554286193847,794271.9086059569,238.28157258178706,0.0,filled
2019-05-06,SZ000661,buy,5400,5400,147.29468476867675,795391.2977508544,238.6173893252563,0.0,filled
2019-05-06,SZ000785,buy,83500,83500,9.531023042678832,795840.4240636824,238.75212721910472,0.0,filled
2019-05-06,SZ002458,buy,56500,56500,14.064517958641051,794645.2646632195,238.3935793989658,0.0,filled
2019-05-06,SZ002746,buy,68100,68100,11.683955455780028,795677.3665386199,238.70320996158594,0.0,filled
2019-05-06,SZ300122,buy,1300,1300,41.087753860473626,53414.080018615714,16.024224005584713,0.0,filled
2019-05-06,SZ300142,buy,30500,30500,26.0681678276062,795079.1187419891,238.52373562259672,0.0,filled
2019-05-06,SZ300529,buy,26400,26400,30.093618318557738,794471.5236099242,238.34145708297726,0.0,filled
2019-05-06,SZ300575,buy,35800,35800,22.188084268569945,794333.4168148041,238.3000250444412,0.0,filled
2019-05-06,SZ300630,buy,26700,8900,29.758519073486326,264850.8197540283,79.45524592620848,0.0,partial_volume_or_cash
2019-06-03,SH600332,sell,19000,19000,36.76341645812988,698504.9127044678,209.55147381134032,698.5049127044678,filled
2019-06-03,SH600486,sell,15100,15100,48.65600339126587,734705.6512081146,220.41169536243436,734.7056512081145,filled
2019-06-03,SH600763,sell,600,600,80.33784040832519,48202.70424499512,14.460811273498534,48.20270424499512,filled
2019-06-03,SH600810,sell,78800,78800,8.474638750076293,667801.5335060119,200.34046005180357,667.801533506012,filled
2019-06-03,SH601100,sell,3000,3000,19.872127252578736,59616.381757736206,17.88491452732086,59.61638175773621,filled
2019-06-03,SZ000661,sell,200,200,156.85598748779296,31371.19749755859,9.411359249267576,31.37119749755859,filled
2019-06-03,SZ000708,sell,2400,2400,6.927368504047394,16625.684409713744,5.0,16.625684409713745,filled
2019-06-03,SZ000785,sell,83500,83500,9.641746307373047,805085.8166656494,241.5257449996948,805.0858166656494,filled
2019-06-03,SZ002299,sell,1000,1000,24.459644823074342,24459.64482307434,7.337893446922301,24.459644823074342,filled
2019-06-03,SZ300122,sell,19300,19300,39.840753673553465,768926.5458995819,230.67796376987454,768.9265458995819,filled
2019-06-03,SZ300142,sell,30500,30500,23.72345471763611,723565.3688879013,217.06961066637038,723.5653688879013,filled
2019-06-03,SZ300529,sell,100,100,31.02754087257385,3102.754087257385,5.0,3.102754087257385,filled
2019-06-03,SZ300595,sell,6100,6100,16.723044456481933,102010.57118453979,30.603171355361933,102.01057118453978,filled
2019-06-03,SZ300630,sell,8900,8900,30.938747308731077,275354.8510477066,82.60645531431197,275.35485104770663,filled
2019-06-03,SH600031,buy,200,200,11.419839484214782,2283.967896842956,5.0,0.0,filled
2019-06-03,SH600675,buy,185200,185200,4.419558156013489,818502.1704936981,245.5506511481094,0.0,filled
2019-06-03,SH600732,buy,108200,108200,7.561877996921538,818195.1992669104,245.4585597800731,0.0,filled
2019-06-03,SH600738,buy,4200,4200,7.696672901153564,32326.026184844966,9.697807855453489,0.0,filled
2019-06-03,SZ000596,buy,600,600,104.04387371063231,62426.32422637939,18.727897267913814,0.0,filled
2019-06-03,SZ000672,buy,74100,74100,11.045633903503417,818481.4722496031,245.54444167488091,0.0,filled
2019-06-03,SZ000922,buy,102000,102000,8.026367997169494,818689.5357112885,245.6068607133865,0.0,filled
2019-06-03,SZ002458,buy,10300,10300,12.25000594139099,126175.0611963272,37.85251835889815,0.0,filled
2019-06-03,SZ002746,buy,7000,7000,10.89724843788147,76280.73906517029,22.884221719551086,0.0,filled
2019-06-03,SZ300014,buy,2200,2200,12.999578885078428,28599.073547172542,8.579722064151762,0.0,filled
2019-06-03,SZ300559,buy,2000,2000,14.129140545845031,28258.281091690063,8.477484327507018,0.0,filled
2019-06-03,SZ300572,buy,19000,19000,42.9333819770813,815734.2575645447,244.72027726936338,0.0,filled
2019-06-03,SZ300575,buy,10600,10600,17.626186305999752,186837.57484359737,56.05127245307921,0.0,filled
2019-06-03,SZ300662,buy,24000,9300,34.05212647628784,316684.7762294769,95.00543286884306,0.0,partial_volume_or_cash
2019-07-01,SH600031,sell,5900,5900,12.516967649459838,73850.10913181305,22.155032739543913,73.85010913181306,filled
2019-07-01,SH600675,sell,15600,15600,4.856331034183502,75758.76413326264,22.72762923997879,75.75876413326264,filled
2019-07-01,SH600732,sell,108200,108200,6.841923753261566,740296.1501029015,222.08884503087043,740.2961501029015,filled
2019-07-01,SH600763,sell,1000,1000,89.79011725616455,89790.11725616455,26.937035176849363,89.79011725616455,filled
2019-07-01,SH600801,sell,5500,5500,18.664443323135377,102654.43827724457,30.79633148317337,102.65443827724457,filled
2019-07-01,SH601100,sell,2300,2300,21.1951342048645,48748.80867118835,14.624642601356504,48.74880867118835,filled
2019-07-01,SH601888,sell,10700,10700,88.85514770507812,950750.0804443359,285.22502413330074,950.7500804443359,filled
2019-07-01,SZ000596,sell,7800,7800,118.67931285095214,925698.6402374267,277.709592071228,925.6986402374267,filled
2019-07-01,SZ000661,sell,400,400,170.80480851745605,68321.92340698242,20.496577022094723,68.32192340698242,filled
2019-07-01,SZ000672,sell,3500,3500,11.654593505859374,40791.07727050781,12.237323181152343,40.79107727050781,filled
2019-07-01,SZ000708,sell,1600,1600,7.081973151683807,11331.157042694093,5.0,11.331157042694093,filled
2019-07-01,SZ000922,sell,3700,3700,8.374359186172486,30985.128988838198,9.295538696651459,30.9851289888382,filled
2019-07-01,SZ300014,sell,12600,12600,16.35495512008667,206072.43451309207,61.82173035392761,206.07243451309208,filled
2019-07-01,SZ300529,sell,1300,1300,32.89692549133301,42766.00313873291,12.82980094161987,42.766003138732906,filled
2019-07-01,SZ300559,sell,6500,6500,16.006888160705568,104044.7730445862,31.213431913375857,104.0447730445862,filled
2019-07-01,SZ300572,sell,2000,2000,48.173073108673094,96346.14621734619,28.903843865203854,96.34614621734619,filled
2019-07-01,SZ300575,sell,46400,46400,19.11951986503601,887145.721737671,266.14371652130126,887.145721737671,filled
2019-07-01,SH600131,buy,58300,58300,14.142449014663695,824504.7775548934,247.351433266468,0.0,filled
2019-07-01,SH600738,buy,12200,12200,6.955643400669097,84858.84948816299,25.457654846448893,0.0,filled
2019-07-01,SH603444,buy,4000,4000,205.860669052124,823442.676208496,247.03280286254878,0.0,filled
2019-07-01,SH603806,buy,37900,37900,21.7552960319519,824525.719610977,247.35771588329308,0.0,filled
2019-07-01,SZ002064,buy,166400,166400,4.958389811038971,825076.0645568847,247.52281936706538,0.0,filled
2019-07-01,SZ002299,buy,1900,1900,23.318757116317748,44305.63852100372,13.291691556301114,0.0,filled
2019-07-01,SZ002458,buy,7800,7800,11.049739758491516,86187.97011623382,25.856391034870143,0.0,filled
2019-07-01,SZ002746,buy,8200,8200,9.905556060791014,81225.55969848631,24.36766790954589,0.0,filled
2019-07-01,SZ300285,buy,47600,47600,17.309799678802488,823946.4647109985,247.18393941329953,0.0,filled
2019-07-01,SZ300595,buy,400,400,16.756560300827026,6702.62412033081,5.0,0.0,filled
2019-07-01,SZ300662,buy,13900,1800,35.49658172607421,63893.84710693358,19.168154132080073,0.0,partial_volume_or_cash
2019-08-01,SH600738,sell,118600,118600,5.777086469650269,685162.4553005218,205.54873659015652,685.1624553005219,filled
2019-08-01,SH603806,sell,37900,37900,23.08035304069519,874745.3802423477,262.4236140727043,874.7453802423478,filled
2019-08-01,SZ000922,sell,98300,98300,7.236444894790649,711342.5331579208,213.40275994737624,711.3425331579208,filled
2019-08-01,SZ002458,sell,9700,9700,14.537773876190185,141016.4065990448,42.304921979713434,141.0164065990448,filled
2019-08-01,SZ300285,sell,47600,47600,19.034792512893677,906056.123613739,271.8168370841217,906.056123613739,filled
2019-08-01,SZ300529,sell,25000,25000,30.6122004032135,765305.0100803375,229.59150302410123,765.3050100803375,filled
2019-08-01,SZ300559,sell,51400,51400,13.596703102111816,698870.5394485473,209.66116183456418,698.8705394485473,filled
2019-08-01,SH600031,buy,3800,3800,13.587692732810973,51633.2323846817,15.48996971540451,0.0,filled
2019-08-01,SH600131,buy,4000,4000,15.1743799161911,60697.5196647644,18.20925589942932,0.0,filled
2019-08-01,SH600675,buy,27400,27400,4.801453742504119,131559.83254461287,39.46794976338386,0.0,filled
2019-08-01,SH600763,buy,2200,2200,83.68354501342772,184103.79902954097,55.23113970886229,0.0,filled
2019-08-01,SH600801,buy,10800,10800,17.209493097305295,185862.52545089717,55.75875763526915,0.0,filled
2019-08-01,SH601100,buy,7700,7700,20.314857856750486,156424.40549697872,46.927321649093614,0.0,filled
2019-08-01,SH603444,buy,300,300,215.25074127197263,64575.22238159179,19.372566714477536,0.0,filled
2019-08-01,SZ000661,buy,900,900,165.93675181579587,149343.0766342163,44.80292299026488,0.0,filled
2019-08-01,SZ000672,buy,10000,10000,11.72546363544464,117254.63635444641,35.17639090633392,0.0,filled
2019-08-01,SZ000708,buy,14300,14300,7.2446379323005665,103598.32243189811,31.07949672956943,0.0,filled
2019-08-01,SZ000785,buy,101100,101100,9.355532824516295,945844.3685585975,283.7533105675792,0.0,filled
2019-08-01,SZ002064,buy,5400,5400,5.50628613615036,29733.945135211943,8.920183540563583,0.0,filled
2019-08-01,SZ002299,buy,1900,1900,25.406730913162228,48272.78873500823,14.481836620502468,0.0,filled
2019-08-01,SZ002746,buy,3800,3800,10.85871678829193,41263.12379550934,12.3789371386528,0.0,filled
2019-08-01,SZ300014,buy,7200,7200,16.43993883514404,118367.5596130371,35.510267883911126,0.0,filled
2019-08-01,SZ300080,buy,153200,153200,6.175624029159545,946105.6012672423,283.83168038017266,0.0,filled
2019-08-01,SZ300142,buy,34600,34600,27.326518350601194,945497.5349308014,283.6492604792404,0.0,filled
2019-08-01,SZ300572,buy,2500,2500,48.36083159255981,120902.07898139954,36.27062369441986,0.0,filled
2019-08-01,SZ300595,buy,4900,4900,17.465564418792724,85581.26565208434,25.6743796956253,0.0,filled
2019-08-01,SZ300662,buy,18000,8900,32.41927730178833,288531.5679859161,86.55947039577482,0.0,partial_volume_or_cash
2019-09-02,SH600131,sell,2800,2800,16.2448549118042,45485.59375305176,13.645678125915527,45.485593753051766,filled
2019-09-02,SH600675,sell,197000,197000,4.294220139026642,845961.3673882484,253.78841021647452,845.9613673882485,filled
2019-09-02,SH600763,sell,11300,11300,98.8880277557373,1117434.7136398314,335.2304140919494,1117.4347136398314,filled
2019-09-02,SH600801,sell,54900,54900,16.858729024887086,925544.2234663011,277.6632670398903,925.5442234663011,filled
2019-09-02,SH601100,sell,46500,46500,22.241438690185547,1034226.8990936279,310.26806972808834,1034.226899093628,filled
2019-09-02,SH603444,sell,600,600,259.59725958251954,155758.3557495117,46.72750672485351,155.7583557495117,filled
2019-09-02,SZ000661,sell,5700,5700,174.76785200500487,996176.7564285278,298.8530269285583,996.1767564285278,filled
2019-09-02,SZ000672,sell,80600,80600,11.274302676200866,908708.7957017898,272.6126387105369,908.7087957017898,filled
2019-09-02,SZ000708,sell,9500,9500,7.980493040084839,75814.68388080597,22.74440516424179,75.81468388080597,filled
2019-09-02,SZ000785,sell,2600,2600,9.80772929763794,25500.09617385864,7.650028852157591,25.50009617385864,filled
2019-09-02,SZ300014,sell,9000,9000,19.919275491714476,179273.4794254303,53.78204382762908,179.2734794254303,filled
2019-09-02,SZ300142,sell,34600,34600,27.27224955368042,943619.8345573426,283.08595036720277,943.6198345573426,filled
2019-09-02,SZ300595,sell,6200,6200,20.17268203353882,125070.62860794069,37.5211885823822,125.07062860794069,filled
2019-09-02,SZ300662,sell,20000,20000,30.270246099472047,605404.9219894409,181.62147659683225,605.4049219894409,filled
2019-09-02,SH600025,buy,226500,226500,4.276715260505676,968676.0065045356,290.6028019513606,0.0,filled
2019-09-02,SH600031,buy,4900,4900,12.991542826652525,63658.559850597376,19.097567955179212,0.0,filled
2019-09-02,SH601012,buy,49500,49500,19.570318666458128,968730.7739896773,290.61923219690317,0.0,filled
2019-09-02,SH601888,buy,10100,10100,95.42094054412841,963751.499495697,289.1254498487091,0.0,filled
2019-09-02,SH603127,buy,31500,31500,30.719609895706174,967667.7117147445,290.3003135144233,0.0,filled
2019-09-02,SH603360,buy,44100,44100,21.935816184997556,967369.4937583922,290.21084812751764,0.0,filled
2019-09-02,SH603505,buy,66000,66000,14.677122787475584,968690.1039733886,290.60703119201656,0.0,filled
2019-09-02,SZ002064,buy,22500,22500,4.98597187757492,112184.36724543571,33.65531017363071,0.0,filled
2019-09-02,SZ002234,buy,28700,28700,33.71023218917846,967483.6638294219,290.2450991488265,0.0,filled
2019-09-02,SZ002299,buy,1700,1700,24.877918556213377,42292.46154556274,12.687738463668822,0.0,filled
2019-09-02,SZ002458,buy,3900,3900,14.06355282974243,54847.85603599548,16.454356810798643,0.0,filled
2019-09-02,SZ002607,buy,63500,60800,15.245373690605161,926918.7203887939,278.0756161166381,0.0,partial_volume_or_cash
2019-10-08,SH600025,sell,226500,226500,3.9486181061267853,894362.0010377169,268.30860031131505,894.3620010377169,filled
2019-10-08,SH600131,sell,3900,3900,18.305349575042726,71390.86334266663,21.417259002799987,71.39086334266663,filled
2019-10-08,SH601012,sell,49500,49500,18.197183389663696,900760.577788353,270.22817333650585,900.760577788353,filled
2019-10-08,SH601888,sell,10100,10100,93.00845331573487,939385.3784889221,281.8156135466766,939.3853784889221,filled
2019-10-08,SH603127,sell,2000,2000,34.42382418823242,68847.64837646484,20.65429451293945,68.84764837646485,filled
2019-10-08,SZ000708,sell,6600,6600,8.885551926612854,58644.64271564483,17.59339281469345,58.644642715644835,filled
2019-10-08,SZ002064,sell,194300,194300,4.888093787670136,949756.6229443074,284.9269868832922,949.7566229443074,filled
2019-10-08,SZ300014,sell,48500,48500,15.930224636077881,772615.8948497772,231.78476845493316,772.6158948497772,filled
2019-10-08,SZ300080,sell,153200,153200,5.8420643992424015,895004.2659639359,268.5012797891807,895.004265963936,filled
2019-10-08,SZ300595,sell,4800,4800,23.602895542144775,113293.89860229492,33.98816958068848,113.29389860229493,filled
2019-10-08,SH600763,buy,9900,9900,102.60108715057372,1015750.7627906798,304.72522883720393,0.0,filled
2019-10-08,SH603360,buy,4200,4200,21.09988091087341,88619.49982566832,26.585849947700492,0.0,filled
2019-10-08,SH603444,buy,200,200,261.5743929138183,52314.87858276366,15.694463574829097,0.0,filled
2019-10-08,SH603505,buy,700,700,15.279375630378722,10695.562941265105,5.0,0.0,filled
2019-10-08,SH603737,buy,31600,31600,32.18310997390747,1016986.2751754761,305.0958825526428,0.0,filled
2019-10-08,SZ000656,buy,173700,173700,5.871765939712524,1019925.7437280654,305.9777231184196,0.0,filled
2019-10-08,SZ000672,buy,80800,80800,12.618889471054075,1019606.2692611692,305.88188077835076,0.0,filled
2019-10-08,SZ000785,buy,1300,1300,10.21992269515991,13285.899503707884,5.0,0.0,filled
2019-10-08,SZ002120,buy,38900,38900,26.224791732788084,1020144.3984054564,306.04331952163693,0.0,filled
2019-10-08,SZ002234,buy,5200,5200,30.072878070831294,156378.96596832274,46.91368979049682,0.0,filled
2019-10-08,SZ002299,buy,5700,5700,22.866595659255978,130339.59525775908,39.10187857732772,0.0,filled
2019-10-08,SZ002458,buy,9200,8400,13.078653585433958,109860.69011764525,32.958207035293576,0.0,partial_volume_or_cash
2019-10-08,SZ002746,buy,15000,100,9.988660245895385,998.8660245895385,5.0,0.0,partial_volume_or_cash
2019-11-01,SH600031,sell,74500,74500,12.927193914413452,963075.9466238022,288.92278398714063,963.0759466238022,filled
2019-11-01,SH600763,sell,9900,9900,99.29859700012207,983056.1103012086,294.91683309036256,983.0561103012086,filled
2019-11-01,SH603127,sell,29500,29500,31.455529661178588,927938.1250047684,278.38143750143047,927.9381250047684,filled
2019-11-01,SH603360,sell,2700,2700,22.538649421691893,60854.35343856811,18.256306031570432,60.85435343856811,filled
2019-11-01,SH603444,sell,3900,3900,259.4926584777832,1012021.3680633545,303.60641041900635,1012.0213680633545,filled
2019-11-01,SH603505,sell,66700,66700,14.049912311553955,937129.1511806488,281.1387453541946,937.1291511806488,filled
2019-11-01,SH603737,sell,3900,3900,37.07908710479737,144608.43970870972,43.38253191261291,144.6084397087097,filled
2019-11-01,SZ000656,sell,173700,173700,6.0176227083206175,1045261.0644352912,313.57831933058736,1045.2610644352912,filled
2019-11-01,SZ000672,sell,80800,80800,13.578410865783692,1097135.5979553224,329.1406793865967,1097.1355979553223,filled
2019-11-01,SZ000708,sell,114500,114500,11.044092023849487,1264548.5367307663,379.3645610192299,1264.5485367307663,filled
2019-11-01,SZ000785,sell,99800,99800,9.514156053543092,949512.7741436005,284.85383224308015,949.5127741436005,filled
2019-11-01,SZ002120,sell,38900,38900,24.917432807922363,969288.1362281799,290.78644086845395,969.28813622818,filled
2019-11-01,SZ002234,sell,4800,4800,35.255991371154785,169228.75858154296,50.76862757446288,169.22875858154296,filled
2019-11-01,SZ002299,sell,44600,44600,24.984721561431886,1114318.5816398622,334.29557449195863,1114.3185816398623,filled
2019-11-01,SZ002458,sell,20800,20800,18.198536252975465,378529.5540618897,113.5588662185669,378.5295540618897,filled
2019-11-01,SZ002607,sell,9000,9000,19.811330337524414,178301.97303771973,53.49059191131591,178.30197303771973,filled
2019-11-01,SZ002746,sell,87200,87200,11.399126229286194,994003.8071937561,298.2011421581268,994.0038071937561,filled
2019-11-01,SZ300595,sell,900,900,24.338205333709716,21904.384800338743,6.571315440101622,21.904384800338743,filled
2019-11-01,SH600570,buy,24700,24700,41.55648384094238,1026445.1508712767,307.933545261383,0.0,filled
2019-11-01,SH600809,buy,16100,16100,63.679418567657464,1025238.6389392852,307.57159168178555,0.0,filled
2019-11-01,SH601012,buy,63800,63800,16.119972352981566,1028454.2361202239,308.53627083606716,0.0,filled
2019-11-01,SH603707,buy,41800,41800,24.627683830261226,1029437.1841049192,308.83115523147575,0.0,filled
2019-11-01,SZ000661,buy,4500,4500,227.5235914611816,1023856.1615753173,307.15684847259513,0.0,filled
2019-11-01,SZ002793,buy,88400,88400,11.644846256256102,1029404.4090530394,308.8213227159118,0.0,filled
2019-11-01,SZ300014,buy,52500,52500,19.58622467803955,1028276.7955970763,308.48303867912284,0.0,filled
2019-11-01,SZ300033,buy,10700,10700,95.40495625305175,1020833.0319076538,306.24990957229613,0.0,filled
2019-11-01,SZ300142,buy,34000,34000,30.226179870605467,1027690.1156005858,308.3070346801757,0.0,filled
2019-11-01,SZ300428,buy,82600,82600,12.459274716377257,1029136.0915727614,308.7408274718284,0.0,filled
2019-11-01,SZ300525,buy,50400,50400,20.4055513343811,1028439.7872528075,308.53193617584225,0.0,filled
2019-11-01,SZ300572,buy,2700,2700,46.27769585037231,124949.77879600524,37.48493363880157,0.0,filled
2019-11-01,SZ300601,buy,11800,11800,86.6849106903076,1022881.9461456297,306.8645838436889,0.0,filled
2019-11-01,SZ300630,buy,26600,19200,38.69735009765625,742989.121875,222.89673656249997,0.0,partial_volume_or_cash
2019-12-02,SH600131,sell,900,900,17.25478261756897,15529.304355812073,5.0,15.529304355812075,filled
2019-12-02,SH600570,sell,1100,1100,40.016462036132815,44018.1082397461,13.205432471923828,44.0181082397461,filled
2019-12-02,SH600809,sell,1300,1300,63.6800230178833,82784.0299232483,24.835208976974485,82.7840299232483,filled
2019-12-02,SH601012,sell,8800,8800,17.160103145599365,151008.9076812744,45.30267230438232,151.0089076812744,filled
2019-12-02,SH603707,sell,100,100,22.6102882976532,2261.0288297653196,5.0,2.2610288297653196,filled
2019-12-02,SH603737,sell,4800,4800,41.090002899169924,197232.01391601562,59.16960417480468,197.23201391601563,filled
2019-12-02,SZ000661,sell,100,100,214.62416551208497,21462.4165512085,6.438724965362549,21.4624165512085,filled
2019-12-02,SZ002793,sell,6100,6100,11.473435581207275,69987.95704536437,20.99638711360931,69.98795704536437,filled
2019-12-02,SZ300014,sell,12300,12300,23.452159893035887,288461.5666843414,86.53847000530241,288.4615666843414,filled
2019-12-02,SZ300033,sell,300,300,90.6405690536499,27192.17071609497,8.15765121482849,27.19217071609497,filled
2019-12-02,SZ300142,sell,2900,2900,30.33542934036255,87972.74508705139,26.391823526115413,87.9727450870514,filled
2019-12-02,SZ300428,sell,82600,82600,12.225138836860657,1009796.4679246902,302.93894037740705,1009.7964679246902,filled
2019-12-02,SZ300572,sell,500,500,43.40777405548096,21703.88702774048,6.511166108322143,21.70388702774048,filled
2019-12-02,SZ300595,sell,1400,1400,23.137495319366455,32392.493447113036,9.71774803413391,32.39249344711304,filled
2019-12-02,SH603360,buy,2500,2500,19.63604098510742,49090.102462768555,14.727030738830566,0.0,filled
2019-12-02,SZ002234,buy,1800,1800,30.618161579132078,55112.69084243774,16.53380725273132,0.0,filled
2019-12-02,SZ002299,buy,43300,43300,21.82203025627136,944893.9100965499,283.46817302896494,0.0,filled
2019-12-02,SZ002458,buy,1400,1400,16.350043426513672,22890.060797119142,6.867018239135742,0.0,filled
2019-12-02,SZ002607,buy,800,800,17.9652434387207,14372.194750976561,5.0,0.0,filled
2019-12-02,SZ002746,buy,95000,95000,9.955728444099424,945794.2021894454,283.7382606568336,0.0,filled
2019-12-02,SZ300357,buy,20700,300,45.713189952850335,13713.9569858551,5.0,0.0,partial_volume_or_cash
2019-12-02,SZ300525,buy,1700,200,18.144217094421386,3628.843418884277,5.0,0.0,partial_volume_or_cash
2020-01-02,SH600131,sell,800,800,19.46285370826721,15570.28296661377,5.0,15.57028296661377,filled
2020-01-02,SH603360,sell,3600,3600,23.525869983673097,84693.13194122315,25.407939582366943,84.69313194122316,filled
2020-01-02,SZ002299,sell,43300,43300,21.96986186027527,951295.0185499191,285.38850556497573,951.2950185499192,filled
2020-01-02,SZ002746,sell,95000,95000,9.880575270652772,938654.6507120134,281.596395213604,938.6546507120133,filled
2020-01-02,SZ002793,sell,4800,4800,13.52197169494629,64905.46413574219,19.471639240722656,64.90546413574219,filled
2020-01-02,SZ300014,sell,900,900,26.62874201774597,23965.867815971375,7.189760344791412,23.965867815971375,filled
2020-01-02,SZ300033,sell,1000,1000,111.01568898010254,111015.68898010254,33.304706694030756,111.01568898010254,filled
2020-01-02,SZ300525,sell,50600,50600,21.273792726516724,1076453.9119617462,322.93617358852384,1076.4539119617461,filled
2020-01-02,SZ300572,sell,21700,21700,47.92471026992798,1039966.2128574371,311.9898638572311,1039.966212857437,filled
2020-01-02,SH600570,buy,700,700,43.09312560653686,30165.187924575803,9.04955637737274,0.0,filled
2020-01-02,SH600809,buy,1800,1800,63.118929744720454,113614.07354049681,34.08422206214904,0.0,filled
2020-01-02,SH601012,buy,4200,4200,17.731813983917235,74473.61873245239,22.342085619735716,0.0,filled
2020-01-02,SH603658,buy,14100,14100,74.1788334274292,1045921.5513267517,313.7764653980255,0.0,filled
2020-01-02,SH603707,buy,1200,1200,24.477509391784665,29373.011270141596,8.811903381042479,0.0,filled
2020-01-02,SH603737,buy,2300,2300,41.63191090774536,95753.39508781432,28.726018526344294,0.0,filled
2020-01-02,SZ000661,buy,200,200,226.0261390838623,45205.22781677246,13.561568345031736,0.0,filled
2020-01-02,SZ002064,buy,171000,171000,6.147111200332641,1051156.0152568815,315.3468045770644,0.0,filled
2020-01-02,SZ002234,buy,3500,3500,30.50503434371948,106767.62020301817,32.030286060905446,0.0,filled
2020-01-02,SZ002458,buy,7400,7400,16.10682139778137,119190.47834358214,35.75714350307464,0.0,filled
2020-01-02,SZ002607,buy,6600,6600,17.74745079040527,117133.17521667479,35.13995256500243,0.0,filled
2020-01-02,SZ002901,buy,17800,17800,58.86716559600829,1047835.5476089476,314.35066428268425,0.0,filled
2020-01-02,SZ300142,buy,200,200,33.49613204193115,6699.226408386229,5.0,0.0,filled
2020-01-02,SZ300357,buy,23400,9400,44.23992784881591,415855.32177886955,124.75659653366085,0.0,partial_volume_or_cash
2020-02-03,SH601012,sell,59200,59200,18.451249214172364,1092313.9534790039,327.6941860437011,1092.3139534790039,filled
2020-02-03,SH603658,sell,2600,2600,86.07138945007324,223785.61257019042,67.13568377105712,223.78561257019044,filled
2020-02-03,SZ000661,sell,200,200,225.0761054534912,45015.221090698244,13.504566327209472,45.01522109069825,filled
2020-02-03,SZ300601,sell,800,800,89.99254371643066,71994.03497314453,21.59821049194336,71.99403497314454,filled
2020-02-03,SH600131,buy,12700,12700,14.979100259780882,190234.5732992172,57.07037198976516,0.0,filled
2020-02-03,SH600809,buy,400,400,58.576454643249505,23430.581857299803,7.029174557189941,0.0,filled
2020-02-03,SH601155,buy,36000,36000,27.721129104614256,997960.6477661133,299.38819432983394,0.0,filled
2020-02-03,SH603360,buy,6100,6100,19.72499703979492,120322.48194274901,36.0967445828247,0.0,filled
2020-02-03,SZ002234,buy,9500,4400,22.694783622741696,99857.04794006346,29.957114382019036,0.0,partial_volume_or_cash
2020-03-02,SH600131,sell,12900,12900,20.31644567298889,262082.14918155668,78.624644754467,262.0821491815567,filled
2020-03-02,SH600570,sell,24300,24300,53.20628101730347,1292912.6287204742,387.87378861614224,1292.9126287204742,filled
2020-03-02,SH601155,sell,36000,36000,29.172816719055177,1050221.4018859863,315.06642056579585,1050.2214018859863,filled
2020-03-02,SH603707,sell,5300,5300,28.996128959655763,153679.48348617554,46.10384504585266,153.67948348617554,filled
2020-03-02,SH603737,sell,2400,2400,47.72462369155884,114539.09685974121,34.36172905792236,114.53909685974122,filled
2020-03-02,SZ002458,sell,4600,4600,18.00607525062561,82827.9461528778,24.84838384586334,82.8279461528778,filled
2020-03-02,SZ002607,sell,6800,6800,20.8017444190979,141451.8620498657,42.43555861495971,141.45186204986572,filled
2020-03-02,SZ002793,sell,3400,3400,14.731368616104126,50086.653294754025,15.025995988426207,50.08665329475403,filled
2020-03-02,SZ002901,sell,1300,1300,66.10851555633545,85941.07022323608,25.78232106697082,85.94107022323608,filled
2020-03-02,SZ300014,sell,9100,9100,36.137703838348386,328853.10492897034,98.65593147869109,328.85310492897037,filled
2020-03-02,SZ300033,sell,9400,9400,125.63046936035157,1180926.4119873047,354.2779235961914,1180.9264119873046,filled
2020-03-02,SZ300142,sell,31300,31300,28.938931423187256,905788.5535457612,271.73656606372833,905.7885535457611,filled
2020-03-02,SZ300601,sell,1200,1200,110.49459651947022,132593.51582336426,39.77805474700927,132.59351582336427,filled
2020-03-02,SH600809,buy,700,700,61.479459270477285,43035.6214893341,12.910686446800229,0.0,filled
2020-03-02,SH603208,buy,18200,18200,60.10506607818603,1093912.2026229857,328.1736607868957,0.0,filled
2020-03-02,SH603360,buy,3900,3900,20.04732336235046,78184.5611131668,23.455368333950037,0.0,filled
2020-03-02,SH603658,buy,500,500,91.1792458114624,45589.622905731194,13.676886871719358,0.0,filled
2020-03-02,SZ000661,buy,100,100,242.99097821044919,24299.097821044918,7.289729346313474,0.0,filled
2020-03-02,SZ002064,buy,16000,16000,5.851481049537658,93623.69679260252,28.087109037780756,0.0,filled
2020-03-02,SZ002234,buy,1700,1700,27.01784893608093,45930.34319133758,13.779102957401273,0.0,filled
2020-03-02,SZ002714,buy,22900,22900,47.59707192230224,1089972.9470207214,326.9918841062164,0.0,filled
2020-03-02,SZ002803,buy,47900,47900,22.8183029384613,1092996.7107522963,327.89901322568886,0.0,filled
2020-03-02,SZ300122,buy,18200,18200,59.84373093795776,1089155.9030708312,326.7467709212493,0.0,filled
2020-03-02,SZ300357,buy,15400,15400,43.463101230621334,669331.7589515685,200.79952768547054,0.0,filled
2020-03-02,SZ300428,buy,70000,26000,15.62184364891052,406167.9348716735,121.85038046150204,0.0,partial_volume_or_cash
2020-04-01,SH600131,sell,53700,53700,17.637259941101075,947120.8588371277,284.1362576511383,947.1208588371277,filled
2020-04-01,SH600809,sell,17700,17700,63.552259368896486,1124874.9908294678,337.4624972488403,1124.8749908294678,filled
2020-04-01,SH603707,sell,37600,37600,29.57060616874695,1111854.7919448852,333.55643758346554,1111.8547919448852,filled
2020-04-01,SZ000661,sell,300,300,271.8846120300293,81565.38360900879,24.469615082702635,81.56538360900879,filled
2020-04-01,SZ002064,sell,187000,187000,4.613230071544647,862674.023378849,258.8022070136547,862.674023378849,filled
2020-04-01,SZ002234,sell,40500,40500,27.52674029159546,1114832.981809616,334.4498945428848,1114.832981809616,filled
2020-04-01,SZ002607,sell,1000,1000,22.555417304992677,22555.417304992676,6.766625191497802,22.555417304992677,filled
2020-04-01,SZ300122,sell,18200,18200,67.04302017974854,1220182.9672714234,366.05489018142697,1220.1829672714234,filled
2020-04-01,SZ300357,sell,25100,25100,44.21036878967285,1109680.2566207885,332.90407698623653,1109.6802566207884,filled
2020-04-01,SZ300428,sell,26000,26000,12.898530361175537,335361.78939056396,100.60853681716918,335.36178939056396,filled
2020-04-01,SZ300630,sell,19200,19200,41.45652596282959,795965.2984863281,238.78958954589842,795.9652984863282,filled
2020-04-01,SH601012,buy,66700,66700,17.43473757171631,1162896.9960334778,348.86909881004334,0.0,filled
2020-04-01,SH603208,buy,1400,1400,59.25332789230346,82954.65904922485,24.886397714767455,0.0,filled
2020-04-01,SH603360,buy,16100,16100,16.47534216880798,265253.0089178085,79.57590267534253,0.0,filled
2020-04-01,SH603387,buy,51600,51600,22.541086606979366,1163120.0689201353,348.9360206760405,0.0,filled
2020-04-01,SH603520,buy,27800,27800,41.7166436882019,1159722.6945320128,347.9168083596038,0.0,filled
2020-04-01,SH603658,buy,1000,1000,88.8676026763916,88867.6026763916,26.660280802917477,0.0,filled
2020-04-01,SH603737,buy,3000,3000,45.03759590530395,135112.78771591187,40.53383631477356,0.0,filled
2020-04-01,SH603887,buy,71100,71100,16.352676290512083,1162675.2842554091,348.8025852766227,0.0,filled
2020-04-01,SZ002458,buy,2100,2100,18.554397830963133,38964.235445022576,11.689270633506771,0.0,filled
2020-04-01,SZ002793,buy,14100,14100,13.19178559398651,186004.17687520979,55.80125306256293,0.0,filled
2020-04-01,SZ002803,buy,25700,25700,15.799594426155089,406049.57675218576,121.81487302565571,0.0,filled
2020-04-01,SZ002901,buy,900,900,66.56911186218261,59912.20067596435,17.973660202789304,0.0,filled
2020-04-01,SZ300014,buy,7100,7100,31.146546262741087,221140.47846546173,66.34214353963851,0.0,filled
2020-04-01,SZ300454,buy,7300,7300,157.80675799560544,1151989.3333679198,345.5968000103759,0.0,filled
2020-04-01,SZ300497,buy,70200,70200,16.56121859359741,1162597.5452705382,348.77926358116144,0.0,filled
2020-04-01,SZ300595,buy,3600,3600,26.17373059082031,94225.43012695311,28.267629038085932,0.0,filled
2020-04-01,SZ300601,buy,300,300,114.2659080429077,34279.772412872306,10.283931723861691,0.0,filled
2020-04-01,SZ300724,buy,24700,2900,46.93148619461059,136101.3099643707,40.83039298931121,0.0,partial_volume_or_cash
2020-05-06,SH601012,sell,66700,66700,21.457098083496092,1431188.4421691895,429.3565326507568,1431.1884421691896,filled
2020-05-06,SH603208,sell,3300,3300,82.4894037322998,272215.0323165894,81.6645096949768,272.2150323165894,filled
2020-05-06,SH603360,sell,70600,70600,18.2697616481781,1289845.172361374,386.95355170841214,1289.845172361374,filled
2020-05-06,SH603387,sell,51600,51600,21.79791674423218,1124772.5040023804,337.4317512007141,1124.7725040023804,filled
2020-05-06,SH603520,sell,27800,27800,43.59696532058716,1211995.6359123231,363.5986907736969,1211.9956359123232,filled
2020-05-06,SH603658,sell,13000,13000,101.99440008544921,1325927.2011108398,397.77816033325195,1325.9272011108399,filled
2020-05-06,SH603737,sell,25800,25800,54.540067050933835,1407133.729914093,422.14011897422785,1407.133729914093,filled
2020-05-06,SZ000661,sell,4200,4200,293.29643682861325,1231845.0346801756,369.55351040405264,1231.8450346801756,filled
2020-05-06,SZ002458,sell,62700,62700,16.35595738220215,1025518.5278640748,307.6555583592224,1025.5185278640747,filled
2020-05-06,SZ002607,sell,51400,51400,25.160271772384643,1293237.9691005708,387.9713907301712,1293.2379691005708,filled
2020-05-06,SZ002714,sell,22900,22900,51.35158163452149,1175951.219430542,352.7853658291626,1175.951219430542,filled
2020-05-06,SZ002793,sell,88200,88200,13.779950343132018,1215391.620264244,364.6174860792732,1215.391620264244,filled
2020-05-06,SZ002803,sell,73600,73600,17.374844472885133,1278788.5532043457,383.6365659613037,1278.7885532043458,filled
2020-05-06,SZ002901,sell,17400,17400,81.68147376251221,1421257.6434677124,426.3772930403137,1421.2576434677126,filled
2020-05-06,SZ300454,sell,7300,7300,193.41137548828124,1411903.041064453,423.5709123193359,1411.9030410644532,filled
2020-05-06,SZ300497,sell,70200,70200,16.367713954925538,1149013.5196357728,344.7040558907318,1149.0135196357728,filled
2020-05-06,SZ300595,sell,44400,44400,31.487623008728026,1398050.4615875243,419.41513847625725,1398.0504615875243,filled
2020-05-06,SZ300601,sell,10100,10100,130.5829856414795,1318888.1549789428,395.6664464936828,1318.8881549789428,filled
2020-05-06,SZ300724,sell,2900,2900,64.69149222564697,187605.3274543762,56.28159823631286,187.6053274543762,filled
2020-05-06,SH600132,buy,25500,25500,53.03551885223388,1352405.7307319639,405.72171921958915,0.0,filled
2020-05-06,SH603127,buy,27300,27300,49.48849163436889,1351035.8216182708,405.3107464854812,0.0,filled
2020-05-06,SH603233,buy,30700,30700,44.01788519668579,1351349.0755382536,405.40472266147606,0.0,filled
2020-05-06,SH603444,buy,3600,3600,369.9244865722656,1331728.1516601562,399.51844549804684,0.0,filled
2020-05-06,SH603707,buy,39700,39700,34.0457610168457,1351616.7123687745,405.4850137106323,0.0,filled
2020-05-06,SH603887,buy,5100,5100,17.74258791542053,90487.19836864469,27.146159510593407,0.0,filled
2020-05-06,SZ000876,buy,41600,41600,32.45416704559326,1350093.3490966796,405.02800472900384,0.0,filled
2020-05-06,SZ000895,buy,36800,36800,36.72037662506103,1351309.8598022459,405.39295794067374,0.0,filled
2020-05-06,SZ002555,buy,39300,39300,34.394841743469236,1351717.2805183409,405.51518415550225,0.0,filled
2020-05-06,SZ002605,buy,51000,51000,26.51424257659912,1352226.3714065552,405.6679114219665,0.0,filled
2020-05-06,SZ002697,buy,143000,143000,9.456453231811523,1352272.8121490479,405.6818436447143,0.0,filled
2020-05-06,SZ002847,buy,18100,18100,74.38659102630615,1346397.2975761413,403.91918927284235,0.0,filled
2020-05-06,SZ300014,buy,1300,1300,35.017801422119135,45523.14184875487,13.656942554626461,0.0,filled
2020-05-06,SZ300529,buy,23300,23300,57.953391864776606,1350314.030449295,405.09420913478846,0.0,filled
2020-05-06,SZ300607,buy,65200,65200,20.743466732025144,1352474.0309280395,405.7422092784118,0.0,filled
2020-05-06,SZ300702,buy,32100,32100,42.15140036773681,1353059.9518043518,405.9179855413055,0.0,filled
2020-05-06,SZ300715,buy,79500,79500,17.01246742630005,1352491.1603908539,405.74734811725614,0.0,filled
2020-05-06,SZ300738,buy,56200,56200,24.04606336212158,1351388.7609512329,405.4166282853698,0.0,filled
2020-05-06,SZ300760,buy,5400,1500,250.5236651153564,375785.4976730346,112.73564930191037,0.0,partial_volume_or_cash
2020-06-01,SH600132,sell,25500,25500,61.63783964538574,1571764.9109573364,471.52947328720086,1571.7649109573365,filled
2020-06-01,SH603127,sell,4200,4200,61.70124510955811,259145.22946014407,77.74356883804322,259.1452294601441,filled
2020-06-01,SH603208,sell,4000,4000,115.6193265838623,462477.3063354492,138.74319190063474,462.4773063354492,filled
2020-06-01,SH603233,sell,30700,30700,55.44220203781128,1702075.6025608063,510.6226807682419,1702.0756025608064,filled
2020-06-01,SH603444,sell,100,100,400.18038217163087,40018.038217163084,12.005411465148924,40.01803821716309,filled
2020-06-01,SH603707,sell,800,800,36.72925570678711,29383.404565429686,8.815021369628905,29.383404565429686,filled
2020-06-01,SZ000895,sell,36800,36800,36.73924784088135,1352004.3205444335,405.60129616333,1352.0043205444335,filled
2020-06-01,SZ002605,sell,3300,3300,29.954163877487183,98848.74079570771,29.65462223871231,98.84874079570771,filled
2020-06-01,SZ002697,sell,143000,143000,10.85971676158905,1552939.4969072342,465.8818490721702,1552.9394969072341,filled
2020-06-01,SZ002847,sell,4000,4000,100.90768119049072,403630.7247619629,121.08921742858885,403.6307247619629,filled
2020-06-01,SZ300529,sell,700,700,63.16450587844849,44215.154114913945,13.264546234474182,44.21515411491394,filled
2020-06-01,SZ300607,sell,8300,8300,25.131552961349488,208591.88957920074,62.57756687376022,208.59188957920074,filled
2020-06-01,SZ300715,sell,17100,17100,22.894378160476684,391493.8665441513,117.44815996324537,391.4938665441513,filled
2020-06-01,SZ300738,sell,1300,1300,26.043828706741333,33856.97731876373,10.15709319562912,33.85697731876373,filled
2020-06-01,SH600556,buy,71100,71100,20.148479562759398,1432556.8969121932,429.7670690736579,0.0,filled
2020-06-01,SH603887,buy,8900,8900,16.839666395187376,149873.03091716763,44.96190927515028,0.0,filled
2020-06-01,SZ000876,buy,9100,9100,28.25175525474548,257090.97281818386,77.12729184545515,0.0,filled
2020-06-01,SZ002100,buy,102900,102900,13.91845414829254,1432208.9318593023,429.6626795577907,0.0,filled
2020-06-01,SZ002555,buy,3400,3400,33.53652807998657,114024.19547195433,34.20725864158629,0.0,filled
2020-06-01,SZ300014,buy,2700,2700,34.624166297912595,93485.249004364,28.045574701309196,0.0,filled
2020-06-01,SZ300462,buy,69800,69800,20.515287731170652,1431967.0836357116,429.59012509071346,0.0,filled
2020-06-01,SZ300497,buy,80800,80800,17.732501316070554,1432786.1063385007,429.8358319015502,0.0,filled
2020-06-01,SZ300702,buy,2400,2400,41.45487323760986,99491.69577026366,29.847508731079095,0.0,filled
2020-06-01,SZ300760,buy,3600,3600,277.44183752441404,998790.6150878905,299.63718452636715,0.0,filled
2020-06-01,SZ300770,buy,15500,7700,92.30049839019775,710713.8376045226,213.21415128135675,0.0,partial_volume_or_cash
2020-07-01,SH603127,sell,1700,1700,74.96999127960206,127448.9851753235,38.234695552597046,127.4489851753235,filled
2020-07-01,SH603444,sell,600,600,537.6792507934571,322607.5504760742,96.78226514282225,322.6075504760742,filled
2020-07-01,SH603887,sell,5500,5500,20.15604372024536,110858.24046134949,33.25747213840484,110.8582404613495,filled
2020-07-01,SZ000876,sell,50700,50700,29.77051173019409,1509364.9447208403,452.8094834162521,1509.3649447208404,filled
2020-07-01,SZ002555,sell,7900,7900,46.08061657333374,364036.8709293366,109.21106127880097,364.0368709293366,filled
2020-07-01,SZ002605,sell,4300,4300,37.0062268409729,159126.77541618346,47.73803262485503,159.12677541618348,filled
2020-07-01,SZ300014,sell,7700,7700,47.74401346206665,367628.9036579132,110.28867109737395,367.6289036579132,filled
2020-07-01,SZ300462,sell,69800,69800,22.762866508483885,1588848.0822921752,476.6544246876525,1588.8480822921751,filled
2020-07-01,SZ300702,sell,7100,7100,58.59998698425293,416059.9075881958,124.81797227645873,416.0599075881958,filled
2020-07-01,SZ300738,sell,4100,4100,31.58523686027527,129499.4711271286,38.84984133813858,129.4994711271286,filled
2020-07-01,SZ300760,sell,5100,5100,304.88682458496095,1554922.8053833009,466.47684161499024,1554.922805383301,filled
2020-07-01,SH600132,buy,21700,21700,73.85423699951171,1602636.9428894043,480.7910828668212,0.0,filled
2020-07-01,SH600556,buy,14600,14600,18.761088155746457,273911.8870738983,82.17356612216948,0.0,filled
2020-07-01,SH603208,buy,4500,4500,95.70207466888426,430659.3360099792,129.19780080299375,0.0,filled
2020-07-01,SH603233,buy,24400,24400,65.91790283203125,1608396.8291015625,482.5190487304687,0.0,filled
2020-07-01,SH603707,buy,3000,3000,38.3570061264038,115071.01837921141,34.52130551376342,0.0,filled
2020-07-01,SZ002100,buy,1900,1900,15.34366505241394,29152.963599586485,8.745889079875944,0.0,filled
2020-07-01,SZ002847,buy,3000,3000,93.71528762054443,281145.8628616333,84.34375885848998,0.0,filled
2020-07-01,SZ300497,buy,2200,2200,19.368321292877194,42610.306844329825,12.783092053298946,0.0,filled
2020-07-01,SZ300529,buy,400,400,69.76600826263427,27906.40330505371,8.371920991516113,0.0,filled
2020-07-01,SZ300607,buy,6800,6800,25.25596842384338,171740.585282135,51.52217558464049,0.0,filled
2020-07-01,SZ300715,buy,14800,14800,20.843561386108394,308484.70851440425,92.54541255432127,0.0,filled
2020-07-01,SZ300763,buy,43400,43400,37.001854415893554,1605880.4816497802,481.764144494934,0.0,filled
2020-07-01,SZ300770,buy,5400,1200,122.81079846191405,147372.95815429685,44.211887446289055,0.0,partial_volume_or_cash
2020-08-03,SH600556,sell,3400,3400,19.32124702835083,65692.23989639281,19.707671968917843,65.69223989639282,filled
2020-08-03,SH603208,sell,5200,5200,136.86481398010253,711697.0326965331,213.50910980895992,711.6970326965331,filled
2020-08-03,SH603233,sell,24400,24400,63.6327375869751,1552638.7971221923,465.79163913665764,1552.6387971221923,filled
2020-08-03,SH603444,sell,400,400,613.4697174682617,245387.8869873047,73.6163660961914,245.3878869873047,filled
2020-08-03,SH603707,sell,41900,41900,36.69192049026489,1537391.468542099,461.21744056262963,1537.3914685420991,filled
2020-08-03,SH603887,sell,19100,19100,26.26177879714966,501599.9750255585,150.47999250766753,501.5999750255585,filled
2020-08-03,SZ002100,sell,104800,104800,16.951051465988158,1776470.193635559,532.9410580906676,1776.4701936355589,filled
2020-08-03,SZ002847,sell,1800,1800,103.3845643157959,186092.21576843262,55.82766473052978,186.09221576843262,filled
2020-08-03,SZ300014,sell,7700,7700,61.43793980026245,473072.13646202086,141.92164093860626,473.07213646202086,filled
2020-08-03,SZ300497,sell,2500,2500,19.762027044296264,49405.06761074066,14.821520283222197,49.405067610740666,filled
2020-08-03,SZ300529,sell,1200,1200,72.82660610961914,87391.92733154296,26.217578199462885,87.39192733154296,filled
2020-08-03,SZ300607,sell,9200,9200,29.166681198120116,268333.46702270507,80.50004010681151,268.33346702270507,filled
2020-08-03,SZ300715,sell,10300,10300,23.774474813461303,244877.09057865143,73.46312717359542,244.87709057865143,filled
2020-08-03,SZ300763,sell,12700,12700,51.73954472351074,657092.2179885864,197.1276653965759,657.0922179885864,filled
2020-08-03,SH600132,buy,100,100,73.01250713348388,7301.250713348388,5.0,0.0,filled
2020-08-03,SH601012,buy,38500,38500,41.40769934082031,1594196.4246215818,478.2589273864745,0.0,filled
2020-08-03,SH603127,buy,1200,1200,70.39316066741942,84471.7928009033,25.34153784027099,0.0,filled
2020-08-03,SH603638,buy,37800,37800,42.10639538574218,1591621.7455810546,477.48652367431635,0.0,filled
2020-08-03,SZ002555,buy,200,200,45.55762377548217,9111.524755096434,5.0,0.0,filled
2020-08-03,SZ002605,buy,600,600,36.19950486373901,21719.702918243405,6.515910875473021,0.0,filled
2020-08-03,SZ002714,buy,24600,24600,64.74487123107909,1592723.8322845455,477.81714968536363,0.0,filled
2020-08-03,SZ300601,buy,6900,6900,230.70673358154295,1591876.4617126463,477.5629385137938,0.0,filled
2020-08-03,SZ300738,buy,2300,2300,29.998441907882686,68996.41638813018,20.69892491643905,0.0,filled
2020-08-03,SZ300751,buy,7800,7800,204.1088579559326,1592049.0920562742,477.6147276168822,0.0,filled
2020-08-03,SZ300770,buy,4500,1600,118.36862421417236,189389.79874267578,56.81693962280273,0.0,partial_volume_or_cash
2020-09-01,SH600132,sell,21800,21800,91.70697594451904,1999212.0755905153,599.7636226771546,1999.2120755905153,filled
2020-09-01,SH600556,sell,82300,82300,20.129318000793457,1656642.8714653016,496.99286143959046,1656.6428714653016,filled
2020-09-01,SH601012,sell,38500,38500,44.946688465118406,1730447.5059070587,519.1342517721175,1730.4475059070587,filled
2020-09-01,SH603127,sell,1900,1900,73.0542834777832,138803.13860778807,41.64094158233642,138.80313860778807,filled
2020-09-01,SH603208,sell,11600,11600,131.37086274719238,1523902.0078674315,457.1706023602294,1523.9020078674316,filled
2020-09-01,SH603444,sell,2500,2500,611.9911560058594,1529977.8900146484,458.9933670043945,1529.9778900146484,filled
2020-09-01,SH603638,sell,3000,3000,43.55815910339356,130674.47731018066,39.2023431930542,130.67447731018066,filled
2020-09-01,SH603887,sell,60500,60500,23.965790645599366,1449930.3340587616,434.97910021762846,1449.9303340587617,filled
2020-09-01,SZ002555,sell,1000,1000,44.59926554489136,44599.26554489136,13.379779663467406,44.59926554489136,filled
2020-09-01,SZ002605,sell,44000,44000,34.379328323364255,1512690.4462280273,453.8071338684082,1512.6904462280274,filled
2020-09-01,SZ002847,sell,5100,5100,148.2099180908203,755870.5822631835,226.76117467895506,755.8705822631836,filled
2020-09-01,SZ300014,sell,25900,25900,48.84275569152832,1265027.3724105835,379.508211723175,1265.0273724105837,filled
2020-09-01,SZ300497,sell,80500,80500,20.342159603118898,1637543.8480510712,491.2631544153213,1637.543848051071,filled
2020-09-01,SZ300529,sell,21800,21800,75.20692147064209,1639510.8880599975,491.8532664179992,1639.5108880599976,filled
2020-09-01,SZ300607,sell,5600,5600,31.019558979034425,173709.53028259278,52.11285908477783,173.7095302825928,filled
2020-09-01,SZ300702,sell,5700,5700,69.88881198120117,398366.2282928467,119.509868487854,398.3662282928467,filled
2020-09-01,SZ300715,sell,22200,22200,33.97609883880615,754269.3942214965,226.28081826644893,754.2693942214966,filled
2020-09-01,SZ300738,sell,53100,53100,26.121302043914795,1387041.1385318756,416.11234155956265,1387.0411385318755,filled
2020-09-01,SZ300751,sell,200,200,198.60941931152342,39721.88386230468,11.916565158691403,39.721883862304686,filled
2020-09-01,SZ300763,sell,3500,3500,55.74853602218628,195119.87607765198,58.53596282329559,195.11987607765198,filled
2020-09-01,SZ300770,sell,10500,10500,109.80806602478027,1152984.6932601929,345.89540797805785,1152.984693260193,filled
2020-09-01,SH601100,buy,23300,23300,65.16241024017333,1518284.1585960386,455.48524757881154,0.0,filled
2020-09-01,SH603301,buy,20900,20900,72.64859530639647,1518355.6419036863,455.5066925711059,0.0,filled
2020-09-01,SH603606,buy,64200,64200,23.693127847671505,1521098.8078205106,456.32964234615315,0.0,filled
2020-09-01,SH603613,buy,25800,25800,58.912781539916985,1519949.7637298582,455.98492911895744,0.0,filled
2020-09-01,SH603737,buy,13500,13500,112.26285413360594,1515548.5308036802,454.66455924110403,0.0,filled
2020-09-01,SZ000661,buy,3200,3200,467.71303436279294,1496681.7099609375,449.0045129882812,0.0,filled
2020-09-01,SZ002803,buy,31300,31300,48.48662865066528,1517631.4767658233,455.28944302974696,0.0,filled
2020-09-01,SZ002838,buy,49700,49700,30.6223161201477,1521929.1111713408,456.5787333514022,0.0,filled
2020-09-01,SZ002950,buy,56500,56500,26.905594230651854,1520166.0740318298,456.0498222095489,0.0,filled
2020-09-01,SZ300122,buy,11500,11500,132.2559183502197,1520943.0610275266,456.28291830825793,0.0,filled
2020-09-01,SZ300418,buy,55100,55100,27.62771493721008,1522287.0930402754,456.68612791208255,0.0,filled
2020-09-01,SZ300482,buy,20000,20000,75.85802406311035,1517160.481262207,455.1481443786621,0.0,filled
2020-09-01,SZ300552,buy,31600,31600,48.15689632415771,1521757.9238433836,456.52737715301504,0.0,filled
2020-09-01,SZ300601,buy,800,800,197.60469488525388,158083.7559082031,47.42512677246093,0.0,filled
2020-09-01,SZ300677,buy,23000,18000,66.08006739807128,1189441.213165283,356.8323639495849,0.0,partial_volume_or_cash
2020-10-09,SH601100,sell,3800,3800,71.5749827041626,271984.9342758179,81.59548028274536,271.98493427581786,filled
2020-10-09,SH603301,sell,1300,1300,71.07314282226562,92395.0856689453,27.71852570068359,92.39508566894531,filled
2020-10-09,SH603606,sell,64200,64200,24.703926206588743,1585992.0624629974,475.7976187388992,1585.9920624629974,filled
2020-10-09,SH603613,sell,25800,25800,62.305685382843016,1607486.68287735,482.2460048632049,1607.48668287735,filled
2020-10-09,SH603638,sell,1800,1800,42.37103107452393,76267.85593414307,22.880356780242916,76.26785593414307,filled
2020-10-09,SH603737,sell,1600,1600,116.56678058624267,186506.84893798828,55.95205468139648,186.50684893798828,filled
2020-10-09,SZ002555,sell,34000,34000,39.79772880935669,1353122.7795181274,405.9368338554382,1353.1227795181276,filled
2020-10-09,SZ002838,sell,100,100,28.159773616790773,2815.977361679077,5.0,2.815977361679077,filled
2020-10-09,SZ002847,sell,900,900,149.29109596252442,134361.98636627197,40.30859590988159,134.36198636627196,filled
2020-10-09,SZ300122,sell,1700,1700,141.455555557251,240474.44444732668,72.142333334198,240.47444444732668,filled
2020-10-09,SZ300418,sell,2000,2000,26.31459381866455,52629.1876373291,15.788756291198728,52.6291876373291,filled
2020-10-09,SZ300482,sell,20000,20000,64.31593737030029,1286318.7474060059,385.8956242218017,1286.318747406006,filled
2020-10-09,SZ300601,sell,100,100,183.58045697021484,18358.045697021484,5.507413709106444,18.358045697021485,filled
2020-10-09,SZ300751,sell,500,500,196.50463838195802,98252.319190979,29.4756957572937,98.25231919097901,filled
2020-10-09,SZ300763,sell,8900,8900,76.22773496246337,678426.841165924,203.52805234977717,678.426841165924,filled
2020-10-09,SH600132,buy,13700,13700,102.25076922607421,1400835.5383972167,420.25066151916496,0.0,filled
2020-10-09,SH603127,buy,100,100,67.04553996276854,6704.553996276854,5.0,0.0,filled
2020-10-09,SH603317,buy,25400,25400,55.15725975036621,1400994.3976593018,420.2983192977905,0.0,filled
2020-10-09,SH603338,buy,13900,13900,100.24626428222655,1393423.0735229491,418.0269220568847,0.0,filled
2020-10-09,SH603882,buy,13500,13500,103.40119523620605,1395916.1356887817,418.7748407066345,0.0,filled
2020-10-09,SZ000661,buy,500,500,374.7798619995117,187389.93099975586,56.216979299926756,0.0,filled
2020-10-09,SZ002714,buy,1900,1900,52.77442809677123,100271.41338386534,30.081424015159598,0.0,filled
2020-10-09,SZ002803,buy,1700,1700,42.42509984970092,72122.66974449156,21.636800923347465,0.0,filled
2020-10-09,SZ002950,buy,1100,1100,24.310216564178464,26741.23822059631,8.022371466178893,0.0,filled
2020-10-09,SZ002959,buy,11200,11200,124.3460846557617,1392676.148144531,417.8028444433593,0.0,filled
2020-10-09,SZ300552,buy,200,200,44.01142427444457,8802.284854888914,5.0,0.0,filled
2020-10-09,SZ300607,buy,3800,3800,26.549680276870724,100888.78505210875,30.266635515632622,0.0,filled
2020-10-09,SZ300677,buy,2500,2500,68.03051748657226,170076.29371643066,51.022888114929195,0.0,filled
2020-10-09,SZ300702,buy,5600,400,51.277143733978264,20510.857493591306,6.1532572480773915,0.0,partial_volume_or_cash
2020-11-02,SH600132,sell,500,500,106.5122928314209,53256.14641571045,15.976843924713133,53.256146415710454,filled
2020-11-02,SH601100,sell,800,800,75.10279291534424,60082.23433227539,18.024670299682615,60.08223433227539,filled
2020-11-02,SH603127,sell,700,700,70.20252383422851,49141.76668395996,14.742530005187987,49.141766683959965,filled
2020-11-02,SH603317,sell,25400,25400,54.63174545288086,1387646.3345031738,416.29390035095213,1387.6463345031739,filled
2020-11-02,SH603338,sell,13900,13900,90.58784168243409,1259170.9993858337,377.7512998157501,1259.1709993858337,filled
2020-11-02,SH603737,sell,11900,11900,106.04523106384278,1261938.249659729,378.58147489791867,1261.938249659729,filled
2020-11-02,SH603882,sell,13500,13500,105.38225944519043,1422660.5025100708,426.7981507530212,1422.6605025100707,filled
2020-11-02,SZ000661,sell,3700,3700,373.02415493774413,1380189.3732696532,414.05681198089593,1380.1893732696533,filled
2020-11-02,SZ002950,sell,57600,57600,22.455770347595216,1293452.3720214844,388.0357116064453,1293.4523720214845,filled
2020-11-02,SZ002959,sell,11200,11200,115.81459620666504,1297123.4775146486,389.13704325439454,1297.1234775146486,filled
2020-11-02,SZ300122,sell,1000,1000,159.59604254150392,159596.0425415039,47.87881276245117,159.59604254150392,filled
2020-11-02,SZ300418,sell,53100,53100,24.239040452957152,1287093.0480520248,386.1279144156074,1287.0930480520249,filled
2020-11-02,SZ300552,sell,31800,31800,37.72646840286255,1199701.6952110291,359.9105085633087,1199.7016952110291,filled
2020-11-02,SZ300601,sell,7600,7600,176.42383291625976,1340821.1301635741,402.2463390490722,1340.8211301635743,filled
2020-11-02,SZ300607,sell,52700,52700,23.463487741470338,1236525.803975487,370.95774119264604,1236.525803975487,filled
2020-11-02,SZ300677,sell,2200,2200,76.9628313446045,169318.22895812988,50.79546868743896,169.31822895812988,filled
2020-11-02,SZ300702,sell,22100,22100,51.80485562896728,1144887.3094001769,343.46619282005304,1144.887309400177,filled
2020-11-02,SZ300751,sell,7100,7100,224.61613192749024,1594774.5366851806,478.4323610055541,1594.7745366851807,filled
2020-11-02,SH600662,buy,169800,169800,8.328301556587219,1414145.6043085097,424.2436812925529,0.0,filled
2020-11-02,SH600732,buy,104000,104000,13.59926091480255,1414323.135139465,424.2969405418395,0.0,filled
2020-11-02,SH601012,buy,28100,28100,50.30055548095702,1413445.6090148923,424.03368270446765,0.0,filled
2020-11-02,SH601888,buy,7100,7100,197.6928872375488,1403619.4993865965,421.0858498159789,0.0,filled
2020-11-02,SH603129,buy,8500,8500,165.43803887939453,1406223.3304748535,421.866999142456,0.0,filled
2020-11-02,SH603208,buy,11700,11700,120.82643235015868,1413669.2584968565,424.10077754905694,0.0,filled
2020-11-02,SH603301,buy,500,500,70.12302385711669,35061.51192855835,10.518453578567504,0.0,filled
2020-11-02,SH603416,buy,15800,15800,89.02382563781737,1406576.4450775145,421.9729335232543,0.0,filled
2020-11-02,SH603638,buy,5800,5800,36.38959038925171,211059.62425765992,63.31788727729797,0.0,filled
2020-11-02,SH688188,buy,5400,5400,261.1665758361816,1410299.5095153807,423.08985285461415,0.0,filled
2020-11-02,SZ000877,buy,97700,97700,14.462434589385985,1412979.8593830108,423.8939578149032,0.0,filled
2020-11-02,SZ000951,buy,57000,57000,24.790442174911497,1413055.2039699554,423.9165611909866,0.0,filled
2020-11-02,SZ002714,buy,1700,1700,50.05051549911499,85085.87634849548,25.525762904548642,0.0,filled
2020-11-02,SZ002803,buy,4800,4800,37.38793270492553,179462.07698364256,53.838623095092764,0.0,filled
2020-11-02,SZ002838,buy,2700,2700,27.02631648635864,72971.05451316832,21.891316353950494,0.0,filled
2020-11-02,SZ002847,buy,1700,1700,127.67956159210203,217055.25470657347,65.11657641197203,0.0,filled
2020-11-02,SZ300598,buy,16700,16700,84.38177519989013,1409175.6458381652,422.7526937514495,0.0,filled
2020-11-02,SZ300715,buy,7800,7800,26.91376775550842,209927.3884929657,62.9782165478897,0.0,filled
2020-11-02,SZ300724,buy,14100,10400,100.20584151458739,1042140.7517517089,312.64222552551263,0.0,partial_volume_or_cash
2020-12-01,SH600132,sell,13200,13200,103.89546647644043,1371420.1574890136,411.42604724670406,1371.4201574890137,filled
2020-12-01,SH600662,sell,21800,21800,8.771152090072631,191211.11556358336,57.363334669075,191.21111556358335,filled
2020-12-01,SH600732,sell,25500,25500,16.5316771774292,421557.7680244446,126.46733040733336,421.5577680244446,filled
2020-12-01,SH601012,sell,1700,1700,49.089167358398434,83451.58450927734,25.035475352783198,83.45158450927734,filled
2020-12-01,SH601100,sell,4400,4400,90.7069927368164,399110.76804199215,119.73323041259763,399.1107680419922,filled
2020-12-01,SH601888,sell,400,400,193.09520942687988,77238.08377075195,23.171425131225583,77.23808377075196,filled
2020-12-01,SH603127,sell,100,100,64.84462110900878,6484.4621109008785,5.0,6.484462110900878,filled
2020-12-01,SH603638,sell,4700,4700,38.032028778076175,178750.535256958,53.6251605770874,178.75053525695802,filled
2020-12-01,SH688188,sell,600,600,268.27713912963867,160966.2834777832,48.289885043334955,160.9662834777832,filled
2020-12-01,SZ000877,sell,97700,97700,15.916462586402893,1555038.3946915627,466.51151840746877,1555.0383946915629,filled
2020-12-01,SZ000951,sell,2900,2900,23.98134285736084,69545.89428634643,20.863768285903927,69.54589428634644,filled
2020-12-01,SZ002714,sell,28200,28200,54.08051653289795,1525070.5662277222,457.52116986831663,1525.0705662277223,filled
2020-12-01,SZ300598,sell,16700,16700,76.59186479187012,1279084.1420242311,383.7252426072693,1279.0841420242311,filled
2020-12-01,SZ300677,sell,2900,2900,84.22882010650635,244263.5783088684,73.27907349266052,244.2635783088684,filled
2020-12-01,SH603129,buy,900,900,137.33930476379393,123605.37428741454,37.081612286224356,0.0,filled
2020-12-01,SH603208,buy,1700,1700,96.60726820373534,164232.3559463501,49.26970678390502,0.0,filled
2020-12-01,SH603301,buy,4200,4200,53.361951984405515,224120.19833450316,67.23605950035095,0.0,filled
2020-12-01,SH603416,buy,100,100,81.60835177612304,8160.8351776123045,5.0,0.0,filled
2020-12-01,SH603489,buy,7600,7600,169.92029986572263,1291394.278979492,387.4182836938475,0.0,filled
2020-12-01,SH603613,buy,21900,21900,59.271897315979,1298054.55121994,389.41636536598196,0.0,filled
2020-12-01,SH603882,buy,15000,15000,86.21869329071043,1293280.3993606565,387.9841198081969,0.0,filled
2020-12-01,SZ002607,buy,36500,36500,35.61269885635375,1299863.508256912,389.95905247707356,0.0,filled
2020-12-01,SZ002803,buy,3800,3800,31.26780692863464,118817.66632881164,35.645299898643486,0.0,filled
2020-12-01,SZ002838,buy,6900,6900,21.9591492023468,151518.12949619294,45.45543884885788,0.0,filled
2020-12-01,SZ002847,buy,800,800,109.72218428802489,87777.74743041991,26.33332422912597,0.0,filled
2020-12-01,SZ002959,buy,13000,13000,99.43422716522215,1292644.953147888,387.79348594436635,0.0,filled
2020-12-01,SZ300122,buy,1500,1500,126.06766841125487,189101.5026168823,56.73045078506468,0.0,filled
2020-12-01,SZ300715,buy,5400,300,22.437356729507442,6731.207018852233,5.0,0.0,partial_volume_or_cash
2021-01-04,SH601012,sell,2600,2600,65.64234553527832,170670.09839172364,51.201029517517085,170.67009839172366,filled
2021-01-04,SH601100,sell,400,400,112.1199379348755,44847.975173950195,13.454392552185057,44.847975173950196,filled
2021-01-04,SH601888,sell,1200,1200,280.68558618164064,336822.70341796876,101.04681102539062,336.8227034179688,filled
2021-01-04,SH603127,sell,20000,20000,73.3966303024292,1467932.606048584,440.37978181457515,1467.932606048584,filled
2021-01-04,SH603129,sell,400,400,172.95028967285157,69180.11586914063,20.754034760742186,69.18011586914064,filled
2021-01-04,SH603489,sell,7600,7600,188.61534928894042,1433476.6545959471,430.0429963787841,1433.4766545959471,filled
2021-01-04,SH603613,sell,4200,4200,88.12303143310547,370116.73201904295,111.03501960571288,370.11673201904296,filled
2021-01-04,SH603638,sell,2200,2200,49.03552537536621,107878.15582580566,32.3634467477417,107.87815582580566,filled
2021-01-04,SH603882,sell,15000,15000,128.37521942138673,1925628.291320801,577.6884873962402,1925.628291320801,filled
2021-01-04,SZ000951,sell,54100,54100,21.957724199295043,1187912.8791818619,356.37386375455856,1187.9128791818619,filled
2021-01-04,SZ300677,sell,1300,1300,110.20888703155518,143271.55314102172,42.981465942306514,143.2715531410217,filled
2021-01-04,SZ300763,sell,100,100,85.74276942443848,8574.276942443848,5.0,8.574276942443849,filled
2021-01-04,SH600662,buy,29900,29900,8.808779189109801,263382.4977543831,79.01474932631491,0.0,filled
2021-01-04,SH600732,buy,18700,18700,16.1162951259613,301374.71885547636,90.41241565664289,0.0,filled
2021-01-04,SH603208,buy,1900,1900,102.16621209716796,194115.8029846191,58.23474089538573,0.0,filled
2021-01-04,SH603301,buy,1200,1200,61.36923410415649,73643.0809249878,22.092924277496337,0.0,filled
2021-01-04,SH603416,buy,1300,1300,90.72789769744873,117946.26700668334,35.383880102005,0.0,filled
2021-01-04,SH688111,buy,3800,3800,410.7981441040039,1561032.9475952147,468.30988427856437,0.0,filled
2021-01-04,SH688188,buy,1100,1100,263.24167742919917,289565.8451721191,86.86975355163572,0.0,filled
2021-01-04,SH688399,buy,8300,8300,188.0485173950195,1560802.694378662,468.24080831359856,0.0,filled
2021-01-04,SZ002607,buy,7600,7600,35.533266170501705,270052.822895813,81.01584686874389,0.0,filled
2021-01-04,SZ002714,buy,27600,27600,56.65203535079955,1563596.1756820676,469.07885270462026,0.0,filled
2021-01-04,SZ002803,buy,7300,7300,31.99350176239013,233552.56286544795,70.06576885963437,0.0,filled
2021-01-04,SZ002838,buy,2100,2100,25.561896146774288,53679.98190822601,16.1039945724678,0.0,filled
2021-01-04,SZ002847,buy,2700,2700,107.54260820770263,290365.0421607971,87.10951264823912,0.0,filled
2021-01-04,SZ002959,buy,1000,1000,111.49676135253905,111496.76135253905,33.44902840576171,0.0,filled
2021-01-04,SZ300122,buy,500,500,144.73377680969236,72366.88840484618,21.71006652145385,0.0,filled
2021-01-04,SZ300715,buy,20000,13900,21.530351310729976,299271.8832191467,89.781564965744,0.0,partial_volume_or_cash
2021-02-01,SH600732,sell,100,100,16.928250955581664,1692.8250955581664,5.0,1.6928250955581663,filled
2021-02-01,SH601012,sell,2000,2000,75.46664836120605,150933.2967224121,45.279989016723626,150.9332967224121,filled
2021-02-01,SH601888,sell,200,200,306.46492630004883,61292.985260009766,18.38789557800293,61.292985260009765,filled
2021-02-01,SH603208,sell,200,200,108.82102457427979,21764.204914855956,6.529261474456787,21.764204914855956,filled
2021-02-01,SH603416,sell,1300,1300,102.9598109664917,133847.75425643922,40.15432627693176,133.84775425643923,filled
2021-02-01,SH603613,sell,2400,2400,107.04211221313477,256901.06931152346,77.07032079345703,256.9010693115235,filled
2021-02-01,SH603638,sell,1300,1300,53.765070728302,69894.5919467926,20.96837758403778,69.8945919467926,filled
2021-02-01,SH688188,sell,5900,5900,308.04491821289065,1817465.017456055,545.2395052368164,1817.465017456055,filled
2021-02-01,SZ002607,sell,1700,1700,38.76901916885376,65907.3325870514,19.772199776115418,65.9073325870514,filled
2021-02-01,SZ002714,sell,1900,1900,63.913298572540285,121435.26728782654,36.43058018634796,121.43526728782655,filled
2021-02-01,SZ002803,sell,48900,48900,30.33796929359436,1483526.6984567642,445.05800953702925,1483.5266984567643,filled
2021-02-01,SZ300122,sell,400,400,157.43525688171385,62974.10275268554,18.89223082580566,62.97410275268554,filled
2021-02-01,SZ300677,sell,3500,3500,154.08181741333007,539286.3609466553,161.78590828399658,539.2863609466552,filled
2021-02-01,SZ300724,sell,10400,10400,129.61291786193848,1347974.3457641602,404.392303729248,1347.9743457641603,filled
2021-02-01,SZ300763,sell,5000,5000,123.72730698394776,618636.5349197388,185.5909604759216,618.6365349197388,filled
2021-02-01,SH600132,buy,12500,12500,131.1304654083252,1639130.817604065,491.73924528121944,0.0,filled
2021-02-01,SH600662,buy,27200,27200,8.038012549400328,218633.94134368893,65.59018240310667,0.0,filled
2021-02-01,SH600809,buy,6100,6100,270.1824491577148,1648112.9398620604,494.4338819586181,0.0,filled
2021-02-01,SH601100,buy,300,300,116.06858935546873,34820.576806640616,10.446173041992184,0.0,filled
2021-02-01,SH603129,buy,2700,2700,139.7655108947754,377366.8794158936,113.21006382476806,0.0,filled
2021-02-01,SH603301,buy,1800,1800,60.22985123062133,108413.73221511839,32.52411966453551,0.0,filled
2021-02-01,SH603882,buy,10300,10300,158.82309313964842,1635877.8593383788,490.76335780151356,0.0,filled
2021-02-01,SH688111,buy,100,100,415.5894296264648,41558.94296264648,12.467682888793941,0.0,filled
2021-02-01,SH688399,buy,200,200,192.12673399353025,38425.34679870605,11.527604039611814,0.0,filled
2021-02-01,SZ002838,buy,9200,9200,23.383536262512205,215128.53361511228,64.53856008453367,0.0,filled
2021-02-01,SZ002847,buy,1000,1000,106.13070577239989,106130.70577239989,31.839211731719963,0.0,filled
2021-02-01,SZ002959,buy,4200,4200,90.564465385437,380370.7546188354,114.11122638565061,0.0,filled
2021-02-01,SZ300715,buy,17500,15200,19.57571231460571,297550.8271820068,89.26524815460203,0.0,partial_volume_or_cash
2021-03-01,SH600132,sell,200,200,120.6189758605957,24123.79517211914,7.2371385516357405,24.123795172119138,filled
2021-03-01,SH600662,sell,29300,29300,8.471474764823913,248214.21060934066,74.4642631828022,248.21421060934065,filled
2021-03-01,SH600809,sell,6100,6100,227.5338960571289,1387956.7659484863,416.38702978454586,1387.9567659484862,filled
2021-03-01,SH601012,sell,2400,2400,76.53458722686767,183683.00934448242,55.10490280334472,183.68300934448243,filled
2021-03-01,SH601888,sell,600,600,313.49344372558596,188096.06623535158,56.428819870605466,188.09606623535157,filled
2021-03-01,SH603129,sell,1400,1400,143.56053465270995,200984.74851379392,60.29542455413817,200.98474851379393,filled
2021-03-01,SH603208,sell,15100,15100,106.73875833892822,1611755.250917816,483.5265752753448,1611.755250917816,filled
2021-03-01,SH603301,sell,500,500,55.52890342712402,27764.45171356201,8.329335514068603,27.76445171356201,filled
2021-03-01,SH603416,sell,15900,15900,84.43859394836426,1342573.6437789917,402.77209313369747,1342.5736437789917,filled
2021-03-01,SH603638,sell,2100,2100,52.27847973632812,109784.80744628905,32.93544223388671,109.78480744628905,filled
2021-03-01,SZ002714,sell,25700,25700,82.18105760192871,2112053.180369568,633.6159541108703,2112.053180369568,filled
2021-03-01,SZ002838,sell,70500,70500,23.26883738708496,1640453.0357894897,492.1359107368469,1640.4530357894898,filled
2021-03-01,SZ300122,sell,2000,2000,176.81932630920411,353638.6526184082,106.09159578552246,353.63865261840823,filled
2021-03-01,SZ300715,sell,11100,11100,21.044072725296022,233589.20725078584,70.07676217523574,233.58920725078585,filled
2021-03-01,SH600031,buy,36400,36400,40.9479886856079,1490506.7881561278,447.1520364468383,0.0,filled
2021-03-01,SH600732,buy,14200,14200,13.41161350917816,190444.91183032986,57.13347354909895,0.0,filled
2021-03-01,SH601100,buy,1200,1200,96.52071781158446,115824.86137390135,34.7474584121704,0.0,filled
2021-03-01,SH603218,buy,41900,41900,35.58574016189575,1491042.512783432,447.3127538350295,0.0,filled
2021-03-01,SH603613,buy,500,500,94.49986963653564,47249.934818267815,14.174980445480344,0.0,filled
2021-03-01,SH603882,buy,400,400,138.2724268951416,55308.97075805664,16.59269122741699,0.0,filled
2021-03-01,SH688111,buy,400,400,341.60478280639643,136641.91312255856,40.99257393676756,0.0,filled
2021-03-01,SH688298,buy,10700,10700,138.25443406677243,1479322.444514465,443.7967333543395,0.0,filled
2021-03-01,SH688399,buy,300,300,168.1981662445068,50459.449873352045,15.137834962005613,0.0,filled
2021-03-01,SZ000951,buy,54700,54700,27.258936416625975,1491063.8219894408,447.3191465968322,0.0,filled
2021-03-01,SZ002607,buy,3200,3200,32.68024586486816,104576.78676757812,31.373036030273433,0.0,filled
2021-03-01,SZ002959,buy,200,200,80.73235458374023,16146.470916748047,5.0,0.0,filled
2021-03-01,SZ002975,buy,14300,14300,103.763610206604,1483819.6259544373,445.1458877863312,0.0,filled
2021-03-01,SZ300443,buy,44300,44300,33.678790561676024,1491970.4218822478,447.5911265646743,0.0,filled
2021-04-01,SH600031,sell,36400,36400,32.966763725280764,1199990.1996002197,359.9970598800659,1199.9901996002197,filled
2021-04-01,SH600132,sell,12300,12300,110.71895079803467,1361843.0948158265,408.5529284447479,1361.8430948158266,filled
2021-04-01,SH600662,sell,175800,175800,8.581287251472473,1508590.2988088606,452.57708964265817,1508.5902988088606,filled
2021-04-01,SH600732,sell,111300,111300,12.023135384559632,1338174.9683014872,401.4524904904461,1338.174968301487,filled
2021-04-01,SH601888,sell,200,200,307.26042517089843,61452.08503417968,18.435625510253903,61.45208503417968,filled
2021-04-01,SH603218,sell,41900,41900,34.04860087966919,1426636.376858139,427.9909130574417,1426.6363768581389,filled
2021-04-01,SH603301,sell,26800,26800,54.07969338226318,1449335.7826446532,434.8007347933959,1449.3357826446534,filled
2021-04-01,SH603613,sell,15800,15800,100.05197037506103,1580821.1319259643,474.24633957778923,1580.8211319259642,filled
2021-04-01,SH688111,sell,4300,4300,324.02269885253907,1393297.605065918,417.9892815197754,1393.297605065918,filled
2021-04-01,SZ000951,sell,800,800,25.96204716682434,20769.637733459473,6.230891320037841,20.769637733459472,filled
2021-04-01,SZ002607,sell,45600,45600,28.48921107673645,1299108.025099182,389.7324075297546,1299.108025099182,filled
2021-04-01,SZ002847,sell,15500,15500,130.67667237854005,2025488.4218673708,607.6465265602112,2025.4884218673708,filled
2021-04-01,SZ002959,sell,18400,18400,84.27215746307373,1550607.6973205565,465.1823091961669,1550.6076973205566,filled
2021-04-01,SZ002975,sell,14300,14300,83.17192517852783,1189358.530052948,356.8075590158844,1189.358530052948,filled
2021-04-01,SZ300122,sell,300,300,171.82946337890624,51548.83901367187,15.464651704101561,51.54883901367187,filled
2021-04-01,SZ300715,sell,70800,70800,23.30912794303894,1650286.258367157,495.0858775101471,1650.2862583671572,filled
2021-04-01,SH600876,buy,80300,80300,17.468859794616698,1402749.4415077209,420.82483245231623,0.0,filled
2021-04-01,SH601012,buy,2600,2600,63.668764919280996,165538.78879013058,49.66163663703917,0.0,filled
2021-04-01,SH601100,buy,400,400,88.49335031890868,35397.340127563475,10.61920203826904,0.0,filled
2021-04-01,SH601865,buy,52300,52300,26.843617872238156,1403921.2147180554,421.1763644154166,0.0,filled
2021-04-01,SH603010,buy,72100,72100,19.465061384201046,1403430.9258008956,421.02927774026864,0.0,filled
2021-04-01,SH603127,buy,13400,13400,104.10202964782714,1394967.1972808836,418.49015918426505,0.0,filled
2021-04-01,SH603129,buy,900,900,124.45013146972654,112005.11832275389,33.601535496826166,0.0,filled
2021-04-01,SH603489,buy,7400,7400,188.79104995727536,1397053.7696838377,419.11613090515124,0.0,filled
2021-04-01,SH603638,buy,4200,4200,42.926382644653316,180290.80710754392,54.08724213226317,0.0,filled
2021-04-01,SH603806,buy,19500,19500,71.92272673034667,1402493.17124176,420.74795137252795,0.0,filled
2021-04-01,SH603882,buy,300,300,126.98136195373534,38094.408586120604,11.42832257583618,0.0,filled
2021-04-01,SH688169,buy,1200,1200,1158.813784057617,1390576.5408691405,417.1729622607421,0.0,filled
2021-04-01,SH688298,buy,400,400,125.98407354736327,50393.629418945304,15.11808882568359,0.0,filled
2021-04-01,SH688399,buy,1000,1000,142.23530915832518,142235.30915832517,42.670592747497544,0.0,filled
2021-04-01,SZ002030,buy,73300,73300,19.139416774749755,1402919.249589157,420.8757748767471,0.0,filled
2021-04-01,SZ002469,buy,200800,200800,6.9894295945167535,1403477.4625789642,421.0432387736892,0.0,filled
2021-04-01,SZ002706,buy,59900,59900,23.439865041732787,1404047.915999794,421.2143747999381,0.0,filled
2021-04-01,SZ002714,buy,19600,19600,71.48697341918944,1401144.679016113,420.34340370483386,0.0,filled
2021-04-01,SZ002803,buy,46600,46600,30.101831937789914,1402745.36830101,420.82361049030294,0.0,filled
2021-04-01,SZ300443,buy,1100,1100,30.909916894912715,34000.90858440399,10.200272575321195,0.0,filled
2021-04-01,SZ300595,buy,21600,21600,64.8262437210083,1400246.8643737792,420.0740593121337,0.0,filled
2021-04-01,SZ300677,buy,2600,1000,106.28835685729979,106288.35685729979,31.886507057189934,0.0,partial_volume_or_cash
2021-04-01,SZ300763,buy,2400,100,89.52663201904296,8952.663201904297,5.0,0.0,partial_volume_or_cash
2021-05-06,SH600876,sell,80300,80300,16.853460479736327,1353332.876522827,405.99986295684806,1353.332876522827,filled
2021-05-06,SH601012,sell,22000,22000,70.46196109771728,1550163.14414978,465.048943244934,1550.16314414978,filled
2021-05-06,SH601100,sell,15800,15800,83.31238668823242,1316335.7096740722,394.90071290222164,1316.3357096740722,filled
2021-05-06,SH601865,sell,52300,52300,27.36490735244751,1431184.6545330049,429.3553963599014,1431.184654533005,filled
2021-05-06,SH601888,sell,4500,4500,317.5108151550293,1428798.6681976318,428.6396004592895,1428.798668197632,filled
2021-05-06,SH603127,sell,13400,13400,106.57973020935059,1428168.384805298,428.45051544158935,1428.168384805298,filled
2021-05-06,SH603129,sell,11200,11200,145.68645835876464,1631688.333618164,489.5065000854492,1631.688333618164,filled
2021-05-06,SH603489,sell,7400,7400,212.05390814208985,1569198.920251465,470.7596760754394,1569.1989202514649,filled
2021-05-06,SH603638,sell,32700,32700,43.38779740905762,1418780.975276184,425.63429258285515,1418.780975276184,filled
2021-05-06,SH603806,sell,19500,19500,75.40918025207519,1470479.014915466,441.1437044746398,1470.479014915466,filled
2021-05-06,SH603882,sell,100,100,143.8474483795166,14384.74483795166,5.0,14.384744837951661,filled
2021-05-06,SH688169,sell,1200,1200,1433.4690267333983,1720162.832080078,516.0488496240234,1720.162832080078,filled
2021-05-06,SH688298,sell,2600,2600,184.59023414611818,479934.6087799073,143.98038263397217,479.9346087799073,filled
2021-05-06,SH688399,sell,800,800,173.3920929107666,138713.67432861327,41.61410229858398,138.71367432861328,filled
2021-05-06,SZ000951,sell,53900,53900,23.297727687835692,1255747.5223743438,376.7242567123031,1255.7475223743438,filled
2021-05-06,SZ002030,sell,73300,73300,20.77309610939026,1522667.944818306,456.8003834454918,1522.667944818306,filled
2021-05-06,SZ002469,sell,200800,200800,5.964550452232361,1197681.730808258,359.3045192424774,1197.6817308082582,filled
2021-05-06,SZ002706,sell,59900,59900,25.434335203170775,1523516.6786699295,457.0550036009788,1523.5166786699294,filled
2021-05-06,SZ002714,sell,19600,19600,79.36502879333496,1555554.5643493652,466.6663693048095,1555.5545643493651,filled
2021-05-06,SZ002803,sell,46600,46600,26.735766843795776,1245886.734920883,373.7660204762649,1245.886734920883,filled
2021-05-06,SZ300122,sell,8100,8100,204.21536476135253,1654144.4545669556,496.24333637008664,1654.1444545669556,filled
2021-05-06,SZ300443,sell,45400,45400,26.86278165435791,1219570.287107849,365.87108613235466,1219.570287107849,filled
2021-05-06,SZ300595,sell,2700,2700,83.00898708343506,224124.26512527466,67.2372795375824,224.12426512527466,filled
2021-05-06,SZ300763,sell,13300,13300,119.61641649627686,1590898.3394004821,477.26950182014457,1590.8983394004822,filled
2021-05-06,SH600309,buy,15400,15400,102.1020916442871,1572372.2113220214,471.7116633966064,0.0,filled
2021-05-06,SH600702,buy,11800,11800,132.96058654785153,1568934.9212646482,470.6804763793944,0.0,filled
2021-05-06,SH601636,buy,103100,103100,15.266629437446593,1573989.4950007438,472.1968485002231,0.0,filled
2021-05-06,SH601919,buy,102800,102800,15.314593766212461,1574340.239166641,472.30207174999225,0.0,filled
2021-05-06,SH603010,buy,4000,4000,20.670231491088863,82680.92596435545,24.804277789306635,0.0,filled
2021-05-06,SH603185,buy,11000,11000,142.62174256896972,1568839.168258667,470.65175047760005,0.0,filled
2021-05-06,SH603301,buy,31300,31300,50.215734874725335,1571752.501578903,471.5257504736709,0.0,filled
2021-05-06,SH603486,buy,9200,9200,169.3954072113037,1558437.746343994,467.5313239031982,0.0,filled
2021-05-06,SH603877,buy,32600,32600,48.26610194778442,1573474.923497772,472.0424770493316,0.0,filled
2021-05-06,SZ000799,buy,8000,8000,196.51481520080563,1572118.521606445,471.63555648193346,0.0,filled
2021-05-06,SZ002027,buy,152000,152000,10.35319735431671,1573685.9978561401,472.105799356842,0.0,filled
2021-05-06,SZ002064,buy,123800,123800,12.715892085075376,1574227.4401323316,472.26823203969946,0.0,filled
2021-05-06,SZ002648,buy,53400,53400,29.450036766052243,1572631.9633071898,471.7895889921569,0.0,filled
2021-05-06,SZ002677,buy,73700,73700,21.349491310119628,1573457.5095558167,472.03725286674495,0.0,filled
2021-05-06,SZ002709,buy,23100,23100,67.97808168029785,1570293.6868148802,471.08810604446404,0.0,filled
2021-05-06,SZ002919,buy,29200,29200,53.77953299713134,1570362.3635162353,471.10870905487053,0.0,filled
2021-05-06,SZ002932,buy,21000,21000,74.71912232208251,1569101.5687637327,470.73047062911974,0.0,filled
2021-05-06,SZ300124,buy,26300,26300,59.81467969894408,1573126.0760822294,471.9378228246688,0.0,filled
2021-05-06,SZ300593,buy,56700,56700,27.739690891265866,1572840.4735347745,471.8521420604323,0.0,filled
2021-05-06,SZ300677,buy,2300,2300,112.48903987121581,258724.79170379636,77.6174375111389,0.0,filled
2021-05-06,SZ300729,buy,59800,48200,26.306061122894285,1267952.1461235045,380.3856438370513,0.0,partial_volume_or_cash
2021-06-01,SH600309,sell,1100,1100,107.91197664642334,118703.17431106567,35.6109522933197,118.70317431106567,filled
2021-06-01,SH600702,sell,3900,3900,195.08002377319335,760812.092715454,228.2436278146362,760.812092715454,filled
2021-06-01,SH601636,sell,9000,9000,16.437672231674195,147939.05008506775,44.38171502552032,147.93905008506775,filled
2021-06-01,SH601919,sell,7400,7400,16.22262603378296,120047.43264999389,36.014229794998165,120.0474326499939,filled
2021-06-01,SH603010,sell,10300,10300,23.49737029838562,242022.91407337188,72.60687422201156,242.02291407337188,filled
2021-06-01,SH603185,sell,1100,1100,155.61292332458495,171174.21565704345,51.35226469711303,171.17421565704345,filled
2021-06-01,SH603486,sell,600,600,179.74509329223633,107847.0559753418,32.35411679260254,107.8470559753418,filled
2021-06-01,SH603877,sell,2800,2800,51.80234806823731,145046.57459106445,43.513972377319334,145.04657459106446,filled
2021-06-01,SH603882,sell,900,900,153.5353063659668,138181.7757293701,41.45453271881102,138.18177572937012,filled
2021-06-01,SH688298,sell,300,300,186.89754061889647,56069.262185668944,16.820778655700682,56.06926218566895,filled
2021-06-01,SH688399,sell,9000,9000,162.54371447753905,1462893.4302978516,438.86802908935545,1462.8934302978516,filled
2021-06-01,SZ000799,sell,1700,1700,245.62743296813966,417566.6360458374,125.26999081375122,417.5666360458374,filled
2021-06-01,SZ002648,sell,53400,53400,31.666549661636353,1690993.7519313812,507.2981255794143,1690.9937519313812,filled
2021-06-01,SZ002709,sell,6200,6200,91.20828385162353,565491.3598800659,169.64740796401975,565.4913598800659,filled
2021-06-01,SZ300124,sell,2500,2500,65.01557730102539,162538.94325256348,48.76168297576904,162.53894325256348,filled
2021-06-01,SZ300593,sell,10700,10700,33.65454418945313,360103.6228271485,108.03108684814453,360.10362282714846,filled
2021-06-01,SZ300595,sell,3700,3700,101.62744258117675,376021.53755035397,112.80646126510618,376.02153755035397,filled
2021-06-01,SH600877,buy,94100,94100,16.485192020416257,1551256.5691211699,465.3769707363509,0.0,filled
2021-06-01,SH603301,buy,1500,1500,47.19380269241333,70790.70403862,21.237211211585997,0.0,filled
2021-06-01,SH603392,buy,6800,6800,227.4282966766357,1546512.4174011229,463.9537252203368,0.0,filled
2021-06-01,SH688068,buy,7800,7800,197.69849281311033,1542048.2439422605,462.6144731826781,0.0,filled
2021-06-01,SZ002027,buy,6300,6300,9.796743743896483,61719.485586547846,18.515845675964353,0.0,filled
2021-06-01,SZ002030,buy,65300,65300,23.723326549530025,1549133.2236843107,464.73996710529315,0.0,filled
2021-06-01,SZ002064,buy,2800,2800,12.249032220840453,34297.29021835327,10.289187065505981,0.0,filled
2021-06-01,SZ002677,buy,4900,4900,19.718931333541867,96622.76353435515,28.986829060306544,0.0,filled
2021-06-01,SZ002919,buy,1700,1700,50.193232383728024,85328.49505233765,25.598548515701292,0.0,filled
2021-06-01,SZ002932,buy,1600,1600,68.56772866058348,109708.36585693357,32.912509757080066,0.0,filled
2021-06-01,SZ300677,buy,2400,2400,94.7660733795166,227438.57611083984,68.23157283325195,0.0,filled
2021-06-01,SZ300729,buy,8500,5700,27.326583265304563,155761.524612236,46.7284573836708,0.0,partial_volume_or_cash
2021-07-01,SH600702,sell,200,200,216.31630407714843,43263.26081542968,12.978978244628903,43.26326081542968,filled
2021-07-01,SH601636,sell,3100,3100,18.510176891326903,57381.5483631134,17.214464508934018,57.381548363113396,filled
2021-07-01,SH601919,sell,24200,24200,23.664607069015503,572683.4910701752,171.80504732105254,572.6834910701753,filled
2021-07-01,SH603185,sell,500,500,178.79892736816407,89399.46368408203,26.819839105224606,89.39946368408204,filled
2021-07-01,SH603301,sell,32800,32800,41.65652108001709,1366333.8914245607,409.90016742736816,1366.3338914245608,filled
2021-07-01,SH603392,sell,300,300,256.7422073364258,77022.66220092773,23.10679866027832,77.02266220092774,filled
2021-07-01,SH603486,sell,1200,1200,227.76602453613282,273319.22944335936,81.9957688330078,273.31922944335935,filled
2021-07-01,SH688298,sell,8200,8200,216.25261660766603,1773271.4561828615,531.9814368548584,1773.2714561828616,filled
2021-07-01,SZ002030,sell,65300,65300,21.178505418777466,1382956.4038461684,414.8869211538505,1382.9564038461685,filled
2021-07-01,SZ002064,sell,8700,8700,14.295639925003051,124372.06734752655,37.31162020425796,124.37206734752655,filled
2021-07-01,SZ002709,sell,1100,1100,106.45314031219482,117098.4543434143,35.12953630302429,117.0984543434143,filled
2021-07-01,SZ002919,sell,30900,30900,44.833600524902344,1385358.2562194825,415.6074768658447,1385.3582562194827,filled
2021-07-01,SZ300124,sell,1100,1100,74.19565042877197,81615.21547164916,24.484564641494746,81.61521547164917,filled
2021-07-01,SZ300593,sell,7200,7200,43.35407109832764,312149.311907959,93.64479357238768,312.149311907959,filled
2021-07-01,SZ300729,sell,53900,53900,23.86592646789551,1286373.436619568,385.91203098587033,1286.3734366195679,filled
2021-07-01,SH600309,buy,1100,1100,109.58949863433837,120548.4484977722,36.164534549331655,0.0,filled
2021-07-01,SH600877,buy,13000,13000,15.76513140106201,204946.70821380612,61.484012464141834,0.0,filled
2021-07-01,SH603010,buy,14600,14600,20.991618459701535,306477.6295116424,91.9432888534927,0.0,filled
2021-07-01,SH603877,buy,1400,1400,53.97318883132934,75562.46436386107,22.66873930915832,0.0,filled
2021-07-01,SH603882,buy,500,500,160.17035580444335,80085.17790222168,24.0255533706665,0.0,filled
2021-07-01,SH688068,buy,1100,1100,188.1836468963623,207002.01158599852,62.10060347579955,0.0,filled
2021-07-01,SZ000737,buy,192800,192800,8.759086983680724,1688751.9704536437,506.6255911360931,0.0,filled
2021-07-01,SZ000786,buy,42900,42900,39.28955548095703,1685521.9301330564,505.6565790399169,0.0,filled
2021-07-01,SZ000799,buy,200,200,258.59402905273436,51718.80581054687,15.51564174316406,0.0,filled
2021-07-01,SZ002027,buy,28500,28500,9.037660796165465,257573.33269071576,77.27199980721473,0.0,filled
2021-07-01,SZ002139,buy,94100,94100,17.948077318191526,1688914.0756418225,506.6742226925467,0.0,filled
2021-07-01,SZ002648,buy,41100,41100,41.04162623596191,1686810.8382980344,506.0432514894103,0.0,filled
2021-07-01,SZ002677,buy,13200,13200,18.397378709793088,242845.39896926878,72.85361969078063,0.0,filled
2021-07-01,SZ002932,buy,2500,2500,67.1013055114746,167753.26377868652,50.325979133605955,0.0,filled
2021-07-01,SZ300595,buy,1100,1100,103.39314581298827,113732.46039428709,34.11973811828612,0.0,filled
2021-07-01,SZ300677,buy,3800,3800,83.74167803955078,318218.37655029295,95.46551296508788,0.0,filled
2021-08-02,SH600309,sell,900,900,112.76704103851318,101490.33693466187,30.447101080398557,101.49033693466187,filled
2021-08-02,SH600877,sell,107100,107100,13.55603050518036,1451850.8671048165,435.5552601314449,1451.8508671048164,filled
2021-08-02,SH601636,sell,17900,17900,22.416966035842897,401263.69204158784,120.37910761247635,401.26369204158783,filled
2021-08-02,SH603185,sell,2200,2200,225.37335429382324,495821.37944641116,148.74641383392333,495.8213794464112,filled
2021-08-02,SH603392,sell,500,500,271.13133773803713,135565.66886901855,40.669700660705566,135.56566886901857,filled
2021-08-02,SH688068,sell,100,100,184.81798773193358,18481.798773193357,5.544539631958006,18.481798773193358,filled
2021-08-02,SZ000786,sell,42900,42900,32.29776710128784,1385574.2086452483,415.6722625935745,1385.5742086452483,filled
2021-08-02,SZ002027,sell,186800,186800,7.282360789775848,1360344.9955301285,408.1034986590385,1360.3449955301285,filled
2021-08-02,SZ002139,sell,94100,94100,17.012894468307493,1600913.369467735,480.2740108403205,1600.913369467735,filled
2021-08-02,SZ002648,sell,41100,41100,36.36472192382813,1494590.071069336,448.3770213208008,1494.590071069336,filled
2021-08-02,SZ002932,sell,25100,25100,76.06865348052979,1909323.2023612978,572.7969607083893,1909.323202361298,filled
2021-08-02,SZ300124,sell,1700,1700,77.96199140167236,132535.38538284303,39.7606156148529,132.53538538284303,filled
2021-08-02,SZ300593,sell,2100,2100,44.63458480453491,93732.6280895233,28.11978842685699,93.7326280895233,filled
2021-08-02,SZ300677,sell,20100,20100,80.93186553955078,1626730.4973449707,488.01914920349117,1626.7304973449707,filled
2021-08-02,SH600702,buy,1800,1800,172.29217620849607,310125.9171752929,93.03777515258787,0.0,filled
2021-08-02,SH601919,buy,20900,20900,17.81899824905395,372417.06340522756,111.72511902156826,0.0,filled
2021-08-02,SH603010,buy,6900,6900,18.809802822113035,129787.63947257995,38.93629184177398,0.0,filled
2021-08-02,SH603486,buy,1900,1900,175.17910871887204,332840.3065658569,99.85209196975707,0.0,filled
2021-08-02,SH603877,buy,1600,1600,50.06417049789428,80102.67279663085,24.030801838989255,0.0,filled
2021-08-02,SH603882,buy,1400,1400,137.14152111816404,191998.12956542964,57.599438869628884,0.0,filled
2021-08-02,SH688516,buy,9900,9900,164.5176705780029,1628724.9387222289,488.6174816166686,0.0,filled
2021-08-02,SZ000737,buy,1100,1100,8.467704927444457,9314.475420188903,5.0,0.0,filled
2021-08-02,SZ000799,buy,2300,2300,185.81479481506346,427374.02807464596,128.2122084223938,0.0,filled
2021-08-02,SZ002064,buy,16900,16900,12.182091796875,205877.35136718748,61.76320541015624,0.0,filled
2021-08-02,SZ002677,buy,17800,17800,14.98389249229431,266713.2863628387,80.01398590885161,0.0,filled
2021-08-02,SZ002709,buy,100,100,103.20304501342773,10320.304501342773,5.0,0.0,filled
2021-08-02,SZ002812,buy,6400,6400,254.25416801452633,1627226.6752929685,488.1680025878905,0.0,filled
2021-08-02,SZ002919,buy,41000,41000,40.045716312408445,1641874.3688087463,492.56231064262386,0.0,filled
2021-08-02,SZ300015,buy,28700,28700,57.05708400726318,1637538.3110084531,491.2614933025359,0.0,filled
2021-08-02,SZ300587,buy,99400,99400,16.515843215942382,1641674.8156646728,492.5024446994018,0.0,filled
2021-08-02,SZ300595,buy,1900,1900,90.08934321594238,171169.75211029052,51.35092563308715,0.0,filled
2021-08-02,SZ300850,buy,11000,10300,148.7269169616699,1531887.2447052,459.56617341155993,0.0,partial_volume_or_cash
2021-09-01,SH600309,sell,400,400,107.29251006317139,42917.00402526856,12.875101207580567,42.91700402526856,filled
2021-09-01,SH600702,sell,1200,1200,182.52917166137695,219035.00599365233,65.71050179809569,219.03500599365233,filled
2021-09-01,SH601636,sell,16700,16700,26.971262237548828,450420.07936706545,135.12602381011962,450.42007936706545,filled
2021-09-01,SH601919,sell,17900,17900,20.515002182006835,367218.5390579224,110.1655617173767,367.2185390579224,filled
2021-09-01,SH603010,sell,87300,87300,21.05856932258606,1838413.101861763,551.5239305585288,1838.4131018617632,filled
2021-09-01,SH603185,sell,2500,2500,322.6739208068848,806684.8020172119,242.00544060516356,806.684802017212,filled
2021-09-01,SH603877,sell,32800,32800,45.84623586273193,1503756.5362976072,451.12696088928215,1503.7565362976072,filled
2021-09-01,SH603882,sell,11900,11900,105.90047087860107,1260215.6034553528,378.0646810366058,1260.215603455353,filled
2021-09-01,SH688516,sell,3400,3400,231.77057615661622,788019.9589324951,236.4059876797485,788.0199589324951,filled
2021-09-01,SZ000737,sell,12000,12000,8.371403846740723,100456.84616088867,30.1370538482666,100.45684616088867,filled
2021-09-01,SZ000799,sell,1500,1500,206.91410984802246,310371.1647720337,93.1113494316101,310.3711647720337,filled
2021-09-01,SZ002064,sell,25900,25900,13.976114570617677,361981.36737899785,108.59441021369935,361.98136737899785,filled
2021-09-01,SZ002677,sell,109600,109600,15.026100368499756,1646860.6003875732,494.05818011627196,1646.8606003875732,filled
2021-09-01,SZ002709,sell,4700,4700,134.96418965148925,634331.6913619995,190.29950740859982,634.3316913619994,filled
2021-09-01,SZ002812,sell,1100,1100,285.5451626586914,314099.67892456055,94.22990367736816,314.0996789245606,filled
2021-09-01,SZ002919,sell,41000,41000,37.530791015625,1538762.431640625,461.62872949218746,1538.762431640625,filled
2021-09-01,SZ300015,sell,28700,28700,42.008063564300535,1205631.4242954254,361.6894272886276,1205.6314242954254,filled
2021-09-01,SZ300124,sell,21000,21000,70.62912927246094,1483211.71472168,444.9635144165039,1483.21171472168,filled
2021-09-01,SZ300587,sell,99400,99400,20.918557497024537,2079304.615204239,623.7913845612717,2079.304615204239,filled
2021-09-01,SZ300593,sell,10400,10400,57.74150946807861,600511.6984680175,180.15350954040522,600.5116984680175,filled
2021-09-01,SZ300595,sell,18200,18200,68.42098958587647,1245262.0104629518,373.5786031388855,1245.2620104629518,filled
2021-09-01,SZ300850,sell,800,800,159.39758702087403,127518.06961669923,38.25542088500976,127.51806961669924,filled
2021-09-01,SH600809,buy,5500,5500,274.72333193969723,1510978.3256683347,453.2934977005004,0.0,filled
2021-09-01,SH600876,buy,63600,63600,23.98675232505798,1525557.4478736876,457.6672343621062,0.0,filled
2021-09-01,SH603260,buy,6900,6900,220.09851022338864,1518679.7205413817,455.60391616241446,0.0,filled
2021-09-01,SH603392,buy,600,600,230.33982040405272,138203.89224243164,41.46116767272949,0.0,filled
2021-09-01,SH603486,buy,900,900,149.46613505554197,134519.52154998778,40.35585646499633,0.0,filled
2021-09-01,SH603613,buy,14000,14000,108.91246882629393,1524774.563568115,457.43236907043445,0.0,filled
2021-09-01,SH603659,buy,9900,9900,154.1486999053955,1526072.1290634153,457.8216387190246,0.0,filled
2021-09-01,SH688068,buy,2900,2900,129.55264099121092,375702.65887451166,112.71079766235349,0.0,filled
2021-09-01,SH688598,buy,3600,3600,417.86853140258785,1504326.7130493163,451.29801391479486,0.0,filled
2021-09-01,SZ002553,buy,118400,118400,12.882613090515136,1525301.389916992,457.5904169750976,0.0,filled
2021-09-01,SZ002648,buy,36300,36300,41.9421153640747,1522498.7877159116,456.74963631477345,0.0,filled
2021-09-01,SZ300014,buy,14900,14900,102.11174484252929,1521464.9981536865,456.4394994461059,0.0,filled
2021-09-01,SZ300316,buy,18300,18300,83.34310176086424,1525178.7622238155,457.5536286671446,0.0,filled
2021-09-01,SZ300450,buy,20400,20400,74.4742029647827,1519273.740481567,455.78212214447007,0.0,filled
2021-09-01,SZ300763,buy,5600,5600,269.6407397766113,1509988.1427490234,452.996442824707,0.0,filled
2021-10-08,SH600309,sell,14100,14100,108.87096237945556,1535080.5695503235,460.524170865097,1535.0805695503236,filled
2021-10-08,SH600702,sell,1300,1300,206.80546920776368,268847.1099700928,80.65413299102782,268.8471099700928,filled
2021-10-08,SH600809,sell,900,900,316.90275073242185,285212.4756591797,85.5637426977539,285.2124756591797,filled
2021-10-08,SH603486,sell,800,800,154.82937538146973,123863.50030517578,37.15905009155273,123.86350030517579,filled
2021-10-08,SH603613,sell,1600,1600,117.76207914733887,188419.32663574218,56.52579799072265,188.41932663574218,filled
2021-10-08,SH603659,sell,9900,9900,176.62923948669433,1748629.4709182738,524.5888412754821,1748.629470918274,filled
2021-10-08,SZ000737,sell,181900,181900,8.501017679214478,1546335.1158491136,463.90053475473405,1546.3351158491137,filled
2021-10-08,SZ000799,sell,1500,1500,250.7483597717285,376122.5396575928,112.83676189727782,376.12253965759277,filled
2021-10-08,SZ002553,sell,118400,118400,10.288045314788818,1218104.565270996,365.4313695812988,1218.104565270996,filled
2021-10-08,SZ002648,sell,100,100,40.26095682907104,4026.095682907104,5.0,4.026095682907104,filled
2021-10-08,SZ002709,sell,1800,1800,154.84403965759276,278719.27138366696,83.61578141510007,278.719271383667,filled
2021-10-08,SZ002812,sell,200,200,283.7178292236328,56743.56584472656,17.023069753417968,56.74356584472656,filled
2021-10-08,SZ300014,sell,600,600,101.8980609741211,61138.83658447266,18.341650975341796,61.13883658447266,filled
2021-10-08,SZ300316,sell,18300,18300,64.93417684936523,1188295.4363433837,356.48863090301506,1188.2954363433837,filled
2021-10-08,SZ300850,sell,1500,1500,181.9855263977051,272978.2895965576,81.89348687896728,272.9782895965576,filled
2021-10-08,SH600876,buy,10700,10700,19.67074362182617,210476.95675354,63.14308702606199,0.0,filled
2021-10-08,SH601636,buy,26400,26400,17.657639389038085,466161.67987060547,139.84850396118162,0.0,filled
2021-10-08,SH601919,buy,12200,12200,16.918736322402953,206408.58313331602,61.9225749399948,0.0,filled
2021-10-08,SH603010,buy,59700,59700,24.474456491470335,1461125.0525407789,438.33751576223364,0.0,filled
2021-10-08,SH603185,buy,400,400,284.64373437499995,113857.49374999998,34.15724812499999,0.0,filled
2021-10-08,SH603260,buy,1100,1100,182.36629666137694,200602.92632751464,60.18087789825439,0.0,filled
2021-10-08,SH603392,buy,100,100,216.26780957031247,21626.780957031246,6.4880342871093735,0.0,filled
2021-10-08,SH688068,buy,900,900,115.80038471221923,104220.3462409973,31.266103872299187,0.0,filled
2021-10-08,SH688298,buy,9300,9300,156.1525938873291,1452219.1231521606,435.6657369456481,0.0,filled
2021-10-08,SH688356,buy,5600,5600,259.1431616210937,1451201.7050781248,435.36051152343737,0.0,filled
2021-10-08,SH688516,buy,1000,1000,193.24878082275387,193248.78082275388,57.974634246826156,0.0,filled
2021-10-08,SH688598,buy,400,400,360.3603665771484,144144.14663085935,43.2432439892578,0.0,filled
2021-10-08,SZ000848,buy,124200,124200,11.781623445510863,1463277.6319324493,438.98328957973473,0.0,filled
2021-10-08,SZ002064,buy,9700,9700,12.332671952247619,119626.91793680191,35.88807538104057,0.0,filled
2021-10-08,SZ300122,buy,9800,9800,148.14789308166502,1451849.3522003172,435.5548056600951,0.0,filled
2021-10-08,SZ300450,buy,100,100,71.070793800354,7107.0793800353995,5.0,0.0,filled
2021-10-08,SZ300593,buy,600,600,54.24538381958007,32547.23029174804,9.764169087524412,0.0,filled
2021-10-08,SZ300763,buy,400,200,242.24155705261228,48448.31141052245,14.534493423156734,0.0,partial_volume_or_cash
2021-11-01,SH600876,sell,74300,74300,21.790157787322997,1619008.7235980986,485.70261707942956,1619.0087235980986,filled
2021-11-01,SH601636,sell,82800,82800,15.82189744091034,1310053.1081073761,393.0159324322128,1310.0531081073761,filled
2021-11-01,SH603185,sell,300,300,303.19491467285155,90958.47440185546,27.287542320556636,90.95847440185547,filled
2021-11-01,SH603392,sell,200,200,221.75868644714356,44351.73728942871,13.305521186828612,44.35173728942871,filled
2021-11-01,SH603486,sell,1400,1400,181.91757073974608,254684.59903564453,76.40537971069335,254.68459903564454,filled
2021-11-01,SH603613,sell,12400,12400,112.09122674560547,1389931.2116455077,416.9793634936523,1389.9312116455078,filled
2021-11-01,SH688298,sell,9300,9300,136.86732916259766,1272866.1612121582,381.8598483636474,1272.8661612121582,filled
2021-11-01,SH688356,sell,400,400,280.1031613769531,112041.26455078124,33.61237936523437,112.04126455078125,filled
2021-11-01,SH688516,sell,1200,1200,230.77201821899413,276926.421862793,83.07792655883789,276.926421862793,filled
2021-11-01,SZ000848,sell,124200,124200,10.299456049919128,1279192.4413999557,383.75773241998667,1279.1924413999557,filled
2021-11-01,SZ002709,sell,600,600,165.83401524353027,99500.40914611817,29.85012274383545,99.50040914611817,filled
2021-11-01,SZ002812,sell,200,200,293.7056036682129,58741.12073364259,17.622336220092773,58.74112073364259,filled
2021-11-01,SZ300014,sell,14300,14300,111.93806737518311,1600714.3634651185,480.2143090395355,1600.7143634651186,filled
2021-11-01,SZ300122,sell,9800,9800,149.0405532989502,1460597.4223297117,438.17922669891345,1460.5974223297117,filled
2021-11-01,SZ300450,sell,20500,20500,80.86898597717285,1657814.2125320435,497.344263759613,1657.8142125320435,filled
2021-11-01,SZ300763,sell,5800,5800,272.93717779541015,1583035.6312133789,474.9106893640136,1583.0356312133788,filled
2021-11-01,SZ300850,sell,8000,8000,228.77973454284668,1830237.8763427734,549.071362902832,1830.2378763427735,filled
2021-11-01,SH600389,buy,37800,37800,38.69929372024536,1462833.3026252745,438.8499907875823,0.0,filled
2021-11-01,SH600702,buy,1100,1100,179.17899999999997,197096.89999999997,59.129069999999984,0.0,filled
2021-11-01,SH600809,buy,300,300,295.2951527404785,88588.54582214355,26.576563746643064,0.0,filled
2021-11-01,SH601919,buy,2100,2100,16.54653068733215,34747.71444339752,10.424314333019256,0.0,filled
2021-11-01,SH603010,buy,5700,5700,22.372484029769893,127523.15896968839,38.256947690906514,0.0,filled
2021-11-01,SH603260,buy,1000,1000,161.85323512268064,161853.23512268063,48.55597053680419,0.0,filled
2021-11-01,SH605399,buy,29400,29400,49.74885305404663,1462616.279788971,438.78488393669124,0.0,filled
2021-11-01,SH688068,buy,3100,3100,93.09126639556884,288582.9258262634,86.574877747879,0.0,filled
2021-11-01,SH688301,buy,3100,3100,460.45728121948235,1427417.5717803952,428.2252715341185,0.0,filled
2021-11-01,SH688536,buy,1900,1900,770.7699999999999,1464462.9999999998,439.3388999999999,0.0,filled
2021-11-01,SH688598,buy,100,100,353.56970819091794,35356.970819091795,10.607091245727538,0.0,filled
2021-11-01,SZ000737,buy,204100,204100,7.176156261444091,1464653.492960739,439.39604788822163,0.0,filled
2021-11-01,SZ000799,buy,1200,1200,208.17978883361815,249815.74660034178,74.94472398010252,0.0,filled
2021-11-01,SZ002064,buy,4800,4800,11.871825289726257,56984.761390686035,17.09542841720581,0.0,filled
2021-11-01,SZ002312,buy,80300,80300,18.237812641143798,1464496.355083847,439.34890652515406,0.0,filled
2021-11-01,SZ002469,buy,241500,241500,6.065801238536834,1464890.9991066456,439.46729973199365,0.0,filled
2021-11-01,SZ002648,buy,1300,1300,39.06902114105224,50789.72748336791,15.236918245010372,0.0,filled
2021-11-01,SZ300316,buy,19100,19100,76.48645948791503,1460891.376219177,438.26741286575304,0.0,filled
2021-11-01,SZ300593,buy,1700,1700,51.10136617279052,86872.32249374388,26.06169674812316,0.0,filled
2021-11-01,SZ300751,buy,1900,1900,770.358394958496,1463680.9504211424,439.1042851263427,0.0,filled
2021-11-01,SZ300896,buy,2300,2200,622.6226720581054,1369769.878527832,410.93096355834956,0.0,partial_volume_or_cash
2021-12-01,SH600389,sell,37800,37800,46.15390365600586,1744617.5581970215,523.3852674591064,1744.6175581970215,filled
2021-12-01,SH600702,sell,8100,8100,231.65031994628907,1876367.5915649415,562.9102774694824,1876.3675915649414,filled
2021-12-01,SH600809,sell,4900,4900,314.68393295288087,1541951.2714691162,462.5853814407348,1541.9512714691161,filled
2021-12-01,SH603010,sell,65400,65400,29.671318267822265,1940504.214715576,582.1512644146727,1940.5042147155762,filled
2021-12-01,SH603392,sell,100,100,245.74659164428712,24574.65916442871,7.372397749328613,24.574659164428713,filled
2021-12-01,SH688068,sell,3000,3000,123.75094207763672,371252.82623291016,111.37584786987304,371.25282623291014,filled
2021-12-01,SH688301,sell,300,300,549.459755859375,164837.9267578125,49.45137802734374,164.8379267578125,filled
2021-12-01,SH688356,sell,1200,1200,386.59684185791014,463916.21022949216,139.17486306884763,463.91621022949215,filled
2021-12-01,SH688516,sell,100,100,252.25071638488768,25225.071638488767,7.567521491546629,25.225071638488767,filled
2021-12-01,SH688536,sell,200,200,888.4306263427734,177686.12526855466,53.3058375805664,177.68612526855466,filled
2021-12-01,SZ000799,sell,7000,7000,224.77634143066408,1573434.3900146484,472.0303170043945,1573.4343900146484,filled
2021-12-01,SZ002064,sell,123400,123400,10.68939031791687,1319070.7652309416,395.72122956928246,1319.0707652309416,filled
2021-12-01,SZ002312,sell,80300,80300,13.95564250946045,1120638.093509674,336.1914280529022,1120.638093509674,filled
2021-12-01,SZ002469,sell,241500,241500,6.084216928482055,1469338.3882284164,440.8015164685249,1469.3383882284165,filled
2021-12-01,SZ300593,sell,2800,2800,60.940821601867675,170634.3004852295,51.190290145568845,170.6343004852295,filled
2021-12-01,SH601919,buy,4200,4200,17.036497322082518,71553.28875274658,21.465986625823973,0.0,filled
2021-12-01,SH603127,buy,11200,11200,139.90783447265625,1566967.74609375,470.09032382812495,0.0,filled
2021-12-01,SH603185,buy,2400,2400,217.21512129211425,521316.2911010742,156.39488733032223,0.0,filled
2021-12-01,SH603260,buy,1300,1300,152.79103561401365,198628.34629821774,59.588503889465315,0.0,filled
2021-12-01,SH603486,buy,1600,1600,164.06148059082028,262498.36894531245,78.74951068359373,0.0,filled
2021-12-01,SH603606,buy,27300,27300,57.73718389892578,1576225.1204406738,472.8675361322021,0.0,filled
2021-12-01,SH603613,buy,13200,13200,118.8880411224365,1569322.142816162,470.7966428448486,0.0,filled
2021-12-01,SH605399,buy,2600,2600,49.318594581603996,128228.34591217039,38.468503773651115,0.0,filled
2021-12-01,SH688598,buy,100,100,369.3651814880371,36936.518148803705,11.080955444641111,0.0,filled
2021-12-01,SZ000422,buy,66000,66000,23.923878616333006,1578975.9886779785,473.6927966033935,0.0,filled
2021-12-01,SZ000737,buy,5900,5900,7.526318581581115,44405.27963132858,13.321583889398573,0.0,filled
2021-12-01,SZ002487,buy,33500,33500,47.056313350677485,1576386.4972476957,472.91594917430865,0.0,filled
2021-12-01,SZ002648,buy,2700,2700,39.290464286804195,106084.25357437132,31.825276072311393,0.0,filled
2021-12-01,SZ002709,buy,2800,2800,135.13466397094726,378377.0591186523,113.51311773559569,0.0,filled
2021-12-01,SZ002812,buy,1300,1300,253.2429344024658,329215.8147232055,98.76474441696165,0.0,filled
2021-12-01,SZ002932,buy,20600,20600,76.68124178314208,1579633.580732727,473.890074219818,0.0,filled
2021-12-01,SZ300316,buy,2900,2900,71.57157637023926,207557.57147369385,62.267271442108154,0.0,filled
2021-12-01,SZ300751,buy,200,200,725.722006286621,145144.4012573242,43.54332037719726,0.0,filled
2021-12-01,SZ300763,buy,6100,6100,255.23604490661617,1556939.8739303586,467.0819621791075,0.0,filled
2021-12-01,SZ300896,buy,600,600,558.5587942504882,335135.2765502929,100.54058296508786,0.0,filled
