trade_date,symbol,side,requested_shares,filled_shares,price,gross_value,commission,tax,reason
2010-01-25,SH600553,buy,50400,50400,9.914330046653747,499682.23435134883,149.90467030540464,0.0,filled
2010-01-25,SH600607,buy,20900,20900,23.883816698074337,499171.7689897537,149.7515306969261,0.0,filled
2010-01-25,SH600631,buy,26700,26700,18.741768394470213,500405.2161323547,150.1215648397064,0.0,filled
2010-01-25,SZ000522,buy,40600,40600,12.3051175699234,499587.77333889005,149.876332001667,0.0,filled
2010-03-01,SH600553,sell,1900,1900,10.280198707580567,19532.377544403076,5.859713263320923,19.532377544403076,filled
2010-03-01,SH600263,buy,45800,45800,10.9119287071228,499766.3347862243,149.92990043586727,0.0,filled
2010-03-01,SH600631,buy,500,500,18.394241802215575,9197.120901107788,5.0,0.0,filled
2010-03-01,SZ000527,buy,38800,38800,12.896974514007567,500402.6111434936,150.12078334304806,0.0,filled
2010-03-01,SZ000578,buy,22000,22000,22.655258205413816,498415.68051910395,149.52470415573117,0.0,filled
2010-03-01,SZ002082,buy,36500,36500,13.693819681167602,499824.4183626175,149.94732550878524,0.0,filled
2010-03-22,SH600263,sell,45800,45800,11.222668075561524,513998.1978607178,154.1994593582153,513.9981978607178,filled
2010-03-22,SH600553,sell,48500,48500,9.764612972259522,473583.72915458685,142.07511874637603,473.5837291545869,filled
2010-03-22,SZ000527,sell,100,100,12.83474952507019,1283.474952507019,5.0,1.283474952507019,filled
2010-03-22,SZ000578,sell,800,800,23.41129008293152,18729.032066345215,5.618709619903564,18.729032066345216,filled
2010-03-22,SH600369,buy,72100,72100,6.911195444107055,498297.1915201187,149.4891574560356,0.0,filled
2010-03-22,SH600631,buy,700,700,17.848524892807006,12493.967424964905,5.0,0.0,filled
2010-03-22,SH600991,buy,52400,52400,9.509953448295592,498321.560690689,149.4964682072067,0.0,filled
2010-03-22,SZ000522,buy,900,900,12.0068650560379,10806.178550434111,5.0,0.0,filled
2010-03-22,SZ000602,buy,46800,46800,10.640691210746764,497984.3486629486,149.39530459888456,0.0,filled
2010-03-22,SZ002082,buy,1000,1000,13.283618897438048,13283.618897438047,5.0,0.0,filled
2010-04-23,SH600991,sell,6800,6800,10.988733238220215,74723.38601989746,22.417015805969235,74.72338601989746,filled
2010-04-23,SZ000522,sell,3600,3600,13.201213520050048,47524.36867218017,14.25731060165405,47.524368672180174,filled
2010-04-23,SZ000527,sell,38700,38700,12.379108019828797,479071.48036737443,143.7214441102123,479.0714803673744,filled
2010-04-23,SZ000602,sell,5600,5600,12.162956665992736,68112.55732955932,20.433767198867795,68.11255732955932,filled
2010-04-23,SZ002082,sell,200,200,13.422265668869018,2684.4531337738035,5.0,2.6844531337738036,filled
2010-04-23,SH600351,buy,50600,50600,9.926829945564268,502297.59524555196,150.68927857366558,0.0,filled
2010-04-23,SH600369,buy,5500,5500,6.466685807704925,35566.77194237709,10.670031582713126,0.0,filled
2010-04-23,SH600545,buy,38500,38500,13.043957631111143,502192.36879777897,150.6577106393337,0.0,filled
2010-04-23,SH600631,buy,600,600,17.610482675552365,10566.28960533142,5.0,0.0,filled
2010-04-23,SH600978,buy,71800,71800,6.9891704130172725,501822.43565464014,150.54673069639202,0.0,filled
2010-04-23,SZ000578,buy,3700,3700,20.137816368103024,74509.92056198118,22.352976168594353,0.0,filled
2010-04-23,SZ000791,buy,92700,92700,5.416894293785095,502146.1010338783,150.64383031016348,0.0,filled
2010-04-23,SZ002242,buy,46300,46300,10.8366687002182,501737.76082010265,150.52132824603078,0.0,filled
2010-05-25,SH600351,sell,50600,50600,9.040931136131286,457471.1154882431,137.24133464647292,457.47111548824313,filled
2010-05-25,SH600369,sell,77600,77600,5.424971876621246,420977.8176258087,126.2933452877426,420.9778176258087,filled
2010-05-25,SH600545,sell,38500,38500,12.854588027000426,494901.6390395164,148.4704917118549,494.9016390395164,filled
2010-05-25,SH600631,sell,28500,28500,13.614447524070739,388011.7544360161,116.40352633080481,388.0117544360161,filled
2010-05-25,SH600978,sell,71800,71800,4.996808263778687,358770.83333930967,107.63125000179289,358.77083333930966,filled
2010-05-25,SH600991,sell,45600,45600,8.593326782226562,391855.7012695312,117.55671038085936,391.8557012695312,filled
2010-05-25,SZ000522,sell,37900,37900,13.773902472496033,522030.9037075997,156.60927111227988,522.0309037075997,filled
2010-05-25,SZ000578,sell,24900,24900,17.08310235786438,425369.24871082307,127.6107746132469,425.36924871082306,filled
2010-05-25,SZ000602,sell,41200,41200,10.003436219215393,412141.5722316742,123.64247166950226,412.1415722316742,filled
2010-05-25,SZ000791,sell,92700,92700,5.156556173801422,478012.7573113918,143.40382719341753,478.01275731139185,filled
2010-05-25,SZ002082,sell,37300,37300,10.198836364746093,380416.59640502924,114.12497892150876,380.4165964050292,filled
2010-05-25,SZ002242,sell,46300,46300,7.644165980815887,353924.8849117756,106.17746547353266,353.9248849117756,filled
2010-05-25,SH600067,buy,62700,62700,4.59855567741394,288329.44097385404,86.49883229215621,0.0,filled
2010-05-25,SH600139,buy,31100,31100,9.255860116004943,287857.2496077537,86.3571748823261,0.0,filled
2010-05-25,SH600166,buy,69200,69200,4.1667344789505,288338.02594337455,86.50140778301235,0.0,filled
2010-05-25,SH600216,buy,19800,19800,14.536091775894164,287814.61716270447,86.34438514881133,0.0,filled
2010-05-25,SH600348,buy,21600,21600,13.321777287483213,287750.3894096374,86.32511682289122,0.0,filled
2010-05-25,SH600525,buy,46400,46400,6.2162792487144465,288435.35714035033,86.5306071421051,0.0,filled
2010-05-25,SH600546,buy,28600,28600,10.087215085029602,288494.3514318466,86.54830542955398,0.0,filled
2010-05-25,SH600595,buy,25000,25000,11.522739789962767,288068.49474906916,86.42054842472074,0.0,filled
2010-05-25,SH600742,buy,63300,63300,4.559649336338043,288625.80299019814,86.58774089705943,0.0,filled
2010-05-25,SH600809,buy,21600,21600,13.33127106285095,287955.45495758054,86.38663648727416,0.0,filled
2010-05-25,SZ000338,buy,58700,58700,4.910791104793548,288263.43785138126,86.47903135541436,0.0,filled
2010-05-25,SZ000527,buy,26100,26100,11.05762021255493,288603.88754768367,86.5811662643051,0.0,filled
2010-05-25,SZ000567,buy,52100,52100,5.535128788948058,288380.2099041938,86.51406297125814,0.0,filled
2010-05-25,SZ000655,buy,17600,17600,16.32098264122009,287249.2944854736,86.17478834564207,0.0,filled
2010-05-25,SZ000671,buy,215300,215300,1.3407482833862303,288663.1054130554,86.59893162391661,0.0,filled
2010-05-25,SZ000718,buy,66800,66800,4.316209652423858,288322.8047819137,86.49684143457411,0.0,filled
2010-05-25,SZ000848,buy,59700,59700,4.834533511638641,288621.6506448269,86.58649519344806,0.0,filled
2010-05-25,SZ000933,buy,24100,24100,11.956636349678039,288154.93602724076,86.44648080817223,0.0,filled
2010-05-25,SZ000961,buy,93400,93400,3.090398817777633,288643.2495804309,86.59297487412927,0.0,filled
2010-05-25,SZ002001,buy,55400,55400,5.20877775478363,288566.2876150131,86.56988628450391,0.0,filled
2010-05-25,SZ002007,buy,21700,21700,13.26360703086853,287820.27256984706,86.34608177095411,0.0,filled
2010-05-25,SZ002069,buy,18100,18100,15.863346392631529,287126.56970663066,86.13797091198919,0.0,filled
2010-05-25,SZ002081,buy,84200,84200,3.4264135510921476,288504.0210019588,86.55120630058764,0.0,filled
2010-05-25,SZ002146,buy,109300,109300,2.6402048490047454,288574.38999621867,86.57231699886559,0.0,filled
2010-05-25,SZ002158,buy,39600,39600,7.28421871805191,288455.0612348556,86.53651837045668,0.0,filled
2010-05-25,SZ002208,buy,50600,50600,5.701353387832641,288488.4814243316,86.54654442729948,0.0,filled
2010-05-25,SZ002236,buy,146200,146200,1.9739603086709974,288592.99712769984,86.57789913830995,0.0,filled
2010-05-25,SZ002241,buy,72300,72300,3.991498907804489,288585.37103426456,86.57561131027936,0.0,filled
2010-05-25,SZ002250,buy,32200,32200,8.950178687095642,288195.75372447964,86.45872611734389,0.0,filled
2010-05-25,SZ002273,buy,63100,52800,4.569166977405548,241252.0164070129,72.37560492210386,0.0,partial_volume_or_cash
2010-06-25,SH600067,sell,62700,62700,4.75548460149765,298168.88451390265,89.4506653541708,298.16888451390264,filled
2010-06-25,SH600166,sell,69200,69200,4.056931248664856,280739.64240760804,84.2218927222824,280.7396424076081,filled
2010-06-25,SH600348,sell,21600,21600,11.671995901107788,252115.11146392822,75.63453343917845,252.11511146392823,filled
2010-06-25,SH600546,sell,28600,28600,9.932349921226502,284065.2077470779,85.21956232412337,284.0652077470779,filled
2010-06-25,SH600742,sell,63300,63300,4.59195963048935,290671.0446099758,87.20131338299274,290.6710446099758,filled
2010-06-25,SH600809,sell,600,600,13.996571388244629,8397.942832946777,5.0,8.397942832946777,filled
2010-06-25,SZ000527,sell,26100,26100,11.347198190689086,296161.87277698517,88.84856183309554,296.16187277698515,filled
2010-06-25,SZ000567,sell,52100,52100,7.061250524997711,367891.15235238074,110.36734570571421,367.89115235238074,filled
2010-06-25,SZ000671,sell,215300,215300,1.3897807602882386,299219.7976900578,89.76593930701732,299.21979769005776,filled
2010-06-25,SZ000718,sell,66800,66800,4.629457762241364,309247.7785177231,92.77433355531691,309.2477785177231,filled
2010-06-25,SZ000848,sell,3900,3900,5.2900585355758665,20631.22828874588,6.1893684866237635,20.63122828874588,filled
2010-06-25,SZ000961,sell,93400,93400,3.351099348306656,312992.6791318417,93.8978037395525,312.9926791318417,filled
2010-06-25,SZ002007,sell,200,200,13.68898457622528,2737.796915245056,5.0,2.737796915245056,filled
2010-06-25,SZ002069,sell,1800,1800,18.060340312957763,32508.61256332397,9.75258376899719,32.50861256332397,filled
2010-06-25,SZ002081,sell,7700,7700,3.855972454547882,29690.987900018692,8.907296370005607,29.690987900018694,filled
2010-06-25,SZ002146,sell,109300,109300,2.786580689907074,304573.2694068432,91.37198082205295,304.57326940684317,filled
2010-06-25,SZ002208,sell,7400,7400,6.824413224220276,50500.65785923004,15.150197357769011,50.500657859230046,filled
2010-06-25,SZ002236,sell,9100,9100,2.1534849615097045,19596.713149738312,5.8790139449214935,19.596713149738314,filled
2010-06-25,SZ002241,sell,4600,4600,4.3565261635780335,20040.020352458952,6.012006105737685,20.040020352458953,filled
2010-06-25,SZ002250,sell,1700,1700,9.655683657646179,16414.662217998506,5.0,16.414662217998508,filled
2010-06-25,SH600139,buy,1000,1000,9.214214469909667,9214.214469909666,5.0,0.0,filled
2010-06-25,SH600216,buy,3300,3300,12.784134621620177,42187.64425134659,12.656293275403975,0.0,filled
2010-06-25,SH600499,buy,27600,27600,10.705842661857604,295481.25746726984,88.64437724018094,0.0,filled
2010-06-25,SH600525,buy,2600,2600,6.029092928409575,15675.641613864896,5.0,0.0,filled
2010-06-25,SH600595,buy,2200,2200,10.863600665092466,23899.921463203427,7.169976438961028,0.0,filled
2010-06-25,SH600703,buy,39500,39500,7.478831566810607,295413.84688901895,88.62415406670569,0.0,filled
2010-06-25,SZ000338,buy,2200,2200,4.854465666770935,10679.824466896056,5.0,0.0,filled
2010-06-25,SZ000423,buy,9500,9500,30.852316551208492,293097.00723648065,87.92910217094419,0.0,filled
2010-06-25,SZ000536,buy,29700,29700,9.94562943458557,295385.1942071914,88.61555826215742,0.0,filled
2010-06-25,SZ000538,buy,10100,10100,29.03483277702331,293251.81104793545,87.97554331438063,0.0,filled
2010-06-25,SZ000655,buy,2700,2700,14.544308259010313,39269.632299327845,11.780889689798352,0.0,filled
2010-06-25,SZ000887,buy,47100,47100,6.279148184299468,295747.87948050495,88.72436384415148,0.0,filled
2010-06-25,SZ000933,buy,2600,2600,11.059253581047058,28754.05931072235,8.626217793216705,0.0,filled
2010-06-25,SZ002001,buy,6100,6100,4.808960459709167,29334.658804225917,8.800397641267775,0.0,filled
2010-06-25,SZ002045,buy,28400,28400,10.403819367408751,295468.4700344085,88.64054101032254,0.0,filled
2010-06-25,SZ002055,buy,42500,42500,6.955864397048949,295624.2368745803,88.6872710623741,0.0,filled
2010-06-25,SZ002106,buy,17600,17600,16.779824584960934,295324.91269531247,88.59747380859373,0.0,filled
2010-06-25,SZ002158,buy,300,300,7.407412982940673,2222.223894882202,5.0,0.0,filled
2010-06-25,SZ002213,buy,30600,30600,9.639033472061156,294954.42424507136,88.4863272735214,0.0,filled
2010-06-25,SZ002223,buy,28800,28800,10.239474431037902,294896.8636138916,88.46905908416747,0.0,filled
2010-06-25,SZ002273,buy,14500,10200,4.393170806407928,44810.34222536086,13.443102667608256,0.0,partial_volume_or_cash
2010-07-22,SH600216,sell,23100,23100,13.225801334381103,305516.0108242035,91.65480324726104,305.5160108242035,filled
2010-07-22,SH600525,sell,49000,49000,6.0098594641685485,294483.1137442589,88.34493412327765,294.4831137442589,filled
2010-07-22,SH600809,sell,1300,1300,14.606271632194519,18988.153121852873,5.696445936555861,18.98815312185287,filled
2010-07-22,SZ000338,sell,8200,8200,5.459388433456421,44766.98515434265,13.430095546302793,44.76698515434265,filled
2010-07-22,SZ000423,sell,400,400,31.381038339614868,12552.415335845948,5.0,12.552415335845948,filled
2010-07-22,SZ000536,sell,29700,29700,9.011517791748046,267642.078414917,80.29262352447509,267.642078414917,filled
2010-07-22,SZ000538,sell,400,400,29.466931108474732,11786.772443389893,5.0,11.786772443389893,filled
2010-07-22,SZ000655,sell,20300,20300,13.798537922859191,280110.3198340416,84.03309595021247,280.1103198340416,filled
2010-07-22,SZ000933,sell,900,900,11.142688130378723,10028.419317340851,5.0,10.028419317340852,filled
2010-07-22,SZ002001,sell,61500,61500,4.749782568454743,292111.62795996666,87.63348838798998,292.11162795996665,filled
2010-07-22,SZ002045,sell,1100,1100,10.538696588516235,11592.566247367859,5.0,11.59256624736786,filled
2010-07-22,SZ002069,sell,700,700,18.42068593597412,12894.480155181884,5.0,12.894480155181883,filled
2010-07-22,SZ002081,sell,700,700,3.797302726507187,2658.111908555031,5.0,2.658111908555031,filled
2010-07-22,SZ002106,sell,400,400,16.70656810569763,6682.627242279053,5.0,6.682627242279053,filled
2010-07-22,SZ002208,sell,2500,2500,7.078759148597717,17696.897871494293,5.309069361448287,17.696897871494293,filled
2010-07-22,SZ002236,sell,26500,26500,2.604005831480026,69006.1545342207,20.701846360266206,69.0061545342207,filled
2010-07-22,SH600139,buy,800,800,8.764487314224242,7011.589851379394,5.0,0.0,filled
2010-07-22,SH600259,buy,11200,11200,25.707431093215938,287923.2282440185,86.37696847320555,0.0,filled
2010-07-22,SH600499,buy,4000,4000,9.124573946952818,36498.29578781127,10.949488736343381,0.0,filled
2010-07-22,SH600595,buy,300,300,10.489108695983886,3146.7326087951656,5.0,0.0,filled
2010-07-22,SH600703,buy,300,300,7.2444627580642695,2173.3388274192807,5.0,0.0,filled
2010-07-22,SH600794,buy,135000,135000,2.1376562173366542,288583.5893404483,86.57507680213449,0.0,filled
2010-07-22,SZ000527,buy,23800,23800,12.10460368824005,288089.5677801132,86.42687033403395,0.0,filled
2010-07-22,SZ000848,buy,1900,1900,5.00120201253891,9502.283823823927,5.0,0.0,filled
2010-07-22,SZ000887,buy,5900,5900,5.4382636413574215,32085.755484008787,9.625726645202635,0.0,filled
2010-07-22,SZ002007,buy,900,900,12.860885757446288,11574.79718170166,5.0,0.0,filled
2010-07-22,SZ002050,buy,126200,126200,2.287146187543869,288637.84886803624,86.59135466041086,0.0,filled
2010-07-22,SZ002055,buy,3800,3800,6.222301996707915,23644.747587490077,7.093424276247022,0.0,filled
2010-07-22,SZ002123,buy,13400,13400,21.52775281333923,288471.8876987457,86.5415663096237,0.0,filled
2010-07-22,SZ002158,buy,1700,1700,6.939582262039184,11797.289845466612,5.0,0.0,filled
2010-07-22,SZ002213,buy,100,100,9.374330404281615,937.4330404281615,5.0,0.0,filled
2010-07-22,SZ002223,buy,1200,1200,9.61957910823822,11543.494929885865,5.0,0.0,filled
2010-07-22,SZ002241,buy,11700,11700,3.6323991217613214,42499.06972460746,12.749720917382238,0.0,filled
2010-07-22,SZ002250,buy,1100,1100,9.123567769050597,10035.924545955657,5.0,0.0,filled
2010-07-22,SZ002273,buy,9700,2900,3.97091593503952,11515.656211614607,5.0,0.0,partial_volume_or_cash
2010-08-23,SH600139,sell,32900,32900,9.840417142868041,323749.72400035855,97.12491720010756,323.7497240003585,filled
2010-08-23,SH600259,sell,11200,11200,29.075860244750977,325649.63474121096,97.69489042236329,325.64963474121095,filled
2010-08-23,SH600499,sell,31600,31600,9.555193542480469,301944.11594238284,90.58323478271484,301.94411594238284,filled
2010-08-23,SH600595,sell,27500,27500,11.019081201553345,303024.733042717,90.90741991281509,303.024733042717,filled
2010-08-23,SH600703,sell,39800,39800,8.1425593957901,324073.863952446,97.22215918573379,324.073863952446,filled
2010-08-23,SH600794,sell,135000,135000,2.2072474637031556,297978.407599926,89.39352227997779,297.978407599926,filled
2010-08-23,SH600809,sell,19700,19700,16.248378072738646,320093.0480329513,96.02791440988538,320.0930480329513,filled
2010-08-23,SZ000338,sell,52700,52700,5.819771688938141,306701.96800704004,92.010590402112,306.70196800704,filled
2010-08-23,SZ000423,sell,9100,9100,34.06366910934448,309979.3888950348,92.99381666851043,309.9793888950348,filled
2010-08-23,SZ000538,sell,9700,9700,32.58071369934082,316032.92288360593,94.80987686508178,316.0329228836059,filled
2010-08-23,SZ000848,sell,57700,57700,5.584174354076385,322206.86023020744,96.66205806906223,322.20686023020744,filled
2010-08-23,SZ000887,sell,53000,53000,6.117382086753845,324221.2505979538,97.26637517938613,324.2212505979538,filled
2010-08-23,SZ002007,sell,22400,22400,14.011446215629578,313856.3952301025,94.15691856903075,313.8563952301025,filled
2010-08-23,SZ002045,sell,27300,27300,10.760787202835083,293769.49063739774,88.13084719121932,293.7694906373977,filled
2010-08-23,SZ002050,sell,126200,126200,2.4462574439048765,308717.6894207954,92.61530682623862,308.7176894207954,filled
2010-08-23,SZ002055,sell,46300,46300,7.694910740375518,356274.3672793865,106.88231018381595,356.2743672793865,filled
2010-08-23,SZ002069,sell,15600,15600,24.590767765045165,383615.9771347046,115.08479314041136,383.6159771347046,filled
2010-08-23,SZ002081,sell,75800,75800,4.7076523089408875,356840.04501771927,107.05201350531577,356.84004501771926,filled
2010-08-23,SZ002106,sell,17200,17200,18.83144381904602,323900.83368759154,97.17025010627745,323.90083368759156,filled
2010-08-23,SZ002123,sell,13400,13400,23.127232612609863,309904.91700897214,92.97147510269164,309.9049170089722,filled
2010-08-23,SZ002158,sell,41600,41600,7.777671200752258,323551.12195129396,97.06533658538818,323.55112195129396,filled
2010-08-23,SZ002208,sell,40700,40700,7.870870144844055,320344.414895153,96.10332446854589,320.344414895153,filled
2010-08-23,SZ002213,sell,30700,30700,11.294972903251647,346755.66812982556,104.02670043894766,346.75566812982555,filled
2010-08-23,SZ002223,sell,30000,30000,11.293477131843566,338804.313955307,101.64129418659209,338.804313955307,filled
2010-08-23,SZ002236,sell,110600,110600,3.098990411996841,342748.3395668506,102.82450187005517,342.74833956685063,filled
2010-08-23,SZ002241,sell,79400,79400,4.00195402765274,317755.14979562757,95.32654493868826,317.7551497956276,filled
2010-08-23,SZ002250,sell,31600,31600,10.005937110900879,316187.6127044678,94.85628381134033,316.18761270446777,filled
2010-08-23,SZ002273,sell,65900,65900,4.384848166465759,288961.49417009356,86.68844825102806,288.96149417009354,filled
2010-08-23,SH600230,buy,53300,53300,9.029803253173828,481288.513394165,144.38655401824948,0.0,filled
2010-08-23,SH600253,buy,53300,53300,9.0170465593338,480608.5816124915,144.18257448374743,0.0,filled
2010-08-23,SH600287,buy,67100,67100,7.169372197628021,481064.8744608402,144.31946233825204,0.0,filled
2010-08-23,SH600288,buy,62500,62500,7.69733493566513,481083.4334790706,144.32503004372117,0.0,filled
2010-08-23,SH600351,buy,57800,57800,8.314668514251709,480587.84012374876,144.17635203712462,0.0,filled
2010-08-23,SH600415,buy,86900,86900,5.533490170001983,480860.2957731723,144.25808873195166,0.0,filled
2010-08-23,SH600900,buy,90300,90300,5.3292393970489496,481230.31755352014,144.36909526605604,0.0,filled
2010-08-23,SH600978,buy,93300,93300,5.1570941953659055,481156.888427639,144.3470665282917,0.0,filled
2010-08-23,SH600991,buy,52000,52000,9.249896554946899,480994.6208572387,144.29838625717161,0.0,filled
2010-08-23,SZ000157,buy,87600,87600,5.4888388776779165,480822.28568458545,144.24668570537563,0.0,filled
2010-08-23,SZ000522,buy,36300,36300,13.230243737220762,480257.84766111366,144.0773542983341,0.0,filled
2010-08-23,SZ000527,buy,14100,14100,12.674078424453734,178704.50578479766,53.61135173543929,0.0,filled
2010-08-23,SZ000627,buy,83700,83700,5.744270121097564,480795.4091358661,144.2386227407598,0.0,filled
2010-08-23,SZ000791,buy,101000,101000,4.761477740764618,480909.2518172264,144.27277554516792,0.0,filled
2010-08-23,SZ000930,buy,64200,64200,7.496095059394835,481249.3028131484,144.3747908439445,0.0,filled
2010-08-23,SZ002042,buy,115400,115400,4.16851867866516,481047.05551795947,144.31411665538783,0.0,filled
2010-08-23,SZ002200,buy,17000,17000,28.2779101524353,480724.4725914001,144.21734177742002,0.0,filled
2010-08-23,SZ002221,buy,200500,200500,2.4004378576278684,481287.7904543876,144.38633713631626,0.0,filled
2010-08-23,SZ002242,buy,50500,50500,9.528604969978332,481194.5509839058,144.35836529517172,0.0,filled
2010-09-27,SH600230,sell,2200,2200,9.527283591270447,20960.023900794982,6.288007170238494,20.960023900794983,filled
2010-09-27,SH600253,sell,1700,1700,9.44550014591217,16057.35024805069,5.0,16.057350248050692,filled
2010-09-27,SH600287,sell,67100,67100,7.627426679134369,511800.33016991615,153.54009905097485,511.80033016991615,filled
2010-09-27,SH600288,sell,7400,7400,8.843351165771484,65440.79862670898,19.63223958801269,65.44079862670898,filled
2010-09-27,SH600415,sell,6500,6500,6.055114171028137,39358.24211168289,11.807472633504867,39.35824211168289,filled
2010-09-27,SH600978,sell,13100,13100,6.073494057655335,79562.77215528488,23.868831646585463,79.56277215528489,filled
2010-09-27,SH600991,sell,10700,10700,11.788550791740418,126137.49347162247,37.841248041486736,126.13749347162246,filled
2010-09-27,SZ000157,sell,4900,4900,5.891719246387482,28869.42430729866,8.660827292189598,28.86942430729866,filled
2010-09-27,SZ000522,sell,5000,5000,15.535925002098084,77679.62501049042,23.303887503147124,77.67962501049043,filled
2010-09-27,SZ000527,sell,2500,2500,13.748787803649902,34371.969509124756,10.311590852737426,34.37196950912476,filled
2010-09-27,SZ000791,sell,101000,101000,4.839237796783447,488763.0174751282,146.62890524253845,488.7630174751282,filled
2010-09-27,SZ000930,sell,1200,1200,7.7315099802017215,9277.811976242067,5.0,9.277811976242067,filled
2010-09-27,SZ000933,sell,25800,25800,11.335191052436828,292447.92915287014,87.73437874586104,292.44792915287013,filled
2010-09-27,SZ002200,sell,17000,17000,33.43785359573364,568443.5111274719,170.53305333824156,568.4435111274719,filled
2010-09-27,SZ002221,sell,200500,200500,2.4050670433044434,482215.9421825409,144.66478265476226,482.2159421825409,filled
2010-09-27,SZ002242,sell,5400,5400,10.793497913360596,58284.88873214722,17.485466619644164,58.28488873214722,filled
2010-09-27,SH600351,buy,1400,1400,8.243333937644957,11540.66751270294,5.0,0.0,filled
2010-09-27,SH600545,buy,43300,43300,11.260083444595336,487561.61315097805,146.2684839452934,0.0,filled
2010-09-27,SH600553,buy,41800,41800,11.680882508277891,488260.88884601585,146.47826665380475,0.0,filled
2010-09-27,SH600863,buy,185800,185800,2.628008999109268,488284.072034502,146.48522161035058,0.0,filled
2010-09-27,SH600900,buy,6300,6300,5.052126165390014,31828.394841957088,9.548518452587125,0.0,filled
2010-09-27,SZ000578,buy,17700,17700,27.497230655670162,486700.98260536185,146.01029478160854,0.0,filled
2010-09-27,SZ000627,buy,6700,6700,5.396700570583343,36157.8938229084,10.847368146872519,0.0,filled
2010-09-27,SZ000960,buy,20400,20400,23.910786848068234,487780.051700592,146.33401551017758,0.0,filled
2010-09-27,SZ002042,buy,2200,2200,4.149524922847747,9128.954830265044,5.0,0.0,filled
2010-09-27,SZ002077,buy,50100,50100,9.730032430648803,487474.62477550504,146.2423874326515,0.0,filled
2010-10-29,SZ000157,sell,16700,16700,8.085351379394531,135025.36803588868,40.5076104107666,135.02536803588868,filled
2010-10-29,SZ000522,sell,2300,2300,18.36572919845581,42241.177156448364,12.672353146934508,42.241177156448366,filled
2010-10-29,SZ000527,sell,3000,3000,16.4526547164917,49357.964149475105,14.80738924484253,49.35796414947511,filled
2010-10-29,SZ000578,sell,400,400,30.75720257949829,12302.881031799316,5.0,12.302881031799316,filled
2010-10-29,SZ000627,sell,4700,4700,6.2239100689888,29252.377324247358,8.775713197274207,29.25237732424736,filled
2010-10-29,SZ000960,sell,4900,4900,34.270352325439454,167924.72639465332,50.37741791839599,167.92472639465333,filled
2010-10-29,SZ002042,sell,3900,3900,4.693653984546661,18305.25053973198,5.491575161919593,18.30525053973198,filled
2010-10-29,SH600230,buy,700,700,10.328470580101012,7229.929406070708,5.0,0.0,filled
2010-10-29,SH600253,buy,200,200,10.312729719161986,2062.5459438323974,5.0,0.0,filled
2010-10-29,SH600288,buy,4100,4100,9.033920563697814,37039.074311161035,11.11172229334831,0.0,filled
2010-10-29,SH600351,buy,1400,1400,8.824110514640807,12353.75472049713,5.0,0.0,filled
2010-10-29,SH600415,buy,13200,13200,5.714989294052123,75437.85868148803,22.631357604446407,0.0,filled
2010-10-29,SH600545,buy,6300,6300,10.785119743347167,67946.25438308716,20.383876314926145,0.0,filled
2010-10-29,SH600553,buy,1700,1700,12.293451061248778,20898.86680412292,6.269660041236876,0.0,filled
2010-10-29,SH600863,buy,4400,4400,2.81258154797554,12375.358811092376,5.0,0.0,filled
2010-10-29,SH600900,buy,2500,2500,5.395483897209167,13488.709743022917,5.0,0.0,filled
2010-10-29,SH600978,buy,11700,11700,5.818813679695129,68080.120052433,20.4240360157299,0.0,filled
2010-10-29,SZ000930,buy,1200,1200,8.327871973991392,9993.446368789671,5.0,0.0,filled
2010-10-29,SZ002077,buy,2500,2500,10.155142594337462,25387.856485843655,7.616356945753096,0.0,filled
2010-10-29,SZ002242,buy,8600,8600,9.964021297454833,85690.58315811156,25.707174947433465,0.0,filled
2010-11-22,SH600230,sell,51800,51800,9.547545101165772,494562.836240387,148.3688508721161,494.562836240387,filled
2010-11-22,SH600253,sell,7200,7200,10.37872050189972,74726.78761367798,22.418036284103394,74.72678761367798,filled
2010-11-22,SH600288,sell,7600,7600,8.97840408039093,68235.87101097107,20.47076130329132,68.23587101097107,filled
2010-11-22,SH600351,sell,14300,14300,9.993563175201416,142907.95340538025,42.87238602161407,142.90795340538025,filled
2010-11-22,SH600415,sell,34600,34600,7.845835028171539,271465.89197473525,81.43976759242057,271.46589197473526,filled
2010-11-22,SH600553,sell,5800,5800,12.278961836814881,71217.97865352631,21.365393596057892,71.21797865352632,filled
2010-11-22,SH600863,sell,26800,26800,2.835340456008911,75987.12422103882,22.796137266311643,75.98712422103881,filled
2010-11-22,SH600900,sell,7400,7400,5.049668063163757,37367.5436674118,11.21026310022354,37.3675436674118,filled
2010-11-22,SH600978,sell,10000,10000,5.657059864997864,56570.59864997864,16.97117959499359,56.57059864997864,filled
2010-11-22,SZ000157,sell,2100,2100,7.242940544128418,15210.175142669677,5.0,15.210175142669678,filled
2010-11-22,SZ000522,sell,4000,4000,18.473621000289917,73894.48400115967,22.168345200347897,73.89448400115967,filled
2010-11-22,SZ000527,sell,32400,32400,15.022657236099244,486734.0944496155,146.02022833488465,486.7340944496155,filled
2010-11-22,SZ000627,sell,2800,2800,5.588322499752045,15647.302999305726,5.0,15.647302999305726,filled
2010-11-22,SZ000930,sell,12400,12400,8.938465078353882,110836.96697158815,33.25109009147644,110.83696697158815,filled
2010-11-22,SZ002042,sell,20700,20700,4.979409679412842,103073.78036384583,30.922134109153745,103.07378036384583,filled
2010-11-22,SZ002077,sell,52600,52600,9.890322555541992,520230.9664215088,156.06928992645263,520.2309664215088,filled
2010-11-22,SZ002242,sell,8800,8800,10.3038557138443,90673.93028182983,27.20217908454895,90.67393028182984,filled
2010-11-22,SH600452,buy,115400,115400,4.022354155063629,464179.66949434276,139.2539008483028,0.0,filled
2010-11-22,SH601318,buy,19900,19900,23.22203420829773,462118.4807451248,138.63554422353744,0.0,filled
2010-11-22,SZ000578,buy,500,500,26.025379491806028,13012.689745903013,5.0,0.0,filled
2010-11-22,SZ000677,buy,77300,77300,6.006399989128112,464294.71915960306,139.28841574788092,0.0,filled
2010-11-22,SZ000960,buy,1100,1100,27.83116143608093,30614.277579689024,9.184283273906706,0.0,filled
2010-11-22,SZ002200,buy,12400,12400,37.347750503540034,463112.1062438964,138.9336318731689,0.0,filled
2010-11-22,SZ002221,buy,183900,183900,2.523567685127258,464084.0972949027,139.2252291884708,0.0,filled
2010-11-22,SZ002293,buy,47800,41900,9.704870346069335,406634.06750030513,121.99022025009153,0.0,partial_volume_or_cash
2010-12-22,SH600253,sell,44600,44600,10.63714216518402,474416.5405672073,142.3249621701622,474.41654056720733,filled
2010-12-22,SH600452,sell,115400,115400,3.9659576218128203,457671.5095571995,137.30145286715984,457.6715095571995,filled
2010-12-22,SH601318,sell,19900,19900,23.572957248687743,469101.8492488861,140.73055477466582,469.10184924888614,filled
2010-12-22,SZ002293,sell,41900,41900,9.739496397972108,408084.89907503134,122.42546972250939,408.08489907503133,filled
2010-12-22,SH600288,buy,1900,1900,10.652480866432189,20239.71364622116,6.071914093866347,0.0,filled
2010-12-22,SH600351,buy,13100,13100,9.593457622528074,125674.29485511777,37.70228845653533,0.0,filled
2010-12-22,SH600415,buy,17700,17700,7.431843822479247,131543.63565788267,39.4630906973648,0.0,filled
2010-12-22,SH600545,buy,8100,8100,9.884015834808348,80060.52826194762,24.018158478584283,0.0,filled
2010-12-22,SH600553,buy,4500,4500,13.51277448272705,60807.48517227172,18.242245551681513,0.0,filled
2010-12-22,SH600863,buy,25900,25900,3.012710714578628,78029.20750758647,23.408762252275938,0.0,filled
2010-12-22,SH600900,buy,20200,20200,5.097859051227569,102976.7528347969,30.89302585043907,0.0,filled
2010-12-22,SH600978,buy,19800,19800,5.608774519920349,111053.73549442292,33.31612064832687,0.0,filled
2010-12-22,SZ000157,buy,7300,7300,8.00283021211624,58420.660548448555,17.526198164534566,0.0,filled
2010-12-22,SZ000522,buy,6600,6600,18.0443935546875,119092.99746093749,35.727899238281246,0.0,filled
2010-12-22,SZ000527,buy,35400,35400,16.099759059906003,569931.4707206725,170.97944121620174,0.0,filled
2010-12-22,SZ000578,buy,3600,3600,26.636822538375853,95892.56113815308,28.76776834144592,0.0,filled
2010-12-22,SZ000627,buy,25300,25300,5.271090619564056,133358.59267497063,40.007577802491184,0.0,filled
2010-12-22,SZ000677,buy,19100,19100,5.916359954357146,113002.47512822149,33.900742538466446,0.0,filled
2010-12-22,SZ000930,buy,13300,700,8.754397850990294,6128.078495693206,5.0,0.0,partial_volume_or_cash
2010-12-22,SZ002042,buy,10100,100,5.5332042589187616,553.3204258918762,5.0,0.0,partial_volume_or_cash
2011-01-25,SH600288,sell,15200,15200,10.379757061958314,157772.30734176637,47.33169220252991,157.77230734176638,filled
2011-01-25,SH600351,sell,6800,6800,7.575094210624695,51510.64063224792,15.453192189674375,51.51064063224793,filled
2011-01-25,SH600415,sell,15400,15400,6.495161068439484,100025.48045396805,30.00764413619041,100.02548045396804,filled
2011-01-25,SH600545,sell,7400,7400,7.908462119579315,58522.61968488694,17.55678590546608,58.52261968488694,filled
2011-01-25,SH600553,sell,10900,10900,12.716066256523133,138605.12219610214,41.581536658830636,138.60512219610214,filled
2011-01-25,SH600863,sell,65000,65000,3.2063891808986664,208415.29675841331,62.52458902752399,208.41529675841332,filled
2011-01-25,SH600900,sell,31800,31800,4.970935229301452,158075.74029178618,47.422722087535846,158.0757402917862,filled
2011-01-25,SH600978,sell,17800,17800,4.745989787578583,84478.61821889877,25.34358546566963,84.47861821889877,filled
2011-01-25,SZ000157,sell,14200,14200,6.98576503944397,99197.86356010436,29.759359068031305,99.19786356010437,filled
2011-01-25,SZ000522,sell,4000,4000,14.395082047462463,57580.32818984985,17.274098456954956,57.58032818984986,filled
2011-01-25,SZ000527,sell,7500,7500,14.261954581260682,106964.65935945511,32.08939780783653,106.96465935945511,filled
2011-01-25,SZ000578,sell,2700,2700,21.27777509880066,57449.99276676178,17.234997830028533,57.44999276676178,filled
2011-01-25,SZ000627,sell,17900,17900,4.412660940170288,78986.63082904815,23.695989248714444,78.98663082904815,filled
2011-01-25,SZ000677,sell,18700,18700,5.125155930519104,95840.41590070724,28.75212477021217,95.84041590070724,filled
2011-01-25,SZ000930,sell,400,400,7.646017117023468,3058.406846809387,5.0,3.058406846809387,filled
2011-01-25,SZ000960,sell,1000,1000,25.54944672203064,25549.44672203064,7.664834016609191,25.54944672203064,filled
2011-01-25,SZ002042,sell,10200,10200,4.805070376396179,49011.71783924103,14.703515351772307,49.01171783924103,filled
2011-01-25,SZ002221,sell,15300,15300,2.3633526463508607,36159.295489168166,10.847788646750448,36.159295489168166,filled
2011-01-25,SZ002242,sell,1500,1500,9.178857456207275,13768.286184310913,5.0,13.768286184310913,filled
2011-01-25,SH600253,buy,41200,41200,9.672508457183836,398507.34843597404,119.5522045307922,0.0,filled
2011-01-25,SH600452,buy,136400,136400,2.926200894117355,399133.8019576072,119.74014058728216,0.0,filled
2011-01-25,SH600631,buy,29000,29000,13.733190448760984,398262.52301406855,119.47875690422055,0.0,filled
2011-01-25,SH601318,buy,20400,19600,19.518507186889646,382562.74086303706,114.76882225891111,0.0,partial_volume_or_cash
2011-03-01,SH600253,sell,41200,41200,9.307684341430663,383476.5948669433,115.04297846008298,383.47659486694334,filled
2011-03-01,SH600288,sell,7200,7200,12.051855148315429,86773.35706787108,26.03200712036132,86.77335706787109,filled
2011-03-01,SH600351,sell,52600,52600,8.333520815849305,438343.19491367345,131.50295847410203,438.34319491367347,filled
2011-03-01,SH600415,sell,8300,8300,7.074370917320252,58717.27861375809,17.615183584127426,58.71727861375809,filled
2011-03-01,SH600452,sell,136400,136400,3.5208689267635345,480246.5216105461,144.0739564831638,480.2465216105461,filled
2011-03-01,SH600545,sell,12900,12900,10.028441325187684,129366.89309492112,38.810067928476336,129.36689309492112,filled
2011-03-01,SH600631,sell,29000,29000,14.545389925003052,421816.3078250885,126.54489234752654,421.81630782508853,filled
2011-03-01,SH600863,sell,124300,124300,3.3016438579559324,410394.3315439224,123.11829946317671,410.3943315439224,filled
2011-03-01,SH600900,sell,6800,6800,5.115441990852356,34785.00553779602,10.435501661338806,34.785005537796025,filled
2011-03-01,SH600978,sell,83900,83900,5.605940686225891,470338.42357435223,141.10152707230566,470.33842357435225,filled
2011-03-01,SH601318,sell,900,900,20.064550146102906,18058.095131492617,5.417428539447784,18.058095131492617,filled
2011-03-01,SZ000157,sell,11900,11900,8.315058042526244,98949.1907060623,29.684757211818688,98.94919070606231,filled
2011-03-01,SZ000522,sell,6700,6700,17.907739236831667,119981.85288677216,35.99455586603165,119.98185288677216,filled
2011-03-01,SZ000527,sell,7400,7400,18.285668272018434,135313.9452129364,40.59418356388092,135.3139452129364,filled
2011-03-01,SZ000627,sell,90300,90300,5.231669621944428,472419.7668615818,141.72593005847455,472.4197668615818,filled
2011-03-01,SZ000677,sell,77700,77700,5.90448332118988,458778.3540564537,137.6335062169361,458.7783540564537,filled
2011-03-01,SZ000930,sell,52100,52100,8.687499406814576,452618.7190950394,135.7856157285118,452.6187190950394,filled
2011-03-01,SZ000960,sell,15600,15600,32.969122661590575,514318.31352081295,154.29549405624388,514.3183135208129,filled
2011-03-01,SZ002042,sell,14900,14900,5.513339574337006,82148.75965762138,24.644627897286412,82.14875965762138,filled
2011-03-01,SZ002200,sell,12400,12400,26.097878454208374,323613.69283218385,97.08410784965514,323.61369283218386,filled
2011-03-01,SZ002221,sell,168600,168600,2.5910543088912963,436851.75647907256,131.05552694372176,436.85175647907255,filled
2011-03-01,SZ002242,sell,7500,7500,10.4391610994339,78293.70824575424,23.48811247372627,78.29370824575425,filled
2011-03-01,SH600298,buy,28200,28200,13.300389801979064,375070.9924158096,112.52129772474287,0.0,filled
2011-03-01,SH600406,buy,29000,29000,12.922895527839659,374763.9703073501,112.42919109220502,0.0,filled
2011-03-01,SH600420,buy,44800,44800,8.375316030502319,375214.1581665039,112.56424744995115,0.0,filled
2011-03-01,SH600527,buy,159800,159800,2.3517186567783352,375804.64135317795,112.74139240595338,0.0,filled
2011-03-01,SH600703,buy,46100,46100,8.150727385520934,375748.5324725151,112.72455974175452,0.0,filled
2011-03-01,SH600710,buy,41100,41100,9.142680376052855,375764.16345577233,112.72924903673169,0.0,filled
2011-03-01,SH600873,buy,37300,37300,10.056332869529722,375101.21603345865,112.53036481003758,0.0,filled
2011-03-01,SZ000788,buy,34400,34400,10.928732069015501,375948.38317413325,112.78451495223996,0.0,filled
2011-03-01,SZ002014,buy,69800,69800,5.3845949330329885,375844.7263257026,112.75341789771078,0.0,filled
2011-03-01,SZ002043,buy,118400,118400,3.175710818767547,376004.1609420776,112.80124828262326,0.0,filled
2011-03-01,SZ002056,buy,41100,41100,9.138033246994018,375573.16645145416,112.67194993543625,0.0,filled
2011-03-01,SZ002171,buy,48500,48500,7.74495750761032,375630.4391191005,112.68913173573014,0.0,filled
2011-03-01,SZ002230,buy,48800,48800,7.6912868900299065,375334.80023345945,112.60044007003782,0.0,filled
2011-03-01,SZ002249,buy,42800,42800,8.78314933681488,375918.79161567683,112.77563748470304,0.0,filled
2011-03-01,SZ002250,buy,30900,30900,12.135589003562925,374989.7002100944,112.49691006302831,0.0,filled
2011-03-01,SZ002283,buy,45400,45400,8.277028487205504,375777.0933191299,112.73312799573895,0.0,filled
2011-03-01,SZ002293,buy,41300,9600,9.09494420337677,87311.46435241698,26.193439305725093,0.0,partial_volume_or_cash
2011-03-22,SH600288,sell,31100,31100,10.815213274955749,336353.1328511238,100.90593985533714,336.3531328511238,filled
2011-03-22,SH600415,sell,53000,53000,7.191409313678742,381144.6936249733,114.34340808749198,381.1446936249733,filled
2011-03-22,SH600420,sell,44800,44800,8.32730526638031,373063.2759338379,111.91898278015137,373.06327593383793,filled
2011-03-22,SH600527,sell,159800,159800,2.367571055173874,378337.854616785,113.50135638503549,378.337854616785,filled
2011-03-22,SH600545,sell,37400,37400,9.728994558334351,363864.3964817047,109.15931894451141,363.8643964817047,filled
2011-03-22,SH600873,sell,37300,37300,10.341317642211914,385731.1480545044,115.71934441635132,385.73114805450444,filled
2011-03-22,SH600900,sell,73300,73300,5.192954865932465,380643.59167284967,114.19307750185489,380.64359167284965,filled
2011-03-22,SH601318,sell,18700,18700,19.945879262924194,372987.9422166824,111.89638266500472,372.9879422166824,filled
2011-03-22,SZ000522,sell,20900,20900,17.95791522216797,375320.42814331054,112.59612844299315,375.32042814331055,filled
2011-03-22,SZ000788,sell,34400,34400,11.393124089241027,391923.46866989136,117.5770406009674,391.92346866989135,filled
2011-03-22,SZ002042,sell,68000,68000,5.301117240428924,360475.97234916687,108.14279170475005,360.47597234916685,filled
2011-03-22,SZ002043,sell,118400,118400,3.3777247939109802,399922.6155990601,119.97678467971801,399.92261559906007,filled
2011-03-22,SZ002171,sell,10400,10400,9.806022974967956,101982.63893966674,30.59479168190002,101.98263893966674,filled
2011-03-22,SZ002230,sell,2300,2300,8.033574823379517,18477.22209377289,5.543166628131866,18.47722209377289,filled
2011-03-22,SZ002242,sell,35900,35900,9.77713934326172,350999.30242309574,105.2997907269287,350.99930242309574,filled
2011-03-22,SZ002249,sell,1000,1000,8.940350512504578,8940.350512504578,5.0,8.940350512504578,filled
2011-03-22,SZ002283,sell,200,200,8.265253618240356,1653.0507236480712,5.0,1.6530507236480712,filled
2011-03-22,SH600066,buy,66600,66600,5.6233655314445485,374516.14439420693,112.35484331826207,0.0,filled
2011-03-22,SH600139,buy,28100,28100,13.32852173423767,374531.4607320785,112.35943821962356,0.0,filled
2011-03-22,SH600160,buy,41300,41300,9.057599156379698,374078.84515848156,112.22365354754446,0.0,filled
2011-03-22,SH600298,buy,1600,1600,12.54169729709625,20066.715675354,6.0200147026062,0.0,filled
2011-03-22,SH600403,buy,24400,24400,15.330961817741393,374075.46835289,112.22264050586699,0.0,filled
2011-03-22,SH600406,buy,2400,2400,11.918153386116026,28603.568126678463,8.581070438003538,0.0,filled
2011-03-22,SH600503,buy,39600,39600,9.44346456336975,373961.19670944207,112.1883590128326,0.0,filled
2011-03-22,SH600547,buy,15600,15600,23.903405664443966,372893.12836532586,111.86793850959775,0.0,filled
2011-03-22,SH600703,buy,800,800,7.97827861213684,6382.6228897094725,5.0,0.0,filled
2011-03-22,SZ000527,buy,1100,1100,17.275286058425902,19002.81466426849,5.700844399280547,0.0,filled
2011-03-22,SZ000988,buy,34000,34000,11.016557844161985,374562.9667015075,112.36889001045225,0.0,filled
2011-03-22,SZ002014,buy,1400,1400,5.259159678936004,7362.823550510405,5.0,0.0,filled
2011-03-22,SZ002037,buy,26200,26200,14.253560075759886,373443.273984909,112.03298219547268,0.0,filled
2011-03-22,SZ002056,buy,1100,1100,8.87193546772003,9759.129014492033,5.0,0.0,filled
2011-03-22,SZ002126,buy,59000,59000,6.342451475620269,374204.63706159586,112.26139111847874,0.0,filled
2011-03-22,SZ002130,buy,74000,74000,5.06016508769989,374452.2164897918,112.33566494693753,0.0,filled
2011-03-22,SZ002161,buy,31200,31200,11.982357846260069,373849.56480331416,112.15486944099423,0.0,filled
2011-03-22,SZ002170,buy,56700,56700,6.60827098083496,374688.96461334225,112.40668938400266,0.0,filled
2011-03-22,SZ002226,buy,63000,63000,5.943760164260864,374456.8903484344,112.3370671045303,0.0,filled
2011-03-22,SZ002250,buy,1700,1600,11.488202303886412,18381.12368621826,5.5143371058654775,0.0,partial_volume_or_cash
2011-03-22,SZ300008,buy,67000,100,5.590243758678436,559.0243758678436,5.0,0.0,partial_volume_or_cash
2011-04-26,SH600139,sell,1800,1800,14.00303178691864,25205.457216453553,7.561637164936065,25.205457216453553,filled
2011-04-26,SH600160,sell,7900,7900,11.00157305431366,86912.42712907791,26.07372813872337,86.91242712907791,filled
2011-04-26,SH600298,sell,29800,29800,13.371220802307128,398462.37990875245,119.53871397262573,398.46237990875244,filled
2011-04-26,SH600403,sell,1400,1400,15.960880328178407,22345.23245944977,6.70356973783493,22.345232459449768,filled
2011-04-26,SH600406,sell,3200,3200,13.032899222373963,41705.27751159668,12.511583253479003,41.705277511596684,filled
2011-04-26,SH600503,sell,8500,8500,11.819129313468933,100462.59916448593,30.138779749345776,100.46259916448594,filled
2011-04-26,SH600547,sell,15600,15600,25.8472462348938,403217.04126434325,120.96511237930297,403.21704126434327,filled
2011-04-26,SH600703,sell,46900,46900,6.958639653682709,326360.19975771906,97.9080599273157,326.36019975771904,filled
2011-04-26,SH600710,sell,41100,41100,8.905042685508729,365997.25437440875,109.79917631232261,365.9972543744087,filled
2011-04-26,SH600991,sell,41300,41300,15.97584375858307,659802.3472294807,197.9407041688442,659.8023472294808,filled
2011-04-26,SZ000157,sell,2300,2300,8.58865273475647,19753.90128993988,5.926170386981964,19.75390128993988,filled
2011-04-26,SZ000527,sell,21600,21600,16.20501594543457,350028.3444213867,105.008503326416,350.02834442138675,filled
2011-04-26,SZ000988,sell,34000,34000,9.769370859146118,332158.609210968,99.6475827632904,332.15860921096805,filled
2011-04-26,SZ002014,sell,71200,71200,5.096219422817231,362850.8229045868,108.85524687137602,362.8508229045868,filled
2011-04-26,SZ002037,sell,100,100,14.102129024505615,1410.2129024505616,5.0,1.4102129024505616,filled
2011-04-26,SZ002126,sell,59000,59000,5.33110793352127,314535.368077755,94.36061042332648,314.535368077755,filled
2011-04-26,SZ002130,sell,74000,74000,4.282605521678924,316912.8086042404,95.07384258127212,316.9128086042404,filled
2011-04-26,SZ002161,sell,31200,31200,10.580028468132019,330096.888205719,99.02906646171569,330.09688820571904,filled
2011-04-26,SZ002170,sell,56700,56700,6.4324649047851565,364720.76010131836,109.4162280303955,364.7207601013184,filled
2011-04-26,SZ002171,sell,38100,38100,9.488980410575866,361530.1536429405,108.45904609288215,361.5301536429405,filled
2011-04-26,SZ002226,sell,63000,63000,5.63158840227127,354790.06934309006,106.43702080292701,354.79006934309007,filled
2011-04-26,SZ002230,sell,46500,46500,7.436648181438446,345804.14043688774,103.74124213106631,345.80414043688774,filled
2011-04-26,SZ002249,sell,41800,41800,7.647985437870026,319685.79130296706,95.90573739089011,319.68579130296706,filled
2011-04-26,SZ002250,sell,32500,32500,11.481125942230225,373136.5931224823,111.94097793674467,373.1365931224823,filled
2011-04-26,SZ002283,sell,45200,45200,7.139077797889709,322686.3164646149,96.80589493938446,322.6863164646149,filled
2011-04-26,SZ002293,sell,9600,9600,9.219023205757141,88502.62277526855,26.550786832580563,88.50262277526855,filled
2011-04-26,SZ300008,sell,100,100,5.217927103042602,521.7927103042603,5.0,0.5217927103042602,filled
2011-04-26,SH600031,buy,23500,23500,15.691175415992735,368742.62227582926,110.62278668274877,0.0,filled
2011-04-26,SH600066,buy,4900,4900,5.154444148063659,25256.776325511928,7.577032897653578,0.0,filled
2011-04-26,SH600132,buy,7400,7400,49.326968578338615,365019.5674797057,109.50587024391172,0.0,filled
2011-04-26,SH600188,buy,16400,16400,22.496429109573363,368941.4373970032,110.68243121910095,0.0,filled
2011-04-26,SH600502,buy,114300,114300,3.2273089389801024,368881.4117254257,110.6644235176277,0.0,filled
2011-04-26,SH600585,buy,19300,19300,19.0753574180603,368154.3981685638,110.44631945056912,0.0,filled
2011-04-26,SH600815,buy,24900,24900,14.813790194511412,368863.3758433342,110.65901275300024,0.0,filled
2011-04-26,SH600970,buy,23900,23900,15.41506645298004,368420.08822622296,110.52602646786687,0.0,filled
2011-04-26,SH600982,buy,86500,86500,4.264415833473205,368871.9695954322,110.66159087862965,0.0,filled
2011-04-26,SH601002,buy,19500,19500,18.920066173553465,368941.29038429254,110.68238711528775,0.0,filled
2011-04-26,SH601699,buy,18200,18200,20.20091345977783,367656.6249679565,110.29698749038694,0.0,filled
2011-04-26,SZ000039,buy,22400,22400,16.422700162887573,367868.4836486816,110.36054509460448,0.0,filled
2011-04-26,SZ000338,buy,43300,43300,8.510076090812682,368486.2947321891,110.54588841965672,0.0,filled
2011-04-26,SZ000581,buy,18700,18700,19.64767980957031,367411.6124389648,110.22348373168943,0.0,filled
2011-04-26,SZ002042,buy,76600,76600,4.813553174972534,368718.1732028961,110.61545196086881,0.0,filled
2011-04-26,SZ002056,buy,8100,8100,7.332303807258605,59391.660838794705,17.81749825163841,0.0,filled
2011-04-26,SZ002069,buy,16500,16500,22.291808418273924,367814.8389015197,110.34445167045591,0.0,filled
2011-04-26,SZ002081,buy,52200,52200,7.064887209415435,368787.1123314857,110.63613369944571,0.0,filled
2011-04-26,SZ002106,buy,12000,12000,30.693456907272335,368321.482887268,110.4964448661804,0.0,filled
2011-04-26,SZ002118,buy,39600,39600,9.316071367263794,368916.42614364624,110.67492784309387,0.0,filled
2011-04-26,SZ002304,buy,6800,4900,53.58181426620483,262550.88990440365,78.76526697132108,0.0,partial_volume_or_cash
2011-04-26,SZ002310,buy,60600,400,6.084862772941588,2433.9451091766355,5.0,0.0,partial_volume_or_cash
2011-05-24,SH600066,sell,71500,71500,4.701741153717041,336174.49249076843,100.85234774723052,336.17449249076844,filled
2011-05-24,SH600132,sell,7400,7400,44.90575577545166,332302.5927383423,99.69077782150268,332.3025927383423,filled
2011-05-24,SH600139,sell,26300,26300,10.477208950996399,275550.5954112053,82.66517862336158,275.55059541120534,filled
2011-05-24,SH600188,sell,16400,16400,21.228391777038574,348145.62514343264,104.44368754302978,348.14562514343265,filled
2011-05-24,SH600502,sell,9400,9400,3.2298530230522156,30360.618416690828,9.108185525007247,30.36061841669083,filled
2011-05-24,SH600503,sell,31100,31100,13.144766727447509,408802.24522361753,122.64067356708524,408.80224522361755,filled
2011-05-24,SH600970,sell,23900,23900,12.78311587715149,305516.4694639206,91.65494083917618,305.51646946392066,filled
2011-05-24,SH600982,sell,86500,86500,4.351795905590057,376430.34583353996,112.92910375006198,376.43034583353995,filled
2011-05-24,SH601002,sell,19500,19500,16.549473999023437,322714.74298095703,96.8144228942871,322.71474298095706,filled
2011-05-24,SH601699,sell,18200,18200,17.923853553771973,326214.1346786499,97.86424040359496,326.2141346786499,filled
2011-05-24,SZ000338,sell,43300,43300,7.5349980096817015,326265.41381921765,97.87962414576529,326.26541381921766,filled
2011-05-24,SZ002037,sell,26100,26100,13.485039479255676,351959.5304085731,105.58785912257193,351.95953040857313,filled
2011-05-24,SZ002042,sell,76600,76600,4.316944431781769,330677.9434744835,99.20338304234504,330.6779434744835,filled
2011-05-24,SZ002056,sell,50300,50300,6.776521862983704,340859.0497080803,102.25771491242408,340.8590497080803,filled
2011-05-24,SZ002069,sell,16500,16500,23.354500310897826,385349.25512981415,115.60477653894424,385.34925512981414,filled
2011-05-24,SZ002081,sell,2000,2000,6.742571662902832,13485.143325805664,5.0,13.485143325805664,filled
2011-05-24,SZ002106,sell,12000,12000,27.658589206695556,331903.0704803467,99.57092114410399,331.9030704803467,filled
2011-05-24,SZ002310,sell,400,400,5.574048362731934,2229.6193450927735,5.0,2.2296193450927735,filled
2011-05-24,SH600031,buy,600,600,14.038986433029173,8423.391859817504,5.0,0.0,filled
2011-05-24,SH600086,buy,50900,50900,6.672434391975402,339626.910551548,101.88807316546439,0.0,filled
2011-05-24,SH600111,buy,16500,16500,20.541156240463256,338929.07796764374,101.67872339029311,0.0,filled
2011-05-24,SH600160,buy,900,900,9.885836310386656,8897.25267934799,5.0,0.0,filled
2011-05-24,SH600199,buy,20300,20300,16.661765741348265,338233.84454936977,101.47015336481093,0.0,filled
2011-05-24,SH600252,buy,67400,67400,5.0358440303802485,339415.8876476287,101.82476629428861,0.0,filled
2011-05-24,SH600375,buy,17800,17800,19.025819862365722,338659.5935501098,101.59787806503294,0.0,filled
2011-05-24,SH600403,buy,300,300,14.563968822479247,4369.190646743774,5.0,0.0,filled
2011-05-24,SH600406,buy,1400,1400,11.449188567161558,16028.863994026182,5.0,0.0,filled
2011-05-24,SH600458,buy,20200,20200,16.811132564544675,339584.87780380243,101.87546334114072,0.0,filled
2011-05-24,SH600585,buy,1100,1100,16.59102017021179,18250.12218723297,5.47503665616989,0.0,filled
2011-05-24,SH600805,buy,33500,33500,10.123509086608886,339137.55440139765,101.74126632041929,0.0,filled
2011-05-24,SH600815,buy,2200,2200,12.490042376518248,27478.093228340145,8.243427968502044,0.0,filled
2011-05-24,SZ000039,buy,2600,2600,13.567984437942503,35276.759538650505,10.58302786159515,0.0,filled
2011-05-24,SZ000049,buy,36500,36500,9.284790117263793,338894.8392801284,101.66845178403852,0.0,filled
2011-05-24,SZ000157,buy,2500,2500,7.493137621879577,18732.844054698944,5.619853216409683,0.0,filled
2011-05-24,SZ000425,buy,50000,50000,6.781847169876098,339092.3584938049,101.72770754814145,0.0,filled
2011-05-24,SZ000528,buy,25100,25100,13.502631560325622,338916.0521641731,101.67481564925193,0.0,filled
2011-05-24,SZ000540,buy,155500,155500,2.18361129283905,339551.55603647226,101.86546681094167,0.0,filled
2011-05-24,SZ000581,buy,2500,2500,15.96683570384979,39917.089259624474,11.975126777887342,0.0,filled
2011-05-24,SZ000680,buy,28900,28900,11.732088753700255,339057.3649819374,101.71720949458121,0.0,filled
2011-05-24,SZ000876,buy,41900,41900,8.104998795509337,339599.4495318412,101.87983485955236,0.0,filled
2011-05-24,SZ002006,buy,17100,17100,19.770406784057617,338073.9560073852,101.42218680221556,0.0,filled
2011-05-24,SZ002236,buy,95000,59500,3.5738322172164914,212643.01692438123,63.792905077314366,0.0,partial_volume_or_cash
2011-06-23,SH600031,sell,500,500,14.366144110679626,7183.072055339813,5.0,7.183072055339814,filled
2011-06-23,SH600111,sell,800,800,21.617860164642334,17294.288131713867,5.18828643951416,17.294288131713866,filled
2011-06-23,SH600160,sell,2200,2200,10.569100762367249,23252.021677207948,6.975606503162384,23.25202167720795,filled
2011-06-23,SH600406,sell,1700,1700,12.153422790527344,20660.818743896485,6.198245623168945,20.660818743896485,filled
2011-06-23,SH600458,sell,20200,20200,14.817098230361939,299305.38425331115,89.79161527599334,299.30538425331116,filled
2011-06-23,SH600502,sell,8600,8600,3.5275782237052917,30337.172723865508,9.101151817159652,30.337172723865507,filled
2011-06-23,SH600585,sell,3100,3100,19.55268954849243,60613.33760032654,18.18400128009796,60.61333760032654,filled
2011-06-23,SH600805,sell,3300,3300,11.244344375610352,37106.33643951416,11.131900931854247,37.10633643951416,filled
2011-06-23,SH600815,sell,2200,2200,13.651947561264038,30034.284634780885,9.010285390434264,30.034284634780885,filled
2011-06-23,SZ000049,sell,36500,36500,9.530981100082398,347880.8101530075,104.36424304590224,347.88081015300753,filled
2011-06-23,SZ000157,sell,3100,3100,8.041610069274903,24928.991214752197,7.478697364425659,24.928991214752198,filled
2011-06-23,SZ000425,sell,1200,1200,6.963731469154358,8356.47776298523,5.0,8.35647776298523,filled
2011-06-23,SZ000540,sell,155500,155500,2.5083548226356505,390049.1749198437,117.01475247595309,390.04917491984367,filled
2011-06-23,SZ000581,sell,1500,1500,17.174062408447266,25761.0936126709,7.7283280838012685,25.761093612670898,filled
2011-06-23,SZ000680,sell,28900,28900,11.004568408012391,318032.0269915581,95.40960809746741,318.0320269915581,filled
2011-06-23,SH600086,buy,4300,4300,6.168602262973785,26524.989730787274,7.957496919236181,0.0,filled
2011-06-23,SH600199,buy,2900,2900,14.6699182100296,42542.76280908584,12.762828842725751,0.0,filled
2011-06-23,SH600252,buy,3800,3800,4.7778481788635245,18155.823079681395,5.446746923904418,0.0,filled
2011-06-23,SH600375,buy,900,900,18.176529342651364,16358.876408386228,5.0,0.0,filled
2011-06-23,SH600403,buy,1800,1800,13.54582656764984,24382.48782176971,7.314746346530913,0.0,filled
2011-06-23,SH600784,buy,45700,45700,7.440602056980132,340035.514003992,102.0106542011976,0.0,filled
2011-06-23,SH600809,buy,16300,16300,20.885517286300658,340433.9317667007,102.1301795300102,0.0,filled
2011-06-23,SZ000039,buy,1600,1600,12.77645082092285,20442.32131347656,6.132696394042968,0.0,filled
2011-06-23,SZ000528,buy,1900,1900,12.585003995895384,23911.50759220123,7.173452277660368,0.0,filled
2011-06-23,SZ000596,buy,10300,10300,32.81499351501464,337994.4332046508,101.39832996139523,0.0,filled
2011-06-23,SZ000656,buy,104800,104800,3.24736209321022,340323.54736843106,102.09706421052931,0.0,filled
2011-06-23,SZ000876,buy,2700,2700,7.637347067356108,20620.837081861493,6.1862511245584475,0.0,filled
2011-06-23,SZ002006,buy,2300,2300,17.5313191947937,40322.03414802551,12.096610244407652,0.0,filled
2011-06-23,SZ002081,buy,4700,4700,6.197146117210387,29126.58675088882,8.737976025266645,0.0,filled
2011-06-23,SZ002118,buy,1100,1100,8.350855597496032,9185.941157245636,5.0,0.0,filled
2011-06-23,SZ002204,buy,52700,1200,6.453105269908904,7743.726323890684,5.0,0.0,partial_volume_or_cash
2011-07-22,SH600086,sell,4600,4600,7.478703176021576,34402.03460969925,10.320610382909774,34.40203460969925,filled
2011-07-22,SH600160,sell,100,100,11.833449657440186,1183.3449657440185,5.0,1.1833449657440185,filled
2011-07-22,SH600199,sell,23200,23200,17.492736030578612,405831.4759094238,121.74944277282712,405.8314759094238,filled
2011-07-22,SH600252,sell,8400,8400,6.027601027965546,50631.84863491059,15.189554590473175,50.63184863491059,filled
2011-07-22,SH600375,sell,18700,18700,18.541020269393922,346717.0790376663,104.01512371129989,346.71707903766634,filled
2011-07-22,SH600403,sell,25100,25100,15.198491357803345,381482.133080864,114.44463992425918,381.482133080864,filled
2011-07-22,SH600502,sell,14000,14000,4.601314870834351,64418.40819168091,19.32552245750427,64.41840819168091,filled
2011-07-22,SH600585,sell,17300,17300,20.078705669403075,347361.6080806732,104.20848242420195,347.3616080806732,filled
2011-07-22,SH600784,sell,45700,45700,8.047045340538025,367749.97206258774,110.32499161877631,367.74997206258774,filled
2011-07-22,SH600809,sell,1100,1100,24.879007678985595,27366.908446884154,8.210072534065246,27.366908446884153,filled
2011-07-22,SZ000039,sell,2100,2100,15.451351037979126,32447.837179756167,9.734351153926848,32.44783717975617,filled
2011-07-22,SZ000596,sell,1200,1200,41.434472385406494,49721.36686248779,14.916410058746335,49.72136686248779,filled
2011-07-22,SZ000876,sell,1300,1300,8.74661572265625,11370.600439453125,5.0,11.370600439453124,filled
2011-07-22,SZ002006,sell,1200,1200,20.77936501121521,24935.23801345825,7.480571404037474,24.93523801345825,filled
2011-07-22,SZ002081,sell,4400,4400,7.499546798229217,32998.00591220856,9.899401773662566,32.99800591220856,filled
2011-07-22,SZ002118,sell,8200,8200,11.653599818229676,95559.51850948334,28.667855552845,95.55951850948334,filled
2011-07-22,SH600031,buy,1600,1600,15.047158553123472,24075.453684997556,7.222636105499266,0.0,filled
2011-07-22,SH600111,buy,1800,1800,21.683611106872558,39030.499992370605,11.709149997711181,0.0,filled
2011-07-22,SH600406,buy,1300,1300,12.978915007591246,16872.58950986862,5.061776852960586,0.0,filled
2011-07-22,SH600505,buy,29400,29400,12.906255407333372,379443.90897560114,113.83317269268034,0.0,filled
2011-07-22,SH600684,buy,132000,132000,2.873869619607925,379350.7897882461,113.80523693647382,0.0,filled
2011-07-22,SH600805,buy,500,500,12.364519296646117,6182.259648323058,5.0,0.0,filled
2011-07-22,SH600815,buy,3500,3500,13.346434373855589,46712.52030849456,14.013756092548366,0.0,filled
2011-07-22,SZ000011,buy,38200,38200,9.922434838294981,379037.01082286827,113.71110324686047,0.0,filled
2011-07-22,SZ000157,buy,1000,1000,8.771439869880675,8771.439869880674,5.0,0.0,filled
2011-07-22,SZ000425,buy,2600,2600,7.372507487773895,19168.519468212126,5.750555840463637,0.0,filled
2011-07-22,SZ000528,buy,1400,1400,13.358100882530211,18701.341235542295,5.610402370662688,0.0,filled
2011-07-22,SZ000581,buy,2500,2500,17.065451189041134,42663.62797260284,12.79908839178085,0.0,filled
2011-07-22,SZ000651,buy,50900,50900,7.4487770137786855,379142.7500013351,113.74282500040053,0.0,filled
2011-07-22,SZ000656,buy,6700,6700,3.4015235354900355,22790.207687783237,6.83706230633497,0.0,filled
2011-07-22,SZ002161,buy,34000,34000,11.14835760307312,379044.1585044861,113.71324755134582,0.0,filled
2011-07-22,SZ002204,buy,56000,19500,6.6276337003707875,129238.85715723036,38.77165714716911,0.0,partial_volume_or_cash
2011-08-22,SH600406,sell,2500,2500,13.60761461162567,34019.03652906418,10.205710958719253,34.01903652906418,filled
2011-08-22,SH600505,sell,29400,29400,11.615973069190979,341509.6082342148,102.45288247026443,341.5096082342148,filled
2011-08-22,SH600684,sell,132000,132000,2.9998152894973753,395975.61821365356,118.79268546409605,395.97561821365355,filled
2011-08-22,SH600809,sell,15200,15200,27.222976747512817,413789.24656219484,124.13677396865845,413.7892465621948,filled
2011-08-22,SH600815,sell,300,300,12.924270014762879,3877.2810044288635,5.0,3.8772810044288635,filled
2011-08-22,SZ000011,sell,38200,38200,7.8456349568367,299703.25535116193,89.91097660534857,299.70325535116194,filled
2011-08-22,SZ000581,sell,22200,22200,16.94802943611145,376246.2534816742,112.87387604450224,376.2462534816742,filled
2011-08-22,SZ000596,sell,1200,1200,45.64397708129883,54772.772497558595,16.431831749267577,54.7727724975586,filled
2011-08-22,SZ000876,sell,43300,43300,7.759722420215606,335995.9807953358,100.79879423860072,335.9959807953358,filled
2011-08-22,SZ002006,sell,4100,4100,25.768463859558107,105650.70182418823,31.695210547256465,105.65070182418823,filled
2011-08-22,SZ002081,sell,5000,5000,7.982746224403382,39913.73112201691,11.97411933660507,39.913731122016905,filled
2011-08-22,SZ002236,sell,59500,59500,4.651623284339904,276771.58541822433,83.0314756254673,276.77158541822433,filled
2011-08-22,SH600031,buy,700,700,14.03058093357086,9821.406653499602,5.0,0.0,filled
2011-08-22,SH600086,buy,2300,2300,6.873311986923217,15808.617569923399,5.0,0.0,filled
2011-08-22,SH600111,buy,900,900,19.697501844406126,17727.751659965514,5.318325497989654,0.0,filled
2011-08-22,SH600160,buy,6500,6500,9.459929032325743,61489.538710117326,18.446861613035196,0.0,filled
2011-08-22,SH600252,buy,2600,2600,5.564710323810576,14468.2468419075,5.0,0.0,filled
2011-08-22,SH600309,buy,34900,34900,10.408378670692443,363252.41560716624,108.97572468214986,0.0,filled
2011-08-22,SH600339,buy,31500,31500,11.549872226715086,363820.9751415252,109.14629254245756,0.0,filled
2011-08-22,SH600502,buy,8500,8500,4.009227542877197,34078.43411445617,10.22353023433685,0.0,filled
2011-08-22,SH600585,buy,21400,21400,16.957696599960325,362894.70723915094,108.86841217174528,0.0,filled
2011-08-22,SH600784,buy,53400,53400,6.812070214748382,363764.54946756363,109.12936484026908,0.0,filled
2011-08-22,SH600805,buy,2100,2100,11.104912483215331,23320.316214752194,6.9960948644256575,0.0,filled
2011-08-22,SH601101,buy,20500,20500,17.739120706558225,363651.9744844436,109.09559234533307,0.0,filled
2011-08-22,SZ000039,buy,4800,4800,12.428014468193053,59654.46944732666,17.896340834197996,0.0,filled
2011-08-22,SZ000157,buy,3900,3900,7.7211190147399895,30112.364157485958,9.033709247245787,0.0,filled
2011-08-22,SZ000425,buy,1700,1700,6.851181323528289,11647.00824999809,5.0,0.0,filled
2011-08-22,SZ000528,buy,2500,2500,11.781510799407958,29453.776998519894,8.836133099555967,0.0,filled
2011-08-22,SZ000651,buy,3500,3500,6.691209060668944,23419.231712341305,7.025769513702391,0.0,filled
2011-08-22,SZ000789,buy,56100,56100,6.488011719703674,363977.4574753761,109.19323724261281,0.0,filled
2011-08-22,SZ002085,buy,217100,96500,1.6777893611192702,161906.6733480096,48.57200200440287,0.0,partial_volume_or_cash
2011-09-23,SH600031,sell,100,100,12.725631571769714,1272.5631571769713,5.0,1.2725631571769713,filled
2011-09-23,SH600086,sell,52900,52900,5.237437392711639,277060.4380744457,83.1181314223337,277.0604380744457,filled
2011-09-23,SH600111,sell,200,200,18.069758909225463,3613.9517818450927,5.0,3.613951781845093,filled
2011-09-23,SH600160,sell,2300,2300,9.100916333198548,20932.10756635666,6.2796322699069975,20.93210756635666,filled
2011-09-23,SH600252,sell,65400,65400,3.803454920053482,248745.95177149773,74.62378553144931,248.74595177149774,filled
2011-09-23,SH600309,sell,34900,34900,9.972616659164428,348044.3214048385,104.41329642145155,348.0443214048385,filled
2011-09-23,SH600339,sell,31500,31500,10.485212757110595,330284.20184898376,99.08526055469513,330.2842018489838,filled
2011-09-23,SH600784,sell,53400,53400,6.586932360649109,351742.1880586624,105.52265641759871,351.7421880586624,filled
2011-09-23,SH600805,sell,2800,2800,10.951582849502563,30664.431978607176,9.199329593582151,30.664431978607176,filled
2011-09-23,SH600815,sell,28100,28100,12.21814205646515,343329.7917866707,102.9989375360012,343.3297917866707,filled
2011-09-23,SH601101,sell,1100,1100,16.962236406326294,18658.460046958924,5.597538014087677,18.658460046958925,filled
2011-09-23,SZ000039,sell,29300,29300,10.73960155391693,314670.32552976604,94.4010976589298,314.67032552976605,filled
2011-09-23,SZ000157,sell,200,200,7.011724771499634,1402.3449542999267,5.0,1.4023449542999267,filled
2011-09-23,SZ000425,sell,53100,53100,5.9862505702972415,317869.9052827835,95.36097158483504,317.8699052827835,filled
2011-09-23,SZ000528,sell,30900,30900,10.67979832649231,330005.76828861237,99.0017304865837,330.0057682886124,filled
2011-09-23,SZ000651,sell,54400,54400,6.230057498931885,338915.1279418945,101.67453838256834,338.9151279418945,filled
2011-09-23,SZ000656,sell,6600,6600,3.1377759075164793,20709.320989608765,6.212796296882629,20.709320989608766,filled
2011-09-23,SZ000789,sell,56100,56100,5.318622053146362,298374.6971815109,89.51240915445327,298.3746971815109,filled
2011-09-23,SZ002085,sell,96500,96500,1.8145397068262101,175103.08170872927,52.530924512618775,175.10308170872926,filled
2011-09-23,SZ002161,sell,34000,34000,9.241581725120545,314213.7786540985,94.26413359622954,314.2137786540985,filled
2011-09-23,SH600188,buy,17400,17400,18.91593836212158,329137.3275009155,98.74119825027464,0.0,filled
2011-09-23,SH600259,buy,5600,5600,58.060149822235104,325136.8390045166,97.54105170135497,0.0,filled
2011-09-23,SH600340,buy,134400,134400,2.455940406322479,330078.39060974115,99.02351718292233,0.0,filled
2011-09-23,SH600348,buy,17900,17900,18.379290418624876,328989.29849338526,98.69678954801557,0.0,filled
2011-09-23,SH600403,buy,23400,23400,14.106869074821471,330100.73635082244,99.03022090524672,0.0,filled
2011-09-23,SH600406,buy,1200,1200,11.795866495132445,14155.039794158934,5.0,0.0,filled
2011-09-23,SH600502,buy,500,500,3.6131330583095544,1806.5665291547773,5.0,0.0,filled
2011-09-23,SH600519,buy,2400,2400,134.29512593078613,322308.30223388673,96.69249067016601,0.0,filled
2011-09-23,SH600532,buy,23900,23900,13.778723340034484,329311.48782682413,98.79344634804723,0.0,filled
2011-09-23,SH600585,buy,4000,4000,12.986076626777647,51944.30650711059,15.583291952133175,0.0,filled
2011-09-23,SH600612,buy,16500,16500,19.899573678970334,328342.9657030105,98.50288971090315,0.0,filled
2011-09-23,SH600809,buy,13700,13700,24.01078031158447,328947.6902687072,98.68430708061216,0.0,filled
2011-09-23,SZ000586,buy,44500,44500,7.417076682090759,330059.9123530388,99.01797370591163,0.0,filled
2011-09-23,SZ000596,buy,500,500,39.19417287063598,19597.08643531799,5.8791259305953965,0.0,filled
2011-09-23,SZ000626,buy,55700,55700,5.9193613047599785,329708.4246751308,98.91252740253924,0.0,filled
2011-09-23,SZ000650,buy,50400,50400,6.54028476190567,329630.35200004576,98.88910560001372,0.0,filled
2011-09-23,SZ002006,buy,2100,2100,20.3085076713562,42647.86610984802,12.794359832954406,0.0,filled
2011-09-23,SZ002055,buy,38000,800,8.679112069129943,6943.289655303954,5.0,0.0,partial_volume_or_cash
2011-10-31,SH600031,sell,1000,1000,12.79326425743103,12793.26425743103,5.0,12.79326425743103,filled
2011-10-31,SH600188,sell,1100,1100,19.48538745689392,21433.926202583312,6.430177860774993,21.43392620258331,filled
2011-10-31,SH600259,sell,5600,5600,47.555199474334714,266309.1170562744,79.8927351168823,266.3091170562744,filled
2011-10-31,SH600406,sell,27900,27900,11.803603777885437,329320.5454030037,98.7961636209011,329.3205454030037,filled
2011-10-31,SH600502,sell,9000,9000,3.862429995059967,34761.8699555397,10.42856098666191,34.7618699555397,filled
2011-10-31,SH600519,sell,200,200,141.7611426086426,28352.228521728517,8.505668556518554,28.352228521728517,filled
2011-10-31,SH600532,sell,23900,23900,11.187884244918823,267390.4334535599,80.21713003606796,267.39043345355987,filled
2011-10-31,SH600585,sell,4400,4400,15.115633243560792,66508.78627166749,19.952635881500242,66.50878627166749,filled
2011-10-31,SH600612,sell,2000,2000,21.838578861236574,43677.157722473145,13.103147316741943,43.67715772247315,filled
2011-10-31,SH600805,sell,600,600,10.789735619544983,6473.84137172699,5.0,6.47384137172699,filled
2011-10-31,SH601101,sell,300,300,16.591873878479003,4977.562163543701,5.0,4.977562163543701,filled
2011-10-31,SZ000157,sell,1600,1600,7.018953063011169,11230.324900817872,5.0,11.230324900817871,filled
2011-10-31,SZ000586,sell,44500,44500,6.652922079563141,296055.03254055977,88.81650976216793,296.05503254055975,filled
2011-10-31,SZ000596,sell,600,600,40.511872959136966,24307.123775482178,7.292137132644653,24.30712377548218,filled
2011-10-31,SZ000650,sell,2800,2800,6.679907415390015,18703.740763092042,5.611122228927612,18.703740763092043,filled
2011-10-31,SZ002006,sell,16200,16200,18.198490522384642,294815.5464626312,88.44466393878935,294.81554646263123,filled
2011-10-31,SZ002055,sell,800,800,9.912608596801757,7930.086877441406,5.0,7.930086877441406,filled
2011-10-31,SZ002081,sell,800,800,7.102752941608429,5682.202353286743,5.0,5.682202353286743,filled
2011-10-31,SZ002118,sell,32500,32500,7.391523044586181,240224.4989490509,72.06734968471527,240.2244989490509,filled
2011-10-31,SZ002304,sell,4900,4900,69.73300023651123,341691.70115890505,102.50751034767151,341.69170115890506,filled
2011-10-31,SH600111,buy,2700,2700,15.243423385620115,41157.24314117431,12.347172942352291,0.0,filled
2011-10-31,SH600160,buy,4000,4000,7.92576929950714,31703.07719802856,9.510923159408568,0.0,filled
2011-10-31,SH600266,buy,62100,62100,5.124911776542663,318257.0213232994,95.47710639698981,0.0,filled
2011-10-31,SH600348,buy,1400,1400,16.431778675079343,23004.49014511108,6.901347043533324,0.0,filled
2011-10-31,SH600403,buy,1100,1100,12.95580250930786,14251.382760238646,5.0,0.0,filled
2011-10-31,SH600546,buy,24600,24600,12.915270914077757,317715.66448631283,95.31469934589384,0.0,filled
2011-10-31,SH600684,buy,157800,157800,2.0184654235839843,318513.84384155273,95.55415315246582,0.0,filled
2011-10-31,SH600807,buy,34600,34600,9.206357881546019,318539.98270149226,95.56199481044767,0.0,filled
2011-10-31,SH600809,buy,1000,1000,21.559381547927853,21559.381547927853,6.467814464378355,0.0,filled
2011-10-31,SZ000568,buy,10400,10400,30.633046138763426,318583.6798431396,95.57510395294187,0.0,filled
2011-10-31,SZ000626,buy,2500,2500,5.465766473770141,13664.416184425352,5.0,0.0,filled
2011-10-31,SZ000651,buy,49400,49400,6.440860256671905,318178.4966795921,95.45354900387763,0.0,filled
2011-10-31,SZ000656,buy,9500,9500,2.7837181320190427,26445.322254180905,7.933596676254271,0.0,filled
2011-10-31,SZ000876,buy,40900,30500,7.787769709110259,237526.9761278629,71.25809283835886,0.0,partial_volume_or_cash
2011-11-22,SH600031,sell,24800,24800,11.71093835735321,290431.27126235963,87.12938137870788,290.43127126235964,filled
2011-11-22,SH600111,sell,300,300,14.71617558002472,4414.852674007416,5.0,4.414852674007416,filled
2011-11-22,SH600160,sell,300,300,7.6179342470169065,2285.3802741050717,5.0,2.285380274105072,filled
2011-11-22,SH600188,sell,16300,16300,18.48203352355957,301257.14643402095,90.37714393020627,301.25714643402097,filled
2011-11-22,SH600266,sell,62100,62100,5.034625556945801,312650.2470863342,93.79507412590026,312.6502470863342,filled
2011-11-22,SH600340,sell,134400,134400,2.28149417424202,306632.8170181275,91.98984510543823,306.63281701812747,filled
2011-11-22,SH600348,sell,19300,19300,15.375278200149536,296742.86926288606,89.0228607788658,296.7428692628861,filled
2011-11-22,SH600403,sell,24500,24500,12.799427407264709,313585.9714779854,94.0757914433956,313.58597147798537,filled
2011-11-22,SH600502,sell,3300,3300,3.8452726871967315,12689.399867749215,5.0,12.689399867749215,filled
2011-11-22,SH600519,sell,100,100,138.7162017059326,13871.62017059326,5.0,13.87162017059326,filled
2011-11-22,SH600546,sell,24600,24600,12.138021108627319,298595.31927223207,89.5785957816696,298.5953192722321,filled
2011-11-22,SH600585,sell,21000,21000,12.627297463417053,265173.2467317581,79.55197401952744,265.1732467317581,filled
2011-11-22,SH600612,sell,1000,1000,22.51355094909668,22513.55094909668,6.754065284729004,22.51355094909668,filled
2011-11-22,SH600684,sell,157800,157800,1.8859355199337005,297600.62504553795,89.28018751366137,297.600625045538,filled
2011-11-22,SH600805,sell,29400,29400,9.578806723594665,281616.91767368314,84.48507530210493,281.61691767368313,filled
2011-11-22,SH600807,sell,34600,34600,8.039099650382996,278152.84790325165,83.44585437097548,278.15284790325165,filled
2011-11-22,SH600809,sell,14700,14700,21.54991403388977,316783.7362981796,95.03512088945388,316.78373629817963,filled
2011-11-22,SH601101,sell,19100,19100,15.483917887687683,295742.83165483474,88.72284949645041,295.74283165483473,filled
2011-11-22,SZ000157,sell,45300,45300,6.505701493263245,294708.277644825,88.4124832934475,294.708277644825,filled
2011-11-22,SZ000596,sell,500,500,41.51230585098266,20756.152925491333,6.226845877647399,20.75615292549133,filled
2011-11-22,SZ000626,sell,58200,58200,5.099846430301667,296811.062243557,89.04331867306709,296.811062243557,filled
2011-11-22,SZ000650,sell,47600,47600,6.6797573618888855,317956.45042591094,95.38693512777327,317.95645042591093,filled
2011-11-22,SZ000651,sell,49400,49400,5.808230907440185,286926.60682754515,86.07798204826354,286.9266068275452,filled
2011-11-22,SZ000656,sell,114400,114400,2.4735938572883605,282979.13727378845,84.89374118213652,282.97913727378847,filled
2011-11-22,SH600252,buy,79400,79400,3.836176160573959,304592.3871495724,91.3777161448717,0.0,filled
2011-11-22,SH600318,buy,43200,43200,7.0401408653259265,304134.08538208005,91.24022561462401,0.0,filled
2011-11-22,SH600381,buy,9400,9400,32.18195296478271,302510.35786895745,90.75310736068722,0.0,filled
2011-11-22,SH600503,buy,34200,34200,8.881943787574768,303762.47753505706,91.12874326051711,0.0,filled
2011-11-22,SH600745,buy,35100,35100,8.657863959312438,303891.0249718666,91.16730749155997,0.0,filled
2011-11-22,SH600801,buy,51300,51300,5.932970958709716,304361.41018180846,91.30842305454253,0.0,filled
2011-11-22,SZ000430,buy,31000,31000,9.810604942321776,304128.75321197504,91.2386259635925,0.0,filled
2011-11-22,SZ000506,buy,38300,38300,7.949077019214629,304449.6498359203,91.33489495077609,0.0,filled
2011-11-22,SZ000703,buy,30600,30600,9.941808058738708,304219.3265974045,91.26579797922133,0.0,filled
2011-11-22,SZ000876,buy,7800,7800,7.938142710208892,61917.51313962936,18.575253941888807,0.0,filled
2011-11-22,SZ000970,buy,27800,27800,10.920612003326415,303593.01369247434,91.0779041077423,0.0,filled
2011-11-22,SZ002006,buy,17400,17400,17.428614587783812,303257.89382743835,90.97736814823149,0.0,filled
2011-11-22,SZ002035,buy,117300,117300,2.5952041628360747,304417.4483006716,91.32523449020147,0.0,filled
2011-11-22,SZ002063,buy,56000,56000,5.433565917015075,304279.69135284424,91.28390740585327,0.0,filled
2011-11-22,SZ002081,buy,2700,2700,6.424668811321258,17346.605790567395,5.203981737170218,0.0,filled
2011-11-22,SZ002140,buy,14600,14600,20.846304986953733,304356.0528095245,91.30681584285735,0.0,filled
2011-11-22,SZ002204,buy,32100,32100,5.7623345465660085,184970.93894476886,55.49128168343065,0.0,filled
2011-11-22,SZ002236,buy,75200,75200,4.04613393831253,304269.2721611023,91.28078164833067,0.0,filled
2011-11-22,SZ002241,buy,44500,44500,6.831640565872192,304008.00518131256,91.20240155439376,0.0,filled
2011-11-22,SZ002304,buy,4600,4100,66.02522592926024,270703.426309967,81.21102789299009,0.0,partial_volume_or_cash
2011-11-22,SZ002430,buy,18400,100,16.531382650375363,1653.1382650375363,5.0,0.0,partial_volume_or_cash
2011-11-22,SZ002469,buy,41200,100,7.382062836647033,738.2062836647033,5.0,0.0,partial_volume_or_cash
2011-11-22,SZ002475,buy,178900,400,1.7024228204488752,680.96912817955,5.0,0.0,partial_volume_or_cash
2011-12-22,SH600252,sell,79400,79400,3.127503435373306,248323.7727686405,74.49713183059215,248.3237727686405,filled
2011-12-22,SH600502,sell,3300,3300,3.541232377767563,11686.066846632957,5.0,11.686066846632958,filled
2011-12-22,SH600519,sell,200,200,136.37426193237306,27274.852386474613,8.182455715942384,27.274852386474613,filled
2011-12-22,SH600801,sell,51300,51300,4.21589888048172,216275.6125687122,64.88268377061365,216.2756125687122,filled
2011-12-22,SZ000430,sell,1800,1800,9.158038604736328,16484.469488525392,5.0,16.48446948852539,filled
2011-12-22,SZ000506,sell,38300,38300,7.000884239673614,268133.86637949944,80.44015991384983,268.13386637949947,filled
2011-12-22,SZ000568,sell,10400,10400,29.286308612823486,304577.60957336426,91.37328287200927,304.57760957336427,filled
2011-12-22,SZ000596,sell,300,300,38.27083773422241,11481.251320266723,5.0,11.481251320266724,filled
2011-12-22,SZ000876,sell,1800,1800,7.334713741779328,13202.48473520279,5.0,13.20248473520279,filled
2011-12-22,SZ000970,sell,27800,27800,8.398248656272887,233471.31264438626,70.04139379331588,233.47131264438627,filled
2011-12-22,SZ002063,sell,3100,3100,5.060836330890655,15688.592625761032,5.0,15.688592625761032,filled
2011-12-22,SZ002081,sell,5700,5700,6.422187907218933,36606.47107114792,10.981941321344376,36.60647107114792,filled
2011-12-22,SZ002204,sell,4700,4700,5.566238435268402,26161.32064576149,7.848396193728447,26.161320645761492,filled
2011-12-22,SZ002236,sell,75200,75200,4.436570417404175,333630.09538879397,100.08902861663819,333.63009538879396,filled
2011-12-22,SZ002241,sell,3100,3100,6.46415477514267,20038.879802942276,6.011663940882682,20.038879802942276,filled
2011-12-22,SZ002469,sell,100,100,6.180224969387054,618.0224969387054,5.0,0.6180224969387055,filled
2011-12-22,SH600016,buy,95000,95000,2.825587638378143,268430.82564592356,80.52924769377707,0.0,filled
2011-12-22,SH600066,buy,51500,51500,5.213927018165588,268517.2414355278,80.55517243065833,0.0,filled
2011-12-22,SH600111,buy,2900,2900,11.392300375938415,33037.6710902214,9.91130132706642,0.0,filled
2011-12-22,SH600309,buy,35000,35000,7.665210749149321,268282.37622022623,80.48471286606787,0.0,filled
2011-12-22,SH600318,buy,9400,9400,5.102249862670898,47961.14870910644,14.388344612731931,0.0,filled
2011-12-22,SH600381,buy,1700,1700,24.08048533821106,40936.8250749588,12.281047522487638,0.0,filled
2011-12-22,SH600503,buy,12000,12000,5.814872020721435,69778.46424865721,20.933539274597162,0.0,filled
2011-12-22,SH600546,buy,25500,25500,10.520455815315245,268271.62329053873,80.48148698716162,0.0,filled
2011-12-22,SH600585,buy,24200,24200,11.057119987487791,267582.30369720457,80.27469110916137,0.0,filled
2011-12-22,SH600612,buy,400,400,19.296181964874265,7718.472785949706,5.0,0.0,filled
2011-12-22,SH600745,buy,6500,6500,6.444018643379211,41886.121181964874,12.565836354589461,0.0,filled
2011-12-22,SZ000001,buy,54600,40300,4.916587128639221,198138.4612841606,59.44153838524818,0.0,partial_volume_or_cash
2011-12-22,SZ002475,buy,171400,100,1.5637016506195067,156.37016506195067,5.0,0.0,partial_volume_or_cash
2012-02-01,SH600016,sell,2500,2500,3.0082385308742525,7520.596327185632,5.0,7.520596327185632,filled
2012-02-01,SH600066,sell,1800,1800,5.590094083786011,10062.16935081482,5.0,10.06216935081482,filled
2012-02-01,SH600111,sell,4800,4800,14.860491797447205,71330.36062774659,21.399108188323975,71.33036062774659,filled
2012-02-01,SH600160,sell,3700,3700,7.67340307188034,28391.591365957258,8.517477409787176,28.391591365957257,filled
2012-02-01,SH600309,sell,2200,2200,8.467379971504212,18628.235937309266,5.588470781192779,18.628235937309267,filled
2012-02-01,SH600318,sell,52600,52600,6.197564961433411,325991.9169713974,97.79757509141922,325.9919169713974,filled
2012-02-01,SH600381,sell,1900,1900,30.13038480377197,57247.73112716674,17.17431933815002,57.247731127166745,filled
2012-02-01,SH600502,sell,2000,2000,3.7730409808158876,7546.081961631775,5.0,7.546081961631775,filled
2012-02-01,SH600503,sell,6100,6100,6.93844483423233,42324.51348881721,12.697354046645161,42.32451348881721,filled
2012-02-01,SH600546,sell,25500,25500,11.923647531509399,304053.0120534897,91.2159036160469,304.0530120534897,filled
2012-02-01,SH600585,sell,24200,24200,12.775829469680787,309175.07316627505,92.7525219498825,309.17507316627507,filled
2012-02-01,SZ002006,sell,900,900,16.775034421920775,15097.530979728697,5.0,15.097530979728697,filled
2012-02-01,SZ002035,sell,117300,117300,2.0254000074863434,237579.42087814808,71.27382626344442,237.57942087814808,filled
2012-02-01,SZ002081,sell,41700,41700,6.148520331859588,256393.29783854482,76.91798935156343,256.3932978385448,filled
2012-02-01,SZ002204,sell,200,200,5.799865543842316,1159.9731087684631,5.0,1.1599731087684633,filled
2012-02-01,SZ002430,sell,100,100,12.763245935440063,1276.3245935440063,5.0,1.2763245935440064,filled
2012-02-01,SZ002475,sell,500,500,1.3858063670396805,692.9031835198402,5.0,0.6929031835198403,filled
2012-02-01,SH600519,buy,200,200,128.82923153686522,25765.846307373045,7.729753892211913,0.0,filled
2012-02-01,SH600612,buy,600,600,19.196682998657224,11518.009799194335,5.0,0.0,filled
2012-02-01,SH600745,buy,2600,2600,6.30669302034378,16397.40185289383,5.0,0.0,filled
2012-02-01,SZ000001,buy,12000,12000,5.324373658180236,63892.483898162835,19.16774516944885,0.0,filled
2012-02-01,SZ000069,buy,62400,62400,4.463435722351074,278518.389074707,83.5555167224121,0.0,filled
2012-02-01,SZ000422,buy,21700,21700,12.795394458770751,277660.0597553253,83.2980179265976,0.0,filled
2012-02-01,SZ000430,buy,3300,3300,8.559098147392271,28245.023886394494,8.473507165918347,0.0,filled
2012-02-01,SZ000596,buy,900,900,35.22556283950805,31703.006555557247,9.510901966667173,0.0,filled
2012-02-01,SZ000703,buy,2600,2600,8.378439573287963,21783.942890548704,6.53518286716461,0.0,filled
2012-02-01,SZ000876,buy,3000,3000,7.053260795116424,21159.782385349274,6.347934715604781,0.0,filled
2012-02-01,SZ000982,buy,85600,85600,3.2564871435165403,278755.29948501586,83.62658984550475,0.0,filled
2012-02-01,SZ002029,buy,21400,21400,13.001552101135253,278233.2149642944,83.46996448928832,0.0,filled
2012-02-01,SZ002063,buy,22800,22800,3.681061044931411,83928.19182443617,25.17845754733085,0.0,filled
2012-02-01,SZ002140,buy,3800,3800,15.103373731613157,57392.820180129995,17.217846054038997,0.0,filled
2012-02-01,SZ002226,buy,70600,54900,3.9477063033580775,216729.07605435845,65.01872281630753,0.0,partial_volume_or_cash
2012-02-22,SH600160,sell,36200,36200,7.950539979457855,287809.5472563744,86.3428641769123,287.8095472563744,filled
2012-02-22,SH600309,sell,32800,32800,8.845243268966675,290123.9792221069,87.03719376663207,290.1239792221069,filled
2012-02-22,SH600381,sell,9200,9200,34.71688867950439,319395.3758514404,95.81861275543211,319.3953758514404,filled
2012-02-22,SH600503,sell,1400,1400,7.64935068655014,10709.090961170197,5.0,10.709090961170197,filled
2012-02-22,SH600745,sell,44200,44200,7.370022045135498,325754.97439498897,97.72649231849668,325.75497439498895,filled
2012-02-22,SZ000001,sell,52300,52300,5.28494480752945,276402.6134337902,82.92078403013706,276.40261343379024,filled
2012-02-22,SZ000596,sell,400,400,39.45455502319336,15781.822009277343,5.0,15.781822009277343,filled
2012-02-22,SZ000703,sell,33200,33200,10.068593736648559,334277.31205673213,100.28319361701963,334.2773120567321,filled
2012-02-22,SZ000982,sell,5200,5200,3.688024239778519,19177.726046848296,5.753317814054489,19.177726046848296,filled
2012-02-22,SZ002029,sell,900,900,14.460042351722718,13014.038116550446,5.0,13.014038116550447,filled
2012-02-22,SZ002063,sell,6900,6900,4.3079469380378725,29724.83387246132,8.917450161738396,29.72483387246132,filled
2012-02-22,SZ002140,sell,400,400,16.43200354385376,6572.801417541504,5.0,6.572801417541504,filled
2012-02-22,SZ002204,sell,1200,1200,6.35219056892395,7622.62868270874,5.0,7.62262868270874,filled
2012-02-22,SZ002226,sell,54900,54900,4.6015501928329465,252625.10558652878,75.78753167595863,252.62510558652878,filled
2012-02-22,SH600016,buy,5000,5000,3.0471565563678737,15235.782781839369,5.0,0.0,filled
2012-02-22,SH600066,buy,1600,1600,5.789778192043304,9263.645107269287,5.0,0.0,filled
2012-02-22,SH600111,buy,800,800,15.214256636619567,12171.405309295653,5.0,0.0,filled
2012-02-22,SH600502,buy,700,700,3.9954391348361966,2796.807394385338,5.0,0.0,filled
2012-02-22,SH600519,buy,100,100,133.36852581787107,13336.852581787107,5.0,0.0,filled
2012-02-22,SH600612,buy,400,400,19.945993419647216,7978.397367858886,5.0,0.0,filled
2012-02-22,SZ000069,buy,6900,6900,4.289176974296569,29595.321122646328,8.878596336793898,0.0,filled
2012-02-22,SZ000422,buy,600,600,13.328511233329772,7997.106739997863,5.0,0.0,filled
2012-02-22,SZ000430,buy,1000,1000,8.867454443931578,8867.454443931578,5.0,0.0,filled
2012-02-22,SZ000568,buy,10300,10300,28.679193756103512,295395.6956878662,88.61870870635985,0.0,filled
2012-02-22,SZ000861,buy,72500,72500,4.101079461574554,297328.2609641552,89.19847828924655,0.0,filled
2012-02-22,SZ000876,buy,2100,2100,7.1407710657119745,14995.619237995146,5.0,0.0,filled
2012-02-22,SZ002038,buy,31200,31200,9.507753985404968,296641.924344635,88.99257730339049,0.0,filled
2012-02-22,SZ002081,buy,45000,45000,6.598197746276854,296918.89858245844,89.07566957473752,0.0,filled
2012-02-22,SZ002236,buy,67300,67300,4.414062839984894,297066.42913098336,89.119928739295,0.0,filled
2012-02-22,SZ002241,buy,1700,1700,6.897654523372649,11726.012689733503,5.0,0.0,filled
2012-02-22,SZ002304,buy,300,300,66.53016304016113,19959.04891204834,5.9877146736145015,0.0,filled
2012-02-22,SZ002430,buy,20700,20700,14.344458798408507,296930.2971270561,89.07908913811683,0.0,filled
2012-02-22,SZ002475,buy,191700,162100,1.5505335121154784,251341.48231391906,75.40244469417571,0.0,partial_volume_or_cash
2012-03-22,SH600066,sell,51300,51300,6.068369373321533,311307.34885139466,93.3922046554184,311.3073488513947,filled
2012-03-22,SH600111,sell,5700,5700,22.418701892852784,127786.60078926088,38.33598023677826,127.78660078926087,filled
2012-03-22,SH600502,sell,3400,3400,4.372199370861053,14865.47786092758,5.0,14.86547786092758,filled
2012-03-22,SH600503,sell,38700,38700,7.611415732383728,294561.78884325025,88.36853665297507,294.56178884325027,filled
2012-03-22,SZ000430,sell,1400,1400,9.662948152542114,13528.12741355896,5.0,13.528127413558959,filled
2012-03-22,SZ000568,sell,10300,10300,31.455417240142822,323990.7975734711,97.19723927204132,323.9907975734711,filled
2012-03-22,SZ000596,sell,400,400,43.53792712783814,17415.170851135255,5.224551255340576,17.415170851135255,filled
2012-03-22,SZ000861,sell,6900,6900,4.730335634708404,32639.31587948799,9.791794763846395,32.63931587948799,filled
2012-03-22,SZ000982,sell,7100,7100,4.2349199481010436,30067.93163151741,9.020379489455223,30.06793163151741,filled
2012-03-22,SZ002029,sell,20500,20500,15.069741642951966,308929.7036805153,92.67891110415458,308.9297036805153,filled
2012-03-22,SZ002038,sell,31200,31200,9.778674176216125,305094.6342979431,91.52839028938293,305.0946342979431,filled
2012-03-22,SZ002063,sell,68800,68800,4.225837662220001,290737.6311607361,87.22128934822082,290.7376311607361,filled
2012-03-22,SZ002081,sell,1600,1600,7.149759225368499,11439.614760589599,5.0,11.439614760589599,filled
2012-03-22,SZ002140,sell,18000,18000,17.3969132938385,313144.439289093,93.9433317867279,313.14443928909304,filled
2012-03-22,SZ002304,sell,100,100,71.48922260284424,7148.922260284424,5.0,7.148922260284424,filled
2012-03-22,SZ002430,sell,20700,20700,15.227455018043518,315208.3188735008,94.56249566205024,315.2083188735008,filled
2012-03-22,SH600016,buy,8700,8700,2.9293662018775937,25485.485956335066,7.645645786900519,0.0,filled
2012-03-22,SH600067,buy,67600,67600,4.604140728473663,311239.9132448196,93.37197397344588,0.0,filled
2012-03-22,SH600106,buy,96200,96200,3.2346972823143,311177.87855863565,93.35336356759069,0.0,filled
2012-03-22,SH600123,buy,16400,16400,18.885560190200803,309723.18711929314,92.91695613578794,0.0,filled
2012-03-22,SH600160,buy,33000,33000,9.412023890495298,310596.78838634485,93.17903651590345,0.0,filled
2012-03-22,SH600406,buy,28500,28500,10.901012536048889,310678.85727739334,93.203657183218,0.0,filled
2012-03-22,SH600489,buy,24300,24300,12.803039119720458,311113.8506092071,93.33415518276213,0.0,filled
2012-03-22,SH600546,buy,24500,24500,12.68620029067993,310811.90712165827,93.24357213649748,0.0,filled
2012-03-22,SH600612,buy,1200,1200,19.276247423171995,23131.496907806395,6.939449072341918,0.0,filled
2012-03-22,SH600887,buy,51000,51000,6.099187443256377,311058.5596060752,93.31756788182255,0.0,filled
2012-03-22,SH601933,buy,93700,53700,3.320435286045074,178307.37486062048,53.49221245818614,0.0,partial_volume_or_cash
2012-03-22,SZ002475,buy,38900,100,1.5483501585721968,154.83501585721967,5.0,0.0,partial_volume_or_cash
2012-04-26,SH600016,sell,9100,9100,3.1258911938667295,28445.609864187238,8.53368295925617,28.445609864187237,filled
2012-04-26,SH600067,sell,67600,67600,5.153931904792786,348405.7967639923,104.52173902919768,348.40579676399227,filled
2012-04-26,SH600111,sell,13800,13800,22.61068653488159,312027.474181366,93.60824225440979,312.02747418136596,filled
2012-04-26,SH600123,sell,100,100,18.591173389434815,1859.1173389434814,5.0,1.8591173389434814,filled
2012-04-26,SH600160,sell,33000,33000,7.584652380466461,250293.52855539322,75.08805856661796,250.29352855539324,filled
2012-04-26,SH600489,sell,24300,24300,13.586635703086854,330155.24758501054,99.04657427550315,330.15524758501056,filled
2012-04-26,SH600519,sell,200,200,147.9411898956299,29588.237979125977,8.876471393737793,29.588237979125978,filled
2012-04-26,SH600546,sell,1100,1100,12.969428973197937,14266.37187051773,5.0,14.26637187051773,filled
2012-04-26,SH600887,sell,400,400,5.9945663924217225,2397.826556968689,5.0,2.397826556968689,filled
2012-04-26,SZ000422,sell,22300,22300,13.486172264099121,300741.6414894104,90.22249244682313,300.7416414894104,filled
2012-04-26,SZ000430,sell,32100,32100,9.514121755599975,305403.3083547592,91.62099250642774,305.4033083547592,filled
2012-04-26,SZ002006,sell,16500,16500,14.15786318206787,233604.74250411987,70.08142275123596,233.60474250411988,filled
2012-04-26,SZ002081,sell,43400,43400,7.239785609722137,314206.6954619408,94.26200863858223,314.2066954619408,filled
2012-04-26,SZ002204,sell,46700,46700,5.296016374111176,247323.9646709919,74.19718940129756,247.3239646709919,filled
2012-04-26,SZ002236,sell,3300,3300,4.743145440101624,15652.37995233536,5.0,15.652379952335359,filled
2012-04-26,SZ002304,sell,300,300,74.40820621490478,22322.461864471436,6.69673855934143,22.322461864471435,filled
2012-04-26,SH600066,buy,46900,46900,6.47384504032135,303623.3323910713,91.08699971732139,0.0,filled
2012-04-26,SH600106,buy,9700,9700,2.8708790087699887,27847.52638506889,8.354257915520666,0.0,filled
2012-04-26,SH600403,buy,25900,25900,11.741653171539305,304108.817142868,91.23264514286039,0.0,filled
2012-04-26,SH600406,buy,1100,1100,10.258960297584533,11284.856327342986,5.0,0.0,filled
2012-04-26,SH600502,buy,3600,3600,4.0763956456184385,14675.024324226379,5.0,0.0,filled
2012-04-26,SH600612,buy,500,500,18.30155315208435,9150.776576042175,5.0,0.0,filled
2012-04-26,SH601933,buy,33800,33800,3.4726970186233515,117377.15922946928,35.213147768840784,0.0,filled
2012-04-26,SZ000001,buy,56100,56100,5.420733807563781,304103.16660432814,91.23094998129844,0.0,filled
2012-04-26,SZ000006,buy,78300,78300,3.8802935771942133,303826.9870943069,91.14809612829207,0.0,filled
2012-04-26,SZ000596,buy,600,600,39.054556617736814,23432.73397064209,7.029820191192626,0.0,filled
2012-04-26,SZ000799,buy,10000,10000,30.17411445999145,301741.1445999145,90.52234337997434,0.0,filled
2012-04-26,SZ000809,buy,36600,36600,8.301878408432007,303848.7497486115,91.15462492458343,0.0,filled
2012-04-26,SZ000861,buy,6500,6500,4.215733624458313,27402.268558979034,8.22068056769371,0.0,filled
2012-04-26,SZ000876,buy,700,700,7.178246419429779,5024.772493600845,5.0,0.0,filled
2012-04-26,SZ000982,buy,4000,4000,3.932725326299667,15730.901305198668,5.0,0.0,filled
2012-04-26,SZ002146,buy,79300,79300,3.832443803787231,303912.7936403274,91.17383809209821,0.0,filled
2012-04-26,SZ002241,buy,1000,1000,6.897611565113067,6897.611565113067,5.0,0.0,filled
2012-04-26,SZ002458,buy,62300,62300,4.879953756809234,304021.1190492153,91.20633571476458,0.0,filled
2012-04-26,SZ002475,buy,62500,47500,1.3535234731435775,64292.36497431993,19.287709492295978,0.0,partial_volume_or_cash
2012-05-23,SH600016,sell,97100,97100,3.1213943524360657,303087.391621542,90.92621748646259,303.087391621542,filled
2012-05-23,SH600106,sell,105900,105900,2.830404172182083,299739.8018340826,89.92194055022476,299.7398018340826,filled
2012-05-23,SH600123,sell,100,100,19.06038640022278,1906.0386400222778,5.0,1.906038640022278,filled
2012-05-23,SH600403,sell,25900,25900,11.837407258987426,306588.84800777433,91.97665440233229,306.58884800777435,filled
2012-05-23,SH600406,sell,29600,29600,10.384329168319702,307376.1433822632,92.21284301467895,307.3761433822632,filled
2012-05-23,SH600502,sell,74600,74600,3.8623380575180053,288130.4190908432,86.43912572725294,288.1304190908432,filled
2012-05-23,SH600519,sell,100,100,158.2980559387207,15829.80559387207,5.0,15.82980559387207,filled
2012-05-23,SH600546,sell,23400,23400,13.487727104187012,315612.8142379761,94.68384427139281,315.6128142379761,filled
2012-05-23,SH600612,sell,16600,16600,17.411244117736818,289026.65235443116,86.70799570632934,289.0266523544312,filled
2012-05-23,SH600887,sell,900,900,6.234764891624451,5611.288402462006,5.0,5.611288402462006,filled
2012-05-23,SH601933,sell,87500,87500,3.4725254995822907,303845.98121345043,91.15379436403512,303.84598121345044,filled
2012-05-23,SZ000006,sell,78300,78300,3.4444076170921325,269697.116418314,80.90913492549419,269.697116418314,filled
2012-05-23,SZ000069,sell,69300,69300,4.5084188919067385,312433.429209137,93.73002876274109,312.433429209137,filled
2012-05-23,SZ000596,sell,7700,7700,46.44658324813843,357638.6910106659,107.29160730319977,357.6386910106659,filled
2012-05-23,SZ000799,sell,1900,1900,38.123558555603026,72434.76125564575,21.730428376693723,72.43476125564575,filled
2012-05-23,SZ000809,sell,36600,36600,7.545858548641204,276178.4228802681,82.85352686408042,276.1784228802681,filled
2012-05-23,SZ000861,sell,72100,72100,4.156369560241699,299674.2452934265,89.90227358802794,299.6742452934265,filled
2012-05-23,SZ000876,sell,42300,42300,6.884722822666168,291223.7753987789,87.36713261963367,291.2237753987789,filled
2012-05-23,SZ000982,sell,5800,5800,4.3355482077598575,25146.179605007175,7.543853881502152,25.146179605007177,filled
2012-05-23,SZ002146,sell,79300,79300,4.030278888702393,319601.1158740997,95.88033476222991,319.6011158740997,filled
2012-05-23,SZ002236,sell,3900,3900,5.156707180023194,20111.158002090455,6.033347400627136,20.111158002090455,filled
2012-05-23,SZ002241,sell,5700,5700,8.063182522773742,45960.14037981033,13.788042113943098,45.960140379810326,filled
2012-05-23,SZ002304,sell,100,100,79.49446923065186,7949.446923065186,5.0,7.949446923065186,filled
2012-05-23,SZ002458,sell,62300,62300,4.7612066416740415,296623.17377629277,88.98695213288782,296.6231737762928,filled
2012-05-23,SZ002475,sell,209700,209700,1.4756629289388656,309446.51619848015,92.83395485954404,309.44651619848014,filled
2012-05-23,SH600066,buy,4400,4400,6.052721403121947,26631.97417373657,7.98959225212097,0.0,filled
2012-05-23,SH600077,buy,49700,49700,6.253187076091765,310783.3976817607,93.23501930452821,0.0,filled
2012-05-23,SH600111,buy,10700,10700,28.812448368072506,308293.1975383758,92.48795926151273,0.0,filled
2012-05-23,SH600199,buy,14100,14100,21.948529920578,309474.2718801498,92.84228156404492,0.0,filled
2012-05-23,SH600366,buy,25500,25500,12.168978072166441,310308.94084024424,93.09268225207326,0.0,filled
2012-05-23,SH600422,buy,43100,43100,7.201361304283141,310378.6722146034,93.11360166438101,0.0,filled
2012-05-23,SZ000049,buy,22900,22900,13.521179982185362,309635.0215920448,92.89050647761343,0.0,filled
2012-05-23,SZ000411,buy,33400,33400,9.286897935867309,310182.39105796814,93.05471731739043,0.0,filled
2012-05-23,SZ000568,buy,9700,9700,31.738089134216306,307859.46460189816,92.35783938056944,0.0,filled
2012-05-23,SZ000656,buy,91400,91400,3.3999572296142575,310756.09078674315,93.22682723602294,0.0,filled
2012-05-23,SZ000858,buy,10900,10900,28.281929136276243,308273.02758541104,92.4819082756233,0.0,filled
2012-05-23,SZ000963,buy,43400,43400,7.151148349285125,310359.83835897443,93.10795150769232,0.0,filled
2012-05-23,SZ000970,buy,15500,15500,19.979903715133666,309688.50758457184,92.90655227537154,0.0,filled
2012-05-23,SZ002004,buy,69900,69900,4.443943650722503,310631.661185503,93.1894983556509,0.0,filled
2012-05-23,SZ002029,buy,20500,20500,15.132118535041807,310208.429968357,93.0625289905071,0.0,filled
2012-05-23,SZ002051,buy,24400,24400,12.730658270835875,310628.0618083953,93.18841854251859,0.0,filled
2012-05-23,SZ002081,buy,38500,38500,8.066678118705749,310567.10757017136,93.1701322710514,0.0,filled
2012-05-23,SZ002311,buy,38400,38400,8.07985198497772,310266.3162231445,93.07989486694333,0.0,filled
2012-05-23,SZ002344,buy,25000,3000,12.42020370197296,37260.611105918884,11.178183331775664,0.0,partial_volume_or_cash
2012-06-25,SH600066,sell,51300,51300,5.898753659248352,302606.06271944044,90.78181881583212,302.60606271944044,filled
2012-06-25,SH600199,sell,14100,14100,22.17439764404297,312659.0067810059,93.79770203430175,312.65900678100587,filled
2012-06-25,SH600422,sell,5500,5500,8.263241472244262,45447.828097343445,13.634348429203031,45.44782809734345,filled
2012-06-25,SH600519,sell,100,100,164.40869943237306,16440.869943237307,5.0,16.440869943237306,filled
2012-06-25,SH600887,sell,49700,49700,5.619376429080963,279283.0085253238,83.78490255759714,279.28300852532385,filled
2012-06-25,SZ000001,sell,56100,56100,4.768916533470154,267536.2175276757,80.2608652583027,267.53621752767566,filled
2012-06-25,SZ000411,sell,33400,33400,8.603398944854737,287353.52475814824,86.20605742744446,287.35352475814824,filled
2012-06-25,SZ000799,sell,900,900,43.09418796157837,38784.769165420534,11.63543074962616,38.784769165420535,filled
2012-06-25,SZ000963,sell,1200,1200,7.375645478725433,8850.774574470519,5.0,8.850774574470519,filled
2012-06-25,SZ000982,sell,4700,4700,4.655788102626801,21882.204082345965,6.564661224703789,21.882204082345964,filled
2012-06-25,SZ002004,sell,1600,1600,4.552235466957092,7283.5767471313475,5.0,7.283576747131348,filled
2012-06-25,SZ002029,sell,20500,20500,16.63863150215149,341091.94579410553,102.32758373823165,341.0919457941055,filled
2012-06-25,SZ002051,sell,24400,24400,13.175645356178284,321485.7466907501,96.44572400722502,321.48574669075015,filled
2012-06-25,SZ002081,sell,6700,6700,9.773031211853027,65479.30911941528,19.643792735824583,65.47930911941528,filled
2012-06-25,SZ002236,sell,7200,7200,5.877502272605896,42318.01636276245,12.695404908828733,42.31801636276245,filled
2012-06-25,SZ002241,sell,3400,3400,8.891900856971741,30232.46291370392,9.069738874111176,30.23246291370392,filled
2012-06-25,SZ002311,sell,38400,38400,8.31015915298462,319110.11147460935,95.73303344238279,319.11011147460937,filled
2012-06-25,SH600016,buy,106600,106600,2.92448304104805,311749.8921757221,93.52496765271663,0.0,filled
2012-06-25,SH600077,buy,700,700,6.182496396064757,4327.747477245331,5.0,0.0,filled
2012-06-25,SH600111,buy,300,300,28.23862721061706,8471.588163185119,5.0,0.0,filled
2012-06-25,SH600123,buy,4100,4100,15.352414217948912,62944.89829359054,18.88346948807716,0.0,filled
2012-06-25,SH600139,buy,32300,32300,9.640138931274413,311376.4874801635,93.41294624404905,0.0,filled
2012-06-25,SH600366,buy,2700,2700,11.048043384552,29829.7171382904,8.94891514148712,0.0,filled
2012-06-25,SH601166,buy,52500,52500,5.940231381893157,311862.14754939073,93.55864426481722,0.0,filled
2012-06-25,SZ000552,buy,91600,91600,3.403924663543701,311799.499180603,93.53984975418089,0.0,filled
2012-06-25,SZ000568,buy,800,800,29.622958080291745,23698.366464233397,7.109509939270018,0.0,filled
2012-06-25,SZ000596,buy,7400,7400,41.94492578887939,310392.4508377075,93.11773525131224,0.0,filled
2012-06-25,SZ000656,buy,15400,15400,2.920559042692184,44976.60925745963,13.49298277723789,0.0,filled
2012-06-25,SZ000858,buy,800,800,26.522349277496335,21217.87942199707,6.36536382659912,0.0,filled
2012-06-25,SZ000970,buy,800,800,19.13417968559265,15307.343748474119,5.0,0.0,filled
2012-06-25,SZ002304,buy,100,100,77.36659594726562,7736.659594726562,5.0,0.0,filled
2012-06-25,SZ002344,buy,22200,22200,12.349673876762388,274162.760064125,82.2488280192375,0.0,filled
2012-06-25,SZ002415,buy,62900,62900,4.958648992538452,311899.0216306686,93.56970648920057,0.0,filled
2012-06-25,SZ300005,buy,39100,39100,7.9770485739707935,311902.599242258,93.5707797726774,0.0,filled
2012-06-25,SZ300204,buy,24500,2300,12.682775085449217,29170.382696533197,8.751114808959958,0.0,partial_volume_or_cash
2012-07-23,SH600016,sell,106600,106600,2.9026642220020293,309424.0060654163,92.82720181962489,309.42400606541634,filled
2012-07-23,SH600077,sell,300,300,6.316426388740539,1894.9279166221618,5.0,1.8949279166221618,filled
2012-07-23,SH600123,sell,20300,20300,15.122111743927002,306978.86840171815,92.09366052051544,306.97886840171816,filled
2012-07-23,SH600139,sell,32300,32300,9.097418895721436,293846.63033180236,88.1539890995407,293.8466303318024,filled
2012-07-23,SZ000049,sell,800,800,14.297755917549134,11438.204734039307,5.0,11.438204734039308,filled
2012-07-23,SZ000568,sell,10500,10500,31.07459955596924,326283.295337677,97.88498860130309,326.28329533767703,filled
2012-07-23,SZ000799,sell,800,800,49.222433921813966,39377.94713745117,11.81338414123535,39.37794713745117,filled
2012-07-23,SZ000858,sell,11700,11700,29.08687178993225,340316.3999422073,102.09491998266219,340.31639994220734,filled
2012-07-23,SZ000963,sell,42200,42200,8.350816506385803,352404.4565694809,105.72133697084426,352.4044565694809,filled
2012-07-23,SZ000970,sell,400,400,19.90249998664856,7960.999994659424,5.0,7.960999994659424,filled
2012-07-23,SZ000982,sell,2800,2800,4.942056361198425,13837.75781135559,5.0,13.83775781135559,filled
2012-07-23,SZ002004,sell,6900,6900,5.154194855690003,35563.94450426102,10.669183351278305,35.563944504261016,filled
2012-07-23,SZ002236,sell,3100,3100,6.345893561840057,19672.270041704178,5.901681012511252,19.672270041704177,filled
2012-07-23,SZ002241,sell,500,500,9.168829118728638,4584.414559364319,5.0,4.584414559364319,filled
2012-07-23,SZ002304,sell,100,100,80.7253766784668,8072.53766784668,5.0,8.07253766784668,filled
2012-07-23,SZ002415,sell,2100,2100,5.198136713504791,10916.087098360062,5.0,10.916087098360062,filled
2012-07-23,SZ300005,sell,1100,1100,8.32534456729889,9157.879024028778,5.0,9.157879024028778,filled
2012-07-23,SH600039,buy,173800,173800,1.8235515090227126,316933.2522681474,95.07997568044422,0.0,filled
2012-07-23,SH600066,buy,56100,56100,5.64434443616867,316647.7228690624,94.99431686071871,0.0,filled
2012-07-23,SH600111,buy,1600,1600,25.13118708992004,40209.899343872064,12.062969803161618,0.0,filled
2012-07-23,SH600157,buy,97000,97000,3.2665756521224973,316857.83825588226,95.05735147676467,0.0,filled
2012-07-23,SH600199,buy,13200,13200,23.975447620391844,316475.90858917235,94.9427725767517,0.0,filled
2012-07-23,SH600366,buy,700,700,10.969623558998107,7678.736491298675,5.0,0.0,filled
2012-07-23,SH600422,buy,2700,2700,7.866946554660796,21240.75569758415,6.372226709275244,0.0,filled
2012-07-23,SH600779,buy,12300,12300,25.68562166213989,315933.1464443207,94.7799439332962,0.0,filled
2012-07-23,SH600887,buy,60700,60700,5.219531161785125,316825.5415203571,95.04766245610712,0.0,filled
2012-07-23,SH601166,buy,3600,3600,5.650567178726195,20342.041843414303,6.10261255302429,0.0,filled
2012-07-23,SZ000537,buy,57700,18200,5.489166315078735,99902.82693443297,29.97084808032989,0.0,partial_volume_or_cash
2012-08-22,SH600039,sell,38700,38700,2.3597375478744507,91321.84310274124,27.39655293082237,91.32184310274124,filled
2012-08-22,SH600066,sell,56100,56100,5.7848516192436215,324530.17583956715,97.35905275187014,324.53017583956716,filled
2012-08-22,SH600157,sell,97000,97000,3.184423730134964,308889.1018230915,92.66673054692744,308.8891018230915,filled
2012-08-22,SH600199,sell,13200,13200,22.42340452194214,295988.93968963623,88.79668190689087,295.98893968963625,filled
2012-08-22,SH600422,sell,3900,3900,8.7601233959198,34164.48124408722,10.249344373226165,34.16448124408722,filled
2012-08-22,SH600887,sell,60700,60700,5.433112398147583,329789.9225675583,98.93697677026748,329.78992256755834,filled
2012-08-22,SH601166,sell,56100,56100,5.794370727539063,325064.1978149414,97.5192593444824,325.0641978149414,filled
2012-08-22,SZ000049,sell,300,300,14.574963326454162,4372.488997936249,5.0,4.372488997936249,filled
2012-08-22,SZ000656,sell,106800,106800,2.287946712970734,244352.70894527438,73.3058126835823,244.3527089452744,filled
2012-08-22,SZ000799,sell,100,100,50.089592628479004,5008.9592628479,5.0,5.008959262847901,filled
2012-08-22,SZ002004,sell,2900,2900,5.449936491966247,15804.815826702117,5.0,15.804815826702118,filled
2012-08-22,SZ002236,sell,8600,8600,7.733731248378754,66510.08873605728,19.953026620817184,66.51008873605728,filled
2012-08-22,SZ002241,sell,4500,4500,10.632987350463868,47848.4430770874,14.35453292312622,47.8484430770874,filled
2012-08-22,SZ002344,sell,25200,25200,11.106439015388489,279882.26318778994,83.96467895633697,279.88226318778993,filled
2012-08-22,SZ002415,sell,3100,3100,5.524205829620361,17125.03807182312,5.137511421546936,17.12503807182312,filled
2012-08-22,SZ300005,sell,100,100,8.403669636726379,840.3669636726379,5.0,0.8403669636726379,filled
2012-08-22,SH600016,buy,109300,109300,2.9234794883728026,319536.3080791473,95.86089242374419,0.0,filled
2012-08-22,SH600077,buy,1700,1700,6.1670753355026235,10484.02807035446,5.0,0.0,filled
2012-08-22,SH600111,buy,600,600,24.0801206703186,14448.07240219116,5.0,0.0,filled
2012-08-22,SH600366,buy,4000,4000,9.711616702079771,38846.466808319085,11.653940042495725,0.0,filled
2012-08-22,SH600381,buy,7100,7100,44.42655762100219,315428.55910911557,94.62856773273467,0.0,filled
2012-08-22,SH600519,buy,100,100,166.49199400329587,16649.199400329588,5.0,0.0,filled
2012-08-22,SH600763,buy,27400,27400,11.659556118965147,319471.837659645,95.84155129789349,0.0,filled
2012-08-22,SH600779,buy,700,700,24.456331924438473,17119.43234710693,5.135829704132078,0.0,filled
2012-08-22,SZ000537,buy,44300,44300,5.108286930084228,226297.1110027313,67.88913330081938,0.0,filled
2012-08-22,SZ000552,buy,6600,6600,3.252412552595138,21465.922847127913,6.4397768541383735,0.0,filled
2012-08-22,SZ000590,buy,25600,25600,12.45777117729187,318918.9421386719,95.67568264160155,0.0,filled
2012-08-22,SZ000596,buy,1100,1100,37.39470292663574,41134.173219299315,12.340251965789793,0.0,filled
2012-08-22,SZ000963,buy,36500,36500,8.742461182594297,319099.83316469187,95.72994994940755,0.0,filled
2012-08-22,SZ000970,buy,1500,1500,18.35809194946289,27537.137924194332,8.2611413772583,0.0,filled
2012-08-22,SZ000982,buy,4300,4300,4.679343457698821,20121.176868104933,6.0363530604314795,0.0,filled
2012-08-22,SZ002051,buy,19600,19600,16.249547828674313,318491.1374420165,95.54734123260495,0.0,filled
2012-08-22,SZ002081,buy,400,400,9.90502051448822,3962.0082057952877,5.0,0.0,filled
2012-08-22,SZ002304,buy,200,200,77.48191500854492,15496.383001708984,5.0,0.0,filled
2012-08-22,SZ002310,buy,39500,2800,8.073794870376586,22606.625637054443,6.781987691116332,0.0,partial_volume_or_cash
2012-09-24,SH600016,sell,109300,109300,2.7645828466415403,302168.90513792034,90.6506715413761,302.1689051379204,filled
2012-09-24,SH600039,sell,135100,135100,2.1921549396514894,296160.13234691625,88.84803970407486,296.16013234691627,filled
2012-09-24,SH600077,sell,51800,51800,4.766489953994751,246904.1796169281,74.07125388507842,246.9041796169281,filled
2012-09-24,SH600111,sell,13200,13200,20.654181329727173,272635.1935523987,81.79055806571961,272.63519355239873,filled
2012-09-24,SH600366,sell,32900,32900,8.237884812355041,271026.41032648087,81.30792309794425,271.02641032648086,filled
2012-09-24,SH600381,sell,7100,7100,34.51889808654785,245084.17641448975,73.52525292434692,245.08417641448975,filled
2012-09-24,SH600422,sell,36400,36400,7.998101222991943,291130.88451690675,87.33926535507202,291.13088451690675,filled
2012-09-24,SH600519,sell,200,200,160.6055453338623,32121.10906677246,9.636332720031737,32.12110906677246,filled
2012-09-24,SH600763,sell,400,400,10.675756885528564,4270.302754211426,5.0,4.270302754211426,filled
2012-09-24,SH600779,sell,13000,13000,20.81573035812378,270604.49465560913,81.18134839668274,270.60449465560913,filled
2012-09-24,SZ000049,sell,21800,21800,14.864520853042603,324046.55459632876,97.21396637889862,324.04655459632875,filled
2012-09-24,SZ000537,sell,62500,62500,4.630078459739685,289379.9037337303,86.81397112011909,289.3799037337303,filled
2012-09-24,SZ000552,sell,4200,4200,3.0726929404735563,12905.310349988937,5.0,12.905310349988937,filled
2012-09-24,SZ000596,sell,8500,8500,28.955266771316527,246119.7675561905,73.83593026685715,246.1197675561905,filled
2012-09-24,SZ000799,sell,300,300,47.406563621520995,14221.969086456298,5.0,14.221969086456298,filled
2012-09-24,SZ000963,sell,2600,2600,8.498843570709228,22096.993283843993,6.629097985153197,22.096993283843993,filled
2012-09-24,SZ002081,sell,1300,1300,9.329416851997376,12128.241907596588,5.0,12.128241907596589,filled
2012-09-24,SZ002236,sell,2500,2500,7.451231952667237,18628.07988166809,5.588423964500427,18.628079881668093,filled
2012-09-24,SZ002241,sell,200,200,9.68507985305786,1937.0159706115721,5.0,1.9370159706115722,filled
2012-09-24,SZ002310,sell,2800,2800,7.184266767024994,20115.94694766998,6.034784084300994,20.115946947669983,filled
2012-09-24,SZ002415,sell,900,900,5.0811712002754215,4573.054080247879,5.0,4.573054080247879,filled
2012-09-24,SZ300005,sell,37900,37900,7.244775007724762,274576.9727927685,82.37309183783054,274.5769727927685,filled
2012-09-24,SH600066,buy,49600,49600,5.834547380924224,289393.5500938415,86.81806502815245,0.0,filled
2012-09-24,SH600080,buy,40200,40200,7.19608889389038,289282.7735343933,86.78483206031798,0.0,filled
2012-09-24,SH600157,buy,107400,107400,2.6926134483814237,289186.6843561649,86.75600530684946,0.0,filled
2012-09-24,SH600199,buy,15000,15000,19.291994966506955,289379.9244976043,86.81397734928129,0.0,filled
2012-09-24,SH600436,buy,12700,12700,22.617357564926145,287240.441074562,86.1721323223686,0.0,filled
2012-09-24,SH600568,buy,105500,105500,2.7423357245922086,289316.41894447803,86.79492568334341,0.0,filled
2012-09-24,SH600637,buy,28000,28000,10.323201988220214,289049.655670166,86.7148967010498,0.0,filled
2012-09-24,SZ000522,buy,14600,14600,19.818197370529173,289345.6816097259,86.80370448291777,0.0,filled
2012-09-24,SZ000563,buy,99800,99800,2.8994557976722715,289365.6886076927,86.80970658230781,0.0,filled
2012-09-24,SZ000590,buy,1400,1400,10.689175811767576,14964.846136474607,5.0,0.0,filled
2012-09-24,SZ000661,buy,14500,14500,19.893811544418334,288460.26739406586,86.53808021821975,0.0,filled
2012-09-24,SZ000848,buy,63500,63500,4.5519493069648735,289048.78099226946,86.71463429768083,0.0,filled
2012-09-24,SZ000970,buy,3400,3400,13.877703943252563,47184.193407058716,14.155258022117614,0.0,filled
2012-09-24,SZ000982,buy,100,100,4.227495118618011,422.74951186180107,5.0,0.0,filled
2012-09-24,SZ002004,buy,2800,2800,4.720777653694152,13218.177430343627,5.0,0.0,filled
2012-09-24,SZ002051,buy,200,200,14.57833215522766,2915.666431045532,5.0,0.0,filled
2012-09-24,SZ002116,buy,46300,33600,6.249392907142639,209979.60167999266,62.993880503997794,0.0,partial_volume_or_cash
2012-10-29,SH600157,sell,107400,107400,3.044023194551468,326928.0910948277,98.0784273284483,326.9280910948277,filled
2012-10-29,SH600199,sell,700,700,20.595135515213013,14416.59486064911,5.0,14.41659486064911,filled
2012-10-29,SH600637,sell,500,500,10.697486537933349,5348.743268966675,5.0,5.3487432689666745,filled
2012-10-29,SZ000552,sell,94000,94000,3.131604897737503,294370.8603873253,88.31125811619758,294.3708603873253,filled
2012-10-29,SZ000563,sell,99800,99800,3.0681598956584932,306202.35758671764,91.86070727601529,306.20235758671765,filled
2012-10-29,SZ000661,sell,2900,2900,25.248613746643066,73220.97986526489,21.966293959579463,73.2209798652649,filled
2012-10-29,SZ000799,sell,600,600,54.256636470794675,32553.981882476804,9.76619456474304,32.553981882476805,filled
2012-10-29,SZ000982,sell,68400,68400,4.076283386707306,278817.78365077975,83.64533509523392,278.81778365077975,filled
2012-10-29,SZ002004,sell,800,800,4.8651084494590755,3892.0867595672603,5.0,3.8920867595672606,filled
2012-10-29,SZ002236,sell,2000,2000,8.019987121582032,16039.974243164064,5.0,16.039974243164064,filled
2012-10-29,SZ002415,sell,4100,4100,5.583618917942047,22892.837563562392,6.8678512690687175,22.89283756356239,filled
2012-10-29,SZ300204,sell,2300,2300,12.296441402435303,28281.815225601196,8.484544567680357,28.281815225601196,filled
2012-10-29,SH600066,buy,4900,4900,5.413408946990966,26525.703840255734,7.957711152076719,0.0,filled
2012-10-29,SH600080,buy,2600,2600,6.897743781089782,17934.133830833434,5.38024014925003,0.0,filled
2012-10-29,SH600315,buy,9700,9700,30.2499768371582,293424.77532043454,88.02743259613035,0.0,filled
2012-10-29,SH600436,buy,200,200,22.786998777389524,4557.399755477904,5.0,0.0,filled
2012-10-29,SH600568,buy,200,200,2.793643637895584,558.7287275791167,5.0,0.0,filled
2012-10-29,SH600763,buy,1000,1000,10.530485136985778,10530.485136985779,5.0,0.0,filled
2012-10-29,SH600809,buy,10800,10800,27.170950263977048,293446.2628509521,88.03387885528562,0.0,filled
2012-10-29,SZ000028,buy,9900,9900,29.638360048294064,293419.76447811123,88.02592934343336,0.0,filled
2012-10-29,SZ000522,buy,300,300,19.800021253585815,5940.006376075745,5.0,0.0,filled
2012-10-29,SZ000537,buy,56700,56700,5.205523427963256,295153.17836551665,88.54595350965499,0.0,filled
2012-10-29,SZ000590,buy,400,400,10.75851903438568,4303.407613754272,5.0,0.0,filled
2012-10-29,SZ000848,buy,5700,5700,4.2672295994758604,24323.208717012403,7.296962615103721,0.0,filled
2012-10-29,SZ000963,buy,800,800,8.510763422966003,6808.610738372802,5.0,0.0,filled
2012-10-29,SZ000970,buy,2500,2500,12.62886724281311,31572.168107032776,9.471650432109833,0.0,filled
2012-10-29,SZ002051,buy,1100,1100,14.072554017066954,15479.80941877365,5.0,0.0,filled
2012-10-29,SZ002081,buy,1200,1200,9.186072991371153,11023.287589645384,5.0,0.0,filled
2012-10-29,SZ002116,buy,14900,10800,6.086828829288482,65737.75135631561,19.72132540689468,0.0,partial_volume_or_cash
2012-11-22,SH600066,sell,54500,54500,5.177289280414581,282162.2657825947,84.6486797347784,282.16226578259466,filled
2012-11-22,SH600080,sell,42800,42800,6.546460787773133,280188.5217166901,84.05655651500702,280.1885217166901,filled
2012-11-22,SH600199,sell,14300,14300,16.18812420845032,231490.17618083957,69.44705285425187,231.49017618083957,filled
2012-11-22,SH600315,sell,100,100,28.613201951980592,2861.320195198059,5.0,2.861320195198059,filled
2012-11-22,SH600436,sell,400,400,21.963627256393433,8785.450902557373,5.0,8.785450902557374,filled
2012-11-22,SH600568,sell,105700,105700,2.682927780389786,283585.4663872004,85.07563991616011,283.5854663872004,filled
2012-11-22,SH600763,sell,28000,28000,9.48190645980835,265493.3808746338,79.64801426239013,265.4933808746338,filled
2012-11-22,SZ000028,sell,9900,9900,27.0029421043396,267329.12683296204,80.1987380498886,267.32912683296206,filled
2012-11-22,SZ000522,sell,14900,14900,17.361489234924317,258686.18960037234,77.60585688011169,258.68618960037236,filled
2012-11-22,SZ000537,sell,6500,6500,5.468195383071899,35543.269989967346,10.662980996990203,35.54326998996735,filled
2012-11-22,SZ000590,sell,27400,27400,9.033266498565673,247511.50206069945,74.25345061820983,247.51150206069946,filled
2012-11-22,SZ000661,sell,11600,11600,23.051211221694945,267394.05017166137,80.2182150514984,267.3940501716614,filled
2012-11-22,SZ000848,sell,69200,69200,3.9222372715473175,271418.81919107435,81.4256457573223,271.41881919107436,filled
2012-11-22,SZ000963,sell,1000,1000,8.139225826263427,8139.225826263427,5.0,8.139225826263427,filled
2012-11-22,SZ000970,sell,23300,23300,12.702718640327454,295973.34431962966,88.79200329588889,295.9733443196297,filled
2012-11-22,SZ002051,sell,2100,2100,14.554067304611205,30563.541339683532,9.169062401905059,30.563541339683532,filled
2012-11-22,SZ002081,sell,1200,1200,8.872741644859314,10647.289973831177,5.0,10.647289973831178,filled
2012-11-22,SZ002116,sell,44400,44400,5.340776142597199,237130.46073131563,71.13913821939468,237.13046073131562,filled
2012-11-22,SZ002236,sell,1200,1200,7.7259660987854,9271.15931854248,5.0,9.27115931854248,filled
2012-11-22,SZ002241,sell,700,700,9.414509096145629,6590.15636730194,5.0,6.59015636730194,filled
2012-11-22,SZ002304,sell,4100,4100,54.17447384262085,222115.34275474548,66.63460282642363,222.11534275474548,filled
2012-11-22,SZ002415,sell,1900,1900,5.409123368740082,10277.334400606156,5.0,10.277334400606156,filled
2012-11-22,SH600048,buy,50600,50600,5.436374432563781,275080.5462877273,82.52416388631819,0.0,filled
2012-11-22,SH600077,buy,54900,54900,5.0138641982078545,275261.1444816112,82.57834334448336,0.0,filled
2012-11-22,SH600340,buy,59300,59300,4.638863889694213,275084.62865886686,82.52538859766005,0.0,filled
2012-11-22,SH600383,buy,76300,76300,3.6089661071300503,275364.11397402285,82.60923419220686,0.0,filled
2012-11-22,SH600519,buy,100,100,145.81821893310544,14581.821893310544,5.0,0.0,filled
2012-11-22,SH600637,buy,800,800,9.728327465057372,7782.6619720458975,5.0,0.0,filled
2012-11-22,SH600684,buy,83300,83300,3.302620018482208,275108.24753956794,82.53247426187038,0.0,filled
2012-11-22,SH600809,buy,1600,1600,22.042560777664182,35268.09724426269,10.580429173278805,0.0,filled
2012-11-22,SH601633,buy,53500,53500,5.143936557769774,275200.6058406829,82.56018175220487,0.0,filled
2012-11-22,SZ000002,buy,46800,46800,5.878907034397125,275132.84920978546,82.53985476293563,0.0,filled
2012-11-22,SZ000043,buy,55700,55700,4.941969732284545,275267.7140882492,82.58031422647475,0.0,filled
2012-11-22,SZ000049,buy,20400,20400,13.487059668540953,275136.01723823545,82.54080517147062,0.0,filled
2012-11-22,SZ000671,buy,120000,120000,2.2935376605987545,275224.5192718505,82.56735578155515,0.0,filled
2012-11-22,SZ001914,buy,56200,56200,4.894806813716888,275088.1429308891,82.52644287926672,0.0,filled
2012-11-22,SZ002004,buy,2800,2800,4.345638446807861,12167.787651062012,5.0,0.0,filled
2012-11-22,SZ002038,buy,22500,22500,12.225508277893065,275073.93625259394,82.52218087577818,0.0,filled
2012-11-22,SZ002146,buy,70700,40000,3.8922400305271143,155689.60122108457,46.706880366325365,0.0,partial_volume_or_cash
2012-12-24,SH600048,sell,1800,1800,5.779226280212402,10402.607304382323,5.0,10.402607304382324,filled
2012-12-24,SH600315,sell,300,300,30.11638743209839,9034.916229629516,5.0,9.034916229629516,filled
2012-12-24,SH600340,sell,59300,59300,5.109620391368866,303000.48920817376,90.90014676245212,303.00048920817375,filled
2012-12-24,SH600383,sell,9200,9200,4.204198041915894,38678.621985626225,11.603586595687867,38.67862198562623,filled
2012-12-24,SH600436,sell,12500,12500,22.385086097717284,279813.57622146606,83.94407286643981,279.81357622146606,filled
2012-12-24,SH600637,sell,28300,28300,9.709065547943116,274766.55500679015,82.42996650203703,274.76655500679016,filled
2012-12-24,SH600684,sell,2700,2700,3.5016758930683136,9454.524911284447,5.0,9.454524911284446,filled
2012-12-24,SH600809,sell,600,600,23.779007858276366,14267.40471496582,5.0,14.26740471496582,filled
2012-12-24,SH601633,sell,6700,6700,6.025895658016204,40373.50090870857,12.11205027261257,40.37350090870857,filled
2012-12-24,SZ000002,sell,4500,4500,6.672010313987732,30024.046412944794,9.007213923883437,30.024046412944795,filled
2012-12-24,SZ000671,sell,7700,7700,2.5124157943725587,19345.6016166687,5.803680485000609,19.345601616668702,filled
2012-12-24,SZ000963,sell,33700,33700,8.293096879005432,279477.36482248304,83.84320944674491,279.477364822483,filled
2012-12-24,SZ002004,sell,1400,1400,4.560259280204773,6384.362992286681,5.0,6.384362992286682,filled
2012-12-24,SZ002081,sell,3300,3300,10.201031433105468,33663.40372924804,10.099021118774411,33.663403729248046,filled
2012-12-24,SZ002236,sell,700,700,8.101496183395385,5671.04732837677,5.0,5.67104732837677,filled
2012-12-24,SZ002415,sell,2700,2700,5.869372707366943,15847.306309890746,5.0,15.847306309890746,filled
2012-12-24,SH600077,buy,2600,2600,4.918613326549529,12788.394649028776,5.0,0.0,filled
2012-12-24,SH600197,buy,24200,24200,11.67732747364044,282591.32486209867,84.7773974586296,0.0,filled
2012-12-24,SH600559,buy,41800,41800,6.7647039604187,282764.62554550165,84.8293876636505,0.0,filled
2012-12-24,SZ000043,buy,1100,1100,4.977497644901275,5475.2474093914025,5.0,0.0,filled
2012-12-24,SZ000049,buy,3100,3100,11.994039628982543,37181.52284984588,11.154456854953764,0.0,filled
2012-12-24,SZ000537,buy,900,900,5.532637209892273,4979.373488903046,5.0,0.0,filled
2012-12-24,SZ000563,buy,104200,104200,2.713722182512283,282769.85141777986,84.83095542533395,0.0,filled
2012-12-24,SZ000631,buy,134100,134100,2.1092918331623074,282856.0348270654,84.85681044811962,0.0,filled
2012-12-24,SZ000651,buy,33400,20800,8.471484299659728,176206.87343292235,52.862062029876704,0.0,partial_volume_or_cash
2012-12-24,SZ001914,buy,1100,100,4.929995356082916,492.9995356082916,5.0,0.0,partial_volume_or_cash
2013-01-25,SH600077,sell,1000,1000,5.651060106754303,5651.060106754303,5.0,5.651060106754303,filled
2013-01-25,SH600315,sell,200,200,34.819344257354736,6963.868851470947,5.0,6.963868851470948,filled
2013-01-25,SH600383,sell,2100,2100,4.912103300571442,10315.416931200027,5.0,10.315416931200026,filled
2013-01-25,SH600559,sell,4200,4200,8.475178942680358,35595.75155925751,10.678725467777252,35.59575155925751,filled
2013-01-25,SH600684,sell,12700,12700,4.702965876102447,59727.66662650108,17.918299987950324,59.72766662650108,filled
2013-01-25,SH601633,sell,6100,6100,7.838724397659302,47816.21882572174,14.34486564771652,47.81621882572174,filled
2013-01-25,SZ000002,sell,4600,4600,8.458291969299317,38908.14305877686,11.672442917633058,38.908143058776865,filled
2013-01-25,SZ000043,sell,8000,8000,6.532391962051392,52259.13569641113,15.677740708923338,52.259135696411136,filled
2013-01-25,SZ000049,sell,1700,1700,14.59404536819458,24809.877125930787,7.442963137779236,24.809877125930786,filled
2013-01-25,SZ000563,sell,104200,104200,2.9689252281188967,309362.008769989,92.8086026309967,309.362008769989,filled
2013-01-25,SZ000631,sell,6500,6500,2.501607178688049,16260.446661472319,5.0,16.26044666147232,filled
2013-01-25,SZ000671,sell,12900,12900,3.2116038973331453,41429.690275597575,12.428907082679272,41.42969027559758,filled
2013-01-25,SZ001914,sell,7000,7000,6.470051163196564,45290.358142375946,13.587107442712783,45.29035814237595,filled
2013-01-25,SZ002038,sell,22500,22500,15.574507329940795,350426.4149236679,105.12792447710036,350.4264149236679,filled
2013-01-25,SZ002051,sell,18800,18800,14.91004851436615,280308.9120700836,84.09267362102507,280.30891207008364,filled
2013-01-25,SZ002236,sell,1100,1100,9.460851333618164,10406.93646697998,5.0,10.40693646697998,filled
2013-01-25,SH600048,buy,800,800,6.451795520305633,5161.436416244506,5.0,0.0,filled
2013-01-25,SH600197,buy,1400,1400,12.469765123367308,17457.671172714232,5.237301351814269,0.0,filled
2013-01-25,SH600340,buy,56300,56300,5.682951501369476,319950.1695271015,95.98505085813045,0.0,filled
2013-01-25,SH600519,buy,600,600,132.81774365234372,79690.64619140624,23.90719385742187,0.0,filled
2013-01-25,SH600809,buy,900,900,25.190368297576903,22671.33146781921,6.8013994403457625,0.0,filled
2013-01-25,SZ000537,buy,100,100,6.24138405561447,624.138405561447,5.0,0.0,filled
2013-01-25,SZ000651,buy,13200,13200,9.393564249038695,123995.04808731077,37.19851442619323,0.0,filled
2013-01-25,SZ000732,buy,84700,84700,3.7749907114505765,319741.71325986384,95.92251397795914,0.0,filled
2013-01-25,SZ000799,buy,5400,5400,29.581981628417964,159742.700793457,47.9228102380371,0.0,filled
2013-01-25,SZ000921,buy,45600,40500,7.007705470085143,283812.0715384483,85.14362146153448,0.0,partial_volume_or_cash
2013-01-25,SZ002004,buy,2700,100,4.947193933963775,494.71939339637754,5.0,0.0,partial_volume_or_cash
2013-03-01,SH600197,sell,700,700,12.832386777877808,8982.670744514466,5.0,8.982670744514467,filled
2013-03-01,SH600315,sell,700,700,37.736696811676026,26415.68776817322,7.924706330451965,26.415687768173218,filled
2013-03-01,SH600383,sell,65000,65000,5.087204780101776,330668.31070661545,99.20049321198462,330.66831070661544,filled
2013-03-01,SH601633,sell,1200,1200,8.091492616653442,9709.79113998413,5.0,9.70979113998413,filled
2013-03-01,SZ000002,sell,37700,37700,8.479507152557373,319677.4196514129,95.90322589542387,319.67741965141295,filled
2013-03-01,SZ000049,sell,2000,2000,16.164931177139284,32329.862354278568,9.69895870628357,32.32986235427857,filled
2013-03-01,SZ000651,sell,34000,34000,9.650512290000915,328117.4178600311,98.43522535800933,328.11741786003114,filled
2013-03-01,SZ000671,sell,1100,1100,3.256450601577759,3582.0956617355346,5.0,3.5820956617355346,filled
2013-03-01,SZ000732,sell,5500,5500,4.039872309207916,22219.29770064354,6.665789310193062,22.21929770064354,filled
2013-03-01,SZ002146,sell,40000,40000,5.15542434167862,206216.97366714478,61.86509210014343,206.21697366714477,filled
2013-03-01,SZ002236,sell,3400,3400,10.532089470863342,35809.10420093536,10.742731260280607,35.809104200935366,filled
2013-03-01,SH600048,buy,2400,2400,6.164181858062744,14794.036459350586,5.0,0.0,filled
2013-03-01,SH600077,buy,4100,4100,5.291080529689788,21693.43017172813,6.508029051518439,0.0,filled
2013-03-01,SH600340,buy,2800,2800,5.42325498008728,15185.113944244384,5.0,0.0,filled
2013-03-01,SH600519,buy,200,200,122.48743923187254,24497.487846374508,7.349246353912352,0.0,filled
2013-03-01,SH600559,buy,600,600,8.385623148918151,5031.373889350891,5.0,0.0,filled
2013-03-01,SH600684,buy,2100,2100,4.578534264564514,9614.92195558548,5.0,0.0,filled
2013-03-01,SH600809,buy,1000,1000,23.24688508415222,23246.885084152218,6.974065525245665,0.0,filled
2013-03-01,SZ000028,buy,10300,10300,30.990783432006832,319205.0693496704,95.76152080490111,0.0,filled
2013-03-01,SZ000043,buy,500,500,6.500497299194335,3250.2486495971675,5.0,0.0,filled
2013-03-01,SZ000537,buy,2300,2300,5.992648095607757,13783.090619897841,5.0,0.0,filled
2013-03-01,SZ000631,buy,1100,1100,2.4918601937294005,2741.0462131023405,5.0,0.0,filled
2013-03-01,SZ000799,buy,600,600,28.12068483161926,16872.410898971557,5.061723269691466,0.0,filled
2013-03-01,SZ000921,buy,10000,10000,6.347534392356872,63475.34392356872,19.042603177070614,0.0,filled
2013-03-01,SZ001914,buy,500,500,6.438460321903228,3219.230160951614,5.0,0.0,filled
2013-03-01,SZ002004,buy,1300,1300,5.060945496082305,6579.229144906997,5.0,0.0,filled
2013-03-01,SZ002038,buy,17100,17100,18.75572887420654,320722.9637489318,96.21688912467954,0.0,filled
2013-03-01,SZ002081,buy,3000,3000,10.459398763656615,31378.196290969845,9.413458887290952,0.0,filled
2013-03-01,SZ002241,buy,2700,2700,10.068613204002379,27185.255650806423,8.155576695241926,0.0,filled
2013-03-01,SZ002294,buy,18200,18200,17.550866157531736,319425.7640670776,95.82772922012327,0.0,filled
2013-03-01,SZ002415,buy,2600,2600,6.319476443767547,16430.63875379562,5.0,0.0,filled
2013-03-01,SZ002646,buy,15100,2900,21.237547813415524,61588.88865890502,18.476666597671507,0.0,partial_volume_or_cash
2013-03-01,SZ002653,buy,28300,100,11.331178409576415,1133.1178409576414,5.0,0.0,partial_volume_or_cash
2013-03-01,SZ300267,buy,122200,200,2.624376878261566,524.8753756523132,5.0,0.0,partial_volume_or_cash
2013-03-22,SH600077,sell,60600,60600,6.374313218593597,386283.381046772,115.8850143140316,386.28338104677204,filled
2013-03-22,SH600315,sell,800,800,42.5062678642273,34005.014291381834,10.201504287414549,34.00501429138183,filled
2013-03-22,SH600519,sell,2600,2600,116.75794207763671,303570.6494018555,91.07119482055664,303.57064940185546,filled
2013-03-22,SH601633,sell,3100,3100,8.938820443153382,27710.343373775486,8.313103012132645,27.710343373775487,filled
2013-03-22,SZ000028,sell,10300,10300,32.83578369140625,338208.5720214844,101.46257160644531,338.2085720214844,filled
2013-03-22,SZ000049,sell,19800,19800,21.425145738601685,424217.8856243134,127.26536568729401,424.2178856243134,filled
2013-03-22,SZ000537,sell,53500,53500,5.416114909172058,289762.1476407051,86.92864429221153,289.7621476407051,filled
2013-03-22,SZ000732,sell,10500,10500,4.738609060764313,49755.395138025284,14.926618541407583,49.755395138025285,filled
2013-03-22,SZ000799,sell,11400,11400,24.407266147613527,278242.8340827942,83.47285022483825,278.2428340827942,filled
2013-03-22,SZ002038,sell,1900,1900,21.323522838592528,40514.693393325804,12.15440801799774,40.51469339332581,filled
2013-03-22,SZ002236,sell,4900,4900,12.778801005363464,62616.12492628097,18.78483747788429,62.616124926280975,filled
2013-03-22,SZ002241,sell,7000,7000,13.077988632202148,91545.92042541504,27.46377612762451,91.54592042541505,filled
2013-03-22,SZ002415,sell,6800,6800,7.403947950839997,50346.84606571198,15.104053819713593,50.34684606571198,filled
2013-03-22,SZ300267,sell,200,200,2.3331094822883607,466.62189645767216,5.0,0.46662189645767216,filled
2013-03-22,SH600048,buy,6700,6700,5.551165584564209,37192.809416580196,11.157842824974058,0.0,filled
2013-03-22,SH600197,buy,3900,3900,11.30483354091644,44088.85080957412,13.226655242872235,0.0,filled
2013-03-22,SH600340,buy,2300,2300,5.307341662883758,12206.885824632644,5.0,0.0,filled
2013-03-22,SH600559,buy,2700,2700,7.959642364501952,21491.03438415527,6.447310315246581,0.0,filled
2013-03-22,SH600684,buy,10300,10300,4.060469109535217,41822.83182821273,12.546849548463818,0.0,filled
2013-03-22,SH600809,buy,1000,1000,22.17027281951904,22170.272819519043,6.651081845855712,0.0,filled
2013-03-22,SZ000011,buy,61700,61700,5.279090879440307,325719.90726146696,97.71597217844008,0.0,filled
2013-03-22,SZ000043,buy,8500,8500,5.636290717124939,47908.47109556198,14.372541328668593,0.0,filled
2013-03-22,SZ000631,buy,17200,17200,2.235564534664154,38451.70999622345,11.535512998867034,0.0,filled
2013-03-22,SZ000651,buy,33700,33700,9.656533712387084,325425.18610744475,97.62755583223341,0.0,filled
2013-03-22,SZ000671,buy,14500,14500,2.890079918861389,41906.158823490136,12.57184764704704,0.0,filled
2013-03-22,SZ001914,buy,8600,8600,5.582501725673675,48009.5148407936,14.402854452238078,0.0,filled
2013-03-22,SZ002004,buy,2000,2000,4.994459952354431,9988.919904708862,5.0,0.0,filled
2013-03-22,SZ002008,buy,27900,27900,11.679111673355102,325847.21568660735,97.75416470598219,0.0,filled
2013-03-22,SZ002081,buy,2800,2800,9.745494540214537,27287.384712600702,8.18621541378021,0.0,filled
2013-03-22,SZ002146,buy,66500,66500,4.900616679668426,325891.0091979503,97.76730275938509,0.0,filled
2013-03-22,SZ002273,buy,41400,41400,7.8672000083923335,325702.0803474426,97.71062410423276,0.0,filled
2013-03-22,SZ002294,buy,300,300,17.60317213439941,5280.951640319823,5.0,0.0,filled
2013-03-22,SZ002353,buy,9300,9300,34.74142516326904,323095.2540184021,96.92857620552061,0.0,filled
2013-03-22,SZ002646,buy,13400,1200,19.95090402603149,23941.08483123779,7.182325449371336,0.0,partial_volume_or_cash
2013-04-24,SH600048,sell,58700,58700,5.640763102054596,331112.79409060476,99.33383822718142,331.1127940906048,filled
2013-04-24,SH600197,sell,28800,28800,9.574296544075013,275739.7404693604,82.7219221408081,275.73974046936036,filled
2013-04-24,SH600315,sell,7600,7600,41.587913761138914,316068.14458465576,94.82044337539672,316.0681445846558,filled
2013-04-24,SH600340,sell,300,300,5.3429650182724,1602.88950548172,5.0,1.60288950548172,filled
2013-04-24,SH600559,sell,40900,40900,5.903640163421631,241458.8826839447,72.4376648051834,241.45888268394472,filled
2013-04-24,SH600809,sell,14700,14700,17.70713056755066,260294.8193429947,78.0884458028984,260.29481934299474,filled
2013-04-24,SH601633,sell,600,600,9.101132600784302,5460.679560470581,5.0,5.460679560470582,filled
2013-04-24,SZ000011,sell,61700,61700,5.943195219039917,366695.1450147629,110.00854350442886,366.6951450147629,filled
2013-04-24,SZ000043,sell,57800,57800,5.4479567384719845,314891.8994836807,94.46756984510421,314.89189948368073,filled
2013-04-24,SZ000631,sell,145900,145900,2.112575613498688,308224.7820094586,92.46743460283757,308.2247820094586,filled
2013-04-24,SZ000651,sell,33700,33700,8.501084369659424,286486.5432575226,85.94596297725677,286.48654325752256,filled
2013-04-24,SZ000671,sell,11400,11400,3.2188407633304594,36694.78470196724,11.008435410590172,36.694784701967244,filled
2013-04-24,SZ000732,sell,68700,68700,5.067327692985534,348125.4125081062,104.43762375243185,348.1254125081062,filled
2013-04-24,SZ000921,sell,50500,50500,6.627170040607452,334672.08705067635,100.4016261152029,334.67208705067634,filled
2013-04-24,SZ001914,sell,58400,58400,5.395964867591858,315124.3482673645,94.53730448020934,315.1243482673645,filled
2013-04-24,SZ002008,sell,1900,1900,12.541869861602784,23829.55273704529,7.148865821113587,23.82955273704529,filled
2013-04-24,SZ002081,sell,900,900,10.039178486824035,9035.260638141632,5.0,9.035260638141631,filled
2013-04-24,SZ002146,sell,800,800,4.96926987361908,3975.415898895264,5.0,3.975415898895264,filled
2013-04-24,SZ002236,sell,3000,3000,14.518764241218566,43556.2927236557,13.06688781709671,43.5562927236557,filled
2013-04-24,SZ002241,sell,1600,1600,14.059519546508788,22495.23127441406,6.748569382324218,22.495231274414063,filled
2013-04-24,SZ002273,sell,6200,6200,9.265736051559449,57447.56351966858,17.234269055900572,57.447563519668584,filled
2013-04-24,SZ002294,sell,1600,1600,19.226188373565673,30761.901397705078,9.228570419311522,30.761901397705078,filled
2013-04-24,SZ002353,sell,1500,1500,41.60159101867676,62402.38652801514,18.72071595840454,62.402386528015136,filled
2013-04-24,SZ002415,sell,200,200,7.459660672187805,1491.932134437561,5.0,1.4919321344375611,filled
2013-04-24,SZ002646,sell,4100,4100,18.061407360076903,74051.7701763153,22.215531052894587,74.0517701763153,filled
2013-04-24,SZ002653,sell,100,100,13.366155186653137,1336.6155186653136,5.0,1.3366155186653137,filled
2013-04-24,SH600230,buy,33100,33100,9.885265442848205,327202.28615827556,98.16068584748265,0.0,filled
2013-04-24,SH600309,buy,26400,26400,12.370729151725767,326587.24960556027,97.97617488166807,0.0,filled
2013-04-24,SH600383,buy,66700,66700,4.901159862995147,326907.3628617763,98.07220885853289,0.0,filled
2013-04-24,SH600557,buy,17700,17700,18.438103139877317,326354.4255758285,97.90632767274855,0.0,filled
2013-04-24,SH600562,buy,36100,36100,9.047419958114624,326611.8604879379,97.98355814638137,0.0,filled
2013-04-24,SH600684,buy,3400,3400,3.9100226020812983,13294.076847076414,5.0,0.0,filled
2013-04-24,SH601166,buy,38300,38300,8.529172469139098,326667.3055680275,98.00019167040824,0.0,filled
2013-04-24,SZ000563,buy,105300,105300,3.105633964538574,327023.25646591187,98.10697693977355,0.0,filled
2013-04-24,SZ000826,buy,19300,19300,16.916124460220335,326481.2020822525,97.94436062467574,0.0,filled
2013-04-24,SZ002004,buy,5800,5800,4.600589512348175,26683.419171619415,8.005025751485825,0.0,filled
2013-04-24,SZ002016,buy,51800,51800,6.312522933483123,326988.68795442575,98.09660638632772,0.0,filled
2013-04-24,SZ002038,buy,1200,1200,19.889385889053344,23867.263066864012,7.160178920059203,0.0,filled
2013-04-24,SZ002450,buy,40200,40200,8.134840466499329,327020.58675327303,98.1061760259819,0.0,filled
2013-04-24,SZ002456,buy,33400,33400,9.777277924537657,326561.08267955773,97.9683248038673,0.0,filled
2013-04-24,SZ300026,buy,78400,78400,4.169788333892821,326911.4053771972,98.07342161315916,0.0,filled
2013-04-24,SZ300228,buy,16300,4000,19.992535352706906,79970.14141082762,23.991042423248285,0.0,partial_volume_or_cash
2013-04-24,SZ300288,buy,24500,100,13.34642196369171,1334.642196369171,5.0,0.0,partial_volume_or_cash
2013-05-23,SH600230,sell,33100,33100,10.648709146499634,352472.2727491379,105.74168182474136,352.4722727491379,filled
2013-05-23,SH600340,sell,8300,8300,6.776135534763336,56241.92493853569,16.872577481560704,56.24192493853569,filled
2013-05-23,SH600383,sell,66700,66700,5.423687132835388,361759.9317601204,108.5279795280361,361.75993176012037,filled
2013-05-23,SH600557,sell,17700,17700,20.28871388053894,359110.2356855392,107.73307070566175,359.1102356855392,filled
2013-05-23,SH600684,sell,8300,8300,4.747095419883728,39400.89198503494,11.820267595510481,39.40089198503494,filled
2013-05-23,SH601166,sell,38300,38300,8.655061174392701,331488.84297924046,99.44665289377213,331.4888429792405,filled
2013-05-23,SH601633,sell,1600,1600,10.442939589500428,16708.703343200687,5.012611002960205,16.708703343200686,filled
2013-05-23,SZ000563,sell,105300,105300,4.597085267543792,484073.0786723613,145.2219236017084,484.07307867236136,filled
2013-05-23,SZ000671,sell,17400,17400,4.258224447727203,74093.10539045333,22.227931617135997,74.09310539045333,filled
2013-05-23,SZ002004,sell,71100,71100,4.522643487453461,321559.9519579411,96.46798558738233,321.5599519579411,filled
2013-05-23,SZ002008,sell,26000,26000,12.495237997055053,324876.1879234314,97.46285637702941,324.8761879234314,filled
2013-05-23,SZ002016,sell,51800,51800,7.012025831222534,363222.93805732724,108.96688141719817,363.22293805732727,filled
2013-05-23,SZ002038,sell,700,700,22.72916877937317,15910.418145561218,5.0,15.910418145561218,filled
2013-05-23,SZ002081,sell,32500,32500,11.717295862197876,380812.11552143097,114.24363465642928,380.812115521431,filled
2013-05-23,SZ002146,sell,65700,65700,5.513797832965851,362256.51762585645,108.67695528775693,362.2565176258565,filled
2013-05-23,SZ002241,sell,3800,3800,18.44559958076477,70093.27840690613,21.02798352207184,70.09327840690614,filled
2013-05-23,SZ002273,sell,35200,35200,8.911661235809326,313690.4755004883,94.10714265014649,313.69047550048833,filled
2013-05-23,SZ002456,sell,100,100,10.730509740829469,1073.0509740829468,5.0,1.0730509740829468,filled
2013-05-23,SZ300288,sell,100,100,19.15865762901306,1915.865762901306,5.0,1.915865762901306,filled
2013-05-23,SH600309,buy,3300,3300,12.04782814311981,39757.832872295374,11.927349861688612,0.0,filled
2013-05-23,SH600332,buy,10900,10900,32.68559941864013,356273.0336631774,106.88191009895321,0.0,filled
2013-05-23,SH600535,buy,14100,14100,25.29570004081726,356669.37057552335,107.000811172657,0.0,filled
2013-05-23,SH600562,buy,200,200,9.875383133888244,1975.0766267776487,5.0,0.0,filled
2013-05-23,SH600728,buy,70400,70400,5.089869769573211,358326.831777954,107.4980495333862,0.0,filled
2013-05-23,SZ000661,buy,8700,8700,40.89945921707153,355825.2951885223,106.74758855655668,0.0,filled
2013-05-23,SZ000732,buy,73300,73300,4.890355383396148,358463.04960293765,107.53891488088128,0.0,filled
2013-05-23,SZ000826,buy,500,500,18.051902658462524,9025.951329231262,5.0,0.0,filled
2013-05-23,SZ000848,buy,49700,49700,7.206267137527465,358151.47673511505,107.44544302053451,0.0,filled
2013-05-23,SZ000921,buy,52900,52900,6.780396135330199,358682.95555896754,107.60488666769025,0.0,filled
2013-05-23,SZ002035,buy,102200,102200,3.508906058311462,358610.1991594314,107.58305974782941,0.0,filled
2013-05-23,SZ002294,buy,3100,3100,17.862552196502683,55373.91180915832,16.612173542747495,0.0,filled
2013-05-23,SZ002353,buy,300,300,43.99635260772705,13198.905782318114,5.0,0.0,filled
2013-05-23,SZ002415,buy,3300,3300,7.630016001701354,25179.05280561447,7.5537158416843395,0.0,filled
2013-05-23,SZ002447,buy,74400,74400,4.821733382225036,358736.9636375427,107.62108909126279,0.0,filled
2013-05-23,SZ002450,buy,400,400,8.831170943260192,3532.468377304077,5.0,0.0,filled
2013-05-23,SZ002635,buy,19300,19300,18.52781716918945,357586.8713653564,107.2760614096069,0.0,filled
2013-05-23,SZ300026,buy,900,900,4.5231295652389525,4070.816608715057,5.0,0.0,filled
2013-05-23,SZ300202,buy,28100,28100,12.726077965736387,357602.7908371925,107.28083725115773,0.0,filled
2013-05-23,SZ300228,buy,11300,5800,23.430746435165403,135898.32932395933,40.769498797187794,0.0,partial_volume_or_cash
2013-05-23,SZ300251,buy,58400,100,6.138842212677002,613.8842212677001,5.0,0.0,partial_volume_or_cash
2013-06-27,SH600332,sell,10900,10900,30.801332599639892,335734.5253360748,100.72035760082244,335.7345253360748,filled
2013-06-27,SH600340,sell,600,600,6.440752145290375,3864.451287174225,5.0,3.864451287174225,filled
2013-06-27,SH600535,sell,800,800,25.182108129501344,20145.686503601075,6.043705951080322,20.145686503601077,filled
2013-06-27,SH600562,sell,36300,36300,9.440613641738892,342694.27519512177,102.80828255853652,342.69427519512175,filled
2013-06-27,SH600728,sell,70400,70400,4.875493104457855,343234.714553833,102.9704143661499,343.234714553833,filled
2013-06-27,SZ000661,sell,200,200,39.22174820709228,7844.3496414184565,5.0,7.844349641418456,filled
2013-06-27,SZ000826,sell,19800,19800,17.749101722717285,351432.2141098022,105.42966423294065,351.4322141098022,filled
2013-06-27,SZ002038,sell,1900,1900,24.31599169921875,46200.38422851562,13.860115268554685,46.200384228515624,filled
2013-06-27,SZ002236,sell,100,100,15.012925194740296,1501.2925194740296,5.0,1.5012925194740296,filled
2013-06-27,SZ002241,sell,1000,1000,18.23011322593689,18230.11322593689,5.469033967781066,18.23011322593689,filled
2013-06-27,SZ002353,sell,900,900,46.582330696105956,41924.09762649536,12.577229287948606,41.92409762649536,filled
2013-06-27,SZ002415,sell,47000,47000,6.909007671833038,324723.3605761528,97.41700817284583,324.7233605761528,filled
2013-06-27,SZ002450,sell,3500,3500,9.046463584899902,31662.62254714966,9.498786764144896,31.66262254714966,filled
2013-06-27,SZ300026,sell,13400,13400,5.0990180397033695,68326.84173202515,20.49805251960754,68.32684173202514,filled
2013-06-27,SZ300202,sell,28100,28100,11.077771651268005,311285.38340063096,93.38561502018928,311.28538340063096,filled
2013-06-27,SH600086,buy,48800,48800,6.896043588638305,336526.9271255493,100.95807813766478,0.0,filled
2013-06-27,SH600309,buy,800,800,11.031974131584166,8825.579305267333,5.0,0.0,filled
2013-06-27,SH600684,buy,21200,21200,3.4841554183959955,73864.09486999511,22.15922846099853,0.0,filled
2013-06-27,SH601633,buy,1600,1600,9.392175265312193,15027.48042449951,5.0,0.0,filled
2013-06-27,SZ000671,buy,5900,5900,3.7451982038021083,22096.66940243244,6.629000820729731,0.0,filled
2013-06-27,SZ000732,buy,7000,7000,4.192654060840606,29348.578425884247,8.804573527765273,0.0,filled
2013-06-27,SZ000848,buy,400,400,6.71628809261322,2686.515237045288,5.0,0.0,filled
2013-06-27,SZ000921,buy,3100,3100,6.010686746120452,18633.128912973403,5.5899386738920205,0.0,filled
2013-06-27,SZ002016,buy,58300,58300,5.7751117649078365,336689.01589412685,101.00670476823805,0.0,filled
2013-06-27,SZ002035,buy,15000,15000,2.8726691749095914,43090.03762364387,12.927011287093158,0.0,filled
2013-06-27,SZ002294,buy,1900,1900,15.34579387283325,29157.008358383173,8.74710250751495,0.0,filled
2013-06-27,SZ002344,buy,19700,19700,17.045386817932126,335794.12031326286,100.73823609397886,0.0,filled
2013-06-27,SZ002447,buy,9300,9300,4.024801343917846,37430.65249843597,11.22919574953079,0.0,filled
2013-06-27,SZ002456,buy,2200,2200,9.47030774784088,20834.677045249937,6.250403113574981,0.0,filled
2013-06-27,SZ002467,buy,102000,102000,3.3028192970752714,336887.5683016777,101.0662704905033,0.0,filled
2013-06-27,SZ002635,buy,3800,3800,14.534585372924804,55231.424417114256,16.569427325134274,0.0,filled
2013-06-27,SZ300058,buy,33000,33000,10.209410331726072,336910.5409469604,101.07316228408811,0.0,filled
2013-06-27,SZ300228,buy,2800,2800,26.68798296165466,74726.35229263305,22.41790568778991,0.0,filled
2013-06-27,SZ300251,buy,51500,20200,6.518705396175384,131677.84900274276,39.503354700822825,0.0,partial_volume_or_cash
2013-07-22,SH600086,sell,48800,48800,7.548601907730102,368371.773097229,110.5115319291687,368.37177309722904,filled
2013-07-22,SH600309,sell,30500,30500,10.614074892997742,323729.2842364311,97.11878527092932,323.7292842364311,filled
2013-07-22,SH600340,sell,2600,2600,6.959999662399292,18095.999122238158,5.428799736671447,18.095999122238158,filled
2013-07-22,SH600535,sell,1600,1600,29.304757095336914,46887.61135253906,14.066283405761718,46.88761135253906,filled
2013-07-22,SH600684,sell,1900,1900,3.645227552175522,6925.932349133492,5.0,6.925932349133491,filled
2013-07-22,SZ000661,sell,600,600,43.22880738830566,25937.284432983397,7.781185329895019,25.937284432983397,filled
2013-07-22,SZ000671,sell,6400,6400,4.134817113876343,26462.829528808594,7.938848858642578,26.462829528808594,filled
2013-07-22,SZ000732,sell,80300,80300,4.4273976230621335,355520.02913188934,106.6560087395668,355.5200291318894,filled
2013-07-22,SZ000848,sell,500,500,6.959507582187652,3479.7537910938263,5.0,3.4797537910938265,filled
2013-07-22,SZ000921,sell,1300,1300,6.309411030292511,8202.234339380264,5.0,8.202234339380263,filled
2013-07-22,SZ002016,sell,58300,58300,5.781105998039245,337038.479685688,101.11154390570638,337.038479685688,filled
2013-07-22,SZ002236,sell,100,100,15.533627992630004,1553.3627992630004,5.0,1.5533627992630004,filled
2013-07-22,SZ002294,sell,500,500,16.06478308868408,8032.39154434204,5.0,8.03239154434204,filled
2013-07-22,SZ002447,sell,83700,83700,3.6778599014282225,307836.8737495422,92.35106212486266,307.83687374954224,filled
2013-07-22,SZ002467,sell,10300,10300,3.7627585051059724,38756.41260259152,11.626923780777455,38.75641260259152,filled
2013-07-22,SZ002635,sell,1200,1200,15.766708239555358,18920.04988746643,5.676014966239928,18.92004988746643,filled
2013-07-22,SZ300026,sell,1700,1700,5.373647386550903,9135.200557136535,5.0,9.135200557136535,filled
2013-07-22,SZ300058,sell,1700,1700,11.00087089920044,18701.480528640746,5.610444158592223,18.701480528640747,filled
2013-07-22,SH600332,buy,11200,11200,30.6245594959259,342995.0663543701,102.89851990631102,0.0,filled
2013-07-22,SH600658,buy,60700,60700,5.690707853794097,345425.9667253017,103.6277900175905,0.0,filled
2013-07-22,SH601633,buy,1400,1400,9.284447405815124,12998.226368141173,5.0,0.0,filled
2013-07-22,SZ000826,buy,18200,18200,19.007771665573117,345941.4443134307,103.7824332940292,0.0,filled
2013-07-22,SZ002018,buy,81800,81800,4.22515628004074,345617.78370733256,103.68533511219977,0.0,filled
2013-07-22,SZ002035,buy,6800,6800,2.7889669153690333,18964.975024509426,5.689492507352827,0.0,filled
2013-07-22,SZ002038,buy,800,800,23.537340196609495,18829.872157287595,5.648961647186278,0.0,filled
2013-07-22,SZ002241,buy,2300,2300,16.684671085357664,38374.743496322626,11.512423048896787,0.0,filled
2013-07-22,SZ002305,buy,70800,70800,4.883836228847503,345775.6050024032,103.73268150072096,0.0,filled
2013-07-22,SZ002344,buy,300,300,17.243111276626585,5172.933382987976,5.0,0.0,filled
2013-07-22,SZ002353,buy,300,300,45.8041049041748,13741.23147125244,5.0,0.0,filled
2013-07-22,SZ002450,buy,2800,2800,8.654030173301695,24231.284485244745,7.269385345573423,0.0,filled
2013-07-22,SZ002456,buy,1500,1500,9.348291971206663,14022.437956809994,5.0,0.0,filled
2013-07-22,SZ300202,buy,29100,4100,11.863921924591063,48642.079890823356,14.592623967247006,0.0,partial_volume_or_cash
2013-08-22,SH600332,sell,11200,11200,32.02558243560791,358686.52327880857,107.60595698364256,358.6865232788086,filled
2013-08-22,SH600340,sell,3300,3300,7.672017816066742,25317.658793020248,7.595297637906073,25.317658793020247,filled
2013-08-22,SH600684,sell,1700,1700,3.8227248859405516,6498.632306098938,5.0,6.498632306098938,filled
2013-08-22,SH601633,sell,7100,7100,11.77983530330658,83636.83065347672,25.091049196043013,83.63683065347672,filled
2013-08-22,SZ000661,sell,500,500,47.593719875335694,23796.859937667847,7.139057981300353,23.796859937667847,filled
2013-08-22,SZ000671,sell,800,800,4.295744015693664,3436.595212554931,5.0,3.436595212554931,filled
2013-08-22,SZ000826,sell,18200,18200,19.97432940673828,363532.79520263674,109.05983856079101,363.53279520263675,filled
2013-08-22,SZ000921,sell,5400,5400,7.213749183654786,38954.245591735846,11.686273677520752,38.95424559173585,filled
2013-08-22,SZ002018,sell,81800,81800,3.840350455999374,314140.6673007488,94.24220019022464,314.1406673007488,filled
2013-08-22,SZ002035,sell,25000,25000,3.591161370277405,89779.03425693512,26.933710277080532,89.77903425693512,filled
2013-08-22,SZ002241,sell,2900,2900,19.928844617843627,57793.64939174652,17.338094817523956,57.79364939174652,filled
2013-08-22,SZ002294,sell,2100,2100,18.341131856918334,38516.3768995285,11.554913069858548,38.5163768995285,filled
2013-08-22,SZ002305,sell,5000,5000,5.404642723560333,27023.213617801666,8.106964085340499,27.023213617801666,filled
2013-08-22,SZ002467,sell,200,200,3.8857999942302706,777.1599988460541,5.0,0.7771599988460541,filled
2013-08-22,SZ002635,sell,21900,21900,14.53109720993042,318231.0288974762,95.46930866924285,318.2310288974762,filled
2013-08-22,SZ300058,sell,400,400,11.48131934452057,4592.527737808227,5.0,4.592527737808227,filled
2013-08-22,SH600086,buy,48000,48000,7.422804450035095,356294.61360168457,106.88838408050536,0.0,filled
2013-08-22,SH600406,buy,30300,30300,11.750005211830137,356025.15791845316,106.80754737553593,0.0,filled
2013-08-22,SH600535,buy,1500,1500,26.872397996902464,40308.5969953537,12.092579098606109,0.0,filled
2013-08-22,SH600658,buy,3100,3100,5.578659825325012,17293.845458507538,5.1881536375522606,0.0,filled
2013-08-22,SZ000011,buy,52900,52900,6.730868603229522,356062.9491108417,106.8188847332525,0.0,filled
2013-08-22,SZ000848,buy,2500,2500,6.833773682117461,17084.43420529365,5.125330261588095,0.0,filled
2013-08-22,SZ002038,buy,1300,1300,22.41234547615051,29136.049118995663,8.740814735698699,0.0,filled
2013-08-22,SZ002344,buy,2600,2600,15.765415880203244,40990.08128852843,12.297024386558528,0.0,filled
2013-08-22,SZ002353,buy,600,600,43.80427381896972,26282.56429138183,7.8847692874145485,0.0,filled
2013-08-22,SZ002456,buy,2500,2500,9.021359568595885,22553.398921489712,6.766019676446913,0.0,filled
2013-08-22,SZ300014,buy,84800,84800,4.197907855987548,355982.5861877441,106.79477585632323,0.0,filled
2013-08-22,SZ300026,buy,2200,2200,5.360311106204986,11792.68443365097,5.0,0.0,filled
2013-08-22,SZ300202,buy,25300,10000,12.08905470752716,120890.54707527159,36.26716412258148,0.0,partial_volume_or_cash
2013-08-22,SZ300251,buy,31500,100,6.867058218955993,686.7058218955993,5.0,0.0,partial_volume_or_cash
2013-09-25,SH600086,sell,48000,48000,7.2088845920562745,346026.4604187012,103.80793812561035,346.02646041870116,filled
2013-09-25,SH600406,sell,30300,30300,11.858970185279846,359326.7966139793,107.7980389841938,359.32679661397935,filled
2013-09-25,SH600535,sell,13200,13200,28.226378316879273,372588.1937828064,111.7764581348419,372.5881937828064,filled
2013-09-25,SH600658,sell,63800,63800,5.809812900066376,370666.0630242348,111.19981890727043,370.6660630242348,filled
2013-09-25,SH600684,sell,5200,5200,4.303794028759003,22379.728949546818,6.713918684864045,22.379728949546816,filled
2013-09-25,SH601633,sell,2400,2400,13.638183606147766,32731.64065475464,9.81949219642639,32.73164065475464,filled
2013-09-25,SZ000011,sell,52900,52900,7.283731754779816,385309.4098278523,115.59282294835567,385.3094098278523,filled
2013-09-25,SZ000661,sell,7400,7400,44.99993030548096,332999.4842605591,99.89984527816772,332.9994842605591,filled
2013-09-25,SZ000848,sell,52100,52100,8.295612061500549,432201.3884041786,129.66041652125358,432.2013884041786,filled
2013-09-25,SZ002035,sell,99000,99000,3.4419610304832458,340754.14201784134,102.2262426053524,340.75414201784133,filled
2013-09-25,SZ002236,sell,700,700,17.559474111557005,12291.631878089904,5.0,12.291631878089904,filled
2013-09-25,SZ002241,sell,17800,17800,19.952668350219728,355157.49663391116,106.54724899017334,355.15749663391114,filled
2013-09-25,SZ002305,sell,700,700,5.8074858798980715,4065.24011592865,5.0,4.06524011592865,filled
2013-09-25,SZ002344,sell,4100,4100,20.384519468307495,83576.52982006074,25.07295894601822,83.57652982006074,filled
2013-09-25,SZ002450,sell,39900,39900,8.348077434539794,333088.2896381378,99.92648689144133,333.0882896381378,filled
2013-09-25,SZ002467,sell,11900,11900,4.746921548366546,56488.3664255619,16.94650992766857,56.4883664255619,filled
2013-09-25,SZ300014,sell,7100,7100,4.867912782669068,34562.18075695038,10.368654227085113,34.56218075695038,filled
2013-09-25,SZ300058,sell,30900,30900,14.611092398643494,451482.75511808397,135.44482653542516,451.48275511808396,filled
2013-09-25,SZ300202,sell,14100,14100,15.41554779624939,217359.2239271164,65.20776717813492,217.3592239271164,filled
2013-09-25,SH600067,buy,55100,55100,6.874196449756622,378768.22438158985,113.63046731447695,0.0,filled
2013-09-25,SH600182,buy,33500,33500,11.311676314353942,378941.1565308571,113.68234695925712,0.0,filled
2013-09-25,SH600252,buy,85800,85800,4.416566829204559,378941.43394575117,113.68243018372534,0.0,filled
2013-09-25,SH600340,buy,5600,5600,7.302852579116821,40895.9744430542,12.268792332916258,0.0,filled
2013-09-25,SH600633,buy,18000,18000,21.033891296386717,378610.0433349609,113.58301300048825,0.0,filled
2013-09-25,SZ000049,buy,14100,14100,26.84691324806213,378541.476797676,113.56244303930279,0.0,filled
2013-09-25,SZ000671,buy,10900,10900,4.047004559040069,44112.34969353675,13.233704908061025,0.0,filled
2013-09-25,SZ000915,buy,15100,15100,24.9694139213562,377038.1502124786,113.11144506374357,0.0,filled
2013-09-25,SZ000921,buy,1100,1100,7.51267885684967,8263.946742534637,5.0,0.0,filled
2013-09-25,SZ002038,buy,500,500,23.037246868133543,11518.623434066772,5.0,0.0,filled
2013-09-25,SZ002219,buy,65200,65200,5.8083017935752865,378701.2769411087,113.6103830823326,0.0,filled
2013-09-25,SZ002294,buy,900,900,18.720512647628784,16848.461382865906,5.054538414859771,0.0,filled
2013-09-25,SZ002353,buy,100,100,45.80421564102172,4580.421564102172,5.0,0.0,filled
2013-09-25,SZ002410,buy,33200,33200,11.400243835449217,378488.095336914,113.5464286010742,0.0,filled
2013-09-25,SZ002415,buy,37600,37600,10.077247814178465,378904.51781311026,113.67135534393307,0.0,filled
2013-09-25,SZ002456,buy,3300,3300,8.841734856605528,29177.725026798245,8.753317508039473,0.0,filled
2013-09-25,SZ002653,buy,18900,18900,19.957832715988157,377203.03833217616,113.16091149965284,0.0,filled
2013-09-25,SZ300026,buy,2900,2900,5.4637531633377066,15844.88417367935,5.0,0.0,filled
2013-09-25,SZ300070,buy,28100,28100,13.44282984447479,377743.5186297416,113.32305558892247,0.0,filled
2013-09-25,SZ300228,buy,3000,3000,24.248343305587767,72745.0299167633,21.82350897502899,0.0,filled
2013-09-25,SZ300251,buy,20500,14000,9.25618564414978,129586.59901809691,38.87597970542907,0.0,partial_volume_or_cash
2013-09-25,SZ300342,buy,68900,100,5.495838687419891,549.5838687419891,5.0,0.0,partial_volume_or_cash
2013-10-29,SH600182,sell,33500,33500,11.22176394367218,375929.09211301804,112.7787276339054,375.92909211301804,filled
2013-10-29,SH600340,sell,51900,51900,7.510157724380493,389777.18589534756,116.93315576860425,389.77718589534754,filled
2013-10-29,SZ000049,sell,300,300,25.887736862182617,7766.321058654785,5.0,7.766321058654785,filled
2013-10-29,SZ000921,sell,50400,50400,8.220785382270813,414327.583266449,124.29827497993469,414.327583266449,filled
2013-10-29,SZ002219,sell,65200,65200,5.4090533437728885,352670.27801399236,105.8010834041977,352.67027801399234,filled
2013-10-29,SZ002294,sell,2300,2300,20.03843416786194,46088.39858608246,13.826519575824737,46.08839858608246,filled
2013-10-29,SZ002305,sell,65100,65100,4.8169055485725405,313580.5512120724,94.0741653636217,313.58055121207235,filled
2013-10-29,SZ002353,sell,600,600,47.00649716949463,28203.898301696776,8.461169490509032,28.203898301696775,filled
2013-10-29,SZ002410,sell,5000,5000,12.695305521011353,63476.52760505676,19.042958281517027,63.476527605056766,filled
2013-10-29,SZ002415,sell,500,500,9.666585639953613,4833.292819976807,5.0,4.833292819976807,filled
2013-10-29,SZ002456,sell,1400,1400,8.67099447441101,12139.392264175414,5.0,12.139392264175415,filled
2013-10-29,SZ300014,sell,8800,8800,5.2125966310501095,45870.85035324097,13.761255105972289,45.87085035324097,filled
2013-10-29,SZ300070,sell,28100,28100,13.704783542633056,385104.4175479889,115.53132526439666,385.1044175479889,filled
2013-10-29,SZ300342,sell,100,100,6.242689145565033,624.2689145565033,5.0,0.6242689145565034,filled
2013-10-29,SH600067,buy,900,900,6.424066918373107,5781.660226535796,5.0,0.0,filled
2013-10-29,SH600252,buy,4800,4800,3.970631694555282,19059.032133865356,5.717709640159606,0.0,filled
2013-10-29,SH600566,buy,30000,30000,11.959141293525695,358774.2388057709,107.63227164173125,0.0,filled
2013-10-29,SH600633,buy,5400,5400,15.3173268661499,82713.56507720945,24.814069523162832,0.0,filled
2013-10-29,SH600684,buy,2500,2500,3.9826459264755245,9956.61481618881,5.0,0.0,filled
2013-10-29,SH601633,buy,2400,2400,11.93913515472412,28653.92437133789,8.596177311401366,0.0,filled
2013-10-29,SZ000671,buy,8700,8700,3.515449794530868,30584.413212418553,9.175323963725566,0.0,filled
2013-10-29,SZ000732,buy,68900,68900,5.222562582969665,359834.56196660997,107.95036858998299,0.0,filled
2013-10-29,SZ000892,buy,59300,59300,6.068584456443786,359867.05826711655,107.96011748013495,0.0,filled
2013-10-29,SZ000915,buy,1600,1600,21.539922410964962,34463.87585754394,10.339162757263182,0.0,filled
2013-10-29,SZ002038,buy,2400,2400,19.049401082992553,45718.56259918213,13.715568779754637,0.0,filled
2013-10-29,SZ002236,buy,500,500,16.337799367904662,8168.899683952331,5.0,0.0,filled
2013-10-29,SZ002241,buy,20400,20400,17.59524108505249,358942.91813507077,107.68287544052122,0.0,filled
2013-10-29,SZ002344,buy,200,200,19.190934228897092,3838.1868457794185,5.0,0.0,filled
2013-10-29,SZ002467,buy,3100,3100,4.347000700950622,13475.702172946929,5.0,0.0,filled
2013-10-29,SZ002653,buy,300,300,18.653198009490964,5595.959402847289,5.0,0.0,filled
2013-10-29,SZ300026,buy,100,100,5.18437221288681,518.437221288681,5.0,0.0,filled
2013-10-29,SZ300228,buy,1200,1200,21.41203089904785,25694.43707885742,7.708331123657225,0.0,filled
2013-10-29,SZ300251,buy,11000,11000,7.926880963802337,87195.69060182571,26.15870718054771,0.0,filled
2013-10-29,SZ300293,buy,30800,30800,11.655755744934082,358997.2769439697,107.6991830831909,0.0,filled
2013-10-29,SZ300303,buy,89700,59500,4.010451853275299,238621.8852698803,71.58656558096408,0.0,partial_volume_or_cash
2013-11-22,SH600566,sell,2900,2900,13.160176983833313,38164.51325311661,11.449353975934981,38.16451325311661,filled
2013-11-22,SH600633,sell,1900,1900,16.610232805252075,31559.44232997894,9.467832698993682,31.559442329978943,filled
2013-11-22,SH600684,sell,90300,90300,3.8699112339019774,349452.98442134855,104.83589532640455,349.45298442134856,filled
2013-11-22,SZ000049,sell,13800,13800,26.095271810531617,360114.7509853363,108.03442529560088,360.11475098533634,filled
2013-11-22,SZ000671,sell,1300,1300,3.542674082279205,4605.476306962966,5.0,4.6054763069629665,filled
2013-11-22,SZ000732,sell,68900,68900,5.019780740261078,345862.89300398825,103.75886790119647,345.86289300398823,filled
2013-11-22,SZ000892,sell,59300,59300,6.314791043758392,374467.10889487265,112.34013266846179,374.46710889487264,filled
2013-11-22,SZ000915,sell,16700,16700,21.350606781005858,356555.1332427978,106.96653997283933,356.5551332427978,filled
2013-11-22,SZ002038,sell,18800,18800,19.31272589492798,363079.246824646,108.92377404739379,363.079246824646,filled
2013-11-22,SZ002241,sell,20400,20400,17.713227979660033,361349.8507850647,108.4049552355194,361.3498507850647,filled
2013-11-22,SZ002294,sell,17900,17900,18.87104651069641,337791.7325414657,101.33751976243971,337.7917325414657,filled
2013-11-22,SZ002344,sell,18700,18700,18.533358489990235,346573.8037628174,103.97214112884521,346.5738037628174,filled
2013-11-22,SZ002353,sell,200,200,47.87619011306763,9575.238022613526,5.0,9.575238022613526,filled
2013-11-22,SZ002410,sell,400,400,12.870670904159546,5148.268361663819,5.0,5.148268361663819,filled
2013-11-22,SZ002415,sell,300,300,9.716847370147706,2915.0542110443116,5.0,2.915054211044312,filled
2013-11-22,SZ002456,sell,700,700,8.783189715385436,6148.232800769805,5.0,6.148232800769805,filled
2013-11-22,SZ002653,sell,19200,19200,18.053050094604494,346618.56181640626,103.98556854492188,346.61856181640627,filled
2013-11-22,SZ300026,sell,69400,69400,4.8554321422576905,336966.9906726837,101.0900972018051,336.9669906726837,filled
2013-11-22,SZ300228,sell,1300,1300,22.979700010299684,29873.61001338959,8.962083004016876,29.87361001338959,filled
2013-11-22,SZ300251,sell,45400,45400,7.966440886974334,361676.4162686348,108.50292488059043,361.6764162686348,filled
2013-11-22,SZ300293,sell,30800,30800,11.222257452964783,345645.5295513153,103.69365886539458,345.6455295513153,filled
2013-11-22,SZ300303,sell,59500,59500,4.048125728130341,240863.48082375526,72.25904424712657,240.86348082375528,filled
2013-11-22,SH600067,buy,600,600,6.325299674510955,3795.179804706573,5.0,0.0,filled
2013-11-22,SH600252,buy,1200,1200,3.9045895755290982,4685.507490634918,5.0,0.0,filled
2013-11-22,SH600340,buy,55000,55000,6.508310451984404,357957.07485914225,107.38712245774266,0.0,filled
2013-11-22,SH600392,buy,51300,51300,6.981054165840148,358128.0787075996,107.43842361227988,0.0,filled
2013-11-22,SH600658,buy,55700,55700,6.431430918693541,358230.7021712303,107.46921065136908,0.0,filled
2013-11-22,SH601633,buy,1200,1200,11.429497455596923,13715.396946716308,5.0,0.0,filled
2013-11-22,SZ000921,buy,44000,44000,8.147915051460265,358508.26226425165,107.55247867927548,0.0,filled
2013-11-22,SZ002035,buy,100200,100200,3.5776175558567043,358477.27909684175,107.54318372905252,0.0,filled
2013-11-22,SZ002236,buy,800,800,15.690300976753234,12552.240781402586,5.0,0.0,filled
2013-11-22,SZ002305,buy,70200,70200,5.104869361877441,358361.82920379634,107.5085487611389,0.0,filled
2013-11-22,SZ002467,buy,2900,2900,4.186943953514099,12142.137465190888,5.0,0.0,filled
2013-11-22,SZ002508,buy,41700,41700,8.58155099773407,357850.6766055107,107.3552029816532,0.0,filled
2013-11-22,SZ300014,buy,4600,4600,4.877130444526672,22434.80004482269,6.730440013446806,0.0,filled
2013-11-22,SZ300017,buy,70400,70400,5.087814455509185,358182.13766784663,107.45464130035398,0.0,filled
2013-11-22,SZ300058,buy,28200,28200,12.71518279647827,358568.1548606872,107.57044645820615,0.0,filled
2013-11-22,SZ300133,buy,28900,28900,12.369352578163145,357474.28950891487,107.24228685267445,0.0,filled
2013-11-22,SZ300202,buy,19200,19200,18.60586946296692,357232.6936889648,107.16980810668943,0.0,filled
2013-11-22,SZ300273,buy,25700,25700,13.90280015850067,357301.9640734672,107.19058922204015,0.0,filled
2013-11-22,SZ300347,buy,36100,36100,9.924548384666442,358276.1966864586,107.48285900593757,0.0,filled
2013-11-22,SZ300349,buy,31700,19800,11.281184541702268,223367.4539257049,67.01023617771146,0.0,partial_volume_or_cash
2013-12-23,SH600067,sell,56600,56600,5.890608374118805,333408.4339751243,100.02253019253729,333.40843397512435,filled
2013-12-23,SH600252,sell,91800,91800,3.735960140705109,342961.140916729,102.88834227501869,342.961140916729,filled
2013-12-23,SH600340,sell,1900,1900,6.635537309646606,12607.520888328552,5.0,12.607520888328553,filled
2013-12-23,SH600566,sell,1800,1800,13.936408032417297,25085.534458351136,7.52566033750534,25.085534458351137,filled
2013-12-23,SH600658,sell,6900,6900,7.223985214233398,49845.49797821045,14.953649393463133,49.84549797821045,filled
2013-12-23,SZ000671,sell,101000,101000,3.2414433460235594,327385.7779483795,98.21573338451384,327.38577794837954,filled
2013-12-23,SZ000921,sell,7600,7600,9.69623430633545,73691.38072814942,22.107414218444823,73.69138072814943,filled
2013-12-23,SZ002035,sell,1100,1100,3.5612349858283996,3917.3584844112397,5.0,3.9173584844112397,filled
2013-12-23,SZ002236,sell,800,800,16.000987009048462,12800.78960723877,5.0,12.800789607238771,filled
2013-12-23,SZ002353,sell,100,100,48.2234415435791,4822.34415435791,5.0,4.822344154357911,filled
2013-12-23,SZ002456,sell,700,700,8.81852707672119,6172.968953704833,5.0,6.172968953704833,filled
2013-12-23,SZ002508,sell,3200,3200,9.155674904823304,29298.159695434573,8.789447908630372,29.298159695434574,filled
2013-12-23,SZ300017,sell,10900,10900,5.930917508125305,64647.00083856583,19.394100251569746,64.64700083856583,filled
2013-12-23,SZ300133,sell,28900,28900,12.119510699272157,350253.8592089653,105.07615776268959,350.2538592089653,filled
2013-12-23,SZ300202,sell,1200,1200,19.54020700263977,23448.248403167727,7.034474520950317,23.448248403167728,filled
2013-12-23,SZ300273,sell,1300,1300,14.457903493881226,18795.274542045594,5.638582362613677,18.795274542045593,filled
2013-12-23,SZ300347,sell,36100,36100,9.635996638298035,347859.4786425591,104.35784359276772,347.8594786425591,filled
2013-12-23,SH600161,buy,37000,37000,9.547833086967467,353269.82421779627,105.98094726533887,0.0,filled
2013-12-23,SH600392,buy,6000,6000,6.167930682182312,37007.58409309387,11.10227522792816,0.0,filled
2013-12-23,SH600633,buy,2900,2900,14.449442102432249,41903.38209705352,12.571014629116055,0.0,filled
2013-12-23,SH601633,buy,1700,1700,10.691255946159362,18175.135108470917,5.452540532541274,0.0,filled
2013-12-23,SZ000156,buy,19700,19700,17.870740995407104,352053.59760951996,105.61607928285598,0.0,filled
2013-12-23,SZ002030,buy,75900,75900,4.6574118342399595,353497.5582188129,106.04926746564387,0.0,filled
2013-12-23,SZ002153,buy,35000,35000,10.094580994606018,353310.33481121063,105.99310044336318,0.0,filled
2013-12-23,SZ002305,buy,4900,4900,4.704092665672301,23050.05406179428,6.915016218538283,0.0,filled
2013-12-23,SZ002410,buy,100,100,12.632670480728148,1263.2670480728148,5.0,0.0,filled
2013-12-23,SZ002415,buy,2300,2300,9.027249623298644,20762.674133586883,6.228802240076064,0.0,filled
2013-12-23,SZ002467,buy,18100,18100,3.409797296285629,61717.33106276989,18.515199318830966,0.0,filled
2013-12-23,SZ002653,buy,21200,21200,16.617457637786863,352290.1019210815,105.68703057632443,0.0,filled
2013-12-23,SZ300014,buy,9800,9800,4.242194957733154,41573.510585784905,12.47205317573547,0.0,filled
2013-12-23,SZ300058,buy,1500,1100,11.88934557723999,13078.280134963989,5.0,0.0,partial_volume_or_cash
2013-12-23,SZ300352,buy,131500,300,2.6895249881744383,806.8574964523315,5.0,0.0,partial_volume_or_cash
2014-01-23,SH600340,sell,53100,53100,6.195607120513916,328986.73809928895,98.69602142978668,328.98673809928897,filled
2014-01-23,SH600566,sell,5500,5500,18.933889869689942,104136.39428329468,31.2409182849884,104.13639428329468,filled
2014-01-23,SH600633,sell,24400,24400,17.342749219894408,423163.08096542355,126.94892428962706,423.16308096542355,filled
2014-01-23,SZ002153,sell,7100,7100,13.471444155693055,95647.2535054207,28.694176051626208,95.6472535054207,filled
2014-01-23,SZ002305,sell,75100,75100,3.900800104379654,292950.08783891203,87.8850263516736,292.95008783891205,filled
2014-01-23,SZ002353,sell,100,100,51.99987373352051,5199.987373352051,5.0,5.199987373352051,filled
2014-01-23,SZ002410,sell,27900,27900,17.21057066345215,480174.921510315,144.05247645309447,480.17492151031496,filled
2014-01-23,SZ002415,sell,39100,39100,8.455997817993165,330629.51468353276,99.18885440505981,330.62951468353276,filled
2014-01-23,SZ002467,sell,9500,9500,3.992806480407715,37931.66156387329,11.379498469161986,37.93166156387329,filled
2014-01-23,SZ002508,sell,38500,38500,9.201593181610107,354261.33749198914,106.27840124759673,354.26133749198914,filled
2014-01-23,SZ002653,sell,1700,1700,19.295414960861205,32802.20543346405,9.840661630039214,32.80220543346405,filled
2014-01-23,SZ300017,sell,5500,5500,6.9683169136047365,38325.74302482605,11.497722907447814,38.32574302482605,filled
2014-01-23,SZ300058,sell,4700,4700,15.25381965637207,71692.95238494873,21.50788571548462,71.69295238494873,filled
2014-01-23,SZ300202,sell,100,100,21.02571379852295,2102.571379852295,5.0,2.102571379852295,filled
2014-01-23,SZ300228,sell,1100,1100,26.01999354171753,28621.99289588928,8.586597868766784,28.62199289588928,filled
2014-01-23,SZ300273,sell,2300,2300,17.023606859207153,39154.29577617645,11.746288732852934,39.15429577617645,filled
2014-01-23,SZ300349,sell,19800,19800,12.487874419212341,247259.91350040436,74.1779740501213,247.25991350040437,filled
2014-01-23,SH600161,buy,9100,9100,8.178348591804504,74422.97218542098,22.32689165562629,0.0,filled
2014-01-23,SH600252,buy,101200,101200,3.7260748572349542,377078.7755521774,113.1236326656532,0.0,filled
2014-01-23,SH600392,buy,9100,9100,5.6742085409164424,51635.29772233962,15.490589316701886,0.0,filled
2014-01-23,SH600398,buy,68500,68500,5.504063762187958,377028.3677098751,113.10851031296252,0.0,filled
2014-01-23,SH600658,buy,10200,10200,6.389681695461272,65174.75329370498,19.55242598811149,0.0,filled
2014-01-23,SH601633,buy,4000,4000,10.18010611629486,40720.42446517944,12.216127339553832,0.0,filled
2014-01-23,SZ000049,buy,12600,12600,29.917886579513546,376965.37090187066,113.08961127056119,0.0,filled
2014-01-23,SZ000921,buy,4300,4300,9.256313564300536,39802.1483264923,11.94064449794769,0.0,filled
2014-01-23,SZ002030,buy,2100,2100,4.835591239452362,10154.74160284996,5.0,0.0,filled
2014-01-23,SZ002035,buy,17800,17800,3.2241429152488705,57389.7438914299,17.216923167428966,0.0,filled
2014-01-23,SZ002236,buy,3700,3700,14.620007394790647,54094.0273607254,16.22820820821762,0.0,filled
2014-01-23,SZ002456,buy,3800,3800,8.605546526908874,32701.076802253723,9.810323040676115,0.0,filled
2014-01-23,SZ002701,buy,82200,82200,4.586081076145172,376975.8644591331,113.09275933773992,0.0,filled
2014-01-23,SZ300133,buy,23600,23600,15.949044301986692,376397.4455268859,112.91923365806576,0.0,filled
2014-01-23,SZ300303,buy,79600,79600,4.732942478179931,376742.2212631225,113.02266637893675,0.0,filled
2014-01-23,SZ300352,buy,114700,67400,3.2782798686027523,220956.0631438255,66.28681894314765,0.0,partial_volume_or_cash
2014-02-28,SH600252,sell,1400,1400,3.70116344833374,5181.628827667236,5.0,5.181628827667236,filled
2014-02-28,SH600398,sell,11300,11300,6.4543822431564335,72934.5193476677,21.880355804300308,72.9345193476677,filled
2014-02-28,SH600566,sell,900,900,19.463272905349733,17516.94561481476,5.255083684444427,17.51694561481476,filled
2014-02-28,SH601633,sell,37000,37000,8.223442520141601,304267.37324523926,91.28021197357177,304.26737324523924,filled
2014-02-28,SZ002030,sell,700,700,4.774817685127259,3342.372379589081,5.0,3.342372379589081,filled
2014-02-28,SZ002035,sell,1500,1500,3.199516968727112,4799.275453090668,5.0,4.799275453090668,filled
2014-02-28,SZ002153,sell,27900,27900,13.542030275344848,377822.64468212123,113.34679340463636,377.8226446821212,filled
2014-02-28,SZ002467,sell,94200,94200,4.099742703437805,386195.76266384125,115.85872879915236,386.19576266384126,filled
2014-02-28,SZ002653,sell,19500,19500,17.580567346572877,342821.0632581711,102.84631897745132,342.8210632581711,filled
2014-02-28,SZ002701,sell,82200,82200,4.218877561569214,346791.7355609894,104.03752066829682,346.7917355609894,filled
2014-02-28,SZ300017,sell,7900,7900,8.003131587982178,63224.73954505921,18.96742186351776,63.22473954505921,filled
2014-02-28,SZ300273,sell,3000,3000,19.257576707839966,57772.7301235199,17.33181903705597,57.7727301235199,filled
2014-02-28,SH600161,buy,900,900,7.86318627500534,7076.867647504806,5.0,0.0,filled
2014-02-28,SH600182,buy,30300,30300,12.183538058280943,369161.2031659126,110.74836094977377,0.0,filled
2014-02-28,SH600633,buy,23200,23200,15.919115759849547,369323.4856285095,110.79704568855284,0.0,filled
2014-02-28,SH600658,buy,2700,2700,5.992932097434997,16180.916663074491,5.0,0.0,filled
2014-02-28,SH600983,buy,31100,31100,11.887534647941589,369702.3275509834,110.91069826529501,0.0,filled
2014-02-28,SZ000049,buy,1400,1400,26.343173240661617,36880.44253692626,11.064132761077877,0.0,filled
2014-02-28,SZ000921,buy,2400,2400,8.578563966751098,20588.553520202633,6.176566056060789,0.0,filled
2014-02-28,SZ002219,buy,39700,39700,9.304646379470825,369394.4612649917,110.8183383794975,0.0,filled
2014-02-28,SZ002236,buy,6800,6800,11.37164795398712,77327.20608711241,23.19816182613372,0.0,filled
2014-02-28,SZ002353,buy,1400,1400,42.60993110275268,59653.903543853754,17.896171063156125,0.0,filled
2014-02-28,SZ002410,buy,20300,15600,18.178018562316893,283577.0895721435,85.07312687164304,0.0,partial_volume_or_cash
2014-02-28,SZ300267,buy,60400,100,6.118070939540862,611.8070939540862,5.0,0.0,partial_volume_or_cash
2014-03-24,SH600182,sell,30300,30300,11.527193796157837,349273.97202358244,104.78219160707472,349.2739720235824,filled
2014-03-24,SH600252,sell,99800,99800,3.787351321220398,377977.6618577957,113.39329855733871,377.97766185779574,filled
2014-03-24,SH600392,sell,66400,66400,5.696207156181336,378228.1551704407,113.46844655113219,378.2281551704407,filled
2014-03-24,SH600398,sell,5100,5100,6.999534234523773,35697.62459607125,10.709287378821374,35.69762459607125,filled
2014-03-24,SH600566,sell,400,400,19.72367051124573,7889.468204498291,5.0,7.889468204498291,filled
2014-03-24,SH600658,sell,6500,6500,6.606988559246063,42945.42563509941,12.883627690529822,42.94542563509941,filled
2014-03-24,SH600983,sell,31100,31100,13.053090230941772,405951.1061822891,121.78533185468672,405.9511061822891,filled
2014-03-24,SZ000921,sell,43100,43100,8.19406919002533,353164.3820900917,105.9493146270275,353.1643820900917,filled
2014-03-24,SZ002035,sell,115400,115400,3.8369035127162934,442778.6653674602,132.83359961023805,442.77866536746023,filled
2014-03-24,SZ002219,sell,3200,3200,10.0013878698349,32004.44118347168,9.601332355041503,32.004441183471684,filled
2014-03-24,SZ300014,sell,83300,83300,4.774308455944062,397699.89438014035,119.3099683140421,397.69989438014034,filled
2014-03-24,SZ300017,sell,8000,8000,9.561277616500854,76490.22093200684,22.947066279602048,76.49022093200684,filled
2014-03-24,SH600161,buy,700,700,7.665761569499969,5366.0330986499785,5.0,0.0,filled
2014-03-24,SH600633,buy,1600,1600,14.715864455223082,23545.38312835693,7.0636149385070786,0.0,filled
2014-03-24,SZ000049,buy,1300,1300,23.822038902282713,30968.650572967526,9.290595171890256,0.0,filled
2014-03-24,SZ000413,buy,57100,57100,6.398756866455077,365369.0170745849,109.61070512237546,0.0,filled
2014-03-24,SZ002030,buy,200,200,4.714784499168395,942.956899833679,5.0,0.0,filled
2014-03-24,SZ002104,buy,35800,35800,10.198713725090025,365113.95135822287,109.53418540746685,0.0,filled
2014-03-24,SZ002270,buy,70700,70700,5.1681960415840145,365391.4601399898,109.61743804199693,0.0,filled
2014-03-24,SZ002353,buy,500,500,39.99145907592773,19995.729537963864,5.998718861389158,0.0,filled
2014-03-24,SZ002354,buy,24700,24700,14.772184642791746,364872.9606769561,109.46188820308683,0.0,filled
2014-03-24,SZ002410,buy,6900,6900,16.1970814743042,111759.86217269897,33.52795865180968,0.0,filled
2014-03-24,SZ002701,buy,74500,74500,4.908279955863952,365666.8567118644,109.70005701355932,0.0,filled
2014-03-24,SZ300058,buy,5000,5000,12.347662475585937,61738.31237792968,18.521493713378902,0.0,filled
2014-03-24,SZ300133,buy,10200,10200,10.819763193130491,110361.58456993102,33.1084753709793,0.0,filled
2014-03-24,SZ300202,buy,600,600,19.715317111968993,11829.190267181395,5.0,0.0,filled
2014-03-24,SZ300228,buy,4300,4300,19.462201318740842,83687.46567058562,25.10623970117568,0.0,filled
2014-03-24,SZ300263,buy,45500,45500,8.031445663452148,365430.77768707275,109.62923330612182,0.0,filled
2014-03-24,SZ300267,buy,47300,31600,7.707671647548675,243562.4240625381,73.06872721876142,0.0,partial_volume_or_cash
2014-04-23,SH600161,sell,47700,47700,7.43760709476471,354773.85842027667,106.43215752608299,354.77385842027667,filled
2014-04-23,SH600398,sell,52100,52100,6.870801668643951,357968.76693634986,107.39063008090494,357.9687669363499,filled
2014-04-23,SH600658,sell,55200,55200,5.8924780883789065,325264.7904785156,97.57943714355467,325.26479047851564,filled
2014-04-23,SZ000049,sell,15300,15300,27.100716012954713,414640.9549982071,124.39228649946212,414.6409549982071,filled
2014-04-23,SZ000156,sell,19700,19700,28.273989578247072,556997.5946914674,167.09927840744018,556.9975946914674,filled
2014-04-23,SZ000413,sell,1900,1900,6.505870124816894,12361.153237152099,5.0,12.361153237152099,filled
2014-04-23,SZ002030,sell,77500,77500,5.320536545276642,412341.58225893974,123.7024746776819,412.34158225893975,filled
2014-04-23,SZ002236,sell,32500,32500,11.554126255989075,375509.1033196449,112.65273099589346,375.5091033196449,filled
2014-04-23,SZ002270,sell,800,800,5.133415542125702,4106.732433700561,5.0,4.106732433700561,filled
2014-04-23,SZ002353,sell,9100,9100,40.111044330596926,365010.503408432,109.5031510225296,365.010503408432,filled
2014-04-23,SZ002410,sell,22500,22500,15.242147875785827,342948.3272051811,102.88449816155433,342.9483272051811,filled
2014-04-23,SZ002456,sell,43800,43800,8.998414072036743,394130.53635520936,118.2391609065628,394.13053635520936,filled
2014-04-23,SZ002701,sell,74500,74500,4.79810455942154,357458.7896769047,107.23763690307139,357.4587896769047,filled
2014-04-23,SZ300058,sell,29600,29600,12.491264199256896,369741.4202980041,110.92242608940123,369.74142029800413,filled
2014-04-23,SZ300202,sell,1700,1700,21.32385057449341,36250.545976638794,10.875163792991637,36.2505459766388,filled
2014-04-23,SZ300303,sell,79600,79600,4.147944651603699,330176.39426765445,99.05291828029632,330.1763942676545,filled
2014-04-23,SH600323,buy,35100,35100,10.243285305976867,359539.31423978804,107.8617942719364,0.0,filled
2014-04-23,SH600566,buy,1000,1000,18.42971768760681,18429.71768760681,5.528915306282043,0.0,filled
2014-04-23,SH600633,buy,3300,3300,12.800259243011473,42240.85550193786,12.672256650581357,0.0,filled
2014-04-23,SH600835,buy,22600,22600,15.863371212959288,358512.18941287993,107.55365682386397,0.0,filled
2014-04-23,SH600885,buy,24400,24400,14.747400590896605,359836.5744178772,107.95097232536314,0.0,filled
2014-04-23,SH600894,buy,33500,33500,10.73390872478485,359585.9422802925,107.87578268408774,0.0,filled
2014-04-23,SZ000400,buy,18300,18300,19.61748301696777,358999.93921051023,107.69998176315306,0.0,filled
2014-04-23,SZ002185,buy,104000,104000,3.4593890271186827,359776.458820343,107.9329376461029,0.0,filled
2014-04-23,SZ002198,buy,32300,32300,11.135060589790344,359662.4570502281,107.89873711506841,0.0,filled
2014-04-23,SZ002219,buy,3600,3600,8.952232091903685,32228.035530853267,9.66841065925598,0.0,filled
2014-04-23,SZ002268,buy,38300,38300,9.390003486633299,359637.13353805535,107.89114006141659,0.0,filled
2014-04-23,SZ002354,buy,4500,4500,12.294160349845885,55323.72157430648,16.597116472291944,0.0,filled
2014-04-23,SZ002400,buy,39200,39200,9.16647734260559,359325.9118301392,107.79777354904174,0.0,filled
2014-04-23,SZ002462,buy,21700,21700,16.529045721054075,358680.2921468734,107.60408764406202,0.0,filled
2014-04-23,SZ002681,buy,72000,72000,4.9924814858436575,359458.66698074335,107.83760009422299,0.0,filled
2014-04-23,SZ300005,buy,36800,36800,9.7634234085083,359293.9814331055,107.78819442993164,0.0,filled
2014-04-23,SZ300017,buy,7800,7800,7.833352718353271,61100.15120315551,18.330045360946652,0.0,filled
2014-04-23,SZ300027,buy,31800,31800,11.315733483314514,359840.3247694015,107.95209743082044,0.0,filled
2014-04-23,SZ300124,buy,36000,12000,9.976695893287658,119720.3507194519,35.91610521583557,0.0,partial_volume_or_cash
2014-04-23,SZ300352,buy,27200,100,3.7916527884006497,379.16527884006496,5.0,0.0,partial_volume_or_cash
2014-05-26,SH600323,sell,35100,35100,10.287442242622376,361089.2227160454,108.32676681481361,361.0892227160454,filled
2014-05-26,SH600835,sell,22600,22600,13.576613081932068,306831.45565166476,92.04943669549942,306.8314556516648,filled
2014-05-26,SZ000400,sell,18300,18300,18.10690167617798,331356.30067405704,99.4068902022171,331.356300674057,filled
2014-05-26,SZ000413,sell,55200,55200,7.328491999626159,404532.758379364,121.35982751380918,404.532758379364,filled
2014-05-26,SZ002104,sell,35800,35800,10.261936958312988,367377.343107605,110.21320293228149,367.377343107605,filled
2014-05-26,SZ002185,sell,104000,104000,3.1835562779903412,331089.8529109955,99.32695587329863,331.0898529109955,filled
2014-05-26,SZ002198,sell,2500,2500,11.718618238449096,29296.54559612274,8.788963678836822,29.29654559612274,filled
2014-05-26,SZ002219,sell,40100,40100,7.751155556201935,310821.3378036976,93.24640134110928,310.82133780369765,filled
2014-05-26,SZ002268,sell,38300,38300,9.72057441329956,372298.00002937316,111.68940000881194,372.29800002937316,filled
2014-05-26,SZ002270,sell,69900,69900,4.92107888174057,343983.41383366584,103.19502415009974,343.98341383366585,filled
2014-05-26,SZ002354,sell,29200,29200,14.650122505187989,427783.57715148927,128.33507314544676,427.7835771514893,filled
2014-05-26,SZ002400,sell,39200,39200,8.63778263282776,338601.07920684817,101.58032376205445,338.60107920684817,filled
2014-05-26,SZ002681,sell,72000,72000,5.670453211784363,408272.6312484741,122.48178937454223,408.2726312484741,filled
2014-05-26,SZ300005,sell,36800,36800,8.426428227424621,310092.5587692261,93.02776763076781,310.09255876922606,filled
2014-05-26,SZ300017,sell,2900,2900,8.123171530723571,23557.197439098356,7.067159231729506,23.557197439098356,filled
2014-05-26,SZ300027,sell,31800,31800,10.653742369651795,338789.0073549271,101.63670220647812,338.7890073549271,filled
2014-05-26,SZ300133,sell,33800,33800,11.37542730331421,384489.44285202026,115.34683285560607,384.48944285202026,filled
2014-05-26,SZ300202,sell,500,500,21.341020505905153,10670.510252952576,5.0,10.670510252952576,filled
2014-05-26,SZ300228,sell,18700,18700,16.42344239616394,307118.3728082657,92.1355118424797,307.1183728082657,filled
2014-05-26,SZ300263,sell,45500,45500,6.830149078845978,310771.783087492,93.23153492624759,310.771783087492,filled
2014-05-26,SZ300273,sell,19100,19100,16.31901278114319,311693.14411983493,93.50794323595048,311.6931441198349,filled
2014-05-26,SZ300352,sell,67800,67800,4.05577083492279,274981.2626077652,82.49437878232956,274.9812626077652,filled
2014-05-26,SH600081,buy,28900,28900,12.107213641166686,349898.4742297172,104.96954226891516,0.0,filled
2014-05-26,SH600340,buy,41000,41000,8.530156690597533,349736.42431449884,104.92092729434964,0.0,filled
2014-05-26,SH600398,buy,50700,50700,6.910004068374633,350337.2062665939,105.10116187997815,0.0,filled
2014-05-26,SH600566,buy,900,900,17.113837463378903,15402.453717041013,5.0,0.0,filled
2014-05-26,SH600633,buy,500,500,12.238598136901855,6119.299068450928,5.0,0.0,filled
2014-05-26,SH600885,buy,1500,1500,13.517060762405395,20275.591143608093,6.082677343082428,0.0,filled
2014-05-26,SH600894,buy,6300,6300,8.793158611297606,55396.89925117492,16.619069775352475,0.0,filled
2014-05-26,SZ002065,buy,39100,39100,8.95906818294525,350299.5659531593,105.08986978594778,0.0,filled
2014-05-26,SZ002085,buy,120000,120000,2.917843126058578,350141.17512702936,105.0423525381088,0.0,filled
2014-05-26,SZ002180,buy,47500,47500,7.363247596263885,349754.2608225345,104.92627824676035,0.0,filled
2014-05-26,SZ002217,buy,114800,114800,3.0512156345844264,350279.55485029216,105.08386645508764,0.0,filled
2014-05-26,SZ002271,buy,81300,81300,4.308392203807831,350272.28616957663,105.08168585087299,0.0,filled
2014-05-26,SZ002285,buy,100300,100300,3.4912652490139005,350173.90447609423,105.05217134282826,0.0,filled
2014-05-26,SZ002360,buy,69200,69200,5.06247719669342,350323.4220111847,105.09702660335539,0.0,filled
2014-05-26,SZ002440,buy,32800,32800,10.679443379402159,350285.7428443908,105.08572285331724,0.0,filled
2014-05-26,SZ002462,buy,600,600,15.682299284934995,9409.379570960997,5.0,0.0,filled
2014-05-26,SZ002475,buy,87900,87900,3.9839458911418912,350188.8438313722,105.05665314941166,0.0,filled
2014-05-26,SZ002504,buy,88600,88600,3.952950313568115,350231.397782135,105.06941933464049,0.0,filled
2014-05-26,SZ300014,buy,83600,83600,4.187668993473053,350089.1278543472,105.02673835630416,0.0,filled
2014-05-26,SZ300025,buy,50400,50400,6.949898926734924,350274.9059074402,105.08247177223204,0.0,filled
2014-05-26,SZ300058,buy,26900,26900,12.99773072528839,349638.9565102577,104.8916869530773,0.0,filled
2014-05-26,SZ300124,buy,26500,26500,9.079668246269225,240611.20852613446,72.18336255784033,0.0,filled
2014-05-26,SZ300212,buy,18200,18200,19.15198922538757,348566.20390205376,104.56986117061612,0.0,filled
2014-05-26,SZ300267,buy,17100,17100,7.170164538860321,122609.81361451148,36.78294408435344,0.0,filled
2014-05-26,SZ300286,buy,24300,12100,14.3623638010025,173784.60199213025,52.13538059763907,0.0,partial_volume_or_cash
2014-05-26,SZ300315,buy,36900,100,9.472341105461119,947.2341105461119,5.0,0.0,partial_volume_or_cash
2014-06-24,SH600081,sell,500,500,12.559061705589295,6279.530852794647,5.0,6.279530852794648,filled
2014-06-24,SH600398,sell,500,500,7.1131447420120235,3556.572371006012,5.0,3.556572371006012,filled
2014-06-24,SH600566,sell,20400,20400,18.297017080307008,373259.1484382629,111.97774453147886,373.2591484382629,filled
2014-06-24,SH600894,sell,39800,39800,9.186767895698548,365633.3622488022,109.69000867464065,365.6333622488022,filled
2014-06-24,SZ002065,sell,39100,39100,9.607947589874268,375670.7507640839,112.70122522922516,375.6707507640839,filled
2014-06-24,SZ002085,sell,9900,9900,3.2424375100135805,32100.131349134448,9.630039404740334,32.10013134913445,filled
2014-06-24,SZ002180,sell,10600,10600,9.674879073143005,102553.71817531585,30.766115452594754,102.55371817531585,filled
2014-06-24,SZ002271,sell,6400,6400,4.767358835220337,30511.096545410157,9.153328963623046,30.511096545410158,filled
2014-06-24,SZ002360,sell,69200,69200,4.722472354888916,326795.086958313,98.03852608749389,326.795086958313,filled
2014-06-24,SZ002475,sell,1700,1700,4.14301718044281,7043.1292067527775,5.0,7.043129206752778,filled
2014-06-24,SZ002504,sell,3600,3600,4.199104797363281,15116.777270507813,5.0,15.116777270507814,filled
2014-06-24,SZ300014,sell,83600,83600,4.213371312618255,352237.8417348861,105.67135252046583,352.2378417348861,filled
2014-06-24,SZ300058,sell,26900,26900,12.863735097885131,346034.47413311,103.810342239933,346.03447413311005,filled
2014-06-24,SZ300202,sell,2200,2200,25.29077544593811,55639.70598106384,16.69191179431915,55.63970598106384,filled
2014-06-24,SZ300212,sell,18200,18200,18.9513227519989,344914.07408638,103.47422222591399,344.91407408638,filled
2014-06-24,SZ300267,sell,200,200,7.348043256282806,1469.6086512565612,5.0,1.4696086512565611,filled
2014-06-24,SH600057,buy,109900,109900,3.2562322578430174,357859.9251369476,107.35797754108427,0.0,filled
2014-06-24,SH600340,buy,2900,2900,8.140624557495116,23607.811216735834,7.0823433650207495,0.0,filled
2014-06-24,SH600396,buy,82800,82800,4.322243378639221,357881.7517513275,107.36452552539824,0.0,filled
2014-06-24,SH600570,buy,29900,29900,11.940569960594177,357023.0418217659,107.10691254652976,0.0,filled
2014-06-24,SH600633,buy,500,500,12.26617543029785,6133.087715148925,5.0,0.0,filled
2014-06-24,SH600856,buy,79600,79600,4.4957183771133415,357859.182818222,107.35775484546659,0.0,filled
2014-06-24,SH600885,buy,400,400,13.585647919654845,5434.259167861937,5.0,0.0,filled
2014-06-24,SZ000156,buy,14400,14400,24.73208385658264,356142.00753479,106.842602260437,0.0,filled
2014-06-24,SZ000553,buy,33200,33200,10.763490736961364,357347.8924671173,107.20436774013518,0.0,filled
2014-06-24,SZ000600,buy,78000,78000,4.587111597061157,357794.70457077026,107.33841137123108,0.0,filled
2014-06-24,SZ002153,buy,29900,16400,11.97239821243286,196347.3306838989,58.90419920516967,0.0,partial_volume_or_cash
2014-06-24,SZ002198,buy,13000,100,8.350585437774658,835.0585437774658,5.0,0.0,partial_volume_or_cash
2014-07-22,SH600057,sell,8400,8400,3.607011545419693,30298.89698152542,9.089669094457625,30.29889698152542,filled
2014-07-22,SH600081,sell,1600,1600,13.659440709114074,21855.105134582518,6.556531540374755,21.85510513458252,filled
2014-07-22,SH600340,sell,43900,43900,8.901791049957275,390788.6270931244,117.23658812793731,390.7886270931244,filled
2014-07-22,SH600633,sell,29100,29100,11.289258484840394,328517.42190885544,98.55522657265662,328.51742190885545,filled
2014-07-22,SH600885,sell,26300,26300,14.832373200416566,390091.41517095565,117.02742455128669,390.09141517095566,filled
2014-07-22,SZ000553,sell,2100,2100,11.755198900222778,24685.917690467835,7.40577530714035,24.685917690467836,filled
2014-07-22,SZ000600,sell,78000,78000,4.930530823230743,384581.404211998,115.37442126359939,384.581404211998,filled
2014-07-22,SZ002180,sell,2800,2800,10.718040533065796,30010.51349258423,9.003154047775269,30.01051349258423,filled
2014-07-22,SZ002462,sell,22300,22300,16.79517303085327,374532.35858802794,112.35970757640837,374.53235858802793,filled
2014-07-22,SZ300267,sell,5700,5700,8.528893332481385,48614.69199514389,14.584407598543166,48.61469199514389,filled
2014-07-22,SH600398,buy,900,900,7.173395477294921,6456.055929565429,5.0,0.0,filled
2014-07-22,SH600570,buy,2600,2600,11.28730275249481,29346.987156486506,8.804096146945952,0.0,filled
2014-07-22,SH600856,buy,2900,2900,4.443107873916626,12885.012834358215,5.0,0.0,filled
2014-07-22,SZ000062,buy,38200,38200,9.584938522338867,366144.6515533447,109.8433954660034,0.0,filled
2014-07-22,SZ000156,buy,300,300,24.820616056442258,7446.184816932678,5.0,0.0,filled
2014-07-22,SZ000700,buy,75600,75600,4.8498944306373595,366652.0189561844,109.99560568685531,0.0,filled
2014-07-22,SZ000977,buy,25400,25400,14.425817923545836,366415.7752580642,109.92473257741925,0.0,filled
2014-07-22,SZ002085,buy,13900,13900,2.9591336505413053,41131.957742524144,12.339587322757243,0.0,filled
2014-07-22,SZ002153,buy,17100,17100,10.942000443458555,187108.2075831413,56.13246227494239,0.0,filled
2014-07-22,SZ002198,buy,14600,14600,8.23163306236267,120181.84271049498,36.05455281314849,0.0,filled
2014-07-22,SZ002210,buy,97200,97200,3.774440607070922,366875.62700729363,110.06268810218808,0.0,filled
2014-07-22,SZ002271,buy,4300,4300,4.630814943790435,19912.50425829887,5.973751277489661,0.0,filled
2014-07-22,SZ002360,buy,67100,23800,5.4651903557777395,130071.5304675102,39.02145914025306,0.0,partial_volume_or_cash
2014-08-22,SH600057,sell,101500,101500,3.9753147675991056,403494.44891130924,121.04833467339276,403.49444891130923,filled
2014-08-22,SH600398,sell,51100,51100,7.398468378067016,378061.73411922454,113.41852023576735,378.0617341192245,filled
2014-08-22,SH600570,sell,200,200,12.275620645523071,2455.1241291046144,5.0,2.4551241291046146,filled
2014-08-22,SH600856,sell,82500,82500,4.732150091171265,390402.3825216294,117.12071475648881,390.4023825216294,filled
2014-08-22,SZ000062,sell,900,900,10.632397616386413,9569.157854747771,5.0,9.569157854747772,filled
2014-08-22,SZ000156,sell,14700,14700,28.36273169517517,416932.155919075,125.0796467757225,416.932155919075,filled
2014-08-22,SZ000553,sell,31100,31100,12.532742797851563,389768.3010131836,116.93049030395507,389.7683010131836,filled
2014-08-22,SZ000700,sell,700,700,5.301478797912598,3711.0351585388185,5.0,3.7110351585388184,filled
2014-08-22,SZ000977,sell,500,500,15.946277978897095,7973.138989448547,5.0,7.973138989448548,filled
2014-08-22,SZ002085,sell,20200,20200,3.823733340740204,77239.41348295212,23.171824044885636,77.23941348295212,filled
2014-08-22,SZ002180,sell,34100,34100,11.487075682640075,391709.28077802656,117.51278423340796,391.70928077802654,filled
2014-08-22,SZ002210,sell,11700,11700,4.642229458808899,54314.08466806412,16.294225400419233,54.31408466806412,filled
2014-08-22,SZ002217,sell,114800,114800,3.7133851869106294,426296.6194573403,127.88898583720207,426.2966194573403,filled
2014-08-22,SZ002271,sell,79200,79200,5.027402029037476,398170.24069976807,119.45107220993042,398.1702406997681,filled
2014-08-22,SZ002285,sell,100300,100300,4.071468812942505,408368.3219381332,122.51049658143995,408.36832193813325,filled
2014-08-22,SZ002360,sell,23800,23800,6.667821201324463,158694.14459152223,47.60824337745667,158.69414459152225,filled
2014-08-22,SZ002504,sell,8900,8900,5.215553875923157,46418.4294957161,13.925528848714828,46.4184294957161,filled
2014-08-22,SZ300025,sell,50400,50400,7.513988614082336,378705.02614974976,113.61150784492492,378.70502614974976,filled
2014-08-22,SH600081,buy,3300,3300,13.184992461204528,43510.475121974945,13.053142536592482,0.0,filled
2014-08-22,SH600180,buy,36100,36100,11.022154828071592,397899.78929338447,119.36993678801534,0.0,filled
2014-08-22,SH600323,buy,33200,33200,11.972629232406614,397491.2905158996,119.24738715476987,0.0,filled
2014-08-22,SH600483,buy,66300,66300,6.0009266295433035,397861.43553872104,119.3584306616163,0.0,filled
2014-08-22,SH600563,buy,12900,12900,30.666889610290525,395602.87597274774,118.68086279182431,0.0,filled
2014-08-22,SH600885,buy,25300,25300,15.679789567947386,396698.6760690689,119.00960282072066,0.0,filled
2014-08-22,SH600886,buy,87100,87100,4.567738853931426,397850.05417742726,119.35501625322817,0.0,filled
2014-08-22,SH601515,buy,52600,52600,7.565421576023101,397941.1748988151,119.38235246964452,0.0,filled
2014-08-22,SZ000600,buy,73300,73300,5.42740379333496,397828.6980514526,119.34860941543576,0.0,filled
2014-08-22,SZ000673,buy,48700,48700,8.162290794372558,397503.56168594357,119.25106850578307,0.0,filled
2014-08-22,SZ000905,buy,44000,44000,9.040944716453552,397801.5675239563,119.34047025718688,0.0,filled
2014-08-22,SZ002440,buy,5000,5000,10.523932570457458,52619.662852287285,15.785898855686185,0.0,filled
2014-08-22,SZ002475,buy,1400,1400,4.541906620502472,6358.66926870346,5.0,0.0,filled
2014-08-22,SZ002595,buy,35700,23200,11.14448945045471,258552.1552505493,77.56564657516478,0.0,partial_volume_or_cash
2014-09-23,SH600081,sell,30100,30100,12.750414693832397,383787.48228435515,115.13624468530654,383.7874822843552,filled
2014-09-23,SH600180,sell,100,100,11.40272656059265,1140.272656059265,5.0,1.140272656059265,filled
2014-09-23,SH600483,sell,66300,66300,6.758209619522095,448069.2977743149,134.42078933229445,448.06929777431486,filled
2014-09-23,SH600563,sell,12900,12900,28.254904678344726,364488.270350647,109.34648110519409,364.488270350647,filled
2014-09-23,SH600570,sell,32300,32300,14.978413842201233,483802.76710309985,145.14083013092994,483.8027671030999,filled
2014-09-23,SH600885,sell,25300,25300,14.395605091094971,364208.80880470277,109.26264264141082,364.20880880470276,filled
2014-09-23,SH600886,sell,11400,11400,5.420937104701996,61798.68299360275,18.539604898080825,61.79868299360275,filled
2014-09-23,SH601515,sell,52600,52600,8.14552712059021,428454.726543045,128.5364179629135,428.454726543045,filled
2014-09-23,SZ000600,sell,73300,73300,5.366453392982483,393361.033705616,118.00831011168479,393.361033705616,filled
2014-09-23,SZ000673,sell,2100,2100,8.79545408821106,18470.453585243224,5.541136075572966,18.470453585243224,filled
2014-09-23,SZ000700,sell,74900,74900,5.474281838893891,410023.7097331524,123.00711291994571,410.02370973315243,filled
2014-09-23,SZ000905,sell,44000,44000,9.561982629776,420727.23571014404,126.21817071304321,420.72723571014404,filled
2014-09-23,SZ000977,sell,24900,24900,16.577049545288087,412768.5336776734,123.830560103302,412.76853367767336,filled
2014-09-23,SZ002085,sell,11000,11000,4.419997365474701,48619.97102022171,14.585991306066513,48.61997102022171,filled
2014-09-23,SZ002198,sell,44500,44500,9.897847143173218,440454.1978712082,132.13625936136245,440.4541978712082,filled
2014-09-23,SZ002210,sell,85500,85500,4.905940150737762,419457.88288807863,125.83736486642358,419.45788288807864,filled
2014-09-23,SZ002440,sell,37800,37800,10.708675289154053,404787.9259300232,121.43637777900695,404.7879259300232,filled
2014-09-23,SZ002504,sell,5000,5000,5.768801610946655,28844.008054733273,8.653202416419981,28.844008054733273,filled
2014-09-23,SZ300124,sell,38500,38500,9.195891148567199,354041.8092198372,106.21254276595114,354.0418092198372,filled
2014-09-23,SZ300267,sell,42900,42900,8.621178617477417,369848.5626897812,110.95456880693435,369.8485626897812,filled
2014-09-23,SH600323,buy,800,800,12.093986315727232,9675.189052581785,5.0,0.0,filled
2014-09-23,SH600382,buy,58000,58000,7.083479066848754,410841.7858772277,123.25253576316831,0.0,filled
2014-09-23,SH600446,buy,31900,31900,12.858278668403624,410179.0895220756,123.05372685662267,0.0,filled
2014-09-23,SH600816,buy,156400,156400,2.6289395227432246,411166.1413570403,123.34984240711209,0.0,filled
2014-09-23,SH600982,buy,65500,65500,6.279183505535125,411286.5196125507,123.38595588376519,0.0,filled
2014-09-23,SZ000050,buy,17100,17100,23.935106950759884,409290.328857994,122.78709865739819,0.0,filled
2014-09-23,SZ000062,buy,1700,1700,10.537876821517942,17914.390596580502,5.374317178974151,0.0,filled
2014-09-23,SZ000151,buy,31300,31300,13.111807815551757,410399.58462677,123.11987538803099,0.0,filled
2014-09-23,SZ000531,buy,50200,50200,8.188945917129516,411085.0850399017,123.32552551197051,0.0,filled
2014-09-23,SZ000550,buy,20400,20400,20.074885381698607,409527.6617866516,122.85829853599546,0.0,filled
2014-09-23,SZ000753,buy,120500,120500,3.413778572320938,411360.31796467304,123.40809538940191,0.0,filled
2014-09-23,SZ002019,buy,29900,29900,13.722974974632262,410316.9517415046,123.09508552245137,0.0,filled
2014-09-23,SZ002030,buy,47400,47400,8.666660856246947,410799.7245861053,123.23991737583158,0.0,filled
2014-09-23,SZ002174,buy,24400,24400,16.838688856124875,410864.008089447,123.25920242683408,0.0,filled
2014-09-23,SZ002180,buy,30600,30600,13.410394449234007,410358.0701465606,123.10742104396817,0.0,filled
2014-09-23,SZ002410,buy,23400,23400,17.571444118499755,411171.7923728943,123.35153771186827,0.0,filled
2014-09-23,SZ002475,buy,3200,3200,4.528643496513366,14491.659188842772,5.0,0.0,filled
2014-09-23,SZ002595,buy,10400,10400,12.21650613594055,127051.66381378172,38.11549914413451,0.0,filled
2014-09-23,SZ002664,buy,25800,20600,15.9243786239624,328042.19965362543,98.41265989608762,0.0,partial_volume_or_cash
2014-09-23,SZ300017,buy,7500,100,8.139156339645385,813.9156339645385,5.0,0.0,partial_volume_or_cash
2014-09-23,SZ300296,buy,116600,100,3.526850677967071,352.6850677967071,5.0,0.0,partial_volume_or_cash
2014-10-29,SH600816,sell,156400,156400,3.667903017997742,573660.0320148468,172.09800960445403,573.6600320148468,filled
2014-10-29,SZ000050,sell,17100,17100,23.57776086616516,403179.71081142424,120.95391324342727,403.17971081142423,filled
2014-10-29,SZ000531,sell,1000,1000,8.657029495239257,8657.029495239258,5.0,8.657029495239257,filled
2014-10-29,SZ000753,sell,120500,120500,4.174925223827362,503078.4894711971,150.92354684135913,503.07848947119714,filled
2014-10-29,SZ002030,sell,3800,3800,9.784768730163574,37182.12117462158,11.154636352386472,37.18212117462158,filled
2014-10-29,SZ002085,sell,4600,4600,4.833972109794617,22236.27170505524,6.670881511516571,22.236271705055238,filled
2014-10-29,SZ002153,sell,33500,33500,18.646463579177855,624656.5299024582,187.39695897073744,624.6565299024583,filled
2014-10-29,SZ002174,sell,24400,24400,16.731689443588255,408253.2224235534,122.47596672706601,408.25322242355344,filled
2014-10-29,SZ002504,sell,71100,71100,5.753829606056214,409097.2849905968,122.72918549717903,409.09728499059685,filled
2014-10-29,SZ300286,sell,12100,12100,16.431144189834594,198816.8446969986,59.645053409099575,198.8168446969986,filled
2014-10-29,SH600382,buy,100,100,7.348238457679748,734.8238457679747,5.0,0.0,filled
2014-10-29,SH600398,buy,50800,50800,8.41370639514923,427416.2848735809,128.22488546207427,0.0,filled
2014-10-29,SH600446,buy,200,200,13.316888637542723,2663.3777275085445,5.0,0.0,filled
2014-10-29,SH600661,buy,15100,15100,28.21318446540832,426019.0854276657,127.8057256282997,0.0,filled
2014-10-29,SH600886,buy,2400,2400,5.472987279891967,13135.16947174072,5.0,0.0,filled
2014-10-29,SH600982,buy,3300,3300,6.206926280975341,20482.856727218626,6.144857018165587,0.0,filled
2014-10-29,SH600988,buy,79700,79700,5.3601984601020805,427207.8172701358,128.16234518104073,0.0,filled
2014-10-29,SZ000062,buy,1800,1800,10.473651359558104,18852.572447204588,5.655771734161376,0.0,filled
2014-10-29,SZ000550,buy,2200,2200,18.865954040527342,41505.09888916015,12.451529666748044,0.0,filled
2014-10-29,SZ000600,buy,67400,67400,6.343898214340209,427578.73964653007,128.27362189395902,0.0,filled
2014-10-29,SZ000673,buy,800,800,9.003221636772155,7202.577309417724,5.0,0.0,filled
2014-10-29,SZ002019,buy,3700,3700,12.69144406223297,46958.34303026199,14.087502909078596,0.0,filled
2014-10-29,SZ002104,buy,30500,30500,13.979720263481138,426381.4680361747,127.91444041085241,0.0,filled
2014-10-29,SZ002180,buy,2200,2200,13.009948054313659,28621.88571949005,8.586565715847014,0.0,filled
2014-10-29,SZ002198,buy,39700,39700,10.756135328292846,427018.572533226,128.10557175996777,0.0,filled
2014-10-29,SZ002219,buy,46900,46900,9.112521768569945,427377.2709459304,128.2131812837791,0.0,filled
2014-10-29,SZ002410,buy,3000,900,16.143511569976805,14529.160412979125,5.0,0.0,partial_volume_or_cash
2014-11-24,SH600180,sell,36000,36000,11.828762271881104,425835.4417877197,127.7506325363159,425.83544178771973,filled
2014-11-24,SH600323,sell,34000,34000,12.813843023300171,435670.6627922058,130.70119883766174,435.6706627922058,filled
2014-11-24,SH600398,sell,1200,1200,8.474688291549683,10169.62594985962,5.0,10.16962594985962,filled
2014-11-24,SH600446,sell,32100,32100,16.64152777290344,534193.0415102005,160.25791245306013,534.1930415102005,filled
2014-11-24,SH600661,sell,15100,15100,25.354796367645264,382857.42515144346,114.85722754543303,382.85742515144346,filled
2014-11-24,SH600886,sell,7400,7400,5.946590239048004,44004.76776895523,13.201430330686568,44.00476776895523,filled
2014-11-24,SH600982,sell,68800,68800,6.168082544803619,424364.079082489,127.30922372474669,424.364079082489,filled
2014-11-24,SH600988,sell,79700,79700,5.050083449363709,402491.6509142876,120.74749527428627,402.4916509142876,filled
2014-11-24,SZ000062,sell,40800,40800,10.182507685661315,415446.31357498164,124.63389407249448,415.4463135749817,filled
2014-11-24,SZ000151,sell,800,800,13.781989165306092,11025.591332244874,5.0,11.025591332244874,filled
2014-11-24,SZ000531,sell,4900,4900,9.487275993347168,46487.652367401126,13.946295710220337,46.487652367401125,filled
2014-11-24,SZ000550,sell,22600,22600,20.698278957366945,467781.10443649295,140.33433133094786,467.78110443649297,filled
2014-11-24,SZ000600,sell,67400,67400,6.968573195457458,469681.8333738327,140.9045500121498,469.6818333738327,filled
2014-11-24,SZ000673,sell,47400,47400,9.109963368415832,431812.26366291044,129.54367909887313,431.8122636629104,filled
2014-11-24,SZ002019,sell,33600,33600,10.555064329147338,354650.16145935055,106.39504843780516,354.65016145935056,filled
2014-11-24,SZ002030,sell,43600,43600,8.877762482643128,387070.44424324034,116.12113327297209,387.07044424324033,filled
2014-11-24,SZ002085,sell,88200,88200,4.567896765232086,402888.49469346995,120.86654840804097,402.88849469346997,filled
2014-11-24,SZ002410,sell,24300,24300,14.83597257900238,360514.13366975787,108.15424010092735,360.5141336697579,filled
2014-11-24,SZ002664,sell,20600,20600,15.35687640094757,316351.6538595199,94.90549615785596,316.35165385951996,filled
2014-11-24,SH600382,buy,1300,1300,7.095382323265075,9223.997020244598,5.0,0.0,filled
2014-11-24,SH600816,buy,109000,109000,3.864448423147201,421224.8781230449,126.36746343691347,0.0,filled
2014-11-24,SZ000065,buy,51600,51600,8.162009179115294,421159.6736423492,126.34790209270474,0.0,filled
2014-11-24,SZ000681,buy,17900,17900,23.43415063858032,419471.2964305877,125.8413889291763,0.0,filled
2014-11-24,SZ000887,buy,25200,25200,16.693732414245602,420682.0568389892,126.20461705169674,0.0,filled
2014-11-24,SZ000908,buy,26400,26400,15.935248018264769,420690.5476821899,126.20716430465696,0.0,filled
2014-11-24,SZ000957,buy,64200,64200,6.564301770210266,421428.17364749906,126.4284520942497,0.0,filled
2014-11-24,SZ000977,buy,26700,26700,15.747460282325743,420457.18953809736,126.13715686142919,0.0,filled
2014-11-24,SZ002002,buy,111100,111100,3.7937505834102625,421485.68981688016,126.44570694506403,0.0,filled
2014-11-24,SZ002074,buy,27600,27600,15.235997334480285,420513.52643165586,126.15405792949674,0.0,filled
2014-11-24,SZ002104,buy,2400,2400,12.793172084808349,30703.61300354004,9.211083901062011,0.0,filled
2014-11-24,SZ002198,buy,2300,2300,10.016530610084532,23038.020403194423,6.911406120958326,0.0,filled
2014-11-24,SZ002219,buy,3500,3500,8.363198937416076,29271.196280956265,8.78135888428688,0.0,filled
2014-11-24,SZ002475,buy,9900,9900,4.184683394432067,41428.365604877465,12.428509681463238,0.0,filled
2014-11-24,SZ002568,buy,27400,27400,15.35247817802429,420657.90207786555,126.19737062335966,0.0,filled
2014-11-24,SZ002581,buy,20300,20300,20.757860612869262,421384.57044124603,126.41537113237379,0.0,filled
2014-11-24,SZ002595,buy,2000,2000,11.815693163871764,23631.386327743527,7.0894158983230575,0.0,filled
2014-11-24,SZ300017,buy,19400,19400,6.738012561798095,130717.44369888304,39.21523310966491,0.0,filled
2014-11-24,SZ300025,buy,44000,44000,9.56194535255432,420725.5955123901,126.21767865371702,0.0,filled
2014-11-24,SZ300202,buy,1800,1800,26.459091808319087,47626.36525497436,14.287909576492305,0.0,filled
2014-11-24,SZ300234,buy,45700,45700,9.211265624046325,420954.83901891706,126.2864517056751,0.0,filled
2014-11-24,SZ300284,buy,63900,63900,6.58661285829544,420884.5616450786,126.26536849352357,0.0,filled
2014-12-22,SH600382,sell,9700,9700,8.652363069534301,83927.92177448272,25.178376532344814,83.92792177448273,filled
2014-12-22,SH600396,sell,82800,82800,6.867526215076446,568631.1706083297,170.5893511824989,568.6311706083297,filled
2014-12-22,SH600816,sell,9900,9900,4.338378264427185,42949.94481782913,12.884983445348738,42.94994481782913,filled
2014-12-22,SH600886,sell,17700,17700,8.115019100189208,143635.83807334898,43.090751422004686,143.635838073349,filled
2014-12-22,SZ000151,sell,6400,6400,17.783715969085694,113815.78220214845,34.14473466064453,113.81578220214845,filled
2014-12-22,SZ000531,sell,7500,7500,11.675139879226684,87563.54909420013,26.269064728260037,87.56354909420014,filled
2014-12-22,SZ002002,sell,111100,111100,3.4070385789871214,378521.9861254692,113.55659583764076,378.5219861254692,filled
2014-12-22,SZ300017,sell,62500,62500,6.5212175016403195,407576.09385252,122.27282815575599,407.57609385252,filled
2014-12-22,SZ300202,sell,15900,15900,30.361339530944825,482745.2985420227,144.8235895626068,482.74529854202274,filled
2014-12-22,SZ300284,sell,63900,63900,6.057678418636322,387085.650950861,116.12569528525829,387.085650950861,filled
2014-12-22,SH600081,buy,31700,31700,13.565450855255126,430024.7921115875,129.00743763347623,0.0,filled
2014-12-22,SH600398,buy,5100,5100,7.871385574817657,40144.06643157005,12.043219929471013,0.0,filled
2014-12-22,SH600629,buy,38500,38500,11.166939436912536,429927.1683211326,128.97815049633977,0.0,filled
2014-12-22,SH600687,buy,42300,42300,10.176648453712462,430472.2295920371,129.14166887761112,0.0,filled
2014-12-22,SH600850,buy,14300,14300,30.012877792358395,429184.15243072505,128.7552457292175,0.0,filled
2014-12-22,SZ000065,buy,500,500,8.263678014755248,4131.8390073776245,5.0,0.0,filled
2014-12-22,SZ000600,buy,51600,51600,8.343797078132628,430539.9292316436,129.16197876949306,0.0,filled
2014-12-22,SZ000681,buy,400,400,23.474052179336546,9389.620871734618,5.0,0.0,filled
2014-12-22,SZ000887,buy,1600,1600,16.04614524269104,25673.832388305666,7.702149716491699,0.0,filled
2014-12-22,SZ000902,buy,60600,60600,7.105176329135894,430573.6855456352,129.17210566369053,0.0,filled
2014-12-22,SZ000908,buy,5900,5900,13.329823846817016,78645.9606962204,23.59378820886612,0.0,filled
2014-12-22,SZ002074,buy,8200,3200,12.010743709564208,38434.379870605466,11.530313961181639,0.0,partial_volume_or_cash
2014-12-22,SZ002085,buy,93800,200,4.591092873096466,918.2185746192932,5.0,0.0,partial_volume_or_cash
2015-01-26,SH600081,sell,900,900,14.558566051483155,13102.709446334839,5.0,13.102709446334838,filled
2015-01-26,SH600398,sell,2600,2600,8.606416211128234,22376.68214893341,6.713004644680023,22.376682148933412,filled
2015-01-26,SH600629,sell,1800,1800,12.20907501411438,21976.335025405882,6.592900507621764,21.976335025405884,filled
2015-01-26,SH600850,sell,14300,14300,30.734131496429445,439498.08039894106,131.8494241196823,439.49808039894106,filled
2015-01-26,SH600886,sell,2500,2500,8.870736167907715,22176.840419769287,6.6530521259307855,22.176840419769288,filled
2015-01-26,SZ000600,sell,1000,1000,8.862622798919677,8862.622798919678,5.0,8.862622798919677,filled
2015-01-26,SZ000902,sell,60600,60600,7.288153331279755,441662.09187555313,132.49862756266592,441.66209187555313,filled
2015-01-26,SZ000957,sell,64200,64200,7.360583918094635,472549.48754167557,141.76484626250266,472.5494875416756,filled
2015-01-26,SZ002074,sell,2400,2400,15.744244992256165,37786.1879814148,11.335856394424438,37.7861879814148,filled
2015-01-26,SZ002085,sell,200,200,5.613697261333465,1122.739452266693,5.0,1.122739452266693,filled
2015-01-26,SZ002104,sell,32900,32900,13.063499656677246,429789.1387046814,128.93674161140441,429.7891387046814,filled
2015-01-26,SZ002219,sell,50400,50400,8.63818372821808,435364.4599021912,130.60933797065735,435.3644599021912,filled
2015-01-26,SZ002475,sell,100700,100700,4.438484433174133,446955.3824206352,134.08661472619056,446.9553824206352,filled
2015-01-26,SZ002568,sell,27400,27400,15.540937265396119,425821.6810718537,127.74650432155609,425.8216810718537,filled
2015-01-26,SZ002595,sell,35600,35600,13.071873118400573,465358.6830150604,139.6076049045181,465.35868301506036,filled
2015-01-26,SZ300234,sell,45700,45700,8.723279783248902,398653.8860944748,119.59616582834244,398.65388609447484,filled
2015-01-26,SZ300296,sell,100,100,3.5636267910003663,356.36267910003664,5.0,0.35636267910003666,filled
2015-01-26,SH600027,buy,94700,94700,4.745226631164551,449372.96197128296,134.81188859138487,0.0,filled
2015-01-26,SH600266,buy,39800,39800,11.275060603141783,448747.412005043,134.62422360151288,0.0,filled
2015-01-26,SH600340,buy,27300,27300,16.413193977355956,448080.1955818176,134.42405867454528,0.0,filled
2015-01-26,SH600382,buy,3000,3000,8.528959587097168,25586.878761291504,7.676063628387451,0.0,filled
2015-01-26,SH600446,buy,20400,20400,22.03094295501709,449431.23628234863,134.8293708847046,0.0,filled
2015-01-26,SH600582,buy,69100,69100,6.504313901901244,449448.09062137594,134.83442718641277,0.0,filled
2015-01-26,SH600755,buy,42400,42400,10.594145459175108,449191.7674690246,134.75753024070735,0.0,filled
2015-01-26,SH600816,buy,6300,6300,4.264812958717346,26868.32163991928,8.060496491975783,0.0,filled
2015-01-26,SZ000065,buy,5700,5700,7.773574390888213,44309.37402806282,13.292812208418844,0.0,filled
2015-01-26,SZ000531,buy,2500,2500,11.412575719833372,28531.43929958343,8.55943178987503,0.0,filled
2015-01-26,SZ000631,buy,172500,172500,2.6055850262641904,449463.41703057283,134.83902510917184,0.0,filled
2015-01-26,SZ000671,buy,95500,95500,4.702888879776,449125.88801860804,134.7377664055824,0.0,filled
2015-01-26,SZ000681,buy,400,400,23.96153296279907,9584.613185119628,5.0,0.0,filled
2015-01-26,SZ000887,buy,1500,1500,15.84516932106018,23767.75398159027,7.130326194477081,0.0,filled
2015-01-26,SZ002153,buy,24400,17700,18.354254344940184,324870.3019054413,97.46109057163237,0.0,partial_volume_or_cash
2015-03-02,SH600081,sell,30800,30800,14.697514640808105,452683.4509368896,135.80503528106686,452.68345093688964,filled
2015-03-02,SH600398,sell,52100,52100,10.370658579826355,540311.3120089531,162.0933936026859,540.3113120089531,filled
2015-03-02,SH600446,sell,20400,20400,25.50839398956299,520371.237387085,156.1113712161255,520.371237387085,filled
2015-03-02,SH600629,sell,36700,36700,12.084226690292358,443491.1195337295,133.04733586011884,443.4911195337295,filled
2015-03-02,SZ000151,sell,1000,1000,20.520213563919068,20520.213563919067,6.15606406917572,20.520213563919068,filled
2015-03-02,SZ000600,sell,50600,50600,8.595369415283203,434925.6924133301,130.477707723999,434.92569241333007,filled
2015-03-02,SZ000631,sell,172500,172500,2.7048572659492494,466587.8783762455,139.97636351287363,466.5878783762455,filled
2015-03-02,SZ000671,sell,15300,15300,5.927412448883056,90689.41046791077,27.206823140373228,90.68941046791078,filled
2015-03-02,SZ000681,sell,18700,18700,28.65361064529419,535822.5190670014,160.7467557201004,535.8225190670014,filled
2015-03-02,SZ000908,sell,32300,32300,14.56054294681549,470305.53718214034,141.09166115464208,470.30553718214037,filled
2015-03-02,SZ000977,sell,26700,26700,21.289766040802,568436.7532894134,170.531025986824,568.4367532894134,filled
2015-03-02,SZ002074,sell,8200,8200,23.53185306930542,192961.19516830443,57.888358550491326,192.96119516830444,filled
2015-03-02,SZ002153,sell,17700,17700,22.779337142944335,403194.26743011473,120.95828022903441,403.19426743011473,filled
2015-03-02,SZ002198,sell,42000,42000,9.508827486991882,399370.754453659,119.81122633609769,399.370754453659,filled
2015-03-02,SZ300315,sell,100,100,13.616607341766358,1361.6607341766357,5.0,1.3616607341766358,filled
2015-03-02,SH600027,buy,9200,9200,4.584769417285918,42179.87863903045,12.653963591709134,0.0,filled
2015-03-02,SH600048,buy,59700,59700,7.983259860992431,476600.6137012481,142.9801841103744,0.0,filled
2015-03-02,SH600266,buy,2200,2200,11.335217440605163,24937.47836933136,7.481243510799407,0.0,filled
2015-03-02,SH600297,buy,74500,74500,6.396606566905975,476547.1892344951,142.96415677034852,0.0,filled
2015-03-02,SH600340,buy,2700,2700,15.862797481536864,42829.55320014953,12.848865960044858,0.0,filled
2015-03-02,SH600382,buy,1300,1300,8.822810311317443,11469.653404712677,5.0,0.0,filled
2015-03-02,SH600582,buy,1900,1900,6.706769974231719,12742.862951040266,5.0,0.0,filled
2015-03-02,SH600755,buy,3200,3200,10.43623471546173,33395.95108947754,10.018785326843261,0.0,filled
2015-03-02,SH600816,buy,300,300,4.509024936676025,1352.7074810028075,5.0,0.0,filled
2015-03-02,SH600886,buy,4400,4400,8.674604315757751,38168.25898933411,11.450477696800231,0.0,filled
2015-03-02,SH601009,buy,118500,118500,4.019840619564056,476351.1134183407,142.90533402550219,0.0,filled
2015-03-02,SH601318,buy,15700,15700,30.19248341178894,474021.9895650863,142.2065968695259,0.0,filled
2015-03-02,SH601669,buy,65800,65800,7.243260881423949,476606.56599769584,142.98196979930873,0.0,filled
2015-03-02,SH601818,buy,158300,158300,3.0104919204711913,476560.8710105896,142.96826130317686,0.0,filled
2015-03-02,SZ000029,buy,77300,77300,6.163663972377776,476451.2250648021,142.9353675194406,0.0,filled
2015-03-02,SZ000065,buy,1500,1500,8.030964530944823,12046.446796417235,5.0,0.0,filled
2015-03-02,SZ000531,buy,2700,2700,11.334267585754393,30602.52248153686,9.180756744461057,0.0,filled
2015-03-02,SZ000540,buy,105800,105800,4.50537252998352,476668.4136722564,143.00052410167692,0.0,filled
2015-03-02,SZ000656,buy,116900,116900,4.074945088386535,476361.0808323859,142.90832424971578,0.0,filled
2015-03-02,SZ000672,buy,67200,67200,7.088570575237274,476351.9426559448,142.90558279678342,0.0,filled
2015-03-02,SZ000887,buy,1100,1100,16.19192266464233,17811.114931106564,5.343334479331968,0.0,filled
2015-03-02,SZ000902,buy,65200,65200,7.306051537513732,476354.56024589535,142.9063680737686,0.0,filled
2015-03-02,SZ002252,buy,32500,1700,14.658771973609923,24919.91235513687,7.47597370654106,0.0,partial_volume_or_cash
2015-03-02,SZ002677,buy,76300,200,6.24459256029129,1248.9185120582579,5.0,0.0,partial_volume_or_cash
2015-03-23,SH600027,sell,900,900,5.111889295578003,4600.700366020203,5.0,4.600700366020202,filled
2015-03-23,SH600266,sell,2200,2200,13.213278774261475,29069.213303375247,8.720763991012573,29.069213303375246,filled
2015-03-23,SH600297,sell,3200,3200,7.387097657203674,23638.712503051756,7.091613750915526,23.638712503051757,filled
2015-03-23,SH600340,sell,30000,30000,15.840606016159057,475218.1804847717,142.56545414543152,475.2181804847717,filled
2015-03-23,SH600382,sell,54000,54000,9.137225469589234,493410.17535781866,148.0230526073456,493.4101753578187,filled
2015-03-23,SH600582,sell,71000,71000,6.909081984043121,490544.8208670616,147.16344626011846,490.5448208670616,filled
2015-03-23,SH600687,sell,42300,42300,12.494357683181763,528511.3299985885,158.55339899957656,528.5113299985885,filled
2015-03-23,SH600755,sell,1800,1800,12.016996052742005,21630.59289493561,6.489177868480683,21.63059289493561,filled
2015-03-23,SH600816,sell,105700,105700,4.802223170757293,507594.9891490459,152.27849674471375,507.5949891490459,filled
2015-03-23,SH601009,sell,118500,118500,4.5445127134323124,538524.756541729,161.5574269625187,538.524756541729,filled
2015-03-23,SH601318,sell,100,100,33.58694675445557,3358.6946754455566,5.0,3.3586946754455567,filled
2015-03-23,SH601818,sell,6700,6700,3.4733207831382753,23271.249247026444,6.981374774107933,23.271249247026443,filled
2015-03-23,SZ000029,sell,77300,77300,7.520639556884766,581345.4377471925,174.40363132415771,581.3454377471925,filled
2015-03-23,SZ000065,sell,700,700,8.98547040939331,6289.8292865753165,5.0,6.2898292865753165,filled
2015-03-23,SZ000531,sell,42000,42000,13.448019613265991,564816.8237571716,169.44504712715147,564.8168237571716,filled
2015-03-23,SZ000540,sell,7600,7600,5.3597895884513855,40734.40087223053,12.220320261669158,40.73440087223053,filled
2015-03-23,SZ000656,sell,17500,17500,5.296315528392792,92685.52174687386,27.805656524062154,92.68552174687386,filled
2015-03-23,SZ000672,sell,67200,67200,7.847454653263092,527348.9526992798,158.2046858097839,527.3489526992797,filled
2015-03-23,SZ000902,sell,8400,8400,9.27148095703125,77880.4400390625,23.364132011718745,77.88044003906249,filled
2015-03-23,SZ002252,sell,1700,1700,14.582546030044556,24790.328251075745,7.437098475322723,24.790328251075746,filled
2015-03-23,SZ002581,sell,1300,1300,27.589084424972533,35865.809752464294,10.759742925739287,35.865809752464294,filled
2015-03-23,SZ002677,sell,200,200,7.564104101657867,1512.8208203315735,5.0,1.5128208203315736,filled
2015-03-23,SH600048,buy,4400,4400,8.22708903312683,36199.19174575806,10.859757523727415,0.0,filled
2015-03-23,SH600571,buy,21700,21700,24.221613721847532,525609.0177640915,157.68270532922745,0.0,filled
2015-03-23,SH600886,buy,2400,2400,9.201284033775329,22083.08168106079,6.624924504318236,0.0,filled
2015-03-23,SH601000,buy,122900,122900,4.29417063331604,527753.5708345413,158.3260712503624,0.0,filled
2015-03-23,SH601567,buy,47400,47400,11.117559394836425,526972.3153152466,158.09169459457397,0.0,filled
2015-03-23,SH601669,buy,800,800,7.924750711441039,6339.8005691528315,5.0,0.0,filled
2015-03-23,SH601766,buy,40700,40700,12.944493986129759,526840.9052354812,158.05227157064436,0.0,filled
2015-03-23,SZ000151,buy,2800,2800,20.368332298278805,57031.33043518065,17.109399130554195,0.0,filled
2015-03-23,SZ000333,buy,30000,30000,17.583420881271362,527502.6264381409,158.25078793144226,0.0,filled
2015-03-23,SZ000600,buy,53400,53400,9.872608030319213,527197.268819046,158.15918064571377,0.0,filled
2015-03-23,SZ000671,buy,5700,5700,6.142815851688384,35014.05035462379,10.504215106387136,0.0,filled
2015-03-23,SZ000732,buy,44700,44700,11.786910175323484,526874.8848369598,158.06246545108792,0.0,filled
2015-03-23,SZ000776,buy,23500,23500,22.458480737686155,527774.2973356247,158.3322892006874,0.0,filled
2015-03-23,SZ002074,buy,3900,3900,21.84118200302124,85180.60981178282,25.554182943534844,0.0,filled
2015-03-23,SZ002323,buy,54100,54100,9.756389709472655,527820.6832824707,158.34620498474118,0.0,filled
2015-03-23,SZ002568,buy,20600,3800,25.5316325302124,97020.20361480712,29.106061084442132,0.0,partial_volume_or_cash
2015-03-23,SZ300296,buy,111800,300,4.718665539264679,1415.5996617794037,5.0,0.0,partial_volume_or_cash
2015-04-23,SH600027,sell,103000,103000,6.9443879055976865,715271.9542765617,214.58158628296852,715.2719542765617,filled
2015-04-23,SH600048,sell,64100,64100,10.68158563041687,684689.6389097214,205.4068916729164,684.6896389097215,filled
2015-04-23,SH600266,sell,39800,39800,14.141548793792724,562833.6419929505,168.85009259788512,562.8336419929504,filled
2015-04-23,SH600297,sell,71300,71300,9.842047247886658,701737.9687743187,210.52139063229558,701.7379687743187,filled
2015-04-23,SH600571,sell,21700,21700,38.914556774139406,844445.8819988251,253.3337645996475,844.4458819988251,filled
2015-04-23,SH600755,sell,43800,43800,13.493943606376648,591034.7299592972,177.31041898778915,591.0347299592972,filled
2015-04-23,SH601000,sell,122900,122900,5.027272935390473,617851.8437594891,185.35555312784672,617.8518437594892,filled
2015-04-23,SH601318,sell,15600,15600,38.29164134216309,597349.6049377442,179.20488148132324,597.3496049377442,filled
2015-04-23,SH601567,sell,47400,47400,15.235652226448058,722169.915533638,216.65097466009138,722.169915533638,filled
2015-04-23,SH601766,sell,15000,15000,25.82928173446655,387439.2260169983,116.23176780509948,387.4392260169983,filled
2015-04-23,SH601818,sell,151600,151600,3.9983903760910033,606155.9810153961,181.8467943046188,606.155981015396,filled
2015-04-23,SZ000065,sell,58600,58600,14.47356050491333,848150.6455879211,254.44519367637633,848.1506455879212,filled
2015-04-23,SZ000151,sell,25900,25900,25.288243114471435,654965.4966648101,196.489648999443,654.9654966648101,filled
2015-04-23,SZ000333,sell,30000,30000,20.437241123199463,613117.2336959839,183.93517010879515,613.1172336959839,filled
2015-04-23,SZ000540,sell,18300,18300,8.314253946304321,152150.84721736907,45.645254165210716,152.15084721736906,filled
2015-04-23,SZ000656,sell,99400,99400,7.8699788746833805,782275.900143528,234.68277004305838,782.275900143528,filled
2015-04-23,SZ000732,sell,7100,7100,17.670187871932985,125458.33389072419,37.637500167217254,125.45833389072419,filled
2015-04-23,SZ000887,sell,29400,29400,22.81185159301758,670668.4368347168,201.20053105041504,670.6684368347169,filled
2015-04-23,SZ000902,sell,56800,56800,11.422329740524292,648788.3292617798,194.6364987785339,648.7883292617798,filled
2015-04-23,SZ002074,sell,24100,24100,25.442294231414795,613159.2909770965,183.94778729312895,613.1592909770966,filled
2015-04-23,SZ002323,sell,54100,54100,10.231254590034485,553510.8733208657,166.0532619962597,553.5108733208657,filled
2015-04-23,SZ002581,sell,2300,2300,39.80435593414307,91550.01864852906,27.465005594558715,91.55001864852906,filled
2015-04-23,SH600021,buy,37400,37400,17.771717433929442,664662.2320289612,199.39866960868835,0.0,filled
2015-04-23,SH600030,buy,20100,20100,33.11774805450439,665666.7358955382,199.70002076866146,0.0,filled
2015-04-23,SH600201,buy,43500,43500,15.296284955978392,665388.39558506,199.616518675518,0.0,filled
2015-04-23,SH600340,buy,37000,37000,18.000035810470578,666001.3249874114,199.8003974962234,0.0,filled
2015-04-23,SH600446,buy,12700,12700,52.08810784912109,661518.9696838378,198.45569090515133,0.0,filled
2015-04-23,SH600705,buy,58800,58800,11.314150710105896,665272.0617542267,199.581618526268,0.0,filled
2015-04-23,SH600837,buy,24600,24600,26.981859460830684,663753.7427364348,199.12612282093042,0.0,filled
2015-04-23,SH600886,buy,3600,3600,10.929465223312377,39346.07480392456,11.803822441177367,0.0,filled
2015-04-23,SH600981,buy,65000,65000,10.239924060821533,665595.0639533997,199.67851918601988,0.0,filled
2015-04-23,SH601377,buy,40900,40900,16.273589179992673,665589.7974617003,199.67693923851007,0.0,filled
2015-04-23,SH601628,buy,18300,18300,36.26673740386963,663681.2944908142,199.10438834724425,0.0,filled
2015-04-23,SH601688,buy,23600,23600,28.153468666076655,664421.8605194091,199.3265581558227,0.0,filled
2015-04-23,SZ000686,buy,28500,28500,23.311190734863278,664368.9359436034,199.310680783081,0.0,filled
2015-04-23,SZ000776,buy,2200,2200,25.839072383880612,56845.95924453735,17.053787773361204,0.0,filled
2015-04-23,SZ000977,buy,24600,24600,27.0249723701477,664814.3203056335,199.44429609169003,0.0,filled
2015-04-23,SZ002030,buy,33100,33100,20.101028823852538,665344.054069519,199.6032162208557,0.0,filled
2015-04-23,SZ002081,buy,33600,33600,19.776781789779662,664499.8681365966,199.34996044097898,0.0,filled
2015-04-23,SZ002285,buy,44200,44200,15.062127120018003,665746.0187047957,199.7238056114387,0.0,filled
2015-04-23,SZ300208,buy,30400,30400,21.906871864318845,665968.9046752929,199.79067140258786,0.0,filled
2015-04-23,SZ300296,buy,127900,127900,5.1939394946098325,664304.8613605975,199.29145840817924,0.0,filled
2015-04-23,SZ300324,buy,50300,50300,13.2407561006546,666010.0318629264,199.8030095588779,0.0,filled
2015-05-25,SH600021,sell,37400,37400,27.930255592346192,1044591.5591537476,313.37746774612424,1044.5915591537475,filled
2015-05-25,SH600201,sell,43500,43500,19.87581809234619,864598.0870170592,259.3794261051177,864.5980870170592,filled
2015-05-25,SH600340,sell,37000,37000,20.044076179504394,741630.8186416626,222.48924559249875,741.6308186416626,filled
2015-05-25,SH600446,sell,1800,1800,69.37720861816406,124878.97551269531,37.46369265380859,124.8789755126953,filled
2015-05-25,SH600837,sell,24600,24600,24.628596490859984,605863.4736751555,181.75904210254666,605.8634736751555,filled
2015-05-25,SH600886,sell,60900,60900,9.996033579826355,608758.445011425,182.62753350342746,608.758445011425,filled
2015-05-25,SH600981,sell,7800,7800,13.276548952102662,103557.08182640075,31.067124547920223,103.55708182640076,filled
2015-05-25,SH601628,sell,18300,18300,33.9617851638794,621500.668498993,186.45020054969788,621.500668498993,filled
2015-05-25,SH601669,sell,66600,66600,14.454373663902283,962661.286015892,288.7983858047676,962.6612860158921,filled
2015-05-25,SZ000600,sell,53400,53400,12.712489743232727,678846.9522886276,203.65408568658827,678.8469522886277,filled
2015-05-25,SZ000671,sell,85900,85900,9.149271669387817,785922.4364004135,235.77673092012404,785.9224364004135,filled
2015-05-25,SZ000732,sell,37600,37600,17.182324401855467,646055.3975097656,193.81661925292966,646.0553975097656,filled
2015-05-25,SZ000977,sell,24600,24600,36.77134309387207,904575.0401092529,271.37251203277583,904.5750401092529,filled
2015-05-25,SZ002030,sell,33100,33100,23.50531979942322,778026.0853609085,233.40782560827253,778.0260853609085,filled
2015-05-25,SZ002180,sell,32800,25200,23.367019060134886,588848.8803153991,176.65466409461973,588.8488803153991,partial_volume_or_cash
2015-05-25,SZ002285,sell,7300,7300,20.572887582778932,150182.0793542862,45.05462380628585,150.1820793542862,filled
2015-05-25,SZ002568,sell,3800,3800,57.28233241653442,217672.8631828308,65.30185895484924,217.6728631828308,filled
2015-05-25,SZ002581,sell,16700,16700,41.42816156387329,691850.298116684,207.55508943500516,691.850298116684,filled
2015-05-25,SZ300208,sell,9700,9700,36.53543803024292,354393.74889335636,106.3181246680069,354.39374889335636,filled
2015-05-25,SZ300296,sell,128200,128200,6.5898110060691835,844813.7709780693,253.44413129342075,844.8137709780693,filled
2015-05-25,SZ300324,sell,50300,50300,15.149693006515504,762029.5582277299,228.60886746831895,762.0295582277299,filled
2015-05-25,SH600030,buy,6000,6000,29.0838758354187,174503.25501251218,52.35097650375365,0.0,filled
2015-05-25,SH600048,buy,75100,75100,10.123907166481017,760305.4282027243,228.09162846081728,0.0,filled
2015-05-25,SH600177,buy,82500,82500,9.226642771720885,761198.028666973,228.35940860009188,0.0,filled
2015-05-25,SH600550,buy,57700,57700,13.191090624809263,761125.9290514945,228.3377787154483,0.0,filled
2015-05-25,SH600570,buy,15000,15000,50.648521202087394,759727.8180313109,227.91834540939325,0.0,filled
2015-05-25,SH600687,buy,43500,43500,17.495933044433592,761073.0874328612,228.32192622985835,0.0,filled
2015-05-25,SH600705,buy,500,500,12.828585919380187,6414.292959690093,5.0,0.0,filled
2015-05-25,SH600856,buy,44300,44300,17.1803311214447,761088.6686800001,228.32660060400002,0.0,filled
2015-05-25,SH600999,buy,31600,31600,24.0720846118927,760677.8737358092,228.20336212074275,0.0,filled
2015-05-25,SH601099,buy,86700,86700,8.77451090812683,760750.0957345961,228.22502872037882,0.0,filled
2015-05-25,SH601377,buy,10900,10900,14.680597633361815,160018.51420364378,48.00555426109313,0.0,filled
2015-05-25,SH601555,buy,35800,35800,21.234903493881223,760209.5450809478,228.06286352428432,0.0,filled
2015-05-25,SH601688,buy,3300,3300,28.256608583450316,93246.80832538604,27.97404249761581,0.0,filled
2015-05-25,SZ000046,buy,43700,43700,17.419854921340942,761247.6600625992,228.37429801877974,0.0,filled
2015-05-25,SZ000408,buy,30900,30900,24.623785129547116,760874.9605030059,228.26248815090176,0.0,filled
2015-05-25,SZ000540,buy,10200,10200,8.442179129600524,86110.22712192535,25.8330681365776,0.0,filled
2015-05-25,SZ000686,buy,6500,6500,21.717557678222654,141164.12490844727,42.34923747253418,0.0,filled
2015-05-25,SZ000776,buy,5900,5900,24.016741008758544,141698.77195167542,42.50963158550262,0.0,filled
2015-05-25,SZ000958,buy,53200,53200,14.306569613456725,761109.5034358978,228.33285103076932,0.0,filled
2015-05-25,SZ002270,buy,48400,48400,15.719760796546934,760836.4225528716,228.25092676586146,0.0,filled
2015-05-25,SZ002354,buy,21900,21900,34.616468177795404,758100.6530937194,227.4301959281158,0.0,filled
2015-05-25,SZ002373,buy,23200,23200,32.80996071624755,761191.0886169432,228.35732658508294,0.0,filled
2015-05-25,SZ002673,buy,27100,27100,28.0152709903717,759213.8438390731,227.7641531517219,0.0,filled
2015-05-25,SZ300216,buy,10900,1700,69.61454316711425,118344.72338409422,35.503417015228266,0.0,partial_volume_or_cash
2015-05-25,SZ300253,buy,37400,200,20.313836404800412,4062.7672809600826,5.0,0.0,partial_volume_or_cash
2015-06-23,SH600177,sell,82500,82500,7.815206012248993,644754.4960105419,193.42634880316257,644.754496010542,filled
2015-06-23,SH600550,sell,57700,57700,13.984272717475891,806892.535798359,242.06776073950766,806.892535798359,filled
2015-06-23,SH600570,sell,3300,3300,62.74375776672363,207054.400630188,62.116320189056395,207.054400630188,filled
2015-06-23,SH600687,sell,7700,7700,20.546630601882935,158209.0556344986,47.46271669034957,158.2090556344986,filled
2015-06-23,SH600856,sell,44300,44300,13.668053303718567,605494.7613547326,181.64842840641975,605.4947613547325,filled
2015-06-23,SH600999,sell,31600,31600,20.037915887832643,633198.1420555115,189.95944261665343,633.1981420555115,filled
2015-06-23,SH601766,sell,25700,25700,17.8167887134552,457891.4699357986,137.36744098073956,457.8914699357986,filled
2015-06-23,SZ000408,sell,5600,5600,28.968517210006713,162223.69637603758,48.66710891281127,162.2236963760376,filled
2015-06-23,SZ000540,sell,8100,8100,8.968007992744445,72640.86474123,21.792259422369,72.64086474123,filled
2015-06-23,SZ000776,sell,31600,31600,21.163336200714113,668761.4239425659,200.62842718276977,668.7614239425659,filled
2015-06-23,SZ000958,sell,13300,13300,18.4182679309845,244962.96348209382,73.48888904462814,244.96296348209384,filled
2015-06-23,SZ002081,sell,33600,33600,21.45995052909851,721054.3377777099,216.31630133331296,721.05433777771,filled
2015-06-23,SZ002180,sell,7600,7600,31.457246463775636,239075.07312469484,71.72252193740844,239.07507312469485,filled
2015-06-23,SZ002373,sell,23200,23200,28.023557430267335,650146.5323822022,195.04395971466064,650.1465323822023,filled
2015-06-23,SZ300025,sell,44000,44000,13.975777307510375,614934.2015304565,184.48026045913696,614.9342015304566,filled
2015-06-23,SH600030,buy,3500,3500,24.825251729965206,86888.38105487822,26.066514316463465,0.0,filled
2015-06-23,SH600048,buy,7200,7200,8.951548578262328,64451.14976348876,19.335344929046624,0.0,filled
2015-06-23,SH600446,buy,3300,3300,51.75649299621581,170796.42688751218,51.23892806625365,0.0,filled
2015-06-23,SH600705,buy,2200,2200,11.968900455474852,26331.581002044673,7.899474300613401,0.0,filled
2015-06-23,SH600826,buy,18200,18200,40.493005348205564,736972.6973373413,221.09180920120235,0.0,filled
2015-06-23,SH600837,buy,36000,36000,20.43807360076904,735770.6496276854,220.73119488830562,0.0,filled
2015-06-23,SH601099,buy,4900,4900,8.041232509613037,39402.03929710388,11.820611789131164,0.0,filled
2015-06-23,SH601377,buy,5500,5500,12.86182702064514,70740.04861354828,21.222014584064482,0.0,filled
2015-06-23,SH601555,buy,4100,4100,18.46609856033325,75711.00409736633,22.713301229209897,0.0,filled
2015-06-23,SH601688,buy,4500,4500,23.408992372512813,105340.46567630766,31.602139702892295,0.0,filled
2015-06-23,SZ000046,buy,1100,1100,16.430276090621945,18073.30369968414,5.421991109905242,0.0,filled
2015-06-23,SZ000516,buy,72600,72600,10.151457730293274,736995.8312192917,221.09874936578748,0.0,filled
2015-06-23,SZ000686,buy,3800,3800,18.997371948242186,72190.0134033203,21.65700402099609,0.0,filled
2015-06-23,SZ000902,buy,58200,58200,12.666975037574767,737217.9471868514,221.1653841560554,0.0,filled
2015-06-23,SZ002270,buy,2000,2000,14.618127732276914,29236.25546455383,8.770876639366149,0.0,filled
2015-06-23,SZ002280,buy,32300,32300,22.796791351318358,736336.3606475829,220.90090819427485,0.0,filled
2015-06-23,SZ002285,buy,4200,4200,17.910258775711057,75223.08685798643,22.56692605739593,0.0,filled
2015-06-23,SZ002658,buy,26500,26500,27.792287075042722,736495.6074886321,220.9486822465896,0.0,filled
2015-06-23,SZ002673,buy,3500,3500,24.01657872200012,84058.02552700041,25.21740765810012,0.0,filled
2015-06-23,SZ300059,buy,43800,43800,16.807243410110473,736157.2613628387,220.8471784088516,0.0,filled
2015-06-23,SZ300072,buy,67200,67200,10.964783595085143,736833.4575897215,221.05003727691644,0.0,filled
2015-06-23,SZ300208,buy,5700,2300,27.88135577583313,64127.118284416196,19.238135485324857,0.0,partial_volume_or_cash
2015-06-23,SZ300253,buy,38800,100,18.883280538558957,1888.3280538558956,5.0,0.0,partial_volume_or_cash
2015-07-22,SH600030,sell,29600,29600,21.1353586063385,625606.6147476196,187.68198442428587,625.6066147476196,filled
2015-07-22,SH600048,sell,82300,82300,7.95210148859024,654457.9525109768,196.33738575329303,654.4579525109768,filled
2015-07-22,SH600705,sell,61500,61500,8.726446626663208,536676.4675397873,161.00294026193617,536.6764675397873,filled
2015-07-22,SH600826,sell,18200,18200,25.586858156204222,465680.81844291685,139.70424553287503,465.68081844291686,filled
2015-07-22,SH600837,sell,36000,36000,17.470124158859253,628924.4697189331,188.6773409156799,628.9244697189331,filled
2015-07-22,SH600981,sell,57200,57200,10.771264271736145,616116.3163433075,184.83489490299223,616.1163163433075,filled
2015-07-22,SH601099,sell,91600,91600,6.146093276023865,562982.144083786,168.8946432251358,562.9821440837861,filled
2015-07-22,SH601555,sell,39900,39900,14.562195917129516,581031.6170934677,174.3094851280403,581.0316170934677,filled
2015-07-22,SZ000408,sell,25300,25300,16.544432201385497,418574.1346950531,125.57224040851592,418.5741346950531,filled
2015-07-22,SZ000516,sell,9400,9400,9.50411247253418,89338.65724182129,26.801597172546384,89.3386572418213,filled
2015-07-22,SZ000686,sell,38800,38800,15.156619285583496,588076.8282806396,176.42304848419187,588.0768282806396,filled
2015-07-22,SZ000902,sell,58200,58200,13.091498210906982,761925.1958747864,228.5775587624359,761.9251958747864,filled
2015-07-22,SZ002280,sell,2300,2300,20.004677370071413,46010.75795116425,13.803227385349272,46.01075795116425,filled
2015-07-22,SZ002658,sell,26500,26500,24.95380577659607,661275.8530797958,198.38275592393873,661.2758530797959,filled
2015-07-22,SZ002673,sell,6100,6100,24.524212606430055,149597.69689922335,44.879309069767,149.59769689922334,filled
2015-07-22,SZ300072,sell,67200,67200,14.870875499725342,999322.833581543,299.79685007446284,999.322833581543,filled
2015-07-22,SZ300253,sell,300,300,16.304403762817383,4891.321128845215,5.0,4.891321128845215,filled
2015-07-22,SH600176,buy,96200,96200,6.259191686153411,602134.2402079582,180.64027206238742,0.0,filled
2015-07-22,SH600570,buy,5600,5600,34.69964300537109,194318.0008300781,58.29540024902342,0.0,filled
2015-07-22,SH600687,buy,1400,1400,16.184869873046875,22658.817822265624,6.797645346679687,0.0,filled
2015-07-22,SH601377,buy,2200,2200,10.11611835670471,22255.460384750364,6.676638115425108,0.0,filled
2015-07-22,SH601688,buy,600,600,18.817609769821164,11290.5658618927,5.0,0.0,filled
2015-07-22,SZ000006,buy,59100,59100,10.19075499153137,602273.6199995041,180.6820859998512,0.0,filled
2015-07-22,SZ000046,buy,5200,5200,12.042513729095457,62621.07139129638,18.786321417388912,0.0,filled
2015-07-22,SZ000540,buy,2300,2300,7.138141065597534,16417.724450874328,5.0,0.0,filled
2015-07-22,SZ000626,buy,22300,22300,26.981368782043454,601684.5238395691,180.5053571518707,0.0,filled
2015-07-22,SZ000783,buy,55700,55700,10.812871733665466,602276.9555651664,180.6830866695499,0.0,filled
2015-07-22,SZ000958,buy,2300,2300,14.258649197578428,32794.893154430385,9.838467946329114,0.0,filled
2015-07-22,SZ002285,buy,300,300,14.517161502838134,4355.14845085144,5.0,0.0,filled
2015-07-22,SZ002364,buy,26100,26100,23.041388044357298,601380.2279577255,180.41406838731766,0.0,filled
2015-07-22,SZ002631,buy,25900,25900,23.22781161689758,601600.3208776473,180.48009626329417,0.0,filled
2015-07-22,SZ300059,buy,1700,1700,13.224615250587462,22481.845925998685,6.744553777799605,0.0,filled
2015-07-22,SZ300216,buy,11000,11000,47.26539979171753,519919.3977088928,155.97581931266782,0.0,filled
2015-07-22,SZ300244,buy,11500,11500,52.209185226440425,600405.6301040649,180.12168903121946,0.0,filled
2015-07-22,SZ300348,buy,26700,26700,22.480343627929685,600225.1748657225,180.06755245971675,0.0,filled
2015-08-24,SH600176,sell,96200,96200,5.950346816539764,572423.3637511253,171.72700912533756,572.4233637511253,filled
2015-08-24,SH600687,sell,37200,37200,16.959696453094484,630900.7080551148,189.27021241653443,630.9007080551148,filled
2015-08-24,SZ000006,sell,59100,59100,9.925413162231445,586591.9178878784,175.9775753663635,586.5919178878784,filled
2015-08-24,SZ000046,sell,500,500,10.2244959897995,5112.24799489975,5.0,5.11224799489975,filled
2015-08-24,SZ000958,sell,4000,4000,13.247551946640014,52990.20778656006,15.897062335968016,52.99020778656006,filled
2015-08-24,SZ002270,sell,50400,50400,10.039812046051026,506006.5271209717,151.8019581362915,506.0065271209717,filled
2015-08-24,SZ002285,sell,41400,41400,10.118019930839539,418886.02513675694,125.66580754102708,418.8860251367569,filled
2015-08-24,SZ002354,sell,21900,21900,25.17160724258423,551258.1986125946,165.37745958377837,551.2581986125946,filled
2015-08-24,SZ002364,sell,26100,26100,18.092294563293457,472208.88810195925,141.66266643058776,472.20888810195925,filled
2015-08-24,SZ002631,sell,25900,25900,16.870920038223268,436956.82898998266,131.0870486969948,436.9568289899827,filled
2015-08-24,SZ300208,sell,23000,23000,20.272913961410524,466277.021112442,139.8831063337326,466.277021112442,filled
2015-08-24,SZ300348,sell,26700,26700,12.960219022750854,346037.8479074478,103.81135437223432,346.03784790744777,filled
2015-08-24,SH600086,buy,33000,33000,15.346681676864621,506440.49533653253,151.93214860095975,0.0,filled
2015-08-24,SH600376,buy,57300,57300,8.85242382621765,507243.8852422714,152.1731655726814,0.0,filled
2015-08-24,SH600518,buy,32800,32800,15.42667950248718,505995.0876815795,151.79852630447385,0.0,filled
2015-08-24,SH600570,buy,4100,4100,23.602321723937987,96769.51906814575,29.03085572044372,0.0,filled
2015-08-24,SH600571,buy,21400,21400,23.675677248001097,506659.4931072235,151.99784793216702,0.0,filled
2015-08-24,SH600816,buy,81300,81300,6.2331164999008175,506752.37144193647,152.02571143258092,0.0,filled
2015-08-24,SH601009,buy,113700,113700,4.457796734809875,506851.48874788283,152.05544662436483,0.0,filled
2015-08-24,SH601099,buy,111400,111400,4.5496037859916685,506825.8617594719,152.04775852784155,0.0,filled
2015-08-24,SH601377,buy,8000,8000,7.510003511905669,60080.028095245354,18.024008428573605,0.0,filled
2015-08-24,SH601567,buy,49000,49000,10.347127829551695,507009.2636480331,152.10277909440993,0.0,filled
2015-08-24,SH601688,buy,6800,6800,13.051881043434141,88752.79109535216,26.62583732860565,0.0,filled
2015-08-24,SH601766,buy,48200,48200,10.519493550300597,507039.58912448876,152.11187673734662,0.0,filled
2015-08-24,SZ000516,buy,8500,8500,7.071982004642486,60111.84703946113,18.03355411183834,0.0,filled
2015-08-24,SZ000540,buy,1400,1400,5.914436856269836,8280.21159877777,5.0,0.0,filled
2015-08-24,SZ000686,buy,44800,44800,11.315909134864805,506952.7292419433,152.08581877258297,0.0,filled
2015-08-24,SZ000783,buy,1500,1500,8.866719380378722,13300.079070568083,5.0,0.0,filled
2015-08-24,SZ000796,buy,23300,23300,21.726924488067624,506237.3405719756,151.87120217159267,0.0,filled
2015-08-24,SZ000828,buy,48600,48600,10.43339469718933,507062.9822834014,152.11889468502042,0.0,filled
2015-08-24,SZ000902,buy,45100,45100,11.225044778823852,506249.5195249557,151.8748558574867,0.0,filled
2015-08-24,SZ002085,buy,71500,71500,7.090783880233764,506991.0474367141,152.09731423101422,0.0,filled
2015-08-24,SZ002280,buy,7500,7500,13.521783307075498,101413.37480306624,30.42401244091987,0.0,filled
2015-08-24,SZ002673,buy,5500,5500,16.87930254936218,92836.16402149199,27.850849206447595,0.0,filled
2015-08-24,SZ300059,buy,14300,9200,8.481014350891112,78025.33202819823,23.407599608459467,0.0,partial_volume_or_cash
2015-09-24,SH600086,sell,33000,33000,10.654490255355835,351598.17842674255,105.47945352802276,351.59817842674255,filled
2015-09-24,SH600376,sell,57300,57300,6.831077028751373,391420.7137474537,117.4262141242361,391.4207137474537,filled
2015-09-24,SH600518,sell,32800,32800,12.732006225585938,417609.80419921875,125.28294125976561,417.6098041992188,filled
2015-09-24,SH600571,sell,21400,21400,22.11626453590393,473288.0610683441,141.98641832050322,473.2880610683441,filled
2015-09-24,SH601009,sell,113700,113700,4.584096350669861,521211.7550711632,156.36352652134894,521.2117550711632,filled
2015-09-24,SH601099,sell,111400,111400,4.042947691440582,450384.37282648083,135.11531184794424,450.38437282648084,filled
2015-09-24,SH601377,sell,67500,67500,6.840036890029907,461702.49007701874,138.5107470231056,461.70249007701875,filled
2015-09-24,SH601567,sell,49000,49000,9.081819047927857,445009.13334846497,133.50274000453948,445.00913334846496,filled
2015-09-24,SH601688,sell,38800,38800,12.618941150665282,489614.916645813,146.88447499374388,489.61491664581297,filled
2015-09-24,SH601766,sell,48200,48200,11.878915391921996,572563.7218906402,171.76911656719204,572.5637218906402,filled
2015-09-24,SZ000516,sell,71700,71700,6.345036589622498,454939.1234759331,136.4817370427799,454.9391234759331,filled
2015-09-24,SZ000686,sell,44800,44800,9.952627627372742,445877.71770629886,133.76331531188964,445.8777177062989,filled
2015-09-24,SZ000783,sell,57200,57200,8.577971783638,490659.98602409364,147.19799580722807,490.65998602409366,filled
2015-09-24,SZ000796,sell,4600,4600,25.119624898910523,115550.2745349884,34.66508236049652,115.5502745349884,filled
2015-09-24,SZ000828,sell,48600,48600,8.921908699035644,433604.7627731323,130.0814288319397,433.60476277313234,filled
2015-09-24,SZ002085,sell,10100,10100,7.673338286876678,77500.71669745445,23.250215009236335,77.50071669745445,filled
2015-09-24,SZ002280,sell,2500,2500,13.451164544105529,33627.911360263824,10.088373408079146,33.62791136026382,filled
2015-09-24,SZ300244,sell,11500,11500,38.8373902130127,446629.987449646,133.9889962348938,446.629987449646,filled
2015-09-24,SH600020,buy,102300,102300,4.615744231700897,472190.6349030018,141.65719047090053,0.0,filled
2015-09-24,SH600236,buy,116200,116200,4.066671804904938,472547.2637299538,141.76417911898614,0.0,filled
2015-09-24,SH600340,buy,31500,31500,14.991270812034605,472225.03057909006,141.667509173727,0.0,filled
2015-09-24,SH600570,buy,2900,2900,19.411964975357055,56294.698428535456,16.888409528560636,0.0,filled
2015-09-24,SH600687,buy,38900,38900,12.125140600204466,471667.96934795374,141.50039080438611,0.0,filled
2015-09-24,SH600816,buy,2500,2500,5.634750424861907,14086.876062154768,5.0,0.0,filled
2015-09-24,SZ000029,buy,34900,34900,13.512038464546203,471570.1424126625,141.47104272379875,0.0,filled
2015-09-24,SZ000046,buy,3400,3400,8.924124979972838,30342.02493190765,9.102607479572294,0.0,filled
2015-09-24,SZ000718,buy,85000,85000,5.554636611938476,472144.1120147705,141.64323360443115,0.0,filled
2015-09-24,SZ000732,buy,48500,48500,9.7346012802124,472128.1620903014,141.6384486270904,0.0,filled
2015-09-24,SZ000902,buy,4300,4300,9.556058161735534,41091.05009546279,12.327315028638838,0.0,filled
2015-09-24,SZ000958,buy,100,100,12.332892471313475,1233.2892471313476,5.0,0.0,filled
2015-09-24,SZ000997,buy,25800,25800,18.27112343025207,471394.98450050346,141.41849535015103,0.0,filled
2015-09-24,SZ002179,buy,23800,23800,19.839470300674435,472179.3931560516,141.65381794681545,0.0,filled
2015-09-24,SZ002285,buy,57400,57400,8.220628110885619,471864.0535648345,141.55921606945034,0.0,filled
2015-09-24,SZ002470,buy,56700,56700,8.332496191978453,472452.53408517834,141.7357602255535,0.0,filled
2015-09-24,SZ002673,buy,6000,6000,13.11289513683319,78677.37082099915,23.603211246299743,0.0,filled
2015-09-24,SZ300017,buy,29000,29000,16.265251459121703,471692.2923145294,141.50768769435882,0.0,filled
2015-09-24,SZ300024,buy,18500,18500,25.50064148712158,471761.8675117492,141.52856025352474,0.0,filled
2015-09-24,SZ300032,buy,20100,20100,23.513577596664426,472622.90969295497,141.78687290788648,0.0,filled
2015-09-24,SZ300072,buy,45200,22100,10.455514382362365,231066.86785020828,69.32006035506248,0.0,partial_volume_or_cash
2015-10-29,SH600446,sell,14200,14200,40.19583646774292,570780.8778419495,171.23426335258483,570.7808778419495,filled
2015-10-29,SH600570,sell,24300,24300,26.54734918785095,645100.5852647781,193.5301755794334,645.1005852647781,filled
2015-10-29,SH600687,sell,38900,38900,14.883860129356384,578982.1590319633,173.694647709589,578.9821590319633,filled
2015-10-29,SZ000540,sell,85700,85700,6.636558626174927,568753.0742631912,170.62592227895735,568.7530742631913,filled
2015-10-29,SZ000718,sell,9900,9900,7.428732501983642,73544.45176963806,22.06333553089142,73.54445176963807,filled
2015-10-29,SZ000796,sell,18700,18700,26.335517469406128,492474.1766778946,147.74225300336838,492.4741766778946,filled
2015-10-29,SZ000902,sell,2000,2000,11.771642858505249,23543.285717010498,7.0629857151031485,23.543285717010498,filled
2015-10-29,SZ000997,sell,25800,25800,23.653370681762695,610256.9635894776,183.07708907684327,610.2569635894776,filled
2015-10-29,SZ002085,sell,61400,61400,10.1210657787323,621433.4388141632,186.43003164424894,621.4334388141632,filled
2015-10-29,SZ002179,sell,23800,23800,23.16353698539734,551292.1802524567,165.387654075737,551.2921802524567,filled
2015-10-29,SZ002280,sell,35000,35000,16.729637283325197,585537.3049163818,175.66119147491455,585.5373049163818,filled
2015-10-29,SZ002285,sell,57400,57400,11.646038074493408,668482.5854759216,200.54477564277647,668.4825854759216,filled
2015-10-29,SZ002470,sell,56700,56700,10.2732390832901,582492.6560225487,174.7477968067646,582.4926560225487,filled
2015-10-29,SZ002673,sell,2800,2800,16.80392091178894,47050.97855300903,14.115293565902707,47.05097855300903,filled
2015-10-29,SZ300017,sell,2300,2300,20.8850788936615,48035.68145542145,14.410704436626434,48.035681455421454,filled
2015-10-29,SZ300024,sell,18500,18500,37.09863693237305,686324.7832489014,205.8974349746704,686.3247832489013,filled
2015-10-29,SZ300059,sell,9200,9200,12.251356756210328,112712.48215713502,33.8137446471405,112.71248215713501,filled
2015-10-29,SZ300216,sell,12700,12700,48.966853271484375,621879.0365478515,186.56371096435544,621.8790365478516,filled
2015-10-29,SH600020,buy,9200,9200,5.014039849758148,46129.16661777496,13.838749985332486,0.0,filled
2015-10-29,SH600236,buy,4800,4800,4.622252885341644,22186.81384963989,6.656044154891966,0.0,filled
2015-10-29,SH600340,buy,2800,2800,16.29549789237976,45627.39409866333,13.688218229598998,0.0,filled
2015-10-29,SH600483,buy,42700,42700,13.086302064895628,558785.0981710433,167.63552945131298,0.0,filled
2015-10-29,SH600807,buy,41200,41200,13.57223539638519,559176.0983310698,167.75282949932094,0.0,filled
2015-10-29,SZ000006,buy,61800,61800,9.048852854728699,559219.1064222336,167.76573192667007,0.0,filled
2015-10-29,SZ000029,buy,9700,9700,12.516488435745238,121409.93782672881,36.42298134801864,0.0,filled
2015-10-29,SZ000046,buy,2400,2400,10.110232120513915,24264.557089233396,7.279367126770018,0.0,filled
2015-10-29,SZ000732,buy,1500,1500,11.183486958503721,16775.23043775558,5.032569131326674,0.0,filled
2015-10-29,SZ000838,buy,105500,105500,5.300539461135863,559206.9131498336,167.76207394495006,0.0,filled
2015-10-29,SZ000958,buy,3800,3800,13.274908871650695,50444.65371227264,15.13339611368179,0.0,filled
2015-10-29,SZ002036,buy,52400,52400,10.67168989086151,559196.550281143,167.7589650843429,0.0,filled
2015-10-29,SZ002074,buy,19000,19000,29.305760019302365,556809.440366745,167.04283211002348,0.0,filled
2015-10-29,SZ002244,buy,84200,84200,6.635280747890472,558690.6389723778,167.60719169171333,0.0,filled
2015-10-29,SZ002508,buy,30800,30800,18.151309980392455,559060.3473960876,167.71810421882626,0.0,filled
2015-10-29,SZ002568,buy,18800,18800,29.69461627578735,558258.7859848022,167.47763579544065,0.0,filled
2015-10-29,SZ002572,buy,31800,31800,17.534081888198852,557583.8040447235,167.27514121341704,0.0,filled
2015-10-29,SZ300032,buy,2200,2200,24.99453782081604,54987.98320579529,16.496394961738584,0.0,filled
2015-10-29,SZ300072,buy,25600,25600,11.706423580169677,299684.4436523437,89.9053330957031,0.0,filled
2015-10-29,SZ300182,buy,44500,44500,12.558346009254453,558846.3974118232,167.65391922354692,0.0,filled
2015-10-29,SZ300208,buy,25900,25900,21.53235984802246,557688.1200637817,167.3064360191345,0.0,filled
2015-10-29,SZ300253,buy,43400,43400,12.874941699981688,558772.4697792053,167.63174093376156,0.0,filled
2015-10-29,SZ300267,buy,38300,9100,14.584344402313231,132717.5340610504,39.81526021831512,0.0,partial_volume_or_cash
2015-11-23,SH600020,sell,111500,111500,5.61753339099884,626354.9730963707,187.90649192891118,626.3549730963707,filled
2015-11-23,SH600340,sell,600,600,18.670761766433717,11202.45705986023,5.0,11.20245705986023,filled
2015-11-23,SH600483,sell,42700,42700,16.02287671852112,684176.8358808517,205.2530507642555,684.1768358808517,filled
2015-11-23,SH600816,sell,83800,83800,6.744550940036774,565193.3687750817,169.55801063252449,565.1933687750817,filled
2015-11-23,SZ000006,sell,61800,61800,10.085756046295167,623299.7236610414,186.9899170983124,623.2997236610414,filled
2015-11-23,SZ000732,sell,50000,50000,11.896852263450622,594842.6131725311,178.45278395175933,594.8426131725312,filled
2015-11-23,SZ000838,sell,105500,105500,6.072850971221924,640685.777463913,192.20573323917387,640.6857774639129,filled
2015-11-23,SZ000902,sell,47400,47400,11.694993624687195,554342.697810173,166.3028093430519,554.342697810173,filled
2015-11-23,SZ002036,sell,52400,52400,16.813219465255738,881012.6999794007,264.3038099938202,881.0126999794007,filled
2015-11-23,SZ002074,sell,1000,1000,34.871080799102785,34871.08079910278,10.461324239730834,34.871080799102785,filled
2015-11-23,SZ002244,sell,84200,84200,7.2947070965766905,614214.3375317573,184.26430125952717,614.2143375317573,filled
2015-11-23,SZ002568,sell,900,900,35.18160294342041,31663.442649078366,9.49903279472351,31.663442649078366,filled
2015-11-23,SZ002572,sell,31800,31800,18.84863852119446,599386.7049739838,179.81601149219512,599.3867049739838,filled
2015-11-23,SZ002673,sell,33200,33200,31.950176502227784,1060745.8598739624,318.2237579621887,1060.7458598739624,filled
2015-11-23,SZ300032,sell,1700,1700,30.53124010848999,51903.10818443298,15.570932455329894,51.90310818443298,filled
2015-11-23,SZ300059,sell,45500,45500,13.354881643295288,607647.1147699356,182.29413443098068,607.6471147699356,filled
2015-11-23,SZ300072,sell,47700,47700,11.686637311935424,557452.5997793197,167.2357799337959,557.4525997793197,filled
2015-11-23,SZ300182,sell,44500,44500,15.157762550354004,674520.4334907532,202.35613004722595,674.5204334907531,filled
2015-11-23,SZ300253,sell,43400,43400,13.474521443367005,584794.230642128,175.4382691926384,584.794230642128,filled
2015-11-23,SZ300267,sell,9100,9100,15.172662148475647,138071.2255511284,41.421367665338515,138.07122555112838,filled
2015-11-23,SH600021,buy,43600,43600,14.468854462623595,630842.0545703887,189.2526163711166,0.0,filled
2015-11-23,SH600066,buy,39600,39600,15.937199277877806,631113.0914039611,189.3339274211883,0.0,filled
2015-11-23,SH600177,buy,104900,104900,6.022297409057616,631738.998210144,189.52169946304318,0.0,filled
2015-11-23,SH600236,buy,13500,13500,4.700202556610107,63452.73451423645,19.035820354270932,0.0,filled
2015-11-23,SH600681,buy,89900,89900,7.025680637836455,631608.6893414974,189.4826068024492,0.0,filled
2015-11-23,SH600687,buy,29300,29300,21.559910411834714,631705.3750667571,189.51161252002711,0.0,filled
2015-11-23,SZ000029,buy,3100,3100,13.248909578323362,41071.61969280242,12.321485907840726,0.0,filled
2015-11-23,SZ000031,buy,41100,41100,15.376392563819884,631969.7343729972,189.59092031189914,0.0,filled
2015-11-23,SZ000046,buy,600,600,11.296673380851745,6778.004028511047,5.0,0.0,filled
2015-11-23,SZ002027,buy,38500,38500,16.39682210731506,631277.6511316298,189.38329533948894,0.0,filled
2015-11-23,SZ002085,buy,54400,54400,11.608209543228147,631486.5991516112,189.44597974548336,0.0,filled
2015-11-23,SZ002252,buy,27300,27300,23.09672973823547,630540.7218538284,189.1622165561485,0.0,filled
2015-11-23,SZ002280,buy,22500,22500,28.03042093658447,630684.4710731505,189.20534132194513,0.0,filled
2015-11-23,SZ002354,buy,17800,17800,35.32223228836059,628735.7347328184,188.62072041984553,0.0,filled
2015-11-23,SZ002415,buy,43900,43900,14.39598198032379,631983.6089362144,189.5950826808643,0.0,filled
2015-11-23,SZ002508,buy,2700,2700,18.86479321289062,50934.94167480468,15.280482502441401,0.0,filled
2015-11-23,SZ300017,buy,4900,4900,19.973748273849484,97871.36654186247,29.36140996255874,0.0,filled
2015-11-23,SZ300166,buy,26200,26200,24.049870418548583,630106.6049659728,189.03198148979183,0.0,filled
2015-11-23,SZ300231,buy,34500,34500,18.29878091239929,631307.9414777756,189.39238244333265,0.0,filled
2015-11-23,SZ300237,buy,92300,92300,6.845009653568267,631794.391024351,189.53831730730528,0.0,filled
2015-11-23,SZ300392,buy,13100,8200,47.92898080062866,393017.642565155,117.90529276954649,0.0,partial_volume_or_cash
2015-12-22,SH600066,sell,3300,3300,17.343035036087038,57232.01561908722,17.169604685726163,57.23201561908722,filled
2015-12-22,SH600177,sell,104900,104900,6.332484495162964,664277.623542595,199.28328706277847,664.2776235425949,filled
2015-12-22,SH600236,sell,400,400,4.691888593196869,1876.7554372787476,5.0,1.8767554372787476,filled
2015-12-22,SH600340,sell,33700,33700,20.786070259094238,700490.5677314758,210.14717031944272,700.4905677314758,filled
2015-12-22,SH600681,sell,9200,9200,7.801388704776764,71772.77608394623,21.531832825183866,71.77277608394623,filled
2015-12-22,SH600687,sell,29300,29300,21.39821994781494,626967.8444709778,188.0903533412933,626.9678444709778,filled
2015-12-22,SH600807,sell,41200,41200,16.791152549743654,691795.4850494385,207.53864551483156,691.7954850494385,filled
2015-12-22,SZ000029,sell,500,500,13.326632523536682,6663.316261768341,5.0,6.663316261768341,filled
2015-12-22,SZ000046,sell,2200,2200,11.713465925216674,25769.62503547668,7.7308875106430035,25.769625035476682,filled
2015-12-22,SZ000718,sell,75100,75100,11.06352752494812,830870.9171236038,249.2612751370811,830.8709171236038,filled
2015-12-22,SZ000958,sell,42100,42100,12.2611821641922,516195.7691124916,154.85873073374745,516.1957691124916,filled
2015-12-22,SZ002085,sell,4200,4200,12.541646924972534,52674.91708488464,15.80247512546539,52.67491708488464,filled
2015-12-22,SZ002354,sell,17800,17800,39.83486585998535,709060.6123077392,212.71818369232176,709.0606123077392,filled
2015-12-22,SZ002508,sell,33500,33500,19.61710489654541,657173.0140342712,197.15190421028134,657.1730140342712,filled
2015-12-22,SZ300017,sell,2200,2200,21.375678577423095,47026.49287033081,14.107947861099243,47.02649287033081,filled
2015-12-22,SZ300208,sell,25900,25900,22.783167079925537,590084.0273700714,177.0252082110214,590.0840273700715,filled
2015-12-22,SZ300231,sell,5500,5500,21.653646257400514,119095.05441570282,35.728516324710846,119.09505441570282,filled
2015-12-22,SZ300392,sell,8200,8200,43.82710451889038,359382.2570549011,107.81467711647032,359.3822570549011,filled
2015-12-22,SH600021,buy,2500,2500,13.671944380760191,34179.860951900475,10.25395828557014,0.0,filled
2015-12-22,SH600201,buy,34700,34700,18.16672149467468,630385.2358652113,189.11557075956338,0.0,filled
2015-12-22,SH600446,buy,14100,14100,44.696530235290524,630221.0763175964,189.0663228952789,0.0,filled
2015-12-22,SH600743,buy,114400,114400,5.513084042072296,630696.8144130707,189.20904432392118,0.0,filled
2015-12-22,SH603019,buy,25600,25600,24.618080272674558,630222.8549804686,189.06685649414058,0.0,filled
2015-12-22,SZ000031,buy,3000,3000,14.277482098579405,42832.44629573821,12.849733888721463,0.0,filled
2015-12-22,SZ000540,buy,92900,92900,6.78584658384323,630405.1476390361,189.1215442917108,0.0,filled
2015-12-22,SZ000957,buy,51800,51800,12.16292573070526,630039.5528505325,189.01186585515973,0.0,filled
2015-12-22,SZ002027,buy,10600,10600,12.82415167236328,135936.00772705078,40.78080231811523,0.0,filled
2015-12-22,SZ002036,buy,36900,36900,17.052556074142455,629239.3191358566,188.77179574075697,0.0,filled
2015-12-22,SZ002074,buy,2200,2200,31.14020944213867,68508.46077270508,20.55253823181152,0.0,filled
2015-12-22,SZ002252,buy,1000,1000,22.246730884552,22246.730884552002,6.6740192653656,0.0,filled
2015-12-22,SZ002280,buy,5700,5700,22.367203027725218,127493.05725803375,38.24791717741012,0.0,filled
2015-12-22,SZ002415,buy,100,100,14.335846144676207,1433.5846144676207,5.0,0.0,filled
2015-12-22,SZ300032,buy,1800,1800,28.094018253326414,50569.232855987546,15.170769856796262,0.0,filled
2015-12-22,SZ300059,buy,49200,49200,12.804372735023497,629975.138563156,188.9925415689468,0.0,filled
2015-12-22,SZ300166,buy,3200,3200,21.44006259536743,68608.20030517578,20.582460091552733,0.0,filled
2015-12-22,SZ300207,buy,44900,44900,14.021338225364683,629558.0863188743,188.86742589566225,0.0,filled
2015-12-22,SZ300237,buy,4400,4400,6.521701496124267,28695.486582946774,8.608645974884032,0.0,filled
2015-12-22,SZ300287,buy,32900,24300,19.167307186126706,465765.56462287897,139.7296693868637,0.0,partial_volume_or_cash
2016-01-25,SH600021,sell,46100,46100,10.011139918327332,461513.55023489,138.45406507046698,461.51355023489003,filled
2016-01-25,SH600066,sell,36300,36300,13.938547842979432,505969.2867001534,151.790786010046,505.96928670015336,filled
2016-01-25,SH600201,sell,900,900,14.516770196914672,13065.093177223205,5.0,13.065093177223206,filled
2016-01-25,SH600236,sell,134100,134100,3.7992441329956055,509478.63823471067,152.8435914704132,509.4786382347107,filled
2016-01-25,SH603019,sell,25600,25600,16.356584272384644,418728.5573730469,125.61856721191405,418.7285573730469,filled
2016-01-25,SZ000031,sell,44100,44100,9.917920014381409,437380.27263422013,131.21408179026602,437.38027263422015,filled
2016-01-25,SZ000046,sell,53700,53700,8.870267429351806,476333.36095619196,142.90000828685757,476.333360956192,filled
2016-01-25,SZ000957,sell,51800,51800,9.876998757362365,511628.5356313705,153.48856068941114,511.6285356313705,filled
2016-01-25,SZ002036,sell,400,400,13.436557431221008,5374.622972488403,5.0,5.374622972488403,filled
2016-01-25,SZ002074,sell,400,400,24.785719179153443,9914.287671661377,5.0,9.914287671661377,filled
2016-01-25,SZ002252,sell,5400,5400,21.414486700057985,115638.22818031312,34.691468454093936,115.63822818031312,filled
2016-01-25,SZ002415,sell,44000,44000,10.41259734249115,458154.2830696106,137.44628492088316,458.1542830696106,filled
2016-01-25,SZ002568,sell,17900,17900,20.28141032409668,363037.24480133055,108.91117344039915,363.0372448013306,filled
2016-01-25,SZ300017,sell,1300,1300,17.409729291915895,22632.648079490664,6.789794423847199,22.632648079490664,filled
2016-01-25,SZ300166,sell,29400,29400,15.98900559425354,470076.7644710541,141.0230293413162,470.0767644710541,filled
2016-01-25,SZ300207,sell,1300,1300,11.23340237903595,14603.423092746734,5.0,14.603423092746734,filled
2016-01-25,SZ300231,sell,29000,29000,15.476236101150512,448810.84693336487,134.64325408000946,448.81084693336487,filled
2016-01-25,SZ300237,sell,96700,96700,4.967635004997254,480370.30498323444,144.1110914949703,480.37030498323446,filled
2016-01-25,SH600622,buy,80800,80800,6.082481930732726,491464.54000320425,147.43936200096127,0.0,filled
2016-01-25,SH600743,buy,7500,7500,4.033742389678955,30253.067922592163,9.075920376777647,0.0,filled
2016-01-25,SH600826,buy,20300,20300,24.150747867584226,490260.18171195977,147.07805451358792,0.0,filled
2016-01-25,SZ000029,buy,10300,10300,8.540062865257262,87962.6475121498,26.388794253644935,0.0,filled
2016-01-25,SZ000540,buy,17900,17900,4.4373490805625915,79428.54854207039,23.828564562621114,0.0,filled
2016-01-25,SZ000958,buy,63100,63100,7.787713386058806,491404.7146603107,147.4214143980932,0.0,filled
2016-01-25,SZ002027,buy,9900,9900,8.330646122932434,82473.39661703109,24.742018985109326,0.0,filled
2016-01-25,SZ002085,buy,400,400,9.706178186416626,3882.47127456665,5.0,0.0,filled
2016-01-25,SZ002210,buy,61700,61700,7.967983903884887,491624.6068696975,147.48738206090925,0.0,filled
2016-01-25,SZ002280,buy,2300,2300,16.115141935348507,37064.82645130157,11.11944793539047,0.0,filled
2016-01-25,SZ002701,buy,56300,56300,8.734806975364684,491769.6327130317,147.5308898139095,0.0,filled
2016-01-25,SZ002717,buy,41700,41700,11.775659884452818,491045.0171816825,147.31350515450475,0.0,filled
2016-01-25,SZ300032,buy,4500,4500,18.269185535430907,82211.33490943909,24.663400472831725,0.0,filled
2016-01-25,SZ300059,buy,4900,4900,9.089244119644164,44537.296186256404,13.36118885587692,0.0,filled
2016-01-25,SZ300072,buy,47700,47700,10.293362226486204,490993.3782033919,147.29801346101755,0.0,filled
2016-01-25,SZ300100,buy,16000,16000,30.739086215972897,491825.37945556635,147.54761383666988,0.0,filled
2016-01-25,SZ300113,buy,15000,15000,32.71801858520507,490770.2787780761,147.23108363342283,0.0,filled
2016-01-25,SZ300219,buy,43300,43300,11.356651702880859,491743.0187347412,147.52290562042234,0.0,filled
2016-01-25,SZ300230,buy,55400,39900,8.86939806652069,353888.9828541755,106.16669485625265,0.0,partial_volume_or_cash
2016-02-29,SH600201,sell,33800,33800,13.425614481925964,453785.7694890976,136.13573084672927,453.7857694890976,filled
2016-02-29,SH600446,sell,14100,14100,26.52813662338257,374046.7263896942,112.21401791690825,374.0467263896942,filled
2016-02-29,SH600622,sell,3300,3300,6.087062705039978,20087.30692663193,6.026192077989578,20.08730692663193,filled
2016-02-29,SH600681,sell,80700,80700,5.568030502796173,449340.06157565117,134.80201847269535,449.3400615756512,filled
2016-02-29,SH600743,sell,121900,121900,3.8736244626045226,472194.8219914913,141.65844659744738,472.1948219914913,filled
2016-02-29,SH600826,sell,20300,20300,23.200935081481934,470978.98215408326,141.29369464622496,470.97898215408327,filled
2016-02-29,SZ000029,sell,6300,6300,9.219630088806152,58083.66955947876,17.425100867843625,58.083669559478764,filled
2016-02-29,SZ000540,sell,110800,110800,4.132486759185791,457879.53291778563,137.3638598753357,457.87953291778564,filled
2016-02-29,SZ000626,sell,22300,22300,29.683804624557496,661948.8431276322,198.58465293828962,661.9488431276321,filled
2016-02-29,SZ000958,sell,63100,63100,6.4499925827980045,406994.53197455406,122.09835959236621,406.9945319745541,filled
2016-02-29,SZ002027,sell,2100,2100,8.28787215900421,17404.53153390884,5.221359460172652,17.40453153390884,filled
2016-02-29,SZ002036,sell,36500,36500,14.254282321929931,520281.3047504425,156.08439142513274,520.2813047504425,filled
2016-02-29,SZ002074,sell,1900,1900,26.37658925628662,50115.51958694458,15.034655876083374,50.11551958694458,filled
2016-02-29,SZ002085,sell,7300,7300,10.891309930801391,79506.56249485015,23.851968748455043,79.50656249485016,filled
2016-02-29,SZ002210,sell,61700,61700,7.53200217962265,464724.5344827175,139.41736034481525,464.7245344827175,filled
2016-02-29,SZ002252,sell,22900,22900,20.93510244369507,479413.84596061707,143.8241537881851,479.4138459606171,filled
2016-02-29,SZ002280,sell,3700,3700,17.579022033691405,65042.3815246582,19.512714457397458,65.0423815246582,filled
2016-02-29,SZ002701,sell,56300,56300,8.08954525566101,455441.39789371483,136.63241936811443,455.44139789371485,filled
2016-02-29,SZ300017,sell,1300,1300,17.576373470306397,22849.285511398317,6.854785653419494,22.849285511398318,filled
2016-02-29,SZ300032,sell,1500,1500,18.528623468399047,27792.93520259857,8.33788056077957,27.79293520259857,filled
2016-02-29,SZ300059,sell,54100,54100,8.044762621879578,435221.6578436851,130.56649735310552,435.22165784368514,filled
2016-02-29,SZ300113,sell,1200,1200,33.97788233184814,40773.45879821777,12.23203763946533,40.77345879821777,filled
2016-02-29,SZ300207,sell,43600,43600,11.162012163162231,486663.73031387327,145.99911909416195,486.66373031387326,filled
2016-02-29,SZ300287,sell,24300,24300,11.925381483078002,289786.7700387955,86.93603101163863,289.7867700387955,filled
2016-02-29,SH600641,buy,57000,57000,8.290542201042175,472560.905459404,141.7682716378212,0.0,filled
2016-02-29,SH600666,buy,22900,22900,20.641800760269163,472697.23741016386,141.80917122304913,0.0,filled
2016-02-29,SH600807,buy,43100,43100,10.959734567642212,472364.5598653793,141.7093679596138,0.0,filled
2016-02-29,SH600816,buy,90000,90000,5.252188508033752,472696.9657230377,141.8090897169113,0.0,filled
2016-02-29,SZ000048,buy,19200,19200,24.52973517990112,470970.9154541015,141.29127463623044,0.0,filled
2016-02-29,SZ002364,buy,25000,25000,18.892063116073608,472301.5779018402,141.69047337055204,0.0,filled
2016-02-29,SZ002681,buy,47300,47300,9.98748032569885,472407.8194055556,141.72234582166666,0.0,filled
2016-02-29,SZ300072,buy,100,100,9.881764822006225,988.1764822006226,5.0,0.0,filled
2016-02-29,SZ300100,buy,1600,1600,26.801262937545772,42882.02070007323,12.864606210021968,0.0,filled
2016-02-29,SZ300182,buy,45200,45200,10.45425427341461,472532.2931583404,141.7596879475021,0.0,filled
2016-02-29,SZ300188,buy,28400,28400,16.631064905166625,472322.24330673215,141.69667299201964,0.0,filled
2016-02-29,SZ300219,buy,9000,9000,9.044234364509581,81398.10928058623,24.419432784175868,0.0,filled
2016-02-29,SZ300230,buy,33800,33800,6.412532148361206,216743.58661460876,65.02307598438263,0.0,filled
2016-02-29,SZ300231,buy,35900,35900,13.174008511543272,472946.90556440345,141.88407166932103,0.0,filled
2016-02-29,SZ300237,buy,103200,103200,4.583033426284789,472969.04959259025,141.89071487777707,0.0,filled
2016-02-29,SZ300267,buy,34300,34300,13.785530792236326,472843.706173706,141.8531118521118,0.0,filled
2016-02-29,SZ300296,buy,80100,80100,5.904046685218811,472914.1394860267,141.874241845808,0.0,filled
2016-02-29,SZ300300,buy,33100,33100,14.284219862937926,472807.67746324535,141.84230323897359,0.0,filled
2016-02-29,SZ300319,buy,66600,41100,7.096780375957488,291677.67345185275,87.50330203555582,0.0,partial_volume_or_cash
2016-03-22,SH600641,sell,57000,57000,9.184926286697388,523540.79834175116,157.06223950252533,523.5407983417512,filled
2016-03-22,SH600816,sell,2700,2700,5.901110690116882,15932.99886331558,5.0,15.93299886331558,filled
2016-03-22,SZ000029,sell,51200,51200,11.566077183723449,592183.1518066406,177.65494554199216,592.1831518066406,filled
2016-03-22,SZ002074,sell,1700,1700,31.62344476890564,53759.85610713959,16.127956832141876,53.75985610713959,filled
2016-03-22,SZ002085,sell,43300,43300,12.345553198814391,534562.4535086631,160.3687360525989,534.5624535086631,filled
2016-03-22,SZ002280,sell,2700,2700,21.35417186164856,57656.264026451114,17.296879207935334,57.65626402645111,filled
2016-03-22,SZ002364,sell,25000,25000,21.94865620422363,548716.4051055908,164.61492153167723,548.7164051055909,filled
2016-03-22,SZ002681,sell,47300,47300,10.883201325416564,514775.4226922035,154.43262680766102,514.7754226922035,filled
2016-03-22,SZ300032,sell,25400,25400,19.02176119995117,483152.73447875975,144.9458203436279,483.1527344787598,filled
2016-03-22,SZ300072,sell,400,400,10.851850147247314,4340.740058898926,5.0,4.340740058898926,filled
2016-03-22,SZ300100,sell,800,800,30.530763748168944,24424.610998535154,7.3273832995605455,24.424610998535154,filled
2016-03-22,SZ300113,sell,400,400,38.38874644088745,15355.498576354981,5.0,15.355498576354982,filled
2016-03-22,SZ300182,sell,2100,2100,11.94257142162323,25079.39998540878,7.523819995622634,25.07939998540878,filled
2016-03-22,SZ300188,sell,28400,28400,17.722400774002075,503316.1819816589,150.99485459449767,503.31618198165893,filled
2016-03-22,SZ300219,sell,52300,52300,10.906352437019349,570402.2324561119,171.12066973683358,570.402232456112,filled
2016-03-22,SZ300231,sell,35900,35900,14.095026492118835,506011.45106706617,151.80343532011983,506.01145106706616,filled
2016-03-22,SZ300237,sell,103200,103200,5.437738809585571,561174.645149231,168.35239354476928,561.174645149231,filled
2016-03-22,SZ300296,sell,8300,8300,7.168405873775482,59497.7687523365,17.84933062570095,59.497768752336505,filled
2016-03-22,SZ300300,sell,33100,33100,17.25186538696289,571036.7443084717,171.31102329254148,571.0367443084717,filled
2016-03-22,SZ300319,sell,41100,41100,7.589820413589478,311941.6189985275,93.58248569955825,311.94161899852753,filled
2016-03-22,SH600622,buy,11700,11700,5.784864721775055,67682.91724476813,20.30487517343044,0.0,filled
2016-03-22,SH600666,buy,2600,2600,20.191695571899412,52498.408486938475,15.749522546081542,0.0,filled
2016-03-22,SH600807,buy,1200,1200,11.63121035003662,13957.452420043943,5.0,0.0,filled
2016-03-22,SH601021,buy,11100,11100,46.42751516723632,515345.41835632315,154.60362550689692,0.0,filled
2016-03-22,SZ000048,buy,3300,3300,22.87655624771118,75492.6356174469,22.647790685234067,0.0,filled
2016-03-22,SZ000813,buy,71400,71400,7.228352933406829,516104.3994452476,154.83131983357427,0.0,filled
2016-03-22,SZ000957,buy,51500,51500,10.021711376190185,516118.1358737945,154.83544076213835,0.0,filled
2016-03-22,SZ002019,buy,27200,27200,18.96127746391296,515746.74701843254,154.72402410552974,0.0,filled
2016-03-22,SZ002027,buy,5600,5600,8.251533237457274,46208.58612976073,13.862575838928219,0.0,filled
2016-03-22,SZ002252,buy,23400,23400,22.025789873123166,515403.4830310821,154.6210449093246,0.0,filled
2016-03-22,SZ002504,buy,46000,46000,11.210859961509703,515699.55822944635,154.7098674688339,0.0,filled
2016-03-22,SZ002572,buy,26900,26900,19.158356594085692,515359.7923809051,154.60793771427151,0.0,filled
2016-03-22,SZ002643,buy,41200,41200,12.505873927116392,515242.00579719536,154.57260173915859,0.0,filled
2016-03-22,SZ002714,buy,83300,83300,6.197309358596801,516235.8695711135,154.87076087133403,0.0,filled
2016-03-22,SZ300017,buy,800,800,18.706059579849242,14964.847663879395,5.0,0.0,filled
2016-03-22,SZ300033,buy,8000,8000,64.4909783706665,515927.826965332,154.77834808959958,0.0,filled
2016-03-22,SZ300208,buy,35800,35800,14.404610862731932,515685.06888580316,154.70552066574095,0.0,filled
2016-03-22,SZ300230,buy,2300,2300,6.786281416893004,15608.44725885391,5.0,0.0,filled
2016-03-22,SZ300267,buy,1100,1100,14.579807055473326,16037.787761020658,5.0,0.0,filled
2016-03-22,SZ300367,buy,24200,23100,21.263330406188963,491182.93238296505,147.3548797148895,0.0,partial_volume_or_cash
2016-04-25,SH600666,sell,25500,25500,17.01109192085266,433782.84398174286,130.13485319452283,433.7828439817429,filled
2016-04-25,SH600807,sell,44300,44300,12.81629532623291,567761.8829521178,170.32856488563533,567.7618829521178,filled
2016-04-25,SH601021,sell,11100,11100,45.08902492904663,500488.17671241757,150.14645301372525,500.48817671241756,filled
2016-04-25,SZ000813,sell,71400,71400,7.1317004055976865,509203.4089596748,152.76102268790243,509.20340895967485,filled
2016-04-25,SZ000957,sell,9000,9000,12.238613164901734,110147.5184841156,33.04425554523468,110.14751848411561,filled
2016-04-25,SZ002019,sell,27200,27200,17.458392356872558,474868.2721069336,142.46048163208008,474.8682721069336,filled
2016-04-25,SZ002252,sell,23400,23400,20.494351009368895,479567.81361923215,143.87034408576963,479.56781361923214,filled
2016-04-25,SZ002572,sell,3900,3900,22.56123652267456,87988.82243843078,26.396646731529234,87.98882243843079,filled
2016-04-25,SZ002643,sell,8000,8000,15.65518657207489,125241.49257659912,37.572447772979736,125.24149257659913,filled
2016-04-25,SZ300033,sell,500,500,69.18963697814941,34594.81848907471,10.37844554672241,34.594818489074704,filled
2016-04-25,SZ300072,sell,7000,7000,12.864598262786865,90052.18783950806,27.015656351852414,90.05218783950806,filled
2016-04-25,SZ300100,sell,3100,3100,37.81905379486084,117239.06676406862,35.17172002922058,117.23906676406862,filled
2016-04-25,SZ300208,sell,35800,35800,14.734194385528564,527484.1590019226,158.24524770057675,527.4841590019226,filled
2016-04-25,SZ300230,sell,76000,76000,6.446743329048156,489952.4930076599,146.98574790229796,489.95249300765994,filled
2016-04-25,SZ300296,sell,4900,4900,7.772922364711762,38087.31958708763,11.426195876126288,38.08731958708763,filled
2016-04-25,SZ300367,sell,23100,23100,19.848276844024657,458495.19509696955,137.54855852909085,458.49519509696955,filled
2016-04-25,SH600066,buy,35100,35100,14.825032848358152,520358.6529773711,156.1075958932113,0.0,filled
2016-04-25,SH600276,buy,36600,36600,14.235324771881102,521012.8866508483,156.30386599525448,0.0,filled
2016-04-25,SH600622,buy,6800,6800,5.4285660529136655,36914.24915981293,11.074274747943877,0.0,filled
2016-04-25,SH600651,buy,42100,42100,12.371965394973753,520859.743128395,156.25792293851848,0.0,filled
2016-04-25,SH600743,buy,132000,132000,3.9494692625999446,521329.9426631927,156.3989827989578,0.0,filled
2016-04-25,SH600816,buy,2500,2500,5.806548619270324,14516.37154817581,5.0,0.0,filled
2016-04-25,SH600958,buy,31300,31300,16.651383207321164,521188.29438915243,156.35648831674573,0.0,filled
2016-04-25,SZ000048,buy,1500,1500,21.70487449073791,32557.311736106865,9.767193520832059,0.0,filled
2016-04-25,SZ000732,buy,52900,52900,9.851347510337828,521136.28329687106,156.3408849890613,0.0,filled
2016-04-25,SZ002027,buy,2700,2700,7.991816191673278,21577.903717517853,6.473371115255356,0.0,filled
2016-04-25,SZ002074,buy,1900,1900,28.673593908309932,54479.82842578887,16.34394852773666,0.0,filled
2016-04-25,SZ002504,buy,3800,3800,10.453756912231444,39724.27626647949,11.917282879943844,0.0,filled
2016-04-25,SZ002508,buy,21400,21400,24.28089993858337,519611.2586856841,155.88337760570522,0.0,filled
2016-04-25,SZ002635,buy,25800,25800,20.211922229766845,521467.59352798463,156.44027805839536,0.0,filled
2016-04-25,SZ002714,buy,4400,4400,5.943665178775786,26152.12678661346,7.845638035984037,0.0,filled
2016-04-25,SZ002749,buy,41800,41800,12.454392748832701,520593.6169012069,156.17808507036204,0.0,filled
2016-04-25,SZ300017,buy,300,300,18.660069421768185,5598.020826530455,5.0,0.0,filled
2016-04-25,SZ300113,buy,900,900,36.251310615539545,32626.179553985592,9.787853866195677,0.0,filled
2016-04-25,SZ300144,buy,36200,5900,14.398982376098632,84953.99601898192,25.486198805694574,0.0,partial_volume_or_cash
2016-05-24,SH600066,sell,35100,35100,15.752050632476807,552896.9771999359,165.86909315998076,552.8969771999359,filled
2016-05-24,SH600276,sell,36600,36600,13.944855806350708,510381.7225124359,153.11451675373075,510.38172251243594,filled
2016-05-24,SH600622,sell,96000,96000,4.861300425052643,466684.8408050537,140.0054522415161,466.68484080505374,filled
2016-05-24,SH600651,sell,42100,42100,10.46789515399933,440698.38598337176,132.20951579501153,440.6983859833718,filled
2016-05-24,SH600743,sell,132000,132000,3.5763870549201964,472083.09124946594,141.62492737483976,472.08309124946595,filled
2016-05-24,SH600958,sell,31300,31300,15.380384782791138,481406.0437013626,144.42181311040878,481.40604370136265,filled
2016-05-24,SZ000048,sell,3200,3200,25.106515462875365,80340.84948120116,24.102254844360345,80.34084948120116,filled
2016-05-24,SZ000732,sell,52900,52900,9.22509108352661,488007.3183185577,146.4021954955673,488.0073183185577,filled
2016-05-24,SZ000957,sell,4000,4000,13.563996202468871,54255.98480987549,16.276795442962644,54.25598480987549,filled
2016-05-24,SZ002027,sell,65200,65200,7.595810644626617,495246.85402965546,148.57405620889662,495.2468540296555,filled
2016-05-24,SZ002572,sell,600,600,23.298731855392457,13979.239113235475,5.0,13.979239113235476,filled
2016-05-24,SZ002635,sell,3100,3100,23.016764654159545,71351.97042789459,21.405591128368375,71.35197042789459,filled
2016-05-24,SZ002643,sell,33200,33200,18.22977596282959,605228.5619659424,181.5685685897827,605.2285619659424,filled
2016-05-24,SZ002714,sell,87700,87700,5.972101716041565,523753.32049684523,157.12599614905355,523.7533204968453,filled
2016-05-24,SZ002717,sell,41700,41700,8.5780441904068,357704.44273996353,107.31133282198905,357.70444273996355,filled
2016-05-24,SZ002749,sell,41800,41800,10.820617106437684,452301.7950490952,135.69053851472853,452.3017950490952,filled
2016-05-24,SZ300017,sell,4200,4200,22.007877319335936,92433.08474121093,27.729925422363277,92.43308474121093,filled
2016-05-24,SZ300033,sell,200,200,70.84660109710693,14169.320219421385,5.0,14.169320219421385,filled
2016-05-24,SZ300100,sell,13700,13700,41.22314751434326,564757.1209465027,169.42713628395077,564.7571209465027,filled
2016-05-24,SZ300296,sell,8300,8300,8.926005397796631,74085.84480171204,22.22575344051361,74.08584480171204,filled
2016-05-24,SH600816,buy,1400,1400,5.746132122993469,8044.584972190856,5.0,0.0,filled
2016-05-24,SZ000881,buy,28900,28900,18.138997188568112,524217.01874961844,157.2651056248855,0.0,filled
2016-05-24,SZ002091,buy,53900,53900,9.716472894668579,523717.8890226364,157.1153667067909,0.0,filled
2016-05-24,SZ002179,buy,23100,23100,22.63504873085022,522869.62568264006,156.860887704792,0.0,filled
2016-05-24,SZ002411,buy,29100,29100,17.993002111434933,523596.36144275655,157.07890843282695,0.0,filled
2016-05-24,SZ002504,buy,2900,2900,9.94129542350769,28829.7567281723,8.648927018451689,0.0,filled
2016-05-24,SZ002508,buy,1300,1300,23.010078155517576,29913.10160217285,8.973930480651854,0.0,filled
2016-05-24,SZ002699,buy,28700,28700,18.27024517250061,524356.0364507674,157.3068109352302,0.0,filled
2016-05-24,SZ300072,buy,1100,1100,12.612585107803344,13873.843618583678,5.0,0.0,filled
2016-05-24,SZ300136,buy,28200,28200,18.557798215866086,523329.9096874236,156.99897290622707,0.0,filled
2016-05-24,SZ300144,buy,32000,32000,13.802342745780944,441674.96786499023,132.50249035949705,0.0,filled
2016-05-24,SZ300182,buy,2700,2700,11.427295128822326,30853.69684782028,9.256109054346084,0.0,filled
2016-05-24,SZ300207,buy,46900,46900,11.165845433235168,523678.15081872937,157.1034452456188,0.0,filled
2016-05-24,SZ300230,buy,76000,76000,6.8950488662719716,524023.71383666986,157.20711415100095,0.0,filled
2016-05-24,SZ300267,buy,1400,1400,14.234061799049377,19927.68651866913,5.978305955600738,0.0,filled
2016-05-24,SZ300302,buy,20100,20100,26.050199819564817,523609.01637325285,157.08270491197584,0.0,filled
2016-05-24,SZ300324,buy,39500,39500,13.267593557357786,524069.9455156326,157.22098365468975,0.0,filled
2016-05-24,SZ300376,buy,82500,82500,6.3557188954353325,524346.8088734149,157.30404266202444,0.0,filled
2016-05-24,SZ300383,buy,32000,28400,16.371171253204345,464941.2635910034,139.482379077301,0.0,partial_volume_or_cash
2016-06-24,SZ000048,sell,20800,20800,23.250476554870605,483609.9123413086,145.08297370239256,483.60991234130864,filled
2016-06-24,SZ000881,sell,28900,28900,19.874097478866577,574361.417139244,172.3084251417732,574.361417139244,filled
2016-06-24,SZ000957,sell,10800,10800,19.609283060073853,211780.25704879762,63.53407711463928,211.78025704879764,filled
2016-06-24,SZ002074,sell,2800,2800,35.46011748504639,99288.32895812989,29.786498687438964,99.2883289581299,filled
2016-06-24,SZ002091,sell,1700,1700,10.410786220550538,17698.336574935915,5.309500972480774,17.698336574935915,filled
2016-06-24,SZ002179,sell,1300,1300,24.84405235862732,32297.268066215514,9.689180419864654,32.297268066215516,filled
2016-06-24,SZ002411,sell,29100,29100,17.0169892616272,495194.3875133515,148.55831625400543,495.1943875133515,filled
2016-06-24,SZ002508,sell,1100,1100,25.110554998397827,27621.61049823761,8.286483149471282,27.621610498237608,filled
2016-06-24,SZ002572,sell,200,200,24.441508832931518,4888.3017665863035,5.0,4.888301766586304,filled
2016-06-24,SZ002699,sell,28700,28700,18.464009954452514,529917.0856927872,158.97512570783616,529.9170856927872,filled
2016-06-24,SZ300017,sell,23700,23700,21.312593227386476,505108.45948905946,151.53253784671782,505.1084594890595,filled
2016-06-24,SZ300033,sell,7300,7300,73.10884769439697,533694.5881690979,160.10837645072937,533.6945881690979,filled
2016-06-24,SZ300072,sell,800,800,13.342950722694397,10674.360578155518,5.0,10.674360578155518,filled
2016-06-24,SZ300113,sell,14300,14300,34.98876085281372,500339.2801952362,150.10178405857084,500.3392801952362,filled
2016-06-24,SZ300136,sell,28200,28200,18.86721276283264,532055.3999118805,159.61661997356413,532.0553999118805,filled
2016-06-24,SZ300182,sell,45800,45800,10.977991312980652,502792.00213451387,150.83760064035414,502.7920021345139,filled
2016-06-24,SZ300207,sell,46900,46900,12.199107650756837,572138.1488204956,171.64144464614867,572.1381488204956,filled
2016-06-24,SZ300296,sell,6900,6900,10.509379468917846,72514.71833553314,21.75441550065994,72.51471833553313,filled
2016-06-24,SZ300302,sell,20100,20100,30.380952238082887,610657.139985466,183.19714199563978,610.6571399854661,filled
2016-06-24,SZ300376,sell,200,200,6.601968674182892,1320.3937348365785,5.0,1.3203937348365784,filled
2016-06-24,SZ300383,sell,28400,28400,17.328719455718993,492135.6325424194,147.64068976272583,492.13563254241944,filled
2016-06-24,SH600054,buy,35500,35500,15.304927203178405,543324.9157128334,162.99747471385,0.0,filled
2016-06-24,SH600076,buy,43300,43300,12.568272231101988,544206.1876067161,163.2618562820148,0.0,filled
2016-06-24,SH600233,buy,34000,34000,15.991272271156308,543703.2572193145,163.1109771657943,0.0,filled
2016-06-24,SH600340,buy,33400,33400,16.265240003585813,543259.0161197662,162.97770483592984,0.0,filled
2016-06-24,SH600419,buy,23400,23400,23.272772686004636,544582.8808525085,163.37486425575253,0.0,filled
2016-06-24,SH600816,buy,2900,2900,5.788616409778594,16786.987588357923,5.036096276507377,0.0,filled
2016-06-24,SH601238,buy,39200,39200,13.896394604682921,544738.6685035705,163.42160055107112,0.0,filled
2016-06-24,SH603898,buy,19200,19200,28.355063186645506,544417.2131835937,163.3251639550781,0.0,filled
2016-06-24,SZ002043,buy,74500,74500,7.30612170267105,544306.0668489933,163.29182005469798,0.0,filled
2016-06-24,SZ002085,buy,45800,45800,11.885974785804747,544377.6451898573,163.31329355695718,0.0,filled
2016-06-24,SZ002504,buy,6600,6600,9.17458881664276,60552.28618984222,18.165685856952663,0.0,filled
2016-06-24,SZ002635,buy,900,900,22.992037595748897,20692.833836174006,6.2078501508522015,0.0,filled
2016-06-24,SZ002709,buy,21900,21900,24.774047393798824,542551.6379241942,162.76549137725826,0.0,filled
2016-06-24,SZ300009,buy,61400,61400,8.866488360404967,544402.3853288649,163.32071559865946,0.0,filled
2016-06-24,SZ300015,buy,81700,81700,6.6631172227859485,544376.677101612,163.31300313048357,0.0,filled
2016-06-24,SZ300144,buy,3700,3700,13.08117953109741,48400.364265060416,14.520109279518124,0.0,filled
2016-06-24,SZ300230,buy,600,600,7.105530496120452,4263.318297672271,5.0,0.0,filled
2016-06-24,SZ300267,buy,4400,4400,13.19837730026245,58072.86012115478,17.421858036346432,0.0,filled
2016-06-24,SZ300324,buy,700,700,13.549215497016906,9484.450847911834,5.0,0.0,filled
2016-06-24,SZ300455,buy,48800,4800,11.140867591857909,53476.164440917964,16.042849332275388,0.0,partial_volume_or_cash
2016-07-22,SH600054,sell,35500,35500,15.553949523925782,552165.2080993652,165.64956242980955,552.1652080993653,filled
2016-07-22,SH600076,sell,1500,1500,14.038165266036987,21057.24789905548,6.317174369716644,21.057247899055483,filled
2016-07-22,SH600419,sell,800,800,25.913485090255737,20730.78807220459,6.219236421661376,20.73078807220459,filled
2016-07-22,SH600816,sell,1700,1700,6.351414101600647,10797.4039727211,5.0,10.797403972721101,filled
2016-07-22,SH601238,sell,600,600,15.197640578269958,9118.584346961974,5.0,9.118584346961974,filled
2016-07-22,SH603898,sell,19200,19200,33.04958944702148,634552.1173828124,190.3656352148437,634.5521173828124,filled
2016-07-22,SZ002043,sell,74500,74500,10.715739712715148,798322.6085972786,239.49678257918356,798.3226085972786,filled
2016-07-22,SZ002085,sell,45800,45800,12.084552520751954,553472.5054504395,166.04175163513185,553.4725054504395,filled
2016-07-22,SZ002091,sell,52200,52200,10.041021048545838,524141.29873409274,157.2423896202278,524.1412987340927,filled
2016-07-22,SZ002504,sell,59300,59300,10.751087553977966,637539.4919508934,191.26184758526801,637.5394919508934,filled
2016-07-22,SZ002508,sell,400,400,27.649885150909423,11059.954060363769,5.0,11.059954060363768,filled
2016-07-22,SZ002572,sell,22200,22200,25.90291370201111,575044.6841846466,172.51340525539396,575.0446841846466,filled
2016-07-22,SZ300009,sell,61400,61400,9.55115495967865,586440.914524269,175.9322743572807,586.440914524269,filled
2016-07-22,SZ300015,sell,2700,2700,7.422534577846527,20040.843360185623,6.012253008055686,20.040843360185622,filled
2016-07-22,SZ300072,sell,5200,5200,16.50002208137512,85800.11482315064,25.740034446945188,85.80011482315064,filled
2016-07-22,SZ300144,sell,41600,41600,13.006057271003723,541051.9824737549,162.31559474212645,541.051982473755,filled
2016-07-22,SZ300267,sell,41200,41200,13.981393595695495,576033.4161426544,172.8100248427963,576.0334161426543,filled
2016-07-22,SZ300376,sell,1500,1500,7.264685916423797,10897.028874635696,5.0,10.897028874635696,filled
2016-07-22,SZ300455,sell,4800,4800,13.440261609077453,64513.255723571776,19.353976717071532,64.51325572357177,filled
2016-07-22,SH600340,buy,200,200,17.47895594024658,3495.7911880493157,5.0,0.0,filled
2016-07-22,SH603023,buy,45900,45900,12.789281975746153,587028.0426867484,176.10841280602452,0.0,filled
2016-07-22,SH603601,buy,55800,55800,10.541588415145872,588220.6335651397,176.4661900695419,0.0,filled
2016-07-22,SZ000957,buy,4000,4000,18.526803354263304,74107.21341705322,22.232164025115964,0.0,filled
2016-07-22,SZ002074,buy,2500,2500,32.996495025634765,82491.23756408691,24.747371269226072,0.0,filled
2016-07-22,SZ002179,buy,1800,1800,24.870390359878538,44766.70264778137,13.43001079433441,0.0,filled
2016-07-22,SZ002236,buy,41500,41500,14.15110939979553,587271.0400915145,176.18131202745434,0.0,filled
2016-07-22,SZ002411,buy,28200,28200,20.78911322402954,586252.992917633,175.8758978752899,0.0,filled
2016-07-22,SZ002635,buy,400,400,24.419515741348263,9767.806296539306,5.0,0.0,filled
2016-07-22,SZ002709,buy,2800,2800,23.77170900535583,66560.78521499633,19.968235564498897,0.0,filled
2016-07-22,SZ300017,buy,24800,24800,23.662358278274535,586826.4853012084,176.04794559036253,0.0,filled
2016-07-22,SZ300033,buy,7800,7800,75.21785816955565,586699.2937225341,176.0097881167602,0.0,filled
2016-07-22,SZ300136,buy,29700,29700,19.74900211524963,586545.362822914,175.9636088468742,0.0,filled
2016-07-22,SZ300207,buy,49900,49900,11.781116538047788,587877.7152485846,176.36331457457538,0.0,filled
2016-07-22,SZ300219,buy,39700,39700,14.785828186035154,586997.3789855957,176.09921369567869,0.0,filled
2016-07-22,SZ300232,buy,58600,58600,10.02853505706787,587672.1543441772,176.30164630325316,0.0,filled
2016-07-22,SZ300296,buy,7900,7100,9.866454498291015,70051.82693786621,21.01554808135986,0.0,partial_volume_or_cash
2016-08-22,SH600233,sell,4400,4400,19.65367603111267,86476.17453689575,25.942852361068724,86.47617453689575,filled
2016-08-22,SH600340,sell,33600,33600,17.377129096984863,583871.5376586914,175.16146129760742,583.8715376586914,filled
2016-08-22,SH600419,sell,200,200,25.925655143737792,5185.131028747558,5.0,5.185131028747558,filled
2016-08-22,SH600816,sell,8400,8400,6.921968483448029,58144.53526096344,17.44336057828903,58.144535260963444,filled
2016-08-22,SH601238,sell,38600,38600,15.2305284948349,587898.3999006271,176.36951997018812,587.898399900627,filled
2016-08-22,SH603601,sell,4000,4000,11.216197196960449,44864.7887878418,13.459436636352537,44.864788787841796,filled
2016-08-22,SZ000957,sell,2900,2900,20.160734916687012,58466.131258392335,17.539839377517698,58.46613125839234,filled
2016-08-22,SZ002074,sell,17800,17800,32.66552489089966,581446.3430580139,174.43390291740417,581.4463430580139,filled
2016-08-22,SZ002179,sell,23600,23600,24.78606025314331,584951.0219741821,175.4853065922546,584.9510219741821,filled
2016-08-22,SZ002236,sell,41500,41500,15.218982473373414,631587.7726449966,189.47633179349899,631.5877726449967,filled
2016-08-22,SZ002411,sell,1700,1700,21.958467321395872,37329.394446372986,11.198818333911895,37.32939444637299,filled
2016-08-22,SZ300015,sell,79000,79000,6.962619167804718,550046.9142565727,165.0140742769718,550.0469142565728,filled
2016-08-22,SZ300072,sell,35500,35500,19.465429864883422,691022.7602033615,207.30682806100845,691.0227602033615,filled
2016-08-22,SZ300136,sell,700,700,20.016691177368163,14011.683824157713,5.0,14.011683824157714,filled
2016-08-22,SZ300207,sell,49900,49900,11.82979978466034,590307.0092545509,177.09210277636527,590.307009254551,filled
2016-08-22,SZ300230,sell,76600,76600,7.975256887435913,610904.6775775909,183.27140327327726,610.904677577591,filled
2016-08-22,SZ300232,sell,2300,2300,10.328561665534973,23755.69183073044,7.126707549219131,23.75569183073044,filled
2016-08-22,SH600076,buy,1700,1700,13.404748779296874,22788.072924804685,6.8364218774414045,0.0,filled
2016-08-22,SH600562,buy,22400,22400,26.009799962997434,582619.5191711425,174.78585575134272,0.0,filled
2016-08-22,SH603010,buy,47100,47100,12.357195390701293,582023.9029020309,174.60717087060925,0.0,filled
2016-08-22,SH603023,buy,6500,6500,11.126898520469664,72324.84038305283,21.697452114915844,0.0,filled
2016-08-22,SH603788,buy,22300,22300,26.07931788253784,581568.7887805938,174.4706366341781,0.0,filled
2016-08-22,SZ002108,buy,56800,56800,10.257332656860351,582616.4949096679,174.78494847290034,0.0,filled
2016-08-22,SZ002166,buy,60500,60500,9.62848387813568,582523.2746272087,174.75698238816258,0.0,filled
2016-08-22,SZ002572,buy,21600,21600,26.921874456405636,581512.4882583617,174.4537464775085,0.0,filled
2016-08-22,SZ002635,buy,100,100,24.147150829315184,2414.7150829315183,5.0,0.0,filled
2016-08-22,SZ002709,buy,2300,2300,21.535326831817624,49531.251713180536,14.85937551395416,0.0,filled
2016-08-22,SZ002722,buy,14900,14900,39.0889155883789,582424.8422668456,174.7274526800537,0.0,filled
2016-08-22,SZ002772,buy,26200,26200,22.25700840950012,583133.6203289032,174.94008609867095,0.0,filled
2016-08-22,SZ300017,buy,100,100,23.336837770462033,2333.6837770462034,5.0,0.0,filled
2016-08-22,SZ300033,buy,800,800,67.09936570739745,53679.492565917964,16.10384776977539,0.0,filled
2016-08-22,SZ300296,buy,100,100,9.889097319602966,988.9097319602965,5.0,0.0,filled
2016-08-22,SZ300302,buy,18700,18700,31.13756703186035,582272.5034957886,174.68175104873654,0.0,filled
2016-08-22,SZ300324,buy,2400,2400,13.660547077178954,32785.31298522949,9.835593895568845,0.0,filled
2016-08-22,SZ300367,buy,33600,14600,17.329453559875486,253010.02197418208,75.90300659225461,0.0,partial_volume_or_cash
2016-08-22,SZ300376,buy,6600,100,6.669186270236969,666.9186270236969,5.0,0.0,partial_volume_or_cash
2016-09-26,SH600233,sell,9900,9900,29.51885438346863,292236.65839633945,87.67099751890183,292.23665839633946,filled
2016-09-26,SH600419,sell,22400,22400,26.65876033973694,597156.2316101075,179.14686948303222,597.1562316101075,filled
2016-09-26,SH600562,sell,22400,22400,26.401327600479124,591389.7382507324,177.4169214752197,591.3897382507324,filled
2016-09-26,SH600816,sell,84000,84000,6.875791543006897,577566.4896125793,173.2699468837738,577.5664896125794,filled
2016-09-26,SH603023,sell,52400,52400,10.12343614768982,530468.0541389466,159.14041624168397,530.4680541389466,filled
2016-09-26,SH603601,sell,51800,51800,9.813277942657471,508327.797429657,152.4983392288971,508.32779742965704,filled
2016-09-26,SH603788,sell,22300,22300,25.480833686828614,568222.5912162781,170.46677736488343,568.2225912162781,filled
2016-09-26,SZ002108,sell,56800,56800,9.38654102897644,533155.5304458617,159.94665913375852,533.1555304458618,filled
2016-09-26,SZ002166,sell,60500,60500,9.793724304199218,592520.3204040527,177.7560961212158,592.5203204040528,filled
2016-09-26,SZ002411,sell,2000,2000,23.72498288154602,47449.96576309204,14.23498972892761,47.449965763092045,filled
2016-09-26,SZ002722,sell,14900,14900,49.5918151473999,738918.0456962585,221.67541370887756,738.9180456962586,filled
2016-09-26,SZ002772,sell,26200,26200,20.956287139892577,549054.7230651855,164.71641691955563,549.0547230651855,filled
2016-09-26,SZ300033,sell,8600,8600,59.18464496612549,508987.9467086792,152.69638401260374,508.9879467086792,filled
2016-09-26,SZ300136,sell,5000,5000,24.179238178253176,120896.19089126588,36.268857267379765,120.89619089126589,filled
2016-09-26,SZ300232,sell,56300,56300,11.466716995239258,645576.1668319702,193.67285004959103,645.5761668319702,filled
2016-09-26,SZ300296,sell,58900,58900,9.736861172676086,573501.1230706215,172.05033692118644,573.5011230706215,filled
2016-09-26,SH600066,buy,33000,33000,17.675359193801878,583286.8533954619,174.98605601863855,0.0,filled
2016-09-26,SH600076,buy,2600,2600,12.646548862457275,32881.027042388916,9.864308112716675,0.0,filled
2016-09-26,SH601012,buy,104300,104300,5.596178680896759,583681.4364175319,175.10443092525955,0.0,filled
2016-09-26,SH603010,buy,1700,1700,11.946606073379515,20309.230324745175,6.0927690974235515,0.0,filled
2016-09-26,SZ000626,buy,19400,19400,30.019390264511106,582376.1711315154,174.7128513394546,0.0,filled
2016-09-26,SZ000957,buy,4100,4100,17.726374513626098,72678.135505867,21.8034406517601,0.0,filled
2016-09-26,SZ002074,buy,20000,20000,29.05057650184631,581011.5300369263,174.30345901107788,0.0,filled
2016-09-26,SZ002085,buy,45600,45600,12.79277877807617,583350.7122802734,175.005213684082,0.0,filled
2016-09-26,SZ002120,buy,29900,29900,19.50034634399414,583060.3556854248,174.91810670562742,0.0,filled
2016-09-26,SZ002468,buy,18800,18800,31.013705959320063,583057.6720352172,174.91730161056515,0.0,filled
2016-09-26,SZ002508,buy,100,100,27.359403375625607,2735.9403375625607,5.0,0.0,filled
2016-09-26,SZ002572,buy,400,400,26.520426656723018,10608.170662689206,5.0,0.0,filled
2016-09-26,SZ002635,buy,4400,4400,20.478885856628416,90107.09776916503,27.03212933074951,0.0,filled
2016-09-26,SZ002709,buy,5300,5300,18.04914951133728,95660.49241008758,28.69814772302627,0.0,filled
2016-09-26,SZ002717,buy,65900,65900,8.855849031448363,583600.4511724472,175.08013535173413,0.0,filled
2016-09-26,SZ002769,buy,23100,23100,25.181600994110106,581694.9829639434,174.508494889183,0.0,filled
2016-09-26,SZ300017,buy,1500,1500,22.085037904739377,33127.55685710906,9.938267057132718,0.0,filled
2016-09-26,SZ300072,buy,26500,26500,21.961367757797237,581976.2455816268,174.592873674488,0.0,filled
2016-09-26,SZ300113,buy,17800,17800,32.71860663604736,582391.198121643,174.7173594364929,0.0,filled
2016-09-26,SZ300145,buy,64400,64400,9.057611566543578,583310.1848854064,174.9930554656219,0.0,filled
2016-09-26,SZ300302,buy,800,800,29.853678300857542,23882.942640686033,7.164882792205809,0.0,filled
2016-09-26,SZ300324,buy,400,400,13.549097123146055,5419.638849258422,5.0,0.0,filled
2016-09-26,SZ300367,buy,19800,19800,16.954023191452023,335689.65919075004,100.70689775722501,0.0,filled
2016-09-26,SZ300376,buy,7100,7100,6.632633564472198,47091.69830775261,14.127509492325782,0.0,filled
2016-09-26,SZ300426,buy,21600,7400,26.944846624374385,199391.86502037046,59.81755950611113,0.0,partial_volume_or_cash
2016-10-31,SH600066,sell,33000,33000,17.28012117576599,570243.9988002777,171.0731996400833,570.2439988002777,filled
2016-10-31,SH600076,sell,46100,46100,12.23109810447693,563853.6226163865,169.15608678491594,563.8536226163865,filled
2016-10-31,SH600233,sell,700,700,31.407213386535645,21985.04937057495,6.595514811172484,21.985049370574952,filled
2016-10-31,SH603010,sell,48800,48800,13.067286721229554,637683.5919960022,191.30507759880066,637.6835919960023,filled
2016-10-31,SZ000626,sell,19400,19400,32.65230493927002,633454.7158218384,190.0364147465515,633.4547158218384,filled
2016-10-31,SZ002074,sell,20000,20000,29.75648387145996,595129.6774291992,178.53890322875975,595.1296774291992,filled
2016-10-31,SZ002085,sell,45600,45600,15.84794196510315,722666.1536087036,216.79984608261108,722.6661536087037,filled
2016-10-31,SZ002280,sell,24100,24100,18.953794109344482,456786.43803520204,137.0359314105606,456.786438035202,filled
2016-10-31,SZ002411,sell,1300,1300,25.809975803375245,33552.96854438782,10.065890563316344,33.55296854438782,filled
2016-10-31,SZ002468,sell,18800,18800,33.46848546981811,629207.5268325806,188.76225804977415,629.2075268325806,filled
2016-10-31,SZ002508,sell,21300,21300,26.817022481918336,571202.5788648606,171.36077365945815,571.2025788648606,filled
2016-10-31,SZ002635,sell,2000,2000,22.60954517555237,45219.090351104736,13.565727105331419,45.21909035110474,filled
2016-10-31,SZ002709,sell,2200,2200,19.905735425949096,43792.61793708801,13.137785381126402,43.79261793708801,filled
2016-10-31,SZ300136,sell,24000,24000,24.79306656074524,595033.5974578857,178.51007923736572,595.0335974578858,filled
2016-10-31,SZ300145,sell,2200,2200,9.640998421669007,21210.196527671815,6.3630589583015436,21.210196527671815,filled
2016-10-31,SZ300324,sell,2800,2800,14.901611220359802,41724.511417007445,12.517353425102232,41.72451141700745,filled
2016-10-31,SZ300367,sell,34400,34400,17.436272089004518,599807.7598617554,179.94232795852662,599.8077598617555,filled
2016-10-31,SZ300426,sell,7400,7400,35.34863011550903,261579.86285476683,78.47395885643004,261.5798628547668,filled
2016-10-31,SH600487,buy,43000,43000,13.948125895500182,599769.4135065078,179.9308240519523,0.0,filled
2016-10-31,SH601012,buy,3300,3300,5.580510371685027,18415.68422656059,5.524705267968176,0.0,filled
2016-10-31,SZ000957,buy,1100,1100,17.65791241264343,19423.703653907774,5.827111096172332,0.0,filled
2016-10-31,SZ002335,buy,27500,27500,21.84850399971008,600833.8599920272,180.25015799760814,0.0,filled
2016-10-31,SZ002352,buy,12700,12700,47.026338031768795,597234.4930034637,179.1703479010391,0.0,filled
2016-10-31,SZ002572,buy,100,100,27.168097835540767,2716.8097835540766,5.0,0.0,filled
2016-10-31,SZ002717,buy,7200,7200,8.210674204826354,59116.85427474975,17.735056282424924,0.0,filled
2016-10-31,SZ002718,buy,12000,12000,49.87355038070678,598482.6045684813,179.54478137054437,0.0,filled
2016-10-31,SZ002722,buy,8600,8600,69.64793223571776,598972.2172271727,179.6916651681518,0.0,filled
2016-10-31,SZ002769,buy,1000,1000,24.85028971290588,24850.28971290588,7.455086913871764,0.0,filled
2016-10-31,SZ300017,buy,2600,2600,20.671510692596435,53745.92780075073,16.12377834022522,0.0,filled
2016-10-31,SZ300033,buy,8900,8900,67.44118362426757,600226.5342559813,180.0679602767944,0.0,filled
2016-10-31,SZ300072,buy,900,900,21.921271472930904,19729.144325637815,5.918743297691344,0.0,filled
2016-10-31,SZ300113,buy,800,800,32.22266212081909,25778.12969665527,7.73343890899658,0.0,filled
2016-10-31,SZ300237,buy,80400,80400,7.4724255356788625,600783.0130685805,180.23490392057414,0.0,filled
2016-10-31,SZ300265,buy,35400,35400,16.937920526504513,599602.3866382597,179.8807159914779,0.0,filled
2016-10-31,SZ300294,buy,14700,14700,40.690704986572264,598153.3633026123,179.4460089907837,0.0,filled
2016-10-31,SZ300302,buy,700,700,29.645855787277217,20752.09905109405,6.225629715328214,0.0,filled
2016-10-31,SZ300376,buy,4600,4600,6.4854471116065975,29833.05671339035,8.949917014017105,0.0,filled
2016-10-31,SZ300393,buy,55300,55300,10.849691735267639,599987.9529603004,179.9963858880901,0.0,filled
2016-10-31,SZ300432,buy,40100,40100,14.976503671646116,600557.7972330092,180.16733916990276,0.0,filled
2016-10-31,SZ300450,buy,57800,15800,10.381356970787047,164025.44013843534,49.207632041530594,0.0,partial_volume_or_cash
2016-11-22,SH601012,sell,107600,107600,5.577028949260711,600088.3149404526,180.02649448213575,600.0883149404526,filled
2016-11-22,SZ000957,sell,34000,34000,16.847505975723266,572815.2031745911,171.8445609523773,572.815203174591,filled
2016-11-22,SZ002335,sell,27500,27500,23.83280799293518,655402.2198057175,196.62066594171523,655.4022198057174,filled
2016-11-22,SZ002718,sell,12000,12000,58.0748359336853,696898.0312042236,209.06940936126708,696.8980312042237,filled
2016-11-22,SZ002769,sell,24100,24100,27.18446015739441,655145.4897932053,196.54364693796157,655.1454897932053,filled
2016-11-22,SZ300017,sell,29000,29000,19.285741035461427,559286.4900283813,167.7859470085144,559.2864900283813,filled
2016-11-22,SZ300033,sell,8900,8900,67.29684020233154,598941.8778007507,179.6825633402252,598.9418778007507,filled
2016-11-22,SZ300072,sell,3100,3100,25.16502394294739,78011.57422313691,23.40347226694107,78.0115742231369,filled
2016-11-22,SZ300237,sell,9100,9100,8.581720739364624,78093.65872821807,23.42809761846542,78.09365872821807,filled
2016-11-22,SZ300265,sell,35400,35400,17.2672327709198,611260.0400905609,183.37801202716827,611.2600400905609,filled
2016-11-22,SZ300302,sell,20200,20200,28.40428936958313,573766.6452655792,172.12999357967377,573.7666452655792,filled
2016-11-22,SZ300324,sell,40200,40200,14.450705689430237,580918.3687150956,174.27551061452866,580.9183687150955,filled
2016-11-22,SZ300376,sell,92600,92600,6.474924805641174,599578.0370023727,179.8734111007118,599.5780370023726,filled
2016-11-22,SZ300393,sell,55300,55300,12.390399664878846,685189.1014678002,205.55673044034003,685.1891014678002,filled
2016-11-22,SZ300432,sell,40100,40100,17.55440182685852,703931.5132570267,211.17945397710798,703.9315132570267,filled
2016-11-22,SH600083,buy,25000,25000,24.48446099281311,612111.5248203278,183.6334574460983,0.0,filled
2016-11-22,SH600487,buy,3800,3800,13.108530577659605,49812.4161951065,14.943724858531949,0.0,filled
2016-11-22,SH600715,buy,26900,26900,22.75343978500366,612067.5302165984,183.6202590649795,0.0,filled
2016-11-22,SH601689,buy,30700,30700,19.966048244476315,612957.6811054229,183.88730433162686,0.0,filled
2016-11-22,SH603010,buy,40300,40300,15.222241145133971,613456.318148899,184.03689544466968,0.0,filled
2016-11-22,SH603306,buy,23400,23400,26.225332052230833,613672.7700222015,184.10183100666043,0.0,filled
2016-11-22,SH603788,buy,20700,20700,29.595333055496212,612623.3942487716,183.78701827463146,0.0,filled
2016-11-22,SZ000002,buy,27700,27700,22.084900438308715,611751.7421411515,183.5255226423454,0.0,filled
2016-11-22,SZ000034,buy,22500,22500,27.25640856170654,613269.1926383971,183.98075779151912,0.0,filled
2016-11-22,SZ000333,buy,25100,25100,24.4105288734436,612704.2747234344,183.8112824170303,0.0,filled
2016-11-22,SZ002036,buy,45600,45600,13.452939354896545,613454.0345832824,184.0362103749847,0.0,filled
2016-11-22,SZ002043,buy,51300,51300,11.955432563781738,613313.6905220031,183.9941071566009,0.0,filled
2016-11-22,SZ002120,buy,2000,2000,19.209222991943356,38418.44598388671,11.525533795166012,0.0,filled
2016-11-22,SZ002352,buy,100,100,47.79971271514892,4779.971271514892,5.0,0.0,filled
2016-11-22,SZ002508,buy,23100,23100,26.482663482666013,611749.5264495849,183.52485793487546,0.0,filled
2016-11-22,SZ002572,buy,1800,1800,25.676493509292598,46217.68831672668,13.865306495018002,0.0,filled
2016-11-22,SZ002709,buy,2100,2100,19.004972696304318,39910.44266223907,11.973132798671719,0.0,filled
2016-11-22,SZ002717,buy,3200,3200,8.03802686882019,25721.685980224607,7.716505794067381,0.0,filled
2016-11-22,SZ002722,buy,700,700,65.93668227386473,46155.67759170532,13.846703277511594,0.0,filled
2016-11-22,SZ002768,buy,22800,22800,26.82996478271484,611723.1970458983,183.51695911376947,0.0,filled
2016-11-22,SZ300014,buy,70200,2300,8.742311305999754,20107.316003799435,6.03219480113983,0.0,partial_volume_or_cash
2016-11-22,SZ300355,buy,89200,100,6.879180562496185,687.9180562496184,5.0,0.0,partial_volume_or_cash
2016-12-22,SH600083,sell,25000,25000,23.976,599400.0,179.82,599.4,filled
2016-12-22,SH600233,sell,19000,19000,24.391087045669554,463430.6538677215,139.02919616031645,463.4306538677215,filled
2016-12-22,SH600487,sell,46800,46800,13.317189156532288,623244.4525257112,186.97333575771333,623.2444525257112,filled
2016-12-22,SH600715,sell,26900,26900,21.96773348236084,590932.0306755066,177.27960920265195,590.9320306755066,filled
2016-12-22,SH601689,sell,300,300,18.70610770225525,5611.832310676575,5.0,5.611832310676575,filled
2016-12-22,SH603010,sell,10300,10300,18.997937467575074,195678.75591602325,58.70362677480697,195.67875591602325,filled
2016-12-22,SH603306,sell,23400,23400,24.482595863342286,572892.7432022095,171.86782296066283,572.8927432022094,filled
2016-12-22,SH603788,sell,20700,20700,25.950932727813722,537184.3074657441,161.15529223972322,537.1843074657442,filled
2016-12-22,SZ000034,sell,22500,22500,22.45386109542847,505211.87464714056,151.56356239414217,505.2118746471406,filled
2016-12-22,SZ000333,sell,2400,2400,25.006904708862304,60016.571301269534,18.00497139038086,60.016571301269536,filled
2016-12-22,SZ002036,sell,45600,45600,11.115045893669128,506846.09275131224,152.05382782539365,506.84609275131226,filled
2016-12-22,SZ002043,sell,51300,51300,10.521333254814149,539744.3959719659,161.92331879158974,539.7443959719659,filled
2016-12-22,SZ002120,sell,2600,2600,19.451272436141966,50573.308333969115,15.171992500190733,50.573308333969116,filled
2016-12-22,SZ002411,sell,23200,23200,26.62497114944458,617699.3306671142,185.30979920013425,617.6993306671143,filled
2016-12-22,SZ002508,sell,1200,1200,25.942682167053224,31131.218600463868,9.339365580139159,31.131218600463868,filled
2016-12-22,SZ002572,sell,700,700,24.54170455741882,17179.193190193175,5.153757957057952,17.179193190193175,filled
2016-12-22,SZ002717,sell,76300,76300,7.36664465045929,562074.9868300438,168.62249604901314,562.0749868300438,filled
2016-12-22,SZ300014,sell,2300,2300,7.538452574729919,17338.440921878813,5.201532276563643,17.338440921878814,filled
2016-12-22,SZ300072,sell,1100,1100,24.470258131027222,26917.283944129944,8.075185183238982,26.917283944129945,filled
2016-12-22,SZ300113,sell,18600,18600,26.914682064056397,500613.086391449,150.1839259174347,500.613086391449,filled
2016-12-22,SZ300219,sell,39700,39700,13.119630146026612,520849.31679725647,156.25479503917694,520.8493167972565,filled
2016-12-22,SZ300237,sell,71300,71300,9.048088926315307,645128.7404462814,193.5386221338844,645.1287404462814,filled
2016-12-22,SZ300355,sell,100,100,5.85303211927414,585.3032119274139,5.0,0.585303211927414,filled
2016-12-22,SH600053,buy,12400,12400,45.863009269714354,568701.314944458,170.6103944833374,0.0,filled
2016-12-22,SH600309,buy,37300,37300,15.282341659545898,570031.343901062,171.0094031703186,0.0,filled
2016-12-22,SH600566,buy,21600,21600,26.355787694931028,569285.0142105102,170.78550426315303,0.0,filled
2016-12-22,SH600816,buy,68600,68600,8.317082768440246,570551.8779150009,171.16556337450027,0.0,filled
2016-12-22,SZ000002,buy,6700,6700,16.580036220550536,111086.24267768858,33.325872803306574,0.0,filled
2016-12-22,SZ000567,buy,21000,21000,27.09442728424072,568982.9729690551,170.6948918907165,0.0,filled
2016-12-22,SZ000661,buy,10000,10000,56.59294769668578,565929.4769668578,169.77884309005734,0.0,filled
2016-12-22,SZ000915,buy,17600,17600,32.33562516021728,569107.0028198241,170.73210084594723,0.0,filled
2016-12-22,SZ002050,buy,95100,95100,6.0020039272308345,570790.5734796524,171.2371720438957,0.0,filled
2016-12-22,SZ002271,buy,69000,69000,8.272970363616942,570834.955089569,171.25048652687067,0.0,filled
2016-12-22,SZ002352,buy,800,800,41.861212551116935,33488.970040893546,10.046691012268063,0.0,filled
2016-12-22,SZ002709,buy,2000,2000,16.659984405517577,33319.968811035156,9.995990643310545,0.0,filled
2016-12-22,SZ002722,buy,1800,1800,51.123509723663325,92022.31750259399,27.606695250778195,0.0,filled
2016-12-22,SZ002768,buy,600,600,24.31028720664978,14586.172323989867,5.0,0.0,filled
2016-12-22,SZ300115,buy,28400,28400,20.078280038833615,570223.1531028746,171.06694593086237,0.0,filled
2016-12-22,SZ300136,buy,21900,21900,25.975127874374387,568855.300448799,170.65659013463969,0.0,filled
2016-12-22,SZ300145,buy,5500,5500,8.437686650276182,46407.276576519005,13.922182972955701,0.0,filled
2016-12-22,SZ300232,buy,56300,56300,10.138034706115722,570771.3539543152,171.23140618629455,0.0,filled
2016-12-22,SZ300294,buy,500,500,37.45080068588256,18725.40034294128,5.617620102882384,0.0,filled
2016-12-22,SZ300296,buy,51400,51400,11.109731445312498,571040.1962890624,171.3120588867187,0.0,filled
2016-12-22,SZ300319,buy,42500,31400,13.436189452171325,421896.3487981796,126.56890463945386,0.0,partial_volume_or_cash
2017-01-24,SH600053,sell,12400,12400,43.26607400894165,536499.3177108765,160.94979531326294,536.4993177108764,filled
2017-01-24,SH600309,sell,6200,6200,17.760311433792115,110113.93088951112,33.03417926685333,110.11393088951112,filled
2017-01-24,SH600566,sell,21600,21600,25.3994999256134,548629.1983932494,164.5887595179748,548.6291983932495,filled
2017-01-24,SH600816,sell,1800,1800,8.275788803100586,14896.419845581055,5.0,14.896419845581056,filled
2017-01-24,SH601689,sell,30400,30400,19.711338495254516,599224.6902557373,179.76740707672116,599.2246902557373,filled
2017-01-24,SZ000002,sell,34400,34400,16.93000015068054,582392.0051834106,174.71760155502315,582.3920051834106,filled
2017-01-24,SZ000333,sell,1100,1100,25.563526027679444,28119.878630447387,8.435963589134216,28.11987863044739,filled
2017-01-24,SZ000661,sell,10000,10000,53.45969708633423,534596.9708633423,160.37909125900268,534.5969708633423,filled
2017-01-24,SZ002050,sell,95100,95100,5.608620213031768,533379.7822593212,160.01393467779636,533.3797822593212,filled
2017-01-24,SZ002271,sell,69000,69000,8.38499250125885,578564.4825868607,173.5693447760582,578.5644825868607,filled
2017-01-24,SZ002508,sell,1600,1600,27.162793384552003,43460.46941528321,13.038140824584962,43.46046941528321,filled
2017-01-24,SZ002572,sell,1000,1000,24.81469331932068,24814.69331932068,7.444407995796203,24.81469331932068,filled
2017-01-24,SZ002768,sell,23400,23400,22.133598335266115,517926.20104522706,155.3778603135681,517.9262010452271,filled
2017-01-24,SZ300115,sell,28400,28400,20.239768810272217,574809.434211731,172.44283026351928,574.809434211731,filled
2017-01-24,SZ300136,sell,900,900,26.219859088897707,23597.873180007937,7.079361954002381,23.597873180007937,filled
2017-01-24,SZ300145,sell,2300,2300,8.451514314651488,19438.482923698422,5.831544877109526,19.438482923698423,filled
2017-01-24,SZ300232,sell,56300,56300,9.333346824645997,525467.4262275696,157.64022786827087,525.4674262275696,filled
2017-01-24,SH600338,buy,28000,28000,19.783000236511228,553924.0066223143,166.17720198669429,0.0,filled
2017-01-24,SH600837,buy,36600,36600,15.09895189476013,552621.6393482208,165.7864918044662,0.0,filled
2017-01-24,SZ000034,buy,26400,26400,20.94801678085327,553027.6430145263,165.9082929043579,0.0,filled
2017-01-24,SZ000567,buy,2600,2600,23.463547452926633,61005.22337760925,18.30156701328277,0.0,filled
2017-01-24,SZ000688,buy,55700,55700,9.944301547050475,553897.5961707114,166.16927885121342,0.0,filled
2017-01-24,SZ000881,buy,22000,22000,25.16642049980163,553661.2509956359,166.09837529869074,0.0,filled
2017-01-24,SZ000915,buy,1600,1600,28.782421499252315,46051.8743988037,13.81556231964111,0.0,filled
2017-01-24,SZ002035,buy,58400,58400,9.476953867912291,553454.1058860779,166.03623176582335,0.0,filled
2017-01-24,SZ002120,buy,2400,2400,17.469726596832274,41927.343832397455,12.578203149719235,0.0,filled
2017-01-24,SZ002352,buy,300,300,39.59180215835571,11877.540647506714,5.0,0.0,filled
2017-01-24,SZ002411,buy,21200,21200,26.02991206550598,551834.1357887267,165.550240736618,0.0,filled
2017-01-24,SZ002709,buy,1400,1400,15.555215388298032,21777.301543617246,6.533190463085173,0.0,filled
2017-01-24,SZ002714,buy,105700,105700,5.2358008866310115,553424.1537168979,166.02724611506937,0.0,filled
2017-01-24,SZ002722,buy,3200,3200,38.61374377822875,123563.98009033201,37.0691940270996,0.0,filled
2017-01-24,SZ300072,buy,100,100,23.737426404953002,2373.7426404953003,5.0,0.0,filled
2017-01-24,SZ300197,buy,70400,70400,7.864549006462096,553664.2500549315,166.09927501647942,0.0,filled
2017-01-24,SZ300237,buy,62100,56000,8.906903491020202,498786.5954971313,149.63597864913936,0.0,partial_volume_or_cash
2017-02-24,SH600309,sell,31100,31100,19.322971452713013,600944.4121793747,180.2833236538124,600.9444121793747,filled
2017-02-24,SH600816,sell,66800,66800,9.349659307479858,624557.2417396544,187.36717252189632,624.5572417396545,filled
2017-02-24,SH600837,sell,36600,36600,14.304533572196961,523545.92874240875,157.06377862272262,523.5459287424088,filled
2017-02-24,SZ000034,sell,26400,26400,20.33145292854309,536750.3573135376,161.02510719406126,536.7503573135376,filled
2017-02-24,SZ000333,sell,1600,1600,29.100855823516845,46561.36931762695,13.968410795288085,46.561369317626955,filled
2017-02-24,SZ000567,sell,23600,23600,23.01854814720154,543237.7362739564,162.9713208821869,543.2377362739563,filled
2017-02-24,SZ000688,sell,55700,55700,10.192174942016601,567704.1442703247,170.3112432810974,567.7041442703247,filled
2017-02-24,SZ000915,sell,200,200,30.622276376724244,6124.455275344849,5.0,6.124455275344849,filled
2017-02-24,SZ002035,sell,58400,58400,11.157806854248047,651615.9202880859,195.48477608642577,651.6159202880859,filled
2017-02-24,SZ002352,sell,2800,2800,52.222852283477785,146223.9863937378,43.86719591812134,146.22398639373782,filled
2017-02-24,SZ002508,sell,1500,1500,30.958424800872802,46437.637201309204,13.93129116039276,46.43763720130921,filled
2017-02-24,SZ002572,sell,22200,22200,27.66462183380127,614154.6047103882,184.24638141311647,614.1546047103883,filled
2017-02-24,SZ002635,sell,26500,26500,23.441937200546263,621211.335814476,186.36340074434278,621.211335814476,filled
2017-02-24,SZ002709,sell,3600,3600,18.21883491897583,65587.80570831298,19.676341712493894,65.58780570831298,filled
2017-02-24,SZ002714,sell,105700,105700,5.752112803459167,607998.323325634,182.3994969976902,607.998323325634,filled
2017-02-24,SZ300136,sell,700,700,28.727204504013063,20109.043152809143,6.032712945842742,20.109043152809143,filled
2017-02-24,SZ300450,sell,15800,15800,10.088523699760437,159398.6744562149,47.81960233686447,159.3986744562149,filled
2017-02-24,SH600053,buy,14400,14400,40.4557519454956,582562.8280151366,174.768848404541,0.0,filled
2017-02-24,SH600338,buy,500,500,20.511833887100217,10255.916943550108,5.0,0.0,filled
2017-02-24,SH601689,buy,29100,29100,20.06003137016296,583746.9128717422,175.12407386152262,0.0,filled
2017-02-24,SZ000607,buy,57300,57300,10.193784980773925,584103.879398346,175.23116381950376,0.0,filled
2017-02-24,SZ000881,buy,400,400,26.102839916229247,10441.135966491698,5.0,0.0,filled
2017-02-24,SZ002043,buy,52500,52500,11.136949798583982,584689.8644256591,175.4069593276977,0.0,filled
2017-02-24,SZ002050,buy,97900,97900,5.974752161979675,584928.2366578102,175.47847099734304,0.0,filled
2017-02-24,SZ002120,buy,1200,1200,17.742043777465817,21290.45253295898,6.387135759887694,0.0,filled
2017-02-24,SZ002271,buy,61600,61600,9.48798077583313,584459.6157913208,175.33788473739622,0.0,filled
2017-02-24,SZ002447,buy,92900,92900,6.291365990638732,584467.9005303382,175.34037015910144,0.0,filled
2017-02-24,SZ002722,buy,600,600,39.18362614059448,23510.175684356687,7.053052705307006,0.0,filled
2017-02-24,SZ300072,buy,900,900,24.085504772186276,21676.954294967647,6.503086288490294,0.0,filled
2017-02-24,SZ300115,buy,26800,26800,21.774497419357296,583556.5308387756,175.06695925163265,0.0,filled
2017-02-24,SZ300145,buy,3900,3900,8.431050076484679,32881.095298290245,9.864328589487073,0.0,filled
2017-02-24,SZ300197,buy,4400,4400,7.81208360671997,34373.167869567864,10.311950360870359,0.0,filled
2017-02-24,SZ300237,buy,10900,10900,8.73625419139862,95225.17068624496,28.567551205873485,0.0,filled
2017-02-24,SZ300296,buy,1800,1800,10.989730888366697,19781.515599060054,5.934454679718016,0.0,filled
2017-02-24,SZ300376,buy,54200,54200,10.780628218650817,584310.0494508742,175.29301483526226,0.0,filled
2017-02-24,SZ300393,buy,45400,45400,12.878250440597533,584672.570003128,175.4017710009384,0.0,filled
2017-02-24,SZ300482,buy,19800,8800,29.516956188201902,259749.21445617673,77.92476433685302,0.0,partial_volume_or_cash
2017-03-22,SH600053,sell,14400,14400,41.28403017425537,594490.0345092773,178.34701035278317,594.4900345092773,filled
2017-03-22,SH600338,sell,28500,28500,20.65106212234497,588555.2704868317,176.5665811460495,588.5552704868317,filled
2017-03-22,SH601689,sell,100,100,21.48425252723694,2148.425252723694,5.0,2.148425252723694,filled
2017-03-22,SZ000607,sell,57300,57300,10.04478810596466,575566.358471775,172.66990754153247,575.566358471775,filled
2017-03-22,SZ002043,sell,52500,52500,12.570763020515441,659965.0585770607,197.9895175731182,659.9650585770607,filled
2017-03-22,SZ002271,sell,2700,2700,10.5906598777771,28594.78166999817,8.57843450099945,28.59478166999817,filled
2017-03-22,SZ002352,sell,300,300,57.59341094970703,17278.02328491211,5.183406985473632,17.27802328491211,filled
2017-03-22,SZ002722,sell,14900,14900,46.160153503417966,687786.2872009277,206.3358861602783,687.7862872009277,filled
2017-03-22,SZ300072,sell,3900,3900,30.723771612167358,119822.7092874527,35.94681278623581,119.82270928745271,filled
2017-03-22,SZ300115,sell,26800,26800,22.96474610710144,615455.1956703186,184.63655870109554,615.4551956703185,filled
2017-03-22,SZ300136,sell,1500,1500,33.19673143386841,49795.09715080261,14.938529145240782,49.79509715080261,filled
2017-03-22,SZ300145,sell,2500,2500,9.340438877105713,23351.097192764282,7.0053291578292844,23.351097192764282,filled
2017-03-22,SZ300197,sell,74800,74800,8.783133504867553,656978.386164093,197.09351584922788,656.9783861640931,filled
2017-03-22,SZ300237,sell,3700,3700,9.87060409641266,36521.23515672684,10.956370547018052,36.521235156726846,filled
2017-03-22,SZ300294,sell,15200,15200,40.94948041534424,622432.1023132325,186.72963069396974,622.4321023132325,filled
2017-03-22,SZ300296,sell,1300,1300,12.008465392112733,15611.005009746552,5.0,15.611005009746552,filled
2017-03-22,SZ300376,sell,11600,11600,14.622503133773805,169621.03635177613,50.88631090553283,169.62103635177613,filled
2017-03-22,SZ300393,sell,45400,45400,13.925750899314881,632229.0908288956,189.66872724866866,632.2290908288956,filled
2017-03-22,SZ300482,sell,8800,8800,32.127912254333495,282725.62783813477,84.81768835144042,282.72562783813476,filled
2017-03-22,SH600309,buy,32600,32600,19.174869749069213,625100.7538196563,187.53022614589688,0.0,filled
2017-03-22,SH600487,buy,36200,36200,17.259863088607787,624807.0438076019,187.44211314228056,0.0,filled
2017-03-22,SH600566,buy,23800,23800,26.19933371353149,623544.1423820495,187.06324271461483,0.0,filled
2017-03-22,SH600816,buy,69700,69700,8.96592432117462,624924.9251858711,187.4774775557613,0.0,filled
2017-03-22,SH600837,buy,45200,45200,13.822448165893553,624774.6570983885,187.43239712951654,0.0,filled
2017-03-22,SH601633,buy,57500,57500,10.87589054584503,625363.7063860892,187.60911191582676,0.0,filled
2017-03-22,SZ000333,buy,700,700,30.167082670211787,21116.95786914825,6.335087360744474,0.0,filled
2017-03-22,SZ000881,buy,1600,1600,25.975204244613643,41560.32679138183,12.468098037414547,0.0,filled
2017-03-22,SZ000915,buy,1200,1200,30.837384260177608,37004.861112213126,11.101458333663937,0.0,filled
2017-03-22,SZ002041,buy,37100,37100,16.849279499053953,625108.2694149016,187.53248082447047,0.0,filled
2017-03-22,SZ002091,buy,69800,69800,8.948198788642882,624584.2754472732,187.37528263418193,0.0,filled
2017-03-22,SZ002120,buy,2000,2000,17.878511667251583,35757.02333450317,10.72710700035095,0.0,filled
2017-03-22,SZ002221,buy,50500,50500,12.372156320571898,624793.8941888809,187.43816825666426,0.0,filled
2017-03-22,SZ002415,buy,33700,32900,18.55290097427368,610390.442053604,183.1171326160812,0.0,partial_volume_or_cash
2017-03-22,SZ002447,buy,5800,200,6.3315668072700495,1266.31336145401,5.0,0.0,partial_volume_or_cash
2017-04-26,SH600309,sell,4400,4400,21.580465879440307,94954.04986953735,28.486214960861204,94.95404986953736,filled
2017-04-26,SH600487,sell,36200,36200,16.470750692367552,596241.1750637054,178.87235251911162,596.2411750637054,filled
2017-04-26,SH600566,sell,23800,23800,30.01814478492737,714431.8458812714,214.32955376438142,714.4318458812714,filled
2017-04-26,SH600816,sell,2200,2200,9.019845522880555,19843.660150337222,5.953098045101166,19.84366015033722,filled
2017-04-26,SH600837,sell,45200,45200,13.394711082458496,605440.940927124,181.63228227813718,605.440940927124,filled
2017-04-26,SH601633,sell,5100,5100,11.63161960029602,59321.2599615097,17.796377988452907,59.3212599615097,filled
2017-04-26,SH601689,sell,29000,29000,21.91437350463867,635516.8316345215,190.65504949035642,635.5168316345215,filled
2017-04-26,SZ000333,sell,700,700,30.380462539672852,21266.323777770995,6.379897133331298,21.266323777770996,filled
2017-04-26,SZ000915,sell,20200,20200,33.21152527999878,670872.8106559754,201.2618431967926,670.8728106559754,filled
2017-04-26,SZ002041,sell,37100,37100,13.74131085205078,509802.632611084,152.9407897833252,509.802632611084,filled
2017-04-26,SZ002050,sell,97900,97900,6.714915135383606,657390.191754055,197.21705752621648,657.390191754055,filled
2017-04-26,SZ002091,sell,69800,69800,8.336492351531982,581887.1661369323,174.5661498410797,581.8871661369324,filled
2017-04-26,SZ002221,sell,50500,50500,11.533633234977723,582448.478366375,174.73454350991247,582.448478366375,filled
2017-04-26,SZ002271,sell,2100,2100,10.726795083045959,22526.269674396513,6.757880902318953,22.526269674396513,filled
2017-04-26,SZ002352,sell,10800,10800,47.44315952682495,512386.1228897094,153.7158368669128,512.3861228897094,filled
2017-04-26,SZ002411,sell,21200,21200,24.480349348068238,518983.40617904667,155.695021853714,518.9834061790467,filled
2017-04-26,SZ002415,sell,32900,32900,22.870590631484987,752442.4317758561,225.7327295327568,752.4424317758561,filled
2017-04-26,SZ002447,sell,93100,93100,5.389866979122162,501796.61575627327,150.53898472688198,501.7966157562733,filled
2017-04-26,SZ002508,sell,4000,4000,40.92128369522095,163685.1347808838,49.10554043426513,163.6851347808838,filled
2017-04-26,SZ300136,sell,1200,1200,34.484649684906,41381.579621887206,12.41447388656616,41.381579621887205,filled
2017-04-26,SZ300145,sell,6400,6400,10.092104976654053,64589.471850585935,19.37684155517578,64.58947185058594,filled
2017-04-26,SZ300296,sell,4800,4800,12.929229878425598,62060.303416442875,18.618091024932863,62.06030341644288,filled
2017-04-26,SZ300319,sell,31400,31400,9.552573560714722,299950.80980644224,89.98524294193267,299.95080980644224,filled
2017-04-26,SH600211,buy,17800,17800,34.236384952545166,609407.652155304,182.8222956465912,0.0,filled
2017-04-26,SH600771,buy,21100,21100,28.81476811408996,607991.6072072982,182.39748216218942,0.0,filled
2017-04-26,SH603306,buy,24700,24700,24.649082771301266,608832.3444511413,182.64970333534237,0.0,filled
2017-04-26,SZ000055,buy,75000,75000,8.135970746040343,610197.8059530257,183.0593417859077,0.0,filled
2017-04-26,SZ000065,buy,32400,32400,18.830382692337032,610104.3992317199,183.03131976951596,0.0,filled
2017-04-26,SZ000881,buy,4300,4300,21.518880500793454,92531.18615341185,27.759355846023553,0.0,filled
2017-04-26,SZ000921,buy,46400,46400,13.158516808509825,610555.1799148559,183.16655397445675,0.0,filled
2017-04-26,SZ002043,buy,41300,41300,14.764732816696165,609783.4653295516,182.93503959886547,0.0,filled
2017-04-26,SZ002120,buy,2300,2300,16.408649948120114,37739.894880676264,11.321968464202879,0.0,filled
2017-04-26,SZ002182,buy,72300,72300,8.44577998638153,610629.8930153846,183.18896790461534,0.0,filled
2017-04-26,SZ002572,buy,18400,18400,33.15241250610351,610004.3901123046,183.00131703369135,0.0,filled
2017-04-26,SZ002597,buy,35000,35000,17.42538603591919,609888.5112571716,182.96655337715148,0.0,filled
2017-04-26,SZ002709,buy,12500,12500,13.713164262771604,171414.55328464505,51.424365985393514,0.0,filled
2017-04-26,SZ300072,buy,1900,1900,27.41318520736694,52085.05189399719,15.625515568199155,0.0,filled
2017-04-26,SZ300115,buy,25600,25600,23.818214662551878,609746.295361328,182.9238886083984,0.0,filled
2017-04-26,SZ300121,buy,56400,56400,10.811581076622009,609773.1727214813,182.93195181644438,0.0,filled
2017-04-26,SZ300156,buy,19500,19500,31.25446695709228,609462.1056632994,182.83863169898981,0.0,filled
2017-04-26,SZ300237,buy,1800,1800,9.390105631828307,16902.190137290952,5.070657041187285,0.0,filled
2017-04-26,SZ300327,buy,30000,18600,20.346400674819943,378443.05255165097,113.53291576549528,0.0,partial_volume_or_cash
2017-05-23,SH600211,sell,17800,17800,32.42111393737793,577095.8280853272,173.12874842559813,577.0958280853272,filled
2017-05-23,SH600771,sell,21100,21100,27.00028591918945,569706.0328948974,170.9118098684692,569.7060328948974,filled
2017-05-23,SH601633,sell,52400,52400,10.634156338691712,557229.7921474457,167.1689376442337,557.2297921474458,filled
2017-05-23,SH603306,sell,24700,24700,20.735612268447877,512169.62303066254,153.65088690919876,512.1696230306626,filled
2017-05-23,SZ000055,sell,75000,75000,6.856911954402924,514268.3965802193,154.28051897406579,514.2683965802194,filled
2017-05-23,SZ000333,sell,20000,20000,32.91961548614502,658392.3097229004,197.5176929168701,658.3923097229004,filled
2017-05-23,SZ000881,sell,28300,28300,19.38144563484192,548494.9114660263,164.54847343980788,548.4949114660263,filled
2017-05-23,SZ002120,sell,1200,1200,16.245948635101318,19495.138362121583,5.848541508636474,19.495138362121583,filled
2017-05-23,SZ002182,sell,72300,72300,8.367361453056336,604960.2330559731,181.48806991679191,604.960233055973,filled
2017-05-23,SZ002271,sell,8400,8400,12.08649321269989,101526.54298667908,30.45796289600372,101.52654298667908,filled
2017-05-23,SZ002572,sell,18400,18400,33.68379652404785,619781.8560424804,185.93455681274412,619.7818560424805,filled
2017-05-23,SZ002597,sell,2300,2300,17.902811765670776,41176.467061042786,12.352940118312835,41.176467061042786,filled
2017-05-23,SZ002709,sell,44500,44500,13.148680503845215,585116.2824211121,175.53488472633362,585.116282421112,filled
2017-05-23,SZ300072,sell,2700,2700,29.96566512107849,80907.29582691193,24.272188748073575,80.90729582691193,filled
2017-05-23,SZ300115,sell,100,100,22.900285028457642,2290.0285028457643,5.0,2.290028502845764,filled
2017-05-23,SZ300136,sell,1400,1400,36.119785068511966,50567.69909591675,15.170309728775024,50.56769909591675,filled
2017-05-23,SZ300145,sell,60400,60400,10.41341382408142,628970.1949745178,188.69105849235532,628.9701949745178,filled
2017-05-23,SZ300156,sell,1900,1900,33.219566242218015,63117.17586021423,18.935152758064266,63.11717586021423,filled
2017-05-23,SZ300237,sell,65000,65000,8.905194168090821,578837.6209259033,173.651286277771,578.8376209259034,filled
2017-05-23,SZ300296,sell,1700,1700,12.890063532829284,21913.108005809783,6.573932401742934,21.913108005809782,filled
2017-05-23,SZ300327,sell,18600,18600,20.647779047012328,384048.6902744293,115.21460708232877,384.0486902744293,filled
2017-05-23,SH600179,buy,53900,53900,10.87668097782135,586253.1047045707,175.8759314113712,0.0,filled
2017-05-23,SH600293,buy,65500,65500,8.958041957855224,586751.7482395172,176.02552447185514,0.0,filled
2017-05-23,SH600309,buy,700,700,20.275328620910642,14192.730034637449,5.0,0.0,filled
2017-05-23,SH600338,buy,26600,26600,22.030146795272824,586001.9047542571,175.80057142627712,0.0,filled
2017-05-23,SH600452,buy,51400,51400,11.40628281211853,586282.9365428925,175.88488096286773,0.0,filled
2017-05-23,SH600477,buy,97300,97300,6.035460774421691,587250.3333512305,176.17510000536913,0.0,filled
2017-05-23,SH600507,buy,181100,181100,3.242561269044876,587227.8458240271,176.1683537472081,0.0,filled
2017-05-23,SH600816,buy,3700,3700,8.247351012229919,30515.1987452507,9.154559623575208,0.0,filled
2017-05-23,SH603338,buy,28200,28200,20.754290304183957,585270.9865779876,175.58129597339624,0.0,filled
2017-05-23,SZ000065,buy,6500,6500,15.07759113883972,98004.34240245818,29.40130272073745,0.0,filled
2017-05-23,SZ000568,buy,13500,13500,43.355655941009516,585301.3552036284,175.5904065610885,0.0,filled
2017-05-23,SZ000921,buy,3300,3300,11.80418321418762,38953.80460681915,11.686141382045744,0.0,filled
2017-05-23,SZ002035,buy,43300,43300,13.551126662254331,586763.7844756126,176.02913534268376,0.0,filled
2017-05-23,SZ002043,buy,8100,8100,11.866399184226989,96117.83339223861,28.83535001767158,0.0,filled
2017-05-23,SZ002092,buy,53100,53100,11.043863068580626,586429.1289416312,175.92873868248932,0.0,filled
2017-05-23,SZ002508,buy,800,800,37.59239492797851,30073.91594238281,9.022174782714842,0.0,filled
2017-05-23,SZ002558,buy,13100,13100,44.6540760192871,584968.3958526611,175.49051875579832,0.0,filled
2017-05-23,SZ002793,buy,39600,39600,14.821903577804564,586947.3816810608,176.08421450431823,0.0,filled
2017-05-23,SZ300121,buy,5000,5000,9.550686470031737,47753.432350158684,14.326029705047604,0.0,filled
2017-05-23,SZ300376,buy,26900,26900,8.439509989738463,227022.81872396465,68.10684561718939,0.0,filled
2017-05-23,SZ300482,buy,20600,3100,28.47577016830444,88274.88752174376,26.482466256523125,0.0,partial_volume_or_cash
2017-05-23,SZ300506,buy,45200,100,12.970850310325622,1297.0850310325623,5.0,0.0,partial_volume_or_cash
2017-06-22,SH600179,sell,1600,1600,11.852328769683838,18963.72603149414,5.689117809448242,18.96372603149414,filled
2017-06-22,SH600293,sell,65500,65500,9.745897727966309,638356.3011817932,191.50689035453794,638.3563011817932,filled
2017-06-22,SH600309,sell,2300,2300,23.229383319854737,53427.5816356659,16.02827449069977,53.4275816356659,filled
2017-06-22,SH600338,sell,400,400,23.65890598869324,9463.562395477295,5.0,9.463562395477295,filled
2017-06-22,SH600507,sell,6300,6300,3.5465754733085633,22343.425481843948,6.703027644553184,22.343425481843948,filled
2017-06-22,SH600816,sell,4400,4400,9.28269543170929,40843.859899520874,12.253157969856261,40.84385989952087,filled
2017-06-22,SH603338,sell,1300,1300,22.993805992126465,29891.947789764403,8.96758433692932,29.891947789764405,filled
2017-06-22,SZ000065,sell,38900,38900,16.414500160217287,638524.0562324525,191.55721686973573,638.5240562324525,filled
2017-06-22,SZ000568,sell,13500,13500,46.9416778678894,633712.651216507,190.11379536495207,633.712651216507,filled
2017-06-22,SZ000921,sell,6400,6400,14.316031004905701,91622.59843139649,27.486779529418943,91.62259843139648,filled
2017-06-22,SZ002035,sell,43300,43300,14.635110486030579,633700.2840451241,190.11008521353722,633.7002840451241,filled
2017-06-22,SZ002043,sell,400,400,12.648522173881531,5059.4088695526125,5.0,5.0594088695526125,filled
2017-06-22,SZ002120,sell,2300,2300,18.357661560058595,42222.62158813477,12.666786476440429,42.22262158813477,filled
2017-06-22,SZ002271,sell,3000,3000,13.659453094482421,40978.359283447266,12.293507785034178,40.97835928344727,filled
2017-06-22,SZ002508,sell,500,500,40.97052410888672,20485.26205444336,6.145578616333007,20.48526205444336,filled
2017-06-22,SZ002597,sell,32700,32700,19.696763774871826,644084.1754383087,193.2252526314926,644.0841754383088,filled
2017-06-22,SZ002793,sell,39600,39600,13.26672449684143,525362.2900749206,157.60868702247618,525.3622900749207,filled
2017-06-22,SZ300115,sell,25500,25500,24.160063722610474,616081.6249265671,184.8244874779701,616.0816249265671,filled
2017-06-22,SZ300121,sell,4800,4800,10.950682528495788,52563.27613677978,15.768982841033932,52.56327613677978,filled
2017-06-22,SZ300136,sell,200,200,38.62685800552368,7725.371601104736,5.0,7.725371601104737,filled
2017-06-22,SZ300156,sell,17600,17600,32.05636293411255,564191.9876403809,169.25759629211424,564.1919876403808,filled
2017-06-22,SZ300296,sell,45400,45400,12.540243567466735,569327.0579629898,170.7981173888969,569.3270579629898,filled
2017-06-22,SZ300376,sell,1100,1100,9.05928244113922,9965.210685253143,5.0,9.965210685253144,filled
2017-06-22,SH600211,buy,20000,20000,31.012764696121213,620255.2939224242,186.07658817672726,0.0,filled
2017-06-22,SH600340,buy,25700,25700,24.094086877822875,619218.0327600479,185.76540982801436,0.0,filled
2017-06-22,SH600452,buy,4200,4200,11.157101040840148,46859.82437152862,14.057947311458586,0.0,filled
2017-06-22,SH600477,buy,1000,1000,6.316341922760009,6316.341922760009,5.0,0.0,filled
2017-06-22,SH600487,buy,34900,34900,17.758211357116696,619761.5763633727,185.92847290901182,0.0,filled
2017-06-22,SH600681,buy,79900,79900,7.771587810039519,620949.8660221576,186.28495980664727,0.0,filled
2017-06-22,SZ000011,buy,33600,33600,18.48635194778442,621141.4254455565,186.34242763366694,0.0,filled
2017-06-22,SZ000049,buy,17900,17900,34.58556877899169,619081.6811439513,185.72450434318537,0.0,filled
2017-06-22,SZ001979,buy,35500,35500,17.4625210647583,619919.4977989196,185.97584933967585,0.0,filled
2017-06-22,SZ002092,buy,2000,2000,11.27468543434143,22549.37086868286,6.764811260604858,0.0,filled
2017-06-22,SZ002434,buy,43900,43900,14.147519998550413,621076.1279363631,186.3228383809089,0.0,filled
2017-06-22,SZ002558,buy,1100,1100,43.53035286331176,47883.38814964294,14.36501644489288,0.0,filled
2017-06-22,SZ300072,buy,2400,2400,28.316767330169675,67960.24159240723,20.388072477722165,0.0,filled
2017-06-22,SZ300415,buy,48600,48600,12.77590859222412,620909.1575820922,186.27274727462765,0.0,filled
2017-06-22,SZ300482,buy,17900,4200,29.464638755798337,123751.48277435302,37.1254448323059,0.0,partial_volume_or_cash
2017-06-22,SZ300506,buy,43800,100,14.135733206748961,1413.5733206748962,5.0,0.0,partial_volume_or_cash
2017-07-24,SH600309,sell,4300,4300,27.66856609725952,118974.83421821594,35.69245026546478,118.97483421821595,filled
2017-07-24,SH600338,sell,26200,26200,27.223310199737547,713250.7272331237,213.9752181699371,713.2507272331237,filled
2017-07-24,SH600487,sell,1300,1300,18.43963745498657,23971.52869148254,7.191458607444762,23.97152869148254,filled
2017-07-24,SH600507,sell,53900,53900,5.123849274158478,276175.475877142,82.85264276314258,276.175475877142,filled
2017-07-24,SH600681,sell,900,900,7.840616024494171,7056.554422044754,5.0,7.056554422044754,filled
2017-07-24,SH600816,sell,12800,12800,11.474117729187011,146868.70693359373,44.060612080078116,146.86870693359373,filled
2017-07-24,SZ000049,sell,17900,17900,34.680612888336185,620782.9707012178,186.2348912103653,620.7829707012178,filled
2017-07-24,SZ002043,sell,100,100,12.665952198028565,1266.5952198028565,5.0,1.2665952198028565,filled
2017-07-24,SZ002092,sell,13600,13600,14.905262998580932,202711.57678070068,60.8134730342102,202.71157678070068,filled
2017-07-24,SZ002120,sell,33700,33700,17.63949121284485,594450.8538728714,178.3352561618614,594.4508538728713,filled
2017-07-24,SZ002271,sell,1800,1800,14.194636293411255,25550.345328140258,7.665103598442077,25.55034532814026,filled
2017-07-24,SZ002434,sell,43900,43900,12.966161141395569,569214.4741072655,170.76434223217962,569.2144741072655,filled
2017-07-24,SZ300121,sell,56600,56600,9.966419211387635,564099.3273645401,169.229798209362,564.09932736454,filled
2017-07-24,SZ300415,sell,48600,48600,12.624685103416443,613559.6960260391,184.0679088078117,613.5596960260391,filled
2017-07-24,SZ300482,sell,7300,7300,24.359854957580566,177826.94119033814,53.34808235710144,177.82694119033815,filled
2017-07-24,SZ300506,sell,200,200,12.27978212928772,2455.9564258575438,5.0,2.455956425857544,filled
2017-07-24,SH600179,buy,2300,2300,11.358249750137327,26123.974425315853,7.837192327594756,0.0,filled
2017-07-24,SH600211,buy,2800,2800,27.20455889701843,76172.7649116516,22.851829473495478,0.0,filled
2017-07-24,SH600340,buy,3200,3200,21.44417513275146,68621.36042480468,20.586408127441402,0.0,filled
2017-07-24,SH600452,buy,2500,2500,10.670656983375547,26676.64245843887,8.00299273753166,0.0,filled
2017-07-24,SH600477,buy,6700,6700,5.909430787086486,39593.186273479456,11.877955882043835,0.0,filled
2017-07-24,SH600781,buy,26300,26300,23.586988489150997,620337.7972646712,186.10133917940135,0.0,filled
2017-07-24,SH601127,buy,31900,31900,19.428583139419555,619771.8021474838,185.93154064424513,0.0,filled
2017-07-24,SH603338,buy,2800,2800,20.89717520332336,58512.09056930541,17.55362717079162,0.0,filled
2017-07-24,SZ000011,buy,2300,2300,17.2898975944519,39766.76446723937,11.93002934017181,0.0,filled
2017-07-24,SZ000036,buy,92000,92000,6.741525592803955,620220.3545379639,186.06610636138913,0.0,filled
2017-07-24,SZ000921,buy,1700,1700,13.793487616539,23448.9289481163,7.03467868443489,0.0,filled
2017-07-24,SZ001979,buy,900,900,17.02289387321472,15320.604485893247,5.0,0.0,filled
2017-07-24,SZ002236,buy,26600,26600,23.2542548122406,618563.1780056,185.56895340167998,0.0,filled
2017-07-24,SZ002415,buy,21600,21600,28.700957365036007,619940.6790847777,185.9822037254333,0.0,filled
2017-07-24,SZ002475,buy,65700,65700,9.441793964385985,620325.8634601592,186.09775903804774,0.0,filled
2017-07-24,SZ002508,buy,800,800,38.9470387763977,31157.63102111816,9.347289306335448,0.0,filled
2017-07-24,SZ002558,buy,800,800,41.33751890945434,33070.01512756347,9.92100453826904,0.0,filled
2017-07-24,SZ002572,buy,16800,13300,36.87275816345215,490407.6835739135,147.12230507217404,0.0,partial_volume_or_cash
2017-07-24,SZ300072,buy,3400,100,24.52755290031433,2452.755290031433,5.0,0.0,partial_volume_or_cash
2017-08-22,SH600179,sell,4400,4400,12.588536024093628,55389.55850601196,16.616867551803587,55.389558506011966,filled
2017-08-22,SH600211,sell,22800,22800,26.661279333114624,607877.1687950135,182.363150638504,607.8771687950135,filled
2017-08-22,SH600309,sell,1900,1900,30.9082488155365,58725.67274951935,17.617701824855803,58.72567274951935,filled
2017-08-22,SH600340,sell,28900,28900,22.683127601623536,655542.3876869202,196.66271630607605,655.5423876869203,filled
2017-08-22,SH600452,sell,58100,58100,10.351039203643799,601395.3777317047,180.4186133195114,601.3953777317048,filled
2017-08-22,SH600477,sell,105000,105000,7.776309762954712,816512.5251102448,244.9537575330734,816.5125251102447,filled
2017-08-22,SH600487,sell,1800,1800,19.85252216720581,35734.539900970456,10.720361970291135,35.734539900970454,filled
2017-08-22,SH600507,sell,18600,18600,6.183245093822479,115008.35874509811,34.50250762352943,115.00835874509812,filled
2017-08-22,SH600681,sell,79000,79000,9.131046123504639,721352.6437568665,216.40579312705992,721.3526437568664,filled
2017-08-22,SH600781,sell,800,800,24.78855828666687,19830.846629333497,5.949253988800049,19.830846629333497,filled
2017-08-22,SH601127,sell,31900,31900,19.46472675704956,620924.783549881,186.27743506496427,620.924783549881,filled
2017-08-22,SH603010,sell,30000,30000,13.573803508758544,407214.10526275635,122.1642315788269,407.21410526275633,filled
2017-08-22,SH603338,sell,29700,29700,22.243281251907348,660625.4531816483,198.18763595449445,660.6254531816483,filled
2017-08-22,SZ002092,sell,400,400,15.39491948890686,6157.967795562744,5.0,6.157967795562744,filled
2017-08-22,SZ002236,sell,600,600,24.28948701095581,14573.692206573485,5.0,14.573692206573485,filled
2017-08-22,SZ002415,sell,21600,21600,28.866313150405883,623512.364048767,187.0537092146301,623.512364048767,filled
2017-08-22,SZ002508,sell,15900,15900,36.28592049407959,576946.1358558654,173.08384075675963,576.9461358558655,filled
2017-08-22,SZ002558,sell,15000,15000,42.5264655418396,637896.983127594,191.36909493827818,637.896983127594,filled
2017-08-22,SH600258,buy,27400,27400,23.10561541557312,633093.8623867035,189.92815871601104,0.0,filled
2017-08-22,SH600406,buy,46900,46900,13.51282794189453,633751.6304748534,190.12548914245602,0.0,filled
2017-08-22,SH600779,buy,20400,20400,31.05911570358276,633605.9603530882,190.08178810592645,0.0,filled
2017-08-22,SH600816,buy,5300,5300,10.690695579528807,56660.68657150268,16.9982059714508,0.0,filled
2017-08-22,SH600856,buy,57500,57500,11.019385452270507,633614.6635055542,190.08439905166625,0.0,filled
2017-08-22,SZ000006,buy,86100,86100,7.356580951690673,633401.619940567,190.02048598217007,0.0,filled
2017-08-22,SZ000011,buy,1800,1800,16.813612688064573,30264.502838516233,9.079350851554869,0.0,filled
2017-08-22,SZ000036,buy,7300,7300,6.379075778484344,46567.25318293571,13.970175954880713,0.0,filled
2017-08-22,SZ000049,buy,17300,17300,36.57667838287353,632776.5360237121,189.83296080711364,0.0,filled
2017-08-22,SZ000921,buy,8300,8300,11.89152499294281,98699.65744142531,29.609897232427592,0.0,filled
2017-08-22,SZ000968,buy,45500,45500,13.933876163482665,633991.3654384613,190.19740963153836,0.0,filled
2017-08-22,SZ001979,buy,2700,2700,16.19913392448425,43737.66159610748,13.121298478832243,0.0,filled
2017-08-22,SZ002043,buy,4100,4100,11.94213268661499,48962.74401512146,14.688823204536437,0.0,filled
2017-08-22,SZ002050,buy,70400,70400,9.001040311813354,633673.2379516601,190.101971385498,0.0,filled
2017-08-22,SZ002061,buy,57100,57100,11.084536903381347,632927.0571830749,189.87811715492245,0.0,filled
2017-08-22,SZ002271,buy,2700,2700,13.683046704292297,36944.2261015892,11.083267830476759,0.0,filled
2017-08-22,SZ002475,buy,900,900,9.518711205482482,8566.840084934234,5.0,0.0,filled
2017-08-22,SZ002572,buy,4200,4200,36.19166927719116,152005.01096420287,45.601503289260855,0.0,filled
2017-08-22,SZ300072,buy,3900,3900,24.42893982887268,95272.86533260344,28.58185959978103,0.0,filled
2017-08-22,SZ300136,buy,300,300,38.75250086593628,11625.750259780883,5.0,0.0,filled
2017-08-22,SZ300393,buy,57200,57200,11.083271066665649,633963.1050132752,190.18893150398253,0.0,filled
2017-08-22,SZ300415,buy,44400,18200,14.254286547660826,259428.01516742702,77.8284045502281,0.0,partial_volume_or_cash
2017-09-22,SH600179,sell,50200,50200,12.427952101707458,623883.1955057144,187.1649586517143,623.8831955057144,filled
2017-09-22,SH600258,sell,27400,27400,24.49104077911377,671054.5173477173,201.3163552043152,671.0545173477174,filled
2017-09-22,SH600309,sell,1800,1800,34.2353341255188,61623.60142593383,18.48708042778015,61.623601425933835,filled
2017-09-22,SH600487,sell,1800,1800,21.217153484344482,38190.87627182007,11.457262881546018,38.190876271820066,filled
2017-09-22,SH600779,sell,2300,2300,35.24319061660766,81059.33841819763,24.317801525459288,81.05933841819763,filled
2017-09-22,SH600816,sell,59300,59300,9.832688673019408,583078.4383100509,174.92353149301525,583.0784383100508,filled
2017-09-22,SH600856,sell,57500,57500,10.761589393615722,618791.390132904,185.6374170398712,618.7913901329041,filled
2017-09-22,SZ000011,sell,37700,37700,17.83662435722351,672440.7382673264,201.7322214801979,672.4407382673264,filled
2017-09-22,SZ000036,sell,99300,99300,6.424007603645324,637903.9550419807,191.3711865125942,637.9039550419807,filled
2017-09-22,SZ000921,sell,53300,53300,12.084248602867126,644090.4505328177,193.22713515984532,644.0904505328177,filled
2017-09-22,SZ000968,sell,45500,45500,14.612388098716735,664863.6584916115,199.45909754748342,664.8636584916115,filled
2017-09-22,SZ001979,sell,39100,39100,16.671203115463257,651844.0418146134,195.553212544384,651.8440418146134,filled
2017-09-22,SZ002043,sell,53000,53000,11.36667465877533,602433.7569150925,180.73012707452773,602.4337569150924,filled
2017-09-22,SZ002050,sell,2900,2900,9.44621087551117,27394.01153898239,8.218203461694717,27.39401153898239,filled
2017-09-22,SZ002271,sell,2700,2700,14.623219579696656,39482.69286518097,11.84480785955429,39.48269286518097,filled
2017-09-22,SZ300072,sell,25900,25900,23.76646433830261,615551.4263620377,184.6654279086113,615.5514263620377,filled
2017-09-22,SZ300136,sell,500,500,40.213366527557376,20106.683263778687,6.032004979133605,20.106683263778688,filled
2017-09-22,SZ300393,sell,1600,1600,11.464782019615173,18343.651231384276,5.503095369415282,18.343651231384275,filled
2017-09-22,SZ300415,sell,18200,18200,13.462750579833985,245022.06055297854,73.50661816589356,245.02206055297853,filled
2017-09-22,SH600230,buy,16300,16300,39.0721943244934,636876.7674892425,191.06303024677274,0.0,filled
2017-09-22,SH600338,buy,19900,19900,32.072151653289794,638235.8179004668,191.47074537014004,0.0,filled
2017-09-22,SH600406,buy,3800,3800,12.596390798568724,47866.28503456115,14.359885510368343,0.0,filled
2017-09-22,SH600507,buy,7900,7900,5.798526880264282,45808.362354087825,13.742508706226346,0.0,filled
2017-09-22,SH600519,buy,1300,1300,473.2440725708007,615217.2943420409,184.56518830261226,0.0,filled
2017-09-22,SH600690,buy,48000,48000,13.298898673057554,638347.1363067626,191.50414089202874,0.0,filled
2017-09-22,SH600781,buy,1800,1800,23.386652168273923,42095.97390289306,12.628792170867918,0.0,filled
2017-09-22,SH603986,buy,13700,13700,46.57016331863403,638011.2374652862,191.40337123958582,0.0,filled
2017-09-22,SZ000049,buy,1400,1400,34.111233222961424,47755.72651214599,14.326717953643797,0.0,filled
2017-09-22,SZ000333,buy,16200,16200,39.30848384475708,636797.4382850647,191.03923148551937,0.0,filled
2017-09-22,SZ000627,buy,71000,71000,9.004200130462646,639298.2092628479,191.78946277885436,0.0,filled
2017-09-22,SZ002008,buy,15600,15600,40.770141490936275,636014.2072586059,190.80426217758173,0.0,filled
2017-09-22,SZ002061,buy,1400,1400,10.925640983581541,15295.897377014158,5.0,0.0,filled
2017-09-22,SZ002092,buy,1600,1600,14.974971493721007,23959.95438995361,7.187986316986082,0.0,filled
2017-09-22,SZ002236,buy,1600,1600,23.118680454254147,36989.88872680663,11.09696661804199,0.0,filled
2017-09-22,SZ002460,buy,11300,11300,56.341708702087395,636661.3083335876,190.99839250007625,0.0,filled
2017-09-22,SZ002475,buy,4200,4200,9.026352272987365,37910.67954654693,11.37320386396408,0.0,filled
2017-09-22,SZ002572,buy,100,100,36.19144780349731,3619.1447803497313,5.0,0.0,filled
2017-09-22,SZ002597,buy,33200,33200,19.229134622573852,638407.2694694519,191.52218084083555,0.0,filled
2017-09-22,SZ002677,buy,45700,45700,13.990755763053892,639377.5383715628,191.81326151146882,0.0,filled
2017-09-22,SZ300355,buy,55100,18200,11.604827296257017,211207.8567918777,63.36235703756331,0.0,partial_volume_or_cash
2017-10-30,SH600406,sell,50700,50700,12.788174823760986,648360.463564682,194.5081390694046,648.360463564682,filled
2017-10-30,SH600487,sell,2000,2000,24.231380578994752,48462.7611579895,14.53882834739685,48.462761157989505,filled
2017-10-30,SH600519,sell,200,200,611.212455505371,122242.4911010742,36.67274733032226,122.24249110107421,filled
2017-10-30,SH600690,sell,4300,4300,15.49975305747986,66648.9381471634,19.994681444149016,66.64893814716339,filled
2017-10-30,SH600779,sell,1700,1700,41.16070239257812,69973.1940673828,20.99195822021484,69.9731940673828,filled
2017-10-30,SH603986,sell,13700,13700,53.55587995147705,733715.5553352357,220.11466660057067,733.7155553352356,filled
2017-10-30,SZ000333,sell,1700,1700,46.49498145675659,79041.4684764862,23.71244054294586,79.0414684764862,filled
2017-10-30,SZ002008,sell,1400,1400,47.75445146942139,66856.23205718995,20.056869617156984,66.85623205718994,filled
2017-10-30,SZ002061,sell,58500,58500,12.829642942428588,750534.1121320724,225.1602336396217,750.5341121320724,filled
2017-10-30,SZ002236,sell,900,900,25.351751472473143,22816.57632522583,6.844972897567748,22.81657632522583,filled
2017-10-30,SZ002475,sell,70800,70800,11.311195830345154,800832.664788437,240.24979943653108,800.832664788437,filled
2017-10-30,SZ002597,sell,2900,2900,22.355717531204224,64831.58084049225,19.449474252147674,64.83158084049225,filled
2017-10-30,SZ002677,sell,45700,45700,15.313267518997192,699816.3256181717,209.9448976854515,699.8163256181717,filled
2017-10-30,SZ300136,sell,2300,2300,50.10532395172119,115242.24508895873,34.572673526687616,115.24224508895874,filled
2017-10-30,SZ300393,sell,55600,55600,10.352415884971618,575594.323204422,172.6782969613266,575.594323204422,filled
2017-10-30,SH600230,buy,2300,2300,36.556165336608885,84079.18027420044,25.22375408226013,0.0,filled
2017-10-30,SH600309,buy,1400,1400,33.86515685653686,47411.219599151606,14.223365879745481,0.0,filled
2017-10-30,SH600338,buy,2800,2800,29.857552181243893,83601.1461074829,25.080343832244868,0.0,filled
2017-10-30,SH600507,buy,2700,2700,6.022616732120513,16261.065176725384,5.0,0.0,filled
2017-10-30,SH600781,buy,5300,5300,20.84520334625244,110479.57773513794,33.14387332054138,0.0,filled
2017-10-30,SZ000049,buy,1800,1800,33.1418046798706,59655.24842376709,17.896574527130124,0.0,filled
2017-10-30,SZ000627,buy,5900,5900,8.83942561149597,52152.611107826226,15.645783332347866,0.0,filled
2017-10-30,SZ000651,buy,17700,17700,38.236478614807126,676785.6714820862,203.03570144462583,0.0,filled
2017-10-30,SZ002050,buy,200,200,10.036464197158812,2007.2928394317626,5.0,0.0,filled
2017-10-30,SZ002092,buy,5300,5300,14.166267937660216,75081.22006959915,22.524366020879743,0.0,filled
2017-10-30,SZ002127,buy,68100,68100,9.971987668037414,679092.3601933479,203.72770805800437,0.0,filled
2017-10-30,SZ002271,buy,1200,1200,15.166008783340452,18199.210540008542,5.459763162002562,0.0,filled
2017-10-30,SZ002460,buy,1100,1100,54.552896224975576,60008.185847473134,18.00245575424194,0.0,filled
2017-10-30,SZ002466,buy,13000,13000,52.20953652954101,678723.9748840332,203.61719246520994,0.0,filled
2017-10-30,SZ002507,buy,40600,40600,16.719757482528685,678822.1537906646,203.64664613719938,0.0,filled
2017-10-30,SZ002572,buy,1000,1000,36.485996360778806,36485.99636077881,10.945798908233641,0.0,filled
2017-10-30,SZ300014,buy,56800,56800,11.955373376846312,679065.2078048706,203.71956234146114,0.0,filled
2017-10-30,SZ300296,buy,48100,48100,14.117589547157285,679056.0572182655,203.71681716547963,0.0,filled
2017-10-30,SZ300355,buy,31000,10100,13.820877802848814,139590.86580877303,41.87725974263191,0.0,partial_volume_or_cash
2017-11-22,SH600230,sell,18600,18600,32.610065116882325,606547.2111740112,181.96416335220334,606.5472111740113,filled
2017-11-22,SH600309,sell,100,100,35.37356090927124,3537.356090927124,5.0,3.537356090927124,filled
2017-11-22,SH600338,sell,22700,22700,28.164531503677367,639334.8651334762,191.80045954004285,639.3348651334762,filled
2017-11-22,SH600487,sell,5800,5800,31.680021131515502,183744.1225627899,55.12323676883697,183.74412256278993,filled
2017-11-22,SH600507,sell,8400,8400,6.748188903808594,56684.78679199219,17.005436037597654,56.684786791992195,filled
2017-11-22,SH600519,sell,100,100,643.4826432495117,64348.264324951175,19.30447929748535,64.34826432495117,filled
2017-11-22,SH600690,sell,6200,6200,18.794775506973266,116527.60814323425,34.95828244297027,116.52760814323425,filled
2017-11-22,SH600779,sell,800,800,45.086627883911135,36069.302307128906,10.82079069213867,36.06930230712891,filled
2017-11-22,SH600781,sell,3100,3100,23.845069507598875,73919.71547355651,22.175914642066953,73.91971547355651,filled
2017-11-22,SZ000049,sell,20500,20500,33.36468465042114,683976.0353336333,205.19281060008998,683.9760353336334,filled
2017-11-22,SZ000333,sell,1100,1100,52.29789237213135,57527.68160934449,17.258304482803343,57.52768160934449,filled
2017-11-22,SZ000627,sell,7100,7100,10.098420561790466,71698.7859887123,21.50963579661369,71.6987859887123,filled
2017-11-22,SZ000651,sell,17700,17700,41.60233032989502,736361.2468391418,220.90837405174253,736.3612468391418,filled
2017-11-22,SZ002008,sell,2100,2100,58.048422706604,121901.6876838684,36.570506305160514,121.9016876838684,filled
2017-11-22,SZ002050,sell,67700,67700,9.75897286605835,660682.4630321503,198.20473890964507,660.6824630321503,filled
2017-11-22,SZ002127,sell,68100,68100,8.707079721450805,592952.1290307998,177.88563870923994,592.9521290307998,filled
2017-11-22,SZ002236,sell,1500,1500,27.978785276412964,41968.177914619446,12.590453374385833,41.968177914619446,filled
2017-11-22,SZ002271,sell,44800,44800,14.53979078578949,651382.6272033692,195.41478816101073,651.3826272033692,filled
2017-11-22,SZ002507,sell,40600,40600,18.34883936691284,744962.8782966613,223.48886348899836,744.9628782966613,filled
2017-11-22,SZ002572,sell,18600,18600,34.13375886154175,634887.9148246766,190.46637444740296,634.8879148246766,filled
2017-11-22,SZ002597,sell,30300,30300,24.516992889404296,742864.8845489501,222.859465364685,742.8648845489502,filled
2017-11-22,SZ300014,sell,56800,56800,10.320586441040039,586209.3098510742,175.86279295532225,586.2093098510743,filled
2017-11-22,SZ300136,sell,1600,1600,59.03440854263306,94455.0536682129,28.336516100463868,94.4550536682129,filled
2017-11-22,SZ300296,sell,1700,1700,15.19746813583374,25835.695830917357,7.750708749275207,25.83569583091736,filled
2017-11-22,SH600809,buy,18200,18200,38.83080709075927,706720.6890518188,212.01620671554562,0.0,filled
2017-11-22,SH601012,buy,41400,41400,17.0710013961792,706739.4578018188,212.02183734054563,0.0,filled
2017-11-22,SH601155,buy,33100,33100,21.295304716110227,704874.5861032485,211.46237583097454,0.0,filled
2017-11-22,SH603338,buy,26600,26600,26.53087601470947,705721.3019912719,211.71639059738155,0.0,filled
2017-11-22,SZ000786,buy,28700,28700,24.570060575485225,705160.738516426,211.54822155492778,0.0,filled
2017-11-22,SZ002019,buy,32900,32900,21.450464221954345,705720.2729022979,211.71608187068935,0.0,filled
2017-11-22,SZ002035,buy,37700,37700,18.708327775955198,705303.957153511,211.59118714605327,0.0,filled
2017-11-22,SZ002092,buy,5800,5800,13.124921540260313,76124.54493350982,22.837363480052947,0.0,filled
2017-11-22,SZ002310,buy,34900,34900,20.210293634414672,705339.247841072,211.6017743523216,0.0,filled
2017-11-22,SZ002366,buy,22200,22200,31.78315521240234,705586.045715332,211.6758137145996,0.0,filled
2017-11-22,SZ002415,buy,17800,17800,39.500661914825436,703111.7820838927,210.9335346251678,0.0,filled
2017-11-22,SZ002460,buy,2400,2400,47.46552800369262,113917.26720886228,34.175180162658684,0.0,filled
2017-11-22,SZ002466,buy,900,900,50.52466776657104,45472.20098991394,13.64166029697418,0.0,filled
2017-11-22,SZ002812,buy,22100,22100,31.930068641662594,705654.5169807433,211.69635509422295,0.0,filled
2017-11-22,SZ300274,buy,36900,11500,19.132432716369628,220022.97623825073,66.00689287147522,0.0,partial_volume_or_cash
2017-12-22,SH600487,sell,100,100,30.02964221763611,3002.964221763611,5.0,3.002964221763611,filled
2017-12-22,SH600690,sell,500,500,17.90358346939087,8951.791734695435,5.0,8.951791734695435,filled
2017-12-22,SH600779,sell,1100,1100,45.65055085372925,50215.60593910218,15.064681781730652,50.215605939102176,filled
2017-12-22,SH600809,sell,18200,18200,39.68163027191162,722205.6709487916,216.66170128463745,722.2056709487915,filled
2017-12-22,SH601155,sell,5200,5200,23.714954544067382,123317.76362915039,36.995329088745116,123.31776362915039,filled
2017-12-22,SH603338,sell,26600,26600,27.524842472076415,732160.8097572327,219.64824292716978,732.1608097572326,filled
2017-12-22,SZ000333,sell,300,300,50.53519912719727,15160.55973815918,5.0,15.16055973815918,filled
2017-12-22,SZ002019,sell,1200,1200,20.891997550964355,25070.397061157226,7.521119118347167,25.070397061157227,filled
2017-12-22,SZ002035,sell,37700,37700,18.347606546401977,691704.7667993546,207.51143003980636,691.7047667993546,filled
2017-12-22,SZ002092,sell,53800,53800,12.625338669776916,679243.220433998,203.7729661301994,679.2432204339981,filled
2017-12-22,SZ002310,sell,2000,2000,20.140750648498535,40281.50129699707,12.08445038909912,40.28150129699707,filled
2017-12-22,SZ002415,sell,17800,17800,37.09373232650757,660268.4354118347,198.0805306235504,660.2684354118347,filled
2017-12-22,SZ002460,sell,400,400,46.00887289810181,18403.549159240723,5.521064747772217,18.403549159240725,filled
2017-12-22,SZ300376,sell,68400,68400,7.061545868396759,483009.7373983383,144.90292121950148,483.0097373983383,filled
2017-12-22,SH600179,buy,39900,39900,16.66052090644836,664754.7841672896,199.42643525018687,0.0,filled
2017-12-22,SH600230,buy,24500,24500,27.086419864654538,663617.2866840361,199.08518600521083,0.0,filled
2017-12-22,SH600338,buy,23300,23300,28.476478502273558,663501.9491029739,199.05058473089215,0.0,filled
2017-12-22,SH600507,buy,1500,1500,6.275164521694182,9412.746782541273,5.0,0.0,filled
2017-12-22,SH600781,buy,2900,2900,20.507984827041625,59473.15599842071,17.841946799526212,0.0,filled
2017-12-22,SH601012,buy,3200,3200,14.886473660469054,47636.71571350098,14.291014714050291,0.0,filled
2017-12-22,SZ000301,buy,133400,133400,4.9865327215194695,665203.4650506972,199.56103951520913,0.0,filled
2017-12-22,SZ000627,buy,6900,6900,8.664929161071777,59788.011211395264,17.936403363418577,0.0,filled
2017-12-22,SZ000786,buy,3000,3000,20.965486473083494,62896.45941925048,18.86893782577514,0.0,filled
2017-12-22,SZ000921,buy,52300,52300,12.699272011756896,664171.9262148857,199.25157786446567,0.0,filled
2017-12-22,SZ002008,buy,500,500,52.7621553993225,26381.07769966125,7.914323309898375,0.0,filled
2017-12-22,SZ002061,buy,47300,46900,14.044579598426818,658690.7831662177,197.6072349498653,0.0,partial_volume_or_cash
2017-12-22,SZ300296,buy,3800,100,13.24067495727539,1324.067495727539,5.0,0.0,partial_volume_or_cash
2018-01-23,SH600179,sell,800,800,17.404317838668824,13923.454270935059,5.0,13.923454270935059,filled
2018-01-23,SH600230,sell,24500,24500,32.98696521377563,808180.647737503,242.4541943212509,808.180647737503,filled
2018-01-23,SH600338,sell,23300,23300,25.731067668914793,599533.8766857147,179.86016300571438,599.5338766857147,filled
2018-01-23,SH600487,sell,22100,22100,28.414809310913085,627967.2857711792,188.39018573135377,627.9672857711793,filled
2018-01-23,SH600507,sell,13800,13800,7.37811969423294,101818.05178041458,30.54541553412437,101.81805178041458,filled
2018-01-23,SH600519,sell,100,100,739.300974609375,73930.0974609375,22.17902923828125,73.9300974609375,filled
2018-01-23,SH600690,sell,4600,4600,20.975932239532472,96489.28830184937,28.94678649055481,96.48928830184937,filled
2018-01-23,SH600779,sell,800,800,49.699358253479005,39759.4866027832,11.92784598083496,39.759486602783205,filled
2018-01-23,SH600781,sell,1200,1200,21.783267711639404,26139.921253967284,7.841976376190185,26.139921253967284,filled
2018-01-23,SH601155,sell,6000,6000,30.967464214324952,185804.7852859497,55.741435585784906,185.80478528594972,filled
2018-01-23,SZ000301,sell,133400,133400,5.599812310695648,747014.9622467994,224.1044886740398,747.0149622467994,filled
2018-01-23,SZ000333,sell,900,900,55.73899357223511,50165.094215011595,15.049528264503477,50.1650942150116,filled
2018-01-23,SZ000786,sell,1900,1900,22.849144889831543,43413.37529067993,13.024012587203977,43.41337529067993,filled
2018-01-23,SZ000921,sell,2700,2700,13.703249662399292,36998.77408847809,11.099632226543426,36.998774088478086,filled
2018-01-23,SZ002466,sell,13900,13900,42.55518816375732,591517.1154762268,177.45513464286802,591.5171154762268,filled
2018-01-23,SH601012,buy,2400,2400,14.490081570625303,34776.19576950073,10.432858730850217,0.0,filled
2018-01-23,SH603338,buy,28400,28400,23.97713540267944,680950.6454360961,204.28519363082881,0.0,filled
2018-01-23,SZ000627,buy,4400,4400,8.41300569820404,37017.225072097775,11.105167521629332,0.0,filled
2018-01-23,SZ002008,buy,200,200,53.007311504364004,10601.462300872801,5.0,0.0,filled
2018-01-23,SZ002019,buy,2300,2300,20.054171863555904,46124.59528617858,13.837378585853571,0.0,filled
2018-01-23,SZ002035,buy,32900,32900,20.727100589752194,681921.6094028471,204.57648282085412,0.0,filled
2018-01-23,SZ002061,buy,1500,1500,14.075208837509154,21112.81325626373,6.333843976879118,0.0,filled
2018-01-23,SZ002110,buy,57400,57400,11.870155645370483,681346.9340442658,204.4040802132797,0.0,filled
2018-01-23,SZ002236,buy,1700,1700,25.325146495819087,43052.74904289245,12.915824712867733,0.0,filled
2018-01-23,SZ002310,buy,3300,3300,18.81865795135498,62101.57123947143,18.630471371841427,0.0,filled
2018-01-23,SZ002415,buy,17500,17500,38.859682678222654,680044.4468688965,204.01333406066894,0.0,filled
2018-01-23,SZ002460,buy,2900,2900,39.24711653900146,113816.63796310424,34.14499138893127,0.0,filled
2018-01-23,SZ002812,buy,3800,3800,26.2434146156311,99724.97553939818,29.917492661819452,0.0,filled
2018-01-23,SZ300136,buy,4500,4500,41.55617454147338,187002.78543663022,56.10083563098906,0.0,filled
2018-01-23,SZ300274,buy,29300,29300,16.707045656204222,489516.43772678374,146.8549313180351,0.0,filled
2018-01-23,SZ300296,buy,6000,6000,12.981123062133788,77886.73837280273,23.366021511840817,0.0,filled
2018-01-23,SZ300355,buy,27600,7300,12.200275550842283,89062.01152114867,26.7186034563446,0.0,partial_volume_or_cash
2018-03-01,SH600507,sell,18300,18300,8.96005944442749,163969.08783302305,49.19072634990691,163.96908783302305,filled
2018-03-01,SH600690,sell,32400,32400,17.959483400344848,581887.2621711731,174.56617865135192,581.8872621711731,filled
2018-03-01,SH603338,sell,1700,1700,24.76034822845459,42092.5919883728,12.627777596511839,42.092591988372796,filled
2018-03-01,SZ000627,sell,81100,81100,7.206362740516663,584436.0182559013,175.33080547677037,584.4360182559013,filled
2018-03-01,SZ000786,sell,29800,29800,22.160108739852905,660371.2404476166,198.11137213428495,660.3712404476165,filled
2018-03-01,SZ000921,sell,49600,49600,11.544318949699402,572598.2199050904,171.77946597152712,572.5982199050904,filled
2018-03-01,SZ002008,sell,900,900,55.28918367004395,49760.26530303955,14.928079590911864,49.76026530303955,filled
2018-03-01,SZ002019,sell,34000,34000,19.937836395263673,677886.4374389648,203.36593123168944,677.8864374389649,filled
2018-03-01,SZ002035,sell,32900,32900,18.164478395462037,597611.3392107011,179.2834017632103,597.6113392107011,filled
2018-03-01,SZ002061,sell,1800,1800,14.215009271621705,25587.01668891907,7.67610500667572,25.58701668891907,filled
2018-03-01,SZ002236,sell,26900,26900,27.631063201904297,743275.6001312255,222.98268003936764,743.2756001312256,filled
2018-03-01,SZ002310,sell,800,800,18.69296968460083,14954.375747680664,5.0,14.954375747680665,filled
2018-03-01,SZ002415,sell,17500,17500,39.134616188049314,684855.783290863,205.4567349872589,684.8557832908631,filled
2018-03-01,SZ002460,sell,3000,3000,46.30076363754272,138902.29091262817,41.670687273788445,138.9022909126282,filled
2018-03-01,SZ002812,sell,3400,3400,29.44537675666809,100114.2809726715,30.03428429180145,100.11428097267151,filled
2018-03-01,SZ300296,sell,4100,4100,13.67433173274994,56064.76010427475,16.819428031282424,56.06476010427475,filled
2018-03-01,SH600230,buy,21400,21400,30.91405998039245,661560.8835803985,198.46826507411953,0.0,filled
2018-03-01,SH600779,buy,2700,2700,40.33009617233276,108891.25966529845,32.66737789958953,0.0,filled
2018-03-01,SH600781,buy,6400,6400,17.66109132385254,113030.98447265624,33.90929534179687,0.0,filled
2018-03-01,SH601012,buy,1000,1000,13.834448794364928,13834.448794364927,5.0,0.0,filled
2018-03-01,SH601155,buy,1500,1500,28.267414972305296,42401.12245845795,12.720336737537384,0.0,filled
2018-03-01,SH601360,buy,12600,12600,52.4724028930664,661152.2764526367,198.345682935791,0.0,filled
2018-03-01,SH603039,buy,33200,33200,19.967814306259154,662931.4349678039,198.87943049034115,0.0,filled
2018-03-01,SH603165,buy,30400,30400,21.819765878677366,663320.8827117919,198.99626481353755,0.0,filled
2018-03-01,SH603337,buy,29900,29900,22.204360675811767,663910.3842067719,199.17311526203153,0.0,filled
2018-03-01,SH603638,buy,95800,95800,6.932050724506378,664090.459407711,199.2271378223133,0.0,filled
2018-03-01,SZ000301,buy,108000,108000,6.1491216468811025,664105.1378631591,199.2315413589477,0.0,filled
2018-03-01,SZ000333,buy,1000,1000,50.03614643859863,50036.146438598626,15.010843931579586,0.0,filled
2018-03-01,SZ002110,buy,1600,1600,11.240253911972045,17984.406259155272,5.395321877746581,0.0,filled
2018-03-01,SZ002466,buy,13100,13100,50.65467282485962,663576.214005661,199.07286420169828,0.0,filled
2018-03-01,SZ300136,buy,600,600,38.842304630279536,23305.38277816772,6.991614833450316,0.0,filled
2018-03-01,SZ300274,buy,200,200,16.18716288948059,3237.432577896118,5.0,0.0,filled
2018-03-01,SZ300355,buy,22700,700,11.390612593650816,7973.428815555571,5.0,0.0,partial_volume_or_cash
2018-03-22,SH600779,sell,1000,1000,43.11469050979614,43114.69050979614,12.934407152938842,43.11469050979614,filled
2018-03-22,SH600781,sell,2700,2700,19.12002099609375,51624.05668945312,15.487217006835936,51.62405668945312,filled
2018-03-22,SH601012,sell,1900,1900,14.485423782348633,27522.305186462403,8.25669155593872,27.522305186462404,filled
2018-03-22,SH601155,sell,2400,2400,31.71083783340454,76106.0108001709,22.83180324005127,76.1060108001709,filled
2018-03-22,SH601360,sell,12600,12600,47.256235736846925,595428.5702842713,178.62857108528135,595.4285702842712,filled
2018-03-22,SH603039,sell,33200,33200,23.274387937545775,772709.6795265197,231.8129038579559,772.7096795265197,filled
2018-03-22,SH603165,sell,300,300,22.137820793151857,6641.346237945557,5.0,6.641346237945557,filled
2018-03-22,SH603337,sell,29900,29900,22.46495838546753,671702.2557254791,201.51067671764372,671.7022557254791,filled
2018-03-22,SH603338,sell,26700,26700,25.099661590576172,670160.9644683838,201.04828934051514,670.1609644683838,filled
2018-03-22,SH603638,sell,95800,95800,7.430877552509308,711878.0695303917,213.56342085911749,711.8780695303917,filled
2018-03-22,SZ000006,sell,86100,86100,6.8601021394729615,590654.794208622,177.19643826258658,590.654794208622,filled
2018-03-22,SZ000333,sell,800,800,53.46938053894043,42775.504431152345,12.832651329345703,42.77550443115235,filled
2018-03-22,SZ002061,sell,46600,46600,13.170749324798583,613756.918535614,184.1270755606842,613.7569185356141,filled
2018-03-22,SZ002310,sell,35400,35400,18.800566143035887,665540.0414634704,199.66201243904112,665.5400414634704,filled
2018-03-22,SZ002460,sell,700,700,49.09103469085694,34363.724283599855,10.309117285079955,34.36372428359986,filled
2018-03-22,SZ002812,sell,22500,22500,35.524304180145265,799296.8440532684,239.78905321598052,799.2968440532685,filled
2018-03-22,SZ300274,sell,2400,2400,17.300917161941527,41522.20118865967,12.456660356597899,41.522201188659665,filled
2018-03-22,SZ300296,sell,4900,4900,15.333661457061767,75134.94113960266,22.540482341880793,75.13494113960266,filled
2018-03-22,SH600230,buy,200,200,30.85774074745178,6171.548149490356,5.0,0.0,filled
2018-03-22,SH600282,buy,177200,177200,3.7766474683284756,669221.9313878058,200.76657941634173,0.0,filled
2018-03-22,SH600487,buy,24400,24400,27.411636800765987,668843.9379386901,200.653181381607,0.0,filled
2018-03-22,SH600507,buy,13600,13600,7.650202565193175,104042.75488662718,31.21282646598815,0.0,filled
2018-03-22,SH600690,buy,36700,36700,18.199826084136962,667933.6172878265,200.38008518634794,0.0,filled
2018-03-22,SH603040,buy,23400,23400,28.61097031211853,669496.7053035735,200.84901159107204,0.0,filled
2018-03-22,SZ000301,buy,2900,2900,6.036025914192199,17504.475151157378,5.251342545347213,0.0,filled
2018-03-22,SZ000661,buy,7400,7400,90.2655751800537,667965.2563323973,200.38957689971917,0.0,filled
2018-03-22,SZ000932,buy,127400,127400,5.253994186878204,669358.8594082833,200.80765782248497,0.0,filled
2018-03-22,SZ002008,buy,100,100,55.380474685668936,5538.047468566893,5.0,0.0,filled
2018-03-22,SZ002258,buy,32900,32900,20.30095274543762,667901.3453248977,200.37040359746928,0.0,filled
2018-03-22,SZ002466,buy,500,500,49.15518136215209,24577.590681076046,7.373277204322814,0.0,filled
2018-03-22,SZ300355,buy,26200,26200,10.697816149711608,280282.7831224441,84.08483493673323,0.0,filled
2018-03-22,SZ300450,buy,30600,30600,21.876392501831052,669417.6105560302,200.82528316680904,0.0,filled
2018-03-22,SZ300567,buy,15800,15800,42.3538349609375,669190.5923828124,200.7571777148437,0.0,filled
2018-03-22,SZ300601,buy,17700,500,37.65315890884399,18826.579454421997,5.6479738363265986,0.0,partial_volume_or_cash
2018-03-22,SZ300603,buy,51100,200,13.078468387603758,2615.6936775207514,5.0,0.0,partial_volume_or_cash
2018-04-25,SH600179,sell,39100,39100,10.903296109199523,426318.87786970136,127.8956633609104,426.3188778697014,filled
2018-04-25,SH600282,sell,6900,6900,3.737627163648605,25789.627429175376,7.736888228752612,25.789627429175376,filled
2018-04-25,SH600487,sell,24400,24400,22.588987369537353,551171.2918167114,165.3513875450134,551.1712918167115,filled
2018-04-25,SH600690,sell,36700,36700,16.381640825271607,601206.218287468,180.36186548624036,601.206218287468,filled
2018-04-25,SH600781,sell,34900,34900,19.71188345146179,687944.7324560165,206.3834197368049,687.9447324560165,filled
2018-04-25,SH601012,sell,1100,1100,14.134318596839904,15547.750456523894,5.0,15.547750456523895,filled
2018-04-25,SH603040,sell,23400,23400,28.02770938682556,655848.3996517181,196.75451989551541,655.8483996517181,filled
2018-04-25,SZ000301,sell,110900,110900,5.886055322170257,652763.5352286815,195.82906056860443,652.7635352286816,filled
2018-04-25,SZ000333,sell,12400,12400,48.539100757598874,601884.849394226,180.56545481826777,601.884849394226,filled
2018-04-25,SZ000661,sell,7400,7400,93.57284502410889,692439.0531784057,207.7317159535217,692.4390531784057,filled
2018-04-25,SZ000932,sell,13000,13000,5.563672758579254,72327.7458615303,21.69832375845909,72.3277458615303,filled
2018-04-25,SZ002110,sell,59000,59000,8.827239706993103,520807.1427125931,156.24214281377792,520.8071427125931,filled
2018-04-25,SZ300136,sell,17000,17000,31.20434867477417,530473.9274711609,159.14217824134826,530.4739274711609,filled
2018-04-25,SZ300274,sell,38600,38600,18.37869953727722,709417.8021389007,212.8253406416702,709.4178021389007,filled
2018-04-25,SZ300296,sell,43500,43500,15.864929926872254,690124.451818943,207.03733554568288,690.124451818943,filled
2018-04-25,SZ300355,sell,62500,62500,9.798949976921081,612434.3735575676,183.73031206727026,612.4343735575676,filled
2018-04-25,SZ300567,sell,15800,15800,54.166482421875,855830.4222656251,256.7491266796875,855.8304222656251,filled
2018-04-25,SZ300601,sell,500,500,44.354835536956784,22177.417768478394,6.653225330543518,22.177417768478396,filled
2018-04-25,SZ300603,sell,200,200,12.865707229614257,2573.1414459228513,5.0,2.573141445922851,filled
2018-04-25,SH600230,buy,1600,1600,27.44612941932678,43913.80707092285,13.174142121276853,0.0,filled
2018-04-25,SH600346,buy,65400,65400,9.744474997520445,637288.6648378371,191.18659945135113,0.0,filled
2018-04-25,SH600507,buy,2300,2300,7.098107786178588,16325.647908210753,5.0,0.0,filled
2018-04-25,SH600567,buy,156600,156600,4.073598108291626,637925.4637584686,191.37763912754056,0.0,filled
2018-04-25,SH600585,buy,22100,22100,28.868534671783443,637994.6162464141,191.39838487392421,0.0,filled
2018-04-25,SH600779,buy,100,100,40.94220745849609,4094.220745849609,5.0,0.0,filled
2018-04-25,SH600801,buy,72700,72700,8.77185513305664,637713.8681732178,191.3141604519653,0.0,filled
2018-04-25,SH600985,buy,60300,60300,10.577716311454772,637836.2935807228,191.3508880742168,0.0,filled
2018-04-25,SH601155,buy,1400,1400,28.401763587951656,39762.46902313232,11.928740706939694,0.0,filled
2018-04-25,SH601318,buy,10800,10800,58.95785907363891,636744.8779953002,191.02346339859005,0.0,filled
2018-04-25,SH603165,buy,1300,1300,20.30347678184509,26394.51981639862,7.918355944919585,0.0,filled
2018-04-25,SH603899,buy,23000,23000,27.682237560272213,636691.4638862609,191.00743916587825,0.0,filled
2018-04-25,SZ000537,buy,59400,59400,10.725130920410155,637072.7766723632,191.12183300170892,0.0,filled
2018-04-25,SZ000717,buy,99100,99100,6.4329330258369435,637503.6628604411,191.25109885813234,0.0,filled
2018-04-25,SZ000786,buy,28900,28900,22.043828523635863,637066.6443330764,191.11999329992292,0.0,filled
2018-04-25,SZ001979,buy,34900,34900,18.247003799438474,636820.4326004027,191.0461297801208,0.0,filled
2018-04-25,SZ002008,buy,1300,1300,47.7515269126892,62076.98498649596,18.623095495948785,0.0,filled
2018-04-25,SZ002258,buy,1300,1300,18.64376055717468,24236.888724327084,7.271066617298125,0.0,filled
2018-04-25,SZ002460,buy,1200,1200,42.901508857727045,51481.810629272455,15.444543188781735,0.0,filled
2018-04-25,SZ002466,buy,500,500,44.9895475692749,22494.773784637448,6.7484321353912335,0.0,filled
2018-04-25,SZ300122,buy,16700,16700,37.993957283020016,634499.0866264342,190.34972598793024,0.0,filled
2018-04-25,SZ300450,buy,1400,1400,19.89498382759094,27852.97735862732,8.355893207588196,0.0,filled
2018-04-25,SZ300607,buy,30300,30300,21.045312465667724,637672.967709732,191.3018903129196,0.0,filled
2018-04-25,SZ300618,buy,5500,2600,115.96586374664305,301511.24574127194,90.45337372238157,0.0,partial_volume_or_cash
2018-04-25,SZ300628,buy,26900,400,23.693645256042476,9477.458102416991,5.0,0.0,partial_volume_or_cash
2018-05-23,SH600230,sell,23200,23200,28.965276054382326,671994.40446167,201.59832133850097,671.99440446167,filled
2018-05-23,SH600282,sell,170300,170300,3.507640400648117,597351.1602303743,179.2053480691123,597.3511602303744,filled
2018-05-23,SH600346,sell,7500,7500,11.393487075805664,85451.15306854248,25.63534592056274,85.45115306854248,filled
2018-05-23,SH600519,sell,900,900,703.3633154296875,633026.9838867188,189.9080951660156,633.0269838867188,filled
2018-05-23,SH600567,sell,156600,156600,4.220014633655548,660854.2916304589,198.25628748913766,660.8542916304589,filled
2018-05-23,SH600585,sell,22100,22100,30.317596315383913,670018.8785699845,201.00566357099532,670.0188785699845,filled
2018-05-23,SH600779,sell,1300,1300,46.21499210357666,60079.48973464966,18.023846920394895,60.07948973464966,filled
2018-05-23,SH600801,sell,72700,72700,8.66319836139679,629814.5208735466,188.94435626206396,629.8145208735466,filled
2018-05-23,SH600985,sell,60300,60300,11.079849534988403,668114.9269598008,200.43447808794022,668.1149269598008,filled
2018-05-23,SH601012,sell,45000,45000,15.414135864257812,693636.1138916016,208.09083416748044,693.6361138916016,filled
2018-05-23,SH601318,sell,10800,10800,56.08446150970459,605712.1843048095,181.71365529144285,605.7121843048095,filled
2018-05-23,SH603165,sell,31400,31400,17.760498167037962,557679.642444992,167.30389273349758,557.6796424449919,filled
2018-05-23,SH603899,sell,23000,23000,31.08744223022461,715011.171295166,214.5033513885498,715.011171295166,filled
2018-05-23,SZ000717,sell,99100,99100,6.198470046043396,614268.3815629006,184.28051446887017,614.2683815629006,filled
2018-05-23,SZ001979,sell,34900,34900,19.201061319351197,670117.0400453567,201.035112013607,670.1170400453567,filled
2018-05-23,SZ002008,sell,13300,13300,54.365139919281006,723056.3609264374,216.9169082779312,723.0563609264375,filled
2018-05-23,SZ002258,sell,34200,34200,22.001191125869752,752440.7365047456,225.73222095142364,752.4407365047456,filled
2018-05-23,SZ002366,sell,22200,22200,23.37300976753235,518880.81683921814,155.66424505176542,518.8808168392181,filled
2018-05-23,SZ002460,sell,300,300,45.42450835418701,13627.352506256104,5.0,13.627352506256104,filled
2018-05-23,SZ002466,sell,800,800,49.44804960250855,39558.439682006836,11.86753190460205,39.558439682006835,filled
2018-05-23,SZ300122,sell,2700,2700,47.066812007904055,127080.39242134095,38.12411772640228,127.08039242134095,filled
2018-05-23,SZ300450,sell,1600,1600,21.670118797302248,34672.1900756836,10.401657022705079,34.672190075683595,filled
2018-05-23,SZ300607,sell,30300,30300,24.024954597473144,727956.1243034363,218.38683729103084,727.9561243034362,filled
2018-05-23,SZ300628,sell,400,400,24.020392971038817,9608.157188415527,5.0,9.608157188415527,filled
2018-05-23,SH600507,buy,9300,9300,6.673419090747832,62062.79754395484,18.61883926318645,0.0,filled
2018-05-23,SH600566,buy,14400,14400,45.84410763549804,660155.1499511718,198.04654498535155,0.0,filled
2018-05-23,SH600782,buy,135700,135700,4.873014088630676,661268.0118271827,198.3804035481548,0.0,filled
2018-05-23,SH601003,buy,127000,127000,5.208090899944305,661427.5442929268,198.42826328787802,0.0,filled
2018-05-23,SH601155,buy,2800,2800,26.239103515624997,73469.48984375,22.040846953124998,0.0,filled
2018-05-23,SH603799,buy,10500,10500,62.8283180732727,659697.3397693633,197.90920193080896,0.0,filled
2018-05-23,SZ000016,buy,115900,115900,5.706798585891723,661417.9561048506,198.42538683145517,0.0,filled
2018-05-23,SZ000537,buy,1700,1700,10.813976238250731,18383.759605026244,5.515127881507873,0.0,filled
2018-05-23,SZ000786,buy,900,900,22.186173103332518,19967.555792999265,5.990266737899779,0.0,filled
2018-05-23,SZ000830,buy,35400,35400,18.639789304733274,659848.5413875579,197.95456241626735,0.0,filled
2018-05-23,SZ000932,buy,13100,13100,5.18659172296524,67944.35157084464,20.38330547125339,0.0,filled
2018-05-23,SZ002001,buy,40000,40000,16.516301437377926,660652.0574951171,198.19561724853511,0.0,filled
2018-05-23,SZ002016,buy,39600,39600,16.675940057754516,660367.2262870788,198.11016788612363,0.0,filled
2018-05-23,SZ002019,buy,34400,34400,19.183113916397094,659899.11872406,197.969735617218,0.0,filled
2018-05-23,SZ002127,buy,62100,62100,10.641913134574889,660862.8056571006,198.25884169713018,0.0,filled
2018-05-23,SZ002343,buy,28000,28000,23.554615144729613,659529.2240524292,197.85876721572873,0.0,filled
2018-05-23,SZ002626,buy,36400,36400,18.144896789550778,660474.2431396483,198.14227294189448,0.0,filled
2018-05-23,SZ300176,buy,18300,18300,36.09112022018432,660467.5000293731,198.1402500088119,0.0,filled
2018-05-23,SZ300401,buy,29000,29000,22.812355606079098,661558.3125762938,198.46749377288813,0.0,filled
2018-05-23,SZ300567,buy,13100,13100,50.22132899475097,657899.4098312377,197.3698229493713,0.0,filled
2018-05-23,SZ300601,buy,11000,11000,59.779369918823235,657573.0691070555,197.27192073211666,0.0,filled
2018-05-23,SZ300618,buy,3300,3300,111.10267564392089,366638.82962493895,109.99164888748167,0.0,filled
2018-05-23,SZ300630,buy,22100,9700,29.877841844558713,289815.06589221954,86.94451976766585,0.0,partial_volume_or_cash
2018-06-25,SH600309,sell,19900,19900,44.85212522506714,892557.2919788361,267.7671875936508,892.5572919788361,filled
2018-06-25,SH600346,sell,57900,57900,9.409049054145813,544783.9402350426,163.43518207051275,544.7839402350426,filled
2018-06-25,SH600779,sell,900,900,46.9000172996521,42210.01556968689,12.663004670906066,42.21001556968689,filled
2018-06-25,SH600782,sell,18900,18900,5.368795656681061,101470.23791127205,30.441071373381615,101.47023791127205,filled
2018-06-25,SH601003,sell,34000,34000,6.739395768642425,229139.45613384247,68.74183684015273,229.1394561338425,filled
2018-06-25,SH601155,sell,4600,4600,30.421812520980836,139940.33759651185,41.98210127895355,139.94033759651185,filled
2018-06-25,SZ000786,sell,600,600,21.43499877548218,12860.999265289307,5.0,12.860999265289307,filled
2018-06-25,SZ000932,sell,127500,127500,6.073267310142517,774341.5820431709,232.30247461295127,774.341582043171,filled
2018-06-25,SZ002019,sell,34400,34400,17.168795768737795,590606.5744445801,177.18197233337403,590.6065744445801,filled
2018-06-25,SZ002343,sell,28000,28000,18.069831315994264,505955.2768478394,151.7865830543518,505.9552768478394,filled
2018-06-25,SZ002466,sell,13300,13300,40.72709636306762,541670.3816287994,162.5011144886398,541.6703816287994,filled
2018-06-25,SZ300122,sell,100,100,44.919383491516115,4491.938349151612,5.0,4.491938349151612,filled
2018-06-25,SZ300176,sell,3900,3900,43.48198718261719,169579.75001220705,50.87392500366211,169.57975001220706,filled
2018-06-25,SZ300401,sell,600,600,22.077328748703003,13246.397249221802,5.0,13.246397249221802,filled
2018-06-25,SZ300601,sell,500,500,59.40235306549072,29701.17653274536,8.910352959823607,29.70117653274536,filled
2018-06-25,SZ300630,sell,9700,9700,30.861373054504394,299355.31862869265,89.80659558860779,299.35531862869266,filled
2018-06-25,SH600507,buy,3700,3700,6.113970812320709,22621.69200558662,6.786507601675986,0.0,filled
2018-06-25,SH600516,buy,56800,56800,11.063517904281616,628407.8169631958,188.52234508895873,0.0,filled
2018-06-25,SH603658,buy,9800,9800,64.04988677978515,627688.8904418945,188.30666713256835,0.0,filled
2018-06-25,SH603799,buy,1600,1600,51.759555442810054,82815.28870849608,24.844586612548824,0.0,filled
2018-06-25,SZ000016,buy,20500,20500,4.607286227703094,94449.36766791342,28.334810300374023,0.0,filled
2018-06-25,SZ000537,buy,1100,1100,10.092159103393554,11101.37501373291,5.0,0.0,filled
2018-06-25,SZ000830,buy,5400,5400,15.403662467002867,83179.77732181548,24.95393319654464,0.0,filled
2018-06-25,SZ002001,buy,4400,4400,14.149954299926756,62259.79891967773,18.677939675903318,0.0,filled
2018-06-25,SZ002016,buy,5000,5000,14.067962256431578,70339.81128215788,21.101943384647363,0.0,filled
2018-06-25,SZ002061,buy,64300,64300,9.770065710067747,628215.2251573561,188.46456754720683,0.0,filled
2018-06-25,SZ002110,buy,66600,66600,9.431159408569336,628115.2166107178,188.43456498321532,0.0,filled
2018-06-25,SZ002127,buy,5300,5300,9.316063730239867,49375.13777027129,14.812541331081386,0.0,filled
2018-06-25,SZ002460,buy,2600,2600,36.633749862670896,95247.74964294433,28.574324892883297,0.0,filled
2018-06-25,SZ002507,buy,25400,25400,24.67904663467407,626847.7845207214,188.0543353562164,0.0,filled
2018-06-25,SZ002626,buy,3300,3300,15.796714313507078,52129.15723457336,15.638747170372007,0.0,filled
2018-06-25,SZ300450,buy,5300,5300,17.603863285064694,93300.47541084288,27.99014262325286,0.0,filled
2018-06-25,SZ300554,buy,17900,17900,35.01310847091674,626734.6416294096,188.02039248882286,0.0,filled
2018-06-25,SZ300567,buy,700,700,45.40083567428589,31780.58497200012,9.534175491600035,0.0,filled
2018-06-25,SZ300618,buy,1800,1800,81.21604549407958,146188.88188934323,43.85666456680297,0.0,filled
2018-06-25,SZ300633,buy,17200,6100,36.54103639221191,222900.32199249262,66.87009659774778,0.0,partial_volume_or_cash
2018-07-23,SH600516,sell,2100,2100,11.315999447822572,23763.5988404274,7.129079652128219,23.7635988404274,filled
2018-07-23,SH600566,sell,100,100,43.11416460800171,4311.416460800171,5.0,4.311416460800171,filled
2018-07-23,SH600779,sell,1500,1500,52.48957595443726,78734.36393165588,23.620309179496765,78.73436393165589,filled
2018-07-23,SH600782,sell,116800,116800,5.534252268791199,646400.664994812,193.92019949844357,646.400664994812,filled
2018-07-23,SH601003,sell,3900,3900,6.956647514820099,27130.925307798385,8.139277592339514,27.130925307798385,filled
2018-07-23,SH603799,sell,1300,1300,57.304629890441895,74496.01885757447,22.34880565727234,74.49601885757447,filled
2018-07-23,SZ000016,sell,136400,136400,4.579078371047974,624586.2898109437,187.3758869432831,624.5862898109436,filled
2018-07-23,SZ000830,sell,900,900,15.530190576553345,13977.17151889801,5.0,13.977171518898011,filled
2018-07-23,SZ002110,sell,3200,3200,9.768319055557251,31258.620977783205,9.37758629333496,31.258620977783206,filled
2018-07-23,SZ002460,sell,400,400,37.09911710357666,14839.646841430664,5.0,14.839646841430664,filled
2018-07-23,SZ002507,sell,2700,2700,27.28156335067749,73660.22104682923,22.09806631404877,73.66022104682924,filled
2018-07-23,SZ002626,sell,600,600,15.81908882045746,9491.453292274475,5.0,9.491453292274475,filled
2018-07-23,SZ300450,sell,4500,4500,19.86519525718689,89393.378657341,26.8180135972023,89.393378657341,filled
2018-07-23,SZ300567,sell,2100,2100,52.78553671646118,110849.62710456848,33.25488813137054,110.84962710456848,filled
2018-07-23,SZ300618,sell,2100,2100,110.20176830291749,231423.7134361267,69.42711403083801,231.42371343612672,filled
2018-07-23,SH600507,buy,5900,5900,5.709834302902221,33688.02238712311,10.10640671613693,0.0,filled
2018-07-23,SH601155,buy,5800,5800,23.50485229682922,136328.14332160947,40.898442996482835,0.0,filled
2018-07-23,SH603658,buy,1300,1300,55.57251528930664,72244.26987609862,21.673280962829587,0.0,filled
2018-07-23,SZ000537,buy,9900,9900,8.605729815483093,85196.72517328261,25.55901755198478,0.0,filled
2018-07-23,SZ000786,buy,3100,3100,19.219954919815063,59581.8602514267,17.87455807542801,0.0,filled
2018-07-23,SZ002001,buy,1500,1500,13.527950203895568,20291.925305843353,6.087577591753005,0.0,filled
2018-07-23,SZ002016,buy,8400,8400,11.710436836242675,98367.66942443847,29.510300827331537,0.0,filled
2018-07-23,SZ002061,buy,1400,1400,9.450651957511901,13230.912740516662,5.0,0.0,filled
2018-07-23,SZ002127,buy,4600,4600,8.621310298919676,39658.027375030506,11.89740821250915,0.0,filled
2018-07-23,SZ002258,buy,31900,31900,19.417014957427977,619402.7771419524,185.8208331425857,0.0,filled
2018-07-23,SZ300122,buy,400,400,43.35743918609619,17342.975674438476,5.2028927023315426,0.0,filled
2018-07-23,SZ300176,buy,2100,2100,37.509055904388426,78769.01739921569,23.630705219764707,0.0,filled
2018-07-23,SZ300401,buy,6500,6500,17.79672486877441,115678.71164703368,34.7036134941101,0.0,filled
2018-07-23,SZ300554,buy,1200,1200,32.363992885589596,38836.791462707515,11.651037438812253,0.0,filled
2018-07-23,SZ300601,buy,200,200,57.528147098541254,11505.629419708252,5.0,0.0,filled
2018-07-23,SZ300630,buy,20400,20100,30.404504379272456,611130.5380233764,183.3391614070129,0.0,partial_volume_or_cash
2018-08-22,SH600507,sell,108700,108700,5.936137940883636,645258.1941740513,193.57745825221537,645.2581941740513,filled
2018-08-22,SH600516,sell,1900,1900,10.627106205940246,20191.501791286468,6.0574505373859395,20.19150179128647,filled
2018-08-22,SH600566,sell,14300,14300,36.33862881088257,519642.39199562074,155.8927175986862,519.6423919956208,filled
2018-08-22,SH601003,sell,11000,11000,7.1871882848739626,79059.07113361359,23.717721340084076,79.05907113361359,filled
2018-08-22,SH603658,sell,600,600,53.05570542526245,31833.42325515747,9.55002697654724,31.833423255157474,filled
2018-08-22,SZ000537,sell,1500,1500,7.94012960100174,11910.19440150261,5.0,11.91019440150261,filled
2018-08-22,SZ000786,sell,32300,32300,17.934826990127565,579294.9117811203,173.78847353433608,579.2949117811204,filled
2018-08-22,SZ000830,sell,600,600,14.263996261596679,8558.397756958007,5.0,8.558397756958007,filled
2018-08-22,SZ002001,sell,1500,1500,12.631676167488099,18947.514251232147,5.684254275369644,18.947514251232146,filled
2018-08-22,SZ002016,sell,1400,1400,10.869090579986572,15216.726811981202,5.0,15.216726811981202,filled
2018-08-22,SZ002061,sell,65700,65700,9.628010933876038,632560.3183556556,189.76809550669668,632.5603183556557,filled
2018-08-22,SZ002110,sell,63400,63400,11.035206951141358,699632.1207023622,209.88963621070863,699.6321207023622,filled
2018-08-22,SZ002127,sell,800,800,7.8814582056999205,6305.166564559936,5.0,6.305166564559936,filled
2018-08-22,SZ002258,sell,31900,31900,18.398710481643676,586918.8643644332,176.07565930932995,586.9188643644333,filled
2018-08-22,SZ002460,sell,16700,16700,30.255398900985718,505265.16164646146,151.57954849393843,505.2651616464615,filled
2018-08-22,SZ002507,sell,22700,22700,24.20101356124878,549363.0078403472,164.80890235210416,549.3630078403472,filled
2018-08-22,SZ002626,sell,1400,1400,14.85116656780243,20791.6331949234,6.23748995847702,20.791633194923403,filled
2018-08-22,SZ300122,sell,600,600,40.78847062683106,24473.082376098635,7.34192471282959,24.473082376098635,filled
2018-08-22,SZ300401,sell,34900,34900,16.24570854949951,566975.2283775329,170.09256851325986,566.975228377533,filled
2018-08-22,SZ300450,sell,31200,31200,14.068430342674255,438935.02669143677,131.68050800743103,438.9350266914368,filled
2018-08-22,SZ300630,sell,100,100,28.061725324630736,2806.1725324630734,5.0,2.8061725324630733,filled
2018-08-22,SH600309,buy,12700,12700,44.15618024444579,560783.4891044615,168.23504673133843,0.0,filled
2018-08-22,SH600681,buy,71700,71700,7.838332535266876,562008.442778635,168.60253283359046,0.0,filled
2018-08-22,SH600779,buy,2800,2800,38.30005302047729,107240.14845733641,32.17204453720092,0.0,filled
2018-08-22,SH601155,buy,700,700,20.704302164077756,14493.01151485443,5.0,0.0,filled
2018-08-22,SH601888,buy,9200,9200,60.566327049255364,557210.2088531493,167.16306265594477,0.0,filled
2018-08-22,SH603387,buy,26600,26600,21.06772904014587,560401.5924678801,168.120477740364,0.0,filled
2018-08-22,SH603707,buy,54300,54300,10.343046794891356,561627.4409626006,168.48823228878018,0.0,filled
2018-08-22,SH603799,buy,3300,3300,39.62163237380981,130751.38683357237,39.22541605007171,0.0,filled
2018-08-22,SZ000016,buy,142400,142400,3.9476576173305507,562146.4447078704,168.6439334123611,0.0,filled
2018-08-22,SZ002768,buy,22400,22400,25.040319869995116,560903.1650878906,168.27094952636716,0.0,filled
2018-08-22,SZ300121,buy,54900,54900,10.226854249000548,561454.2982701301,168.436289481039,0.0,filled
2018-08-22,SZ300176,buy,100,100,33.846575977325436,3384.6575977325438,5.0,0.0,filled
2018-08-22,SZ300554,buy,2200,2200,26.303684099197383,57868.105018234244,17.36043150547027,0.0,filled
2018-08-22,SZ300567,buy,300,300,46.647110153198234,13994.13304595947,5.0,0.0,filled
2018-08-22,SZ300601,buy,2300,2300,42.94576541137695,98775.26044616698,29.632578133850092,0.0,filled
2018-08-22,SZ300618,buy,600,600,89.44176177215576,53665.057063293454,16.099517118988036,0.0,filled
2018-08-22,SZ300633,buy,11400,11400,32.13262160873413,366311.88633956906,109.8935659018707,0.0,filled
2018-08-22,SZ300673,buy,20900,20900,26.833246793746945,560814.8579893111,168.2444573967933,0.0,filled
2018-09-25,SH600681,sell,71700,71700,7.646912198066712,548283.6046013832,164.48508138041495,548.2836046013832,filled
2018-09-25,SH601155,sell,27100,27100,23.44405605125427,635333.9189889907,190.6001756966972,635.3339189889907,filled
2018-09-25,SH601888,sell,9200,9200,65.61924396514893,603697.0444793701,181.10911334381103,603.6970444793701,filled
2018-09-25,SH603387,sell,26600,26600,20.798747159957887,553246.6744548798,165.97400233646394,553.2466744548799,filled
2018-09-25,SH603658,sell,10500,10500,44.928906887054445,471753.52231407166,141.5260566942215,471.7535223140717,filled
2018-09-25,SH603707,sell,700,700,10.008036907196045,7005.625835037232,5.0,7.005625835037232,filled
2018-09-25,SH603799,sell,900,900,40.36641157150269,36329.77041435242,10.898931124305724,36.32977041435242,filled
2018-09-25,SZ000016,sell,142400,142400,3.968434695482254,565105.1006366729,169.53153019100185,565.1051006366729,filled
2018-09-25,SZ000537,sell,70600,70600,7.2668176288604736,513037.32459754945,153.91119737926482,513.0373245975495,filled
2018-09-25,SZ002001,sell,44400,44400,11.537834733009339,512279.86214561464,153.68395864368438,512.2798621456146,filled
2018-09-25,SZ002016,sell,51600,51600,9.576964161872864,494171.35075263976,148.25140522579193,494.1713507526398,filled
2018-09-25,SZ002127,sell,71200,71200,7.099435091972351,505479.7785484314,151.64393356452942,505.4797785484314,filled
2018-09-25,SZ002626,sell,37700,37700,12.398094789505004,467408.17356433865,140.2224520693016,467.40817356433865,filled
2018-09-25,SZ002768,sell,22400,22400,24.8426213722229,556474.7187377929,166.94241562133786,556.474718737793,filled
2018-09-25,SZ300121,sell,54900,54900,9.520395421028137,522669.70861444477,156.80091258433342,522.6697086144447,filled
2018-09-25,SZ300122,sell,1500,1500,43.95852661514282,65937.78992271423,19.78133697681427,65.93778992271423,filled
2018-09-25,SZ300176,sell,300,300,32.86449488067627,9859.34846420288,5.0,9.85934846420288,filled
2018-09-25,SZ300554,sell,21300,21300,22.966255216598512,489181.2361135483,146.75437083406447,489.18123611354827,filled
2018-09-25,SZ300618,sell,500,500,93.26009351348877,46630.046756744385,13.989014027023314,46.630046756744385,filled
2018-09-25,SZ300633,sell,17500,17500,29.087433895111083,509030.09316444397,152.70902794933318,509.030093164444,filled
2018-09-25,SZ300673,sell,20900,20900,27.48305423927307,574395.8336008071,172.31875008024213,574.3958336008071,filled
2018-09-25,SH600309,buy,900,900,39.278363422393795,35350.52708015442,10.605158124046325,0.0,filled
2018-09-25,SH600486,buy,12500,12500,42.97354508590698,537169.3135738372,161.15079407215114,0.0,filled
2018-09-25,SH600516,buy,700,700,10.043440618515014,7030.408432960509,5.0,0.0,filled
2018-09-25,SH600519,buy,800,800,671.3069888916015,537045.5911132812,161.11367733398436,0.0,filled
2018-09-25,SH600569,buy,146500,146500,3.669133445501327,537528.0497659444,161.2584149297833,0.0,filled
2018-09-25,SH600585,buy,16900,16900,31.77088442420959,536927.946769142,161.0783840307426,0.0,filled
2018-09-25,SH600763,buy,10300,10300,51.954177360534665,535128.0268135071,160.53840804405212,0.0,filled
2018-09-25,SH600779,buy,300,300,36.043293357849116,10812.988007354736,5.0,0.0,filled
2018-09-25,SH600801,buy,46000,46000,11.67522824668884,537060.4993476867,161.11814980430597,0.0,filled
2018-09-25,SH601003,buy,7000,7000,6.313924804687499,44197.47363281249,13.259242089843747,0.0,filled
2018-09-25,SH603338,buy,20100,20100,26.717427507400508,537020.2928987502,161.10608786962504,0.0,filled
2018-09-25,SH603568,buy,41000,41000,13.08992392349243,536686.8808631896,161.00606425895685,0.0,filled
2018-09-25,SH603638,buy,58300,58300,9.212941950798033,537114.5157315254,161.1343547194576,0.0,filled
2018-09-25,SZ000596,buy,6900,6900,77.57417789459228,535261.8274726868,160.578548241806,0.0,filled
2018-09-25,SZ000661,buy,4700,4700,113.00891500091552,531141.9005043029,159.34257015129086,0.0,filled
2018-09-25,SZ000789,buy,70500,70500,7.615781066417693,536912.5651824473,161.07376955473418,0.0,filled
2018-09-25,SZ000830,buy,4500,4500,12.247349211692809,55113.07145261764,16.53392143578529,0.0,filled
2018-09-25,SZ000932,buy,97600,97600,5.502921549797057,537085.1432601928,161.12554297805784,0.0,filled
2018-09-25,SZ002607,buy,74000,74000,7.263322865962982,537485.8920812607,161.2457676243782,0.0,filled
2018-09-25,SZ002761,buy,45100,45100,11.8932853269577,536387.1682457923,160.91615047373767,0.0,filled
2018-09-25,SZ300015,buy,40300,40300,13.318056147575376,536717.6627472877,161.0152988241863,0.0,filled
2018-10-29,SH600486,sell,200,200,37.995501468658446,7599.100293731689,5.0,7.599100293731689,filled
2018-10-29,SH600516,sell,53500,53500,8.671905275344848,463946.93223094934,139.18407966928478,463.94693223094936,filled
2018-10-29,SH600569,sell,5700,5700,3.3253008642196655,18954.214926052093,5.6862644778156275,18.954214926052092,filled
2018-10-29,SH600585,sell,200,200,27.906176530838014,5581.235306167603,5.0,5.581235306167603,filled
2018-10-29,SH600763,sell,200,200,46.15353018951416,9230.706037902832,5.0,9.230706037902833,filled
2018-10-29,SH600801,sell,4200,4200,11.189606763839722,46996.34840812683,14.09890452243805,46.996348408126835,filled
2018-10-29,SH601003,sell,85100,85100,6.419496471405029,546299.149716568,163.88974491497038,546.299149716568,filled
2018-10-29,SH603338,sell,1100,1100,24.597410133361816,27057.151146697997,8.117145344009398,27.057151146697997,filled
2018-10-29,SH603568,sell,2000,2000,11.99294652557373,23985.89305114746,7.195767915344238,23.98589305114746,filled
2018-10-29,SH603638,sell,100,100,8.045284712791442,804.5284712791442,5.0,0.8045284712791443,filled
2018-10-29,SH603707,sell,53600,53600,9.035149074554443,484283.99039611814,145.28519711883544,484.28399039611816,filled
2018-10-29,SH603799,sell,13200,13200,25.976538047790527,342890.30223083496,102.86709066925047,342.89030223083495,filled
2018-10-29,SZ000789,sell,12900,12900,8.119184394836426,104737.47869338989,31.42124360801696,104.73747869338989,filled
2018-10-29,SZ000932,sell,5400,5400,5.073842873096466,27398.751514720916,8.219625454416274,27.398751514720917,filled
2018-10-29,SZ002761,sell,6600,6600,12.141766253471374,80135.65727291106,24.040697181873316,80.13565727291106,filled
2018-10-29,SZ300015,sell,2600,2600,12.411389053344726,32269.61153869629,9.680883461608886,32.26961153869629,filled
2018-10-29,SZ300176,sell,2300,2300,33.32375958251953,76644.64703979492,22.99339411193847,76.64464703979492,filled
2018-10-29,SZ300630,sell,20000,20000,21.908438055038452,438168.76110076904,131.4506283302307,438.1687611007691,filled
2018-10-29,SH600309,buy,4700,4700,25.567637279510496,120167.89521369933,36.050368564109796,0.0,filled
2018-10-29,SH600779,buy,2700,2700,26.64782176208496,71949.11875762939,21.584735627288815,0.0,filled
2018-10-29,SZ000596,buy,1200,1200,57.278191123962394,68733.82934875487,20.620148804626456,0.0,filled
2018-10-29,SZ000661,buy,1100,1100,80.39534035491943,88434.87439041137,26.53046231712341,0.0,filled
2018-10-29,SZ000736,buy,82800,82800,5.661586449623107,468779.3580287933,140.63380740863798,0.0,filled
2018-10-29,SZ000830,buy,2400,2400,10.140914818763731,24338.195565032955,7.301458669509886,0.0,filled
2018-10-29,SZ002755,buy,37300,37300,12.567714728355407,468775.75936765666,140.63272781029698,0.0,filled
2018-10-29,SZ002841,buy,8600,8600,53.98429306411742,464264.9203514098,139.27947610542293,0.0,filled
2018-10-29,SZ300122,buy,1300,1300,34.755240539550776,45181.812701416005,13.5545438104248,0.0,filled
2018-10-29,SZ300365,buy,33700,33700,13.894920659065246,468258.8262104988,140.47764786314963,0.0,filled
2018-10-29,SZ300567,buy,1300,1300,35.22608979415893,45793.91673240661,13.73817501972198,0.0,filled
2018-10-29,SZ300571,buy,12100,10300,38.57552429199218,397327.9002075195,119.19837006225583,0.0,partial_volume_or_cash
2018-11-22,SH600309,sell,18300,18300,27.4855198802948,502985.01380939485,150.89550414281845,502.98501380939484,filled
2018-11-22,SH600519,sell,800,800,544.7935283203125,435834.82265625,130.75044679687497,435.83482265624997,filled
2018-11-22,SH600569,sell,140800,140800,3.267349487543106,460042.80784606934,138.0128423538208,460.04280784606937,filled
2018-11-22,SH600763,sell,100,100,49.14080100631714,4914.080100631714,5.0,4.914080100631715,filled
2018-11-22,SH600779,sell,17600,17600,27.725384450912475,487966.76633605955,146.39002990081786,487.96676633605955,filled
2018-11-22,SH603568,sell,1100,1100,13.019825989723206,14321.808588695527,5.0,14.321808588695527,filled
2018-11-22,SZ000596,sell,8100,8100,54.408065700531004,440705.33217430115,132.21159965229035,440.70533217430113,filled
2018-11-22,SZ000661,sell,5800,5800,92.37151764678956,535754.8023513794,160.7264407054138,535.7548023513795,filled
2018-11-22,SZ000736,sell,82800,82800,5.830074886322022,482730.2005874634,144.819060176239,482.7302005874634,filled
2018-11-22,SZ000830,sell,46200,46200,10.198312368392944,471162.031419754,141.34860942592618,471.16203141975404,filled
2018-11-22,SZ002607,sell,74000,74000,7.8575725464820865,581460.3684396744,174.4381105319023,581.4603684396744,filled
2018-11-22,SZ002755,sell,6400,6400,15.975964754104615,102246.17442626953,30.673852327880855,102.24617442626953,filled
2018-11-22,SZ002761,sell,6100,6100,15.236117154121398,92940.31464014052,27.882094392042156,92.94031464014053,filled
2018-11-22,SZ002841,sell,400,400,60.249226444244385,24099.690577697755,7.229907173309326,24.099690577697753,filled
2018-11-22,SZ300122,sell,2500,2500,44.65461861419678,111636.54653549194,33.49096396064758,111.63654653549195,filled
2018-11-22,SZ300176,sell,14000,14000,32.764367752075195,458701.14852905273,137.6103445587158,458.7011485290527,filled
2018-11-22,SZ300365,sell,500,500,14.880031145095826,7440.015572547913,5.0,7.440015572547913,filled
2018-11-22,SZ300567,sell,13300,13300,36.87697694778442,490463.7934055328,147.13913802165982,490.4637934055328,filled
2018-11-22,SZ300601,sell,13000,13000,41.38756423187256,538038.3350143433,161.41150050430298,538.0383350143433,filled
2018-11-22,SZ300618,sell,5700,5700,58.39634485244751,332859.1656589508,99.85774969768524,332.8591656589508,filled
2018-11-22,SH600346,buy,53200,53200,9.297458985328673,494624.8180194854,148.3874454058456,0.0,filled
2018-11-22,SH600426,buy,51500,51500,9.604342290878295,494623.6279802322,148.38708839406965,0.0,filled
2018-11-22,SH600486,buy,500,500,38.61793268585205,19308.96634292602,5.792689902877806,0.0,filled
2018-11-22,SH600585,buy,700,700,28.314999359130855,19820.4995513916,5.946149865417479,0.0,filled
2018-11-22,SH600641,buy,60000,60000,8.244443215370177,494666.59292221064,148.39997787666317,0.0,filled
2018-11-22,SH600801,buy,1600,1600,11.409433084487913,18255.092935180663,5.476527880554198,0.0,filled
2018-11-22,SH601888,buy,9000,9000,54.950380409240715,494553.42368316645,148.36602710494992,0.0,filled
2018-11-22,SH603127,buy,27300,27300,18.082569128036496,493654.13719539635,148.09624115861888,0.0,filled
2018-11-22,SH603338,buy,100,100,25.89660017585754,2589.660017585754,5.0,0.0,filled
2018-11-22,SH603501,buy,14400,14400,34.36876894378662,494910.2727905273,148.4730818371582,0.0,filled
2018-11-22,SH603638,buy,3000,3000,8.08212209033966,24246.36627101898,7.273909881305693,0.0,filled
2018-11-22,SZ000672,buy,59500,59500,8.318930928230285,494976.390229702,148.49291706891057,0.0,filled
2018-11-22,SZ000789,buy,3200,3200,8.142092775344848,26054.69688110351,7.816409064331053,0.0,filled
2018-11-22,SZ000932,buy,13000,13000,4.708219522476195,61206.85379219054,18.36205613765716,0.0,filled
2018-11-22,SZ001979,buy,29600,29600,16.681616275787352,493775.8417633056,148.13275252899166,0.0,filled
2018-11-22,SZ002258,buy,31500,31500,15.721567907333373,495229.3890810013,148.56881672430038,0.0,filled
2018-11-22,SZ002768,buy,18800,18800,26.286888374328612,494193.5014373779,148.25805043121335,0.0,filled
2018-11-22,SZ300015,buy,1300,1300,12.671570616722105,16473.04180173874,5.0,0.0,filled
2018-11-22,SZ300529,buy,20900,20900,23.68076732444763,494928.03708095546,148.47841112428662,0.0,filled
2018-11-22,SZ300571,buy,2200,2200,39.61980712509155,87163.5756752014,26.149072702560417,0.0,filled
2018-11-22,SZ300630,buy,20300,20300,24.368000196456908,494670.4039880752,148.40112119642254,0.0,filled
2018-11-22,SZ300673,buy,19900,14300,24.808960048675534,354768.12869606016,106.43043860881804,0.0,partial_volume_or_cash
2018-12-24,SH600346,sell,3800,3800,9.131207133293152,34698.58710651398,10.409576131954193,34.69858710651398,filled
2018-12-24,SH600426,sell,51500,51500,9.149759462356567,471212.61231136316,141.36378369340895,471.21261231136316,filled
2018-12-24,SH600486,sell,12800,12800,37.520093868255614,480257.20151367184,144.07716045410154,480.2572015136719,filled
2018-12-24,SH600641,sell,60000,60000,7.479228125095368,448753.68750572205,134.6261062517166,448.75368750572204,filled
2018-12-24,SH600763,sell,100,100,45.167681545257565,4516.7681545257565,5.0,4.5167681545257565,filled
2018-12-24,SH600801,sell,100,100,10.41122066116333,1041.1220661163331,5.0,1.0411220661163332,filled
2018-12-24,SH601888,sell,9000,9000,57.63785346221924,518740.68115997314,155.62220434799193,518.7406811599732,filled
2018-12-24,SH603338,sell,3000,3000,27.916201057434083,83748.60317230225,25.12458095169067,83.74860317230225,filled
2018-12-24,SH603501,sell,14400,14400,30.963403718948364,445873.01355285646,133.76190406585692,445.8730135528565,filled
2018-12-24,SH603568,sell,2300,2300,12.676103436470031,29155.03790388107,8.74651137116432,29.155037903881073,filled
2018-12-24,SH603638,sell,61200,61200,8.66868222141266,530523.3519504548,159.1570055851364,530.5233519504548,filled
2018-12-24,SZ300015,sell,1000,1000,11.860744151115417,11860.744151115417,5.0,11.860744151115417,filled
2018-12-24,SZ300571,sell,1400,1400,40.445670307159425,56623.9384300232,16.987181529006957,56.6239384300232,filled
2018-12-24,SZ300630,sell,20300,20300,18.53206660079956,376200.95199623104,112.8602855988693,376.200951996231,filled
2018-12-24,SZ300673,sell,14300,14300,22.941177703857424,328058.84116516117,98.41765234954835,328.0588411651612,filled
2018-12-24,SH600585,buy,100,100,25.806099533081053,2580.609953308105,5.0,0.0,filled
2018-12-24,SH603127,buy,700,700,16.09522457695007,11266.657203865048,5.0,0.0,filled
2018-12-24,SH603605,buy,10400,10400,43.46058864974975,451990.12195739744,135.5970365872192,0.0,filled
2018-12-24,SZ000672,buy,200,200,7.561778715610504,1512.3557431221006,5.0,0.0,filled
2018-12-24,SZ000789,buy,1600,1600,7.234836289405822,11575.738063049315,5.0,0.0,filled
2018-12-24,SZ000813,buy,51000,51000,8.857277154922484,451721.13490104664,135.516340470314,0.0,filled
2018-12-24,SZ000932,buy,4300,4300,4.125786188602447,17740.880610990524,5.322264183297157,0.0,filled
2018-12-24,SZ001979,buy,1200,1200,14.63724893093109,17564.69871711731,5.269409615135192,0.0,filled
2018-12-24,SZ002120,buy,26600,26600,16.96700422286987,451322.31232833856,135.39669369850156,0.0,filled
2018-12-24,SZ002127,buy,63400,63400,7.123410678386687,451624.237009716,135.48727110291478,0.0,filled
2018-12-24,SZ002258,buy,1700,1700,13.583472322463988,23091.90294818878,6.9275708844566335,0.0,filled
2018-12-24,SZ002755,buy,4900,4900,12.608234868049621,61780.350853443146,18.53410525603294,0.0,filled
2018-12-24,SZ002761,buy,15200,15200,9.48604192638397,144187.83728103637,43.25635118431091,0.0,filled
2018-12-24,SZ002768,buy,1100,1100,22.61341495132446,24874.756446456908,7.4624269339370715,0.0,filled
2018-12-24,SZ002859,buy,25200,25200,17.91743566894531,451519.3788574218,135.45581365722654,0.0,filled
2018-12-24,SZ002867,buy,39100,39100,11.546973976135252,451486.68246688833,135.44600474006648,0.0,filled
2018-12-24,SZ300122,buy,1300,1300,36.50502018737792,47456.5262435913,14.23695787307739,0.0,filled
2018-12-24,SZ300365,buy,2900,2900,12.517868827819823,36301.81960067749,10.890545880203245,0.0,filled
2018-12-24,SZ300529,buy,2100,2100,19.64503549003601,41254.57452907562,12.376372358722683,0.0,filled
2018-12-24,SZ300595,buy,47600,47600,9.492139135360716,451825.8228431701,135.547746852951,0.0,filled
2018-12-24,SZ300662,buy,17900,8500,25.17464748382568,213984.50361251828,64.19535108375548,0.0,partial_volume_or_cash
2019-01-23,SH600346,sell,49400,49400,8.797454801559448,434594.26719703677,130.37828015911103,434.5942671970368,filled
2019-01-23,SH600585,sell,200,200,26.84855372428894,5369.710744857788,5.0,5.369710744857788,filled
2019-01-23,SH600763,sell,400,400,48.951156246185306,19580.462498474124,5.874138749542237,19.580462498474123,filled
2019-01-23,SH600801,sell,100,100,10.769230213165283,1076.9230213165283,5.0,1.0769230213165284,filled
2019-01-23,SH603127,sell,2100,2100,17.970582595825196,37738.22345123291,11.32146703536987,37.73822345123291,filled
2019-01-23,SH603338,sell,1200,1200,31.16983922767639,37403.80707321167,11.2211421219635,37.40380707321167,filled
2019-01-23,SZ000672,sell,1700,1700,8.023207317352295,13639.452439498902,5.0,13.639452439498902,filled
2019-01-23,SZ000932,sell,109500,109500,4.428775733470917,484950.9428150654,145.4852828445196,484.9509428150654,filled
2019-01-23,SZ001979,sell,1400,1400,15.828670331954957,22160.138464736938,6.64804153942108,22.16013846473694,filled
2019-01-23,SZ002120,sell,26600,26600,18.065970891952514,480554.82572593685,144.16644771778104,480.55482572593684,filled
2019-01-23,SZ002127,sell,7800,7800,8.369246887207032,65280.12572021485,19.584037716064454,65.28012572021485,filled
2019-01-23,SZ002258,sell,33200,33200,13.92828989982605,462419.22467422485,138.72576740226745,462.41922467422484,filled
2019-01-23,SZ002755,sell,35800,35800,14.235662349700927,509636.7121192932,152.89101363578794,509.63671211929324,filled
2019-01-23,SZ002768,sell,19900,19900,19.9314855594635,396636.56263332366,118.99096878999708,396.63656263332365,filled
2019-01-23,SZ002841,sell,100,100,56.87611138916016,5687.611138916016,5.0,5.687611138916016,filled
2019-01-23,SZ002859,sell,25200,25200,19.454374494552614,490250.2372627259,147.07507117881775,490.2502372627259,filled
2019-01-23,SZ300365,sell,1400,1400,13.419880056381226,18787.832078933716,5.636349623680114,18.787832078933715,filled
2019-01-23,SZ300529,sell,900,900,20.991553047180176,18892.39774246216,5.667719322738647,18.89239774246216,filled
2019-01-23,SZ300595,sell,300,300,9.828101323127747,2948.430396938324,5.0,2.948430396938324,filled
2019-01-23,SH603260,buy,14800,14800,31.49579882240295,466137.82257156365,139.8413467714691,0.0,filled
2019-01-23,SH603568,buy,4000,4000,11.759877974510191,47039.511898040764,14.111853569412228,0.0,filled
2019-01-23,SH603605,buy,100,100,44.2353609085083,4423.53609085083,5.0,0.0,filled
2019-01-23,SZ000789,buy,1800,1800,7.261027462959289,13069.84943332672,5.0,0.0,filled
2019-01-23,SZ000813,buy,2300,2300,8.751414638519286,20128.253668594356,6.038476100578306,0.0,filled
2019-01-23,SZ002602,buy,46200,46200,10.097670170783996,466512.3618902206,139.95370856706617,0.0,filled
2019-01-23,SZ002761,buy,6700,6700,8.581601593017577,57496.73067321777,17.24901920196533,0.0,filled
2019-01-23,SZ002867,buy,3000,3000,11.062926989555358,33188.78096866608,9.956634290599823,0.0,filled
2019-01-23,SZ002912,buy,8800,8800,52.94217150878906,465891.1092773437,139.7673327832031,0.0,filled
2019-01-23,SZ002916,buy,8800,8800,52.615700191497794,463018.16168518056,138.90544850555415,0.0,filled
2019-01-23,SZ300015,buy,500,500,12.11986150741577,6059.930753707885,5.0,0.0,filled
2019-01-23,SZ300122,buy,500,500,36.435855480194085,18217.927740097042,5.465378322029112,0.0,filled
2019-01-23,SZ300132,buy,44600,44600,10.452788919448851,466194.3858074188,139.8583157422256,0.0,filled
2019-01-23,SZ300450,buy,26700,26700,17.47490258979797,466579.8991476058,139.97396974428173,0.0,filled
2019-01-23,SZ300571,buy,700,700,39.38293719100952,27568.056033706664,8.270416810111998,0.0,filled
2019-01-23,SZ300662,buy,7200,7200,29.56620162773132,212876.6517196655,63.86299551589965,0.0,filled
2019-01-23,SZ300673,buy,20900,12000,22.28739421844482,267448.73062133783,80.23461918640135,0.0,partial_volume_or_cash
2019-03-01,SH600585,sell,300,300,31.467800703048706,9440.340210914612,5.0,9.440340210914613,filled
2019-03-01,SH600763,sell,400,400,58.99170379257202,23596.681517028806,7.079004455108642,23.596681517028806,filled
2019-03-01,SH603127,sell,2600,2600,23.032219688415527,59883.77118988037,17.965131356964108,59.88377118988037,filled
2019-03-01,SH603260,sell,14800,14800,39.733881282806394,588061.4429855347,176.41843289566037,588.0614429855347,filled
2019-03-01,SZ000672,sell,58000,58000,8.805349044799804,510710.2445983887,153.2130733795166,510.71024459838867,filled
2019-03-01,SZ000789,sell,64200,64200,8.283434386253356,531796.4875974655,159.53894627923964,531.7964875974656,filled
2019-03-01,SZ000813,sell,53300,53300,8.158110654830933,434827.29790248873,130.4481893707466,434.82729790248874,filled
2019-03-01,SZ001979,sell,29400,29400,18.42602879333496,541725.2465240478,162.51757395721432,541.7252465240479,filled
2019-03-01,SZ002127,sell,4500,4500,10.507943718910218,47285.74673509598,14.185724020528792,47.28574673509598,filled
2019-03-01,SZ002761,sell,54300,54300,9.140628587722778,496336.13231334684,148.90083969400405,496.33613231334687,filled
2019-03-01,SZ002867,sell,42100,42100,12.39523472213745,521839.38180198666,156.55181454059598,521.8393818019866,filled
2019-03-01,SZ002912,sell,8800,8800,61.07090988922119,537424.0070251465,161.22720210754395,537.4240070251465,filled
2019-03-01,SZ002916,sell,900,900,68.03552643585205,61231.97379226684,18.36959213768005,61.23197379226684,filled
2019-03-01,SZ300015,sell,38500,38500,15.11933456325531,582094.3806853294,174.62831420559883,582.0943806853295,filled
2019-03-01,SZ300122,sell,700,700,44.17398629379272,30921.790405654905,9.276537121696471,30.921790405654907,filled
2019-03-01,SZ300132,sell,6700,6700,14.17972240447998,95004.14011001587,28.501242033004758,95.00414011001587,filled
2019-03-01,SZ300450,sell,400,400,20.45476356124878,8181.905424499511,5.0,8.181905424499512,filled
2019-03-01,SZ300529,sell,400,400,24.694917280197142,9877.966912078857,5.0,9.877966912078858,filled
2019-03-01,SZ300571,sell,1500,1500,51.98491220855713,77977.3683128357,23.393210493850706,77.9773683128357,filled
2019-03-01,SZ300595,sell,4400,4400,12.538197123527526,55168.067343521114,16.550420203056333,55.168067343521116,filled
2019-03-01,SH600801,buy,2300,2300,11.829847433090208,27208.649096107478,8.162594728832243,0.0,filled
2019-03-01,SH603043,buy,24400,24400,22.013503810882565,537129.4929855346,161.13884789566038,0.0,filled
2019-03-01,SH603305,buy,16100,16100,33.35866179275512,537074.4548633575,161.12233645900722,0.0,filled
2019-03-01,SH603338,buy,300,300,35.26745191574096,10580.235574722288,5.0,0.0,filled
2019-03-01,SH603605,buy,200,200,50.3058784866333,10061.17569732666,5.0,0.0,filled
2019-03-01,SH603659,buy,15200,15200,35.27993081283569,536254.9483551024,160.87648450653072,0.0,filled
2019-03-01,SZ002120,buy,25900,25900,20.77326258087158,538027.500844574,161.40825025337216,0.0,filled
2019-03-01,SZ002602,buy,4100,4100,10.700919645309448,43873.77054576873,13.162131163730619,0.0,filled
2019-03-01,SZ002755,buy,33300,33300,16.17576654052734,538653.0257995605,161.59590773986812,0.0,filled
2019-03-01,SZ300014,buy,50400,50400,10.678142221450804,538178.3679611206,161.45351038833616,0.0,filled
2019-03-01,SZ300073,buy,17300,17300,31.06615513038635,537444.4837556839,161.23334512670516,0.0,filled
2019-03-01,SZ300365,buy,400,400,15.32432715320587,6129.730861282348,5.0,0.0,filled
2019-03-01,SZ300628,buy,18600,18600,28.891061983108518,537373.7528858185,161.21212586574552,0.0,filled
2019-03-01,SZ300638,buy,37000,37000,14.534482273101805,537775.8441047667,161.33275323143002,0.0,filled
2019-03-01,SZ300662,buy,800,800,32.506167541503906,26004.934033203124,7.801480209960936,0.0,filled
2019-03-01,SZ300673,buy,11300,10900,23.132980781555172,252149.49051895138,75.64484715568541,0.0,partial_volume_or_cash
2019-03-22,SH600585,sell,17000,17000,32.968272834777835,560460.6381912231,168.13819145736693,560.4606381912232,filled
2019-03-22,SH600763,sell,400,400,66.76291268920899,26705.165075683595,8.011549522705078,26.705165075683595,filled
2019-03-22,SH600801,sell,1000,1000,13.171632496833801,13171.632496833801,5.0,13.171632496833801,filled
2019-03-22,SH603127,sell,2100,2100,27.641625062942506,58047.412632179265,17.41422378965378,58.04741263217927,filled
2019-03-22,SH603338,sell,600,600,40.02404188156128,24014.425128936768,7.20432753868103,24.014425128936768,filled
2019-03-22,SH603605,sell,500,500,57.10200526428223,28551.002632141113,8.565300789642333,28.551002632141113,filled
2019-03-22,SH603659,sell,15200,15200,39.62657445144653,602323.9316619872,180.69717949859614,602.3239316619872,filled
2019-03-22,SZ002602,sell,50300,50300,10.386123141288758,522421.9940068245,156.72659820204734,522.4219940068245,filled
2019-03-22,SZ300014,sell,4500,4500,12.759033957481384,57415.65280866623,17.224695842599868,57.41565280866623,filled
2019-03-22,SZ300365,sell,2300,2300,17.845680919647215,41045.066115188594,12.313519834556578,41.0450661151886,filled
2019-03-22,SZ300450,sell,800,800,22.935495677947998,18348.396542358398,5.504518962707519,18.348396542358397,filled
2019-03-22,SZ300529,sell,1300,1300,28.699684215545656,37309.58948020935,11.192876844062805,37.309589480209354,filled
2019-03-22,SZ300571,sell,600,600,60.109001209259034,36065.40072555542,10.819620217666625,36.06540072555542,filled
2019-03-22,SZ300628,sell,300,300,31.96197690010071,9588.593070030212,5.0,9.588593070030212,filled
2019-03-22,SZ300638,sell,7900,7900,20.113148426055908,158893.87256584168,47.6681617697525,158.8938725658417,filled
2019-03-22,SZ300662,sell,500,500,36.44810022354126,18224.05011177063,5.467215033531189,18.22405011177063,filled
2019-03-22,SZ300673,sell,22900,22900,29.404586975097658,673365.0417297364,202.0095125189209,673.3650417297364,filled
2019-03-22,SH603043,buy,3500,3500,21.04236457443237,73648.27601051329,22.094482803153987,0.0,filled
2019-03-22,SH603568,buy,1800,1800,14.194721579551695,25550.49884319305,7.665149652957915,0.0,filled
2019-03-22,SH603638,buy,59100,59100,9.940512628555297,587484.296347618,176.2452889042854,0.0,filled
2019-03-22,SZ002120,buy,1400,1400,21.475232999801634,30065.326199722287,9.019597859916685,0.0,filled
2019-03-22,SZ002127,buy,1500,1500,11.165270747184753,16747.90612077713,5.024371836233138,0.0,filled
2019-03-22,SZ002755,buy,6200,6200,14.86191203689575,92143.85462875366,27.643156388626096,0.0,filled
2019-03-22,SZ002912,buy,8300,8300,70.35583853149413,583953.4598114013,175.1860379434204,0.0,filled
2019-03-22,SZ002913,buy,10800,10800,54.23247343063354,585710.7130508423,175.71321391525268,0.0,filled
2019-03-22,SZ002916,buy,500,500,69.9236975326538,34961.848766326904,10.48855462989807,0.0,filled
2019-03-22,SZ300073,buy,2400,2400,29.7050656337738,71292.15752105712,21.387647256317134,0.0,filled
2019-03-22,SZ300132,buy,3900,3900,14.05130877113342,54800.10420742034,16.4400312622261,0.0,filled
2019-03-22,SZ300595,buy,300,300,13.608368065834044,4082.5104197502133,5.0,0.0,filled
2019-03-22,SZ300632,buy,49200,49200,11.944322603225707,587660.6720787048,176.29820162361142,0.0,filled
2019-03-22,SZ300684,buy,24600,5600,23.83287011146545,133464.0726242065,40.03922178726195,0.0,partial_volume_or_cash
2019-04-23,SH600763,sell,200,200,68.71146267700195,13742.29253540039,5.0,13.74229253540039,filled
2019-04-23,SH600801,sell,9500,9500,16.672857038497924,158392.1418657303,47.51764255971908,158.39214186573028,filled
2019-04-23,SH603043,sell,27900,27900,19.9890813331604,557695.3691951751,167.30861075855253,557.6953691951751,filled
2019-04-23,SH603127,sell,21200,21200,24.61773928642273,521896.07287216187,156.56882186164856,521.8960728721619,filled
2019-04-23,SH603305,sell,16100,16100,28.927555938720705,465733.65061340336,139.720095184021,465.73365061340337,filled
2019-04-23,SH603568,sell,2600,2600,15.065910753250122,39171.36795845032,11.751410387535095,39.17136795845032,filled
2019-04-23,SH603605,sell,10200,10200,60.44621477508545,616551.3907058716,184.96541721176146,616.5513907058717,filled
2019-04-23,SH603638,sell,59100,59100,11.161078496932983,659619.7391687393,197.88592175062178,659.6197391687393,filled
2019-04-23,SZ002120,sell,27300,27300,21.82558946800232,595838.5924764633,178.75157774293896,595.8385924764633,filled
2019-04-23,SZ002127,sell,52600,52600,10.839991633415222,570183.5599176406,171.0550679752922,570.1835599176407,filled
2019-04-23,SZ002755,sell,1400,1400,15.340698251724243,21476.97755241394,6.4430932657241815,21.476977552413942,filled
2019-04-23,SZ002913,sell,10800,10800,48.58709120178223,524740.5849792481,157.42217549377443,524.7405849792482,filled
2019-04-23,SZ002916,sell,300,300,72.11050316619873,21633.150949859617,6.4899452849578845,21.63315094985962,filled
2019-04-23,SZ300014,sell,6300,6300,14.73504040145874,92830.75452919006,27.849226358757015,92.83075452919006,filled
2019-04-23,SZ300073,sell,19700,19700,26.843553846359253,528818.0107732773,158.64540323198315,528.8180107732773,filled
2019-04-23,SZ300132,sell,41800,41800,14.56074301815033,608639.0581586838,182.59171744760513,608.6390581586838,filled
2019-04-23,SZ300365,sell,32800,32800,15.971201150894165,523855.39774932864,157.15661932479858,523.8553977493286,filled
2019-04-23,SZ300450,sell,25500,25500,21.44949346733093,546962.0834169388,164.08862502508163,546.9620834169388,filled
2019-04-23,SZ300529,sell,20400,20400,31.102994441986084,634501.0866165161,190.35032598495482,634.5010866165161,filled
2019-04-23,SZ300595,sell,1900,1900,14.148787565231324,26882.696373939514,8.064808912181853,26.882696373939513,filled
2019-04-23,SZ300628,sell,600,600,32.970871856689456,19782.523114013675,5.934756934204102,19.782523114013674,filled
2019-04-23,SZ300632,sell,5400,5400,13.325530225753784,71957.86321907044,21.58735896572113,71.95786321907043,filled
2019-04-23,SZ300662,sell,16000,16000,37.61157791519165,601785.2466430664,180.5355739929199,601.7852466430664,filled
2019-04-23,SH600585,buy,16300,16300,35.879166076660155,584830.4070495606,175.44912211486815,0.0,filled
2019-04-23,SH600675,buy,124700,124700,4.696553491115569,585660.2203421115,175.69806610263345,0.0,filled
2019-04-23,SH603338,buy,800,800,38.02853772735595,30422.83018188476,9.126849054565428,0.0,filled
2019-04-23,SZ000708,buy,77000,77000,7.608427567005156,585848.922659397,175.7546767978191,0.0,filled
2019-04-23,SZ000720,buy,92100,92100,6.356860630512237,585466.8640701771,175.64005922105312,0.0,filled
2019-04-23,SZ002007,buy,26800,26800,21.82439200592041,584893.705758667,175.46811172760007,0.0,filled
2019-04-23,SZ002299,buy,24600,24600,23.818203207015987,585927.7988925932,175.77833966777797,0.0,filled
2019-04-23,SZ002463,buy,52200,52200,11.215257932662963,585436.4640850066,175.63093922550198,0.0,filled
2019-04-23,SZ002841,buy,100,100,71.29044988250732,7129.044988250732,5.0,0.0,filled
2019-04-23,SZ002912,buy,1100,1100,61.93399202346801,68127.3912258148,20.43821736774444,0.0,filled
2019-04-23,SZ300107,buy,50200,50200,11.673381996154784,586003.7762069702,175.80113286209104,0.0,filled
2019-04-23,SZ300122,buy,1000,1000,44.63686598587036,44636.86598587036,13.391059795761107,0.0,filled
2019-04-23,SZ300423,buy,35900,35900,16.294501260757446,584972.5952611923,175.49177857835767,0.0,filled
2019-04-23,SZ300487,buy,17600,17600,33.13907062530517,583247.6430053711,174.9742929016113,0.0,filled
2019-04-23,SZ300525,buy,46900,46900,12.473099638938903,584988.3730662345,175.49651191987033,0.0,filled
2019-04-23,SZ300531,buy,29000,29000,20.14965948295593,584340.1250057219,175.30203750171657,0.0,filled
2019-04-23,SZ300559,buy,39100,39100,14.972186843872068,585412.5055953979,175.62375167861936,0.0,filled
2019-04-23,SZ300571,buy,1700,1700,51.38846863174438,87360.39667396544,26.20811900218963,0.0,filled
2019-04-23,SZ300638,buy,1200,1200,19.334873037338255,23201.847644805905,6.960554293441771,0.0,filled
2019-04-23,SZ300684,buy,19300,19300,23.46454599380493,452865.7376804351,135.85972130413052,0.0,filled
2019-04-23,SZ300725,buy,10700,1600,54.66520629882812,87464.33007812499,26.239299023437493,0.0,partial_volume_or_cash
2019-05-27,SH600585,sell,16300,16300,34.47556454086304,561951.7020160676,168.58551060482026,561.9517020160675,filled
2019-05-27,SH600675,sell,124700,124700,4.3808195872306825,546288.2025276661,163.88646075829982,546.2882025276662,filled
2019-05-27,SH600763,sell,1700,1700,75.5724994354248,128473.24904022216,38.54197471206665,128.47324904022216,filled
2019-05-27,SH600801,sell,4700,4700,16.944894985198975,79641.00643043518,23.892301929130554,79.64100643043518,filled
2019-05-27,SH603338,sell,15400,15400,32.52321891403198,500857.5712760925,150.25727138282772,500.85757127609253,filled
2019-05-27,SH603568,sell,38800,38800,14.089937058448792,546689.5578678132,164.00686736034393,546.6895578678132,filled
2019-05-27,SZ000708,sell,300,300,6.706692203521729,2012.0076610565186,5.0,2.0120076610565185,filled
2019-05-27,SZ000720,sell,92100,92100,5.344366470336914,492216.1519180298,147.66484557540895,492.2161519180298,filled
2019-05-27,SZ002007,sell,26800,26800,20.797152305603028,557363.6817901612,167.20910453704835,557.3636817901612,filled
2019-05-27,SZ002299,sell,3900,3900,24.811814197540283,96766.07537040711,29.029822611122132,96.76607537040711,filled
2019-05-27,SZ002463,sell,52200,52200,8.158064924240112,425850.9890453338,127.75529671360013,425.85098904533385,filled
2019-05-27,SZ002755,sell,38100,38100,11.84338081741333,451232.80914344784,135.36984274303435,451.23280914344787,filled
2019-05-27,SZ002841,sell,8200,8200,73.14542454528808,599792.4812713623,179.93774438140866,599.7924812713622,filled
2019-05-27,SZ002912,sell,9400,9400,54.23215155029297,509782.2245727539,152.93466737182615,509.7822245727539,filled
2019-05-27,SZ300107,sell,50200,50200,8.47358885192871,425374.1603668213,127.61224811004637,425.3741603668213,filled
2019-05-27,SZ300122,sell,100,100,39.34847529602051,3934.847529602051,5.0,3.934847529602051,filled
2019-05-27,SZ300423,sell,35900,35900,13.69802875328064,491759.232242775,147.52776967283248,491.759232242775,filled
2019-05-27,SZ300487,sell,17600,17600,27.799801460266114,489276.5057006836,146.78295171020508,489.27650570068363,filled
2019-05-27,SZ300525,sell,46900,46900,10.174703950881957,477193.6152963638,143.1580845889091,477.19361529636376,filled
2019-05-27,SZ300559,sell,1500,1500,13.694152132987975,20541.228199481964,6.162368459844589,20.541228199481964,filled
2019-05-27,SZ300571,sell,11400,11400,39.28812615966797,447884.6382202148,134.36539146606444,447.8846382202148,filled
2019-05-27,SZ300595,sell,6500,6500,14.782854592323304,96088.55485010147,28.826566455030438,96.08855485010147,filled
2019-05-27,SZ300628,sell,17700,17700,27.660789991378785,489595.9828474045,146.87879485422133,489.5959828474045,filled
2019-05-27,SZ300632,sell,43800,43800,10.457541938781738,458040.3369186401,137.41210107559203,458.04033691864015,filled
2019-05-27,SZ300684,sell,24900,24900,17.185700843811034,427923.9510108947,128.37718530326842,427.9239510108947,filled
2019-05-27,SH600031,buy,45200,45200,11.3914889421463,514895.30018501275,154.46859005550382,0.0,filled
2019-05-27,SH600332,buy,13500,13500,38.09998208618163,514349.75816345203,154.3049274490356,0.0,filled
2019-05-27,SH600486,buy,10100,10100,50.85409461212158,513626.35558242793,154.08790667472837,0.0,filled
2019-05-27,SH600738,buy,70100,70100,7.354822049617766,515573.0256782054,154.6719077034616,0.0,filled
2019-05-27,SH600810,buy,61000,61000,8.456297122955322,515834.1245002746,154.75023735008236,0.0,filled
2019-05-27,SH601100,buy,26300,26300,19.587605070114133,515154.0133440017,154.5462040032005,0.0,filled
2019-05-27,SH601888,buy,6900,6900,74.19424494171142,511940.29009780876,153.5820870293426,0.0,filled
2019-05-27,SZ000596,buy,4800,4800,105.43362877655028,506081.4181274413,151.82442543823237,0.0,filled
2019-05-27,SZ000661,buy,3400,3400,148.6329204711914,505351.92960205075,151.6055788806152,0.0,filled
2019-05-27,SZ000785,buy,58300,58300,8.8442073431015,515617.28810281743,154.68518643084522,0.0,filled
2019-05-27,SZ002458,buy,42000,42000,12.278627597808837,515702.3591079712,154.71070773239134,0.0,filled
2019-05-27,SZ002475,buy,42400,42400,12.165888895988463,515833.68918991083,154.75010675697322,0.0,filled
2019-05-27,SZ002746,buy,45000,45000,11.459753435134887,515688.90458106995,154.70667137432096,0.0,filled
2019-05-27,SZ002916,buy,1600,1600,53.19268498611449,85108.29597778319,25.532488793334952,0.0,filled
2019-05-27,SZ300014,buy,2700,2700,12.19591003704071,32928.95710000992,9.878687130002975,0.0,filled
2019-05-27,SZ300142,buy,21500,21500,23.950058334350583,514926.25418853754,154.47787625656125,0.0,filled
2019-05-27,SZ300529,buy,16700,16700,30.77984692192077,514023.44359607686,154.20703307882303,0.0,filled
2019-05-27,SZ300531,buy,1100,1100,17.1197236995697,18831.69606952667,5.649508820858001,0.0,filled
2019-05-27,SZ300575,buy,28400,28400,18.163464303970336,515842.38623275753,154.75271586982726,0.0,filled
2019-05-27,SZ300590,buy,28100,28100,18.334319803237914,515194.38647098537,154.5583159412956,0.0,filled
2019-05-27,SZ300630,buy,18200,15600,28.263268068313597,440906.9818656921,132.27209455970763,0.0,partial_volume_or_cash
2019-06-25,SH600031,sell,1400,1400,12.394479214668275,17352.270900535586,5.205681270160675,17.352270900535586,filled
2019-06-25,SH600332,sell,13500,13500,38.49982223510742,519747.6001739502,155.92428005218505,519.7476001739502,filled
2019-06-25,SH600486,sell,10100,10100,53.09146674728394,536223.8141475677,160.8671442442703,536.2238141475677,filled
2019-06-25,SH600763,sell,500,500,85.65210090637207,42826.050453186035,12.847815135955809,42.826050453186035,filled
2019-06-25,SH600810,sell,61000,61000,8.521535470962524,519813.663728714,155.9440991186142,519.813663728714,filled
2019-06-25,SH601888,sell,500,500,84.90666941070556,42453.33470535278,12.736000411605835,42.45333470535279,filled
2019-06-25,SZ000661,sell,100,100,160.8902487487793,16089.02487487793,5.0,16.089024874877932,filled
2019-06-25,SZ000708,sell,3100,3100,7.384823513031006,22892.952890396118,6.867885867118835,22.892952890396117,filled
2019-06-25,SZ000785,sell,58300,58300,10.288106288909912,599796.5966434479,179.93897899303434,599.7965966434479,filled
2019-06-25,SZ002475,sell,2500,2500,13.609545776367188,34023.86444091797,10.20715933227539,34.02386444091797,filled
2019-06-25,SZ002916,sell,1000,1000,62.20924718856811,62209.247188568115,18.662774156570432,62.20924718856811,filled
2019-06-25,SZ300014,sell,2600,2600,13.686598963737488,35585.15730571747,10.67554719171524,35.585157305717466,filled
2019-06-25,SZ300122,sell,13000,13000,40.82675856399536,530747.8613319397,159.2243583995819,530.7478613319397,filled
2019-06-25,SZ300142,sell,21500,21500,26.862661611557005,577547.2246484756,173.26416739454268,577.5472246484757,filled
2019-06-25,SZ300531,sell,30100,30100,17.862570751190187,537663.3796108246,161.29901388324737,537.6633796108247,filled
2019-06-25,SZ300559,sell,1200,1200,14.933642641067506,17920.371169281007,5.376111350784302,17.920371169281008,filled
2019-06-25,SZ300595,sell,4300,4300,17.814515522003173,76602.41674461364,22.98072502338409,76.60241674461365,filled
2019-06-25,SZ300630,sell,15600,15600,33.81460125732422,527507.7796142579,158.25233388427733,527.5077796142579,filled
2019-06-25,SH600675,buy,110300,110300,4.939920145988464,544873.1921025276,163.46195763075826,0.0,filled
2019-06-25,SH600732,buy,79400,79400,6.863978589057922,544999.899971199,163.49996999135968,0.0,filled
2019-06-25,SH600738,buy,5400,5400,7.212938077926635,38949.86562080383,11.684959686241148,0.0,filled
2019-06-25,SH600801,buy,500,500,17.644123765945434,8822.061882972717,5.0,0.0,filled
2019-06-25,SH601100,buy,300,300,20.44757214927673,6134.271644783019,5.0,0.0,filled
2019-06-25,SH603160,buy,4300,4300,126.74789049530028,545015.9291297912,163.50477873893735,0.0,filled
2019-06-25,SZ000596,buy,100,100,110.76826564025878,11076.826564025878,5.0,0.0,filled
2019-06-25,SZ000672,buy,47900,47900,11.372292327880858,544732.8025054932,163.41984075164794,0.0,filled
2019-06-25,SZ000922,buy,68800,68800,7.922729286670684,545083.7749229431,163.5251324768829,0.0,filled
2019-06-25,SZ002299,buy,3400,3400,22.59428611564636,76820.57279319761,23.04617183795928,0.0,filled
2019-06-25,SZ002458,buy,8100,8100,10.865899409294126,88013.78521528242,26.404135564584724,0.0,filled
2019-06-25,SZ002746,buy,11200,11200,9.691642066001892,108546.39113922119,32.563917341766356,0.0,filled
2019-06-25,SZ300529,buy,700,700,31.194709154129026,21836.296407890317,6.550888922367094,0.0,filled
2019-06-25,SZ300572,buy,11800,11800,45.98543076324462,542628.0830062865,162.78842490188595,0.0,filled
2019-06-25,SZ300575,buy,1100,1100,18.464363046646117,20310.79935131073,6.093239805393218,0.0,filled
2019-06-25,SZ300590,buy,200,200,19.212241525650022,3842.4483051300044,5.0,0.0,filled
2019-06-25,SZ300632,buy,42700,42700,12.764988602638244,545065.013332653,163.5195039997959,0.0,filled
2019-06-25,SZ300638,buy,1700,1700,17.033879732131957,28957.595544624328,8.687278663387298,0.0,filled
2019-06-25,SZ300662,buy,15800,14000,34.352559360504145,480935.83104705805,144.2807493141174,0.0,partial_volume_or_cash
2019-07-22,SH600031,sell,1600,1600,13.119078520774842,20990.525633239748,6.2971576899719235,20.99052563323975,filled
2019-07-22,SH600732,sell,79400,79400,6.582086347103119,522617.65595998766,156.7852967879963,522.6176559599877,filled
2019-07-22,SH600801,sell,300,300,18.141373014450075,5442.411904335022,5.0,5.442411904335022,filled
2019-07-22,SH601888,sell,6400,6400,84.48225141906738,540686.4090820312,162.20592272460937,540.6864090820312,filled
2019-07-22,SH603160,sell,500,500,143.8537592010498,71926.8796005249,21.57806388015747,71.9268796005249,filled
2019-07-22,SZ000596,sell,4900,4900,118.01015235900879,578249.7465591431,173.4749239677429,578.2497465591431,filled
2019-07-22,SZ000672,sell,2800,2800,12.27746701812744,34376.90765075683,10.313072295227048,34.376907650756834,filled
2019-07-22,SZ002299,sell,1600,1600,24.62941583061218,39407.065328979494,11.822119598693847,39.40706532897949,filled
2019-07-22,SZ002458,sell,11500,11500,14.35369109916687,165067.447640419,49.5202342921257,165.067447640419,filled
2019-07-22,SZ002475,sell,39900,39900,15.404548636436463,614641.4905938149,184.39244717814444,614.6414905938149,filled
2019-07-22,SZ002746,sell,2600,2600,10.339092086791991,26881.639425659178,8.064491827697752,26.881639425659177,filled
2019-07-22,SZ002916,sell,1200,1200,73.66197443389892,88394.3693206787,26.518310796203608,88.3943693206787,filled
2019-07-22,SZ300014,sell,5400,5400,16.145314659118654,87184.69915924073,26.155409747772215,87.18469915924074,filled
2019-07-22,SZ300529,sell,400,400,32.58005060577393,13032.02024230957,5.0,13.03202024230957,filled
2019-07-22,SZ300575,sell,29500,29500,17.31097408103943,510673.73539066315,153.20212061719894,510.6737353906632,filled
2019-07-22,SZ300632,sell,42700,42700,12.97221568107605,553913.6095819473,166.17408287458417,553.9136095819473,filled
2019-07-22,SZ300638,sell,100,100,17.368676559448243,1736.8676559448243,5.0,1.7368676559448244,filled
2019-07-22,SH600131,buy,36100,36100,15.392362535476684,555664.2875307082,166.69928625921247,0.0,filled
2019-07-22,SH600675,buy,7500,7500,4.718183452129363,35386.37589097022,10.615912767291066,0.0,filled
2019-07-22,SH600738,buy,16000,16000,6.074211033821105,97187.37654113768,29.1562129623413,0.0,filled
2019-07-22,SH600763,buy,200,200,84.81197639465331,16962.395278930664,5.088718583679198,0.0,filled
2019-07-22,SH601100,buy,700,700,20.354830039978026,14248.381027984618,5.0,0.0,filled
2019-07-22,SH603444,buy,2700,2700,202.46323204040525,546650.7265090941,163.9952179527282,0.0,filled
2019-07-22,SH603806,buy,25500,25500,21.745136880874632,554500.9904623032,166.35029713869093,0.0,filled
2019-07-22,SZ000661,buy,100,100,162.77438240051268,16277.438240051268,5.0,0.0,filled
2019-07-22,SZ000708,buy,8100,8100,6.798368916511535,55066.78822374343,16.520036467123028,0.0,filled
2019-07-22,SZ000922,buy,5600,5600,7.469397455692291,41828.625751876825,12.548587725563047,0.0,filled
2019-07-22,SZ002064,buy,107800,107800,5.154054659843444,555607.0923311233,166.68212769933697,0.0,filled
2019-07-22,SZ002189,buy,25700,25700,21.591680431365965,554906.1870861053,166.47185612583158,0.0,filled
2019-07-22,SZ300285,buy,31400,31400,17.658632202148436,554481.0511474609,166.34431534423825,0.0,filled
2019-07-22,SZ300559,buy,2900,2900,14.11657668685913,40938.072391891474,12.281421717567442,0.0,filled
2019-07-22,SZ300572,buy,400,400,45.53894361495971,18215.577445983887,5.464673233795166,0.0,filled
2019-07-22,SZ300590,buy,4000,4000,17.17528495788574,68701.13983154295,20.610341949462885,0.0,filled
2019-07-22,SZ300595,buy,2800,2800,16.647831991195677,46613.929575347895,13.984178872604367,0.0,filled
2019-07-22,SZ300662,buy,3500,3100,31.756146877288813,98444.05531959533,29.533216595878596,0.0,partial_volume_or_cash
2019-08-22,SH600738,sell,91500,91500,6.042930303096771,552928.1227333546,165.87843682000636,552.9281227333546,filled
2019-08-22,SH600763,sell,200,200,93.90372871398925,18780.74574279785,5.634223722839355,18.78074574279785,filled
2019-08-22,SH603160,sell,900,900,203.2723847351074,182945.14626159667,54.883543878478996,182.94514626159668,filled
2019-08-22,SH603444,sell,500,500,262.42999530029294,131214.99765014648,39.36449929504394,131.2149976501465,filled
2019-08-22,SH603806,sell,25500,25500,26.321270484924316,671192.3973655701,201.357719209671,671.1923973655701,filled
2019-08-22,SZ000708,sell,6600,6600,7.893492972850799,52097.05362081528,15.629116086244581,52.09705362081528,filled
2019-08-22,SZ000922,sell,74400,74400,6.6090850210189815,491715.92556381226,147.51477766914365,491.7159255638123,filled
2019-08-22,SZ002916,sell,1100,1100,92.63221250152588,101895.43375167847,30.56863012550354,101.89543375167848,filled
2019-08-22,SZ300014,sell,600,600,17.554920106887817,10532.95206413269,5.0,10.53295206413269,filled
2019-08-22,SZ300285,sell,31400,31400,21.927540103912353,688524.7592628478,206.55742777885433,688.5247592628479,filled
2019-08-22,SZ300529,sell,17000,17000,35.239646495819095,599073.9904289246,179.72219712867735,599.0739904289246,filled
2019-08-22,SZ300559,sell,39300,39300,13.809608536720276,542717.6154931069,162.81528464793206,542.7176154931069,filled
2019-08-22,SZ300572,sell,300,300,49.80805224609375,14942.415673828125,5.0,14.942415673828126,filled
2019-08-22,SZ300590,sell,1400,1400,19.136785068511962,26791.499095916748,8.037449728775023,26.79149909591675,filled
2019-08-22,SZ300595,sell,2300,2300,19.08158062362671,43887.635434341435,13.166290630302429,43.88763543434143,filled
2019-08-22,SZ300638,sell,4400,4400,21.49848045730591,94593.314012146,28.377994203643798,94.59331401214601,filled
2019-08-22,SZ300725,sell,1600,1600,46.912360748291015,75059.77719726562,22.517933159179684,75.05977719726562,filled
2019-08-22,SH600031,buy,2900,2900,13.174185117721557,38205.136841392516,11.461541052417754,0.0,filled
2019-08-22,SH600131,buy,4400,4400,14.643529428482054,64431.529485321036,19.32945884559631,0.0,filled
2019-08-22,SH600675,buy,10900,10900,4.616684540271758,50321.86148896217,15.096558446688649,0.0,filled
2019-08-22,SH600732,buy,74700,74700,7.949287037372589,593811.7416917323,178.1435225075197,0.0,filled
2019-08-22,SH600801,buy,4000,4000,17.182240377426144,68728.96150970458,20.61868845291137,0.0,filled
2019-08-22,SH601100,buy,3400,3400,19.301522153854368,65625.17532310485,19.687552596931454,0.0,filled
2019-08-22,SZ000661,buy,200,200,163.30263534545895,32660.52706909179,9.798158120727535,0.0,filled
2019-08-22,SZ000672,buy,5500,5500,11.743598703384398,64589.79286861419,19.376937860584256,0.0,filled
2019-08-22,SZ000785,buy,62600,62600,9.484053436279297,593701.745111084,178.11052353332516,0.0,filled
2019-08-22,SZ002064,buy,8100,8100,5.12398292350769,41504.26168041229,12.451278504123685,0.0,filled
2019-08-22,SZ002189,buy,2600,2600,20.934443880081176,54429.55408821106,16.328866226463315,0.0,filled
2019-08-22,SZ002299,buy,1300,1300,24.915488895416257,32390.135564041135,9.71704066921234,0.0,filled
2019-08-22,SZ002458,buy,3100,3100,14.231138728141783,44116.53005723953,13.234959017171857,0.0,filled
2019-08-22,SZ002475,buy,31100,31100,19.068096517562864,593017.801696205,177.90534050886149,0.0,filled
2019-08-22,SZ002746,buy,900,900,10.891174139976501,9802.056725978851,5.0,0.0,filled
2019-08-22,SZ300080,buy,101800,101800,5.835534943580627,594057.4572565078,178.21723717695232,0.0,filled
2019-08-22,SZ300142,buy,21700,21700,27.376496944427487,594069.9836940764,178.22099510822292,0.0,filled
2019-08-22,SZ300628,buy,14200,14200,41.595115726470944,590650.6433158874,177.19519299476622,0.0,filled
2019-08-22,SZ300632,buy,39900,11100,14.894206147193907,165325.68823385236,49.5977064701557,0.0,partial_volume_or_cash
2019-09-24,SH600131,sell,8500,8500,19.619892557144166,166769.0867357254,50.030726020717616,166.7690867357254,filled
2019-09-24,SH600675,sell,128700,128700,4.2756559009552,550276.9144529342,165.08307433588024,550.2769144529342,filled
2019-09-24,SH600732,sell,74700,74700,7.872517398834228,588077.0496929168,176.42311490787503,588.0770496929168,filled
2019-09-24,SH600763,sell,6300,6300,100.06766358947753,630426.2806137084,189.1278841841125,630.4262806137084,filled
2019-09-24,SH600801,sell,34500,34500,17.734673721313477,611846.2433853149,183.55387301559446,611.846243385315,filled
2019-09-24,SH601100,sell,30700,30700,24.534320972442625,753203.6538539886,225.96109615619656,753.2036538539886,filled
2019-09-24,SH603160,sell,100,100,221.4785560913086,22147.85560913086,6.644356682739257,22.14785560913086,filled
2019-09-24,SZ000661,sell,3600,3600,190.80726223754883,686906.1440551758,206.07184321655274,686.9061440551758,filled
2019-09-24,SZ000672,sell,50600,50600,12.59268607521057,637189.9154056549,191.15697462169646,637.1899154056549,filled
2019-09-24,SZ000708,sell,9400,9400,9.572266296386719,89979.30318603516,26.993790955810546,89.97930318603517,filled
2019-09-24,SZ000785,sell,400,400,10.102497253417969,4040.9989013671875,5.0,4.040998901367187,filled
2019-09-24,SZ002189,sell,28300,28300,23.932954175949096,677302.6031793595,203.19078095380783,677.3026031793595,filled
2019-09-24,SZ002475,sell,1300,1300,21.04922503852844,27363.992550086972,8.20919776502609,27.363992550086973,filled
2019-09-24,SZ002916,sell,1000,1000,115.08739597320556,115087.39597320557,34.52621879196167,115.08739597320557,filled
2019-09-24,SZ300142,sell,21700,21700,27.631211826324463,599597.2966312409,179.87918898937224,599.5972966312409,filled
2019-09-24,SZ300572,sell,500,500,55.14038394927979,27570.191974639893,8.271057592391967,27.570191974639894,filled
2019-09-24,SZ300590,sell,30900,30900,21.494860118865965,664191.1776729584,199.2573533018875,664.1911776729584,filled
2019-09-24,SZ300595,sell,3100,3100,22.483244905471803,69698.05920696259,20.909417762088776,69.69805920696258,filled
2019-09-24,SZ300662,sell,17100,17100,29.586379411697386,505927.0879400253,151.77812638200757,505.92708794002533,filled
2019-09-24,SH600025,buy,151000,151000,4.172380626201629,630029.474556446,189.00884236693378,0.0,filled
2019-09-24,SH600031,buy,800,800,13.712843507766722,10970.274806213378,5.0,0.0,filled
2019-09-24,SH601012,buy,32600,32600,19.28755976486206,628774.4483345031,188.6323345003509,0.0,filled
2019-09-24,SH601888,buy,6800,6800,92.60905706787108,629741.5880615233,188.92247641845697,0.0,filled
2019-09-24,SH603127,buy,19200,19200,32.652641841888425,626930.7233642577,188.0792170092773,0.0,filled
2019-09-24,SH603360,buy,29100,29100,21.626018400192258,629317.1354455947,188.7951406336784,0.0,filled
2019-09-24,SH603444,buy,100,100,266.3921330871582,26639.213308715818,7.991763992614745,0.0,filled
2019-09-24,SH603505,buy,37400,37400,16.824302612304685,629228.9177001952,188.76867531005854,0.0,filled
2019-09-24,SZ002064,buy,6300,6300,5.153500975608825,32467.0561463356,9.74011684390068,0.0,filled
2019-09-24,SZ002234,buy,20000,20000,31.389581184387204,627791.623687744,188.33748710632318,0.0,filled
2019-09-24,SZ002299,buy,2800,2800,23.607228511810302,66100.23983306884,19.83007194992065,0.0,filled
2019-09-24,SZ002458,buy,5600,5600,13.299964992523192,74479.80395812988,22.34394118743896,0.0,filled
2019-09-24,SZ002463,buy,24400,24400,25.804362110137937,629626.4354873657,188.8879306462097,0.0,filled
2019-09-24,SZ002607,buy,39200,39200,16.060080902099607,629555.1713623046,188.86655140869135,0.0,filled
2019-09-24,SZ002746,buy,7200,7200,10.210158760070799,73513.14307250976,22.053942921752927,0.0,filled
2019-09-24,SZ300014,buy,6200,6200,15.757344500541686,97695.53590335845,29.308660771007535,0.0,filled
2019-09-24,SZ300033,buy,5600,5600,110.88359997558592,620948.1598632812,186.28444795898434,0.0,filled
2019-09-24,SZ300080,buy,200,200,6.174306165218352,1234.8612330436704,5.0,0.0,filled
2019-09-24,SZ300628,buy,800,800,41.77245887756347,33417.96710205078,10.025390130615234,0.0,filled
2019-09-24,SZ300632,buy,29000,29000,15.71465449142456,455724.9802513122,136.71749407539366,0.0,filled
2019-09-24,SZ300638,buy,600,600,22.390625780105587,13434.375468063352,5.0,0.0,filled
2019-09-24,SZ300735,buy,29700,11700,21.210747587203976,248165.74677028653,74.44972403108595,0.0,partial_volume_or_cash
2019-10-29,SH600025,sell,151000,151000,4.217517076492309,636845.0785503387,191.0535235651016,636.8450785503387,filled
2019-10-29,SH600131,sell,1000,1000,20.827626028060912,20827.626028060913,6.248287808418273,20.827626028060912,filled
2019-10-29,SH601012,sell,32600,32600,16.370215799331664,533669.0350582122,160.10071051746365,533.6690350582122,filled
2019-10-29,SH601888,sell,6800,6800,91.34226686096191,621127.4146545411,186.3382243963623,621.1274146545411,filled
2019-10-29,SH603360,sell,1800,1800,23.63274427986145,42538.939703750606,12.76168191112518,42.53893970375061,filled
2019-10-29,SZ000708,sell,5800,5800,10.792052636146545,62593.90528964996,18.778171586894988,62.59390528964997,filled
2019-10-29,SZ002064,sell,122200,122200,5.044712010383606,616463.8076688766,184.93914230066295,616.4638076688766,filled
2019-10-29,SZ002234,sell,3000,3000,37.980063583374026,113940.19075012208,34.18205722503662,113.94019075012208,filled
2019-10-29,SZ002299,sell,2500,2500,26.723549154281617,66808.87288570404,20.04266186571121,66.80887288570405,filled
2019-10-29,SZ002458,sell,13600,13600,19.136041946411133,260250.1704711914,78.07505114135742,260.25017047119144,filled
2019-10-29,SZ002475,sell,3600,3600,24.62890326690674,88664.05176086427,26.59921552825928,88.66405176086427,filled
2019-10-29,SZ002607,sell,3800,3800,18.255712829589843,69371.70875244141,20.81151262573242,69.3717087524414,filled
2019-10-29,SZ002746,sell,6900,6900,11.783877696990967,81308.75610923767,24.3926268327713,81.30875610923768,filled
2019-10-29,SZ300014,sell,39900,39900,18.357225214004515,732453.2860387801,219.735985811634,732.4532860387801,filled
2019-10-29,SZ300033,sell,5600,5600,102.07409326171874,571614.922265625,171.48447667968748,571.614922265625,filled
2019-10-29,SZ300595,sell,1000,1000,23.958456602096557,23958.456602096558,7.187536980628967,23.958456602096557,filled
2019-10-29,SZ300628,sell,1500,1500,47.866765800476074,71800.14870071411,21.54004461021423,71.80014870071412,filled
2019-10-29,SZ300632,sell,500,500,16.286679347991942,8143.339673995971,5.0,8.143339673995971,filled
2019-10-29,SH600031,buy,2400,2400,13.405122993469236,32172.295184326165,9.651688555297849,0.0,filled
2019-10-29,SH600763,buy,5800,5800,110.30905139160156,639792.498071289,191.93774942138668,0.0,filled
2019-10-29,SH603127,buy,700,700,32.434665904998774,22704.266133499143,6.8112798400497425,0.0,filled
2019-10-29,SH603160,buy,500,500,194.95481559753415,97477.40779876708,29.24322233963012,0.0,filled
2019-10-29,SH603444,buy,100,100,269.8412269287109,26984.12269287109,8.095236807861326,0.0,filled
2019-10-29,SH603505,buy,7000,7000,14.572618706703185,102008.3309469223,30.60249928407669,0.0,filled
2019-10-29,SH603737,buy,17500,17500,36.995737159728996,647425.4002952575,194.22762008857723,0.0,filled
2019-10-29,SZ000656,buy,104500,104500,6.1972940845489495,647617.2318353652,194.28516955060954,0.0,filled
2019-10-29,SZ000672,buy,47500,47500,13.613745485305785,646652.9105520247,193.9958731656074,0.0,filled
2019-10-29,SZ000785,buy,3200,3200,9.896877537727354,31670.008120727533,9.50100243621826,0.0,filled
2019-10-29,SZ002120,buy,23100,23100,27.97076432418823,646124.6558887481,193.8373967666244,0.0,filled
2019-10-29,SZ002463,buy,3800,3800,22.907253265380856,87047.56240844725,26.114268722534174,0.0,filled
2019-10-29,SZ002916,buy,400,400,111.1663073272705,44466.5229309082,13.339956879272458,0.0,filled
2019-10-29,SZ300529,buy,17200,17200,37.5255327835083,645439.1638763427,193.6317491629028,0.0,filled
2019-10-29,SZ300572,buy,2000,2000,48.071445663452145,96142.8913269043,28.842867398071288,0.0,filled
2019-10-29,SZ300602,buy,21700,6700,29.791778312683103,199604.9146949768,59.881474408493034,0.0,partial_volume_or_cash
2019-10-29,SZ300638,buy,4800,100,19.679256994247435,1967.9256994247435,5.0,0.0,partial_volume_or_cash
2019-11-22,SH600031,sell,48300,48300,14.040412734031678,678151.93505373,203.44558051611898,678.1519350537301,filled
2019-11-22,SH600763,sell,5800,5800,115.76092373657227,671413.3576721192,201.42400730163573,671.4133576721192,filled
2019-11-22,SH603127,sell,19900,19900,31.379563528060913,624453.3142084122,187.33599426252366,624.4533142084122,filled
2019-11-22,SH603160,sell,300,300,208.84961137390135,62654.883412170406,18.79646502365112,62.654883412170406,filled
2019-11-22,SH603444,sell,2400,2400,307.2374379272461,737369.8510253907,221.21095530761718,737.3698510253906,filled
2019-11-22,SH603505,sell,44400,44400,13.386067048072816,594341.376934433,178.3024130803299,594.341376934433,filled
2019-11-22,SH603737,sell,2300,2300,42.37384350585938,97459.84006347657,29.237952019042968,97.45984006347658,filled
2019-11-22,SZ000656,sell,104500,104500,5.754862831592559,601383.1659014225,180.41494977042674,601.3831659014226,filled
2019-11-22,SZ000672,sell,47500,47500,15.128215825080872,718590.2516913414,215.5770755074024,718.5902516913415,filled
2019-11-22,SZ000708,sell,59900,59900,12.214999983787537,731678.4990288735,219.50354970866204,731.6784990288735,filled
2019-11-22,SZ000785,sell,65400,65400,9.76842766571045,638855.1693374634,191.656550801239,638.8551693374635,filled
2019-11-22,SZ002120,sell,23100,23100,24.69616915512085,570481.5074832916,171.14445224498746,570.4815074832916,filled
2019-11-22,SZ002299,sell,24100,24100,22.647023300170897,545793.2615341186,163.73797846023555,545.7932615341185,filled
2019-11-22,SZ002475,sell,1800,1800,26.395676061630247,47512.21691093445,14.253665073280333,47.51221691093445,filled
2019-11-22,SZ002607,sell,4100,4100,20.623673309326172,84557.0605682373,25.367118170471187,84.5570605682373,filled
2019-11-22,SZ002746,sell,54800,54800,10.032112157821656,549759.7462486267,164.927923874588,549.7597462486267,filled
2019-11-22,SZ002916,sell,100,100,113.255771484375,11325.5771484375,5.0,11.3255771484375,filled
2019-11-22,SZ300080,sell,102000,102000,5.225047260761261,532954.8205976486,159.88644617929458,532.9548205976487,filled
2019-11-22,SZ300529,sell,17200,17200,43.83508450698852,753963.4535202025,226.18903605606073,753.9634535202025,filled
2019-11-22,SZ300595,sell,3700,3700,27.767793857574464,102740.83727302552,30.822251181907653,102.74083727302552,filled
2019-11-22,SZ300632,sell,2300,2300,17.32346996498108,39843.98091945648,11.953194275836942,39.843980919456484,filled
2019-11-22,SZ300638,sell,28200,28200,20.56236954689026,579858.8212223053,173.95764636669156,579.8588212223053,filled
2019-11-22,SZ300735,sell,11700,11700,18.287684228897096,213965.905478096,64.1897716434288,213.965905478096,filled
2019-11-22,SH600131,buy,3800,3800,18.56845186424255,70560.1170841217,21.168035125236507,0.0,filled
2019-11-22,SH600570,buy,15300,15300,42.152477188110346,644932.9009780883,193.47987029342647,0.0,filled
2019-11-22,SH600809,buy,9200,9200,70.06919811248778,644636.6226348876,193.39098679046626,0.0,filled
2019-11-22,SH601012,buy,39800,39800,16.254004032135008,646909.3604789732,194.07280814369196,0.0,filled
2019-11-22,SH603360,buy,3200,3200,21.209143812179562,67869.2601989746,20.36077805969238,0.0,filled
2019-11-22,SH603707,buy,25800,25800,25.03357828712463,645866.3198078155,193.75989594234463,0.0,filled
2019-11-22,SH603986,buy,7400,7400,86.68636172485351,641479.076763916,192.44372302917478,0.0,filled
2019-11-22,SZ000661,buy,2700,2700,239.50266061401365,646657.1836578369,193.99715509735105,0.0,filled
2019-11-22,SZ002234,buy,3500,3500,31.46972029495239,110144.02103233336,33.043206309700004,0.0,filled
2019-11-22,SZ002458,buy,5300,5300,16.582480068206785,87887.14436149596,26.366143308448784,0.0,filled
2019-11-22,SZ002463,buy,4100,4100,20.010751564025878,82044.0814125061,24.613224423751827,0.0,filled
2019-11-22,SZ002793,buy,52300,52300,12.379096466064452,647426.7451751708,194.22802355255124,0.0,filled
2019-11-22,SZ300014,buy,29000,29000,22.32248061561584,647351.9378528594,194.2055813558578,0.0,filled
2019-11-22,SZ300033,buy,6900,6900,93.36870420074462,644244.0589851378,193.27321769554135,0.0,filled
2019-11-22,SZ300142,buy,19500,19500,33.19602754974365,647322.5372200011,194.1967611660003,0.0,filled
2019-11-22,SZ300428,buy,52600,52600,12.30066709423065,647015.0891565322,194.10452674695964,0.0,filled
2019-11-22,SZ300525,buy,28900,28900,22.381125322341916,646814.5218156814,194.04435654470439,0.0,filled
2019-11-22,SZ300572,buy,200,200,47.48173758697509,9496.34751739502,5.0,0.0,filled
2019-11-22,SZ300601,buy,7000,7000,91.23476697540282,638643.3688278197,191.59301064834588,0.0,filled
2019-11-22,SZ300602,buy,12800,12800,33.09156451797485,423572.0258300781,127.07160774902343,0.0,filled
2019-11-22,SZ300630,buy,15200,15200,42.544947666168206,646683.2045257568,194.004961357727,0.0,filled
2019-11-22,SZ300702,buy,28900,12700,22.360631368637083,283980.01838169096,85.19400551450728,0.0,partial_volume_or_cash
2019-12-23,SH600131,sell,3300,3300,20.268699125289917,66886.70711345672,20.066012134037017,66.88670711345672,filled
2019-12-23,SH600570,sell,400,400,42.78320851135254,17113.283404541016,5.133985021362305,17.11328340454102,filled
2019-12-23,SH601012,sell,2300,2300,17.00535273170471,39112.31128292083,11.733693384876249,39.112311282920835,filled
2019-12-23,SH603360,sell,2600,2600,22.875091283798216,59475.23733787536,17.842571201362606,59.47523733787536,filled
2019-12-23,SH603986,sell,600,600,93.35807130432129,56014.84278259277,16.80445283477783,56.01484278259277,filled
2019-12-23,SZ002463,sell,32300,32300,20.37019436073303,657957.2778516769,197.38718335550305,657.957277851677,filled
2019-12-23,SZ002475,sell,800,800,26.99235166168213,21593.881329345702,6.4781643988037105,21.593881329345702,filled
2019-12-23,SZ002793,sell,4700,4700,13.404440265655518,63000.86924858094,18.900260774574278,63.00086924858094,filled
2019-12-23,SZ300014,sell,5900,5900,27.598525886535644,162831.3027305603,48.849390819168086,162.8313027305603,filled
2019-12-23,SZ300033,sell,1000,1000,106.90355614471436,106903.55614471436,32.07106684341431,106.90355614471436,filled
2019-12-23,SZ300428,sell,52600,52600,13.105328856468201,689340.2978502273,206.80208935506818,689.3402978502273,filled
2019-12-23,SZ300632,sell,5900,5900,20.295209529876708,119741.73622627258,35.92252086788177,119.74173622627258,filled
2019-12-23,SZ300702,sell,12700,12700,28.763926168441774,365301.8623392105,109.59055870176314,365.3018623392105,filled
2019-12-23,SH600809,buy,1400,1400,59.981487575531,83974.0826057434,25.19222478172302,0.0,filled
2019-12-23,SH603160,buy,400,400,187.89664753723142,75158.65901489256,22.547597704467766,0.0,filled
2019-12-23,SH603707,buy,700,700,24.123199213027952,16886.239449119566,5.065871834735869,0.0,filled
2019-12-23,SH603737,buy,800,800,39.78808894729614,31830.47115783691,9.549141347351073,0.0,filled
2019-12-23,SZ000661,buy,300,300,210.61317376708982,63183.95213012695,18.95518563903808,0.0,filled
2019-12-23,SZ002234,buy,400,400,30.552349525451657,12220.939810180662,5.0,0.0,filled
2019-12-23,SZ002299,buy,29000,29000,22.06626991844177,639921.8276348113,191.97654829044336,0.0,filled
2019-12-23,SZ002458,buy,400,400,16.231070049285886,6492.428019714354,5.0,0.0,filled
2019-12-23,SZ002607,buy,5300,5300,17.49927233314514,92746.14336566924,27.82384300970077,0.0,filled
2019-12-23,SZ002746,buy,63200,63200,10.133056321144103,640409.1594963074,192.1227478488922,0.0,filled
2019-12-23,SZ002916,buy,500,500,102.68850816345214,51344.254081726074,15.403276224517821,0.0,filled
2019-12-23,SZ300142,buy,1400,1400,30.5061741695404,42708.64383735656,12.812593151206967,0.0,filled
2019-12-23,SZ300357,buy,14400,14400,44.46748061370849,640331.7208374023,192.09951625122068,0.0,filled
2019-12-23,SZ300525,buy,1700,1200,20.869729648590084,25043.675578308103,7.51310267349243,0.0,partial_volume_or_cash
2020-01-23,SH600570,sell,700,700,49.73531774139404,34814.72241897583,10.444416725692747,34.814722418975826,filled
2020-01-23,SH600809,sell,200,200,67.79672891235352,13559.345782470704,5.0,13.559345782470704,filled
2020-01-23,SH601012,sell,4200,4200,21.281340179443358,89381.62875366211,26.81448862609863,89.38162875366211,filled
2020-01-23,SH603160,sell,1300,1300,322.4563651428223,419193.27468566893,125.75798240570067,419.19327468566894,filled
2020-01-23,SH603707,sell,2800,2800,29.91768801498413,83769.52644195556,25.130857932586665,83.76952644195556,filled
2020-01-23,SH603737,sell,1100,1100,47.43705068206787,52180.75575027466,15.654226725082395,52.180755750274656,filled
2020-01-23,SH603986,sell,1900,1900,142.07267463684082,269938.08180999756,80.98142454299926,269.9380818099976,filled
2020-01-23,SZ000661,sell,300,300,258.9229772644043,77676.8931793213,23.303067953796386,77.6768931793213,filled
2020-01-23,SZ002299,sell,29000,29000,20.644057720184325,598677.6738853455,179.60330216560362,598.6776738853455,filled
2020-01-23,SZ002475,sell,3500,3500,35.18423245239258,123144.81358337402,36.9434440750122,123.14481358337403,filled
2020-01-23,SZ002746,sell,63200,63200,9.187298561096192,580637.2690612794,174.1911807183838,580.6372690612794,filled
2020-01-23,SZ002793,sell,500,500,15.047306977272033,7523.653488636017,5.0,7.523653488636017,filled
2020-01-23,SZ002916,sell,700,700,128.5011309814453,89950.7916870117,26.98523750610351,89.9507916870117,filled
2020-01-23,SZ300014,sell,1200,1200,32.23765805053711,38685.18966064453,11.605556898193358,38.68518966064453,filled
2020-01-23,SZ300357,sell,100,100,49.445846912384035,4944.584691238403,5.0,4.944584691238403,filled
2020-01-23,SZ300525,sell,30100,30100,18.271204067230226,549963.2424236299,164.98897272708894,549.9632424236298,filled
2020-01-23,SZ300572,sell,13600,13600,53.54923377227783,728269.5793029785,218.48087379089353,728.2695793029785,filled
2020-01-23,SZ300628,sell,600,600,54.65206126785278,32791.23676071167,9.8373710282135,32.79123676071167,filled
2020-01-23,SH600131,buy,11500,11500,16.492326910018917,189661.75946521756,56.89852783956526,0.0,filled
2020-01-23,SH603360,buy,3500,3500,22.583034870147703,79040.62204551695,23.712186613655085,0.0,filled
2020-01-23,SH603658,buy,8300,8300,84.81670371246337,703978.6408134459,211.19359224403377,0.0,filled
2020-01-23,SZ002064,buy,105900,105900,6.707791903495788,710355.162580204,213.10654877406117,0.0,filled
2020-01-23,SZ002234,buy,5800,5800,26.580186368942258,154165.0809398651,46.24952428195952,0.0,filled
2020-01-23,SZ002458,buy,8200,8200,14.906630630493163,122234.37117004395,36.67031135101318,0.0,filled
2020-01-23,SZ002463,buy,32500,32500,21.836796442031858,709695.8843660353,212.90876530981058,0.0,filled
2020-01-23,SZ002607,buy,3600,3600,17.65762029647827,63567.43306732178,19.07022992019653,0.0,filled
2020-01-23,SZ002901,buy,10800,10800,65.36853351593017,705980.1619720458,211.79404859161372,0.0,filled
2020-01-23,SZ300033,buy,600,600,109.15289761352538,65491.73856811523,19.647521570434566,0.0,filled
2020-01-23,SZ300142,buy,3400,3400,29.146474611282347,99098.01367835997,29.72940410350799,0.0,filled
2020-01-23,SZ300595,buy,4100,4100,26.00320348358154,106613.13428268432,31.983940284805293,0.0,filled
2020-01-23,SZ300602,buy,4400,2700,29.695334156036374,80177.40222129821,24.05322066638946,0.0,partial_volume_or_cash
2020-02-24,SH600131,sell,4700,4700,20.1214961643219,94571.03197231294,28.37130959169388,94.57103197231294,filled
2020-02-24,SH600570,sell,14200,14200,55.51457069778442,788306.9039085387,236.4920711725616,788.3069039085387,filled
2020-02-24,SH601012,sell,33300,33300,24.343159481048584,810627.2107189179,243.18816321567536,810.6272107189179,filled
2020-02-24,SH603986,sell,1100,1100,202.20071882629395,222420.79070892333,66.72623721267699,222.42079070892333,filled
2020-02-24,SZ002458,sell,5700,5700,18.41312705039978,104954.82418727875,31.48644725618362,104.95482418727875,filled
2020-02-24,SZ002607,sell,800,800,19.554482568740845,15643.586054992677,5.0,15.643586054992676,filled
2020-02-24,SZ002916,sell,900,900,164.95513426208495,148459.62083587647,44.53788625076294,148.45962083587648,filled
2020-02-24,SZ300014,sell,3400,3400,41.53689747619629,141225.45141906737,42.36763542572021,141.22545141906735,filled
2020-02-24,SZ300033,sell,1100,1100,141.3338207244873,155467.20279693604,46.64016083908081,155.46720279693605,filled
2020-02-24,SZ300601,sell,100,100,111.48752959442139,11148.75295944214,5.0,11.14875295944214,filled
2020-02-24,SZ300602,sell,200,200,34.95527081680298,6991.054163360596,5.0,6.991054163360596,filled
2020-02-24,SZ300628,sell,1000,1000,64.77849467468262,64778.49467468262,19.433548402404785,64.77849467468262,filled
2020-02-24,SH600809,buy,1800,1800,63.18946911621093,113741.04440917967,34.1223133227539,0.0,filled
2020-02-24,SH601155,buy,25500,25500,30.339444572448727,773655.8365974425,232.09675097923272,0.0,filled
2020-02-24,SH603360,buy,2700,2700,22.685033052444457,61249.589241600035,18.374876772480008,0.0,filled
2020-02-24,SH603658,buy,500,500,87.76634382629393,43883.171913146965,13.164951573944089,0.0,filled
2020-02-24,SH603707,buy,1500,1500,30.640612520217893,45960.918780326836,13.78827563409805,0.0,filled
2020-02-24,SH603737,buy,900,900,48.81237826919555,43931.140442275995,13.179342132682798,0.0,filled
2020-02-24,SZ000661,buy,500,500,241.39404595947263,120697.02297973631,36.20910689392089,0.0,filled
2020-02-24,SZ002064,buy,8700,8700,6.746868645668029,58697.75721731185,17.609327165193555,0.0,filled
2020-02-24,SZ002234,buy,300,300,28.596517244338987,8578.955173301696,5.0,0.0,filled
2020-02-24,SZ002463,buy,1400,1400,22.81588391113281,31942.237475585935,9.58267124267578,0.0,filled
2020-02-24,SZ002793,buy,7200,7200,14.245647164344787,102568.65958328247,30.770597874984738,0.0,filled
2020-02-24,SZ002901,buy,900,900,65.63672288513183,59073.05059661865,17.721915178985594,0.0,filled
2020-02-24,SZ300142,buy,1600,1600,29.866313756942745,47786.10201110839,14.335830603332516,0.0,filled
2020-02-24,SZ300357,buy,1700,1700,48.17159377670288,81891.7094203949,24.567512826118467,0.0,filled
2020-02-24,SZ300525,buy,42100,42100,18.364100378036497,773128.6259153365,231.93858777460093,0.0,filled
2020-02-24,SZ300595,buy,1000,1000,27.32453272438049,27324.53272438049,8.197359817314146,0.0,filled
2020-02-24,SZ300630,buy,3600,3600,41.019043556213376,147668.55680236814,44.30056704071044,0.0,filled
2020-02-24,SZ300632,buy,6500,900,20.364147209167477,18327.73248825073,5.498319746475219,0.0,partial_volume_or_cash
2020-03-23,SH600131,sell,4700,4700,19.993467658996583,93969.29799728394,28.190789399185178,93.96929799728395,filled
2020-03-23,SH600809,sell,800,800,58.73424056625366,46987.392453002925,14.096217735900876,46.987392453002926,filled
2020-03-23,SH601155,sell,25500,25500,24.679203105926515,629319.6792011261,188.7959037603378,629.3196792011261,filled
2020-03-23,SH603658,sell,400,400,79.4986307144165,31799.4522857666,9.53983568572998,31.799452285766602,filled
2020-03-23,SH603707,sell,500,500,27.240211463928222,13620.105731964111,5.0,13.620105731964111,filled
2020-03-23,SZ000661,sell,300,300,227.56625807189943,68269.87742156982,20.480963226470944,68.26987742156982,filled
2020-03-23,SZ002463,sell,3700,3700,22.237904096603394,82280.24515743255,24.684073547229765,82.28024515743256,filled
2020-03-23,SZ002607,sell,10700,10700,23.437251720428467,250778.5934085846,75.23357802257537,250.7785934085846,filled
2020-03-23,SZ002793,sell,4500,4500,13.502494274139405,60761.22423362732,18.228367270088196,60.761224233627324,filled
2020-03-23,SZ002901,sell,700,700,60.71200859069824,42498.40601348877,12.74952180404663,42.49840601348877,filled
2020-03-23,SZ300033,sell,5400,5400,106.00084952545166,572404.5874374389,171.72137623123166,572.4045874374389,filled
2020-03-23,SZ300142,sell,25900,25900,29.18785827255249,755965.5292591095,226.78965877773283,755.9655292591095,filled
2020-03-23,SZ300525,sell,42100,42100,15.804318792343139,665361.8211576461,199.6085463472938,665.3618211576461,filled
2020-03-23,SZ300595,sell,100,100,23.82094090461731,2382.094090461731,5.0,2.382094090461731,filled
2020-03-23,SZ300601,sell,100,100,98.94388005065917,9894.388005065917,5.0,9.894388005065917,filled
2020-03-23,SZ300628,sell,200,200,57.52868310928345,11505.73662185669,5.0,11.50573662185669,filled
2020-03-23,SZ300630,sell,2300,2300,40.74496559143066,93713.42086029053,28.114026258087154,93.71342086029053,filled
2020-03-23,SZ300632,sell,32300,32300,15.200876970291137,490988.32614040375,147.2964978421211,490.9883261404038,filled
2020-03-23,SH603160,buy,500,500,255.994325012207,127997.1625061035,38.39914875183105,0.0,filled
2020-03-23,SH603208,buy,11200,11200,59.89858768081665,670864.1820251464,201.2592546075439,0.0,filled
2020-03-23,SH603360,buy,4500,4500,17.458660549163817,78563.97247123717,23.56919174137115,0.0,filled
2020-03-23,SH603737,buy,400,400,41.50089776229858,16600.359104919433,5.0,0.0,filled
2020-03-23,SH603986,buy,1200,1200,132.69747579956052,159236.97095947262,47.77109128784178,0.0,filled
2020-03-23,SZ002064,buy,24600,24600,4.848318817138671,119268.64290161131,35.78059287048339,0.0,filled
2020-03-23,SZ002234,buy,500,500,24.53789915847778,12268.949579238892,5.0,0.0,filled
2020-03-23,SZ002458,buy,500,500,15.882280484199523,7941.140242099761,5.0,0.0,filled
2020-03-23,SZ002475,buy,4200,4200,27.690111331939693,116298.46759414671,34.88954027824401,0.0,filled
2020-03-23,SZ002714,buy,14600,14600,45.989707496643064,671449.7294509887,201.4349188352966,0.0,filled
2020-03-23,SZ002803,buy,38500,38500,17.515695753097532,674354.286494255,202.30628594827647,0.0,filled
2020-03-23,SZ002916,buy,200,200,140.01412657165525,28002.82531433105,8.400847594299314,0.0,filled
2020-03-23,SZ300014,buy,4100,4100,29.749747951507565,121973.96660118102,36.592189980354306,0.0,filled
2020-03-23,SZ300122,buy,11300,11300,59.357489261627194,670739.6286563873,201.2218885969162,0.0,filled
2020-03-23,SZ300357,buy,1000,1000,39.66940195846557,39669.40195846557,11.90082058753967,0.0,filled
2020-03-23,SZ300428,buy,48500,28900,13.89325101470947,401514.95432510367,120.45448629753109,0.0,partial_volume_or_cash
2020-04-23,SH600131,sell,33600,33600,19.787942951202393,664874.8831604004,199.4624649481201,664.8748831604005,filled
2020-04-23,SH600809,sell,11400,11400,70.76520826721192,806723.3742462159,242.01701227386476,806.7233742462159,filled
2020-04-23,SH603208,sell,1400,1400,77.8658961868286,109012.25466156004,32.70367639846801,109.01225466156005,filled
2020-04-23,SH603658,sell,700,700,98.53017063903809,68971.11944732667,20.691335834197996,68.97111944732667,filled
2020-04-23,SH603707,sell,24700,24700,33.53619342041016,828343.9774841309,248.50319324523923,828.3439774841308,filled
2020-04-23,SH603737,sell,2300,2300,54.62113214492798,125628.60393333435,37.6885811800003,125.62860393333435,filled
2020-04-23,SZ000661,sell,300,300,292.2208838195801,87666.26514587403,26.299879543762206,87.66626514587404,filled
2020-04-23,SZ002064,sell,139200,139200,5.074180136203766,706325.8749595642,211.89776248786924,706.3258749595642,filled
2020-04-23,SZ002234,sell,27500,27500,24.876399129867554,684100.9760713577,205.2302928214073,684.1009760713578,filled
2020-04-23,SZ002475,sell,600,600,32.12479495239258,19274.876971435548,5.782463091430664,19.27487697143555,filled
2020-04-23,SZ002901,sell,1100,1100,76.94998867034911,84644.98753738402,25.393496261215205,84.64498753738403,filled
2020-04-23,SZ002916,sell,200,200,163.48297508239747,32696.595016479496,9.808978504943848,32.6965950164795,filled
2020-04-23,SZ300122,sell,11300,11300,79.23911723327636,895402.0247360229,268.62060742080683,895.4020247360229,filled
2020-04-23,SZ300357,sell,17000,17000,49.197491695404054,836357.3588218689,250.90720764656064,836.357358821869,filled
2020-04-23,SZ300428,sell,28900,28900,13.617439066886902,393543.98903303145,118.06319670990942,393.54398903303144,filled
2020-04-23,SZ300595,sell,2300,2300,29.45726671028137,67751.71343364715,20.325514030094144,67.75171343364715,filled
2020-04-23,SZ300601,sell,1000,1000,130.17607484436036,130176.07484436035,39.0528224533081,130.17607484436036,filled
2020-04-23,SZ300630,sell,16500,16500,47.724345497131345,787451.7007026672,236.23551021080016,787.4517007026673,filled
2020-04-23,SH600183,buy,25600,25600,29.90533894920349,765576.6770996093,229.67300312988277,0.0,filled
2020-04-23,SH601012,buy,37900,37900,20.185015085220336,765012.0717298507,229.50362151895519,0.0,filled
2020-04-23,SH603160,buy,400,400,253.50847372436522,101403.38948974609,30.421016846923823,0.0,filled
2020-04-23,SH603360,buy,300,300,19.683482177734373,5905.044653320312,5.0,0.0,filled
2020-04-23,SH603387,buy,26900,26900,28.42007717132568,764500.0759086608,229.3500227725982,0.0,filled
2020-04-23,SH603520,buy,14900,14900,51.14647043609619,762082.4094978332,228.62472284934995,0.0,filled
2020-04-23,SH603887,buy,39800,39800,19.234411806106564,765529.5898830412,229.65887696491234,0.0,filled
2020-04-23,SH603986,buy,800,800,130.56198062133788,104449.5844970703,31.334875349121088,0.0,filled
2020-04-23,SZ002458,buy,700,700,17.770174755096434,12439.122328567504,5.0,0.0,filled
2020-04-23,SZ002463,buy,1800,1800,23.896253591537473,43013.25646476745,12.903976939430235,0.0,filled
2020-04-23,SZ002607,buy,2700,2700,24.317460281372067,65657.14275970458,19.697142827911374,0.0,filled
2020-04-23,SZ002793,buy,800,800,15.127928672790526,12102.342938232421,5.0,0.0,filled
2020-04-23,SZ002803,buy,4300,4300,17.861798040390013,76805.73157367705,23.041719472103114,0.0,filled
2020-04-23,SZ300014,buy,100,100,33.61526197814941,3361.526197814941,5.0,0.0,filled
2020-04-23,SZ300454,buy,4300,4300,176.5323282623291,759089.011528015,227.72670345840447,0.0,filled
2020-04-23,SZ300497,buy,42000,42000,18.231216161727904,765711.0787925719,229.71332363777154,0.0,filled
2020-04-23,SZ300602,buy,2900,2900,30.66136040496826,88917.94517440796,26.675383552322383,0.0,filled
2020-04-23,SZ300628,buy,1200,1200,59.34724419403076,71216.6930328369,21.36500790985107,0.0,filled
2020-04-23,SZ300661,buy,5900,5900,128.950263092041,760806.5522430419,228.24196567291256,0.0,filled
2020-04-23,SZ300724,buy,13800,11300,55.137892257690424,623058.1825119018,186.91745475357052,0.0,partial_volume_or_cash
2020-05-27,SH600183,sell,25600,25600,26.864694717407225,687736.1847656249,206.32085542968747,687.7361847656249,filled
2020-05-27,SH601012,sell,37900,37900,22.156301668167114,839723.8332235336,251.91714996706006,839.7238332235336,filled
2020-05-27,SH603160,sell,3000,3000,216.29260038757323,648877.8011627197,194.6633403488159,648.8778011627197,filled
2020-05-27,SH603208,sell,2800,2800,111.9996741027832,313599.08748779295,94.07972624633787,313.59908748779293,filled
2020-05-27,SH603360,sell,38900,38900,17.746498889923096,690338.8068180084,207.1016420454025,690.3388068180085,filled
2020-05-27,SH603387,sell,26900,26900,21.578440395355223,580460.0466350554,174.1380139905166,580.4600466350555,filled
2020-05-27,SH603520,sell,14900,14900,57.96149266433716,863626.2406986237,259.0878722095871,863.6262406986237,filled
2020-05-27,SH603658,sell,7700,7700,113.7515139541626,875886.6574470521,262.7659972341156,875.8866574470521,filled
2020-05-27,SH603737,sell,13900,13900,58.99182192993164,819986.3248260497,245.9958974478149,819.9863248260498,filled
2020-05-27,SH603986,sell,300,300,143.5484160461426,43064.52481384278,12.919357444152832,43.06452481384278,filled
2020-05-27,SZ000661,sell,2600,2600,334.16952429199216,868840.7631591796,260.6522289477539,868.8407631591796,filled
2020-05-27,SZ002458,sell,43100,43100,15.018253761291504,647286.7371116638,194.1860211334991,647.2867371116638,filled
2020-05-27,SZ002475,sell,1100,1100,34.95480207824707,38450.28228607178,11.535084685821532,38.45028228607178,filled
2020-05-27,SZ002607,sell,31400,31400,27.869706384658812,875108.7804782867,262.532634143486,875.1087804782867,filled
2020-05-27,SZ002714,sell,14600,14600,48.00374416351318,700854.6647872925,210.25639943618773,700.8546647872924,filled
2020-05-27,SZ002793,sell,50600,50600,13.165756115913391,666187.2594652176,199.85617783956525,666.1872594652176,filled
2020-05-27,SZ002803,sell,42800,42800,19.81613395500183,848130.5332740784,254.4391599822235,848.1305332740784,filled
2020-05-27,SZ002901,sell,9900,9900,94.22975733947754,932874.5976608277,279.8623792982483,932.8745976608277,filled
2020-05-27,SZ300454,sell,4300,4300,187.87280644226075,807853.0677017212,242.35592031051635,807.8530677017212,filled
2020-05-27,SZ300497,sell,42000,42000,16.095664575576784,676017.912174225,202.80537365226746,676.017912174225,filled
2020-05-27,SZ300595,sell,25900,25900,36.80876214981079,953346.9396800995,286.0040819040298,953.3469396800995,filled
2020-05-27,SZ300601,sell,5800,5800,148.9573388671875,863952.5654296875,259.1857696289062,863.9525654296875,filled
2020-05-27,SZ300602,sell,24900,24900,27.856486433029175,693626.5121824265,208.08795365472793,693.6265121824265,filled
2020-05-27,SZ300661,sell,1500,1500,176.16932693481445,264253.9904022217,79.2761971206665,264.2539904022217,filled
2020-05-27,SZ300724,sell,11300,11300,63.514463035583496,717713.4323020935,215.31402969062802,717.7134323020935,filled
2020-05-27,SH600132,buy,13100,13100,60.39386013793945,791159.5678070068,237.347870342102,0.0,filled
2020-05-27,SH600745,buy,7900,7900,100.20849156188963,791647.0833389281,237.49412500167838,0.0,filled
2020-05-27,SH603127,buy,13500,13500,58.65636082458496,791860.871131897,237.55826133956907,0.0,filled
2020-05-27,SH603233,buy,14900,14900,52.97130675506591,789272.4706504821,236.7817411951446,0.0,filled
2020-05-27,SH603444,buy,1900,1900,401.6470649108886,763129.4233306884,228.9388269992065,0.0,filled
2020-05-27,SH603707,buy,22100,22100,35.806858734130856,791331.5780242919,237.39947340728756,0.0,filled
2020-05-27,SH603887,buy,8600,8600,16.383214839935302,140895.6476234436,42.26869428703308,0.0,filled
2020-05-27,SZ000876,buy,28100,28100,28.152355569839475,791081.1915124892,237.32435745374676,0.0,filled
2020-05-27,SZ000895,buy,20400,20400,38.75549076080322,790612.0115203856,237.18360345611566,0.0,filled
2020-05-27,SZ002214,buy,44600,44600,17.787728454589843,793332.689074707,237.99980672241207,0.0,filled
2020-05-27,SZ002463,buy,4800,4800,21.56358763885498,103505.2206665039,31.051566199951168,0.0,filled
2020-05-27,SZ002555,buy,23500,23500,33.692441741943355,791772.3809356688,237.53171428070064,0.0,filled
2020-05-27,SZ002605,buy,30600,30600,25.8646029548645,791456.8504188537,237.4370551256561,0.0,filled
2020-05-27,SZ002697,buy,74300,74300,10.6760744972229,793232.3351436614,237.96970054309838,0.0,filled
2020-05-27,SZ002847,buy,8600,8600,91.72990578460693,788877.1897476196,236.66315692428586,0.0,filled
2020-05-27,SZ002869,buy,21900,21900,36.22648265075683,793359.9700515745,238.00799101547233,0.0,filled
2020-05-27,SZ002916,buy,400,400,156.74950367736815,62699.80147094726,18.809940441284176,0.0,filled
2020-05-27,SZ300014,buy,1100,1100,33.242418651580806,36566.660516738884,10.969998155021665,0.0,filled
2020-05-27,SZ300502,buy,22700,22700,34.93577978515625,793042.2011230469,237.91266033691406,0.0,filled
2020-05-27,SZ300529,buy,12700,12700,62.4165373802185,792690.0247287749,237.80700741863245,0.0,filled
2020-05-27,SZ300607,buy,30500,30500,25.986487947463985,792587.8823976516,237.77636471929546,0.0,filled
2020-05-27,SZ300628,buy,1000,1000,56.91018203353881,56910.18203353881,17.073054610061643,0.0,filled
2020-05-27,SZ300702,buy,18900,18900,41.9962504081726,793729.1327144621,238.11873981433862,0.0,filled
2020-05-27,SZ300715,buy,37300,37300,21.236390804290767,792117.3770000456,237.63521310001366,0.0,filled
2020-05-27,SZ300738,buy,29300,29300,27.06144297790527,792900.2792526244,237.8700837757873,0.0,filled
2020-05-27,SZ300760,buy,2800,2400,283.10579049682616,679453.8971923828,203.83616915771483,0.0,partial_volume_or_cash
2020-06-22,SH600132,sell,13100,13100,63.93506633377075,837549.3689723968,251.26481069171902,837.5493689723968,filled
2020-06-22,SH600745,sell,600,600,117.72946561431884,70637.6793685913,21.191303810577388,70.63767936859131,filled
2020-06-22,SH603127,sell,300,300,65.55676073455811,19667.028220367432,5.900108466110229,19.66702822036743,filled
2020-06-22,SH603233,sell,14900,14900,63.26445008468628,942640.3062618256,282.79209187854764,942.6403062618256,filled
2020-06-22,SH603986,sell,200,200,163.46564318847655,32693.12863769531,9.807938591308591,32.69312863769531,filled
2020-06-22,SZ000895,sell,20400,20400,40.1624760017395,819314.5104354857,245.7943531306457,819.3145104354858,filled
2020-06-22,SZ002214,sell,44600,44600,19.655762489318846,876647.0070236205,262.9941021070861,876.6470070236205,filled
2020-06-22,SZ002475,sell,3600,3600,45.443852394104006,163597.86861877443,49.07936058563232,163.59786861877444,filled
2020-06-22,SZ002555,sell,2200,2200,40.70110995483398,89542.44190063476,26.862732570190424,89.54244190063476,filled
2020-06-22,SZ002605,sell,5500,5500,34.46832386398315,189575.78125190732,56.87273437557219,189.57578125190733,filled
2020-06-22,SZ002697,sell,74300,74300,10.820288417816162,803947.4294437409,241.18422883312223,803.9474294437409,filled
2020-06-22,SZ300014,sell,4200,4200,44.09833646392822,185213.01314849852,55.56390394454955,185.21301314849853,filled
2020-06-22,SZ300502,sell,1900,1900,41.508761730194095,78866.64728736877,23.659994186210632,78.86664728736878,filled
2020-06-22,SZ300628,sell,300,300,63.694321449279784,19108.296434783933,5.73248893043518,19.108296434783934,filled
2020-06-22,SZ300702,sell,4000,4000,57.87691774749756,231507.67098999023,69.45230129699706,231.50767098999023,filled
2020-06-22,SH600556,buy,45700,45700,19.010186874389646,868765.5401596068,260.62966204788205,0.0,filled
2020-06-22,SH603208,buy,700,700,112.18373456573485,78528.6141960144,23.55858425880432,0.0,filled
2020-06-22,SH603707,buy,2100,2100,35.775562210083,75128.6806411743,22.538604192352288,0.0,filled
2020-06-22,SH603887,buy,1000,1000,17.567201751708982,17567.20175170898,5.2701605255126935,0.0,filled
2020-06-22,SZ000876,buy,1400,1400,29.430096496582028,41202.13509521484,12.360640528564451,0.0,filled
2020-06-22,SZ002100,buy,59300,59300,14.647197109222411,868578.788576889,260.57363657306666,0.0,filled
2020-06-22,SZ002463,buy,2700,2700,21.99715294265747,59392.31294517517,17.817693883552547,0.0,filled
2020-06-22,SZ002847,buy,700,700,93.1652538833618,65215.67771835326,19.564703315505977,0.0,filled
2020-06-22,SZ002869,buy,700,700,38.32781742095947,26829.472194671627,8.048841658401487,0.0,filled
2020-06-22,SZ002916,buy,300,300,162.8357077026367,48850.712310791016,14.655213693237304,0.0,filled
2020-06-22,SZ300462,buy,39900,39900,21.772830638885495,868735.9424915313,260.6207827474594,0.0,filled
2020-06-22,SZ300497,buy,46500,46500,18.688471513748166,869013.9253892897,260.7041776167869,0.0,filled
2020-06-22,SZ300529,buy,600,600,64.99173039245605,38995.03823547363,11.698511470642087,0.0,filled
2020-06-22,SZ300607,buy,5300,5300,24.229888437271114,128418.4087175369,38.52552261526107,0.0,filled
2020-06-22,SZ300661,buy,400,400,179.18594969177244,71674.37987670898,21.50231396301269,0.0,filled
2020-06-22,SZ300715,buy,2800,2800,21.629993471145628,60563.98171920776,18.169194515762328,0.0,filled
2020-06-22,SZ300738,buy,4200,4200,25.9297582244873,108904.98454284667,32.671495362853996,0.0,filled
2020-06-22,SZ300760,buy,500,500,295.5469606933593,147773.48034667966,44.33204410400389,0.0,filled
2020-06-22,SZ300770,buy,7500,7500,115.38790141296386,865409.2605972289,259.6227781791686,0.0,filled
2020-07-22,SH600745,sell,600,600,144.2917515563965,86575.05093383789,25.972515280151367,86.57505093383789,filled
2020-07-22,SH603444,sell,300,300,586.0823983154297,175824.71949462892,52.74741584838867,175.82471949462894,filled
2020-07-22,SH603887,sell,8000,8000,23.626469661712648,189011.75729370117,56.70352718811035,189.01175729370118,filled
2020-07-22,SZ000876,sell,29500,29500,31.629062009811403,933057.3292894363,279.91719878683085,933.0573292894363,filled
2020-07-22,SZ002475,sell,1600,1600,56.246888946533204,89995.02231445312,26.998506694335934,89.99502231445312,filled
2020-07-22,SZ002869,sell,5000,5000,55.46063146591187,277303.1573295593,83.19094719886779,277.3031573295593,filled
2020-07-22,SZ300014,sell,1500,1500,53.8867903175354,80830.1854763031,24.249055642890927,80.8301854763031,filled
2020-07-22,SZ300462,sell,39900,39900,25.46498994255066,1016053.0987077713,304.81592961233133,1016.0530987077713,filled
2020-07-22,SZ300502,sell,1500,1500,50.73207313156128,76098.10969734192,22.829432909202573,76.09810969734193,filled
2020-07-22,SZ300607,sell,2300,2300,29.221733207702638,67209.98637771606,20.162995913314816,67.20998637771606,filled
2020-07-22,SZ300661,sell,800,800,240.65365196228026,192522.92156982422,57.75687647094726,192.52292156982423,filled
2020-07-22,SZ300715,sell,2600,2600,26.091914422988893,67838.97749977112,20.351693249931333,67.83897749977112,filled
2020-07-22,SZ300738,sell,1700,1700,30.786862678527832,52337.666553497314,15.701299966049193,52.337666553497314,filled
2020-07-22,SZ300760,sell,2900,2900,342.3796592102051,992901.0117095947,297.8703035128784,992.9010117095947,filled
2020-07-22,SH600132,buy,14200,14200,68.85864581298827,977792.7705444335,293.33783116333,0.0,filled
2020-07-22,SH600556,buy,4700,4700,19.45945199012756,91459.42435359953,27.437827306079857,0.0,filled
2020-07-22,SH603127,buy,1300,1300,67.43780805969237,87669.15047760008,26.30074514328002,0.0,filled
2020-07-22,SH603208,buy,400,400,120.34807971954345,48139.23188781738,14.441769566345213,0.0,filled
2020-07-22,SH603233,buy,16700,16700,58.54334432601928,977673.850244522,293.3021550733566,0.0,filled
2020-07-22,SH603707,buy,3500,3500,35.41278448104858,123944.74568367004,37.18342370510101,0.0,filled
2020-07-22,SH603986,buy,400,400,171.78995024108886,68715.98009643554,20.61479402893066,0.0,filled
2020-07-22,SZ002100,buy,1200,1200,16.21158036422729,19453.896437072748,5.836168931121824,0.0,filled
2020-07-22,SZ002463,buy,4400,4400,22.35609688568115,98366.82629699707,29.510047889099116,0.0,filled
2020-07-22,SZ002555,buy,100,100,45.81224597167968,4581.224597167968,5.0,0.0,filled
2020-07-22,SZ002605,buy,1600,1600,36.708627063751216,58733.80330200194,17.620140990600582,0.0,filled
2020-07-22,SZ002847,buy,700,700,97.94779501342772,68563.4565093994,20.56903695281982,0.0,filled
2020-07-22,SZ002916,buy,700,700,163.10732609558104,114175.12826690673,34.25253848007202,0.0,filled
2020-07-22,SZ300497,buy,4700,4700,19.151059417724607,90009.97926330565,27.00299377899169,0.0,filled
2020-07-22,SZ300628,buy,1300,1300,65.80658557128905,85548.56124267576,25.664568372802727,0.0,filled
2020-07-22,SZ300702,buy,1700,1700,58.8426240196228,100032.46083335875,30.009738250007622,0.0,filled
2020-07-22,SZ300763,buy,21200,21200,46.25352085113525,980574.6420440673,294.17239261322015,0.0,filled
2020-07-22,SZ300770,buy,700,700,118.59535981750487,83016.75187225342,24.905025561676023,0.0,filled
2020-08-24,SH600132,sell,2300,2300,84.08489069366455,193395.24859542845,58.01857457862853,193.39524859542846,filled
2020-08-24,SH600556,sell,7600,7600,23.55896940422058,179048.1674720764,53.71445024162291,179.04816747207641,filled
2020-08-24,SH603208,sell,1100,1100,142.56051333618163,156816.5646697998,47.044969400939934,156.8165646697998,filled
2020-08-24,SH603233,sell,16700,16700,64.61987049865722,1079151.8373275755,323.7455511982726,1079.1518373275755,filled
2020-08-24,SH603707,sell,27700,27700,38.674276817321775,1071277.467839813,321.3832403519439,1071.2774678398132,filled
2020-08-24,SH603887,sell,800,800,24.784431100845335,19827.54488067627,5.94826346420288,19.827544880676268,filled
2020-08-24,SZ002100,sell,60500,60500,17.0456661529541,1031262.8022537231,309.3788406761169,1031.262802253723,filled
2020-08-24,SZ002463,sell,43900,43900,19.650583499908446,862660.6156459808,258.7981846937942,862.6606156459808,filled
2020-08-24,SZ002847,sell,3000,3000,143.4572140045166,430371.6420135498,129.11149260406492,430.37164201354983,filled
2020-08-24,SZ002869,sell,17600,17600,50.00117253112793,880020.6365478515,264.0061909643554,880.0206365478515,filled
2020-08-24,SZ300497,sell,1000,1000,20.05753621673584,20057.53621673584,6.017260865020751,20.05753621673584,filled
2020-08-24,SZ300607,sell,100,100,30.155191743850708,3015.519174385071,5.0,3.015519174385071,filled
2020-08-24,SZ300628,sell,14900,14900,56.56191174316406,842772.4849731445,252.83174549194334,842.7724849731445,filled
2020-08-24,SZ300702,sell,900,900,64.12949375152589,57716.5443763733,17.31496331291199,57.7165443763733,filled
2020-08-24,SZ300715,sell,10700,10700,37.54761987304688,401759.5326416016,120.52785979248046,401.7595326416016,filled
2020-08-24,SZ300763,sell,3300,3300,56.32794260787964,185882.21060600283,55.76466318180084,185.88221060600284,filled
2020-08-24,SH600745,buy,800,800,134.44134439086912,107553.0755126953,32.26592265380859,0.0,filled
2020-08-24,SH601012,buy,25800,25800,39.131167423248286,1009584.1195198058,302.8752358559417,0.0,filled
2020-08-24,SH603127,buy,1800,1800,61.68342508697509,111030.16515655516,33.30904954696654,0.0,filled
2020-08-24,SH603638,buy,22800,22800,44.1873889427185,1007472.4678939817,302.2417403681945,0.0,filled
2020-08-24,SH603986,buy,1200,1200,146.25139093017577,175501.66911621092,52.65050073486327,0.0,filled
2020-08-24,SZ002475,buy,600,600,55.87013393020629,33522.08035812378,10.056624107437132,0.0,filled
2020-08-24,SZ002555,buy,2000,2000,43.01877536010742,86037.55072021484,25.811265216064452,0.0,filled
2020-08-24,SZ002605,buy,100,100,37.61985002899169,3761.985002899169,5.0,0.0,filled
2020-08-24,SZ002714,buy,15800,15800,63.70336063766479,1006513.0980751036,301.9539294225311,0.0,filled
2020-08-24,SZ002916,buy,1300,1300,138.11004849243162,179543.0630401611,53.86291891204832,0.0,filled
2020-08-24,SZ300014,buy,1900,1900,50.501993442535394,95953.78754081725,28.786136262245172,0.0,filled
2020-08-24,SZ300502,buy,2200,2200,46.91650235366821,103216.30517807006,30.964891553421015,0.0,filled
2020-08-24,SZ300529,buy,1600,1600,67.4360668182373,107897.70690917967,32.3693120727539,0.0,filled
2020-08-24,SZ300601,buy,4900,4900,203.66456645202635,997956.3756149291,299.3869126844787,0.0,filled
2020-08-24,SZ300661,buy,800,800,206.4961610870361,165196.9288696289,49.559078660888666,0.0,filled
2020-08-24,SZ300738,buy,4600,4600,27.722102825164793,127521.67299575805,38.256501898727414,0.0,filled
2020-08-24,SZ300751,buy,5600,5600,180.07329550170897,1008410.4548095702,302.523136442871,0.0,filled
2020-08-24,SZ300770,buy,400,400,117.43164538574217,46972.65815429687,14.09179744628906,0.0,filled
2020-08-24,SZ300782,buy,4800,4800,207.0850825500488,994008.3962402343,298.20251887207024,0.0,filled
2020-09-22,SH600132,sell,11900,11900,99.20987965393067,1180597.567881775,354.1792703645325,1180.5975678817751,filled
2020-09-22,SH600556,sell,42800,42800,18.952542234420775,811168.8076332092,243.35064228996274,811.1688076332092,filled
2020-09-22,SH601012,sell,25800,25800,50.41371200180054,1300673.769646454,390.20213089393616,1300.6737696464538,filled
2020-09-22,SH603127,sell,1200,1200,63.275650268554685,75930.78032226562,22.779234096679684,75.93078032226562,filled
2020-09-22,SH603208,sell,7000,7000,133.80484295654296,936633.9006958007,280.99017020874015,936.6339006958007,filled
2020-09-22,SH603444,sell,1600,1600,587.05688671875,939291.0187499999,281.78730562499993,939.2910187499999,filled
2020-09-22,SH603887,sell,40600,40600,20.1568821144104,818369.4138450623,245.51082415351866,818.3694138450622,filled
2020-09-22,SH603986,sell,6900,6900,125.69953779602051,867326.8107925415,260.1980432377624,867.3268107925416,filled
2020-09-22,SZ002475,sell,700,700,55.04094659042359,38528.66261329651,11.558598783988952,38.52866261329651,filled
2020-09-22,SZ002605,sell,26800,26800,30.35660069847107,813556.8987190246,244.06706961570737,813.5568987190246,filled
2020-09-22,SZ002916,sell,7300,7300,121.33286087036133,885729.8843536377,265.71896530609126,885.7298843536377,filled
2020-09-22,SZ300014,sell,20000,20000,49.14264547348022,982852.9094696045,294.8558728408813,982.8529094696045,filled
2020-09-22,SZ300497,sell,50200,50200,17.540518781661987,880534.0428394318,264.1602128518295,880.5340428394318,filled
2020-09-22,SZ300502,sell,100,100,44.595267929077146,4459.5267929077145,5.0,4.459526792907715,filled
2020-09-22,SZ300529,sell,14900,14900,63.74068464660645,949736.201234436,284.9208603703308,949.7362012344361,filled
2020-09-22,SZ300661,sell,4800,4800,193.36540100097656,928153.9248046875,278.44617744140623,928.1539248046876,filled
2020-09-22,SZ300738,sell,36400,36400,25.588403469085694,931417.8862747193,279.42536588241575,931.4178862747193,filled
2020-09-22,SZ300751,sell,900,900,202.03851242065429,181834.66117858887,54.550398353576654,181.83466117858887,filled
2020-09-22,SZ300763,sell,4000,4000,68.57959089660645,274318.3635864258,82.29550907592773,274.3183635864258,filled
2020-09-22,SZ300770,sell,8600,8600,93.55185468292237,804545.9502731324,241.3637850819397,804.5459502731325,filled
2020-09-22,SZ300782,sell,300,300,210.58373062133788,63175.11918640136,18.952535755920405,63.17511918640136,filled
2020-09-22,SH600745,buy,300,300,121.892637260437,36567.7911781311,10.970337353439328,0.0,filled
2020-09-22,SH601100,buy,13600,13600,70.22742961120605,955093.0427124023,286.52791281372066,0.0,filled
2020-09-22,SH603301,buy,15400,15400,62.04496561813354,955492.4705192565,286.64774115577694,0.0,filled
2020-09-22,SH603606,buy,40300,40300,23.7546001625061,957310.3865489959,287.19311596469873,0.0,filled
2020-09-22,SH603613,buy,17200,17200,55.5320390625,955151.0718749999,286.54532156249996,0.0,filled
2020-09-22,SH603638,buy,500,500,41.05177202224731,20525.886011123657,6.157765803337097,0.0,filled
2020-09-22,SH603737,buy,8300,8300,114.94444998168944,954038.9348480224,286.2116804544067,0.0,filled
2020-09-22,SZ000661,buy,2600,2600,360.1897554626464,936493.3642028806,280.9480092608642,0.0,filled
2020-09-22,SZ002555,buy,1100,1100,39.0146226196289,42916.08488159179,12.874825464477537,0.0,filled
2020-09-22,SZ002714,buy,2500,2500,52.077312915802,130193.28228950499,39.05798468685149,0.0,filled
2020-09-22,SZ002803,buy,23200,23200,41.21845388793945,956268.1302001951,286.8804390600585,0.0,filled
2020-09-22,SZ002838,buy,32800,32800,29.177797864913938,957031.7699691772,287.1095309907531,0.0,filled
2020-09-22,SZ002847,buy,200,200,131.35633802795408,26271.267605590816,7.881380281677244,0.0,filled
2020-09-22,SZ002950,buy,40500,40500,23.629093311309813,956978.2791080474,287.0934837324142,0.0,filled
2020-09-22,SZ300122,buy,7600,7600,124.56951342773436,946728.3020507812,284.0184906152343,0.0,filled
2020-09-22,SZ300418,buy,35400,35400,26.993685392379756,955576.4628902434,286.672938867073,0.0,filled
2020-09-22,SZ300482,buy,15000,15000,63.73179327774047,955976.8991661071,286.7930697498321,0.0,filled
2020-09-22,SZ300552,buy,21300,21300,44.80124910736083,954266.6059867857,286.2799817960357,0.0,filled
2020-09-22,SZ300601,buy,600,600,173.71141018676755,104226.84611206054,31.268053833618158,0.0,filled
2020-09-22,SZ300607,buy,3300,3300,26.07346983146667,86042.45044384002,25.812735133152003,0.0,filled
2020-09-22,SZ300638,buy,27700,27700,34.55785020065307,957252.4505580901,287.17573516742704,0.0,filled
2020-09-22,SZ300677,buy,16300,16300,58.68480873870849,956562.3824409484,286.96871473228447,0.0,filled
2020-09-22,SZ300702,buy,300,300,59.78435689544677,17935.307068634032,5.380592120590209,0.0,filled
2020-09-22,SZ300715,buy,100,100,35.59251420211792,3559.251420211792,5.0,0.0,filled
2020-10-30,SH601100,sell,1100,1100,77.31310480499268,85044.41528549194,25.513324585647577,85.04441528549194,filled
2020-10-30,SH603127,sell,2600,2600,76.95756470489502,200089.66823272704,60.02690046981811,200.08966823272704,filled
2020-10-30,SH603301,sell,1900,1900,71.30738253021241,135484.02680740357,40.645208042221064,135.48402680740358,filled
2020-10-30,SH603606,sell,40300,40300,22.31365682029724,899240.3698579788,269.77211095739364,899.2403698579787,filled
2020-10-30,SH603613,sell,17200,17200,69.53151887512207,1195942.1246520998,358.78263739562993,1195.9421246521,filled
2020-10-30,SZ000661,sell,100,100,376.0157282409668,37601.57282409668,11.280471847229002,37.60157282409668,filled
2020-10-30,SZ002475,sell,700,700,58.29971611404419,40809.80127983093,12.242940383949277,40.80980127983093,filled
2020-10-30,SZ002555,sell,24500,24500,29.84112357330322,731107.527545929,219.33225826377867,731.107527545929,filled
2020-10-30,SZ300122,sell,1700,1700,161.76841328430174,275006.30258331296,82.50189077499388,275.00630258331296,filled
2020-10-30,SZ300482,sell,15000,15000,62.11997345352173,931799.6018028259,279.5398805408478,931.7996018028259,filled
2020-10-30,SZ300502,sell,200,200,45.68736779022217,9137.473558044434,5.0,9.137473558044434,filled
2020-10-30,SZ300601,sell,100,100,179.12180058288575,17912.180058288577,5.373654017486572,17.912180058288577,filled
2020-10-30,SZ300638,sell,27700,27700,35.31962548828125,978353.6260253906,293.5060878076171,978.3536260253906,filled
2020-10-30,SZ300677,sell,3800,3800,77.0403599395752,292753.36777038575,87.82601033111573,292.75336777038575,filled
2020-10-30,SZ300751,sell,400,400,220.8675496673584,88347.01986694336,26.504105960083006,88.34701986694336,filled
2020-10-30,SZ300763,sell,1000,1000,74.91439812469483,74914.39812469482,22.474319437408447,74.91439812469483,filled
2020-10-30,SZ300782,sell,500,500,237.49746377563477,118748.73188781738,35.62461956634521,118.74873188781739,filled
2020-10-30,SH600132,buy,8800,8800,109.63861233520507,964819.7885498046,289.44593656494135,0.0,filled
2020-10-30,SH600745,buy,2000,2000,98.51272094726562,197025.44189453125,59.10763256835937,0.0,filled
2020-10-30,SH603317,buy,16700,16700,57.83693870544433,965876.8763809203,289.7630629142761,0.0,filled
2020-10-30,SH603338,buy,10700,10700,90.68841428375244,970366.0328361511,291.1098098508453,0.0,filled
2020-10-30,SH603638,buy,2800,2800,37.1160775642395,103925.01717987059,31.177505153961174,0.0,filled
2020-10-30,SH603737,buy,500,500,109.46684803009032,54733.42401504516,16.420027204513545,0.0,filled
2020-10-30,SH603882,buy,8700,8700,111.39129405212401,969104.2582534789,290.73127747604366,0.0,filled
2020-10-30,SZ002714,buy,800,800,50.59939222717285,40479.51378173828,12.143854134521483,0.0,filled
2020-10-30,SZ002803,buy,1600,1600,39.13424132537841,62614.78612060546,18.784435836181636,0.0,filled
2020-10-30,SZ002838,buy,2100,2100,27.74899660491943,58272.892870330805,17.48186786109924,0.0,filled
2020-10-30,SZ002847,buy,200,200,129.95419570922851,25990.839141845703,7.79725174255371,0.0,filled
2020-10-30,SZ002950,buy,2400,2400,22.62636161613464,54303.26787872314,16.290980363616942,0.0,filled
2020-10-30,SZ002959,buy,8200,8200,117.15484145355224,960669.6999191283,288.20090997573845,0.0,filled
2020-10-30,SZ300418,buy,1700,1700,26.13114272689819,44422.942635726926,13.326882790718077,0.0,filled
2020-10-30,SZ300552,buy,2500,2500,40.750575435638424,101876.43858909605,30.562931576728815,0.0,filled
2020-10-30,SZ300607,buy,3400,3400,24.208978265762326,82310.52610359191,24.69315783107757,0.0,filled
2020-10-30,SZ300702,buy,2000,2000,53.823953746795645,107647.9074935913,32.29437224807739,0.0,filled
2020-10-30,SZ300715,buy,8400,8400,27.456691423416135,230636.20795669552,69.19086238700865,0.0,filled
2020-11-23,SH600132,sell,300,300,109.80936934661865,32942.810803985594,9.882843241195678,32.942810803985594,filled
2020-11-23,SH600745,sell,900,900,105.59649964141846,95036.84967727661,28.51105490318298,95.0368496772766,filled
2020-11-23,SH601100,sell,1900,1900,88.02964956665039,167256.33417663575,50.17690025299072,167.25633417663576,filled
2020-11-23,SH603317,sell,16700,16700,52.1317112159729,870599.5773067474,261.1798731920242,870.5995773067475,filled
2020-11-23,SH603338,sell,10700,10700,102.87004943847656,1100709.5289916992,330.2128586975097,1100.7095289916992,filled
2020-11-23,SH603638,sell,1900,1900,38.76420983505249,73651.99868659973,22.095599605979917,73.65199868659974,filled
2020-11-23,SH603737,sell,8800,8800,105.42017010498047,927697.4969238281,278.3092490771484,927.6974969238281,filled
2020-11-23,SH603882,sell,8700,8700,93.23710626983643,811162.824547577,243.34884736427307,811.162824547577,filled
2020-11-23,SZ000661,sell,2500,2500,356.03862451171875,890096.5612792969,267.02896838378905,890.0965612792969,filled
2020-11-23,SZ002475,sell,16600,16600,52.10095358276367,864875.829473877,259.4627488421631,864.875829473877,filled
2020-11-23,SZ002714,sell,700,700,51.06043782806397,35742.30647964478,10.722691943893434,35.74230647964478,filled
2020-11-23,SZ002950,sell,42900,42900,21.20079908180237,909514.2806093217,272.85428418279645,909.5142806093216,filled
2020-11-23,SZ002959,sell,8200,8200,111.04690773010253,910584.6433868408,273.1753930160522,910.5846433868409,filled
2020-11-23,SZ300418,sell,37100,37100,22.17916696357727,822847.0943487167,246.854128304615,822.8470943487167,filled
2020-11-23,SZ300552,sell,23800,23800,41.16956650543213,979835.6828292847,293.9507048487854,979.8356828292847,filled
2020-11-23,SZ300601,sell,5400,5400,152.017416595459,820894.0496154786,246.26821488464356,820.8940496154786,filled
2020-11-23,SZ300607,sell,40100,40100,22.741075881958007,911917.1428665161,273.57514285995484,911.9171428665162,filled
2020-11-23,SZ300677,sell,700,700,79.4635705947876,55624.49941635132,16.687349824905393,55.62449941635132,filled
2020-11-23,SZ300702,sell,18000,18000,52.65947653198242,947870.5775756836,284.36117327270506,947.8705775756836,filled
2020-11-23,SZ300715,sell,900,900,27.313736726760865,24582.363054084777,7.3747089162254325,24.582363054084777,filled
2020-11-23,SZ300751,sell,4300,4300,276.22081713867186,1187749.513696289,356.32485410888665,1187.749513696289,filled
2020-11-23,SZ300782,sell,900,900,303.083667388916,272775.30065002444,81.83259019500733,272.77530065002446,filled
2020-11-23,SH600662,buy,110700,110700,8.508402627944946,941880.1709135055,282.5640512740516,0.0,filled
2020-11-23,SH600732,buy,60600,60600,15.539709365844725,941706.3875701904,282.5119162710571,0.0,filled
2020-11-23,SH601012,buy,19500,19500,48.216969154357905,940230.8985099791,282.0692695529937,0.0,filled
2020-11-23,SH601888,buy,5100,5100,184.50803892517087,940990.9985183714,282.2972995555114,0.0,filled
2020-11-23,SH603127,buy,800,800,70.45825102233886,56366.60081787108,16.909980245361325,0.0,filled
2020-11-23,SH603129,buy,6000,6000,155.25333432006835,931520.00592041,279.456001776123,0.0,filled
2020-11-23,SH603208,buy,8700,8700,108.18655442810058,941223.023524475,282.3669070573425,0.0,filled
2020-11-23,SH603301,buy,3000,3000,56.914298389434805,170742.8951683044,51.22286855049132,0.0,filled
2020-11-23,SH603416,buy,10800,10800,86.70946372222899,936462.2082000731,280.93866246002193,0.0,filled
2020-11-23,SH688036,buy,6700,6700,140.60924929809568,942081.970297241,282.62459108917227,0.0,filled
2020-11-23,SH688188,buy,3300,3300,279.56211975097654,922554.9951782225,276.76649855346676,0.0,filled
2020-11-23,SZ000877,buy,53900,53900,17.473266357421874,941809.056665039,282.5427169995117,0.0,filled
2020-11-23,SZ000951,buy,35700,35700,26.399670034408565,942468.2202283858,282.74046606851573,0.0,filled
2020-11-23,SZ002803,buy,900,900,36.6097428779602,32948.76859016418,9.884630577049254,0.0,filled
2020-11-23,SZ002838,buy,2000,2000,25.5222275352478,51044.4550704956,15.313336521148678,0.0,filled
2020-11-23,SZ300122,buy,1700,1700,122.893637260437,208919.1833427429,62.67575500282287,0.0,filled
2020-11-23,SZ300502,buy,1000,1000,42.30913927841186,42309.139278411865,12.692741783523559,0.0,filled
2020-11-23,SZ300598,buy,11500,11500,81.37000789642333,935755.0908088683,280.72652724266044,0.0,filled
2020-11-23,SZ300638,buy,28400,28400,33.19357224655151,942697.4518020629,282.80923554061883,0.0,filled
2020-11-23,SZ300724,buy,8700,8700,108.00324294281005,939628.2136024474,281.8884640807342,0.0,filled
2020-11-23,SZ300763,buy,1900,1900,63.628166500091545,120893.51635017393,36.268054905052175,0.0,filled
2020-12-22,SH600132,sell,8500,8500,114.86437550354005,976347.1917800904,292.9041575340271,976.3471917800905,filled
2020-12-22,SH600732,sell,3700,3700,17.336518426895143,64145.11817951203,19.243535453853607,64.14511817951202,filled
2020-12-22,SH600745,sell,8900,8900,97.71716457366944,869682.764705658,260.9048294116974,869.682764705658,filled
2020-12-22,SH601012,sell,3500,3500,61.58358411026001,215542.54438591003,64.662763315773,215.54254438591005,filled
2020-12-22,SH601100,sell,600,600,98.73655279541016,59241.931677246095,17.772579503173827,59.24193167724609,filled
2020-12-22,SH601888,sell,800,800,228.0632428894043,182450.59431152345,54.73517829345703,182.45059431152345,filled
2020-12-22,SH603127,sell,200,200,74.82171746063233,14964.343492126465,5.0,14.964343492126465,filled
2020-12-22,SH603129,sell,100,100,167.3202289581299,16732.02289581299,5.019606868743896,16.73202289581299,filled
2020-12-22,SH603301,sell,300,300,60.68690630722046,18206.07189216614,5.461821567649841,18.20607189216614,filled
2020-12-22,SH603416,sell,300,300,93.5123434524536,28053.70303573608,8.416110910720823,28.05370303573608,filled
2020-12-22,SH603638,sell,3700,3700,47.93950792694092,177376.1793296814,53.21285379890442,177.3761793296814,filled
2020-12-22,SZ000877,sell,53900,53900,15.07226921081543,812395.3104629517,243.71859313888547,812.3953104629517,filled
2020-12-22,SZ002714,sell,18400,18400,51.52420699310303,948045.4086730957,284.4136226019287,948.0454086730957,filled
2020-12-22,SZ300122,sell,1300,1300,154.40607778930664,200727.90112609862,60.218370337829576,200.72790112609863,filled
2020-12-22,SZ300598,sell,11500,11500,78.56382884216309,903484.0316848755,271.04520950546265,903.4840316848755,filled
2020-12-22,SZ300638,sell,28400,28400,34.07476639938354,967723.3657424926,290.31700972274774,967.7233657424927,filled
2020-12-22,SZ300677,sell,3000,3000,111.05576422119141,333167.2926635742,99.95018779907225,333.16729266357424,filled
2020-12-22,SZ300724,sell,2100,2100,148.05931201171876,310924.5552246094,93.27736656738281,310.9245552246094,filled
2020-12-22,SZ300763,sell,3000,3000,83.52546075439453,250576.3822631836,75.17291467895507,250.5763822631836,filled
2020-12-22,SZ300782,sell,100,100,324.13943380737305,32413.943380737306,9.724183014221191,32.41394338073731,filled
2020-12-22,SH600662,buy,4500,4500,8.588618108749388,38648.781489372246,11.594634446811673,0.0,filled
2020-12-22,SH603208,buy,1200,1200,99.51418680572509,119417.0241668701,35.82510725006103,0.0,filled
2020-12-22,SH603489,buy,5600,5600,175.78345697021481,984387.359033203,295.31620770996085,0.0,filled
2020-12-22,SH603613,buy,14000,14000,70.36206270599365,985068.8778839111,295.52066336517333,0.0,filled
2020-12-22,SH603882,buy,8700,8700,112.65231180572509,980075.1127098083,294.02253381294247,0.0,filled
2020-12-22,SH688036,buy,800,800,130.7601613922119,104608.12911376952,31.382438734130854,0.0,filled
2020-12-22,SH688188,buy,500,500,259.2279936828613,129613.99684143066,38.884199052429196,0.0,filled
2020-12-22,SZ000951,buy,8000,8000,22.602837673187253,180822.70138549802,54.2468104156494,0.0,filled
2020-12-22,SZ002607,buy,25700,25700,38.3761559638977,986267.208272171,295.88016248165127,0.0,filled
2020-12-22,SZ002803,buy,6200,6200,31.007695621490477,192247.71285324096,57.67431385597228,0.0,filled
2020-12-22,SZ002838,buy,5300,5300,23.39333456420898,123984.6731903076,37.19540195709228,0.0,filled
2020-12-22,SZ002847,buy,900,900,118.26180516052244,106435.6246444702,31.930687393341056,0.0,filled
2020-12-22,SZ002959,buy,8200,8200,120.55676139831542,988565.4434661864,296.5696330398559,0.0,filled
2020-12-22,SZ300502,buy,3600,3600,38.277359603881834,137798.4945739746,41.339548372192375,0.0,filled
2020-12-22,SZ300715,buy,8600,8600,22.9595936088562,197452.50503616332,59.23575151084899,0.0,filled
2020-12-22,SZ300726,buy,14800,14800,66.61365098571777,985882.034588623,295.76461037658686,0.0,filled
2021-01-25,SH601012,sell,2500,2500,85.81867458343505,214546.68645858765,64.3640059375763,214.54668645858766,filled
2021-01-25,SH601100,sell,700,700,125.02732859802246,87519.13001861573,26.25573900558472,87.51913001861573,filled
2021-01-25,SH601888,sell,300,300,286.6692205810547,86000.7661743164,25.80022985229492,86.00076617431641,filled
2021-01-25,SH603127,sell,13100,13100,103.9645806427002,1361936.0064193725,408.5808019258117,1361.9360064193725,filled
2021-01-25,SH603489,sell,5600,5600,213.5935199432373,1196123.711682129,358.83711350463864,1196.123711682129,filled
2021-01-25,SH603613,sell,3700,3700,112.73154647827148,417106.7219696045,125.13201659088134,417.1067219696045,filled
2021-01-25,SH603638,sell,2000,2000,62.6982100982666,125396.4201965332,37.61892605895996,125.3964201965332,filled
2021-01-25,SH603882,sell,8700,8700,175.47958767700194,1526672.4127899169,458.00172383697503,1526.672412789917,filled
2021-01-25,SH688036,sell,1400,1400,189.6777166442871,265548.80330200196,79.66464099060059,265.54880330200194,filled
2021-01-25,SH688188,sell,200,200,318.0711368408203,63614.227368164065,19.084268210449217,63.614227368164066,filled
2021-01-25,SZ000951,sell,43700,43700,27.56922019958496,1204774.9227218628,361.4324768165588,1204.7749227218628,filled
2021-01-25,SZ002838,sell,1200,1200,28.357011560440064,34028.41387252808,10.208524161758422,34.02841387252808,filled
2021-01-25,SZ300677,sell,2400,2400,179.41435441589354,430594.4505981445,129.17833517944334,430.59445059814453,filled
2021-01-25,SZ300763,sell,1100,1100,108.76324397277833,119639.56837005616,35.89187051101685,119.63956837005617,filled
2021-01-25,SH600662,buy,24600,24600,8.338214413642882,205120.0745756149,61.53602237268447,0.0,filled
2021-01-25,SH600732,buy,4900,4900,18.863420457839965,92430.76024341583,27.729228073024746,0.0,filled
2021-01-25,SH603129,buy,200,200,189.10152552795407,37820.305105590814,11.346091531677244,0.0,filled
2021-01-25,SH603208,buy,1300,1300,104.01492175292968,135219.39827880857,40.56581948364257,0.0,filled
2021-01-25,SH603267,buy,7900,7900,146.42805056762694,1156781.5994842527,347.03447984527577,0.0,filled
2021-01-25,SH603301,buy,1000,1000,67.46193341827392,67461.93341827391,20.23858002548217,0.0,filled
2021-01-25,SH603416,buy,2200,2200,91.70346640777586,201747.6260971069,60.524287829132064,0.0,filled
2021-01-25,SH688111,buy,2300,2300,489.5160961608886,1125887.0211700439,337.76610635101315,0.0,filled
2021-01-25,SH688399,buy,5100,5100,225.21216979980466,1148582.0659790037,344.57461979370106,0.0,filled
2021-01-25,SZ002607,buy,5400,5400,37.44475216293335,202201.66167984006,60.66049850395201,0.0,filled
2021-01-25,SZ002714,buy,20200,20200,57.71449048233032,1165832.7077430724,349.7498123229217,0.0,filled
2021-01-25,SZ002803,buy,6000,6000,30.719669082641598,184318.01449584958,55.29540434875487,0.0,filled
2021-01-25,SZ002847,buy,1000,1000,124.09691911315916,124096.91911315917,37.229075733947745,0.0,filled
2021-01-25,SZ002959,buy,800,800,129.47775233459473,103582.20186767579,31.074660560302732,0.0,filled
2021-01-25,SZ300122,buy,600,600,167.6917399139404,100615.04394836424,30.18451318450927,0.0,filled
2021-01-25,SZ300502,buy,4500,4500,38.463240947723385,173084.58426475522,51.92537527942656,0.0,filled
2021-01-25,SZ300715,buy,12600,12600,20.94863537979126,263952.8057853699,79.18584173561096,0.0,filled
2021-01-25,SZ300724,buy,1400,1400,144.9731975097656,202962.47651367186,60.88874295410155,0.0,filled
2021-01-25,SZ300726,buy,300,300,77.1540193862915,23146.20581588745,6.9438617447662345,0.0,filled
2021-01-25,SZ300782,buy,200,200,363.7282330322265,72745.6466064453,21.823693981933587,0.0,filled
2021-03-01,SH600662,sell,16300,16300,8.471474764823913,138085.03866662979,41.42551159998893,138.0850386666298,filled
2021-03-01,SH601888,sell,700,700,313.49344372558596,219445.41060791016,65.83362318237305,219.44541060791016,filled
2021-03-01,SH603208,sell,1400,1400,106.73875833892822,149434.26167449952,44.83027850234985,149.4342616744995,filled
2021-03-01,SH603416,sell,400,400,84.43859394836426,33775.4375793457,10.132631273803709,33.7754375793457,filled
2021-03-01,SH688036,sell,900,900,199.1790700378418,179261.16303405762,53.77834891021728,179.26116303405763,filled
2021-03-01,SH688188,sell,3600,3600,288.8546245422363,1039876.6483520507,311.9629945056152,1039.8766483520508,filled
2021-03-01,SZ002714,sell,7500,7500,82.18105760192871,616357.9320144653,184.90737960433958,616.3579320144653,filled
2021-03-01,SZ002803,sell,37900,37900,34.439361156463626,1305251.7878299714,391.57553634899136,1305.2517878299714,filled
2021-03-01,SZ300122,sell,1000,1000,176.81932630920411,176819.3263092041,53.04579789276123,176.81932630920411,filled
2021-03-01,SZ300715,sell,5900,5900,21.044072725296022,124160.02907924654,37.24800872377396,124.16002907924654,filled
2021-03-01,SZ300724,sell,8000,8000,107.71129557037354,861690.3645629883,258.50710936889647,861.6903645629883,filled
2021-03-01,SZ300726,sell,500,500,71.22380987548829,35611.90493774414,10.683571481323241,35.61190493774414,filled
2021-03-01,SZ300763,sell,200,200,99.18227362060547,19836.454724121093,5.950936417236328,19.836454724121094,filled
2021-03-01,SZ300782,sell,300,300,351.8434220581055,105553.02661743165,31.66590798522949,105.55302661743166,filled
2021-03-01,SH600132,buy,8600,8600,120.86045529174804,1039399.9155090331,311.8199746527099,0.0,filled
2021-03-01,SH600732,buy,16400,16400,13.41161350917816,219950.46155052184,65.98513846515655,0.0,filled
2021-03-01,SH600809,buy,4600,4600,227.98941937255856,1048751.3291137693,314.6253987341308,0.0,filled
2021-03-01,SH601012,buy,100,100,76.68780962371825,7668.780962371825,5.0,0.0,filled
2021-03-01,SH601100,buy,1500,1500,96.52071781158446,144781.07671737668,43.434323015213,0.0,filled
2021-03-01,SH603129,buy,1100,1100,143.84794313049315,158232.73744354246,47.46982123306273,0.0,filled
2021-03-01,SH603267,buy,600,600,122.22533657073973,73335.20194244383,22.000560582733147,0.0,filled
2021-03-01,SH603301,buy,1600,1600,55.6400724029541,89024.11584472655,26.70723475341796,0.0,filled
2021-03-01,SH603613,buy,700,700,94.49986963653564,66149.90874557494,19.84497262367248,0.0,filled
2021-03-01,SH603638,buy,1500,1500,52.38314135742187,78574.7120361328,23.57241361083984,0.0,filled
2021-03-01,SH603882,buy,7500,7500,138.2724268951416,1037043.2017135619,311.11296051406856,0.0,filled
2021-03-01,SH688111,buy,700,700,341.60478280639643,239123.3479644775,71.73700438934324,0.0,filled
2021-03-01,SH688399,buy,1100,1100,168.1981662445068,185017.98286895748,55.50539486068724,0.0,filled
2021-03-01,SZ002607,buy,900,900,32.68024586486816,29412.221278381345,8.823666383514402,0.0,filled
2021-03-01,SZ002838,buy,3900,3900,23.31542164611816,90930.14441986082,27.279043325958245,0.0,filled
2021-03-01,SZ002847,buy,1600,1600,96.15418648529052,153846.69837646483,46.154009512939446,0.0,filled
2021-03-01,SZ002959,buy,3900,3900,80.73235458374023,314856.1828765869,94.45685486297607,0.0,filled
2021-03-01,SZ300502,buy,1400,1400,33.05940501022339,46283.16701431274,13.884950104293821,0.0,filled
2021-03-01,SZ300677,buy,1100,1100,138.68920983886719,152558.1308227539,45.76743924682617,0.0,filled
2021-03-22,SH600662,sell,4600,4600,8.10182582473755,37268.39879379272,11.180519638137817,37.26839879379273,filled
2021-03-22,SH600809,sell,4600,4600,221.13592726135255,1017225.2654022217,305.16757962066646,1017.2252654022217,filled
2021-03-22,SH601888,sell,200,200,304.575307800293,60915.061560058595,18.274518468017575,60.9150615600586,filled
2021-03-22,SH603129,sell,400,400,140.40945304870604,56163.781219482415,16.849134365844723,56.163781219482416,filled
2021-03-22,SH603208,sell,9800,9800,101.51607334899903,994857.5188201905,298.4572556460571,994.8575188201904,filled
2021-03-22,SH603267,sell,800,800,124.04023379516602,99232.18703613282,29.769656110839843,99.23218703613281,filled
2021-03-22,SH603416,sell,12300,12300,72.21210891723632,888208.9396820067,266.462681904602,888.2089396820068,filled
2021-03-22,SH603613,sell,1100,1100,97.08022890472412,106788.25179519654,32.03647553855896,106.78825179519654,filled
2021-03-22,SH688036,sell,100,100,185.70499351501465,18570.499351501465,5.571149805450439,18.570499351501464,filled
2021-03-22,SZ002714,sell,12700,12700,72.33432392120362,918645.913799286,275.59377413978575,918.6459137992861,filled
2021-03-22,SZ002838,sell,44900,44900,20.64933960342407,927155.3481937408,278.1466044581222,927.1553481937408,filled
2021-03-22,SZ002847,sell,2100,2100,108.73886956787109,228351.6260925293,68.50548782775878,228.3516260925293,filled
2021-03-22,SZ300122,sell,300,300,170.0560615539551,51016.81846618652,15.305045539855955,51.01681846618652,filled
2021-03-22,SZ300502,sell,31700,31700,27.927481269836427,885301.1562538147,265.5903468761444,885.3011562538147,filled
2021-03-22,SZ300715,sell,7500,7500,22.782896507263185,170871.72380447388,51.26151714134216,170.87172380447387,filled
2021-03-22,SH600031,buy,26800,26800,36.01062980651855,965084.8788146971,289.5254636444091,0.0,filled
2021-03-22,SH600132,buy,700,700,103.80243683624266,72661.70578536986,21.79851173561096,0.0,filled
2021-03-22,SH600732,buy,2600,2600,11.937424461364746,31037.303599548337,9.3111910798645,0.0,filled
2021-03-22,SH601012,buy,3300,3300,57.070406795501704,188332.34242515563,56.49970272754668,0.0,filled
2021-03-22,SH601100,buy,300,300,86.38811302947997,25916.433908843992,7.774930172653197,0.0,filled
2021-03-22,SH603218,buy,30000,30000,32.09994660186767,962998.3980560302,288.899519416809,0.0,filled
2021-03-22,SH603301,buy,200,200,50.640949092864986,10128.189818572997,5.0,0.0,filled
2021-03-22,SH603638,buy,1600,1600,44.64226536178588,71427.62457885742,21.428287373657223,0.0,filled
2021-03-22,SH603882,buy,500,500,119.41352182769774,59706.76091384887,17.91202827415466,0.0,filled
2021-03-22,SH688111,buy,100,100,305.1985704345703,30519.85704345703,9.155957113037108,0.0,filled
2021-03-22,SH688298,buy,7600,7600,126.68380059051512,962796.8844879149,288.8390653463744,0.0,filled
2021-03-22,SH688399,buy,400,400,145.5458215637207,58218.32862548828,17.465498587646483,0.0,filled
2021-03-22,SZ000951,buy,37800,37800,25.48390685844421,963291.6792491912,288.98750377475733,0.0,filled
2021-03-22,SZ002607,buy,1500,1500,28.756686637878413,43135.02995681762,12.940508987045284,0.0,filled
2021-03-22,SZ002959,buy,300,300,73.09950047302246,21929.850141906736,6.57895504257202,0.0,filled
2021-03-22,SZ002975,buy,10800,10800,89.37117276000976,965208.6658081054,289.5625997424316,0.0,filled
2021-03-22,SZ300443,buy,30100,30100,32.04147372817993,964448.3592182159,289.33450776546476,0.0,filled
2021-03-22,SZ300677,buy,600,600,119.13632077026367,71481.7924621582,21.44453773864746,0.0,filled
2021-03-22,SZ300726,buy,300,300,64.77210485839844,19431.631457519532,5.829489437255859,0.0,filled
2021-03-22,SZ300763,buy,1800,1800,78.14028756713866,140652.51762084957,42.195755286254865,0.0,filled
2021-04-23,SH600031,sell,26800,26800,30.96242051124573,829792.8697013855,248.93786091041562,829.7928697013855,filled
2021-04-23,SH600132,sell,9300,9300,134.86492378234863,1254243.7911758423,376.27313735275266,1254.2437911758423,filled
2021-04-23,SH600662,sell,118900,118900,9.58029963684082,1139097.6268203736,341.72928804611206,1139.0976268203735,filled
2021-04-23,SH600732,sell,80800,80800,11.706591093063354,945892.560319519,283.7677680958557,945.892560319519,filled
2021-04-23,SH601012,sell,1200,1200,64.57393412017822,77488.72094421387,23.24661628326416,77.48872094421387,filled
2021-04-23,SH603218,sell,30000,30000,34.08011687850952,1022403.5063552856,306.72105190658567,1022.4035063552857,filled
2021-04-23,SH603301,sell,19000,19000,52.493177238464355,997370.3675308228,299.2111102592468,997.3703675308228,filled
2021-04-23,SH603613,sell,9900,9900,99.48244921875,984876.247265625,295.4628741796875,984.876247265625,filled
2021-04-23,SH603882,sell,400,400,132.79777912902833,53119.11165161133,15.9357334954834,53.119111651611334,filled
2021-04-23,SH688111,sell,3100,3100,324.02980233764646,1004492.3872467041,301.3477161740112,1004.4923872467041,filled
2021-04-23,SH688298,sell,2000,2000,179.55454916381836,359109.0983276367,107.73272949829101,359.10909832763673,filled
2021-04-23,SZ002607,sell,33500,33500,26.052692819595336,872765.2094564438,261.8295628369331,872.7652094564438,filled
2021-04-23,SZ002847,sell,8800,8800,131.56078189086915,1157734.8806396485,347.32046419189453,1157.7348806396485,filled
2021-04-23,SZ002959,sell,13200,13200,80.56659244537353,1063479.0202789307,319.0437060836792,1063.4790202789306,filled
2021-04-23,SZ002975,sell,10800,10800,87.7756466217041,947976.9835144043,284.39309505432124,947.9769835144043,filled
2021-04-23,SZ300122,sell,500,500,196.5639814453125,98281.99072265625,29.48459721679687,98.28199072265625,filled
2021-04-23,SZ300715,sell,42200,42200,27.298369342803955,1151991.1862663268,345.59735587989803,1151.9911862663268,filled
2021-04-23,SZ300763,sell,1000,1000,90.0057293701172,90005.72937011719,27.001718811035154,90.0057293701172,filled
2021-04-23,SZ300782,sell,500,500,410.0366049499512,205018.3024749756,61.50549074249267,205.0183024749756,filled
2021-04-23,SH600876,buy,60900,60900,16.766921833038328,1021105.5396320341,306.3316618896102,0.0,filled
2021-04-23,SH601100,buy,400,400,88.85288613128661,35541.154452514646,10.662346335754393,0.0,filled
2021-04-23,SH601865,buy,38500,38500,26.51124313545227,1020682.8607149123,306.2048582144737,0.0,filled
2021-04-23,SH601888,buy,300,300,297.35247534179683,89205.74260253905,26.761722780761712,0.0,filled
2021-04-23,SH603010,buy,55200,55200,18.499174510955807,1021154.4330047605,306.34632990142813,0.0,filled
2021-04-23,SH603127,buy,9200,9200,111.03453811645507,1021517.7506713866,306.455325201416,0.0,filled
2021-04-23,SH603129,buy,100,100,148.08869087219236,14808.869087219236,5.0,0.0,filled
2021-04-23,SH603267,buy,600,600,122.67540166473387,73605.24099884032,22.081572299652095,0.0,filled
2021-04-23,SH603489,buy,5500,5500,184.73038323974606,1016017.1078186033,304.80513234558094,0.0,filled
2021-04-23,SH603638,buy,1900,1900,43.34531159210204,82356.09202499388,24.706827607498163,0.0,filled
2021-04-23,SH603806,buy,14600,14600,69.98108976745604,1021723.9106048582,306.51717318145745,0.0,filled
2021-04-23,SH688036,buy,700,700,174.24102252197264,121968.71576538085,36.59061472961425,0.0,filled
2021-04-23,SH688169,buy,800,800,1136.2000063476562,908960.0050781249,272.68800152343744,0.0,filled
2021-04-23,SH688399,buy,100,100,151.8736152038574,15187.36152038574,5.0,0.0,filled
2021-04-23,SZ000951,buy,4100,4100,24.377735492706297,99948.71552009582,29.984614656028743,0.0,filled
2021-04-23,SZ002030,buy,52700,52700,19.385890266418453,1021636.4170402525,306.49092511207573,0.0,filled
2021-04-23,SZ002469,buy,166700,166700,6.130151756763458,1021896.2978524684,306.5688893557405,0.0,filled
2021-04-23,SZ002706,buy,40900,40900,24.959212766647337,1020831.8021558761,306.2495406467628,0.0,filled
2021-04-23,SZ002714,buy,13000,13000,78.25683618927,1017338.87046051,305.201661138153,0.0,filled
2021-04-23,SZ002803,buy,34800,34800,29.312969369888304,1020091.3340721129,306.02740022163385,0.0,filled
2021-04-23,SZ300443,buy,5000,5000,29.068895812988277,145344.47906494138,43.60334371948241,0.0,filled
2021-04-23,SZ300595,buy,13800,13800,73.55105478668212,1015004.5560562132,304.50136681686394,0.0,filled
2021-04-23,SZ300677,buy,1400,1400,106.76363176727294,149469.0844741821,44.84072534225463,0.0,filled
2021-04-23,SZ300726,buy,1200,1200,63.14670178222656,75776.04213867187,22.73281264160156,0.0,filled
2021-05-27,SH600876,sell,60900,60900,16.751446964263916,1020163.1201236725,306.0489360371017,1020.1631201236726,filled
2021-05-27,SH601012,sell,15700,15700,67.99180799102783,1067471.385459137,320.24141563774106,1067.4713854591369,filled
2021-05-27,SH601100,sell,11500,11500,79.80174831390381,917720.1056098939,275.3160316829682,917.720105609894,filled
2021-05-27,SH601865,sell,38500,38500,28.391267583847046,1093063.8019781113,327.9191405934333,1093.0638019781113,filled
2021-05-27,SH601888,sell,3400,3400,338.3969515686035,1150549.635333252,345.16489059997554,1150.549635333252,filled
2021-05-27,SH603010,sell,6000,6000,21.278232404708863,127669.39442825317,38.30081832847595,127.66939442825317,filled
2021-05-27,SH603127,sell,9200,9200,122.56304425048828,1127580.007104492,338.2740021313476,1127.580007104492,filled
2021-05-27,SH603129,sell,6900,6900,130.5699524230957,900932.6717193604,270.2798015158081,900.9326717193604,filled
2021-05-27,SH603489,sell,5500,5500,239.46569316101073,1317061.312385559,395.1183937156677,1317.0613123855592,filled
2021-05-27,SH603638,sell,23500,23500,42.925670734405514,1008753.2622585295,302.62597867755886,1008.7532622585296,filled
2021-05-27,SH603806,sell,14600,14600,74.87609875488282,1093191.041821289,327.95731254638673,1093.1910418212892,filled
2021-05-27,SH603882,sell,400,400,145.22479280090332,58089.91712036133,17.426975136108396,58.08991712036133,filled
2021-05-27,SH688169,sell,800,800,1277.6166123046876,1022093.2898437501,306.627986953125,1022.0932898437501,filled
2021-05-27,SH688399,sell,100,100,157.40210220336914,15740.210220336914,5.0,15.740210220336914,filled
2021-05-27,SZ000951,sell,41900,41900,22.048125955581664,923816.4775388717,277.14494326166147,923.8164775388717,filled
2021-05-27,SZ002030,sell,52700,52700,21.458540502548217,1130865.084484291,339.2595253452873,1130.865084484291,filled
2021-05-27,SZ002469,sell,166700,166700,5.634288412570953,939235.8783755779,281.77076351267334,939.2358783755778,filled
2021-05-27,SZ002706,sell,40900,40900,22.1973620223999,907872.1067161559,272.36163201484675,907.8721067161559,filled
2021-05-27,SZ002714,sell,13000,13000,63.77301998519898,829049.2598075867,248.714777942276,829.0492598075867,filled
2021-05-27,SZ002803,sell,34800,34800,25.752915458679198,896201.457962036,268.86043738861076,896.201457962036,filled
2021-05-27,SZ300122,sell,5100,5100,193.25671463012696,985609.2446136475,295.6827733840942,985.6092446136474,filled
2021-05-27,SZ300443,sell,35100,35100,25.634480850219727,899770.2778427125,269.93108335281374,899.7702778427125,filled
2021-05-27,SZ300595,sell,3200,3200,98.37103580474853,314787.3145751953,94.43619437255859,314.7873145751953,filled
2021-05-27,SZ300726,sell,1400,1400,71.18768270874024,99662.75579223633,29.8988267376709,99.66275579223634,filled
2021-05-27,SZ300763,sell,11300,11300,114.1975625152588,1290432.4564224244,387.1297369267273,1290.4324564224244,filled
2021-05-27,SH600309,buy,9600,9600,109.11895104217528,1047541.9300048827,314.2625790014648,0.0,filled
2021-05-27,SH600702,buy,5500,5500,187.99198814392088,1033955.9347915648,310.1867804374694,0.0,filled
2021-05-27,SH601636,buy,67300,67300,15.588878435134886,1049131.518684578,314.73945560537334,0.0,filled
2021-05-27,SH601919,buy,66500,66500,15.785178588867186,1049714.376159668,314.91431284790036,0.0,filled
2021-05-27,SH603185,buy,7100,7100,147.5863274383545,1047862.9248123169,314.35887744369506,0.0,filled
2021-05-27,SH603267,buy,100,100,124.28271263122558,12428.271263122559,5.0,0.0,filled
2021-05-27,SH603301,buy,22400,22400,46.74676949691772,1047127.636730957,314.13829101928707,0.0,filled
2021-05-27,SH603486,buy,6500,6500,161.0761373901367,1046994.8930358886,314.09846791076654,0.0,filled
2021-05-27,SH603877,buy,19500,19500,53.64136014175414,1046006.5227642058,313.8019568292617,0.0,filled
2021-05-27,SH688036,buy,200,200,174.34117445373533,34868.234890747066,10.460470467224118,0.0,filled
2021-05-27,SH688298,buy,400,400,172.36824096679686,68947.29638671875,20.684188916015625,0.0,filled
2021-05-27,SZ000799,buy,4400,4400,235.3393675689697,1035493.2173034666,310.64796519104,0.0,filled
2021-05-27,SZ002027,buy,106000,106000,9.90175759601593,1049586.3051776886,314.87589155330653,0.0,filled
2021-05-27,SZ002064,buy,83600,83600,12.547555849075316,1048975.6689826965,314.69270069480893,0.0,filled
2021-05-27,SZ002648,buy,33600,33600,31.203086969375608,1048423.7221710205,314.52711665130613,0.0,filled
2021-05-27,SZ002677,buy,52400,52400,20.029229343414304,1049531.6175949096,314.85948527847285,0.0,filled
2021-05-27,SZ002709,buy,13600,13600,77.0166598739624,1047426.5742858886,314.22797228576655,0.0,filled
2021-05-27,SZ002919,buy,21500,21500,48.73988000106811,1047907.4200229644,314.37222600688926,0.0,filled
2021-05-27,SZ002932,buy,16900,16900,61.87658069610595,1045714.2137641906,313.7142641292571,0.0,filled
2021-05-27,SZ300124,buy,16200,16200,64.4809967803955,1044592.1478424071,313.3776443527221,0.0,filled
2021-05-27,SZ300390,buy,36500,36500,28.739673257827757,1048998.0739107132,314.6994221732139,0.0,filled
2021-05-27,SZ300593,buy,34400,34400,30.506788949966428,1049433.5398788452,314.8300619636535,0.0,filled
2021-05-27,SZ300677,buy,1500,1500,94.63278440093993,141949.17660140988,42.58475298042296,0.0,filled
2021-05-27,SZ300729,buy,38300,38300,27.39879896354675,1049374.0003038405,314.81220009115214,0.0,filled
2021-05-27,SZ300782,buy,100,100,412.14339059448236,41214.33905944823,12.364301717834469,0.0,filled
2021-06-23,SH600702,sell,300,300,213.54169194030763,64062.50758209229,19.218752274627683,64.0625075820923,filled
2021-06-23,SH601919,sell,13900,13900,21.402389053344727,297493.20784149173,89.24796235244752,297.49320784149177,filled
2021-06-23,SH603185,sell,100,100,160.6753911895752,16067.53911895752,5.0,16.06753911895752,filled
2021-06-23,SH603267,sell,8400,8400,122.37835363769531,1027978.1705566406,308.3934511669922,1027.9781705566406,filled
2021-06-23,SH603486,sell,1400,1400,219.41708203125,307183.91484375,92.155174453125,307.18391484375,filled
2021-06-23,SH688036,sell,6000,6000,185.80685078430176,1114841.1047058105,334.45233141174316,1114.8411047058105,filled
2021-06-23,SH688298,sell,300,300,197.65791815185545,59297.37544555664,17.78921263366699,59.29737544555664,filled
2021-06-23,SH688399,sell,6600,6600,172.83541442871095,1140713.7352294922,342.21412056884765,1140.7137352294922,filled
2021-06-23,SZ000799,sell,300,300,268.9343182067871,80680.29546203613,24.204088638610838,80.68029546203613,filled
2021-06-23,SZ002648,sell,33600,33600,35.84549298477173,1204408.5642883303,361.32256928649906,1204.4085642883304,filled
2021-06-23,SZ002709,sell,3000,3000,106.00417261505127,318012.5178451538,95.40375535354613,318.0125178451538,filled
2021-06-23,SZ300390,sell,11200,11200,44.45621263504028,497909.5815124512,149.37287445373534,497.90958151245115,filled
2021-06-23,SZ300593,sell,6300,6300,40.06091598129272,252383.77068214415,75.71513120464324,252.38377068214416,filled
2021-06-23,SZ300595,sell,300,300,108.48116244506836,32544.34873352051,9.763304620056152,32.54434873352051,filled
2021-06-23,SZ300782,sell,200,200,484.5181401672363,96903.62803344727,29.07108841003418,96.90362803344728,filled
2021-06-23,SH600309,buy,900,900,107.1069770889282,96396.27938003538,28.918883814010613,0.0,filled
2021-06-23,SH600877,buy,69100,69100,16.315016216278075,1127367.620544815,338.21028616344444,0.0,filled
2021-06-23,SH601636,buy,400,400,16.674525299072265,6669.810119628906,5.0,0.0,filled
2021-06-23,SH603010,buy,4300,4300,21.080353040695186,90645.5180749893,27.19365542249679,0.0,filled
2021-06-23,SH603301,buy,3800,3800,42.927486194610594,163124.44753952025,48.93733426185607,0.0,filled
2021-06-23,SH603392,buy,4400,4400,256.2582911071777,1127536.4808715817,338.2609442614745,0.0,filled
2021-06-23,SH603877,buy,3400,3400,49.207815731048576,167306.57348556517,50.191972045669544,0.0,filled
2021-06-23,SH603882,buy,400,400,148.04997116088865,59219.98846435546,17.765996539306638,0.0,filled
2021-06-23,SH688068,buy,6600,6600,170.80472833251952,1127311.2069946288,338.1933620983886,0.0,filled
2021-06-23,SZ002027,buy,25100,25100,8.605254410743713,215991.8857096672,64.79756571290015,0.0,filled
2021-06-23,SZ002030,buy,52300,52300,21.571367856979368,1128182.538920021,338.4547616760062,0.0,filled
2021-06-23,SZ002064,buy,10300,10300,12.01258423233032,123729.6175930023,37.11888527790069,0.0,filled
2021-06-23,SZ002677,buy,5800,5800,19.369539398193357,112343.32850952147,33.702998552856435,0.0,filled
2021-06-23,SZ002919,buy,2500,2500,46.978262966156,117445.65741539,35.233697224616996,0.0,filled
2021-06-23,SZ002932,buy,700,700,64.05291485977172,44837.040401840204,13.45111212055206,0.0,filled
2021-06-23,SZ300124,buy,300,300,68.048036819458,20414.4110458374,6.12432331375122,0.0,filled
2021-06-23,SZ300677,buy,5600,5600,67.7950909500122,379652.5093200683,113.89575279602047,0.0,filled
2021-06-23,SZ300726,buy,700,700,73.09584233856201,51167.089636993405,15.35012689109802,0.0,filled
2021-06-23,SZ300729,buy,7000,7000,24.922089193344114,174454.62435340878,52.33638730602263,0.0,filled
2021-07-22,SH600309,sell,900,900,122.53722933197021,110283.50639877318,33.08505191963195,110.28350639877318,filled
2021-07-22,SH600702,sell,500,500,251.47004946899415,125735.02473449707,37.720507420349115,125.73502473449707,filled
2021-07-22,SH601636,sell,13500,13500,21.87586834716797,295324.2226867676,88.59726680603026,295.3242226867676,filled
2021-07-22,SH603185,sell,2000,2000,237.361674407959,474723.34881591797,142.41700464477537,474.723348815918,filled
2021-07-22,SH603301,sell,26200,26200,42.01958005142212,1100912.9973472594,330.2738992041778,1100.9129973472595,filled
2021-07-22,SH603392,sell,200,200,279.7176524963379,55943.53049926758,16.78305914978027,55.94353049926758,filled
2021-07-22,SH603486,sell,100,100,233.72279983520508,23372.279983520508,7.011683995056152,23.372279983520507,filled
2021-07-22,SH688298,sell,5700,5700,195.65761637878418,1115248.4133590697,334.57452400772087,1115.2484133590697,filled
2021-07-22,SZ002030,sell,52300,52300,19.1908595867157,1003681.9563852311,301.1045869155693,1003.6819563852312,filled
2021-07-22,SZ002064,sell,9000,9000,13.98614100265503,125875.26902389526,37.762580707168574,125.87526902389527,filled
2021-07-22,SZ002919,sell,24000,24000,40.29555964279175,967093.4314270021,290.1280294281006,967.0934314270021,filled
2021-07-22,SZ300124,sell,2100,2100,82.11772835540772,172447.22954635622,51.73416886390686,172.44722954635623,filled
2021-07-22,SZ300390,sell,9700,9700,76.0349271697998,737538.793547058,221.2616380641174,737.538793547058,filled
2021-07-22,SZ300593,sell,3100,3100,47.35394676589966,146797.23497428893,44.03917049228668,146.79723497428893,filled
2021-07-22,SZ300677,sell,1000,1000,75.92356555938721,75923.5655593872,22.77706966781616,75.92356555938721,filled
2021-07-22,SZ300726,sell,1200,1200,83.46016509246826,100152.19811096191,30.04565943328857,100.1521981109619,filled
2021-07-22,SZ300729,sell,45300,45300,21.087600625991822,955268.3083574296,286.5804925072288,955.2683083574296,filled
2021-07-22,SH600877,buy,16100,16100,13.962518821716307,224796.55302963255,67.43896590888976,0.0,filled
2021-07-22,SH601919,buy,3000,3000,21.37148784828186,64114.463544845574,19.23433906345367,0.0,filled
2021-07-22,SH603010,buy,1500,1500,21.602962224960326,32404.443337440487,9.721333001232145,0.0,filled
2021-07-22,SH603267,buy,8000,8000,148.67481718444822,1189398.5374755857,356.81956124267566,0.0,filled
2021-07-22,SH603877,buy,100,100,51.58104000854492,5158.1040008544915,5.0,0.0,filled
2021-07-22,SH603882,buy,1100,1100,136.1552911224365,149770.82023468014,44.931246070404036,0.0,filled
2021-07-22,SH688068,buy,600,600,163.71865458679198,98231.19275207519,29.469357825622556,0.0,filled
2021-07-22,SZ000737,buy,128200,128200,9.277832788467407,1189418.1634815217,356.8254490444565,0.0,filled
2021-07-22,SZ000786,buy,29800,29800,39.85023904800415,1187537.1236305237,356.26113708915705,0.0,filled
2021-07-22,SZ000799,buy,700,700,247.25851663208005,173080.96164245604,51.92428849273681,0.0,filled
2021-07-22,SZ002027,buy,17700,17700,7.997838462352751,141561.7407836437,42.46852223509311,0.0,filled
2021-07-22,SZ002139,buy,69200,69200,17.177629524230955,1188691.9630767822,356.6075889230346,0.0,filled
2021-07-22,SZ002648,buy,31100,31100,38.26821808624267,1190141.582482147,357.0424747446441,0.0,filled
2021-07-22,SZ002677,buy,11700,11700,17.01709737205505,199100.0392530441,59.73001177591322,0.0,filled
2021-07-22,SZ002709,buy,900,900,103.21301132965087,92891.71019668579,27.867513059005734,0.0,filled
2021-07-22,SZ002932,buy,1200,1200,63.11641716384887,75739.70059661864,22.721910178985592,0.0,filled
2021-07-22,SZ300595,buy,1100,1100,103.9036961364746,114294.06575012206,34.28821972503661,0.0,filled
2021-07-22,SZ300782,buy,300,300,445.4252048339843,133627.5614501953,40.08826843505859,0.0,filled
2021-08-23,SH601636,sell,7200,7200,23.89381831741333,172035.491885376,51.610647565612794,172.035491885376,filled
2021-08-23,SH603185,sell,600,600,250.7188635406494,150431.31812438965,45.129395437316894,150.43131812438966,filled
2021-08-23,SH603267,sell,1800,1800,178.7325570373535,321718.6026672363,96.51558080017088,321.7186026672363,filled
2021-08-23,SH603877,sell,100,100,48.95886185073852,4895.886185073852,5.0,4.895886185073852,filled
2021-08-23,SZ000786,sell,29800,29800,35.84441069412232,1068163.438684845,320.4490316054535,1068.1634386848452,filled
2021-08-23,SZ002027,sell,148800,148800,6.9233880372047425,1030200.1399360657,309.0600419808197,1030.2001399360656,filled
2021-08-23,SZ002139,sell,69200,69200,15.444915410041808,1068788.1463748931,320.63644391246794,1068.7881463748931,filled
2021-08-23,SZ002648,sell,31100,31100,41.4587286529541,1289366.4611068724,386.8099383320617,1289.3664611068725,filled
2021-08-23,SZ002709,sell,2800,2800,127.87166464233398,358040.66099853517,107.41219829956054,358.0406609985352,filled
2021-08-23,SZ002932,sell,18800,18800,67.4402437133789,1267876.5818115233,380.36297454345697,1267.8765818115232,filled
2021-08-23,SZ300390,sell,2400,2400,84.91590699005127,203798.17677612306,61.13945303283691,203.79817677612306,filled
2021-08-23,SZ300593,sell,5700,5700,57.94318137359619,330276.13382949826,99.08284014884947,330.27613382949824,filled
2021-08-23,SZ300677,sell,15600,15600,68.11168311309814,1062542.256564331,318.76267696929926,1062.542256564331,filled
2021-08-23,SZ300726,sell,2500,2500,95.24381032562256,238109.5258140564,71.43285774421692,238.1095258140564,filled
2021-08-23,SH600309,buy,1100,1100,104.9648606109619,115461.34667205809,34.638404001617424,0.0,filled
2021-08-23,SH600702,buy,1000,1000,195.19594699096677,195195.94699096677,58.55878409729002,0.0,filled
2021-08-23,SH600877,buy,700,700,13.093744344711302,9165.62104129791,5.0,0.0,filled
2021-08-23,SH603010,buy,3600,3600,19.179486330032347,69046.15078811644,20.71384523643493,0.0,filled
2021-08-23,SH603392,buy,700,700,229.73924484252927,160817.47138977048,48.24524141693114,0.0,filled
2021-08-23,SH603486,buy,1400,1400,175.2813837432861,245393.93724060056,73.61818117218016,0.0,filled
2021-08-23,SH603882,buy,1100,1100,113.81567493438719,125197.24242782591,37.55917272834777,0.0,filled
2021-08-23,SH688068,buy,600,600,143.1392120361328,85883.52722167967,25.7650581665039,0.0,filled
2021-08-23,SH688516,buy,5700,5700,194.19677987670897,1106921.6452972412,332.07649358917234,0.0,filled
2021-08-23,SZ000737,buy,25800,25800,7.307550780773162,188534.81014394757,56.560443043184264,0.0,filled
2021-08-23,SZ000799,buy,1100,1100,188.45731201171873,207303.0432128906,62.19091296386717,0.0,filled
2021-08-23,SZ002064,buy,7100,7100,12.232551523208617,86851.11581478118,26.05533474443435,0.0,filled
2021-08-23,SZ002677,buy,3100,3100,15.416212006568907,47790.25722036361,14.337077166109081,0.0,filled
2021-08-23,SZ002812,buy,4300,4300,257.26854718017574,1106254.7528747558,331.8764258624267,0.0,filled
2021-08-23,SZ002919,buy,29600,29600,37.97558642196655,1124077.3580902098,337.2232074270629,0.0,filled
2021-08-23,SZ300015,buy,23600,23600,47.54749618148803,1122120.9098831175,336.63627296493524,0.0,filled
2021-08-23,SZ300124,buy,1500,1500,70.57028616333007,105855.4292449951,31.756628773498527,0.0,filled
2021-08-23,SZ300587,buy,58400,58400,19.268625673294064,1125287.7393203734,337.586321796112,0.0,filled
2021-08-23,SZ300595,buy,3200,3200,77.0770610961914,246646.59550781248,73.99397865234374,0.0,filled
2021-08-23,SZ300850,buy,7500,7500,148.76067260742187,1115705.044555664,334.7115133666992,0.0,filled
2021-09-24,SH600877,sell,85900,85900,15.694341485023498,1348143.9335635186,404.44318006905553,1348.1439335635187,filled
2021-09-24,SH601919,sell,300,300,21.251460954666136,6375.438286399841,5.0,6.375438286399841,filled
2021-09-24,SH603010,sell,58600,58600,29.070355424880983,1703522.8278980255,511.0568483694076,1703.5228278980255,filled
2021-09-24,SH603267,sell,6200,6200,144.82283615112306,897901.5841369629,269.37047524108885,897.9015841369629,filled
2021-09-24,SH603877,sell,22900,22900,42.18716361236572,966086.0467231751,289.8258140169525,966.0860467231751,filled
2021-09-24,SH603882,sell,9800,9800,99.40309140014648,974150.2957214355,292.2450887164306,974.1502957214354,filled
2021-09-24,SZ000799,sell,1400,1400,258.63039294433594,362082.5501220703,108.62476503662108,362.0825501220703,filled
2021-09-24,SZ002064,sell,5500,5500,13.606275086402894,74834.51297521591,22.45035389256477,74.83451297521592,filled
2021-09-24,SZ002677,sell,73000,73000,14.804769072532654,1080748.1422948837,324.2244426884651,1080.7481422948838,filled
2021-09-24,SZ002709,sell,600,600,143.85607621765138,86313.64573059083,25.894093719177246,86.31364573059082,filled
2021-09-24,SZ002812,sell,400,400,298.2134204406738,119285.36817626952,35.78561045288085,119.28536817626953,filled
2021-09-24,SZ002919,sell,29600,29600,46.6704535446167,1381445.4249206544,414.4336274761963,1381.4454249206544,filled
2021-09-24,SZ300015,sell,23600,23600,51.70832597351074,1220316.4929748534,366.094947892456,1220.3164929748534,filled
2021-09-24,SZ300124,sell,15900,15900,65.89410005950927,1047716.1909461974,314.31485728385917,1047.7161909461975,filled
2021-09-24,SZ300390,sell,13200,13200,108.41297051239013,1431051.2107635497,429.31536322906487,1431.0512107635498,filled
2021-09-24,SZ300587,sell,58400,58400,20.82945144081116,1216439.9641433717,364.93198924301146,1216.4399641433718,filled
2021-09-24,SZ300595,sell,14600,14600,79.97927446746826,1167697.4072250365,350.30922216751094,1167.6974072250366,filled
2021-09-24,SZ300726,sell,11700,11700,76.5820022277832,896009.4260650636,268.80282781951905,896.0094260650636,filled
2021-09-24,SZ300850,sell,1500,1500,193.4467557220459,290170.13358306885,87.05104007492065,290.17013358306883,filled
2021-09-24,SH600309,buy,200,200,107.52739525604247,21505.479051208495,6.451643715362548,0.0,filled
2021-09-24,SH600702,buy,200,200,199.17894517517087,39835.78903503418,11.950736710510252,0.0,filled
2021-09-24,SH600809,buy,3800,3800,309.158764465332,1174803.3049682616,352.44099149047844,0.0,filled
2021-09-24,SH600876,buy,56800,56800,20.732719530105587,1177618.4693099973,353.28554079299914,0.0,filled
2021-09-24,SH601636,buy,14600,14600,19.118214487075804,279125.9315113067,83.73777945339201,0.0,filled
2021-09-24,SH603260,buy,5500,5500,213.61702911376952,1174893.6601257324,352.4680980377197,0.0,filled
2021-09-24,SH603392,buy,700,700,210.0840196533203,147058.8137573242,44.11764412719726,0.0,filled
2021-09-24,SH603486,buy,1500,1500,147.92301327514647,221884.5199127197,66.5653559738159,0.0,filled
2021-09-24,SH603613,buy,10700,10700,109.43888888549803,1170996.111074829,351.2988333224487,0.0,filled
2021-09-24,SH603659,buy,6200,6200,187.87451544189452,1164821.995739746,349.44659872192375,0.0,filled
2021-09-24,SH688068,buy,2000,2000,120.11761724853514,240235.23449707028,72.07057034912108,0.0,filled
2021-09-24,SH688516,buy,200,200,197.53293740844725,39506.58748168945,11.851976244506835,0.0,filled
2021-09-24,SH688598,buy,3300,3300,348.55193908691405,1150221.3989868164,345.0664196960449,0.0,filled
2021-09-24,SZ002553,buy,106800,106800,11.041328531265258,1179213.8871391295,353.7641661417388,0.0,filled
2021-09-24,SZ002648,buy,26900,26900,43.79399820327758,1178058.5516681669,353.41756550045005,0.0,filled
2021-09-24,SZ300014,buy,13100,13100,89.89010089874266,1177560.3217735288,353.2680965320586,0.0,filled
2021-09-24,SZ300316,buy,17400,17400,67.42718495941162,1173233.018293762,351.96990548812863,0.0,filled
2021-09-24,SZ300450,buy,16600,16600,70.75080249786376,1174463.3214645383,352.3389964393615,0.0,filled
2021-09-24,SZ300593,buy,2700,2700,53.482613143920894,144403.05548858643,43.320916646575924,0.0,filled
2021-09-24,SZ300661,buy,3600,3600,321.31119406127925,1156720.2986206054,347.0160895861816,0.0,filled
2021-09-24,SZ300763,buy,5900,5900,199.20097035217282,1175285.7250778195,352.5857175233458,0.0,filled
2021-09-24,SZ300782,buy,800,800,341.343260559082,273074.60844726564,81.92238253417969,0.0,filled
2021-10-29,SH600309,sell,10900,10900,104.39537805175782,1137909.6207641603,341.3728862292481,1137.9096207641603,filled
2021-10-29,SH600809,sell,100,100,310.1393792724609,31013.937927246094,9.304181378173828,31.013937927246094,filled
2021-10-29,SH600876,sell,5000,5000,22.480647789001466,112403.23894500732,33.72097168350219,112.40323894500733,filled
2021-10-29,SH603185,sell,400,400,287.7087988586426,115083.51954345703,34.52505586303711,115.08351954345703,filled
2021-10-29,SH603392,sell,400,400,223.8846406402588,89553.85625610352,26.866156876831052,89.55385625610353,filled
2021-10-29,SH603486,sell,900,900,165.96395109558105,149367.55598602296,44.81026679580688,149.36755598602295,filled
2021-10-29,SH603613,sell,300,300,112.11120339202881,33633.361017608644,10.090008305282593,33.63336101760864,filled
2021-10-29,SH603659,sell,6200,6200,181.5931579284668,1125877.5791564942,337.76327374694824,1125.8775791564942,filled
2021-10-29,SH688516,sell,500,500,215.32660263061524,107663.30131530762,32.29899039459228,107.66330131530762,filled
2021-10-29,SZ000737,sell,154000,154000,7.152573562145233,1101496.328570366,330.44889857110974,1101.496328570366,filled
2021-10-29,SZ002553,sell,106800,106800,9.280477498054504,991154.996792221,297.34649903766626,991.154996792221,filled
2021-10-29,SZ002709,sell,1000,1000,163.78645852661134,163786.45852661133,49.1359375579834,163.78645852661134,filled
2021-10-29,SZ300014,sell,3100,3100,116.42366670227051,360913.36677703855,108.27401003311155,360.91336677703856,filled
2021-10-29,SZ300316,sell,17400,17400,75.22387227630615,1308895.377607727,392.66861328231806,1308.895377607727,filled
2021-10-29,SZ300450,sell,1900,1900,78.84129158020019,149798.45400238037,44.93953620071411,149.79845400238037,filled
2021-10-29,SZ300661,sell,3600,3600,316.681719543457,1140054.1903564453,342.01625710693355,1140.0541903564454,filled
2021-10-29,SZ300763,sell,1700,1700,277.5242304382324,471791.19174499507,141.5373575234985,471.7911917449951,filled
2021-10-29,SZ300850,sell,900,900,227.77460664367675,204997.14597930908,61.49914379379272,204.99714597930907,filled
2021-10-29,SH600171,buy,39000,39000,29.92769251823425,1167180.0082111356,350.15400246334065,0.0,filled
2021-10-29,SH600702,buy,300,300,188.37014302062985,56511.04290618896,16.953312871856685,0.0,filled
2021-10-29,SH601636,buy,11400,11400,16.005729157447814,182465.31239490508,54.73959371847152,0.0,filled
2021-10-29,SH601919,buy,17700,17700,16.00494731712341,283287.56751308433,84.9862702539253,0.0,filled
2021-10-29,SH603010,buy,49400,49400,23.652991468429562,1168457.7785404203,350.5373335621261,0.0,filled
2021-10-29,SH603260,buy,900,900,180.14810778808592,162133.29700927733,48.6399891027832,0.0,filled
2021-10-29,SH688068,buy,700,700,111.18675927734374,77830.73149414062,23.349219448242184,0.0,filled
2021-10-29,SH688298,buy,8400,8400,138.0681212310791,1159772.2183410644,347.9316655023193,0.0,filled
2021-10-29,SH688356,buy,4100,4100,279.2850485229492,1145068.6989440916,343.52060968322746,0.0,filled
2021-10-29,SH688598,buy,100,100,339.38027047729486,33938.02704772948,10.181408114318844,0.0,filled
2021-10-29,SZ000799,buy,800,800,218.21780143737791,174574.24114990234,52.372272344970696,0.0,filled
2021-10-29,SZ000848,buy,118700,118700,9.839642816543577,1167965.6023237226,350.3896806971167,0.0,filled
2021-10-29,SZ002064,buy,12900,12900,11.751788456916808,151598.07109422682,45.47942132826804,0.0,filled
2021-10-29,SZ002648,buy,2600,2600,39.53030120468139,102778.78313217162,30.833634939651485,0.0,filled
2021-10-29,SZ300122,buy,7900,7900,147.1486648712158,1162474.452482605,348.7423357447814,0.0,filled
2021-10-29,SZ300593,buy,900,900,50.8184793510437,45736.63141593933,13.720989424781799,0.0,filled
2021-10-29,SZ300782,buy,300,300,310.39104409790036,93117.3132293701,27.935193968811028,0.0,filled
2021-11-22,SH600171,sell,39000,39000,27.642227182388307,1078046.860113144,323.41405803394315,1078.046860113144,filled
2021-11-22,SH600702,sell,100,100,188.31236888122558,18831.23688812256,5.649371066436768,18.83123688812256,filled
2021-11-22,SH600876,sell,51800,51800,27.783226026535033,1439171.1081745147,431.7513324523544,1439.1711081745148,filled
2021-11-22,SH601636,sell,73000,73000,15.983776110649108,1166815.656077385,350.0446968232155,1166.815656077385,filled
2021-11-22,SH603010,sell,4600,4600,25.975122304916383,119485.56260261536,35.84566878078461,119.48556260261536,filled
2021-11-22,SH603392,sell,600,600,252.7952610168457,151677.15661010743,45.503146983032224,151.67715661010743,filled
2021-11-22,SH603486,sell,300,300,172.33291145324708,51699.87343597412,15.509962030792234,51.69987343597412,filled
2021-11-22,SH603613,sell,10400,10400,124.1286767578125,1290938.23828125,387.28147148437495,1290.93823828125,filled
2021-11-22,SH688298,sell,8400,8400,147.39385569763184,1238108.3878601075,371.4325163580322,1238.1083878601075,filled
2021-11-22,SH688356,sell,900,900,353.69038916015626,318321.35024414066,95.49640507324219,318.32135024414066,filled
2021-11-22,SH688516,sell,400,400,232.75733560180663,93102.93424072265,27.930880272216793,93.10293424072265,filled
2021-11-22,SZ000848,sell,118700,118700,10.109644563674927,1200014.809708214,360.0044429124641,1200.014809708214,filled
2021-11-22,SZ300014,sell,10000,10000,132.6670658569336,1326670.658569336,398.00119757080074,1326.670658569336,filled
2021-11-22,SZ300122,sell,7900,7900,131.2199213104248,1036637.378352356,310.99121350570675,1036.637378352356,filled
2021-11-22,SZ300450,sell,14700,14700,79.12087316894531,1163076.8355834961,348.9230506750488,1163.0768355834962,filled
2021-11-22,SZ300593,sell,1400,1400,53.93687293624878,75511.6221107483,22.65348663322449,75.5116221107483,filled
2021-11-22,SZ300763,sell,4200,4200,245.25565850830077,1030073.7657348632,309.02212972045896,1030.0737657348632,filled
2021-11-22,SZ300782,sell,3700,3700,299.710426574707,1108928.578326416,332.6785734979248,1108.928578326416,filled
2021-11-22,SZ300850,sell,5100,5100,220.91853927612306,1126684.5503082275,338.00536509246825,1126.6845503082275,filled
2021-11-22,SH600389,buy,28000,28000,41.56160446548461,1163724.925033569,349.1174775100707,0.0,filled
2021-11-22,SH601919,buy,2800,2800,15.381048284530637,43066.93519668579,12.920080559005735,0.0,filled
2021-11-22,SH603185,buy,900,900,234.51093376159665,211059.84038543698,63.31795211563109,0.0,filled
2021-11-22,SH603260,buy,800,800,161.984393371582,129587.51469726561,38.87625440917968,0.0,filled
2021-11-22,SH605111,buy,5400,5400,212.35328494262694,1146707.7386901856,344.01232160705564,0.0,filled
2021-11-22,SH605399,buy,28600,28600,40.67318565368652,1163253.1096954343,348.9759329086303,0.0,filled
2021-11-22,SH688068,buy,1400,1400,97.50154079437254,136502.15711212155,40.950647133636465,0.0,filled
2021-11-22,SH688301,buy,2400,2400,484.28458203124995,1162282.996875,348.68489906249994,0.0,filled
2021-11-22,SH688536,buy,1400,1400,820.6998848876952,1148979.8388427733,344.69395165283197,0.0,filled
2021-11-22,SZ000737,buy,165100,165100,7.065613204002379,1166532.7399807929,349.9598219942378,0.0,filled
2021-11-22,SZ000799,buy,300,300,206.54619886779784,61963.85966033935,18.589157898101803,0.0,filled
2021-11-22,SZ002064,buy,9200,9200,10.741064616203307,98817.79446907042,29.64533834072112,0.0,filled
2021-11-22,SZ002312,buy,79300,79300,14.704588389396665,1166073.8592791555,349.8221577837466,0.0,filled
2021-11-22,SZ002469,buy,189200,189200,6.166027631282805,1166612.4278387066,349.98372835161194,0.0,filled
2021-11-22,SZ002648,buy,600,600,38.7399035949707,23243.94215698242,6.973182647094725,0.0,filled
2021-11-22,SZ002709,buy,1900,1900,129.1290916442871,245345.27412414548,73.60358223724364,0.0,filled
2021-11-22,SZ002812,buy,500,500,260.2719443054199,130135.97215270995,39.04079164581298,0.0,filled
2021-11-22,SZ300316,buy,16100,16100,72.1818738632202,1162128.1691978453,348.63845075935353,0.0,filled
2021-11-22,SZ300390,buy,11800,11800,98.70001132202147,1164660.1335998534,349.398040079956,0.0,filled
2021-11-22,SZ300751,buy,1700,1700,659.6599775390624,1121421.961816406,336.4265885449218,0.0,filled
2021-11-22,SZ300896,buy,2000,2000,567.5632731323242,1135126.5462646484,340.5379638793945,0.0,filled
2021-12-22,SH600389,sell,28000,28000,37.65196564865112,1054255.0381622314,316.2765114486694,1054.2550381622314,filled
2021-12-22,SH600702,sell,6100,6100,234.71591583251953,1431767.0865783691,429.5301259735107,1431.7670865783691,filled
2021-12-22,SH600809,sell,3700,3700,303.6961219482422,1123675.6512084962,337.10269536254884,1123.6756512084962,filled
2021-12-22,SH601919,sell,15900,15900,19.163787076950072,304704.2145235062,91.41126435705185,304.7042145235062,filled
2021-12-22,SH603010,sell,44800,44800,25.775571155548096,1154745.5877685547,346.42367633056637,1154.7455877685547,filled
2021-12-22,SH605111,sell,5400,5400,181.82021031188964,981829.135684204,294.5487407052612,981.8291356842041,filled
2021-12-22,SH605399,sell,1800,1800,42.75067500686645,76951.21501235961,23.08536450370788,76.95121501235961,filled
2021-12-22,SH688068,sell,1700,1700,112.23654331970215,190802.12364349366,57.24063709304809,190.80212364349367,filled
2021-12-22,SH688301,sell,200,200,504.4995425720215,100899.90851440429,30.269972554321285,100.89990851440429,filled
2021-12-22,SH688516,sell,200,200,237.75404287719726,47550.808575439456,14.265242572631836,47.550808575439454,filled
2021-12-22,SH688536,sell,100,100,825.283875366211,82528.3875366211,24.758516260986326,82.5283875366211,filled
2021-12-22,SH688598,sell,100,100,347.8499829711914,34784.99829711914,10.435499489135742,34.784998297119145,filled
2021-12-22,SZ000737,sell,16100,16100,7.702558228969574,124011.18748641014,37.20335624592304,124.01118748641014,filled
2021-12-22,SZ000799,sell,5600,5600,223.2258914794922,1250064.9922851562,375.0194976855468,1250.0649922851562,filled
2021-12-22,SZ002064,sell,108600,108600,10.340156275749207,1122940.9715463638,336.8822914639091,1122.9409715463637,filled
2021-12-22,SZ002312,sell,79300,79300,13.08652310371399,1037761.2821245193,311.3283846373558,1037.7612821245193,filled
2021-12-22,SZ002469,sell,189200,189200,6.833543146133423,1292906.3632484437,387.8719089745331,1292.9063632484438,filled
2021-12-22,SH603127,buy,10000,10000,114.11435130310058,1141143.5130310059,342.3430539093017,0.0,filled
2021-12-22,SH603185,buy,1700,1700,171.86335731506347,292167.7074356079,87.65031223068236,0.0,filled
2021-12-22,SH603260,buy,1200,1200,135.79425845336914,162953.11014404296,48.88593304321289,0.0,filled
2021-12-22,SH603392,buy,200,200,235.3533738708496,47070.67477416992,14.121202432250975,0.0,filled
2021-12-22,SH603486,buy,900,900,150.14995417785642,135134.95876007076,40.540487628021225,0.0,filled
2021-12-22,SH603606,buy,23400,23400,49.03988521194457,1147533.313959503,344.2599941878509,0.0,filled
2021-12-22,SH603613,buy,10500,10500,108.64039221191405,1140724.1182250974,342.2172354675292,0.0,filled
2021-12-22,SH688356,buy,100,100,345.38291018676756,34538.291018676755,10.361487305603026,0.0,filled
2021-12-22,SZ000422,buy,52300,52300,21.99186812210083,1150174.7027858733,345.052410835762,0.0,filled
2021-12-22,SZ002049,buy,5500,5500,205.7835656585693,1131809.611122131,339.5428833366393,0.0,filled
2021-12-22,SZ002487,buy,29800,29800,38.537148246765135,1148407.017753601,344.5221053260803,0.0,filled
2021-12-22,SZ002648,buy,700,700,37.23776972198486,26066.438805389404,7.8199316416168205,0.0,filled
2021-12-22,SZ002709,buy,500,500,120.44945357513427,60224.72678756714,18.06741803627014,0.0,filled
2021-12-22,SZ002812,buy,400,400,236.77610560607908,94710.44224243163,28.413132672729486,0.0,filled
2021-12-22,SZ002932,buy,16200,16200,70.76761922454833,1146435.4314376828,343.9306294313048,0.0,filled
2021-12-22,SZ300316,buy,700,700,68.45812209320067,47920.68546524047,14.37620563957214,0.0,filled
2021-12-22,SZ300390,buy,1700,1700,84.86580977630614,144271.87661972042,43.281562985916125,0.0,filled
2021-12-22,SZ300593,buy,500,500,52.070638156890865,26035.31907844543,7.810595723533629,0.0,filled
2021-12-22,SZ300726,buy,13300,13300,85.92424019622801,1142792.3946098327,342.8377183829498,0.0,filled
2021-12-22,SZ300763,buy,5300,5300,216.81822515869138,1149136.5933410644,344.7409780023193,0.0,filled
